solid OpenSCAD_Model
  facet normal -0.9039892934402849 -0.427555092760377 0
    outer loop
      vertex -19.771638594567776 -28.14805030077696 0
      vertex -19.64576379209757 -28.414190210402012 0
      vertex -19.771638594567776 -28.14805030077696 15.6
    endloop
  endfacet
  facet normal -0.8032075295459704 -0.5956993071010399 0
    outer loop
      vertex -19.49440883845091 -28.666710697114468 0
      vertex -19.319031357765198 -28.903179854154587 0
      vertex -19.49440883845091 -28.666710697114468 15.6
    endloop
  endfacet
  facet normal -0.8577286120536308 -0.5141027407673996 0
    outer loop
      vertex -19.49440883845091 -28.666710697114468 0
      vertex -19.64576379209757 -28.414190210402012 15.6
      vertex -19.64576379209757 -28.414190210402012 0
    endloop
  endfacet
  facet normal -0.6715589499566086 -0.7409511297873681 0
    outer loop
      vertex -19.121320344507694 -29.121320344507694 0
      vertex -18.903179854154587 -29.319031357765198 0
      vertex -19.121320344507694 -29.121320344507694 15.6
    endloop
  endfacet
  facet normal -0.5956993071010399 -0.8032075295459704 0
    outer loop
      vertex -18.903179854154587 -29.319031357765198 0
      vertex -18.666710697114468 -29.49440883845091 0
      vertex -18.903179854154587 -29.319031357765198 15.6
    endloop
  endfacet
  facet normal -0.7409511297873681 -0.6715589499566086 0
    outer loop
      vertex -19.121320344507694 -29.121320344507694 0
      vertex -19.319031357765198 -28.903179854154587 15.6
      vertex -19.319031357765198 -28.903179854154587 0
    endloop
  endfacet
  facet normal -0.9700312537050005 -0.2429801778654068 0
    outer loop
      vertex -19.87082100659609 -27.870854035019875 0
      vertex -19.94235584139824 -27.58527096360922 15.6
      vertex -19.94235584139824 -27.58527096360922 0
    endloop
  endfacet
  facet normal -0.9415440627982695 -0.3368898600571534 0
    outer loop
      vertex -19.771638594567776 -28.14805030077696 0
      vertex -19.87082100659609 -27.870854035019875 15.6
      vertex -19.87082100659609 -27.870854035019875 0
    endloop
  endfacet
  facet normal -0.989176509179146 -0.14673047975168185 0
    outer loop
      vertex -19.94235584139824 -27.58527096360922 0
      vertex -19.985554181039333 -27.29405142366886 15.6
      vertex -19.985554181039333 -27.29405142366886 0
    endloop
  endfacet
  facet normal -0.9987954563973426 -0.049067670415704694 0
    outer loop
      vertex -19.985554181039333 -27.29405142366886 0
      vertex -20 -27 15.6
      vertex -20 -27 0
    endloop
  endfacet
  facet normal -0.5141027407673996 -0.8577286120536308 0
    outer loop
      vertex -18.666710697114468 -29.49440883845091 0
      vertex -18.414190210402012 -29.64576379209757 0
      vertex -18.666710697114468 -29.49440883845091 15.6
    endloop
  endfacet
  facet normal -0.427555092760377 -0.9039892934402849 0
    outer loop
      vertex -18.414190210402012 -29.64576379209757 0
      vertex -18.14805030077696 -29.771638594567776 0
      vertex -18.414190210402012 -29.64576379209757 15.6
    endloop
  endfacet
  facet normal -0.3368898600571534 -0.9415440627982695 0
    outer loop
      vertex -18.14805030077696 -29.771638594567776 0
      vertex -17.870854035019875 -29.87082100659609 0
      vertex -18.14805030077696 -29.771638594567776 15.6
    endloop
  endfacet
  facet normal -0.2429801778654068 -0.9700312537050005 0
    outer loop
      vertex -17.870854035019875 -29.87082100659609 0
      vertex -17.58527096360922 -29.94235584139824 0
      vertex -17.870854035019875 -29.87082100659609 15.6
    endloop
  endfacet
  facet normal -0.14673047975168185 -0.989176509179146 0
    outer loop
      vertex -17.58527096360922 -29.94235584139824 0
      vertex -17.29405142366886 -29.985554181039333 0
      vertex -17.58527096360922 -29.94235584139824 15.6
    endloop
  endfacet
  facet normal -0.049067670415704694 -0.9987954563973426 0
    outer loop
      vertex -17.29405142366886 -29.985554181039333 0
      vertex -17 -30 0
      vertex -17.29405142366886 -29.985554181039333 15.6
    endloop
  endfacet
  facet normal 0 0 -1
    outer loop
      vertex -19.121320344507694 -29.121320344507694 0
      vertex -19.319031357765198 -28.903179854154587 0
      vertex 19.64576379209757 -28.414190210402012 0
    endloop
  endfacet
  facet normal 0 0 -1
    outer loop
      vertex -19.49440883845091 -28.666710697114468 0
      vertex -19.64576379209757 -28.414190210402012 0
      vertex 19.87082100659609 -27.870854035019875 0
    endloop
  endfacet
  facet normal 0 0 -1
    outer loop
      vertex -19.49440883845091 -28.666710697114468 0
      vertex 19.771638594567776 -28.14805030077696 0
      vertex -19.319031357765198 -28.903179854154587 0
    endloop
  endfacet
  facet normal 0 0 -1
    outer loop
      vertex -19.87082100659609 -27.870854035019875 0
      vertex -19.94235584139824 -27.58527096360922 0
      vertex 20 -27 0
    endloop
  endfacet
  facet normal 0 0 -1
    outer loop
      vertex -19.771638594567776 -28.14805030077696 0
      vertex 19.94235584139824 -27.58527096360922 0
      vertex -19.64576379209757 -28.414190210402012 0
    endloop
  endfacet
  facet normal 0 0 -1
    outer loop
      vertex -19.771638594567776 -28.14805030077696 0
      vertex -19.87082100659609 -27.870854035019875 0
      vertex 19.985554181039333 -27.29405142366886 0
    endloop
  endfacet
  facet normal 0 0 -1
    outer loop
      vertex -18.666710697114468 -29.49440883845091 0
      vertex 19.121320344507694 -29.121320344507694 0
      vertex -18.414190210402012 -29.64576379209757 0
    endloop
  endfacet
  facet normal 0 0 -1
    outer loop
      vertex -18.903179854154587 -29.319031357765198 0
      vertex 19.319031357765198 -28.903179854154587 0
      vertex -18.666710697114468 -29.49440883845091 0
    endloop
  endfacet
  facet normal 0 0 -1
    outer loop
      vertex -18.414190210402012 -29.64576379209757 0
      vertex 18.903179854154587 -29.319031357765198 0
      vertex -18.14805030077696 -29.771638594567776 0
    endloop
  endfacet
  facet normal 0 0 -1
    outer loop
      vertex -18.14805030077696 -29.771638594567776 0
      vertex 18.666710697114468 -29.49440883845091 0
      vertex -17.870854035019875 -29.87082100659609 0
    endloop
  endfacet
  facet normal 0 0 -1
    outer loop
      vertex -17.870854035019875 -29.87082100659609 0
      vertex 18.414190210402012 -29.64576379209757 0
      vertex -17.58527096360922 -29.94235584139824 0
    endloop
  endfacet
  facet normal 0 0 -1
    outer loop
      vertex -19.121320344507694 -29.121320344507694 0
      vertex 19.49440883845091 -28.666710697114468 0
      vertex -18.903179854154587 -29.319031357765198 0
    endloop
  endfacet
  facet normal 0 0 -1
    outer loop
      vertex -17.58527096360922 -29.94235584139824 0
      vertex 18.14805030077696 -29.771638594567776 0
      vertex -17.29405142366886 -29.985554181039333 0
    endloop
  endfacet
  facet normal 0 0 -1
    outer loop
      vertex -17.29405142366886 -29.985554181039333 0
      vertex 17.870854035019875 -29.87082100659609 0
      vertex -17 -30 0
    endloop
  endfacet
  facet normal 0 -1 0
    outer loop
      vertex -17 -30 0
      vertex 17 -30 0
      vertex -17 -30 15.6
    endloop
  endfacet
  facet normal 0 0 -1
    outer loop
      vertex -19.94235584139824 -27.58527096360922 0
      vertex -19.985554181039333 -27.29405142366886 0
      vertex 20 27 0
    endloop
  endfacet
  facet normal 0 0 -1
    outer loop
      vertex -19.985554181039333 -27.29405142366886 0
      vertex -20 -27 0
      vertex 19.985554181039333 27.29405142366886 0
    endloop
  endfacet
  facet normal -0.9039892934402849 -0.427555092760377 0
    outer loop
      vertex -19.64576379209757 -28.414190210402012 0
      vertex -19.64576379209757 -28.414190210402012 15.6
      vertex -19.771638594567776 -28.14805030077696 15.6
    endloop
  endfacet
  facet normal -0.8032075295459704 -0.5956993071010399 0
    outer loop
      vertex -19.319031357765198 -28.903179854154587 0
      vertex -19.319031357765198 -28.903179854154587 15.6
      vertex -19.49440883845091 -28.666710697114468 15.6
    endloop
  endfacet
  facet normal -0.8577286120536308 -0.5141027407673996 0
    outer loop
      vertex -19.49440883845091 -28.666710697114468 0
      vertex -19.49440883845091 -28.666710697114468 15.6
      vertex -19.64576379209757 -28.414190210402012 15.6
    endloop
  endfacet
  facet normal -0.6715589499566086 -0.7409511297873681 0
    outer loop
      vertex -18.903179854154587 -29.319031357765198 0
      vertex -18.903179854154587 -29.319031357765198 15.6
      vertex -19.121320344507694 -29.121320344507694 15.6
    endloop
  endfacet
  facet normal -0.7409511297873681 -0.6715589499566086 0
    outer loop
      vertex -19.121320344507694 -29.121320344507694 0
      vertex -19.121320344507694 -29.121320344507694 15.6
      vertex -19.319031357765198 -28.903179854154587 15.6
    endloop
  endfacet
  facet normal -0.9700312537050005 -0.2429801778654068 0
    outer loop
      vertex -19.87082100659609 -27.870854035019875 0
      vertex -19.87082100659609 -27.870854035019875 15.6
      vertex -19.94235584139824 -27.58527096360922 15.6
    endloop
  endfacet
  facet normal -0.9415440627982695 -0.3368898600571534 0
    outer loop
      vertex -19.771638594567776 -28.14805030077696 0
      vertex -19.771638594567776 -28.14805030077696 15.6
      vertex -19.87082100659609 -27.870854035019875 15.6
    endloop
  endfacet
  facet normal -0.989176509179146 -0.14673047975168185 0
    outer loop
      vertex -19.94235584139824 -27.58527096360922 0
      vertex -19.94235584139824 -27.58527096360922 15.6
      vertex -19.985554181039333 -27.29405142366886 15.6
    endloop
  endfacet
  facet normal -0.9987954563973426 -0.049067670415704694 0
    outer loop
      vertex -19.985554181039333 -27.29405142366886 0
      vertex -19.985554181039333 -27.29405142366886 15.6
      vertex -20 -27 15.6
    endloop
  endfacet
  facet normal -0.5141027407673996 -0.8577286120536308 0
    outer loop
      vertex -18.414190210402012 -29.64576379209757 0
      vertex -18.414190210402012 -29.64576379209757 15.6
      vertex -18.666710697114468 -29.49440883845091 15.6
    endloop
  endfacet
  facet normal -0.5956993071010399 -0.8032075295459704 0
    outer loop
      vertex -18.666710697114468 -29.49440883845091 0
      vertex -18.666710697114468 -29.49440883845091 15.6
      vertex -18.903179854154587 -29.319031357765198 15.6
    endloop
  endfacet
  facet normal -0.427555092760377 -0.9039892934402849 0
    outer loop
      vertex -18.14805030077696 -29.771638594567776 0
      vertex -18.14805030077696 -29.771638594567776 15.6
      vertex -18.414190210402012 -29.64576379209757 15.6
    endloop
  endfacet
  facet normal -0.3368898600571534 -0.9415440627982695 0
    outer loop
      vertex -17.870854035019875 -29.87082100659609 0
      vertex -17.870854035019875 -29.87082100659609 15.6
      vertex -18.14805030077696 -29.771638594567776 15.6
    endloop
  endfacet
  facet normal -0.2429801778654068 -0.9700312537050005 0
    outer loop
      vertex -17.58527096360922 -29.94235584139824 0
      vertex -17.58527096360922 -29.94235584139824 15.6
      vertex -17.870854035019875 -29.87082100659609 15.6
    endloop
  endfacet
  facet normal -0.14673047975168185 -0.989176509179146 0
    outer loop
      vertex -17.29405142366886 -29.985554181039333 0
      vertex -17.29405142366886 -29.985554181039333 15.6
      vertex -17.58527096360922 -29.94235584139824 15.6
    endloop
  endfacet
  facet normal -0.049067670415704694 -0.9987954563973426 0
    outer loop
      vertex -17 -30 0
      vertex -17 -30 15.6
      vertex -17.29405142366886 -29.985554181039333 15.6
    endloop
  endfacet
  facet normal 0 0 1
    outer loop
      vertex -19.771638594567776 -28.14805030077696 15.6
      vertex -19.64576379209757 -28.414190210402012 15.6
      vertex -18.49664530158043 -28.000026419758797 15.6
    endloop
  endfacet
  facet normal 0 0 1
    outer loop
      vertex -19.49440883845091 -28.666710697114468 15.6
      vertex -18.141907908022404 -28.39141881465912 15.6
      vertex -19.64576379209757 -28.414190210402012 15.6
    endloop
  endfacet
  facet normal 0 0 1
    outer loop
      vertex -19.49440883845091 -28.666710697114468 15.6
      vertex -19.319031357765198 -28.903179854154587 15.6
      vertex -17.84851412475109 -28.58745827525854 15.6
    endloop
  endfacet
  facet normal 0 0 1
    outer loop
      vertex -19.64576379209757 -28.414190210402012 15.6
      vertex -18.39141881465912 -28.141907908022404 15.6
      vertex -18.49664530158043 -28.000026419758797 15.6
    endloop
  endfacet
  facet normal 0 0 1
    outer loop
      vertex -19.64576379209757 -28.414190210402012 15.6
      vertex -18.2727922052145 -28.2727922052145 15.6
      vertex -18.39141881465912 -28.141907908022404 15.6
    endloop
  endfacet
  facet normal 0 0 1
    outer loop
      vertex -19.771638594567776 -28.14805030077696 15.6
      vertex -18.58745827525854 -27.84851412475109 15.6
      vertex -19.87082100659609 -27.870854035019875 15.6
    endloop
  endfacet
  facet normal 0 0 1
    outer loop
      vertex -19.87082100659609 -27.870854035019875 15.6
      vertex -18.72249260544777 -27.522512421011925 15.6
      vertex -19.94235584139824 -27.58527096360922 15.6
    endloop
  endfacet
  facet normal 0 0 1
    outer loop
      vertex -19.87082100659609 -27.870854035019875 15.6
      vertex -18.662983156740665 -27.68883018195629 15.6
      vertex -18.72249260544777 -27.522512421011925 15.6
    endloop
  endfacet
  facet normal 0 0 1
    outer loop
      vertex -19.94235584139824 -27.58527096360922 15.6
      vertex -18.72249260544777 -27.522512421011925 15.6
      vertex -18.765413507819176 -27.35116258263588 15.6
    endloop
  endfacet
  facet normal 0 0 1
    outer loop
      vertex -19.94235584139824 -27.58527096360922 15.6
      vertex -18.765413507819176 -27.35116258263588 15.6
      vertex -18.791332505643368 -27.176430851221085 15.6
    endloop
  endfacet
  facet normal 0 0 1
    outer loop
      vertex -19.94235584139824 -27.58527096360922 15.6
      vertex -18.791332505643368 -27.176430851221085 15.6
      vertex -18.799999997019768 -27 15.6
    endloop
  endfacet
  facet normal 0 0 1
    outer loop
      vertex -19.771638594567776 -28.14805030077696 15.6
      vertex -18.49664530158043 -28.000026419758797 15.6
      vertex -18.58745827525854 -27.84851412475109 15.6
    endloop
  endfacet
  facet normal 0 0 1
    outer loop
      vertex -19.87082100659609 -27.870854035019875 15.6
      vertex -18.58745827525854 -27.84851412475109 15.6
      vertex -18.662983156740665 -27.68883018195629 15.6
    endloop
  endfacet
  facet normal 0 0 1
    outer loop
      vertex -19.121320344507694 -29.121320344507694 15.6
      vertex -18.903179854154587 -29.319031357765198 15.6
      vertex -17 -28.799999997019768 15.6
    endloop
  endfacet
  facet normal 0 0 1
    outer loop
      vertex -19.121320344507694 -29.121320344507694 15.6
      vertex -17 -28.799999997019768 15.6
      vertex -19.319031357765198 -28.903179854154587 15.6
    endloop
  endfacet
  facet normal 0 0 1
    outer loop
      vertex -19.64576379209757 -28.414190210402012 15.6
      vertex -18.141907908022404 -28.39141881465912 15.6
      vertex -18.2727922052145 -28.2727922052145 15.6
    endloop
  endfacet
  facet normal 0 0 1
    outer loop
      vertex -19.49440883845091 -28.666710697114468 15.6
      vertex -18.000026419758797 -28.49664530158043 15.6
      vertex -18.141907908022404 -28.39141881465912 15.6
    endloop
  endfacet
  facet normal 0 0 1
    outer loop
      vertex -19.49440883845091 -28.666710697114468 15.6
      vertex -17.84851412475109 -28.58745827525854 15.6
      vertex -18.000026419758797 -28.49664530158043 15.6
    endloop
  endfacet
  facet normal 0 0 1
    outer loop
      vertex -19.319031357765198 -28.903179854154587 15.6
      vertex -17.68883018195629 -28.662983156740665 15.6
      vertex -17.84851412475109 -28.58745827525854 15.6
    endloop
  endfacet
  facet normal 0 0 1
    outer loop
      vertex -19.319031357765198 -28.903179854154587 15.6
      vertex -17.522512421011925 -28.72249260544777 15.6
      vertex -17.68883018195629 -28.662983156740665 15.6
    endloop
  endfacet
  facet normal 0 0 1
    outer loop
      vertex -19.319031357765198 -28.903179854154587 15.6
      vertex -17.35116258263588 -28.765413507819176 15.6
      vertex -17.522512421011925 -28.72249260544777 15.6
    endloop
  endfacet
  facet normal 0 0 1
    outer loop
      vertex -19.319031357765198 -28.903179854154587 15.6
      vertex -17 -28.799999997019768 15.6
      vertex -17.176430851221085 -28.791332505643368 15.6
    endloop
  endfacet
  facet normal 0 0 1
    outer loop
      vertex -19.319031357765198 -28.903179854154587 15.6
      vertex -17.176430851221085 -28.791332505643368 15.6
      vertex -17.35116258263588 -28.765413507819176 15.6
    endloop
  endfacet
  facet normal -1 0 0
    outer loop
      vertex -20 -27 0
      vertex -20 -27 15.6
      vertex -20 27 15.6
    endloop
  endfacet
  facet normal 0 0 1
    outer loop
      vertex -19.94235584139824 -27.58527096360922 15.6
      vertex -18.799999997019768 27 15.6
      vertex -19.985554181039333 -27.29405142366886 15.6
    endloop
  endfacet
  facet normal 0 0 1
    outer loop
      vertex -19.985554181039333 -27.29405142366886 15.6
      vertex -18.799999997019768 27 15.6
      vertex -20 -27 15.6
    endloop
  endfacet
  facet normal 0 0 1
    outer loop
      vertex -19.94235584139824 -27.58527096360922 15.6
      vertex -18.799999997019768 -27 15.6
      vertex -18.799999997019768 27 15.6
    endloop
  endfacet
  facet normal 0 0 1
    outer loop
      vertex -18.666710697114468 -29.49440883845091 15.6
      vertex -18.414190210402012 -29.64576379209757 15.6
      vertex 19.121320344507694 -29.121320344507694 15.6
    endloop
  endfacet
  facet normal 0 0 1
    outer loop
      vertex -18.903179854154587 -29.319031357765198 15.6
      vertex -18.666710697114468 -29.49440883845091 15.6
      vertex 19.319031357765198 -28.903179854154587 15.6
    endloop
  endfacet
  facet normal 0 0 1
    outer loop
      vertex -18.414190210402012 -29.64576379209757 15.6
      vertex -18.14805030077696 -29.771638594567776 15.6
      vertex 18.903179854154587 -29.319031357765198 15.6
    endloop
  endfacet
  facet normal 0 0 1
    outer loop
      vertex -18.14805030077696 -29.771638594567776 15.6
      vertex -17.870854035019875 -29.87082100659609 15.6
      vertex 18.666710697114468 -29.49440883845091 15.6
    endloop
  endfacet
  facet normal 0 0 1
    outer loop
      vertex -17.870854035019875 -29.87082100659609 15.6
      vertex -17.58527096360922 -29.94235584139824 15.6
      vertex 18.414190210402012 -29.64576379209757 15.6
    endloop
  endfacet
  facet normal 0 0 1
    outer loop
      vertex -17.58527096360922 -29.94235584139824 15.6
      vertex -17.29405142366886 -29.985554181039333 15.6
      vertex 18.14805030077696 -29.771638594567776 15.6
    endloop
  endfacet
  facet normal 0 0 1
    outer loop
      vertex -17.29405142366886 -29.985554181039333 15.6
      vertex -17 -30 15.6
      vertex 17.870854035019875 -29.87082100659609 15.6
    endloop
  endfacet
  facet normal 0 0 1
    outer loop
      vertex -18.903179854154587 -29.319031357765198 15.6
      vertex 19.319031357765198 -28.903179854154587 15.6
      vertex -17 -28.799999997019768 15.6
    endloop
  endfacet
  facet normal -1 0 0
    outer loop
      vertex -20 -27 0
      vertex -20 27 15.6
      vertex -20 27 0
    endloop
  endfacet
  facet normal 0 0 -1
    outer loop
      vertex -17.58527096360922 29.94235584139824 0
      vertex -17.29405142366886 29.985554181039333 0
      vertex -17 30 0
    endloop
  endfacet
  facet normal -0.9987954563973426 0.049067670415704694 0
    outer loop
      vertex -20 27 0
      vertex -19.985554181039333 27.29405142366886 15.6
      vertex -19.985554181039333 27.29405142366886 0
    endloop
  endfacet
  facet normal -0.989176509179146 0.14673047975168185 0
    outer loop
      vertex -19.985554181039333 27.29405142366886 0
      vertex -19.94235584139824 27.58527096360922 15.6
      vertex -19.94235584139824 27.58527096360922 0
    endloop
  endfacet
  facet normal -0.9700312537050005 0.2429801778654068 0
    outer loop
      vertex -19.94235584139824 27.58527096360922 0
      vertex -19.87082100659609 27.870854035019875 15.6
      vertex -19.87082100659609 27.870854035019875 0
    endloop
  endfacet
  facet normal -0.9415440627982695 0.3368898600571534 0
    outer loop
      vertex -19.87082100659609 27.870854035019875 0
      vertex -19.771638594567776 28.14805030077696 15.6
      vertex -19.771638594567776 28.14805030077696 0
    endloop
  endfacet
  facet normal -0.9039892934402849 0.427555092760377 0
    outer loop
      vertex -19.771638594567776 28.14805030077696 0
      vertex -19.64576379209757 28.414190210402012 15.6
      vertex -19.64576379209757 28.414190210402012 0
    endloop
  endfacet
  facet normal -0.8577286120536308 0.5141027407673996 0
    outer loop
      vertex -19.64576379209757 28.414190210402012 0
      vertex -19.49440883845091 28.666710697114468 15.6
      vertex -19.49440883845091 28.666710697114468 0
    endloop
  endfacet
  facet normal -0.8032075295459704 0.5956993071010399 0
    outer loop
      vertex -19.49440883845091 28.666710697114468 0
      vertex -19.319031357765198 28.903179854154587 15.6
      vertex -19.319031357765198 28.903179854154587 0
    endloop
  endfacet
  facet normal -0.7409511297873681 0.6715589499566086 0
    outer loop
      vertex -19.319031357765198 28.903179854154587 0
      vertex -19.121320344507694 29.121320344507694 15.6
      vertex -19.121320344507694 29.121320344507694 0
    endloop
  endfacet
  facet normal -0.6715589499566086 0.7409511297873681 0
    outer loop
      vertex -19.121320344507694 29.121320344507694 0
      vertex -18.903179854154587 29.319031357765198 15.6
      vertex -18.903179854154587 29.319031357765198 0
    endloop
  endfacet
  facet normal -0.5956993071010399 0.8032075295459704 0
    outer loop
      vertex -18.903179854154587 29.319031357765198 0
      vertex -18.666710697114468 29.49440883845091 15.6
      vertex -18.666710697114468 29.49440883845091 0
    endloop
  endfacet
  facet normal -0.5141027407673996 0.8577286120536308 0
    outer loop
      vertex -18.666710697114468 29.49440883845091 0
      vertex -18.414190210402012 29.64576379209757 15.6
      vertex -18.414190210402012 29.64576379209757 0
    endloop
  endfacet
  facet normal -0.427555092760377 0.9039892934402849 0
    outer loop
      vertex -18.414190210402012 29.64576379209757 0
      vertex -18.14805030077696 29.771638594567776 15.6
      vertex -18.14805030077696 29.771638594567776 0
    endloop
  endfacet
  facet normal -0.3368898600571534 0.9415440627982695 0
    outer loop
      vertex -18.14805030077696 29.771638594567776 0
      vertex -17.870854035019875 29.87082100659609 15.6
      vertex -17.870854035019875 29.87082100659609 0
    endloop
  endfacet
  facet normal -0.2429801778654068 0.9700312537050005 0
    outer loop
      vertex -17.870854035019875 29.87082100659609 0
      vertex -17.58527096360922 29.94235584139824 15.6
      vertex -17.58527096360922 29.94235584139824 0
    endloop
  endfacet
  facet normal -0.14673047975168185 0.989176509179146 0
    outer loop
      vertex -17.58527096360922 29.94235584139824 0
      vertex -17.29405142366886 29.985554181039333 15.6
      vertex -17.29405142366886 29.985554181039333 0
    endloop
  endfacet
  facet normal -0.049067670415704694 0.9987954563973426 0
    outer loop
      vertex -17.29405142366886 29.985554181039333 0
      vertex -17 30 15.6
      vertex -17 30 0
    endloop
  endfacet
  facet normal 0 1 0
    outer loop
      vertex -17 30 0
      vertex -17 30 15.6
      vertex -6 30 3.25
    endloop
  endfacet
  facet normal 0 0 -1
    outer loop
      vertex -20 -27 0
      vertex -20 27 0
      vertex 19.94235584139824 27.58527096360922 0
    endloop
  endfacet
  facet normal 0 0 -1
    outer loop
      vertex -20 27 0
      vertex -19.985554181039333 27.29405142366886 0
      vertex 19.87082100659609 27.870854035019875 0
    endloop
  endfacet
  facet normal 0 0 -1
    outer loop
      vertex -19.985554181039333 27.29405142366886 0
      vertex -19.94235584139824 27.58527096360922 0
      vertex 19.771638594567776 28.14805030077696 0
    endloop
  endfacet
  facet normal 0 0 -1
    outer loop
      vertex -19.94235584139824 27.58527096360922 0
      vertex -19.87082100659609 27.870854035019875 0
      vertex 19.64576379209757 28.414190210402012 0
    endloop
  endfacet
  facet normal 0 0 -1
    outer loop
      vertex -19.87082100659609 27.870854035019875 0
      vertex -19.771638594567776 28.14805030077696 0
      vertex 19.49440883845091 28.666710697114468 0
    endloop
  endfacet
  facet normal 0 0 -1
    outer loop
      vertex -19.771638594567776 28.14805030077696 0
      vertex -19.64576379209757 28.414190210402012 0
      vertex 19.319031357765198 28.903179854154587 0
    endloop
  endfacet
  facet normal 0 0 -1
    outer loop
      vertex -19.64576379209757 28.414190210402012 0
      vertex -19.49440883845091 28.666710697114468 0
      vertex 19.121320344507694 29.121320344507694 0
    endloop
  endfacet
  facet normal 0 0 -1
    outer loop
      vertex -19.49440883845091 28.666710697114468 0
      vertex -19.319031357765198 28.903179854154587 0
      vertex 18.903179854154587 29.319031357765198 0
    endloop
  endfacet
  facet normal 0 0 -1
    outer loop
      vertex -19.319031357765198 28.903179854154587 0
      vertex -19.121320344507694 29.121320344507694 0
      vertex 18.666710697114468 29.49440883845091 0
    endloop
  endfacet
  facet normal 0 0 -1
    outer loop
      vertex -19.121320344507694 29.121320344507694 0
      vertex -18.903179854154587 29.319031357765198 0
      vertex 18.414190210402012 29.64576379209757 0
    endloop
  endfacet
  facet normal 0 0 -1
    outer loop
      vertex -18.903179854154587 29.319031357765198 0
      vertex -18.666710697114468 29.49440883845091 0
      vertex 18.14805030077696 29.771638594567776 0
    endloop
  endfacet
  facet normal 0 0 -1
    outer loop
      vertex -18.666710697114468 29.49440883845091 0
      vertex -18.414190210402012 29.64576379209757 0
      vertex 17.870854035019875 29.87082100659609 0
    endloop
  endfacet
  facet normal 0 0 -1
    outer loop
      vertex -18.414190210402012 29.64576379209757 0
      vertex -18.14805030077696 29.771638594567776 0
      vertex 17.58527096360922 29.94235584139824 0
    endloop
  endfacet
  facet normal 0 0 -1
    outer loop
      vertex -18.14805030077696 29.771638594567776 0
      vertex -17.870854035019875 29.87082100659609 0
      vertex 17.29405142366886 29.985554181039333 0
    endloop
  endfacet
  facet normal 0 0 -1
    outer loop
      vertex -17.870854035019875 29.87082100659609 0
      vertex -17.58527096360922 29.94235584139824 0
      vertex 17 30 0
    endloop
  endfacet
  facet normal 0 0 -1
    outer loop
      vertex -17.58527096360922 29.94235584139824 0
      vertex -17 30 0
      vertex 17 30 0
    endloop
  endfacet
  facet normal 0 1 0
    outer loop
      vertex -17 30 0
      vertex -6 30 3.25
      vertex 6 30 3.25
    endloop
  endfacet
  facet normal 0 0 1
    outer loop
      vertex -20 -27 15.6
      vertex -18.799999997019768 27 15.6
      vertex -20 27 15.6
    endloop
  endfacet
  facet normal -0.9987954563973426 0.049067670415704694 0
    outer loop
      vertex -20 27 0
      vertex -20 27 15.6
      vertex -19.985554181039333 27.29405142366886 15.6
    endloop
  endfacet
  facet normal -0.989176509179146 0.14673047975168185 0
    outer loop
      vertex -19.985554181039333 27.29405142366886 0
      vertex -19.985554181039333 27.29405142366886 15.6
      vertex -19.94235584139824 27.58527096360922 15.6
    endloop
  endfacet
  facet normal -0.9700312537050005 0.2429801778654068 0
    outer loop
      vertex -19.94235584139824 27.58527096360922 0
      vertex -19.94235584139824 27.58527096360922 15.6
      vertex -19.87082100659609 27.870854035019875 15.6
    endloop
  endfacet
  facet normal -0.9415440627982695 0.3368898600571534 0
    outer loop
      vertex -19.87082100659609 27.870854035019875 0
      vertex -19.87082100659609 27.870854035019875 15.6
      vertex -19.771638594567776 28.14805030077696 15.6
    endloop
  endfacet
  facet normal -0.9039892934402849 0.427555092760377 0
    outer loop
      vertex -19.771638594567776 28.14805030077696 0
      vertex -19.771638594567776 28.14805030077696 15.6
      vertex -19.64576379209757 28.414190210402012 15.6
    endloop
  endfacet
  facet normal -0.8577286120536308 0.5141027407673996 0
    outer loop
      vertex -19.64576379209757 28.414190210402012 0
      vertex -19.64576379209757 28.414190210402012 15.6
      vertex -19.49440883845091 28.666710697114468 15.6
    endloop
  endfacet
  facet normal -0.8032075295459704 0.5956993071010399 0
    outer loop
      vertex -19.49440883845091 28.666710697114468 0
      vertex -19.49440883845091 28.666710697114468 15.6
      vertex -19.319031357765198 28.903179854154587 15.6
    endloop
  endfacet
  facet normal -0.7409511297873681 0.6715589499566086 0
    outer loop
      vertex -19.319031357765198 28.903179854154587 0
      vertex -19.319031357765198 28.903179854154587 15.6
      vertex -19.121320344507694 29.121320344507694 15.6
    endloop
  endfacet
  facet normal -0.6715589499566086 0.7409511297873681 0
    outer loop
      vertex -19.121320344507694 29.121320344507694 0
      vertex -19.121320344507694 29.121320344507694 15.6
      vertex -18.903179854154587 29.319031357765198 15.6
    endloop
  endfacet
  facet normal -0.5956993071010399 0.8032075295459704 0
    outer loop
      vertex -18.903179854154587 29.319031357765198 0
      vertex -18.903179854154587 29.319031357765198 15.6
      vertex -18.666710697114468 29.49440883845091 15.6
    endloop
  endfacet
  facet normal -0.5141027407673996 0.8577286120536308 0
    outer loop
      vertex -18.666710697114468 29.49440883845091 0
      vertex -18.666710697114468 29.49440883845091 15.6
      vertex -18.414190210402012 29.64576379209757 15.6
    endloop
  endfacet
  facet normal -0.427555092760377 0.9039892934402849 0
    outer loop
      vertex -18.414190210402012 29.64576379209757 0
      vertex -18.414190210402012 29.64576379209757 15.6
      vertex -18.14805030077696 29.771638594567776 15.6
    endloop
  endfacet
  facet normal -0.3368898600571534 0.9415440627982695 0
    outer loop
      vertex -18.14805030077696 29.771638594567776 0
      vertex -18.14805030077696 29.771638594567776 15.6
      vertex -17.870854035019875 29.87082100659609 15.6
    endloop
  endfacet
  facet normal -0.2429801778654068 0.9700312537050005 0
    outer loop
      vertex -17.870854035019875 29.87082100659609 0
      vertex -17.870854035019875 29.87082100659609 15.6
      vertex -17.58527096360922 29.94235584139824 15.6
    endloop
  endfacet
  facet normal -0.14673047975168185 0.989176509179146 0
    outer loop
      vertex -17.58527096360922 29.94235584139824 0
      vertex -17.58527096360922 29.94235584139824 15.6
      vertex -17.29405142366886 29.985554181039333 15.6
    endloop
  endfacet
  facet normal -0.049067670415704694 0.9987954563973426 0
    outer loop
      vertex -17.29405142366886 29.985554181039333 0
      vertex -17.29405142366886 29.985554181039333 15.6
      vertex -17 30 15.6
    endloop
  endfacet
  facet normal 0 0 1
    outer loop
      vertex -20 27 15.6
      vertex -18.791332505643368 27.176430851221085 15.6
      vertex -19.985554181039333 27.29405142366886 15.6
    endloop
  endfacet
  facet normal 0 0 1
    outer loop
      vertex -19.985554181039333 27.29405142366886 15.6
      vertex -18.765413507819176 27.35116258263588 15.6
      vertex -19.94235584139824 27.58527096360922 15.6
    endloop
  endfacet
  facet normal 0 0 1
    outer loop
      vertex -19.94235584139824 27.58527096360922 15.6
      vertex -18.662983156740665 27.68883018195629 15.6
      vertex -19.87082100659609 27.870854035019875 15.6
    endloop
  endfacet
  facet normal 0 0 1
    outer loop
      vertex -19.87082100659609 27.870854035019875 15.6
      vertex -18.49664530158043 28.000026419758797 15.6
      vertex -19.771638594567776 28.14805030077696 15.6
    endloop
  endfacet
  facet normal 0 0 1
    outer loop
      vertex -20 27 15.6
      vertex -18.799999997019768 27 15.6
      vertex -18.791332505643368 27.176430851221085 15.6
    endloop
  endfacet
  facet normal 0 0 1
    outer loop
      vertex -19.985554181039333 27.29405142366886 15.6
      vertex -18.791332505643368 27.176430851221085 15.6
      vertex -18.765413507819176 27.35116258263588 15.6
    endloop
  endfacet
  facet normal 0 0 1
    outer loop
      vertex -19.94235584139824 27.58527096360922 15.6
      vertex -18.765413507819176 27.35116258263588 15.6
      vertex -18.72249260544777 27.522512421011925 15.6
    endloop
  endfacet
  facet normal 0 0 1
    outer loop
      vertex -19.94235584139824 27.58527096360922 15.6
      vertex -18.72249260544777 27.522512421011925 15.6
      vertex -18.662983156740665 27.68883018195629 15.6
    endloop
  endfacet
  facet normal 0 0 1
    outer loop
      vertex -19.87082100659609 27.870854035019875 15.6
      vertex -18.662983156740665 27.68883018195629 15.6
      vertex -18.58745827525854 27.84851412475109 15.6
    endloop
  endfacet
  facet normal 0 0 1
    outer loop
      vertex -19.87082100659609 27.870854035019875 15.6
      vertex -18.58745827525854 27.84851412475109 15.6
      vertex -18.49664530158043 28.000026419758797 15.6
    endloop
  endfacet
  facet normal 0 0 1
    outer loop
      vertex -19.771638594567776 28.14805030077696 15.6
      vertex -18.49664530158043 28.000026419758797 15.6
      vertex -18.39141881465912 28.141907908022404 15.6
    endloop
  endfacet
  facet normal 0 0 1
    outer loop
      vertex -19.771638594567776 28.14805030077696 15.6
      vertex -18.2727922052145 28.2727922052145 15.6
      vertex -19.64576379209757 28.414190210402012 15.6
    endloop
  endfacet
  facet normal 0 0 1
    outer loop
      vertex -19.64576379209757 28.414190210402012 15.6
      vertex -18.000026419758797 28.49664530158043 15.6
      vertex -19.49440883845091 28.666710697114468 15.6
    endloop
  endfacet
  facet normal 0 0 1
    outer loop
      vertex -19.771638594567776 28.14805030077696 15.6
      vertex -18.39141881465912 28.141907908022404 15.6
      vertex -18.2727922052145 28.2727922052145 15.6
    endloop
  endfacet
  facet normal 0 0 1
    outer loop
      vertex -19.49440883845091 28.666710697114468 15.6
      vertex -17.522512421011925 28.72249260544777 15.6
      vertex -19.319031357765198 28.903179854154587 15.6
    endloop
  endfacet
  facet normal 0 0 1
    outer loop
      vertex -19.64576379209757 28.414190210402012 15.6
      vertex -18.2727922052145 28.2727922052145 15.6
      vertex -18.141907908022404 28.39141881465912 15.6
    endloop
  endfacet
  facet normal 0 0 1
    outer loop
      vertex -19.64576379209757 28.414190210402012 15.6
      vertex -18.141907908022404 28.39141881465912 15.6
      vertex -18.000026419758797 28.49664530158043 15.6
    endloop
  endfacet
  facet normal 0 0 1
    outer loop
      vertex -19.49440883845091 28.666710697114468 15.6
      vertex -18.000026419758797 28.49664530158043 15.6
      vertex -17.84851412475109 28.58745827525854 15.6
    endloop
  endfacet
  facet normal 0 0 1
    outer loop
      vertex -19.49440883845091 28.666710697114468 15.6
      vertex -17.84851412475109 28.58745827525854 15.6
      vertex -17.68883018195629 28.662983156740665 15.6
    endloop
  endfacet
  facet normal 0 0 1
    outer loop
      vertex -19.49440883845091 28.666710697114468 15.6
      vertex -17.68883018195629 28.662983156740665 15.6
      vertex -17.522512421011925 28.72249260544777 15.6
    endloop
  endfacet
  facet normal 0 0 1
    outer loop
      vertex -19.319031357765198 28.903179854154587 15.6
      vertex -17.522512421011925 28.72249260544777 15.6
      vertex -17.35116258263588 28.765413507819176 15.6
    endloop
  endfacet
  facet normal 0 0 1
    outer loop
      vertex -19.319031357765198 28.903179854154587 15.6
      vertex -17.35116258263588 28.765413507819176 15.6
      vertex -17.176430851221085 28.791332505643368 15.6
    endloop
  endfacet
  facet normal 0 0 1
    outer loop
      vertex -19.319031357765198 28.903179854154587 15.6
      vertex -17.176430851221085 28.791332505643368 15.6
      vertex -17 28.799999997019768 15.6
    endloop
  endfacet
  facet normal 0 0 1
    outer loop
      vertex -17.58527096360922 29.94235584139824 15.6
      vertex -17 30 15.6
      vertex -17.29405142366886 29.985554181039333 15.6
    endloop
  endfacet
  facet normal 0 1 0
    outer loop
      vertex -17 30 15.6
      vertex -6 30 12.75
      vertex -6 30 3.25
    endloop
  endfacet
  facet normal 0 0 1
    outer loop
      vertex -19.319031357765198 28.903179854154587 15.6
      vertex -17 28.799999997019768 15.6
      vertex 17 28.799999997019768 15.6
    endloop
  endfacet
  facet normal 0 0 1
    outer loop
      vertex -19.319031357765198 28.903179854154587 15.6
      vertex 18.666710697114468 29.49440883845091 15.6
      vertex -19.121320344507694 29.121320344507694 15.6
    endloop
  endfacet
  facet normal 0 0 1
    outer loop
      vertex -19.121320344507694 29.121320344507694 15.6
      vertex 18.414190210402012 29.64576379209757 15.6
      vertex -18.903179854154587 29.319031357765198 15.6
    endloop
  endfacet
  facet normal 0 0 1
    outer loop
      vertex -18.903179854154587 29.319031357765198 15.6
      vertex 18.14805030077696 29.771638594567776 15.6
      vertex -18.666710697114468 29.49440883845091 15.6
    endloop
  endfacet
  facet normal 0 0 1
    outer loop
      vertex -18.666710697114468 29.49440883845091 15.6
      vertex 17.870854035019875 29.87082100659609 15.6
      vertex -18.414190210402012 29.64576379209757 15.6
    endloop
  endfacet
  facet normal 0 0 1
    outer loop
      vertex -18.414190210402012 29.64576379209757 15.6
      vertex 17.58527096360922 29.94235584139824 15.6
      vertex -18.14805030077696 29.771638594567776 15.6
    endloop
  endfacet
  facet normal 0 0 1
    outer loop
      vertex -18.14805030077696 29.771638594567776 15.6
      vertex 17.29405142366886 29.985554181039333 15.6
      vertex -17.870854035019875 29.87082100659609 15.6
    endloop
  endfacet
  facet normal 0 0 1
    outer loop
      vertex -17.870854035019875 29.87082100659609 15.6
      vertex 17 30 15.6
      vertex -17.58527096360922 29.94235584139824 15.6
    endloop
  endfacet
  facet normal 0 0 1
    outer loop
      vertex -17.58527096360922 29.94235584139824 15.6
      vertex 17 30 15.6
      vertex -17 30 15.6
    endloop
  endfacet
  facet normal 0 1 0
    outer loop
      vertex -17 30 15.6
      vertex 17 30 15.6
      vertex -6 30 12.75
    endloop
  endfacet
  facet normal 0 0 -1
    outer loop
      vertex -17 -30 0
      vertex 17.58527096360922 -29.94235584139824 0
      vertex 17 -30 0
    endloop
  endfacet
  facet normal 0 0 -1
    outer loop
      vertex -17 -30 0
      vertex 17.870854035019875 -29.87082100659609 0
      vertex 17.58527096360922 -29.94235584139824 0
    endloop
  endfacet
  facet normal 0 0 -1
    outer loop
      vertex -17.29405142366886 -29.985554181039333 0
      vertex 18.14805030077696 -29.771638594567776 0
      vertex 17.870854035019875 -29.87082100659609 0
    endloop
  endfacet
  facet normal 0 0 -1
    outer loop
      vertex -17.58527096360922 -29.94235584139824 0
      vertex 18.414190210402012 -29.64576379209757 0
      vertex 18.14805030077696 -29.771638594567776 0
    endloop
  endfacet
  facet normal 0 0 -1
    outer loop
      vertex -17.870854035019875 -29.87082100659609 0
      vertex 18.666710697114468 -29.49440883845091 0
      vertex 18.414190210402012 -29.64576379209757 0
    endloop
  endfacet
  facet normal 0 0 -1
    outer loop
      vertex -18.14805030077696 -29.771638594567776 0
      vertex 18.903179854154587 -29.319031357765198 0
      vertex 18.666710697114468 -29.49440883845091 0
    endloop
  endfacet
  facet normal 0 0 -1
    outer loop
      vertex -18.414190210402012 -29.64576379209757 0
      vertex 19.121320344507694 -29.121320344507694 0
      vertex 18.903179854154587 -29.319031357765198 0
    endloop
  endfacet
  facet normal 0 0 -1
    outer loop
      vertex -18.666710697114468 -29.49440883845091 0
      vertex 19.319031357765198 -28.903179854154587 0
      vertex 19.121320344507694 -29.121320344507694 0
    endloop
  endfacet
  facet normal 0 0 -1
    outer loop
      vertex -18.903179854154587 -29.319031357765198 0
      vertex 19.49440883845091 -28.666710697114468 0
      vertex 19.319031357765198 -28.903179854154587 0
    endloop
  endfacet
  facet normal 0 0 -1
    outer loop
      vertex -19.121320344507694 -29.121320344507694 0
      vertex 19.64576379209757 -28.414190210402012 0
      vertex 19.49440883845091 -28.666710697114468 0
    endloop
  endfacet
  facet normal 0 0 -1
    outer loop
      vertex -19.319031357765198 -28.903179854154587 0
      vertex 19.771638594567776 -28.14805030077696 0
      vertex 19.64576379209757 -28.414190210402012 0
    endloop
  endfacet
  facet normal 0 0 -1
    outer loop
      vertex -19.49440883845091 -28.666710697114468 0
      vertex 19.87082100659609 -27.870854035019875 0
      vertex 19.771638594567776 -28.14805030077696 0
    endloop
  endfacet
  facet normal 0 0 -1
    outer loop
      vertex -19.64576379209757 -28.414190210402012 0
      vertex 19.94235584139824 -27.58527096360922 0
      vertex 19.87082100659609 -27.870854035019875 0
    endloop
  endfacet
  facet normal 0 0 -1
    outer loop
      vertex -19.771638594567776 -28.14805030077696 0
      vertex 19.985554181039333 -27.29405142366886 0
      vertex 19.94235584139824 -27.58527096360922 0
    endloop
  endfacet
  facet normal 0 0 -1
    outer loop
      vertex -19.87082100659609 -27.870854035019875 0
      vertex 20 -27 0
      vertex 19.985554181039333 -27.29405142366886 0
    endloop
  endfacet
  facet normal 0 0 -1
    outer loop
      vertex -19.94235584139824 -27.58527096360922 0
      vertex 20 27 0
      vertex 20 -27 0
    endloop
  endfacet
  facet normal 0 0 -1
    outer loop
      vertex 17 -30 0
      vertex 17.58527096360922 -29.94235584139824 0
      vertex 17.29405142366886 -29.985554181039333 0
    endloop
  endfacet
  facet normal 0.049067670415704694 -0.9987954563973426 0
    outer loop
      vertex 17 -30 0
      vertex 17.29405142366886 -29.985554181039333 0
      vertex 17 -30 15.6
    endloop
  endfacet
  facet normal 0.14673047975168185 -0.989176509179146 0
    outer loop
      vertex 17.29405142366886 -29.985554181039333 0
      vertex 17.58527096360922 -29.94235584139824 0
      vertex 17.29405142366886 -29.985554181039333 15.6
    endloop
  endfacet
  facet normal 0.2429801778654068 -0.9700312537050005 0
    outer loop
      vertex 17.58527096360922 -29.94235584139824 0
      vertex 17.870854035019875 -29.87082100659609 0
      vertex 17.58527096360922 -29.94235584139824 15.6
    endloop
  endfacet
  facet normal 0.3368898600571534 -0.9415440627982695 0
    outer loop
      vertex 17.870854035019875 -29.87082100659609 0
      vertex 18.14805030077696 -29.771638594567776 0
      vertex 17.870854035019875 -29.87082100659609 15.6
    endloop
  endfacet
  facet normal 0.427555092760377 -0.9039892934402849 0
    outer loop
      vertex 18.14805030077696 -29.771638594567776 0
      vertex 18.414190210402012 -29.64576379209757 0
      vertex 18.14805030077696 -29.771638594567776 15.6
    endloop
  endfacet
  facet normal 0.5141027407673996 -0.8577286120536308 0
    outer loop
      vertex 18.414190210402012 -29.64576379209757 0
      vertex 18.666710697114468 -29.49440883845091 0
      vertex 18.414190210402012 -29.64576379209757 15.6
    endloop
  endfacet
  facet normal 0.5956993071010399 -0.8032075295459704 0
    outer loop
      vertex 18.666710697114468 -29.49440883845091 0
      vertex 18.903179854154587 -29.319031357765198 0
      vertex 18.666710697114468 -29.49440883845091 15.6
    endloop
  endfacet
  facet normal 0.6715589499566086 -0.7409511297873681 0
    outer loop
      vertex 18.903179854154587 -29.319031357765198 0
      vertex 19.121320344507694 -29.121320344507694 0
      vertex 18.903179854154587 -29.319031357765198 15.6
    endloop
  endfacet
  facet normal 0.7409511297873681 -0.6715589499566086 0
    outer loop
      vertex 19.121320344507694 -29.121320344507694 0
      vertex 19.319031357765198 -28.903179854154587 0
      vertex 19.121320344507694 -29.121320344507694 15.6
    endloop
  endfacet
  facet normal 0.8032075295459704 -0.5956993071010399 0
    outer loop
      vertex 19.319031357765198 -28.903179854154587 0
      vertex 19.49440883845091 -28.666710697114468 0
      vertex 19.319031357765198 -28.903179854154587 15.6
    endloop
  endfacet
  facet normal 0.8577286120536308 -0.5141027407673996 0
    outer loop
      vertex 19.49440883845091 -28.666710697114468 0
      vertex 19.64576379209757 -28.414190210402012 0
      vertex 19.49440883845091 -28.666710697114468 15.6
    endloop
  endfacet
  facet normal 0.9039892934402849 -0.427555092760377 0
    outer loop
      vertex 19.64576379209757 -28.414190210402012 0
      vertex 19.771638594567776 -28.14805030077696 0
      vertex 19.64576379209757 -28.414190210402012 15.6
    endloop
  endfacet
  facet normal 0.9415440627982695 -0.3368898600571534 0
    outer loop
      vertex 19.771638594567776 -28.14805030077696 0
      vertex 19.87082100659609 -27.870854035019875 0
      vertex 19.771638594567776 -28.14805030077696 15.6
    endloop
  endfacet
  facet normal 0.9700312537050005 -0.2429801778654068 0
    outer loop
      vertex 19.87082100659609 -27.870854035019875 0
      vertex 19.94235584139824 -27.58527096360922 0
      vertex 19.87082100659609 -27.870854035019875 15.6
    endloop
  endfacet
  facet normal 0.989176509179146 -0.14673047975168185 0
    outer loop
      vertex 19.94235584139824 -27.58527096360922 0
      vertex 19.985554181039333 -27.29405142366886 0
      vertex 19.94235584139824 -27.58527096360922 15.6
    endloop
  endfacet
  facet normal 0.9987954563973426 -0.049067670415704694 0
    outer loop
      vertex 19.985554181039333 -27.29405142366886 0
      vertex 20 -27 0
      vertex 19.985554181039333 -27.29405142366886 15.6
    endloop
  endfacet
  facet normal 1 0 0
    outer loop
      vertex 20 -27 0
      vertex 20 1.5 5.4
      vertex 20 1.5 8.6
    endloop
  endfacet
  facet normal 0 -1 0
    outer loop
      vertex -17 -30 15.6
      vertex 17 -30 0
      vertex 17 -30 15.6
    endloop
  endfacet
  facet normal 0 0 1
    outer loop
      vertex -17 -30 15.6
      vertex 17 -30 15.6
      vertex 17.58527096360922 -29.94235584139824 15.6
    endloop
  endfacet
  facet normal 0 0 1
    outer loop
      vertex -17 -30 15.6
      vertex 17.58527096360922 -29.94235584139824 15.6
      vertex 17.870854035019875 -29.87082100659609 15.6
    endloop
  endfacet
  facet normal 0 0 1
    outer loop
      vertex -17.29405142366886 -29.985554181039333 15.6
      vertex 17.870854035019875 -29.87082100659609 15.6
      vertex 18.14805030077696 -29.771638594567776 15.6
    endloop
  endfacet
  facet normal 0 0 1
    outer loop
      vertex -17.58527096360922 -29.94235584139824 15.6
      vertex 18.14805030077696 -29.771638594567776 15.6
      vertex 18.414190210402012 -29.64576379209757 15.6
    endloop
  endfacet
  facet normal 0 0 1
    outer loop
      vertex -17.870854035019875 -29.87082100659609 15.6
      vertex 18.414190210402012 -29.64576379209757 15.6
      vertex 18.666710697114468 -29.49440883845091 15.6
    endloop
  endfacet
  facet normal 0 0 1
    outer loop
      vertex -18.14805030077696 -29.771638594567776 15.6
      vertex 18.666710697114468 -29.49440883845091 15.6
      vertex 18.903179854154587 -29.319031357765198 15.6
    endloop
  endfacet
  facet normal 0 0 1
    outer loop
      vertex -18.414190210402012 -29.64576379209757 15.6
      vertex 18.903179854154587 -29.319031357765198 15.6
      vertex 19.121320344507694 -29.121320344507694 15.6
    endloop
  endfacet
  facet normal 0 0 1
    outer loop
      vertex -18.666710697114468 -29.49440883845091 15.6
      vertex 19.121320344507694 -29.121320344507694 15.6
      vertex 19.319031357765198 -28.903179854154587 15.6
    endloop
  endfacet
  facet normal 0 0 1
    outer loop
      vertex -17 -28.799999997019768 15.6
      vertex 19.319031357765198 -28.903179854154587 15.6
      vertex 17 -28.799999997019768 15.6
    endloop
  endfacet
  facet normal 0.049067670415704694 -0.9987954563973426 0
    outer loop
      vertex 17.29405142366886 -29.985554181039333 0
      vertex 17.29405142366886 -29.985554181039333 15.6
      vertex 17 -30 15.6
    endloop
  endfacet
  facet normal 0.14673047975168185 -0.989176509179146 0
    outer loop
      vertex 17.58527096360922 -29.94235584139824 0
      vertex 17.58527096360922 -29.94235584139824 15.6
      vertex 17.29405142366886 -29.985554181039333 15.6
    endloop
  endfacet
  facet normal 0.2429801778654068 -0.9700312537050005 0
    outer loop
      vertex 17.870854035019875 -29.87082100659609 0
      vertex 17.870854035019875 -29.87082100659609 15.6
      vertex 17.58527096360922 -29.94235584139824 15.6
    endloop
  endfacet
  facet normal 0.3368898600571534 -0.9415440627982695 0
    outer loop
      vertex 18.14805030077696 -29.771638594567776 0
      vertex 18.14805030077696 -29.771638594567776 15.6
      vertex 17.870854035019875 -29.87082100659609 15.6
    endloop
  endfacet
  facet normal 0.427555092760377 -0.9039892934402849 0
    outer loop
      vertex 18.414190210402012 -29.64576379209757 0
      vertex 18.414190210402012 -29.64576379209757 15.6
      vertex 18.14805030077696 -29.771638594567776 15.6
    endloop
  endfacet
  facet normal 0.5141027407673996 -0.8577286120536308 0
    outer loop
      vertex 18.666710697114468 -29.49440883845091 0
      vertex 18.666710697114468 -29.49440883845091 15.6
      vertex 18.414190210402012 -29.64576379209757 15.6
    endloop
  endfacet
  facet normal 0.5956993071010399 -0.8032075295459704 0
    outer loop
      vertex 18.903179854154587 -29.319031357765198 0
      vertex 18.903179854154587 -29.319031357765198 15.6
      vertex 18.666710697114468 -29.49440883845091 15.6
    endloop
  endfacet
  facet normal 0.6715589499566086 -0.7409511297873681 0
    outer loop
      vertex 19.121320344507694 -29.121320344507694 0
      vertex 19.121320344507694 -29.121320344507694 15.6
      vertex 18.903179854154587 -29.319031357765198 15.6
    endloop
  endfacet
  facet normal 0.7409511297873681 -0.6715589499566086 0
    outer loop
      vertex 19.319031357765198 -28.903179854154587 0
      vertex 19.319031357765198 -28.903179854154587 15.6
      vertex 19.121320344507694 -29.121320344507694 15.6
    endloop
  endfacet
  facet normal 0.8032075295459704 -0.5956993071010399 0
    outer loop
      vertex 19.49440883845091 -28.666710697114468 0
      vertex 19.49440883845091 -28.666710697114468 15.6
      vertex 19.319031357765198 -28.903179854154587 15.6
    endloop
  endfacet
  facet normal 0.8577286120536308 -0.5141027407673996 0
    outer loop
      vertex 19.64576379209757 -28.414190210402012 0
      vertex 19.64576379209757 -28.414190210402012 15.6
      vertex 19.49440883845091 -28.666710697114468 15.6
    endloop
  endfacet
  facet normal 0.9039892934402849 -0.427555092760377 0
    outer loop
      vertex 19.771638594567776 -28.14805030077696 0
      vertex 19.771638594567776 -28.14805030077696 15.6
      vertex 19.64576379209757 -28.414190210402012 15.6
    endloop
  endfacet
  facet normal 0.9415440627982695 -0.3368898600571534 0
    outer loop
      vertex 19.87082100659609 -27.870854035019875 0
      vertex 19.87082100659609 -27.870854035019875 15.6
      vertex 19.771638594567776 -28.14805030077696 15.6
    endloop
  endfacet
  facet normal 0.9700312537050005 -0.2429801778654068 0
    outer loop
      vertex 19.94235584139824 -27.58527096360922 0
      vertex 19.94235584139824 -27.58527096360922 15.6
      vertex 19.87082100659609 -27.870854035019875 15.6
    endloop
  endfacet
  facet normal 0.989176509179146 -0.14673047975168185 0
    outer loop
      vertex 19.985554181039333 -27.29405142366886 0
      vertex 19.985554181039333 -27.29405142366886 15.6
      vertex 19.94235584139824 -27.58527096360922 15.6
    endloop
  endfacet
  facet normal 0.9987954563973426 -0.049067670415704694 0
    outer loop
      vertex 20 -27 0
      vertex 20 -27 15.6
      vertex 19.985554181039333 -27.29405142366886 15.6
    endloop
  endfacet
  facet normal 1 0 0
    outer loop
      vertex 20 -27 0
      vertex 20 1.5 8.6
      vertex 20 -27 15.6
    endloop
  endfacet
  facet normal 0 0 1
    outer loop
      vertex 17 -30 15.6
      vertex 17.29405142366886 -29.985554181039333 15.6
      vertex 17.58527096360922 -29.94235584139824 15.6
    endloop
  endfacet
  facet normal 0 0 1
    outer loop
      vertex 17 -28.799999997019768 15.6
      vertex 19.319031357765198 -28.903179854154587 15.6
      vertex 17.176430851221085 -28.791332505643368 15.6
    endloop
  endfacet
  facet normal 0 0 1
    outer loop
      vertex 17.176430851221085 -28.791332505643368 15.6
      vertex 19.319031357765198 -28.903179854154587 15.6
      vertex 17.35116258263588 -28.765413507819176 15.6
    endloop
  endfacet
  facet normal 0 0 1
    outer loop
      vertex 17.35116258263588 -28.765413507819176 15.6
      vertex 19.319031357765198 -28.903179854154587 15.6
      vertex 17.522512421011925 -28.72249260544777 15.6
    endloop
  endfacet
  facet normal 0 0 1
    outer loop
      vertex 17.522512421011925 -28.72249260544777 15.6
      vertex 19.49440883845091 -28.666710697114468 15.6
      vertex 17.68883018195629 -28.662983156740665 15.6
    endloop
  endfacet
  facet normal 0 0 1
    outer loop
      vertex 17.68883018195629 -28.662983156740665 15.6
      vertex 19.49440883845091 -28.666710697114468 15.6
      vertex 17.84851412475109 -28.58745827525854 15.6
    endloop
  endfacet
  facet normal 0 0 1
    outer loop
      vertex 17.84851412475109 -28.58745827525854 15.6
      vertex 19.49440883845091 -28.666710697114468 15.6
      vertex 18.000026419758797 -28.49664530158043 15.6
    endloop
  endfacet
  facet normal 0 0 1
    outer loop
      vertex 18.000026419758797 -28.49664530158043 15.6
      vertex 19.64576379209757 -28.414190210402012 15.6
      vertex 18.141907908022404 -28.39141881465912 15.6
    endloop
  endfacet
  facet normal 0 0 1
    outer loop
      vertex 18.141907908022404 -28.39141881465912 15.6
      vertex 19.64576379209757 -28.414190210402012 15.6
      vertex 18.2727922052145 -28.2727922052145 15.6
    endloop
  endfacet
  facet normal 0 0 1
    outer loop
      vertex 17.522512421011925 -28.72249260544777 15.6
      vertex 19.319031357765198 -28.903179854154587 15.6
      vertex 19.49440883845091 -28.666710697114468 15.6
    endloop
  endfacet
  facet normal 0 0 1
    outer loop
      vertex 18.2727922052145 -28.2727922052145 15.6
      vertex 19.771638594567776 -28.14805030077696 15.6
      vertex 18.39141881465912 -28.141907908022404 15.6
    endloop
  endfacet
  facet normal 0 0 1
    outer loop
      vertex 18.000026419758797 -28.49664530158043 15.6
      vertex 19.49440883845091 -28.666710697114468 15.6
      vertex 19.64576379209757 -28.414190210402012 15.6
    endloop
  endfacet
  facet normal 0 0 1
    outer loop
      vertex 18.2727922052145 -28.2727922052145 15.6
      vertex 19.64576379209757 -28.414190210402012 15.6
      vertex 19.771638594567776 -28.14805030077696 15.6
    endloop
  endfacet
  facet normal 0 0 1
    outer loop
      vertex 18.39141881465912 -28.141907908022404 15.6
      vertex 19.771638594567776 -28.14805030077696 15.6
      vertex 18.49664530158043 -28.000026419758797 15.6
    endloop
  endfacet
  facet normal 0 0 1
    outer loop
      vertex 18.49664530158043 -28.000026419758797 15.6
      vertex 19.87082100659609 -27.870854035019875 15.6
      vertex 18.58745827525854 -27.84851412475109 15.6
    endloop
  endfacet
  facet normal 0 0 1
    outer loop
      vertex 18.58745827525854 -27.84851412475109 15.6
      vertex 19.87082100659609 -27.870854035019875 15.6
      vertex 18.662983156740665 -27.68883018195629 15.6
    endloop
  endfacet
  facet normal 0 0 1
    outer loop
      vertex 18.662983156740665 -27.68883018195629 15.6
      vertex 19.94235584139824 -27.58527096360922 15.6
      vertex 18.72249260544777 -27.522512421011925 15.6
    endloop
  endfacet
  facet normal 0 0 1
    outer loop
      vertex 18.72249260544777 -27.522512421011925 15.6
      vertex 19.94235584139824 -27.58527096360922 15.6
      vertex 18.765413507819176 -27.35116258263588 15.6
    endloop
  endfacet
  facet normal 0 0 1
    outer loop
      vertex 18.765413507819176 -27.35116258263588 15.6
      vertex 19.985554181039333 -27.29405142366886 15.6
      vertex 18.791332505643368 -27.176430851221085 15.6
    endloop
  endfacet
  facet normal 0 0 1
    outer loop
      vertex 18.791332505643368 -27.176430851221085 15.6
      vertex 20 -27 15.6
      vertex 18.799999997019768 -27 15.6
    endloop
  endfacet
  facet normal 0 0 1
    outer loop
      vertex 18.49664530158043 -28.000026419758797 15.6
      vertex 19.771638594567776 -28.14805030077696 15.6
      vertex 19.87082100659609 -27.870854035019875 15.6
    endloop
  endfacet
  facet normal 0 0 1
    outer loop
      vertex 18.662983156740665 -27.68883018195629 15.6
      vertex 19.87082100659609 -27.870854035019875 15.6
      vertex 19.94235584139824 -27.58527096360922 15.6
    endloop
  endfacet
  facet normal 0 0 1
    outer loop
      vertex 18.765413507819176 -27.35116258263588 15.6
      vertex 19.94235584139824 -27.58527096360922 15.6
      vertex 19.985554181039333 -27.29405142366886 15.6
    endloop
  endfacet
  facet normal 0 0 1
    outer loop
      vertex 18.791332505643368 -27.176430851221085 15.6
      vertex 19.985554181039333 -27.29405142366886 15.6
      vertex 20 -27 15.6
    endloop
  endfacet
  facet normal 1 0 0
    outer loop
      vertex 20 -27 15.6
      vertex 20 1.5 8.6
      vertex 20 8.5 8.6
    endloop
  endfacet
  facet normal 0 0 1
    outer loop
      vertex 18.799999997019768 -27 15.6
      vertex 20 -27 15.6
      vertex 20 27 15.6
    endloop
  endfacet
  facet normal 0 0 -1
    outer loop
      vertex -19.985554181039333 -27.29405142366886 0
      vertex 19.985554181039333 27.29405142366886 0
      vertex 20 27 0
    endloop
  endfacet
  facet normal 0 0 -1
    outer loop
      vertex -20 -27 0
      vertex 19.94235584139824 27.58527096360922 0
      vertex 19.985554181039333 27.29405142366886 0
    endloop
  endfacet
  facet normal 0 1 0
    outer loop
      vertex -17 30 0
      vertex 6 30 3.25
      vertex 17 30 0
    endloop
  endfacet
  facet normal 0 0 -1
    outer loop
      vertex -17.870854035019875 29.87082100659609 0
      vertex 17 30 0
      vertex 17.29405142366886 29.985554181039333 0
    endloop
  endfacet
  facet normal 0 0 -1
    outer loop
      vertex -18.14805030077696 29.771638594567776 0
      vertex 17.29405142366886 29.985554181039333 0
      vertex 17.58527096360922 29.94235584139824 0
    endloop
  endfacet
  facet normal 0 0 -1
    outer loop
      vertex -19.49440883845091 28.666710697114468 0
      vertex 18.903179854154587 29.319031357765198 0
      vertex 19.121320344507694 29.121320344507694 0
    endloop
  endfacet
  facet normal 0 0 -1
    outer loop
      vertex -18.414190210402012 29.64576379209757 0
      vertex 17.58527096360922 29.94235584139824 0
      vertex 17.870854035019875 29.87082100659609 0
    endloop
  endfacet
  facet normal 0 0 -1
    outer loop
      vertex -18.666710697114468 29.49440883845091 0
      vertex 17.870854035019875 29.87082100659609 0
      vertex 18.14805030077696 29.771638594567776 0
    endloop
  endfacet
  facet normal 0 0 -1
    outer loop
      vertex -18.903179854154587 29.319031357765198 0
      vertex 18.14805030077696 29.771638594567776 0
      vertex 18.414190210402012 29.64576379209757 0
    endloop
  endfacet
  facet normal 0 0 -1
    outer loop
      vertex -19.319031357765198 28.903179854154587 0
      vertex 18.666710697114468 29.49440883845091 0
      vertex 18.903179854154587 29.319031357765198 0
    endloop
  endfacet
  facet normal 0 0 -1
    outer loop
      vertex -19.121320344507694 29.121320344507694 0
      vertex 18.414190210402012 29.64576379209757 0
      vertex 18.666710697114468 29.49440883845091 0
    endloop
  endfacet
  facet normal 0 0 -1
    outer loop
      vertex -19.985554181039333 27.29405142366886 0
      vertex 19.771638594567776 28.14805030077696 0
      vertex 19.87082100659609 27.870854035019875 0
    endloop
  endfacet
  facet normal 0 0 -1
    outer loop
      vertex -19.94235584139824 27.58527096360922 0
      vertex 19.64576379209757 28.414190210402012 0
      vertex 19.771638594567776 28.14805030077696 0
    endloop
  endfacet
  facet normal 0 0 -1
    outer loop
      vertex -20 27 0
      vertex 19.87082100659609 27.870854035019875 0
      vertex 19.94235584139824 27.58527096360922 0
    endloop
  endfacet
  facet normal 0 0 -1
    outer loop
      vertex -19.771638594567776 28.14805030077696 0
      vertex 19.319031357765198 28.903179854154587 0
      vertex 19.49440883845091 28.666710697114468 0
    endloop
  endfacet
  facet normal 0 0 -1
    outer loop
      vertex -19.87082100659609 27.870854035019875 0
      vertex 19.49440883845091 28.666710697114468 0
      vertex 19.64576379209757 28.414190210402012 0
    endloop
  endfacet
  facet normal 0 0 -1
    outer loop
      vertex -19.64576379209757 28.414190210402012 0
      vertex 19.121320344507694 29.121320344507694 0
      vertex 19.319031357765198 28.903179854154587 0
    endloop
  endfacet
  facet normal 0 1 0
    outer loop
      vertex 17 30 0
      vertex 6 30 3.25
      vertex 6 30 12.75
    endloop
  endfacet
  facet normal 1 0 0
    outer loop
      vertex 20 -27 0
      vertex 20 27 0
      vertex 20 1.5 5.4
    endloop
  endfacet
  facet normal 1 0 0
    outer loop
      vertex 20 27 0
      vertex 20 8.5 5.4
      vertex 20 1.5 5.4
    endloop
  endfacet
  facet normal 1 0 0
    outer loop
      vertex 20 27 0
      vertex 20 27 15.6
      vertex 20 8.5 5.4
    endloop
  endfacet
  facet normal 0.049067670415704694 0.9987954563973426 0
    outer loop
      vertex 17 30 0
      vertex 17.29405142366886 29.985554181039333 15.6
      vertex 17.29405142366886 29.985554181039333 0
    endloop
  endfacet
  facet normal 0.14673047975168185 0.989176509179146 0
    outer loop
      vertex 17.29405142366886 29.985554181039333 0
      vertex 17.58527096360922 29.94235584139824 15.6
      vertex 17.58527096360922 29.94235584139824 0
    endloop
  endfacet
  facet normal 0.2429801778654068 0.9700312537050005 0
    outer loop
      vertex 17.58527096360922 29.94235584139824 0
      vertex 17.870854035019875 29.87082100659609 15.6
      vertex 17.870854035019875 29.87082100659609 0
    endloop
  endfacet
  facet normal 0.3368898600571534 0.9415440627982695 0
    outer loop
      vertex 17.870854035019875 29.87082100659609 0
      vertex 18.14805030077696 29.771638594567776 15.6
      vertex 18.14805030077696 29.771638594567776 0
    endloop
  endfacet
  facet normal 0.427555092760377 0.9039892934402849 0
    outer loop
      vertex 18.14805030077696 29.771638594567776 0
      vertex 18.414190210402012 29.64576379209757 15.6
      vertex 18.414190210402012 29.64576379209757 0
    endloop
  endfacet
  facet normal 0.5141027407673996 0.8577286120536308 0
    outer loop
      vertex 18.414190210402012 29.64576379209757 0
      vertex 18.666710697114468 29.49440883845091 15.6
      vertex 18.666710697114468 29.49440883845091 0
    endloop
  endfacet
  facet normal 0.9987954563973426 0.049067670415704694 0
    outer loop
      vertex 20 27 0
      vertex 19.985554181039333 27.29405142366886 0
      vertex 20 27 15.6
    endloop
  endfacet
  facet normal 0.989176509179146 0.14673047975168185 0
    outer loop
      vertex 19.985554181039333 27.29405142366886 0
      vertex 19.94235584139824 27.58527096360922 0
      vertex 19.985554181039333 27.29405142366886 15.6
    endloop
  endfacet
  facet normal 0.9415440627982695 0.3368898600571534 0
    outer loop
      vertex 19.87082100659609 27.870854035019875 0
      vertex 19.771638594567776 28.14805030077696 0
      vertex 19.87082100659609 27.870854035019875 15.6
    endloop
  endfacet
  facet normal 0.9700312537050005 0.2429801778654068 0
    outer loop
      vertex 19.94235584139824 27.58527096360922 0
      vertex 19.87082100659609 27.870854035019875 0
      vertex 19.94235584139824 27.58527096360922 15.6
    endloop
  endfacet
  facet normal 0.7409511297873681 0.6715589499566086 0
    outer loop
      vertex 19.319031357765198 28.903179854154587 0
      vertex 19.121320344507694 29.121320344507694 0
      vertex 19.319031357765198 28.903179854154587 15.6
    endloop
  endfacet
  facet normal 0.5956993071010399 0.8032075295459704 0
    outer loop
      vertex 18.666710697114468 29.49440883845091 0
      vertex 18.903179854154587 29.319031357765198 15.6
      vertex 18.903179854154587 29.319031357765198 0
    endloop
  endfacet
  facet normal 0.6715589499566086 0.7409511297873681 0
    outer loop
      vertex 18.903179854154587 29.319031357765198 0
      vertex 19.121320344507694 29.121320344507694 15.6
      vertex 19.121320344507694 29.121320344507694 0
    endloop
  endfacet
  facet normal 0.8577286120536308 0.5141027407673996 0
    outer loop
      vertex 19.64576379209757 28.414190210402012 0
      vertex 19.49440883845091 28.666710697114468 0
      vertex 19.64576379209757 28.414190210402012 15.6
    endloop
  endfacet
  facet normal 0.8032075295459704 0.5956993071010399 0
    outer loop
      vertex 19.319031357765198 28.903179854154587 0
      vertex 19.49440883845091 28.666710697114468 15.6
      vertex 19.49440883845091 28.666710697114468 0
    endloop
  endfacet
  facet normal 0.9039892934402849 0.427555092760377 0
    outer loop
      vertex 19.64576379209757 28.414190210402012 0
      vertex 19.771638594567776 28.14805030077696 15.6
      vertex 19.771638594567776 28.14805030077696 0
    endloop
  endfacet
  facet normal 0 1 0
    outer loop
      vertex 17 30 15.6
      vertex 6 30 12.75
      vertex -6 30 12.75
    endloop
  endfacet
  facet normal 0 0 1
    outer loop
      vertex -19.319031357765198 28.903179854154587 15.6
      vertex 17 28.799999997019768 15.6
      vertex 18.903179854154587 29.319031357765198 15.6
    endloop
  endfacet
  facet normal 0 0 1
    outer loop
      vertex -17.870854035019875 29.87082100659609 15.6
      vertex 17.29405142366886 29.985554181039333 15.6
      vertex 17 30 15.6
    endloop
  endfacet
  facet normal 0 0 1
    outer loop
      vertex -18.14805030077696 29.771638594567776 15.6
      vertex 17.58527096360922 29.94235584139824 15.6
      vertex 17.29405142366886 29.985554181039333 15.6
    endloop
  endfacet
  facet normal 0 0 1
    outer loop
      vertex -18.414190210402012 29.64576379209757 15.6
      vertex 17.870854035019875 29.87082100659609 15.6
      vertex 17.58527096360922 29.94235584139824 15.6
    endloop
  endfacet
  facet normal 0 0 1
    outer loop
      vertex -18.666710697114468 29.49440883845091 15.6
      vertex 18.14805030077696 29.771638594567776 15.6
      vertex 17.870854035019875 29.87082100659609 15.6
    endloop
  endfacet
  facet normal 0 0 1
    outer loop
      vertex -18.903179854154587 29.319031357765198 15.6
      vertex 18.414190210402012 29.64576379209757 15.6
      vertex 18.14805030077696 29.771638594567776 15.6
    endloop
  endfacet
  facet normal 0 0 1
    outer loop
      vertex -19.319031357765198 28.903179854154587 15.6
      vertex 18.903179854154587 29.319031357765198 15.6
      vertex 18.666710697114468 29.49440883845091 15.6
    endloop
  endfacet
  facet normal 0 0 1
    outer loop
      vertex -19.121320344507694 29.121320344507694 15.6
      vertex 18.666710697114468 29.49440883845091 15.6
      vertex 18.414190210402012 29.64576379209757 15.6
    endloop
  endfacet
  facet normal 1 0 0
    outer loop
      vertex 20 27 15.6
      vertex 20 8.5 8.6
      vertex 20 8.5 5.4
    endloop
  endfacet
  facet normal 1 0 0
    outer loop
      vertex 20 -27 15.6
      vertex 20 8.5 8.6
      vertex 20 27 15.6
    endloop
  endfacet
  facet normal 0 0 1
    outer loop
      vertex 18.799999997019768 -27 15.6
      vertex 19.94235584139824 27.58527096360922 15.6
      vertex 18.799999997019768 27 15.6
    endloop
  endfacet
  facet normal 0 0 1
    outer loop
      vertex 18.799999997019768 -27 15.6
      vertex 20 27 15.6
      vertex 19.985554181039333 27.29405142366886 15.6
    endloop
  endfacet
  facet normal 0 0 1
    outer loop
      vertex 18.799999997019768 -27 15.6
      vertex 19.985554181039333 27.29405142366886 15.6
      vertex 19.94235584139824 27.58527096360922 15.6
    endloop
  endfacet
  facet normal 0 1 0
    outer loop
      vertex 17 30 0
      vertex 6 30 12.75
      vertex 17 30 15.6
    endloop
  endfacet
  facet normal 0.049067670415704694 0.9987954563973426 0
    outer loop
      vertex 17 30 0
      vertex 17 30 15.6
      vertex 17.29405142366886 29.985554181039333 15.6
    endloop
  endfacet
  facet normal 0.14673047975168185 0.989176509179146 0
    outer loop
      vertex 17.29405142366886 29.985554181039333 0
      vertex 17.29405142366886 29.985554181039333 15.6
      vertex 17.58527096360922 29.94235584139824 15.6
    endloop
  endfacet
  facet normal 0.2429801778654068 0.9700312537050005 0
    outer loop
      vertex 17.58527096360922 29.94235584139824 0
      vertex 17.58527096360922 29.94235584139824 15.6
      vertex 17.870854035019875 29.87082100659609 15.6
    endloop
  endfacet
  facet normal 0.3368898600571534 0.9415440627982695 0
    outer loop
      vertex 17.870854035019875 29.87082100659609 0
      vertex 17.870854035019875 29.87082100659609 15.6
      vertex 18.14805030077696 29.771638594567776 15.6
    endloop
  endfacet
  facet normal 0.427555092760377 0.9039892934402849 0
    outer loop
      vertex 18.14805030077696 29.771638594567776 0
      vertex 18.14805030077696 29.771638594567776 15.6
      vertex 18.414190210402012 29.64576379209757 15.6
    endloop
  endfacet
  facet normal 0.5956993071010399 0.8032075295459704 0
    outer loop
      vertex 18.666710697114468 29.49440883845091 0
      vertex 18.666710697114468 29.49440883845091 15.6
      vertex 18.903179854154587 29.319031357765198 15.6
    endloop
  endfacet
  facet normal 0.5141027407673996 0.8577286120536308 0
    outer loop
      vertex 18.414190210402012 29.64576379209757 0
      vertex 18.414190210402012 29.64576379209757 15.6
      vertex 18.666710697114468 29.49440883845091 15.6
    endloop
  endfacet
  facet normal 0.9987954563973426 0.049067670415704694 0
    outer loop
      vertex 19.985554181039333 27.29405142366886 0
      vertex 19.985554181039333 27.29405142366886 15.6
      vertex 20 27 15.6
    endloop
  endfacet
  facet normal 0.989176509179146 0.14673047975168185 0
    outer loop
      vertex 19.94235584139824 27.58527096360922 0
      vertex 19.94235584139824 27.58527096360922 15.6
      vertex 19.985554181039333 27.29405142366886 15.6
    endloop
  endfacet
  facet normal 0.9415440627982695 0.3368898600571534 0
    outer loop
      vertex 19.771638594567776 28.14805030077696 0
      vertex 19.771638594567776 28.14805030077696 15.6
      vertex 19.87082100659609 27.870854035019875 15.6
    endloop
  endfacet
  facet normal 0.9700312537050005 0.2429801778654068 0
    outer loop
      vertex 19.87082100659609 27.870854035019875 0
      vertex 19.87082100659609 27.870854035019875 15.6
      vertex 19.94235584139824 27.58527096360922 15.6
    endloop
  endfacet
  facet normal 0.7409511297873681 0.6715589499566086 0
    outer loop
      vertex 19.121320344507694 29.121320344507694 0
      vertex 19.121320344507694 29.121320344507694 15.6
      vertex 19.319031357765198 28.903179854154587 15.6
    endloop
  endfacet
  facet normal 0.6715589499566086 0.7409511297873681 0
    outer loop
      vertex 18.903179854154587 29.319031357765198 0
      vertex 18.903179854154587 29.319031357765198 15.6
      vertex 19.121320344507694 29.121320344507694 15.6
    endloop
  endfacet
  facet normal 0.8577286120536308 0.5141027407673996 0
    outer loop
      vertex 19.49440883845091 28.666710697114468 0
      vertex 19.49440883845091 28.666710697114468 15.6
      vertex 19.64576379209757 28.414190210402012 15.6
    endloop
  endfacet
  facet normal 0.8032075295459704 0.5956993071010399 0
    outer loop
      vertex 19.319031357765198 28.903179854154587 0
      vertex 19.319031357765198 28.903179854154587 15.6
      vertex 19.49440883845091 28.666710697114468 15.6
    endloop
  endfacet
  facet normal 0.9039892934402849 0.427555092760377 0
    outer loop
      vertex 19.64576379209757 28.414190210402012 0
      vertex 19.64576379209757 28.414190210402012 15.6
      vertex 19.771638594567776 28.14805030077696 15.6
    endloop
  endfacet
  facet normal 0 0 1
    outer loop
      vertex 17.176430851221085 28.791332505643368 15.6
      vertex 17.35116258263588 28.765413507819176 15.6
      vertex 19.319031357765198 28.903179854154587 15.6
    endloop
  endfacet
  facet normal 0 0 1
    outer loop
      vertex 17 28.799999997019768 15.6
      vertex 17.176430851221085 28.791332505643368 15.6
      vertex 19.319031357765198 28.903179854154587 15.6
    endloop
  endfacet
  facet normal 0 0 1
    outer loop
      vertex 17.35116258263588 28.765413507819176 15.6
      vertex 17.522512421011925 28.72249260544777 15.6
      vertex 19.319031357765198 28.903179854154587 15.6
    endloop
  endfacet
  facet normal 0 0 1
    outer loop
      vertex 17.522512421011925 28.72249260544777 15.6
      vertex 17.68883018195629 28.662983156740665 15.6
      vertex 19.319031357765198 28.903179854154587 15.6
    endloop
  endfacet
  facet normal 0 0 1
    outer loop
      vertex 17.68883018195629 28.662983156740665 15.6
      vertex 17.84851412475109 28.58745827525854 15.6
      vertex 19.319031357765198 28.903179854154587 15.6
    endloop
  endfacet
  facet normal 0 0 1
    outer loop
      vertex 17.84851412475109 28.58745827525854 15.6
      vertex 18.000026419758797 28.49664530158043 15.6
      vertex 19.49440883845091 28.666710697114468 15.6
    endloop
  endfacet
  facet normal 0 0 1
    outer loop
      vertex 18.000026419758797 28.49664530158043 15.6
      vertex 18.141907908022404 28.39141881465912 15.6
      vertex 19.49440883845091 28.666710697114468 15.6
    endloop
  endfacet
  facet normal 0 0 1
    outer loop
      vertex 18.2727922052145 28.2727922052145 15.6
      vertex 19.64576379209757 28.414190210402012 15.6
      vertex 18.141907908022404 28.39141881465912 15.6
    endloop
  endfacet
  facet normal 0 0 1
    outer loop
      vertex 17 28.799999997019768 15.6
      vertex 19.319031357765198 28.903179854154587 15.6
      vertex 19.121320344507694 29.121320344507694 15.6
    endloop
  endfacet
  facet normal 0 0 1
    outer loop
      vertex 17 28.799999997019768 15.6
      vertex 19.121320344507694 29.121320344507694 15.6
      vertex 18.903179854154587 29.319031357765198 15.6
    endloop
  endfacet
  facet normal 0 0 1
    outer loop
      vertex 18.58745827525854 27.84851412475109 15.6
      vertex 18.662983156740665 27.68883018195629 15.6
      vertex 19.87082100659609 27.870854035019875 15.6
    endloop
  endfacet
  facet normal 0 0 1
    outer loop
      vertex 18.58745827525854 27.84851412475109 15.6
      vertex 19.771638594567776 28.14805030077696 15.6
      vertex 18.49664530158043 28.000026419758797 15.6
    endloop
  endfacet
  facet normal 0 0 1
    outer loop
      vertex 18.799999997019768 27 15.6
      vertex 19.94235584139824 27.58527096360922 15.6
      vertex 18.791332505643368 27.176430851221085 15.6
    endloop
  endfacet
  facet normal 0 0 1
    outer loop
      vertex 18.791332505643368 27.176430851221085 15.6
      vertex 19.94235584139824 27.58527096360922 15.6
      vertex 18.765413507819176 27.35116258263588 15.6
    endloop
  endfacet
  facet normal 0 0 1
    outer loop
      vertex 18.72249260544777 27.522512421011925 15.6
      vertex 18.765413507819176 27.35116258263588 15.6
      vertex 19.94235584139824 27.58527096360922 15.6
    endloop
  endfacet
  facet normal 0 0 1
    outer loop
      vertex 18.72249260544777 27.522512421011925 15.6
      vertex 19.87082100659609 27.870854035019875 15.6
      vertex 18.662983156740665 27.68883018195629 15.6
    endloop
  endfacet
  facet normal 0 0 1
    outer loop
      vertex 18.72249260544777 27.522512421011925 15.6
      vertex 19.94235584139824 27.58527096360922 15.6
      vertex 19.87082100659609 27.870854035019875 15.6
    endloop
  endfacet
  facet normal 0 0 1
    outer loop
      vertex 18.58745827525854 27.84851412475109 15.6
      vertex 19.87082100659609 27.870854035019875 15.6
      vertex 19.771638594567776 28.14805030077696 15.6
    endloop
  endfacet
  facet normal 0 0 1
    outer loop
      vertex 18.2727922052145 28.2727922052145 15.6
      vertex 18.39141881465912 28.141907908022404 15.6
      vertex 19.64576379209757 28.414190210402012 15.6
    endloop
  endfacet
  facet normal 0 0 1
    outer loop
      vertex 18.49664530158043 28.000026419758797 15.6
      vertex 19.64576379209757 28.414190210402012 15.6
      vertex 18.39141881465912 28.141907908022404 15.6
    endloop
  endfacet
  facet normal 0 0 1
    outer loop
      vertex 17.84851412475109 28.58745827525854 15.6
      vertex 19.49440883845091 28.666710697114468 15.6
      vertex 19.319031357765198 28.903179854154587 15.6
    endloop
  endfacet
  facet normal 0 0 1
    outer loop
      vertex 18.141907908022404 28.39141881465912 15.6
      vertex 19.64576379209757 28.414190210402012 15.6
      vertex 19.49440883845091 28.666710697114468 15.6
    endloop
  endfacet
  facet normal 0 0 1
    outer loop
      vertex 18.49664530158043 28.000026419758797 15.6
      vertex 19.771638594567776 28.14805030077696 15.6
      vertex 19.64576379209757 28.414190210402012 15.6
    endloop
  endfacet
  facet normal 0.9700312502225965 0.242980191767943 0
    outer loop
      vertex -18.765413507819176 -27.35116258263588 1.2
      vertex -18.765413507819176 -27.35116258263588 15.6
      vertex -18.72249260544777 -27.522512421011925 1.2
    endloop
  endfacet
  facet normal 0.9891765149847638 0.1467304406133819 0
    outer loop
      vertex -18.765413507819176 -27.35116258263588 1.2
      vertex -18.791332505643368 -27.176430851221085 1.2
      vertex -18.791332505643368 -27.176430851221085 15.6
    endloop
  endfacet
  facet normal 0.9987954563567223 0.04906767124254976 0
    outer loop
      vertex -18.791332505643368 -27.176430851221085 1.2
      vertex -18.799999997019768 -27 1.2
      vertex -18.799999997019768 -27 15.6
    endloop
  endfacet
  facet normal 0.740951133198693 0.6715589461927918 0
    outer loop
      vertex -18.39141881465912 -28.141907908022404 1.2
      vertex -18.39141881465912 -28.141907908022404 15.6
      vertex -18.2727922052145 -28.2727922052145 1.2
    endloop
  endfacet
  facet normal 0.6715589461927918 0.740951133198693 0
    outer loop
      vertex -18.141907908022404 -28.39141881465912 1.2
      vertex -18.2727922052145 -28.2727922052145 1.2
      vertex -18.2727922052145 -28.2727922052145 15.6
    endloop
  endfacet
  facet normal 0.595699317803761 0.8032075216082913 0
    outer loop
      vertex -18.141907908022404 -28.39141881465912 1.2
      vertex -18.141907908022404 -28.39141881465912 15.6
      vertex -18.000026419758797 -28.49664530158043 1.2
    endloop
  endfacet
  facet normal 0.5141027395339042 0.8577286127929595 0
    outer loop
      vertex -18.000026419758797 -28.49664530158043 1.2
      vertex -18.000026419758797 -28.49664530158043 15.6
      vertex -17.84851412475109 -28.58745827525854 1.2
    endloop
  endfacet
  facet normal 0.42755509928127655 0.903989290356129 0
    outer loop
      vertex -17.84851412475109 -28.58745827525854 1.2
      vertex -17.84851412475109 -28.58745827525854 15.6
      vertex -17.68883018195629 -28.662983156740665 1.2
    endloop
  endfacet
  facet normal 0.33688986485968075 0.9415440610798975 0
    outer loop
      vertex -17.68883018195629 -28.662983156740665 1.2
      vertex -17.68883018195629 -28.662983156740665 15.6
      vertex -17.522512421011925 -28.72249260544777 1.2
    endloop
  endfacet
  facet normal 0.903989290356129 0.42755509928127655 0
    outer loop
      vertex -18.662983156740665 -27.68883018195629 1.2
      vertex -18.662983156740665 -27.68883018195629 15.6
      vertex -18.58745827525854 -27.84851412475109 1.2
    endloop
  endfacet
  facet normal 0.8577286127929595 0.5141027395339042 0
    outer loop
      vertex -18.49664530158043 -28.000026419758797 1.2
      vertex -18.58745827525854 -27.84851412475109 1.2
      vertex -18.58745827525854 -27.84851412475109 15.6
    endloop
  endfacet
  facet normal 0.8032075216082913 0.595699317803761 0
    outer loop
      vertex -18.39141881465912 -28.141907908022404 1.2
      vertex -18.49664530158043 -28.000026419758797 1.2
      vertex -18.49664530158043 -28.000026419758797 15.6
    endloop
  endfacet
  facet normal 0.9415440610798975 0.33688986485968075 0
    outer loop
      vertex -18.662983156740665 -27.68883018195629 1.2
      vertex -18.72249260544777 -27.522512421011925 1.2
      vertex -18.72249260544777 -27.522512421011925 15.6
    endloop
  endfacet
  facet normal 0.242980191767943 0.9700312502225965 0
    outer loop
      vertex -17.522512421011925 -28.72249260544777 1.2
      vertex -17.522512421011925 -28.72249260544777 15.6
      vertex -17.35116258263588 -28.765413507819176 1.2
    endloop
  endfacet
  facet normal 0.1467304406133819 0.9891765149847638 0
    outer loop
      vertex -17.35116258263588 -28.765413507819176 1.2
      vertex -17.35116258263588 -28.765413507819176 15.6
      vertex -17.176430851221085 -28.791332505643368 1.2
    endloop
  endfacet
  facet normal 0.04906767124254976 0.9987954563567223 0
    outer loop
      vertex -17.176430851221085 -28.791332505643368 1.2
      vertex -17.176430851221085 -28.791332505643368 15.6
      vertex -17 -28.799999997019768 1.2
    endloop
  endfacet
  facet normal 0 0 1
    outer loop
      vertex -18.799999997019768 -27 1.2
      vertex -12.243980908340246 -6.877478574588049 1.2
      vertex -16.70406931026309 14.02013370533081 1.2
    endloop
  endfacet
  facet normal 0 0 1
    outer loop
      vertex -18.799999997019768 -27 1.2
      vertex -12.15484941563911 -7.4783542904563625 1.2
      vertex -12.196175419665261 -7.362855846568078 1.2
    endloop
  endfacet
  facet normal 0 0 1
    outer loop
      vertex -18.799999997019768 -27 1.2
      vertex -12.196175419665261 -7.362855846568078 1.2
      vertex -12.225981600504038 -7.24386290252016 1.2
    endloop
  endfacet
  facet normal 0 0 1
    outer loop
      vertex -18.799999997019768 -27 1.2
      vertex -12.225981600504038 -7.24386290252016 1.2
      vertex -12.243980908340246 -7.122521425411951 1.2
    endloop
  endfacet
  facet normal 0 0 1
    outer loop
      vertex -18.799999997019768 -27 1.2
      vertex -12.243980908340246 -7.122521425411951 1.2
      vertex -12.25 -7 1.2
    endloop
  endfacet
  facet normal 0 0 1
    outer loop
      vertex -18.799999997019768 -27 1.2
      vertex -12.25 -7 1.2
      vertex -12.243980908340246 -6.877478574588049 1.2
    endloop
  endfacet
  facet normal 0 0 1
    outer loop
      vertex -18.799999997019768 -27 1.2
      vertex -12.039337015378182 -7.6944627912745025 1.2
      vertex -12.102401580435444 -7.589245921032497 1.2
    endloop
  endfacet
  facet normal 0 0 1
    outer loop
      vertex -18.799999997019768 -27 1.2
      vertex -11.966263066703421 -7.792991605204557 1.2
      vertex -12.039337015378182 -7.6944627912745025 1.2
    endloop
  endfacet
  facet normal 0 0 1
    outer loop
      vertex -18.799999997019768 -27 1.2
      vertex -11.694462791274503 -8.039337015378182 1.2
      vertex -11.792991605204557 -7.966263066703421 1.2
    endloop
  endfacet
  facet normal 0 0 1
    outer loop
      vertex -18.799999997019768 -27 1.2
      vertex -11.883883476483184 -7.883883476483184 1.2
      vertex -11.966263066703421 -7.792991605204557 1.2
    endloop
  endfacet
  facet normal 0 0 1
    outer loop
      vertex -18.799999997019768 -27 1.2
      vertex -11.792991605204557 -7.966263066703421 1.2
      vertex -11.883883476483184 -7.883883476483184 1.2
    endloop
  endfacet
  facet normal 0 0 1
    outer loop
      vertex -18.799999997019768 -27 1.2
      vertex -11.589245921032497 -8.102401580435444 1.2
      vertex -11.694462791274503 -8.039337015378182 1.2
    endloop
  endfacet
  facet normal 0 0 1
    outer loop
      vertex -18.799999997019768 -27 1.2
      vertex -11.478354290456362 -8.15484941563911 1.2
      vertex -11.589245921032497 -8.102401580435444 1.2
    endloop
  endfacet
  facet normal 0 0 1
    outer loop
      vertex -18.799999997019768 -27 1.2
      vertex -11.362855846568078 -8.196175419665261 1.2
      vertex -11.478354290456362 -8.15484941563911 1.2
    endloop
  endfacet
  facet normal 0 0 1
    outer loop
      vertex -18.799999997019768 -27 1.2
      vertex -11.24386290252016 -8.225981600504038 1.2
      vertex -11.362855846568078 -8.196175419665261 1.2
    endloop
  endfacet
  facet normal 0 0 1
    outer loop
      vertex -18.799999997019768 -27 1.2
      vertex -12.102401580435444 -7.589245921032497 1.2
      vertex -12.15484941563911 -7.4783542904563625 1.2
    endloop
  endfacet
  facet normal 0 0 1
    outer loop
      vertex -18.799999997019768 -27 1.2
      vertex -11.12252142541195 -8.243980908340246 1.2
      vertex -11.24386290252016 -8.225981600504038 1.2
    endloop
  endfacet
  facet normal 0 0 1
    outer loop
      vertex -18.799999997019768 -27 1.2
      vertex -11 -8.25 1.2
      vertex -11.12252142541195 -8.243980908340246 1.2
    endloop
  endfacet
  facet normal 0 0 1
    outer loop
      vertex -18.799999997019768 -27 1.2
      vertex -10.87747857458805 -8.243980908340246 1.2
      vertex -11 -8.25 1.2
    endloop
  endfacet
  facet normal 0 0 1
    outer loop
      vertex -18.799999997019768 -27 1.2
      vertex -10.75613709747984 -8.225981600504038 1.2
      vertex -10.87747857458805 -8.243980908340246 1.2
    endloop
  endfacet
  facet normal 0 0 1
    outer loop
      vertex -18.799999997019768 -27 1.2
      vertex -10.637144153431922 -8.196175419665261 1.2
      vertex -10.75613709747984 -8.225981600504038 1.2
    endloop
  endfacet
  facet normal 0 0 1
    outer loop
      vertex -18.799999997019768 -27 1.2
      vertex -10.521645709543638 -8.15484941563911 1.2
      vertex -10.637144153431922 -8.196175419665261 1.2
    endloop
  endfacet
  facet normal 0 0 1
    outer loop
      vertex -18.799999997019768 -27 1.2
      vertex -10.410754078967503 -8.102401580435444 1.2
      vertex -10.521645709543638 -8.15484941563911 1.2
    endloop
  endfacet
  facet normal 0 0 1
    outer loop
      vertex -18.799999997019768 -27 1.2
      vertex -10.305537208725497 -8.039337015378182 1.2
      vertex -10.410754078967503 -8.102401580435444 1.2
    endloop
  endfacet
  facet normal 0 0 1
    outer loop
      vertex -18.799999997019768 -27 1.2
      vertex -10.207008394795443 -7.966263066703421 1.2
      vertex -10.305537208725497 -8.039337015378182 1.2
    endloop
  endfacet
  facet normal 0 0 1
    outer loop
      vertex -18.799999997019768 -27 1.2
      vertex -10.116116523516816 -7.883883476483184 1.2
      vertex -10.207008394795443 -7.966263066703421 1.2
    endloop
  endfacet
  facet normal 0 0 1
    outer loop
      vertex -18.799999997019768 -27 1.2
      vertex -10.033736933296579 -7.792991605204557 1.2
      vertex -10.116116523516816 -7.883883476483184 1.2
    endloop
  endfacet
  facet normal 0 0 1
    outer loop
      vertex -18.799999997019768 -27 1.2
      vertex -9.960662984621818 -7.6944627912745025 1.2
      vertex -10.033736933296579 -7.792991605204557 1.2
    endloop
  endfacet
  facet normal 0 0 1
    outer loop
      vertex -18.799999997019768 -27 1.2
      vertex -9.897598419564556 -7.589245921032497 1.2
      vertex -9.960662984621818 -7.6944627912745025 1.2
    endloop
  endfacet
  facet normal 0 0 1
    outer loop
      vertex -18.799999997019768 -27 1.2
      vertex -9.84515058436089 -7.4783542904563625 1.2
      vertex -9.897598419564556 -7.589245921032497 1.2
    endloop
  endfacet
  facet normal 0 0 1
    outer loop
      vertex -12.225981600504038 -6.75613709747984 1.2
      vertex -12.196175419665261 -6.637144153431922 1.2
      vertex -16.246643904123495 13.335548206512689 1.2
    endloop
  endfacet
  facet normal 0 0 1
    outer loop
      vertex -12.039337015378182 -6.3055372087254975 1.2
      vertex -11.966263066703421 -6.207008394795443 1.2
      vertex -15.333394978682328 12.50782762832931 1.2
    endloop
  endfacet
  facet normal 0 0 1
    outer loop
      vertex -11.966263066703421 -6.207008394795443 1.2
      vertex -11.883883476483184 -6.116116523516816 1.2
      vertex -14.97986629466919 12.29593068973691 1.2
    endloop
  endfacet
  facet normal 0 0 1
    outer loop
      vertex -11.883883476483184 -6.116116523516816 1.2
      vertex -11.792991605204557 -6.033736933296579 1.2
      vertex -14.607270415933376 12.119705963452596 1.2
    endloop
  endfacet
  facet normal 0 0 1
    outer loop
      vertex -18.141907908022404 -28.39141881465912 1.2
      vertex 18.49664530158043 -28.000026419758797 1.2
      vertex -18.2727922052145 -28.2727922052145 1.2
    endloop
  endfacet
  facet normal 0 0 1
    outer loop
      vertex -17.68883018195629 -28.662983156740665 1.2
      vertex -17.522512421011925 -28.72249260544777 1.2
      vertex 18.000026419758797 -28.49664530158043 1.2
    endloop
  endfacet
  facet normal 0 0 1
    outer loop
      vertex -17.522512421011925 -28.72249260544777 1.2
      vertex -17.35116258263588 -28.765413507819176 1.2
      vertex 17.84851412475109 -28.58745827525854 1.2
    endloop
  endfacet
  facet normal 0 0 1
    outer loop
      vertex -17.84851412475109 -28.58745827525854 1.2
      vertex -17.68883018195629 -28.662983156740665 1.2
      vertex 18.141907908022404 -28.39141881465912 1.2
    endloop
  endfacet
  facet normal 0 0 1
    outer loop
      vertex -18.000026419758797 -28.49664530158043 1.2
      vertex -17.84851412475109 -28.58745827525854 1.2
      vertex 18.2727922052145 -28.2727922052145 1.2
    endloop
  endfacet
  facet normal 0 0 1
    outer loop
      vertex -18.141907908022404 -28.39141881465912 1.2
      vertex -18.000026419758797 -28.49664530158043 1.2
      vertex 18.39141881465912 -28.141907908022404 1.2
    endloop
  endfacet
  facet normal 0 0 1
    outer loop
      vertex -17.35116258263588 -28.765413507819176 1.2
      vertex -17.176430851221085 -28.791332505643368 1.2
      vertex 17.68883018195629 -28.662983156740665 1.2
    endloop
  endfacet
  facet normal 0 0 1
    outer loop
      vertex -17.176430851221085 -28.791332505643368 1.2
      vertex -17 -28.799999997019768 1.2
      vertex 17.522512421011925 -28.72249260544777 1.2
    endloop
  endfacet
  facet normal 0 0 1
    outer loop
      vertex -18.49664530158043 -28.000026419758797 1.2
      vertex 18.72249260544777 -27.522512421011925 1.2
      vertex -18.58745827525854 -27.84851412475109 1.2
    endloop
  endfacet
  facet normal 0 0 1
    outer loop
      vertex -18.39141881465912 -28.141907908022404 1.2
      vertex -18.2727922052145 -28.2727922052145 1.2
      vertex 18.58745827525854 -27.84851412475109 1.2
    endloop
  endfacet
  facet normal 0 0 1
    outer loop
      vertex -18.39141881465912 -28.141907908022404 1.2
      vertex 18.662983156740665 -27.68883018195629 1.2
      vertex -18.49664530158043 -28.000026419758797 1.2
    endloop
  endfacet
  facet normal 0 0 1
    outer loop
      vertex -18.662983156740665 -27.68883018195629 1.2
      vertex 18.791332505643368 -27.176430851221085 1.2
      vertex -18.72249260544777 -27.522512421011925 1.2
    endloop
  endfacet
  facet normal 0 0 1
    outer loop
      vertex -18.662983156740665 -27.68883018195629 1.2
      vertex -18.58745827525854 -27.84851412475109 1.2
      vertex 18.765413507819176 -27.35116258263588 1.2
    endloop
  endfacet
  facet normal 0 0 1
    outer loop
      vertex -18.765413507819176 -27.35116258263588 1.2
      vertex -18.72249260544777 -27.522512421011925 1.2
      vertex 18.799999997019768 -27 1.2
    endloop
  endfacet
  facet normal 0 1 0
    outer loop
      vertex -17 -28.799999997019768 1.2
      vertex -17 -28.799999997019768 15.6
      vertex 17 -28.799999997019768 1.2
    endloop
  endfacet
  facet normal 0 0 1
    outer loop
      vertex -18.765413507819176 -27.35116258263588 1.2
      vertex 9.753356095876505 13.335548206512689 1.2
      vertex -18.791332505643368 -27.176430851221085 1.2
    endloop
  endfacet
  facet normal 0 0 1
    outer loop
      vertex -18.791332505643368 -27.176430851221085 1.2
      vertex 9.50782762832931 13.666605021317672 1.2
      vertex -18.799999997019768 -27 1.2
    endloop
  endfacet
  facet normal 0 0 1
    outer loop
      vertex -18.799999997019768 -27 1.2
      vertex 9.50782762832931 13.666605021317672 1.2
      vertex -9.84515058436089 -7.4783542904563625 1.2
    endloop
  endfacet
  facet normal 0 0 1
    outer loop
      vertex -9.84515058436089 -7.4783542904563625 1.2
      vertex 9.50782762832931 13.666605021317672 1.2
      vertex -9.803824580334739 -7.362855846568078 1.2
    endloop
  endfacet
  facet normal 0 0 1
    outer loop
      vertex -9.803824580334739 -7.362855846568078 1.2
      vertex 9.50782762832931 13.666605021317672 1.2
      vertex -9.774018399495962 -7.24386290252016 1.2
    endloop
  endfacet
  facet normal 0 0 1
    outer loop
      vertex -9.774018399495962 -7.24386290252016 1.2
      vertex 9.50782762832931 13.666605021317672 1.2
      vertex -9.756019091659754 -7.122521425411951 1.2
    endloop
  endfacet
  facet normal 0 0 1
    outer loop
      vertex -9.756019091659754 -7.122521425411951 1.2
      vertex 9.50782762832931 13.666605021317672 1.2
      vertex -9.75 -7 1.2
    endloop
  endfacet
  facet normal 0 0 1
    outer loop
      vertex -9.75 -7 1.2
      vertex 9.50782762832931 13.666605021317672 1.2
      vertex -9.756019091659754 -6.877478574588049 1.2
    endloop
  endfacet
  facet normal 0.9891765149847638 0.1467304406133819 0
    outer loop
      vertex -18.765413507819176 -27.35116258263588 1.2
      vertex -18.791332505643368 -27.176430851221085 15.6
      vertex -18.765413507819176 -27.35116258263588 15.6
    endloop
  endfacet
  facet normal 0.9987954563567223 0.04906767124254976 0
    outer loop
      vertex -18.791332505643368 -27.176430851221085 1.2
      vertex -18.799999997019768 -27 15.6
      vertex -18.791332505643368 -27.176430851221085 15.6
    endloop
  endfacet
  facet normal 0.740951133198693 0.6715589461927918 0
    outer loop
      vertex -18.2727922052145 -28.2727922052145 1.2
      vertex -18.39141881465912 -28.141907908022404 15.6
      vertex -18.2727922052145 -28.2727922052145 15.6
    endloop
  endfacet
  facet normal 0.6715589461927918 0.740951133198693 0
    outer loop
      vertex -18.141907908022404 -28.39141881465912 1.2
      vertex -18.2727922052145 -28.2727922052145 15.6
      vertex -18.141907908022404 -28.39141881465912 15.6
    endloop
  endfacet
  facet normal 0.595699317803761 0.8032075216082913 0
    outer loop
      vertex -18.000026419758797 -28.49664530158043 1.2
      vertex -18.141907908022404 -28.39141881465912 15.6
      vertex -18.000026419758797 -28.49664530158043 15.6
    endloop
  endfacet
  facet normal 0.5141027395339042 0.8577286127929595 0
    outer loop
      vertex -17.84851412475109 -28.58745827525854 1.2
      vertex -18.000026419758797 -28.49664530158043 15.6
      vertex -17.84851412475109 -28.58745827525854 15.6
    endloop
  endfacet
  facet normal 0.42755509928127655 0.903989290356129 0
    outer loop
      vertex -17.68883018195629 -28.662983156740665 1.2
      vertex -17.84851412475109 -28.58745827525854 15.6
      vertex -17.68883018195629 -28.662983156740665 15.6
    endloop
  endfacet
  facet normal 0.33688986485968075 0.9415440610798975 0
    outer loop
      vertex -17.522512421011925 -28.72249260544777 1.2
      vertex -17.68883018195629 -28.662983156740665 15.6
      vertex -17.522512421011925 -28.72249260544777 15.6
    endloop
  endfacet
  facet normal 0.903989290356129 0.42755509928127655 0
    outer loop
      vertex -18.58745827525854 -27.84851412475109 1.2
      vertex -18.662983156740665 -27.68883018195629 15.6
      vertex -18.58745827525854 -27.84851412475109 15.6
    endloop
  endfacet
  facet normal 0.8577286127929595 0.5141027395339042 0
    outer loop
      vertex -18.49664530158043 -28.000026419758797 1.2
      vertex -18.58745827525854 -27.84851412475109 15.6
      vertex -18.49664530158043 -28.000026419758797 15.6
    endloop
  endfacet
  facet normal 0.9415440610798975 0.33688986485968075 0
    outer loop
      vertex -18.662983156740665 -27.68883018195629 1.2
      vertex -18.72249260544777 -27.522512421011925 15.6
      vertex -18.662983156740665 -27.68883018195629 15.6
    endloop
  endfacet
  facet normal 0.9700312502225965 0.242980191767943 0
    outer loop
      vertex -18.72249260544777 -27.522512421011925 1.2
      vertex -18.765413507819176 -27.35116258263588 15.6
      vertex -18.72249260544777 -27.522512421011925 15.6
    endloop
  endfacet
  facet normal 0.8032075216082913 0.595699317803761 0
    outer loop
      vertex -18.39141881465912 -28.141907908022404 1.2
      vertex -18.49664530158043 -28.000026419758797 15.6
      vertex -18.39141881465912 -28.141907908022404 15.6
    endloop
  endfacet
  facet normal 0.242980191767943 0.9700312502225965 0
    outer loop
      vertex -17.35116258263588 -28.765413507819176 1.2
      vertex -17.522512421011925 -28.72249260544777 15.6
      vertex -17.35116258263588 -28.765413507819176 15.6
    endloop
  endfacet
  facet normal 0.1467304406133819 0.9891765149847638 0
    outer loop
      vertex -17.176430851221085 -28.791332505643368 1.2
      vertex -17.35116258263588 -28.765413507819176 15.6
      vertex -17.176430851221085 -28.791332505643368 15.6
    endloop
  endfacet
  facet normal 0.04906767124254976 0.9987954563567223 0
    outer loop
      vertex -17 -28.799999997019768 1.2
      vertex -17.176430851221085 -28.791332505643368 15.6
      vertex -17 -28.799999997019768 15.6
    endloop
  endfacet
  facet normal 1 0 0
    outer loop
      vertex -18.799999997019768 -27 1.2
      vertex -18.799999997019768 27 15.6
      vertex -18.799999997019768 -27 15.6
    endloop
  endfacet
  facet normal 0 0 1
    outer loop
      vertex -18.799999997019768 -27 1.2
      vertex -16.880294036547404 14.392729584066624 1.2
      vertex -17.01914941007528 14.780804355531258 1.2
    endloop
  endfacet
  facet normal 0 0 1
    outer loop
      vertex -18.799999997019768 -27 1.2
      vertex -17.11929817769357 15.180620647532262 1.2
      vertex -17.179775852023226 15.588328010615845 1.2
    endloop
  endfacet
  facet normal 0 0 1
    outer loop
      vertex -18.799999997019768 -27 1.2
      vertex -17.01914941007528 14.780804355531258 1.2
      vertex -17.11929817769357 15.180620647532262 1.2
    endloop
  endfacet
  facet normal 0 0 1
    outer loop
      vertex -18.799999997019768 -27 1.2
      vertex -17.179775852023226 15.588328010615845 1.2
      vertex -17.2 16 1.2
    endloop
  endfacet
  facet normal 0 0 1
    outer loop
      vertex -18.799999997019768 -27 1.2
      vertex -17.2 16 1.2
      vertex -18.799999997019768 27 1.2
    endloop
  endfacet
  facet normal 0 0 1
    outer loop
      vertex -18.799999997019768 -27 1.2
      vertex -16.70406931026309 14.02013370533081 1.2
      vertex -16.880294036547404 14.392729584066624 1.2
    endloop
  endfacet
  facet normal 0 0 1
    outer loop
      vertex -12.243980908340246 -6.877478574588049 1.2
      vertex -16.49217237167069 13.666605021317672 1.2
      vertex -16.70406931026309 14.02013370533081 1.2
    endloop
  endfacet
  facet normal 0 0 1
    outer loop
      vertex -12.243980908340246 -6.877478574588049 1.2
      vertex -12.225981600504038 -6.75613709747984 1.2
      vertex -16.49217237167069 13.666605021317672 1.2
    endloop
  endfacet
  facet normal 0 0 1
    outer loop
      vertex -12.196175419665261 -6.637144153431922 1.2
      vertex -12.15484941563911 -6.5216457095436375 1.2
      vertex -16.246643904123495 13.335548206512689 1.2
    endloop
  endfacet
  facet normal 0 0 1
    outer loop
      vertex -12.15484941563911 -6.5216457095436375 1.2
      vertex -12.102401580435444 -6.410754078967503 1.2
      vertex -15.9698484809835 13.0301515190165 1.2
    endloop
  endfacet
  facet normal 0 0 1
    outer loop
      vertex -12.102401580435444 -6.410754078967503 1.2
      vertex -12.039337015378182 -6.3055372087254975 1.2
      vertex -15.664451793487311 12.753356095876505 1.2
    endloop
  endfacet
  facet normal 0 0 1
    outer loop
      vertex -11.792991605204557 -6.033736933296579 1.2
      vertex -11.694462791274503 -5.960662984621818 1.2
      vertex -14.607270415933376 12.119705963452596 1.2
    endloop
  endfacet
  facet normal 0 0 1
    outer loop
      vertex -11.694462791274503 -5.960662984621818 1.2
      vertex -11.589245921032497 -5.897598419564556 1.2
      vertex -14.219195644468742 11.980850589924723 1.2
    endloop
  endfacet
  facet normal 0 0 1
    outer loop
      vertex -12.102401580435444 -6.410754078967503 1.2
      vertex -15.664451793487311 12.753356095876505 1.2
      vertex -15.9698484809835 13.0301515190165 1.2
    endloop
  endfacet
  facet normal 0 0 1
    outer loop
      vertex -12.225981600504038 -6.75613709747984 1.2
      vertex -16.246643904123495 13.335548206512689 1.2
      vertex -16.49217237167069 13.666605021317672 1.2
    endloop
  endfacet
  facet normal 0 0 1
    outer loop
      vertex -12.15484941563911 -6.5216457095436375 1.2
      vertex -15.9698484809835 13.0301515190165 1.2
      vertex -16.246643904123495 13.335548206512689 1.2
    endloop
  endfacet
  facet normal 0 0 1
    outer loop
      vertex -12.039337015378182 -6.3055372087254975 1.2
      vertex -15.333394978682328 12.50782762832931 1.2
      vertex -15.664451793487311 12.753356095876505 1.2
    endloop
  endfacet
  facet normal 0 0 1
    outer loop
      vertex -11.966263066703421 -6.207008394795443 1.2
      vertex -14.97986629466919 12.29593068973691 1.2
      vertex -15.333394978682328 12.50782762832931 1.2
    endloop
  endfacet
  facet normal 0 0 1
    outer loop
      vertex -11.883883476483184 -6.116116523516816 1.2
      vertex -14.607270415933376 12.119705963452596 1.2
      vertex -14.97986629466919 12.29593068973691 1.2
    endloop
  endfacet
  facet normal 0 0 1
    outer loop
      vertex -11.694462791274503 -5.960662984621818 1.2
      vertex -14.219195644468742 11.980850589924723 1.2
      vertex -14.607270415933376 12.119705963452596 1.2
    endloop
  endfacet
  facet normal 0 0 1
    outer loop
      vertex -11.589245921032497 -5.897598419564556 1.2
      vertex -13.819379352467738 11.880701822306431 1.2
      vertex -14.219195644468742 11.980850589924723 1.2
    endloop
  endfacet
  facet normal 0 0 1
    outer loop
      vertex -11.478354290456362 -5.8451505843608915 1.2
      vertex -13.411671989384155 11.820224147976774 1.2
      vertex -13.819379352467738 11.880701822306431 1.2
    endloop
  endfacet
  facet normal 0 0 1
    outer loop
      vertex -11.362855846568078 -5.803824580334739 1.2
      vertex -13 11.8 1.2
      vertex -13.411671989384155 11.820224147976774 1.2
    endloop
  endfacet
  facet normal 0 0 1
    outer loop
      vertex -11.589245921032497 -5.897598419564556 1.2
      vertex -11.478354290456362 -5.8451505843608915 1.2
      vertex -13.819379352467738 11.880701822306431 1.2
    endloop
  endfacet
  facet normal 0 0 1
    outer loop
      vertex -11.478354290456362 -5.8451505843608915 1.2
      vertex -11.362855846568078 -5.803824580334739 1.2
      vertex -13.411671989384155 11.820224147976774 1.2
    endloop
  endfacet
  facet normal 0 0 1
    outer loop
      vertex -11.362855846568078 -5.803824580334739 1.2
      vertex -11.24386290252016 -5.7740183994959615 1.2
      vertex -13 11.8 1.2
    endloop
  endfacet
  facet normal 0 0 1
    outer loop
      vertex -11.24386290252016 -5.7740183994959615 1.2
      vertex -11.12252142541195 -5.756019091659754 1.2
      vertex -13 11.8 1.2
    endloop
  endfacet
  facet normal 0 0 1
    outer loop
      vertex -11.12252142541195 -5.756019091659754 1.2
      vertex -11 -5.75 1.2
      vertex -12.588328010615845 11.820224147976774 1.2
    endloop
  endfacet
  facet normal 0 0 1
    outer loop
      vertex -11 -5.75 1.2
      vertex -10.87747857458805 -5.756019091659754 1.2
      vertex -12.588328010615845 11.820224147976774 1.2
    endloop
  endfacet
  facet normal 0 0 1
    outer loop
      vertex -10.87747857458805 -5.756019091659754 1.2
      vertex -10.75613709747984 -5.7740183994959615 1.2
      vertex -12.180620647532262 11.880701822306431 1.2
    endloop
  endfacet
  facet normal 0 0 1
    outer loop
      vertex -10.75613709747984 -5.7740183994959615 1.2
      vertex -10.637144153431922 -5.803824580334739 1.2
      vertex -11.780804355531258 11.980850589924723 1.2
    endloop
  endfacet
  facet normal 0 0 1
    outer loop
      vertex -10.637144153431922 -5.803824580334739 1.2
      vertex -10.521645709543638 -5.8451505843608915 1.2
      vertex -11.780804355531258 11.980850589924723 1.2
    endloop
  endfacet
  facet normal 0 0 1
    outer loop
      vertex -11.12252142541195 -5.756019091659754 1.2
      vertex -12.588328010615845 11.820224147976774 1.2
      vertex -13 11.8 1.2
    endloop
  endfacet
  facet normal 0 0 1
    outer loop
      vertex -10.87747857458805 -5.756019091659754 1.2
      vertex -12.180620647532262 11.880701822306431 1.2
      vertex -12.588328010615845 11.820224147976774 1.2
    endloop
  endfacet
  facet normal 0 0 1
    outer loop
      vertex -10.75613709747984 -5.7740183994959615 1.2
      vertex -11.780804355531258 11.980850589924723 1.2
      vertex -12.180620647532262 11.880701822306431 1.2
    endloop
  endfacet
  facet normal 0 0 1
    outer loop
      vertex -10.521645709543638 -5.8451505843608915 1.2
      vertex -11.392729584066624 12.119705963452596 1.2
      vertex -11.780804355531258 11.980850589924723 1.2
    endloop
  endfacet
  facet normal 0 0 1
    outer loop
      vertex -10.521645709543638 -5.8451505843608915 1.2
      vertex -11.02013370533081 12.29593068973691 1.2
      vertex -11.392729584066624 12.119705963452596 1.2
    endloop
  endfacet
  facet normal 0 0 1
    outer loop
      vertex -10.521645709543638 -5.8451505843608915 1.2
      vertex -10.666605021317672 12.50782762832931 1.2
      vertex -11.02013370533081 12.29593068973691 1.2
    endloop
  endfacet
  facet normal 0 0 1
    outer loop
      vertex -10.521645709543638 -5.8451505843608915 1.2
      vertex -10.335548206512689 12.753356095876505 1.2
      vertex -10.666605021317672 12.50782762832931 1.2
    endloop
  endfacet
  facet normal 0 0 1
    outer loop
      vertex -10.521645709543638 -5.8451505843608915 1.2
      vertex -10.0301515190165 13.0301515190165 1.2
      vertex -10.335548206512689 12.753356095876505 1.2
    endloop
  endfacet
  facet normal 0 0 1
    outer loop
      vertex -10.521645709543638 -5.8451505843608915 1.2
      vertex -9.753356095876505 13.335548206512689 1.2
      vertex -10.0301515190165 13.0301515190165 1.2
    endloop
  endfacet
  facet normal 1 0 0
    outer loop
      vertex -18.799999997019768 -27 1.2
      vertex -18.799999997019768 27 1.2
      vertex -18.799999997019768 27 15.6
    endloop
  endfacet
  facet normal 0 0 1
    outer loop
      vertex -17.2 16 1.2
      vertex -17.179775852023226 16.411671989384153 1.2
      vertex -18.799999997019768 27 1.2
    endloop
  endfacet
  facet normal 0 0 1
    outer loop
      vertex -17.179775852023226 16.411671989384153 1.2
      vertex -17.11929817769357 16.819379352467738 1.2
      vertex -18.799999997019768 27 1.2
    endloop
  endfacet
  facet normal 0 0 1
    outer loop
      vertex -17.11929817769357 16.819379352467738 1.2
      vertex -17.01914941007528 17.21919564446874 1.2
      vertex -18.799999997019768 27 1.2
    endloop
  endfacet
  facet normal 0 0 1
    outer loop
      vertex -17.01914941007528 17.21919564446874 1.2
      vertex -16.880294036547404 17.607270415933378 1.2
      vertex -18.799999997019768 27 1.2
    endloop
  endfacet
  facet normal 0 0 1
    outer loop
      vertex -16.880294036547404 17.607270415933378 1.2
      vertex -16.70406931026309 17.97986629466919 1.2
      vertex -18.799999997019768 27 1.2
    endloop
  endfacet
  facet normal 0 0 1
    outer loop
      vertex -16.70406931026309 17.97986629466919 1.2
      vertex -16.49217237167069 18.33339497868233 1.2
      vertex -15.1 24 1.2
    endloop
  endfacet
  facet normal 0 0 1
    outer loop
      vertex -16.49217237167069 18.33339497868233 1.2
      vertex -16.246643904123495 18.66445179348731 1.2
      vertex -15.059649088846784 23.59031032376613 1.2
    endloop
  endfacet
  facet normal 0 0 1
    outer loop
      vertex -16.246643904123495 18.66445179348731 1.2
      vertex -15.9698484809835 18.9698484809835 1.2
      vertex -15.00957470503764 23.39040217776563 1.2
    endloop
  endfacet
  facet normal 0 0 1
    outer loop
      vertex -15.9698484809835 18.9698484809835 1.2
      vertex -15.664451793487311 19.246643904123495 1.2
      vertex -14.940147018273702 23.19636479203331 1.2
    endloop
  endfacet
  facet normal 0 0 1
    outer loop
      vertex -15.664451793487311 19.246643904123495 1.2
      vertex -15.333394978682328 19.49217237167069 1.2
      vertex -14.746086185835345 22.833302510658836 1.2
    endloop
  endfacet
  facet normal 0 0 1
    outer loop
      vertex -16.49217237167069 18.33339497868233 1.2
      vertex -15.059649088846784 23.59031032376613 1.2
      vertex -15.089887926011613 23.794164005307923 1.2
    endloop
  endfacet
  facet normal 0 0 1
    outer loop
      vertex -16.246643904123495 18.66445179348731 1.2
      vertex -15.00957470503764 23.39040217776563 1.2
      vertex -15.059649088846784 23.59031032376613 1.2
    endloop
  endfacet
  facet normal 0 0 1
    outer loop
      vertex -16.49217237167069 18.33339497868233 1.2
      vertex -15.089887926011613 23.794164005307923 1.2
      vertex -15.1 24 1.2
    endloop
  endfacet
  facet normal 0 0 1
    outer loop
      vertex -15.9698484809835 18.9698484809835 1.2
      vertex -14.940147018273702 23.19636479203331 1.2
      vertex -15.00957470503764 23.39040217776563 1.2
    endloop
  endfacet
  facet normal 0 0 1
    outer loop
      vertex -15.664451793487311 19.246643904123495 1.2
      vertex -14.746086185835345 22.833302510658836 1.2
      vertex -14.852034655131545 23.010066852665403 1.2
    endloop
  endfacet
  facet normal 0 0 1
    outer loop
      vertex -15.664451793487311 19.246643904123495 1.2
      vertex -14.852034655131545 23.010066852665403 1.2
      vertex -14.940147018273702 23.19636479203331 1.2
    endloop
  endfacet
  facet normal 0 0 1
    outer loop
      vertex -16.70406931026309 17.97986629466919 1.2
      vertex -15.1 24 1.2
      vertex -18.799999997019768 27 1.2
    endloop
  endfacet
  facet normal 0 0 1
    outer loop
      vertex -18.799999997019768 27 1.2
      vertex -15.1 24 1.2
      vertex -15.089887926011613 24.205835994692077 1.2
    endloop
  endfacet
  facet normal 0 0 1
    outer loop
      vertex -18.799999997019768 27 1.2
      vertex -15.089887926011613 24.205835994692077 1.2
      vertex -15.059649088846784 24.40968967623387 1.2
    endloop
  endfacet
  facet normal 0 0 1
    outer loop
      vertex -18.799999997019768 27 1.2
      vertex -15.059649088846784 24.40968967623387 1.2
      vertex -15.00957470503764 24.60959782223437 1.2
    endloop
  endfacet
  facet normal 0 0 1
    outer loop
      vertex -18.799999997019768 27 1.2
      vertex -15.00957470503764 24.60959782223437 1.2
      vertex -14.940147018273702 24.80363520796669 1.2
    endloop
  endfacet
  facet normal 0 0 1
    outer loop
      vertex -18.799999997019768 27 1.2
      vertex -14.940147018273702 24.80363520796669 1.2
      vertex -14.852034655131545 24.989933147334597 1.2
    endloop
  endfacet
  facet normal 0 0 1
    outer loop
      vertex -18.799999997019768 27 1.2
      vertex -14.852034655131545 24.989933147334597 1.2
      vertex -14.746086185835345 25.166697489341164 1.2
    endloop
  endfacet
  facet normal 0 0 1
    outer loop
      vertex -18.799999997019768 27 1.2
      vertex -14.746086185835345 25.166697489341164 1.2
      vertex -14.623321952061747 25.332225896743655 1.2
    endloop
  endfacet
  facet normal 0 0 1
    outer loop
      vertex -18.799999997019768 27 1.2
      vertex -14.623321952061747 25.332225896743655 1.2
      vertex -14.48492424049175 25.48492424049175 1.2
    endloop
  endfacet
  facet normal 0 0 1
    outer loop
      vertex -18.799999997019768 27 1.2
      vertex -14.48492424049175 25.48492424049175 1.2
      vertex -14.332225896743655 25.623321952061747 1.2
    endloop
  endfacet
  facet normal 0 0 1
    outer loop
      vertex -18.799999997019768 27 1.2
      vertex -14.332225896743655 25.623321952061747 1.2
      vertex -14.166697489341164 25.746086185835345 1.2
    endloop
  endfacet
  facet normal 0 0 1
    outer loop
      vertex -18.799999997019768 27 1.2
      vertex -14.166697489341164 25.746086185835345 1.2
      vertex -13.989933147334595 25.852034655131547 1.2
    endloop
  endfacet
  facet normal 0 0 1
    outer loop
      vertex -17.35116258263588 28.765413507819176 1.2
      vertex -17 28.799999997019768 1.2
      vertex -17.176430851221085 28.791332505643368 1.2
    endloop
  endfacet
  facet normal 0 0 1
    outer loop
      vertex -18.799999997019768 27 1.2
      vertex -13.989933147334595 25.852034655131547 1.2
      vertex -13.803635207966689 25.940147018273702 1.2
    endloop
  endfacet
  facet normal 0 0 1
    outer loop
      vertex -18.799999997019768 27 1.2
      vertex -13.803635207966689 25.940147018273702 1.2
      vertex -13.60959782223437 26.00957470503764 1.2
    endloop
  endfacet
  facet normal 0 0 1
    outer loop
      vertex -18.799999997019768 27 1.2
      vertex -13.60959782223437 26.00957470503764 1.2
      vertex -13.409689676233869 26.059649088846783 1.2
    endloop
  endfacet
  facet normal 0 0 1
    outer loop
      vertex -18.799999997019768 27 1.2
      vertex -13.409689676233869 26.059649088846783 1.2
      vertex -13.205835994692077 26.089887926011613 1.2
    endloop
  endfacet
  facet normal 0 0 1
    outer loop
      vertex -18.799999997019768 27 1.2
      vertex -13.205835994692077 26.089887926011613 1.2
      vertex -13 26.1 1.2
    endloop
  endfacet
  facet normal 0 0 1
    outer loop
      vertex -15.333394978682328 19.49217237167069 1.2
      vertex -14.97986629466919 19.70406931026309 1.2
      vertex -14.623321952061747 22.667774103256345 1.2
    endloop
  endfacet
  facet normal 0 0 1
    outer loop
      vertex -14.97986629466919 19.70406931026309 1.2
      vertex -14.607270415933376 19.880294036547404 1.2
      vertex -14.332225896743655 22.376678047938253 1.2
    endloop
  endfacet
  facet normal 0 0 1
    outer loop
      vertex -14.97986629466919 19.70406931026309 1.2
      vertex -14.332225896743655 22.376678047938253 1.2
      vertex -14.48492424049175 22.51507575950825 1.2
    endloop
  endfacet
  facet normal 0 0 1
    outer loop
      vertex -15.333394978682328 19.49217237167069 1.2
      vertex -14.623321952061747 22.667774103256345 1.2
      vertex -14.746086185835345 22.833302510658836 1.2
    endloop
  endfacet
  facet normal 0 0 1
    outer loop
      vertex -14.97986629466919 19.70406931026309 1.2
      vertex -14.48492424049175 22.51507575950825 1.2
      vertex -14.623321952061747 22.667774103256345 1.2
    endloop
  endfacet
  facet normal 0 0 1
    outer loop
      vertex -14.607270415933376 19.880294036547404 1.2
      vertex -14.219195644468742 20.01914941007528 1.2
      vertex -14.166697489341164 22.253913814164655 1.2
    endloop
  endfacet
  facet normal 0 0 1
    outer loop
      vertex -14.607270415933376 19.880294036547404 1.2
      vertex -14.166697489341164 22.253913814164655 1.2
      vertex -14.332225896743655 22.376678047938253 1.2
    endloop
  endfacet
  facet normal 0 0 1
    outer loop
      vertex -14.219195644468742 20.01914941007528 1.2
      vertex -13.989933147334595 22.147965344868453 1.2
      vertex -14.166697489341164 22.253913814164655 1.2
    endloop
  endfacet
  facet normal 0 0 1
    outer loop
      vertex -14.219195644468742 20.01914941007528 1.2
      vertex -13.819379352467738 20.11929817769357 1.2
      vertex -13.803635207966689 22.059852981726298 1.2
    endloop
  endfacet
  facet normal 0 0 1
    outer loop
      vertex -14.219195644468742 20.01914941007528 1.2
      vertex -13.803635207966689 22.059852981726298 1.2
      vertex -13.989933147334595 22.147965344868453 1.2
    endloop
  endfacet
  facet normal 0 0 1
    outer loop
      vertex -13.819379352467738 20.11929817769357 1.2
      vertex -13.411671989384155 20.179775852023226 1.2
      vertex -13.409689676233869 21.940350911153217 1.2
    endloop
  endfacet
  facet normal 0 0 1
    outer loop
      vertex -13.819379352467738 20.11929817769357 1.2
      vertex -13.60959782223437 21.99042529496236 1.2
      vertex -13.803635207966689 22.059852981726298 1.2
    endloop
  endfacet
  facet normal 0 0 1
    outer loop
      vertex -13.819379352467738 20.11929817769357 1.2
      vertex -13.409689676233869 21.940350911153217 1.2
      vertex -13.60959782223437 21.99042529496236 1.2
    endloop
  endfacet
  facet normal 0 0 1
    outer loop
      vertex -13.411671989384155 20.179775852023226 1.2
      vertex -13 20.2 1.2
      vertex -13 21.9 1.2
    endloop
  endfacet
  facet normal 0 0 1
    outer loop
      vertex -13.411671989384155 20.179775852023226 1.2
      vertex -13.205835994692077 21.910112073988387 1.2
      vertex -13.409689676233869 21.940350911153217 1.2
    endloop
  endfacet
  facet normal 0 0 1
    outer loop
      vertex -13.411671989384155 20.179775852023226 1.2
      vertex -13 21.9 1.2
      vertex -13.205835994692077 21.910112073988387 1.2
    endloop
  endfacet
  facet normal 0 0 1
    outer loop
      vertex -13 20.2 1.2
      vertex -12.794164005307923 21.910112073988387 1.2
      vertex -13 21.9 1.2
    endloop
  endfacet
  facet normal 0 0 1
    outer loop
      vertex -13 20.2 1.2
      vertex -12.588328010615845 20.179775852023226 1.2
      vertex -12.794164005307923 21.910112073988387 1.2
    endloop
  endfacet
  facet normal 0 0 1
    outer loop
      vertex -12.588328010615845 20.179775852023226 1.2
      vertex -12.590310323766131 21.940350911153217 1.2
      vertex -12.794164005307923 21.910112073988387 1.2
    endloop
  endfacet
  facet normal 0 0 1
    outer loop
      vertex -12.588328010615845 20.179775852023226 1.2
      vertex -12.39040217776563 21.99042529496236 1.2
      vertex -12.590310323766131 21.940350911153217 1.2
    endloop
  endfacet
  facet normal 0 0 1
    outer loop
      vertex -12.588328010615845 20.179775852023226 1.2
      vertex -12.180620647532262 20.11929817769357 1.2
      vertex -12.39040217776563 21.99042529496236 1.2
    endloop
  endfacet
  facet normal 0 0 1
    outer loop
      vertex -12.180620647532262 20.11929817769357 1.2
      vertex -12.196364792033311 22.059852981726298 1.2
      vertex -12.39040217776563 21.99042529496236 1.2
    endloop
  endfacet
  facet normal 0 0 1
    outer loop
      vertex -12.180620647532262 20.11929817769357 1.2
      vertex -11.780804355531258 20.01914941007528 1.2
      vertex -12.196364792033311 22.059852981726298 1.2
    endloop
  endfacet
  facet normal 0 0 1
    outer loop
      vertex -11.780804355531258 20.01914941007528 1.2
      vertex -11.392729584066624 19.880294036547404 1.2
      vertex -12.196364792033311 22.059852981726298 1.2
    endloop
  endfacet
  facet normal 0 0 1
    outer loop
      vertex -18.799999997019768 27 1.2
      vertex -13 26.1 1.2
      vertex -12.794164005307923 26.089887926011613 1.2
    endloop
  endfacet
  facet normal 0 0 1
    outer loop
      vertex -18.799999997019768 27 1.2
      vertex -12.794164005307923 26.089887926011613 1.2
      vertex -12.590310323766131 26.059649088846783 1.2
    endloop
  endfacet
  facet normal 0.9987954563567223 -0.04906767124254976 0
    outer loop
      vertex -18.799999997019768 27 1.2
      vertex -18.791332505643368 27.176430851221085 1.2
      vertex -18.791332505643368 27.176430851221085 15.6
    endloop
  endfacet
  facet normal 0.9891765149847638 -0.1467304406133819 0
    outer loop
      vertex -18.791332505643368 27.176430851221085 1.2
      vertex -18.765413507819176 27.35116258263588 1.2
      vertex -18.765413507819176 27.35116258263588 15.6
    endloop
  endfacet
  facet normal 0.9700312502225965 -0.242980191767943 0
    outer loop
      vertex -18.765413507819176 27.35116258263588 1.2
      vertex -18.72249260544777 27.522512421011925 1.2
      vertex -18.72249260544777 27.522512421011925 15.6
    endloop
  endfacet
  facet normal 0.9415440610798975 -0.33688986485968075 0
    outer loop
      vertex -18.72249260544777 27.522512421011925 1.2
      vertex -18.662983156740665 27.68883018195629 1.2
      vertex -18.662983156740665 27.68883018195629 15.6
    endloop
  endfacet
  facet normal 0.903989290356129 -0.42755509928127655 0
    outer loop
      vertex -18.662983156740665 27.68883018195629 1.2
      vertex -18.58745827525854 27.84851412475109 1.2
      vertex -18.58745827525854 27.84851412475109 15.6
    endloop
  endfacet
  facet normal 0.8577286127929595 -0.5141027395339042 0
    outer loop
      vertex -18.58745827525854 27.84851412475109 1.2
      vertex -18.49664530158043 28.000026419758797 1.2
      vertex -18.49664530158043 28.000026419758797 15.6
    endloop
  endfacet
  facet normal 0.8032075216082913 -0.595699317803761 0
    outer loop
      vertex -18.49664530158043 28.000026419758797 1.2
      vertex -18.39141881465912 28.141907908022404 1.2
      vertex -18.39141881465912 28.141907908022404 15.6
    endloop
  endfacet
  facet normal 0.740951133198693 -0.6715589461927918 0
    outer loop
      vertex -18.39141881465912 28.141907908022404 1.2
      vertex -18.2727922052145 28.2727922052145 1.2
      vertex -18.2727922052145 28.2727922052145 15.6
    endloop
  endfacet
  facet normal 0.6715589461927918 -0.740951133198693 0
    outer loop
      vertex -18.2727922052145 28.2727922052145 1.2
      vertex -18.141907908022404 28.39141881465912 1.2
      vertex -18.141907908022404 28.39141881465912 15.6
    endloop
  endfacet
  facet normal 0.595699317803761 -0.8032075216082913 0
    outer loop
      vertex -18.141907908022404 28.39141881465912 1.2
      vertex -18.000026419758797 28.49664530158043 1.2
      vertex -18.000026419758797 28.49664530158043 15.6
    endloop
  endfacet
  facet normal 0.5141027395339042 -0.8577286127929595 0
    outer loop
      vertex -18.000026419758797 28.49664530158043 1.2
      vertex -17.84851412475109 28.58745827525854 1.2
      vertex -17.84851412475109 28.58745827525854 15.6
    endloop
  endfacet
  facet normal 0.42755509928127655 -0.903989290356129 0
    outer loop
      vertex -17.84851412475109 28.58745827525854 1.2
      vertex -17.68883018195629 28.662983156740665 1.2
      vertex -17.68883018195629 28.662983156740665 15.6
    endloop
  endfacet
  facet normal 0.33688986485968075 -0.9415440610798975 0
    outer loop
      vertex -17.68883018195629 28.662983156740665 1.2
      vertex -17.522512421011925 28.72249260544777 1.2
      vertex -17.522512421011925 28.72249260544777 15.6
    endloop
  endfacet
  facet normal 0.242980191767943 -0.9700312502225965 0
    outer loop
      vertex -17.522512421011925 28.72249260544777 1.2
      vertex -17.35116258263588 28.765413507819176 1.2
      vertex -17.35116258263588 28.765413507819176 15.6
    endloop
  endfacet
  facet normal 0.1467304406133819 -0.9891765149847638 0
    outer loop
      vertex -17.35116258263588 28.765413507819176 1.2
      vertex -17.176430851221085 28.791332505643368 1.2
      vertex -17.176430851221085 28.791332505643368 15.6
    endloop
  endfacet
  facet normal 0.04906767124254976 -0.9987954563567223 0
    outer loop
      vertex -17.176430851221085 28.791332505643368 1.2
      vertex -17 28.799999997019768 1.2
      vertex -17 28.799999997019768 15.6
    endloop
  endfacet
  facet normal 0 0 1
    outer loop
      vertex -10.521645709543638 -5.8451505843608915 1.2
      vertex -9.50782762832931 13.666605021317672 1.2
      vertex -9.753356095876505 13.335548206512689 1.2
    endloop
  endfacet
  facet normal 0 0 1
    outer loop
      vertex -10.521645709543638 -5.8451505843608915 1.2
      vertex -9.29593068973691 14.02013370533081 1.2
      vertex -9.50782762832931 13.666605021317672 1.2
    endloop
  endfacet
  facet normal 0 0 1
    outer loop
      vertex -10.521645709543638 -5.8451505843608915 1.2
      vertex -9.119705963452596 14.392729584066624 1.2
      vertex -9.29593068973691 14.02013370533081 1.2
    endloop
  endfacet
  facet normal 0 0 1
    outer loop
      vertex -10.521645709543638 -5.8451505843608915 1.2
      vertex -10.410754078967503 -5.897598419564556 1.2
      vertex 9.29593068973691 14.02013370533081 1.2
    endloop
  endfacet
  facet normal 0 0 1
    outer loop
      vertex -10.116116523516816 -6.116116523516816 1.2
      vertex -10.033736933296579 -6.207008394795443 1.2
      vertex 9.50782762832931 13.666605021317672 1.2
    endloop
  endfacet
  facet normal 0 0 1
    outer loop
      vertex -9.897598419564556 -6.410754078967503 1.2
      vertex 9.50782762832931 13.666605021317672 1.2
      vertex -9.960662984621818 -6.3055372087254975 1.2
    endloop
  endfacet
  facet normal 0 0 1
    outer loop
      vertex -10.033736933296579 -6.207008394795443 1.2
      vertex -9.960662984621818 -6.3055372087254975 1.2
      vertex 9.50782762832931 13.666605021317672 1.2
    endloop
  endfacet
  facet normal 0 0 1
    outer loop
      vertex -10.410754078967503 -5.897598419564556 1.2
      vertex -10.305537208725497 -5.960662984621818 1.2
      vertex 9.50782762832931 13.666605021317672 1.2
    endloop
  endfacet
  facet normal 0 0 1
    outer loop
      vertex -10.305537208725497 -5.960662984621818 1.2
      vertex -10.207008394795443 -6.033736933296579 1.2
      vertex 9.50782762832931 13.666605021317672 1.2
    endloop
  endfacet
  facet normal 0 0 1
    outer loop
      vertex -10.116116523516816 -6.116116523516816 1.2
      vertex 9.50782762832931 13.666605021317672 1.2
      vertex -10.207008394795443 -6.033736933296579 1.2
    endloop
  endfacet
  facet normal 0 0 1
    outer loop
      vertex -9.803824580334739 -6.637144153431922 1.2
      vertex 9.50782762832931 13.666605021317672 1.2
      vertex -9.84515058436089 -6.5216457095436375 1.2
    endloop
  endfacet
  facet normal 0 0 1
    outer loop
      vertex -9.756019091659754 -6.877478574588049 1.2
      vertex 9.50782762832931 13.666605021317672 1.2
      vertex -9.774018399495962 -6.75613709747984 1.2
    endloop
  endfacet
  facet normal 0 0 1
    outer loop
      vertex -9.774018399495962 -6.75613709747984 1.2
      vertex 9.50782762832931 13.666605021317672 1.2
      vertex -9.803824580334739 -6.637144153431922 1.2
    endloop
  endfacet
  facet normal 0 0 1
    outer loop
      vertex -9.84515058436089 -6.5216457095436375 1.2
      vertex 9.50782762832931 13.666605021317672 1.2
      vertex -9.897598419564556 -6.410754078967503 1.2
    endloop
  endfacet
  facet normal 0 0 1
    outer loop
      vertex -10.521645709543638 -5.8451505843608915 1.2
      vertex 9.119705963452596 14.392729584066624 1.2
      vertex -9.119705963452596 14.392729584066624 1.2
    endloop
  endfacet
  facet normal 0 0 1
    outer loop
      vertex -9.119705963452596 14.392729584066624 1.2
      vertex 9.119705963452596 14.392729584066624 1.2
      vertex -8.980850589924723 14.780804355531258 1.2
    endloop
  endfacet
  facet normal 0 0 1
    outer loop
      vertex -8.980850589924723 14.780804355531258 1.2
      vertex 8.980850589924723 14.780804355531258 1.2
      vertex -8.880701822306431 15.180620647532262 1.2
    endloop
  endfacet
  facet normal 0 0 1
    outer loop
      vertex -18.799999997019768 27 1.2
      vertex -12.590310323766131 26.059649088846783 1.2
      vertex 12.39040217776563 26.00957470503764 1.2
    endloop
  endfacet
  facet normal 0 0 1
    outer loop
      vertex -18.799999997019768 27 1.2
      vertex 18.72249260544777 27.522512421011925 1.2
      vertex -18.791332505643368 27.176430851221085 1.2
    endloop
  endfacet
  facet normal 0 0 1
    outer loop
      vertex -18.791332505643368 27.176430851221085 1.2
      vertex 18.662983156740665 27.68883018195629 1.2
      vertex -18.765413507819176 27.35116258263588 1.2
    endloop
  endfacet
  facet normal 0 0 1
    outer loop
      vertex -18.765413507819176 27.35116258263588 1.2
      vertex 18.58745827525854 27.84851412475109 1.2
      vertex -18.72249260544777 27.522512421011925 1.2
    endloop
  endfacet
  facet normal 0 0 1
    outer loop
      vertex -18.72249260544777 27.522512421011925 1.2
      vertex 18.49664530158043 28.000026419758797 1.2
      vertex -18.662983156740665 27.68883018195629 1.2
    endloop
  endfacet
  facet normal 0 0 1
    outer loop
      vertex -18.662983156740665 27.68883018195629 1.2
      vertex 18.39141881465912 28.141907908022404 1.2
      vertex -18.58745827525854 27.84851412475109 1.2
    endloop
  endfacet
  facet normal 0 0 1
    outer loop
      vertex -18.58745827525854 27.84851412475109 1.2
      vertex 18.2727922052145 28.2727922052145 1.2
      vertex -18.49664530158043 28.000026419758797 1.2
    endloop
  endfacet
  facet normal 0 0 1
    outer loop
      vertex -18.49664530158043 28.000026419758797 1.2
      vertex 18.141907908022404 28.39141881465912 1.2
      vertex -18.39141881465912 28.141907908022404 1.2
    endloop
  endfacet
  facet normal 0 0 1
    outer loop
      vertex -18.39141881465912 28.141907908022404 1.2
      vertex 18.000026419758797 28.49664530158043 1.2
      vertex -18.2727922052145 28.2727922052145 1.2
    endloop
  endfacet
  facet normal 0 0 1
    outer loop
      vertex -18.2727922052145 28.2727922052145 1.2
      vertex 17.84851412475109 28.58745827525854 1.2
      vertex -18.141907908022404 28.39141881465912 1.2
    endloop
  endfacet
  facet normal 0 0 1
    outer loop
      vertex -18.141907908022404 28.39141881465912 1.2
      vertex 17.68883018195629 28.662983156740665 1.2
      vertex -18.000026419758797 28.49664530158043 1.2
    endloop
  endfacet
  facet normal 0 0 1
    outer loop
      vertex -18.000026419758797 28.49664530158043 1.2
      vertex 17.522512421011925 28.72249260544777 1.2
      vertex -17.84851412475109 28.58745827525854 1.2
    endloop
  endfacet
  facet normal 0 0 1
    outer loop
      vertex -17.84851412475109 28.58745827525854 1.2
      vertex 17.35116258263588 28.765413507819176 1.2
      vertex -17.68883018195629 28.662983156740665 1.2
    endloop
  endfacet
  facet normal 0 0 1
    outer loop
      vertex -17.68883018195629 28.662983156740665 1.2
      vertex 17.176430851221085 28.791332505643368 1.2
      vertex -17.522512421011925 28.72249260544777 1.2
    endloop
  endfacet
  facet normal 0 0 1
    outer loop
      vertex -17.522512421011925 28.72249260544777 1.2
      vertex 17 28.799999997019768 1.2
      vertex -17.35116258263588 28.765413507819176 1.2
    endloop
  endfacet
  facet normal 0 0 1
    outer loop
      vertex -17.35116258263588 28.765413507819176 1.2
      vertex 17 28.799999997019768 1.2
      vertex -17 28.799999997019768 1.2
    endloop
  endfacet
  facet normal 0 0 1
    outer loop
      vertex -8.880701822306431 15.180620647532262 1.2
      vertex 8.880701822306431 15.180620647532262 1.2
      vertex -8.820224147976774 15.588328010615845 1.2
    endloop
  endfacet
  facet normal 0 0 1
    outer loop
      vertex -8.820224147976774 15.588328010615845 1.2
      vertex 8.820224147976774 15.588328010615845 1.2
      vertex -8.8 16 1.2
    endloop
  endfacet
  facet normal 0 0 1
    outer loop
      vertex -8.8 16 1.2
      vertex 8.8 16 1.2
      vertex -8.820224147976774 16.411671989384153 1.2
    endloop
  endfacet
  facet normal 0 0 1
    outer loop
      vertex -8.820224147976774 16.411671989384153 1.2
      vertex 8.820224147976774 16.411671989384153 1.2
      vertex -8.880701822306431 16.819379352467738 1.2
    endloop
  endfacet
  facet normal 0 0 1
    outer loop
      vertex -9.50782762832931 18.33339497868233 1.2
      vertex -9.29593068973691 17.97986629466919 1.2
      vertex 9.29593068973691 17.97986629466919 1.2
    endloop
  endfacet
  facet normal 0 0 1
    outer loop
      vertex -9.753356095876505 18.66445179348731 1.2
      vertex -9.50782762832931 18.33339497868233 1.2
      vertex 9.50782762832931 18.33339497868233 1.2
    endloop
  endfacet
  facet normal 0 0 1
    outer loop
      vertex -8.880701822306431 16.819379352467738 1.2
      vertex 8.880701822306431 16.819379352467738 1.2
      vertex -8.980850589924723 17.21919564446874 1.2
    endloop
  endfacet
  facet normal 0 0 1
    outer loop
      vertex -9.119705963452596 17.607270415933378 1.2
      vertex -8.980850589924723 17.21919564446874 1.2
      vertex 8.980850589924723 17.21919564446874 1.2
    endloop
  endfacet
  facet normal 0 0 1
    outer loop
      vertex -9.119705963452596 17.607270415933378 1.2
      vertex 9.119705963452596 17.607270415933378 1.2
      vertex -9.29593068973691 17.97986629466919 1.2
    endloop
  endfacet
  facet normal 0 0 1
    outer loop
      vertex -11.392729584066624 19.880294036547404 1.2
      vertex 11.392729584066624 19.880294036547404 1.2
      vertex -12.196364792033311 22.059852981726298 1.2
    endloop
  endfacet
  facet normal 0 0 1
    outer loop
      vertex -11.392729584066624 19.880294036547404 1.2
      vertex -11.02013370533081 19.70406931026309 1.2
      vertex 11.02013370533081 19.70406931026309 1.2
    endloop
  endfacet
  facet normal 0 0 1
    outer loop
      vertex -12.196364792033311 22.059852981726298 1.2
      vertex 12.196364792033311 22.059852981726298 1.2
      vertex -12.010066852665405 22.147965344868453 1.2
    endloop
  endfacet
  facet normal 0 0 1
    outer loop
      vertex -12.010066852665405 22.147965344868453 1.2
      vertex 12.010066852665405 22.147965344868453 1.2
      vertex -11.833302510658836 22.253913814164655 1.2
    endloop
  endfacet
  facet normal 0 0 1
    outer loop
      vertex -11.833302510658836 22.253913814164655 1.2
      vertex 11.833302510658836 22.253913814164655 1.2
      vertex -11.667774103256345 22.376678047938253 1.2
    endloop
  endfacet
  facet normal 0 0 1
    outer loop
      vertex -11.667774103256345 22.376678047938253 1.2
      vertex 11.667774103256345 22.376678047938253 1.2
      vertex -11.51507575950825 22.51507575950825 1.2
    endloop
  endfacet
  facet normal 0 0 1
    outer loop
      vertex -10.335548206512689 19.246643904123495 1.2
      vertex -10.0301515190165 18.9698484809835 1.2
      vertex 10.0301515190165 18.9698484809835 1.2
    endloop
  endfacet
  facet normal 0 0 1
    outer loop
      vertex -10.666605021317672 19.49217237167069 1.2
      vertex 10.666605021317672 19.49217237167069 1.2
      vertex -11.02013370533081 19.70406931026309 1.2
    endloop
  endfacet
  facet normal 0 0 1
    outer loop
      vertex -10.666605021317672 19.49217237167069 1.2
      vertex -10.335548206512689 19.246643904123495 1.2
      vertex 10.335548206512689 19.246643904123495 1.2
    endloop
  endfacet
  facet normal 0 0 1
    outer loop
      vertex -10.0301515190165 18.9698484809835 1.2
      vertex -9.753356095876505 18.66445179348731 1.2
      vertex 9.753356095876505 18.66445179348731 1.2
    endloop
  endfacet
  facet normal 0 0 1
    outer loop
      vertex -11.51507575950825 22.51507575950825 1.2
      vertex 11.51507575950825 22.51507575950825 1.2
      vertex -11.376678047938253 22.667774103256345 1.2
    endloop
  endfacet
  facet normal 0 0 1
    outer loop
      vertex -11.376678047938253 22.667774103256345 1.2
      vertex 11.376678047938253 22.667774103256345 1.2
      vertex -11.253913814164655 22.833302510658836 1.2
    endloop
  endfacet
  facet normal 0 0 1
    outer loop
      vertex -11.253913814164655 25.166697489341164 1.2
      vertex -11.147965344868455 24.989933147334597 1.2
      vertex 11.147965344868455 24.989933147334597 1.2
    endloop
  endfacet
  facet normal 0 0 1
    outer loop
      vertex -11.253913814164655 25.166697489341164 1.2
      vertex 11.253913814164655 25.166697489341164 1.2
      vertex -11.376678047938253 25.332225896743655 1.2
    endloop
  endfacet
  facet normal 0 0 1
    outer loop
      vertex -12.196364792033311 25.940147018273702 1.2
      vertex -12.010066852665405 25.852034655131547 1.2
      vertex 12.010066852665405 25.852034655131547 1.2
    endloop
  endfacet
  facet normal 0 0 1
    outer loop
      vertex -12.39040217776563 26.00957470503764 1.2
      vertex -12.196364792033311 25.940147018273702 1.2
      vertex 12.196364792033311 25.940147018273702 1.2
    endloop
  endfacet
  facet normal 0 0 1
    outer loop
      vertex -12.590310323766131 26.059649088846783 1.2
      vertex -12.39040217776563 26.00957470503764 1.2
      vertex 12.39040217776563 26.00957470503764 1.2
    endloop
  endfacet
  facet normal 0 0 1
    outer loop
      vertex -11.833302510658836 25.746086185835345 1.2
      vertex -11.667774103256345 25.623321952061747 1.2
      vertex 11.667774103256345 25.623321952061747 1.2
    endloop
  endfacet
  facet normal 0 0 1
    outer loop
      vertex -11.51507575950825 25.48492424049175 1.2
      vertex -11.376678047938253 25.332225896743655 1.2
      vertex 11.376678047938253 25.332225896743655 1.2
    endloop
  endfacet
  facet normal 0 0 1
    outer loop
      vertex -11.667774103256345 25.623321952061747 1.2
      vertex -11.51507575950825 25.48492424049175 1.2
      vertex 11.51507575950825 25.48492424049175 1.2
    endloop
  endfacet
  facet normal 0 0 1
    outer loop
      vertex -12.010066852665405 25.852034655131547 1.2
      vertex -11.833302510658836 25.746086185835345 1.2
      vertex 11.833302510658836 25.746086185835345 1.2
    endloop
  endfacet
  facet normal 0 0 1
    outer loop
      vertex -11.253913814164655 22.833302510658836 1.2
      vertex 11.253913814164655 22.833302510658836 1.2
      vertex -11.147965344868455 23.010066852665403 1.2
    endloop
  endfacet
  facet normal 0 0 1
    outer loop
      vertex -11.147965344868455 23.010066852665403 1.2
      vertex 11.147965344868455 23.010066852665403 1.2
      vertex -11.059852981726298 23.19636479203331 1.2
    endloop
  endfacet
  facet normal 0 0 1
    outer loop
      vertex -11.059852981726298 23.19636479203331 1.2
      vertex 11.059852981726298 23.19636479203331 1.2
      vertex -10.99042529496236 23.39040217776563 1.2
    endloop
  endfacet
  facet normal 0 0 1
    outer loop
      vertex -10.99042529496236 23.39040217776563 1.2
      vertex 10.99042529496236 23.39040217776563 1.2
      vertex -10.940350911153216 23.59031032376613 1.2
    endloop
  endfacet
  facet normal 0 0 1
    outer loop
      vertex -10.940350911153216 23.59031032376613 1.2
      vertex 10.940350911153216 23.59031032376613 1.2
      vertex -10.910112073988387 23.794164005307923 1.2
    endloop
  endfacet
  facet normal 0 0 1
    outer loop
      vertex -10.910112073988387 23.794164005307923 1.2
      vertex 10.910112073988387 23.794164005307923 1.2
      vertex -10.9 24 1.2
    endloop
  endfacet
  facet normal 0 0 1
    outer loop
      vertex -10.9 24 1.2
      vertex 10.9 24 1.2
      vertex -10.910112073988387 24.205835994692077 1.2
    endloop
  endfacet
  facet normal 0 0 1
    outer loop
      vertex -10.910112073988387 24.205835994692077 1.2
      vertex 10.910112073988387 24.205835994692077 1.2
      vertex -10.940350911153216 24.40968967623387 1.2
    endloop
  endfacet
  facet normal 0 0 1
    outer loop
      vertex -10.940350911153216 24.40968967623387 1.2
      vertex 10.940350911153216 24.40968967623387 1.2
      vertex -10.99042529496236 24.60959782223437 1.2
    endloop
  endfacet
  facet normal 0 0 1
    outer loop
      vertex -11.059852981726298 24.80363520796669 1.2
      vertex -10.99042529496236 24.60959782223437 1.2
      vertex 10.99042529496236 24.60959782223437 1.2
    endloop
  endfacet
  facet normal 0 0 1
    outer loop
      vertex -11.059852981726298 24.80363520796669 1.2
      vertex 11.059852981726298 24.80363520796669 1.2
      vertex -11.147965344868455 24.989933147334597 1.2
    endloop
  endfacet
  facet normal 0 -1 0
    outer loop
      vertex -17 28.799999997019768 1.2
      vertex 17 28.799999997019768 1.2
      vertex -6 28.799999997019768 3.25
    endloop
  endfacet
  facet normal 0 -1 0
    outer loop
      vertex -17 28.799999997019768 1.2
      vertex -6 28.799999997019768 3.25
      vertex -6 28.799999997019768 12.75
    endloop
  endfacet
  facet normal 0.9987954563567223 -0.04906767124254976 0
    outer loop
      vertex -18.799999997019768 27 1.2
      vertex -18.791332505643368 27.176430851221085 15.6
      vertex -18.799999997019768 27 15.6
    endloop
  endfacet
  facet normal 0.9891765149847638 -0.1467304406133819 0
    outer loop
      vertex -18.791332505643368 27.176430851221085 1.2
      vertex -18.765413507819176 27.35116258263588 15.6
      vertex -18.791332505643368 27.176430851221085 15.6
    endloop
  endfacet
  facet normal 0.9700312502225965 -0.242980191767943 0
    outer loop
      vertex -18.765413507819176 27.35116258263588 1.2
      vertex -18.72249260544777 27.522512421011925 15.6
      vertex -18.765413507819176 27.35116258263588 15.6
    endloop
  endfacet
  facet normal 0.9415440610798975 -0.33688986485968075 0
    outer loop
      vertex -18.72249260544777 27.522512421011925 1.2
      vertex -18.662983156740665 27.68883018195629 15.6
      vertex -18.72249260544777 27.522512421011925 15.6
    endloop
  endfacet
  facet normal 0.903989290356129 -0.42755509928127655 0
    outer loop
      vertex -18.662983156740665 27.68883018195629 1.2
      vertex -18.58745827525854 27.84851412475109 15.6
      vertex -18.662983156740665 27.68883018195629 15.6
    endloop
  endfacet
  facet normal 0.8577286127929595 -0.5141027395339042 0
    outer loop
      vertex -18.58745827525854 27.84851412475109 1.2
      vertex -18.49664530158043 28.000026419758797 15.6
      vertex -18.58745827525854 27.84851412475109 15.6
    endloop
  endfacet
  facet normal 0.8032075216082913 -0.595699317803761 0
    outer loop
      vertex -18.49664530158043 28.000026419758797 1.2
      vertex -18.39141881465912 28.141907908022404 15.6
      vertex -18.49664530158043 28.000026419758797 15.6
    endloop
  endfacet
  facet normal 0.740951133198693 -0.6715589461927918 0
    outer loop
      vertex -18.39141881465912 28.141907908022404 1.2
      vertex -18.2727922052145 28.2727922052145 15.6
      vertex -18.39141881465912 28.141907908022404 15.6
    endloop
  endfacet
  facet normal 0.6715589461927918 -0.740951133198693 0
    outer loop
      vertex -18.2727922052145 28.2727922052145 1.2
      vertex -18.141907908022404 28.39141881465912 15.6
      vertex -18.2727922052145 28.2727922052145 15.6
    endloop
  endfacet
  facet normal 0.595699317803761 -0.8032075216082913 0
    outer loop
      vertex -18.141907908022404 28.39141881465912 1.2
      vertex -18.000026419758797 28.49664530158043 15.6
      vertex -18.141907908022404 28.39141881465912 15.6
    endloop
  endfacet
  facet normal 0.5141027395339042 -0.8577286127929595 0
    outer loop
      vertex -18.000026419758797 28.49664530158043 1.2
      vertex -17.84851412475109 28.58745827525854 15.6
      vertex -18.000026419758797 28.49664530158043 15.6
    endloop
  endfacet
  facet normal 0.42755509928127655 -0.903989290356129 0
    outer loop
      vertex -17.84851412475109 28.58745827525854 1.2
      vertex -17.68883018195629 28.662983156740665 15.6
      vertex -17.84851412475109 28.58745827525854 15.6
    endloop
  endfacet
  facet normal 0.33688986485968075 -0.9415440610798975 0
    outer loop
      vertex -17.68883018195629 28.662983156740665 1.2
      vertex -17.522512421011925 28.72249260544777 15.6
      vertex -17.68883018195629 28.662983156740665 15.6
    endloop
  endfacet
  facet normal 0.242980191767943 -0.9700312502225965 0
    outer loop
      vertex -17.522512421011925 28.72249260544777 1.2
      vertex -17.35116258263588 28.765413507819176 15.6
      vertex -17.522512421011925 28.72249260544777 15.6
    endloop
  endfacet
  facet normal 0.1467304406133819 -0.9891765149847638 0
    outer loop
      vertex -17.35116258263588 28.765413507819176 1.2
      vertex -17.176430851221085 28.791332505643368 15.6
      vertex -17.35116258263588 28.765413507819176 15.6
    endloop
  endfacet
  facet normal 0.04906767124254976 -0.9987954563567223 0
    outer loop
      vertex -17.176430851221085 28.791332505643368 1.2
      vertex -17 28.799999997019768 15.6
      vertex -17.176430851221085 28.791332505643368 15.6
    endloop
  endfacet
  facet normal 0 -1 0
    outer loop
      vertex -17 28.799999997019768 1.2
      vertex -6 28.799999997019768 12.75
      vertex -17 28.799999997019768 15.6
    endloop
  endfacet
  facet normal 0 -1 0
    outer loop
      vertex -17 28.799999997019768 15.6
      vertex -6 28.799999997019768 12.75
      vertex 6 28.799999997019768 12.75
    endloop
  endfacet
  facet normal 0 0 1
    outer loop
      vertex -18.765413507819176 -27.35116258263588 1.2
      vertex 18.799999997019768 -27 1.2
      vertex 11.362855846568078 -8.196175419665261 1.2
    endloop
  endfacet
  facet normal 0 0 1
    outer loop
      vertex -17 -28.799999997019768 1.2
      vertex 17 -28.799999997019768 1.2
      vertex 17.35116258263588 -28.765413507819176 1.2
    endloop
  endfacet
  facet normal 0 0 1
    outer loop
      vertex -17 -28.799999997019768 1.2
      vertex 17.35116258263588 -28.765413507819176 1.2
      vertex 17.522512421011925 -28.72249260544777 1.2
    endloop
  endfacet
  facet normal 0 0 1
    outer loop
      vertex -17.176430851221085 -28.791332505643368 1.2
      vertex 17.522512421011925 -28.72249260544777 1.2
      vertex 17.68883018195629 -28.662983156740665 1.2
    endloop
  endfacet
  facet normal 0 0 1
    outer loop
      vertex -17.35116258263588 -28.765413507819176 1.2
      vertex 17.68883018195629 -28.662983156740665 1.2
      vertex 17.84851412475109 -28.58745827525854 1.2
    endloop
  endfacet
  facet normal 0 0 1
    outer loop
      vertex -17.522512421011925 -28.72249260544777 1.2
      vertex 17.84851412475109 -28.58745827525854 1.2
      vertex 18.000026419758797 -28.49664530158043 1.2
    endloop
  endfacet
  facet normal 0 0 1
    outer loop
      vertex -17.68883018195629 -28.662983156740665 1.2
      vertex 18.000026419758797 -28.49664530158043 1.2
      vertex 18.141907908022404 -28.39141881465912 1.2
    endloop
  endfacet
  facet normal 0 0 1
    outer loop
      vertex -17.84851412475109 -28.58745827525854 1.2
      vertex 18.141907908022404 -28.39141881465912 1.2
      vertex 18.2727922052145 -28.2727922052145 1.2
    endloop
  endfacet
  facet normal 0 0 1
    outer loop
      vertex -18.000026419758797 -28.49664530158043 1.2
      vertex 18.2727922052145 -28.2727922052145 1.2
      vertex 18.39141881465912 -28.141907908022404 1.2
    endloop
  endfacet
  facet normal 0 0 1
    outer loop
      vertex -18.141907908022404 -28.39141881465912 1.2
      vertex 18.39141881465912 -28.141907908022404 1.2
      vertex 18.49664530158043 -28.000026419758797 1.2
    endloop
  endfacet
  facet normal 0 0 1
    outer loop
      vertex -18.2727922052145 -28.2727922052145 1.2
      vertex 18.49664530158043 -28.000026419758797 1.2
      vertex 18.58745827525854 -27.84851412475109 1.2
    endloop
  endfacet
  facet normal 0 0 1
    outer loop
      vertex -18.39141881465912 -28.141907908022404 1.2
      vertex 18.58745827525854 -27.84851412475109 1.2
      vertex 18.662983156740665 -27.68883018195629 1.2
    endloop
  endfacet
  facet normal 0 0 1
    outer loop
      vertex -18.49664530158043 -28.000026419758797 1.2
      vertex 18.662983156740665 -27.68883018195629 1.2
      vertex 18.72249260544777 -27.522512421011925 1.2
    endloop
  endfacet
  facet normal 0 0 1
    outer loop
      vertex -18.58745827525854 -27.84851412475109 1.2
      vertex 18.72249260544777 -27.522512421011925 1.2
      vertex 18.765413507819176 -27.35116258263588 1.2
    endloop
  endfacet
  facet normal 0 0 1
    outer loop
      vertex -18.662983156740665 -27.68883018195629 1.2
      vertex 18.765413507819176 -27.35116258263588 1.2
      vertex 18.791332505643368 -27.176430851221085 1.2
    endloop
  endfacet
  facet normal 0 0 1
    outer loop
      vertex -18.72249260544777 -27.522512421011925 1.2
      vertex 18.791332505643368 -27.176430851221085 1.2
      vertex 18.799999997019768 -27 1.2
    endloop
  endfacet
  facet normal 0 0 1
    outer loop
      vertex -18.765413507819176 -27.35116258263588 1.2
      vertex 9.84515058436089 -7.4783542904563625 1.2
      vertex 9.803824580334739 -7.362855846568078 1.2
    endloop
  endfacet
  facet normal 0 0 1
    outer loop
      vertex -18.765413507819176 -27.35116258263588 1.2
      vertex 10.116116523516816 -7.883883476483184 1.2
      vertex 10.033736933296579 -7.792991605204557 1.2
    endloop
  endfacet
  facet normal 0 0 1
    outer loop
      vertex -18.765413507819176 -27.35116258263588 1.2
      vertex 9.960662984621818 -7.6944627912745025 1.2
      vertex 9.897598419564556 -7.589245921032497 1.2
    endloop
  endfacet
  facet normal 0 0 1
    outer loop
      vertex -18.765413507819176 -27.35116258263588 1.2
      vertex 9.897598419564556 -7.589245921032497 1.2
      vertex 9.84515058436089 -7.4783542904563625 1.2
    endloop
  endfacet
  facet normal 0 0 1
    outer loop
      vertex -18.765413507819176 -27.35116258263588 1.2
      vertex 10.033736933296579 -7.792991605204557 1.2
      vertex 9.960662984621818 -7.6944627912745025 1.2
    endloop
  endfacet
  facet normal 0 0 1
    outer loop
      vertex -18.765413507819176 -27.35116258263588 1.2
      vertex 10.207008394795443 -7.966263066703421 1.2
      vertex 10.116116523516816 -7.883883476483184 1.2
    endloop
  endfacet
  facet normal 0 0 1
    outer loop
      vertex -18.765413507819176 -27.35116258263588 1.2
      vertex 10.305537208725497 -8.039337015378182 1.2
      vertex 10.207008394795443 -7.966263066703421 1.2
    endloop
  endfacet
  facet normal 0 0 1
    outer loop
      vertex -18.765413507819176 -27.35116258263588 1.2
      vertex 9.803824580334739 -7.362855846568078 1.2
      vertex 9.774018399495962 -7.24386290252016 1.2
    endloop
  endfacet
  facet normal 0 0 1
    outer loop
      vertex -18.765413507819176 -27.35116258263588 1.2
      vertex 9.774018399495962 -7.24386290252016 1.2
      vertex 9.756019091659754 -7.122521425411951 1.2
    endloop
  endfacet
  facet normal 0 0 1
    outer loop
      vertex -18.765413507819176 -27.35116258263588 1.2
      vertex 9.756019091659754 -7.122521425411951 1.2
      vertex 9.75 -7 1.2
    endloop
  endfacet
  facet normal 0 0 1
    outer loop
      vertex -18.765413507819176 -27.35116258263588 1.2
      vertex 10.521645709543638 -8.15484941563911 1.2
      vertex 10.410754078967503 -8.102401580435444 1.2
    endloop
  endfacet
  facet normal 0 0 1
    outer loop
      vertex -18.765413507819176 -27.35116258263588 1.2
      vertex 10.637144153431922 -8.196175419665261 1.2
      vertex 10.521645709543638 -8.15484941563911 1.2
    endloop
  endfacet
  facet normal 0 0 1
    outer loop
      vertex -18.765413507819176 -27.35116258263588 1.2
      vertex 10.75613709747984 -8.225981600504038 1.2
      vertex 10.637144153431922 -8.196175419665261 1.2
    endloop
  endfacet
  facet normal 0 0 1
    outer loop
      vertex -18.765413507819176 -27.35116258263588 1.2
      vertex 10.410754078967503 -8.102401580435444 1.2
      vertex 10.305537208725497 -8.039337015378182 1.2
    endloop
  endfacet
  facet normal 0 0 1
    outer loop
      vertex -18.765413507819176 -27.35116258263588 1.2
      vertex 10.87747857458805 -8.243980908340246 1.2
      vertex 10.75613709747984 -8.225981600504038 1.2
    endloop
  endfacet
  facet normal 0 0 1
    outer loop
      vertex -18.765413507819176 -27.35116258263588 1.2
      vertex 11 -8.25 1.2
      vertex 10.87747857458805 -8.243980908340246 1.2
    endloop
  endfacet
  facet normal 0 0 1
    outer loop
      vertex -18.765413507819176 -27.35116258263588 1.2
      vertex 11.12252142541195 -8.243980908340246 1.2
      vertex 11 -8.25 1.2
    endloop
  endfacet
  facet normal 0 0 1
    outer loop
      vertex -18.765413507819176 -27.35116258263588 1.2
      vertex 11.24386290252016 -8.225981600504038 1.2
      vertex 11.12252142541195 -8.243980908340246 1.2
    endloop
  endfacet
  facet normal 0 0 1
    outer loop
      vertex -18.765413507819176 -27.35116258263588 1.2
      vertex 11.362855846568078 -8.196175419665261 1.2
      vertex 11.24386290252016 -8.225981600504038 1.2
    endloop
  endfacet
  facet normal 0 0 1
    outer loop
      vertex -18.765413507819176 -27.35116258263588 1.2
      vertex 9.75 -7 1.2
      vertex 9.753356095876505 13.335548206512689 1.2
    endloop
  endfacet
  facet normal 0 0 1
    outer loop
      vertex -18.791332505643368 -27.176430851221085 1.2
      vertex 9.753356095876505 13.335548206512689 1.2
      vertex 9.50782762832931 13.666605021317672 1.2
    endloop
  endfacet
  facet normal 0 0 1
    outer loop
      vertex 9.75 -7 1.2
      vertex 9.756019091659754 -6.877478574588049 1.2
      vertex 9.753356095876505 13.335548206512689 1.2
    endloop
  endfacet
  facet normal 0 0 1
    outer loop
      vertex 9.756019091659754 -6.877478574588049 1.2
      vertex 9.774018399495962 -6.75613709747984 1.2
      vertex 10.0301515190165 13.0301515190165 1.2
    endloop
  endfacet
  facet normal 0 0 1
    outer loop
      vertex 9.774018399495962 -6.75613709747984 1.2
      vertex 9.803824580334739 -6.637144153431922 1.2
      vertex 10.0301515190165 13.0301515190165 1.2
    endloop
  endfacet
  facet normal 0 0 1
    outer loop
      vertex 9.803824580334739 -6.637144153431922 1.2
      vertex 9.84515058436089 -6.5216457095436375 1.2
      vertex 10.335548206512689 12.753356095876505 1.2
    endloop
  endfacet
  facet normal 0 0 1
    outer loop
      vertex 17 -28.799999997019768 1.2
      vertex 17.176430851221085 -28.791332505643368 1.2
      vertex 17.35116258263588 -28.765413507819176 1.2
    endloop
  endfacet
  facet normal -0.04906767124254976 0.9987954563567223 0
    outer loop
      vertex 17 -28.799999997019768 1.2
      vertex 17 -28.799999997019768 15.6
      vertex 17.176430851221085 -28.791332505643368 1.2
    endloop
  endfacet
  facet normal -0.1467304406133819 0.9891765149847638 0
    outer loop
      vertex 17.176430851221085 -28.791332505643368 1.2
      vertex 17.176430851221085 -28.791332505643368 15.6
      vertex 17.35116258263588 -28.765413507819176 1.2
    endloop
  endfacet
  facet normal -0.242980191767943 0.9700312502225965 0
    outer loop
      vertex 17.35116258263588 -28.765413507819176 1.2
      vertex 17.35116258263588 -28.765413507819176 15.6
      vertex 17.522512421011925 -28.72249260544777 1.2
    endloop
  endfacet
  facet normal -0.33688986485968075 0.9415440610798975 0
    outer loop
      vertex 17.522512421011925 -28.72249260544777 1.2
      vertex 17.522512421011925 -28.72249260544777 15.6
      vertex 17.68883018195629 -28.662983156740665 1.2
    endloop
  endfacet
  facet normal -0.42755509928127655 0.903989290356129 0
    outer loop
      vertex 17.68883018195629 -28.662983156740665 1.2
      vertex 17.68883018195629 -28.662983156740665 15.6
      vertex 17.84851412475109 -28.58745827525854 1.2
    endloop
  endfacet
  facet normal -0.5141027395339042 0.8577286127929595 0
    outer loop
      vertex 17.84851412475109 -28.58745827525854 1.2
      vertex 17.84851412475109 -28.58745827525854 15.6
      vertex 18.000026419758797 -28.49664530158043 1.2
    endloop
  endfacet
  facet normal -0.595699317803761 0.8032075216082913 0
    outer loop
      vertex 18.000026419758797 -28.49664530158043 1.2
      vertex 18.000026419758797 -28.49664530158043 15.6
      vertex 18.141907908022404 -28.39141881465912 1.2
    endloop
  endfacet
  facet normal -0.6715589461927918 0.740951133198693 0
    outer loop
      vertex 18.141907908022404 -28.39141881465912 1.2
      vertex 18.141907908022404 -28.39141881465912 15.6
      vertex 18.2727922052145 -28.2727922052145 1.2
    endloop
  endfacet
  facet normal -0.740951133198693 0.6715589461927918 0
    outer loop
      vertex 18.2727922052145 -28.2727922052145 1.2
      vertex 18.2727922052145 -28.2727922052145 15.6
      vertex 18.39141881465912 -28.141907908022404 1.2
    endloop
  endfacet
  facet normal -0.8032075216082913 0.595699317803761 0
    outer loop
      vertex 18.39141881465912 -28.141907908022404 1.2
      vertex 18.39141881465912 -28.141907908022404 15.6
      vertex 18.49664530158043 -28.000026419758797 1.2
    endloop
  endfacet
  facet normal -0.8577286127929595 0.5141027395339042 0
    outer loop
      vertex 18.49664530158043 -28.000026419758797 1.2
      vertex 18.49664530158043 -28.000026419758797 15.6
      vertex 18.58745827525854 -27.84851412475109 1.2
    endloop
  endfacet
  facet normal -0.903989290356129 0.42755509928127655 0
    outer loop
      vertex 18.58745827525854 -27.84851412475109 1.2
      vertex 18.58745827525854 -27.84851412475109 15.6
      vertex 18.662983156740665 -27.68883018195629 1.2
    endloop
  endfacet
  facet normal -0.9415440610798975 0.33688986485968075 0
    outer loop
      vertex 18.662983156740665 -27.68883018195629 1.2
      vertex 18.662983156740665 -27.68883018195629 15.6
      vertex 18.72249260544777 -27.522512421011925 1.2
    endloop
  endfacet
  facet normal -0.9700312502225965 0.242980191767943 0
    outer loop
      vertex 18.72249260544777 -27.522512421011925 1.2
      vertex 18.72249260544777 -27.522512421011925 15.6
      vertex 18.765413507819176 -27.35116258263588 1.2
    endloop
  endfacet
  facet normal -0.9891765149847638 0.1467304406133819 0
    outer loop
      vertex 18.765413507819176 -27.35116258263588 1.2
      vertex 18.765413507819176 -27.35116258263588 15.6
      vertex 18.791332505643368 -27.176430851221085 1.2
    endloop
  endfacet
  facet normal -0.9987954563567223 0.04906767124254976 0
    outer loop
      vertex 18.791332505643368 -27.176430851221085 1.2
      vertex 18.791332505643368 -27.176430851221085 15.6
      vertex 18.799999997019768 -27 1.2
    endloop
  endfacet
  facet normal -1 0 0
    outer loop
      vertex 18.799999997019768 -27 1.2
      vertex 18.799999997019768 -27 15.6
      vertex 18.799999997019768 1.5 5.4
    endloop
  endfacet
  facet normal 0 0 1
    outer loop
      vertex 18.799999997019768 -27 1.2
      vertex 11.478354290456362 -8.15484941563911 1.2
      vertex 11.362855846568078 -8.196175419665261 1.2
    endloop
  endfacet
  facet normal 0 0 1
    outer loop
      vertex 18.799999997019768 -27 1.2
      vertex 11.589245921032497 -8.102401580435444 1.2
      vertex 11.478354290456362 -8.15484941563911 1.2
    endloop
  endfacet
  facet normal 0 0 1
    outer loop
      vertex 18.799999997019768 -27 1.2
      vertex 11.694462791274503 -8.039337015378182 1.2
      vertex 11.589245921032497 -8.102401580435444 1.2
    endloop
  endfacet
  facet normal 0 0 1
    outer loop
      vertex 18.799999997019768 -27 1.2
      vertex 11.792991605204557 -7.966263066703421 1.2
      vertex 11.694462791274503 -8.039337015378182 1.2
    endloop
  endfacet
  facet normal 0 0 1
    outer loop
      vertex 18.799999997019768 -27 1.2
      vertex 11.883883476483184 -7.883883476483184 1.2
      vertex 11.792991605204557 -7.966263066703421 1.2
    endloop
  endfacet
  facet normal 0 0 1
    outer loop
      vertex 18.799999997019768 -27 1.2
      vertex 11.966263066703421 -7.792991605204557 1.2
      vertex 11.883883476483184 -7.883883476483184 1.2
    endloop
  endfacet
  facet normal 0 0 1
    outer loop
      vertex 18.799999997019768 -27 1.2
      vertex 12.039337015378182 -7.6944627912745025 1.2
      vertex 11.966263066703421 -7.792991605204557 1.2
    endloop
  endfacet
  facet normal 0 0 1
    outer loop
      vertex 18.799999997019768 -27 1.2
      vertex 12.102401580435444 -7.589245921032497 1.2
      vertex 12.039337015378182 -7.6944627912745025 1.2
    endloop
  endfacet
  facet normal 0 0 1
    outer loop
      vertex 18.799999997019768 -27 1.2
      vertex 12.15484941563911 -7.4783542904563625 1.2
      vertex 12.102401580435444 -7.589245921032497 1.2
    endloop
  endfacet
  facet normal 0 0 1
    outer loop
      vertex 18.799999997019768 -27 1.2
      vertex 12.196175419665261 -7.362855846568078 1.2
      vertex 12.15484941563911 -7.4783542904563625 1.2
    endloop
  endfacet
  facet normal 0 0 1
    outer loop
      vertex 18.799999997019768 -27 1.2
      vertex 12.225981600504038 -7.24386290252016 1.2
      vertex 12.196175419665261 -7.362855846568078 1.2
    endloop
  endfacet
  facet normal 0 0 1
    outer loop
      vertex 18.799999997019768 -27 1.2
      vertex 12.243980908340246 -7.122521425411951 1.2
      vertex 12.225981600504038 -7.24386290252016 1.2
    endloop
  endfacet
  facet normal 0 0 1
    outer loop
      vertex 18.799999997019768 -27 1.2
      vertex 12.25 -7 1.2
      vertex 12.243980908340246 -7.122521425411951 1.2
    endloop
  endfacet
  facet normal 0 0 1
    outer loop
      vertex 18.799999997019768 -27 1.2
      vertex 12.243980908340246 -6.877478574588049 1.2
      vertex 12.25 -7 1.2
    endloop
  endfacet
  facet normal 0 0 1
    outer loop
      vertex 9.84515058436089 -6.5216457095436375 1.2
      vertex 9.897598419564556 -6.410754078967503 1.2
      vertex 10.335548206512689 12.753356095876505 1.2
    endloop
  endfacet
  facet normal 0 0 1
    outer loop
      vertex 9.960662984621818 -6.3055372087254975 1.2
      vertex 10.033736933296579 -6.207008394795443 1.2
      vertex 10.666605021317672 12.50782762832931 1.2
    endloop
  endfacet
  facet normal 0 0 1
    outer loop
      vertex 11.792991605204557 -6.033736933296579 1.2
      vertex 11.883883476483184 -6.116116523516816 1.2
      vertex 14.607270415933376 12.119705963452596 1.2
    endloop
  endfacet
  facet normal 0 0 1
    outer loop
      vertex 11.883883476483184 -6.116116523516816 1.2
      vertex 11.966263066703421 -6.207008394795443 1.2
      vertex 14.97986629466919 12.29593068973691 1.2
    endloop
  endfacet
  facet normal 0 0 1
    outer loop
      vertex 11.966263066703421 -6.207008394795443 1.2
      vertex 12.039337015378182 -6.3055372087254975 1.2
      vertex 15.333394978682328 12.50782762832931 1.2
    endloop
  endfacet
  facet normal 0 0 1
    outer loop
      vertex 12.225981600504038 -6.75613709747984 1.2
      vertex 16.246643904123495 13.335548206512689 1.2
      vertex 12.196175419665261 -6.637144153431922 1.2
    endloop
  endfacet
  facet normal 0 0 1
    outer loop
      vertex 18.799999997019768 -27 1.2
      vertex 16.70406931026309 14.02013370533081 1.2
      vertex 12.243980908340246 -6.877478574588049 1.2
    endloop
  endfacet
  facet normal -1 0 0
    outer loop
      vertex 18.799999997019768 -27 1.2
      vertex 18.799999997019768 1.5 5.4
      vertex 18.799999997019768 8.5 5.4
    endloop
  endfacet
  facet normal 0 1 0
    outer loop
      vertex -17 -28.799999997019768 15.6
      vertex 17 -28.799999997019768 15.6
      vertex 17 -28.799999997019768 1.2
    endloop
  endfacet
  facet normal -0.04906767124254976 0.9987954563567223 0
    outer loop
      vertex 17.176430851221085 -28.791332505643368 1.2
      vertex 17 -28.799999997019768 15.6
      vertex 17.176430851221085 -28.791332505643368 15.6
    endloop
  endfacet
  facet normal -0.1467304406133819 0.9891765149847638 0
    outer loop
      vertex 17.35116258263588 -28.765413507819176 1.2
      vertex 17.176430851221085 -28.791332505643368 15.6
      vertex 17.35116258263588 -28.765413507819176 15.6
    endloop
  endfacet
  facet normal -0.242980191767943 0.9700312502225965 0
    outer loop
      vertex 17.522512421011925 -28.72249260544777 1.2
      vertex 17.35116258263588 -28.765413507819176 15.6
      vertex 17.522512421011925 -28.72249260544777 15.6
    endloop
  endfacet
  facet normal -0.33688986485968075 0.9415440610798975 0
    outer loop
      vertex 17.68883018195629 -28.662983156740665 1.2
      vertex 17.522512421011925 -28.72249260544777 15.6
      vertex 17.68883018195629 -28.662983156740665 15.6
    endloop
  endfacet
  facet normal -0.42755509928127655 0.903989290356129 0
    outer loop
      vertex 17.84851412475109 -28.58745827525854 1.2
      vertex 17.68883018195629 -28.662983156740665 15.6
      vertex 17.84851412475109 -28.58745827525854 15.6
    endloop
  endfacet
  facet normal -0.5141027395339042 0.8577286127929595 0
    outer loop
      vertex 18.000026419758797 -28.49664530158043 1.2
      vertex 17.84851412475109 -28.58745827525854 15.6
      vertex 18.000026419758797 -28.49664530158043 15.6
    endloop
  endfacet
  facet normal -0.595699317803761 0.8032075216082913 0
    outer loop
      vertex 18.141907908022404 -28.39141881465912 1.2
      vertex 18.000026419758797 -28.49664530158043 15.6
      vertex 18.141907908022404 -28.39141881465912 15.6
    endloop
  endfacet
  facet normal -0.6715589461927918 0.740951133198693 0
    outer loop
      vertex 18.2727922052145 -28.2727922052145 1.2
      vertex 18.141907908022404 -28.39141881465912 15.6
      vertex 18.2727922052145 -28.2727922052145 15.6
    endloop
  endfacet
  facet normal -0.740951133198693 0.6715589461927918 0
    outer loop
      vertex 18.39141881465912 -28.141907908022404 1.2
      vertex 18.2727922052145 -28.2727922052145 15.6
      vertex 18.39141881465912 -28.141907908022404 15.6
    endloop
  endfacet
  facet normal -0.8032075216082913 0.595699317803761 0
    outer loop
      vertex 18.49664530158043 -28.000026419758797 1.2
      vertex 18.39141881465912 -28.141907908022404 15.6
      vertex 18.49664530158043 -28.000026419758797 15.6
    endloop
  endfacet
  facet normal -0.8577286127929595 0.5141027395339042 0
    outer loop
      vertex 18.58745827525854 -27.84851412475109 1.2
      vertex 18.49664530158043 -28.000026419758797 15.6
      vertex 18.58745827525854 -27.84851412475109 15.6
    endloop
  endfacet
  facet normal -0.903989290356129 0.42755509928127655 0
    outer loop
      vertex 18.662983156740665 -27.68883018195629 1.2
      vertex 18.58745827525854 -27.84851412475109 15.6
      vertex 18.662983156740665 -27.68883018195629 15.6
    endloop
  endfacet
  facet normal -0.9415440610798975 0.33688986485968075 0
    outer loop
      vertex 18.72249260544777 -27.522512421011925 1.2
      vertex 18.662983156740665 -27.68883018195629 15.6
      vertex 18.72249260544777 -27.522512421011925 15.6
    endloop
  endfacet
  facet normal -0.9700312502225965 0.242980191767943 0
    outer loop
      vertex 18.765413507819176 -27.35116258263588 1.2
      vertex 18.72249260544777 -27.522512421011925 15.6
      vertex 18.765413507819176 -27.35116258263588 15.6
    endloop
  endfacet
  facet normal -0.9891765149847638 0.1467304406133819 0
    outer loop
      vertex 18.791332505643368 -27.176430851221085 1.2
      vertex 18.765413507819176 -27.35116258263588 15.6
      vertex 18.791332505643368 -27.176430851221085 15.6
    endloop
  endfacet
  facet normal -0.9987954563567223 0.04906767124254976 0
    outer loop
      vertex 18.799999997019768 -27 1.2
      vertex 18.791332505643368 -27.176430851221085 15.6
      vertex 18.799999997019768 -27 15.6
    endloop
  endfacet
  facet normal -1 0 0
    outer loop
      vertex 18.799999997019768 -27 15.6
      vertex 18.799999997019768 1.5 8.6
      vertex 18.799999997019768 1.5 5.4
    endloop
  endfacet
  facet normal -1 0 0
    outer loop
      vertex 18.799999997019768 -27 15.6
      vertex 18.799999997019768 8.5 8.6
      vertex 18.799999997019768 1.5 8.6
    endloop
  endfacet
  facet normal 0 0 1
    outer loop
      vertex -10.410754078967503 -5.897598419564556 1.2
      vertex 9.50782762832931 13.666605021317672 1.2
      vertex 9.29593068973691 14.02013370533081 1.2
    endloop
  endfacet
  facet normal 0 0 1
    outer loop
      vertex -10.521645709543638 -5.8451505843608915 1.2
      vertex 9.29593068973691 14.02013370533081 1.2
      vertex 9.119705963452596 14.392729584066624 1.2
    endloop
  endfacet
  facet normal 0 0 1
    outer loop
      vertex -8.980850589924723 14.780804355531258 1.2
      vertex 9.119705963452596 14.392729584066624 1.2
      vertex 8.980850589924723 14.780804355531258 1.2
    endloop
  endfacet
  facet normal 0 0 1
    outer loop
      vertex 9.756019091659754 -6.877478574588049 1.2
      vertex 10.0301515190165 13.0301515190165 1.2
      vertex 9.753356095876505 13.335548206512689 1.2
    endloop
  endfacet
  facet normal 0 0 1
    outer loop
      vertex -8.820224147976774 15.588328010615845 1.2
      vertex 8.880701822306431 15.180620647532262 1.2
      vertex 8.820224147976774 15.588328010615845 1.2
    endloop
  endfacet
  facet normal 0 0 1
    outer loop
      vertex -8.880701822306431 15.180620647532262 1.2
      vertex 8.980850589924723 14.780804355531258 1.2
      vertex 8.880701822306431 15.180620647532262 1.2
    endloop
  endfacet
  facet normal 0 0 1
    outer loop
      vertex -8.8 16 1.2
      vertex 8.820224147976774 15.588328010615845 1.2
      vertex 8.8 16 1.2
    endloop
  endfacet
  facet normal 0 0 1
    outer loop
      vertex -8.820224147976774 16.411671989384153 1.2
      vertex 8.8 16 1.2
      vertex 8.820224147976774 16.411671989384153 1.2
    endloop
  endfacet
  facet normal 0 0 1
    outer loop
      vertex -8.880701822306431 16.819379352467738 1.2
      vertex 8.820224147976774 16.411671989384153 1.2
      vertex 8.880701822306431 16.819379352467738 1.2
    endloop
  endfacet
  facet normal 0 0 1
    outer loop
      vertex -8.980850589924723 17.21919564446874 1.2
      vertex 8.880701822306431 16.819379352467738 1.2
      vertex 8.980850589924723 17.21919564446874 1.2
    endloop
  endfacet
  facet normal 0 0 1
    outer loop
      vertex -9.119705963452596 17.607270415933378 1.2
      vertex 8.980850589924723 17.21919564446874 1.2
      vertex 9.119705963452596 17.607270415933378 1.2
    endloop
  endfacet
  facet normal 0 0 1
    outer loop
      vertex -9.29593068973691 17.97986629466919 1.2
      vertex 9.119705963452596 17.607270415933378 1.2
      vertex 9.29593068973691 17.97986629466919 1.2
    endloop
  endfacet
  facet normal 0 0 1
    outer loop
      vertex -9.50782762832931 18.33339497868233 1.2
      vertex 9.29593068973691 17.97986629466919 1.2
      vertex 9.50782762832931 18.33339497868233 1.2
    endloop
  endfacet
  facet normal 0 0 1
    outer loop
      vertex -9.753356095876505 18.66445179348731 1.2
      vertex 9.50782762832931 18.33339497868233 1.2
      vertex 9.753356095876505 18.66445179348731 1.2
    endloop
  endfacet
  facet normal 0 0 1
    outer loop
      vertex -10.0301515190165 18.9698484809835 1.2
      vertex 9.753356095876505 18.66445179348731 1.2
      vertex 10.0301515190165 18.9698484809835 1.2
    endloop
  endfacet
  facet normal 0 0 1
    outer loop
      vertex -10.335548206512689 19.246643904123495 1.2
      vertex 10.0301515190165 18.9698484809835 1.2
      vertex 10.335548206512689 19.246643904123495 1.2
    endloop
  endfacet
  facet normal 0 0 1
    outer loop
      vertex -10.666605021317672 19.49217237167069 1.2
      vertex 10.335548206512689 19.246643904123495 1.2
      vertex 10.666605021317672 19.49217237167069 1.2
    endloop
  endfacet
  facet normal 0 0 1
    outer loop
      vertex -11.02013370533081 19.70406931026309 1.2
      vertex 10.666605021317672 19.49217237167069 1.2
      vertex 11.02013370533081 19.70406931026309 1.2
    endloop
  endfacet
  facet normal 0 0 1
    outer loop
      vertex -11.392729584066624 19.880294036547404 1.2
      vertex 11.02013370533081 19.70406931026309 1.2
      vertex 11.392729584066624 19.880294036547404 1.2
    endloop
  endfacet
  facet normal 0 0 1
    outer loop
      vertex -12.196364792033311 22.059852981726298 1.2
      vertex 11.392729584066624 19.880294036547404 1.2
      vertex 11.780804355531258 20.01914941007528 1.2
    endloop
  endfacet
  facet normal 0 0 1
    outer loop
      vertex -12.196364792033311 22.059852981726298 1.2
      vertex 11.780804355531258 20.01914941007528 1.2
      vertex 12.180620647532262 20.11929817769357 1.2
    endloop
  endfacet
  facet normal 0 0 1
    outer loop
      vertex -12.196364792033311 22.059852981726298 1.2
      vertex 12.180620647532262 20.11929817769357 1.2
      vertex 12.196364792033311 22.059852981726298 1.2
    endloop
  endfacet
  facet normal 0 0 1
    outer loop
      vertex -11.51507575950825 22.51507575950825 1.2
      vertex 11.667774103256345 22.376678047938253 1.2
      vertex 11.51507575950825 22.51507575950825 1.2
    endloop
  endfacet
  facet normal 0 0 1
    outer loop
      vertex -11.833302510658836 22.253913814164655 1.2
      vertex 12.010066852665405 22.147965344868453 1.2
      vertex 11.833302510658836 22.253913814164655 1.2
    endloop
  endfacet
  facet normal 0 0 1
    outer loop
      vertex -11.667774103256345 22.376678047938253 1.2
      vertex 11.833302510658836 22.253913814164655 1.2
      vertex 11.667774103256345 22.376678047938253 1.2
    endloop
  endfacet
  facet normal 0 0 1
    outer loop
      vertex -12.010066852665405 22.147965344868453 1.2
      vertex 12.196364792033311 22.059852981726298 1.2
      vertex 12.010066852665405 22.147965344868453 1.2
    endloop
  endfacet
  facet normal 0 0 1
    outer loop
      vertex -18.799999997019768 27 1.2
      vertex 12.39040217776563 26.00957470503764 1.2
      vertex 12.590310323766131 26.059649088846783 1.2
    endloop
  endfacet
  facet normal 0 0 1
    outer loop
      vertex -18.799999997019768 27 1.2
      vertex 12.590310323766131 26.059649088846783 1.2
      vertex 12.794164005307923 26.089887926011613 1.2
    endloop
  endfacet
  facet normal 0 0 1
    outer loop
      vertex -18.799999997019768 27 1.2
      vertex 12.794164005307923 26.089887926011613 1.2
      vertex 13 26.1 1.2
    endloop
  endfacet
  facet normal 0 0 1
    outer loop
      vertex -11.059852981726298 23.19636479203331 1.2
      vertex 11.147965344868455 23.010066852665403 1.2
      vertex 11.059852981726298 23.19636479203331 1.2
    endloop
  endfacet
  facet normal 0 0 1
    outer loop
      vertex -10.99042529496236 23.39040217776563 1.2
      vertex 11.059852981726298 23.19636479203331 1.2
      vertex 10.99042529496236 23.39040217776563 1.2
    endloop
  endfacet
  facet normal 0 0 1
    outer loop
      vertex -10.940350911153216 23.59031032376613 1.2
      vertex 10.99042529496236 23.39040217776563 1.2
      vertex 10.940350911153216 23.59031032376613 1.2
    endloop
  endfacet
  facet normal 0 0 1
    outer loop
      vertex -10.910112073988387 23.794164005307923 1.2
      vertex 10.940350911153216 23.59031032376613 1.2
      vertex 10.910112073988387 23.794164005307923 1.2
    endloop
  endfacet
  facet normal 0 0 1
    outer loop
      vertex -10.9 24 1.2
      vertex 10.910112073988387 23.794164005307923 1.2
      vertex 10.9 24 1.2
    endloop
  endfacet
  facet normal 0 0 1
    outer loop
      vertex -10.910112073988387 24.205835994692077 1.2
      vertex 10.9 24 1.2
      vertex 10.910112073988387 24.205835994692077 1.2
    endloop
  endfacet
  facet normal 0 0 1
    outer loop
      vertex -10.940350911153216 24.40968967623387 1.2
      vertex 10.910112073988387 24.205835994692077 1.2
      vertex 10.940350911153216 24.40968967623387 1.2
    endloop
  endfacet
  facet normal 0 0 1
    outer loop
      vertex -10.99042529496236 24.60959782223437 1.2
      vertex 10.940350911153216 24.40968967623387 1.2
      vertex 10.99042529496236 24.60959782223437 1.2
    endloop
  endfacet
  facet normal 0 0 1
    outer loop
      vertex -11.059852981726298 24.80363520796669 1.2
      vertex 10.99042529496236 24.60959782223437 1.2
      vertex 11.059852981726298 24.80363520796669 1.2
    endloop
  endfacet
  facet normal 0 0 1
    outer loop
      vertex -11.147965344868455 24.989933147334597 1.2
      vertex 11.059852981726298 24.80363520796669 1.2
      vertex 11.147965344868455 24.989933147334597 1.2
    endloop
  endfacet
  facet normal 0 0 1
    outer loop
      vertex -11.253913814164655 25.166697489341164 1.2
      vertex 11.147965344868455 24.989933147334597 1.2
      vertex 11.253913814164655 25.166697489341164 1.2
    endloop
  endfacet
  facet normal 0 0 1
    outer loop
      vertex -11.376678047938253 22.667774103256345 1.2
      vertex 11.51507575950825 22.51507575950825 1.2
      vertex 11.376678047938253 22.667774103256345 1.2
    endloop
  endfacet
  facet normal 0 0 1
    outer loop
      vertex -11.253913814164655 22.833302510658836 1.2
      vertex 11.376678047938253 22.667774103256345 1.2
      vertex 11.253913814164655 22.833302510658836 1.2
    endloop
  endfacet
  facet normal 0 0 1
    outer loop
      vertex -11.147965344868455 23.010066852665403 1.2
      vertex 11.253913814164655 22.833302510658836 1.2
      vertex 11.147965344868455 23.010066852665403 1.2
    endloop
  endfacet
  facet normal 0 0 1
    outer loop
      vertex -11.376678047938253 25.332225896743655 1.2
      vertex 11.253913814164655 25.166697489341164 1.2
      vertex 11.376678047938253 25.332225896743655 1.2
    endloop
  endfacet
  facet normal 0 0 1
    outer loop
      vertex -11.51507575950825 25.48492424049175 1.2
      vertex 11.376678047938253 25.332225896743655 1.2
      vertex 11.51507575950825 25.48492424049175 1.2
    endloop
  endfacet
  facet normal 0 0 1
    outer loop
      vertex -11.667774103256345 25.623321952061747 1.2
      vertex 11.51507575950825 25.48492424049175 1.2
      vertex 11.667774103256345 25.623321952061747 1.2
    endloop
  endfacet
  facet normal 0 0 1
    outer loop
      vertex -11.833302510658836 25.746086185835345 1.2
      vertex 11.667774103256345 25.623321952061747 1.2
      vertex 11.833302510658836 25.746086185835345 1.2
    endloop
  endfacet
  facet normal 0 0 1
    outer loop
      vertex -12.010066852665405 25.852034655131547 1.2
      vertex 11.833302510658836 25.746086185835345 1.2
      vertex 12.010066852665405 25.852034655131547 1.2
    endloop
  endfacet
  facet normal 0 0 1
    outer loop
      vertex -12.196364792033311 25.940147018273702 1.2
      vertex 12.010066852665405 25.852034655131547 1.2
      vertex 12.196364792033311 25.940147018273702 1.2
    endloop
  endfacet
  facet normal 0 0 1
    outer loop
      vertex -12.39040217776563 26.00957470503764 1.2
      vertex 12.196364792033311 25.940147018273702 1.2
      vertex 12.39040217776563 26.00957470503764 1.2
    endloop
  endfacet
  facet normal 0 0 1
    outer loop
      vertex -18.799999997019768 27 1.2
      vertex 13 26.1 1.2
      vertex 18.765413507819176 27.35116258263588 1.2
    endloop
  endfacet
  facet normal 0 0 1
    outer loop
      vertex -18.799999997019768 27 1.2
      vertex 18.765413507819176 27.35116258263588 1.2
      vertex 18.72249260544777 27.522512421011925 1.2
    endloop
  endfacet
  facet normal 0 0 1
    outer loop
      vertex -18.765413507819176 27.35116258263588 1.2
      vertex 18.662983156740665 27.68883018195629 1.2
      vertex 18.58745827525854 27.84851412475109 1.2
    endloop
  endfacet
  facet normal 0 0 1
    outer loop
      vertex -18.791332505643368 27.176430851221085 1.2
      vertex 18.72249260544777 27.522512421011925 1.2
      vertex 18.662983156740665 27.68883018195629 1.2
    endloop
  endfacet
  facet normal 0 0 1
    outer loop
      vertex -18.662983156740665 27.68883018195629 1.2
      vertex 18.49664530158043 28.000026419758797 1.2
      vertex 18.39141881465912 28.141907908022404 1.2
    endloop
  endfacet
  facet normal 0 0 1
    outer loop
      vertex -18.58745827525854 27.84851412475109 1.2
      vertex 18.39141881465912 28.141907908022404 1.2
      vertex 18.2727922052145 28.2727922052145 1.2
    endloop
  endfacet
  facet normal 0 0 1
    outer loop
      vertex -18.72249260544777 27.522512421011925 1.2
      vertex 18.58745827525854 27.84851412475109 1.2
      vertex 18.49664530158043 28.000026419758797 1.2
    endloop
  endfacet
  facet normal 0 0 1
    outer loop
      vertex -17.522512421011925 28.72249260544777 1.2
      vertex 17.176430851221085 28.791332505643368 1.2
      vertex 17 28.799999997019768 1.2
    endloop
  endfacet
  facet normal 0 0 1
    outer loop
      vertex -17.68883018195629 28.662983156740665 1.2
      vertex 17.35116258263588 28.765413507819176 1.2
      vertex 17.176430851221085 28.791332505643368 1.2
    endloop
  endfacet
  facet normal 0 0 1
    outer loop
      vertex -18.39141881465912 28.141907908022404 1.2
      vertex 18.141907908022404 28.39141881465912 1.2
      vertex 18.000026419758797 28.49664530158043 1.2
    endloop
  endfacet
  facet normal 0 0 1
    outer loop
      vertex -18.2727922052145 28.2727922052145 1.2
      vertex 18.000026419758797 28.49664530158043 1.2
      vertex 17.84851412475109 28.58745827525854 1.2
    endloop
  endfacet
  facet normal 0 0 1
    outer loop
      vertex -18.141907908022404 28.39141881465912 1.2
      vertex 17.84851412475109 28.58745827525854 1.2
      vertex 17.68883018195629 28.662983156740665 1.2
    endloop
  endfacet
  facet normal 0 0 1
    outer loop
      vertex -17.84851412475109 28.58745827525854 1.2
      vertex 17.522512421011925 28.72249260544777 1.2
      vertex 17.35116258263588 28.765413507819176 1.2
    endloop
  endfacet
  facet normal 0 0 1
    outer loop
      vertex -18.000026419758797 28.49664530158043 1.2
      vertex 17.68883018195629 28.662983156740665 1.2
      vertex 17.522512421011925 28.72249260544777 1.2
    endloop
  endfacet
  facet normal 0 0 1
    outer loop
      vertex -18.49664530158043 28.000026419758797 1.2
      vertex 18.2727922052145 28.2727922052145 1.2
      vertex 18.141907908022404 28.39141881465912 1.2
    endloop
  endfacet
  facet normal 0 -1 0
    outer loop
      vertex 17 28.799999997019768 1.2
      vertex 6 28.799999997019768 3.25
      vertex -6 28.799999997019768 3.25
    endloop
  endfacet
  facet normal 0 0 1
    outer loop
      vertex 9.897598419564556 -6.410754078967503 1.2
      vertex 9.960662984621818 -6.3055372087254975 1.2
      vertex 10.335548206512689 12.753356095876505 1.2
    endloop
  endfacet
  facet normal 0 0 1
    outer loop
      vertex 10.033736933296579 -6.207008394795443 1.2
      vertex 10.116116523516816 -6.116116523516816 1.2
      vertex 10.666605021317672 12.50782762832931 1.2
    endloop
  endfacet
  facet normal 0 0 1
    outer loop
      vertex 10.116116523516816 -6.116116523516816 1.2
      vertex 10.207008394795443 -6.033736933296579 1.2
      vertex 11.02013370533081 12.29593068973691 1.2
    endloop
  endfacet
  facet normal 0 0 1
    outer loop
      vertex 10.207008394795443 -6.033736933296579 1.2
      vertex 10.305537208725497 -5.960662984621818 1.2
      vertex 11.02013370533081 12.29593068973691 1.2
    endloop
  endfacet
  facet normal 0 0 1
    outer loop
      vertex 10.305537208725497 -5.960662984621818 1.2
      vertex 10.410754078967503 -5.897598419564556 1.2
      vertex 11.392729584066624 12.119705963452596 1.2
    endloop
  endfacet
  facet normal 0 0 1
    outer loop
      vertex 10.410754078967503 -5.897598419564556 1.2
      vertex 10.521645709543638 -5.8451505843608915 1.2
      vertex 11.392729584066624 12.119705963452596 1.2
    endloop
  endfacet
  facet normal 0 0 1
    outer loop
      vertex 10.521645709543638 -5.8451505843608915 1.2
      vertex 10.637144153431922 -5.803824580334739 1.2
      vertex 11.780804355531258 11.980850589924723 1.2
    endloop
  endfacet
  facet normal 0 0 1
    outer loop
      vertex 10.637144153431922 -5.803824580334739 1.2
      vertex 10.75613709747984 -5.7740183994959615 1.2
      vertex 11.780804355531258 11.980850589924723 1.2
    endloop
  endfacet
  facet normal 0 0 1
    outer loop
      vertex 10.75613709747984 -5.7740183994959615 1.2
      vertex 10.87747857458805 -5.756019091659754 1.2
      vertex 12.180620647532262 11.880701822306431 1.2
    endloop
  endfacet
  facet normal 0 0 1
    outer loop
      vertex 10.87747857458805 -5.756019091659754 1.2
      vertex 11 -5.75 1.2
      vertex 12.588328010615845 11.820224147976774 1.2
    endloop
  endfacet
  facet normal 0 0 1
    outer loop
      vertex 11 -5.75 1.2
      vertex 11.12252142541195 -5.756019091659754 1.2
      vertex 12.588328010615845 11.820224147976774 1.2
    endloop
  endfacet
  facet normal 0 0 1
    outer loop
      vertex 11.12252142541195 -5.756019091659754 1.2
      vertex 11.24386290252016 -5.7740183994959615 1.2
      vertex 13 11.8 1.2
    endloop
  endfacet
  facet normal 0 0 1
    outer loop
      vertex 11.24386290252016 -5.7740183994959615 1.2
      vertex 11.362855846568078 -5.803824580334739 1.2
      vertex 13 11.8 1.2
    endloop
  endfacet
  facet normal 0 0 1
    outer loop
      vertex 11.362855846568078 -5.803824580334739 1.2
      vertex 11.478354290456362 -5.8451505843608915 1.2
      vertex 13.411671989384155 11.820224147976774 1.2
    endloop
  endfacet
  facet normal 0 0 1
    outer loop
      vertex 11.478354290456362 -5.8451505843608915 1.2
      vertex 11.589245921032497 -5.897598419564556 1.2
      vertex 13.819379352467738 11.880701822306431 1.2
    endloop
  endfacet
  facet normal 0 0 1
    outer loop
      vertex 9.803824580334739 -6.637144153431922 1.2
      vertex 10.335548206512689 12.753356095876505 1.2
      vertex 10.0301515190165 13.0301515190165 1.2
    endloop
  endfacet
  facet normal 0 0 1
    outer loop
      vertex 9.960662984621818 -6.3055372087254975 1.2
      vertex 10.666605021317672 12.50782762832931 1.2
      vertex 10.335548206512689 12.753356095876505 1.2
    endloop
  endfacet
  facet normal 0 0 1
    outer loop
      vertex 10.116116523516816 -6.116116523516816 1.2
      vertex 11.02013370533081 12.29593068973691 1.2
      vertex 10.666605021317672 12.50782762832931 1.2
    endloop
  endfacet
  facet normal 0 0 1
    outer loop
      vertex 10.305537208725497 -5.960662984621818 1.2
      vertex 11.392729584066624 12.119705963452596 1.2
      vertex 11.02013370533081 12.29593068973691 1.2
    endloop
  endfacet
  facet normal 0 0 1
    outer loop
      vertex 10.521645709543638 -5.8451505843608915 1.2
      vertex 11.780804355531258 11.980850589924723 1.2
      vertex 11.392729584066624 12.119705963452596 1.2
    endloop
  endfacet
  facet normal 0 0 1
    outer loop
      vertex 10.75613709747984 -5.7740183994959615 1.2
      vertex 12.180620647532262 11.880701822306431 1.2
      vertex 11.780804355531258 11.980850589924723 1.2
    endloop
  endfacet
  facet normal 0 0 1
    outer loop
      vertex 10.87747857458805 -5.756019091659754 1.2
      vertex 12.588328010615845 11.820224147976774 1.2
      vertex 12.180620647532262 11.880701822306431 1.2
    endloop
  endfacet
  facet normal 0 0 1
    outer loop
      vertex 11.12252142541195 -5.756019091659754 1.2
      vertex 13 11.8 1.2
      vertex 12.588328010615845 11.820224147976774 1.2
    endloop
  endfacet
  facet normal 0 0 1
    outer loop
      vertex 11.589245921032497 -5.897598419564556 1.2
      vertex 11.694462791274503 -5.960662984621818 1.2
      vertex 14.219195644468742 11.980850589924723 1.2
    endloop
  endfacet
  facet normal 0 0 1
    outer loop
      vertex 11.694462791274503 -5.960662984621818 1.2
      vertex 11.792991605204557 -6.033736933296579 1.2
      vertex 14.607270415933376 12.119705963452596 1.2
    endloop
  endfacet
  facet normal 0 0 1
    outer loop
      vertex 12.102401580435444 -6.410754078967503 1.2
      vertex 15.664451793487311 12.753356095876505 1.2
      vertex 12.039337015378182 -6.3055372087254975 1.2
    endloop
  endfacet
  facet normal 0 0 1
    outer loop
      vertex 12.102401580435444 -6.410754078967503 1.2
      vertex 12.15484941563911 -6.5216457095436375 1.2
      vertex 15.9698484809835 13.0301515190165 1.2
    endloop
  endfacet
  facet normal 0 0 1
    outer loop
      vertex 12.196175419665261 -6.637144153431922 1.2
      vertex 16.246643904123495 13.335548206512689 1.2
      vertex 12.15484941563911 -6.5216457095436375 1.2
    endloop
  endfacet
  facet normal 0 0 1
    outer loop
      vertex 12.243980908340246 -6.877478574588049 1.2
      vertex 16.49217237167069 13.666605021317672 1.2
      vertex 12.225981600504038 -6.75613709747984 1.2
    endloop
  endfacet
  facet normal 0 0 1
    outer loop
      vertex 11.362855846568078 -5.803824580334739 1.2
      vertex 13.411671989384155 11.820224147976774 1.2
      vertex 13 11.8 1.2
    endloop
  endfacet
  facet normal 0 0 1
    outer loop
      vertex 11.478354290456362 -5.8451505843608915 1.2
      vertex 13.819379352467738 11.880701822306431 1.2
      vertex 13.411671989384155 11.820224147976774 1.2
    endloop
  endfacet
  facet normal 0 0 1
    outer loop
      vertex 11.589245921032497 -5.897598419564556 1.2
      vertex 14.219195644468742 11.980850589924723 1.2
      vertex 13.819379352467738 11.880701822306431 1.2
    endloop
  endfacet
  facet normal 0 0 1
    outer loop
      vertex 11.694462791274503 -5.960662984621818 1.2
      vertex 14.607270415933376 12.119705963452596 1.2
      vertex 14.219195644468742 11.980850589924723 1.2
    endloop
  endfacet
  facet normal 0 0 1
    outer loop
      vertex 11.883883476483184 -6.116116523516816 1.2
      vertex 14.97986629466919 12.29593068973691 1.2
      vertex 14.607270415933376 12.119705963452596 1.2
    endloop
  endfacet
  facet normal 0 0 1
    outer loop
      vertex 11.966263066703421 -6.207008394795443 1.2
      vertex 15.333394978682328 12.50782762832931 1.2
      vertex 14.97986629466919 12.29593068973691 1.2
    endloop
  endfacet
  facet normal 0 0 1
    outer loop
      vertex 12.039337015378182 -6.3055372087254975 1.2
      vertex 15.664451793487311 12.753356095876505 1.2
      vertex 15.333394978682328 12.50782762832931 1.2
    endloop
  endfacet
  facet normal 0 0 1
    outer loop
      vertex 12.102401580435444 -6.410754078967503 1.2
      vertex 15.9698484809835 13.0301515190165 1.2
      vertex 15.664451793487311 12.753356095876505 1.2
    endloop
  endfacet
  facet normal 0 0 1
    outer loop
      vertex 12.15484941563911 -6.5216457095436375 1.2
      vertex 16.246643904123495 13.335548206512689 1.2
      vertex 15.9698484809835 13.0301515190165 1.2
    endloop
  endfacet
  facet normal 0 0 1
    outer loop
      vertex 12.225981600504038 -6.75613709747984 1.2
      vertex 16.49217237167069 13.666605021317672 1.2
      vertex 16.246643904123495 13.335548206512689 1.2
    endloop
  endfacet
  facet normal 0 0 1
    outer loop
      vertex 18.799999997019768 -27 1.2
      vertex 16.880294036547404 14.392729584066624 1.2
      vertex 16.70406931026309 14.02013370533081 1.2
    endloop
  endfacet
  facet normal 0 0 1
    outer loop
      vertex 12.243980908340246 -6.877478574588049 1.2
      vertex 16.70406931026309 14.02013370533081 1.2
      vertex 16.49217237167069 13.666605021317672 1.2
    endloop
  endfacet
  facet normal 0 0 1
    outer loop
      vertex 18.799999997019768 -27 1.2
      vertex 17.01914941007528 14.780804355531258 1.2
      vertex 16.880294036547404 14.392729584066624 1.2
    endloop
  endfacet
  facet normal 0 0 1
    outer loop
      vertex 18.799999997019768 -27 1.2
      vertex 17.11929817769357 15.180620647532262 1.2
      vertex 17.01914941007528 14.780804355531258 1.2
    endloop
  endfacet
  facet normal 0 0 1
    outer loop
      vertex 18.799999997019768 -27 1.2
      vertex 17.179775852023226 15.588328010615845 1.2
      vertex 17.11929817769357 15.180620647532262 1.2
    endloop
  endfacet
  facet normal 0 0 1
    outer loop
      vertex 18.799999997019768 -27 1.2
      vertex 17.2 16 1.2
      vertex 17.179775852023226 15.588328010615845 1.2
    endloop
  endfacet
  facet normal 0 0 1
    outer loop
      vertex 18.799999997019768 -27 1.2
      vertex 18.799999997019768 27 1.2
      vertex 17.2 16 1.2
    endloop
  endfacet
  facet normal -1 0 0
    outer loop
      vertex 18.799999997019768 -27 1.2
      vertex 18.799999997019768 8.5 5.4
      vertex 18.799999997019768 27 1.2
    endloop
  endfacet
  facet normal -1 0 0
    outer loop
      vertex 18.799999997019768 27 1.2
      vertex 18.799999997019768 8.5 5.4
      vertex 18.799999997019768 8.5 8.6
    endloop
  endfacet
  facet normal 0 0 1
    outer loop
      vertex 12.180620647532262 20.11929817769357 1.2
      vertex 12.588328010615845 20.179775852023226 1.2
      vertex 12.590310323766131 21.940350911153217 1.2
    endloop
  endfacet
  facet normal 0 0 1
    outer loop
      vertex 12.180620647532262 20.11929817769357 1.2
      vertex 12.39040217776563 21.99042529496236 1.2
      vertex 12.196364792033311 22.059852981726298 1.2
    endloop
  endfacet
  facet normal 0 0 1
    outer loop
      vertex 12.180620647532262 20.11929817769357 1.2
      vertex 12.590310323766131 21.940350911153217 1.2
      vertex 12.39040217776563 21.99042529496236 1.2
    endloop
  endfacet
  facet normal 0 0 1
    outer loop
      vertex 12.588328010615845 20.179775852023226 1.2
      vertex 12.794164005307923 21.910112073988387 1.2
      vertex 12.590310323766131 21.940350911153217 1.2
    endloop
  endfacet
  facet normal 0 0 1
    outer loop
      vertex 12.588328010615845 20.179775852023226 1.2
      vertex 13 21.9 1.2
      vertex 12.794164005307923 21.910112073988387 1.2
    endloop
  endfacet
  facet normal 0 0 1
    outer loop
      vertex 12.588328010615845 20.179775852023226 1.2
      vertex 13 20.2 1.2
      vertex 13 21.9 1.2
    endloop
  endfacet
  facet normal 0 0 1
    outer loop
      vertex 13 20.2 1.2
      vertex 13.205835994692077 21.910112073988387 1.2
      vertex 13 21.9 1.2
    endloop
  endfacet
  facet normal 0 0 1
    outer loop
      vertex 13 20.2 1.2
      vertex 13.411671989384155 20.179775852023226 1.2
      vertex 13.205835994692077 21.910112073988387 1.2
    endloop
  endfacet
  facet normal 0 0 1
    outer loop
      vertex 13.411671989384155 20.179775852023226 1.2
      vertex 13.409689676233869 21.940350911153217 1.2
      vertex 13.205835994692077 21.910112073988387 1.2
    endloop
  endfacet
  facet normal 0 0 1
    outer loop
      vertex 13.411671989384155 20.179775852023226 1.2
      vertex 13.819379352467738 20.11929817769357 1.2
      vertex 13.60959782223437 21.99042529496236 1.2
    endloop
  endfacet
  facet normal 0 0 1
    outer loop
      vertex 13.411671989384155 20.179775852023226 1.2
      vertex 13.60959782223437 21.99042529496236 1.2
      vertex 13.409689676233869 21.940350911153217 1.2
    endloop
  endfacet
  facet normal 0 0 1
    outer loop
      vertex 13.60959782223437 21.99042529496236 1.2
      vertex 13.819379352467738 20.11929817769357 1.2
      vertex 13.803635207966689 22.059852981726298 1.2
    endloop
  endfacet
  facet normal 0 0 1
    outer loop
      vertex 13.819379352467738 20.11929817769357 1.2
      vertex 13.989933147334595 22.147965344868453 1.2
      vertex 13.803635207966689 22.059852981726298 1.2
    endloop
  endfacet
  facet normal 0 0 1
    outer loop
      vertex 13.819379352467738 20.11929817769357 1.2
      vertex 14.166697489341164 22.253913814164655 1.2
      vertex 13.989933147334595 22.147965344868453 1.2
    endloop
  endfacet
  facet normal 0 0 1
    outer loop
      vertex 13.819379352467738 20.11929817769357 1.2
      vertex 14.332225896743655 22.376678047938253 1.2
      vertex 14.166697489341164 22.253913814164655 1.2
    endloop
  endfacet
  facet normal 0 0 1
    outer loop
      vertex 13.819379352467738 20.11929817769357 1.2
      vertex 14.48492424049175 22.51507575950825 1.2
      vertex 14.332225896743655 22.376678047938253 1.2
    endloop
  endfacet
  facet normal 0 0 1
    outer loop
      vertex 13.819379352467738 20.11929817769357 1.2
      vertex 14.623321952061747 22.667774103256345 1.2
      vertex 14.48492424049175 22.51507575950825 1.2
    endloop
  endfacet
  facet normal 0 0 1
    outer loop
      vertex 13.819379352467738 20.11929817769357 1.2
      vertex 14.746086185835345 22.833302510658836 1.2
      vertex 14.623321952061747 22.667774103256345 1.2
    endloop
  endfacet
  facet normal 0 0 1
    outer loop
      vertex 13.819379352467738 20.11929817769357 1.2
      vertex 14.852034655131545 23.010066852665403 1.2
      vertex 14.746086185835345 22.833302510658836 1.2
    endloop
  endfacet
  facet normal 0 0 1
    outer loop
      vertex 13.819379352467738 20.11929817769357 1.2
      vertex 14.940147018273702 23.19636479203331 1.2
      vertex 14.852034655131545 23.010066852665403 1.2
    endloop
  endfacet
  facet normal 0 0 1
    outer loop
      vertex 13 26.1 1.2
      vertex 13.205835994692077 26.089887926011613 1.2
      vertex 18.765413507819176 27.35116258263588 1.2
    endloop
  endfacet
  facet normal 0 0 1
    outer loop
      vertex 13.819379352467738 20.11929817769357 1.2
      vertex 14.219195644468742 20.01914941007528 1.2
      vertex 18.799999997019768 27 1.2
    endloop
  endfacet
  facet normal 0 0 1
    outer loop
      vertex 14.219195644468742 20.01914941007528 1.2
      vertex 14.607270415933376 19.880294036547404 1.2
      vertex 18.799999997019768 27 1.2
    endloop
  endfacet
  facet normal 0 0 1
    outer loop
      vertex 14.607270415933376 19.880294036547404 1.2
      vertex 14.97986629466919 19.70406931026309 1.2
      vertex 18.799999997019768 27 1.2
    endloop
  endfacet
  facet normal 0 0 1
    outer loop
      vertex 14.97986629466919 19.70406931026309 1.2
      vertex 15.333394978682328 19.49217237167069 1.2
      vertex 18.799999997019768 27 1.2
    endloop
  endfacet
  facet normal 0 0 1
    outer loop
      vertex 15.333394978682328 19.49217237167069 1.2
      vertex 15.664451793487311 19.246643904123495 1.2
      vertex 18.799999997019768 27 1.2
    endloop
  endfacet
  facet normal 0 0 1
    outer loop
      vertex 15.664451793487311 19.246643904123495 1.2
      vertex 15.9698484809835 18.9698484809835 1.2
      vertex 18.799999997019768 27 1.2
    endloop
  endfacet
  facet normal 0 0 1
    outer loop
      vertex 16.246643904123495 18.66445179348731 1.2
      vertex 18.799999997019768 27 1.2
      vertex 15.9698484809835 18.9698484809835 1.2
    endloop
  endfacet
  facet normal 0 0 1
    outer loop
      vertex 16.246643904123495 18.66445179348731 1.2
      vertex 16.49217237167069 18.33339497868233 1.2
      vertex 18.799999997019768 27 1.2
    endloop
  endfacet
  facet normal 0 0 1
    outer loop
      vertex 16.70406931026309 17.97986629466919 1.2
      vertex 16.880294036547404 17.607270415933378 1.2
      vertex 18.799999997019768 27 1.2
    endloop
  endfacet
  facet normal 0 0 1
    outer loop
      vertex 16.49217237167069 18.33339497868233 1.2
      vertex 16.70406931026309 17.97986629466919 1.2
      vertex 18.799999997019768 27 1.2
    endloop
  endfacet
  facet normal 0 0 1
    outer loop
      vertex 17.179775852023226 16.411671989384153 1.2
      vertex 17.2 16 1.2
      vertex 18.799999997019768 27 1.2
    endloop
  endfacet
  facet normal 0 0 1
    outer loop
      vertex 17.179775852023226 16.411671989384153 1.2
      vertex 18.799999997019768 27 1.2
      vertex 17.11929817769357 16.819379352467738 1.2
    endloop
  endfacet
  facet normal 0 0 1
    outer loop
      vertex 17.11929817769357 16.819379352467738 1.2
      vertex 18.799999997019768 27 1.2
      vertex 17.01914941007528 17.21919564446874 1.2
    endloop
  endfacet
  facet normal 0 0 1
    outer loop
      vertex 17.01914941007528 17.21919564446874 1.2
      vertex 18.799999997019768 27 1.2
      vertex 16.880294036547404 17.607270415933378 1.2
    endloop
  endfacet
  facet normal 0 0 1
    outer loop
      vertex 13.819379352467738 20.11929817769357 1.2
      vertex 18.765413507819176 27.35116258263588 1.2
      vertex 14.940147018273702 23.19636479203331 1.2
    endloop
  endfacet
  facet normal 0 0 1
    outer loop
      vertex 14.940147018273702 23.19636479203331 1.2
      vertex 18.765413507819176 27.35116258263588 1.2
      vertex 15.00957470503764 23.39040217776563 1.2
    endloop
  endfacet
  facet normal 0 0 1
    outer loop
      vertex 14.166697489341164 25.746086185835345 1.2
      vertex 14.332225896743655 25.623321952061747 1.2
      vertex 18.765413507819176 27.35116258263588 1.2
    endloop
  endfacet
  facet normal 0 0 1
    outer loop
      vertex 14.332225896743655 25.623321952061747 1.2
      vertex 14.48492424049175 25.48492424049175 1.2
      vertex 18.765413507819176 27.35116258263588 1.2
    endloop
  endfacet
  facet normal 0 0 1
    outer loop
      vertex 14.940147018273702 24.80363520796669 1.2
      vertex 15.00957470503764 24.60959782223437 1.2
      vertex 18.765413507819176 27.35116258263588 1.2
    endloop
  endfacet
  facet normal 0 0 1
    outer loop
      vertex 14.940147018273702 24.80363520796669 1.2
      vertex 18.765413507819176 27.35116258263588 1.2
      vertex 14.852034655131545 24.989933147334597 1.2
    endloop
  endfacet
  facet normal 0 0 1
    outer loop
      vertex 14.746086185835345 25.166697489341164 1.2
      vertex 18.765413507819176 27.35116258263588 1.2
      vertex 14.623321952061747 25.332225896743655 1.2
    endloop
  endfacet
  facet normal 0 0 1
    outer loop
      vertex 14.48492424049175 25.48492424049175 1.2
      vertex 14.623321952061747 25.332225896743655 1.2
      vertex 18.765413507819176 27.35116258263588 1.2
    endloop
  endfacet
  facet normal 0 0 1
    outer loop
      vertex 14.746086185835345 25.166697489341164 1.2
      vertex 14.852034655131545 24.989933147334597 1.2
      vertex 18.765413507819176 27.35116258263588 1.2
    endloop
  endfacet
  facet normal 0 0 1
    outer loop
      vertex 15.00957470503764 23.39040217776563 1.2
      vertex 18.765413507819176 27.35116258263588 1.2
      vertex 15.059649088846784 23.59031032376613 1.2
    endloop
  endfacet
  facet normal 0 0 1
    outer loop
      vertex 15.059649088846784 23.59031032376613 1.2
      vertex 18.765413507819176 27.35116258263588 1.2
      vertex 15.089887926011613 23.794164005307923 1.2
    endloop
  endfacet
  facet normal 0 0 1
    outer loop
      vertex 15.089887926011613 23.794164005307923 1.2
      vertex 18.765413507819176 27.35116258263588 1.2
      vertex 15.1 24 1.2
    endloop
  endfacet
  facet normal 0 0 1
    outer loop
      vertex 15.1 24 1.2
      vertex 18.765413507819176 27.35116258263588 1.2
      vertex 15.089887926011613 24.205835994692077 1.2
    endloop
  endfacet
  facet normal 0 0 1
    outer loop
      vertex 15.089887926011613 24.205835994692077 1.2
      vertex 18.765413507819176 27.35116258263588 1.2
      vertex 15.059649088846784 24.40968967623387 1.2
    endloop
  endfacet
  facet normal 0 0 1
    outer loop
      vertex 15.059649088846784 24.40968967623387 1.2
      vertex 18.765413507819176 27.35116258263588 1.2
      vertex 15.00957470503764 24.60959782223437 1.2
    endloop
  endfacet
  facet normal 0 0 1
    outer loop
      vertex 13.819379352467738 20.11929817769357 1.2
      vertex 18.799999997019768 27 1.2
      vertex 18.791332505643368 27.176430851221085 1.2
    endloop
  endfacet
  facet normal 0 0 1
    outer loop
      vertex 13.819379352467738 20.11929817769357 1.2
      vertex 18.791332505643368 27.176430851221085 1.2
      vertex 18.765413507819176 27.35116258263588 1.2
    endloop
  endfacet
  facet normal 0 0 1
    outer loop
      vertex 13.205835994692077 26.089887926011613 1.2
      vertex 13.409689676233869 26.059649088846783 1.2
      vertex 18.765413507819176 27.35116258263588 1.2
    endloop
  endfacet
  facet normal 0 0 1
    outer loop
      vertex 13.409689676233869 26.059649088846783 1.2
      vertex 13.60959782223437 26.00957470503764 1.2
      vertex 18.765413507819176 27.35116258263588 1.2
    endloop
  endfacet
  facet normal 0 0 1
    outer loop
      vertex 13.60959782223437 26.00957470503764 1.2
      vertex 13.803635207966689 25.940147018273702 1.2
      vertex 18.765413507819176 27.35116258263588 1.2
    endloop
  endfacet
  facet normal 0 0 1
    outer loop
      vertex 13.803635207966689 25.940147018273702 1.2
      vertex 13.989933147334595 25.852034655131547 1.2
      vertex 18.765413507819176 27.35116258263588 1.2
    endloop
  endfacet
  facet normal 0 0 1
    outer loop
      vertex 13.989933147334595 25.852034655131547 1.2
      vertex 14.166697489341164 25.746086185835345 1.2
      vertex 18.765413507819176 27.35116258263588 1.2
    endloop
  endfacet
  facet normal 0 -1 0
    outer loop
      vertex 17 28.799999997019768 1.2
      vertex 17 28.799999997019768 15.6
      vertex 6 28.799999997019768 3.25
    endloop
  endfacet
  facet normal -0.04906767124254976 -0.9987954563567223 0
    outer loop
      vertex 17 28.799999997019768 1.2
      vertex 17.176430851221085 28.791332505643368 1.2
      vertex 17.176430851221085 28.791332505643368 15.6
    endloop
  endfacet
  facet normal -0.1467304406133819 -0.9891765149847638 0
    outer loop
      vertex 17.176430851221085 28.791332505643368 1.2
      vertex 17.35116258263588 28.765413507819176 1.2
      vertex 17.35116258263588 28.765413507819176 15.6
    endloop
  endfacet
  facet normal -0.242980191767943 -0.9700312502225965 0
    outer loop
      vertex 17.35116258263588 28.765413507819176 1.2
      vertex 17.522512421011925 28.72249260544777 1.2
      vertex 17.522512421011925 28.72249260544777 15.6
    endloop
  endfacet
  facet normal -0.9415440610798975 -0.33688986485968075 0
    outer loop
      vertex 18.72249260544777 27.522512421011925 1.2
      vertex 18.72249260544777 27.522512421011925 15.6
      vertex 18.662983156740665 27.68883018195629 1.2
    endloop
  endfacet
  facet normal -0.8032075216082913 -0.595699317803761 0
    outer loop
      vertex 18.49664530158043 28.000026419758797 1.2
      vertex 18.49664530158043 28.000026419758797 15.6
      vertex 18.39141881465912 28.141907908022404 1.2
    endloop
  endfacet
  facet normal -0.8577286127929595 -0.5141027395339042 0
    outer loop
      vertex 18.58745827525854 27.84851412475109 1.2
      vertex 18.58745827525854 27.84851412475109 15.6
      vertex 18.49664530158043 28.000026419758797 1.2
    endloop
  endfacet
  facet normal -0.903989290356129 -0.42755509928127655 0
    outer loop
      vertex 18.58745827525854 27.84851412475109 1.2
      vertex 18.662983156740665 27.68883018195629 1.2
      vertex 18.662983156740665 27.68883018195629 15.6
    endloop
  endfacet
  facet normal -0.33688986485968075 -0.9415440610798975 0
    outer loop
      vertex 17.522512421011925 28.72249260544777 1.2
      vertex 17.68883018195629 28.662983156740665 1.2
      vertex 17.68883018195629 28.662983156740665 15.6
    endloop
  endfacet
  facet normal -0.42755509928127655 -0.903989290356129 0
    outer loop
      vertex 17.68883018195629 28.662983156740665 1.2
      vertex 17.84851412475109 28.58745827525854 1.2
      vertex 17.84851412475109 28.58745827525854 15.6
    endloop
  endfacet
  facet normal -0.5141027395339042 -0.8577286127929595 0
    outer loop
      vertex 17.84851412475109 28.58745827525854 1.2
      vertex 18.000026419758797 28.49664530158043 1.2
      vertex 18.000026419758797 28.49664530158043 15.6
    endloop
  endfacet
  facet normal -0.595699317803761 -0.8032075216082913 0
    outer loop
      vertex 18.000026419758797 28.49664530158043 1.2
      vertex 18.141907908022404 28.39141881465912 1.2
      vertex 18.141907908022404 28.39141881465912 15.6
    endloop
  endfacet
  facet normal -0.6715589461927918 -0.740951133198693 0
    outer loop
      vertex 18.2727922052145 28.2727922052145 1.2
      vertex 18.2727922052145 28.2727922052145 15.6
      vertex 18.141907908022404 28.39141881465912 1.2
    endloop
  endfacet
  facet normal -0.740951133198693 -0.6715589461927918 0
    outer loop
      vertex 18.2727922052145 28.2727922052145 1.2
      vertex 18.39141881465912 28.141907908022404 1.2
      vertex 18.39141881465912 28.141907908022404 15.6
    endloop
  endfacet
  facet normal -0.9987954563567223 -0.04906767124254976 0
    outer loop
      vertex 18.799999997019768 27 1.2
      vertex 18.799999997019768 27 15.6
      vertex 18.791332505643368 27.176430851221085 1.2
    endloop
  endfacet
  facet normal -0.9891765149847638 -0.1467304406133819 0
    outer loop
      vertex 18.791332505643368 27.176430851221085 1.2
      vertex 18.791332505643368 27.176430851221085 15.6
      vertex 18.765413507819176 27.35116258263588 1.2
    endloop
  endfacet
  facet normal -0.9700312502225965 -0.242980191767943 0
    outer loop
      vertex 18.72249260544777 27.522512421011925 1.2
      vertex 18.765413507819176 27.35116258263588 1.2
      vertex 18.765413507819176 27.35116258263588 15.6
    endloop
  endfacet
  facet normal 0 -1 0
    outer loop
      vertex 17 28.799999997019768 15.6
      vertex 6 28.799999997019768 12.75
      vertex 6 28.799999997019768 3.25
    endloop
  endfacet
  facet normal 0 -1 0
    outer loop
      vertex -17 28.799999997019768 15.6
      vertex 6 28.799999997019768 12.75
      vertex 17 28.799999997019768 15.6
    endloop
  endfacet
  facet normal -1 0 0
    outer loop
      vertex 18.799999997019768 -27 15.6
      vertex 18.799999997019768 27 15.6
      vertex 18.799999997019768 8.5 8.6
    endloop
  endfacet
  facet normal -1 0 0
    outer loop
      vertex 18.799999997019768 27 1.2
      vertex 18.799999997019768 8.5 8.6
      vertex 18.799999997019768 27 15.6
    endloop
  endfacet
  facet normal -0.04906767124254976 -0.9987954563567223 0
    outer loop
      vertex 17 28.799999997019768 1.2
      vertex 17.176430851221085 28.791332505643368 15.6
      vertex 17 28.799999997019768 15.6
    endloop
  endfacet
  facet normal -0.1467304406133819 -0.9891765149847638 0
    outer loop
      vertex 17.176430851221085 28.791332505643368 1.2
      vertex 17.35116258263588 28.765413507819176 15.6
      vertex 17.176430851221085 28.791332505643368 15.6
    endloop
  endfacet
  facet normal -0.242980191767943 -0.9700312502225965 0
    outer loop
      vertex 17.35116258263588 28.765413507819176 1.2
      vertex 17.522512421011925 28.72249260544777 15.6
      vertex 17.35116258263588 28.765413507819176 15.6
    endloop
  endfacet
  facet normal -0.8032075216082913 -0.595699317803761 0
    outer loop
      vertex 18.39141881465912 28.141907908022404 1.2
      vertex 18.49664530158043 28.000026419758797 15.6
      vertex 18.39141881465912 28.141907908022404 15.6
    endloop
  endfacet
  facet normal -0.9700312502225965 -0.242980191767943 0
    outer loop
      vertex 18.72249260544777 27.522512421011925 1.2
      vertex 18.765413507819176 27.35116258263588 15.6
      vertex 18.72249260544777 27.522512421011925 15.6
    endloop
  endfacet
  facet normal -0.9415440610798975 -0.33688986485968075 0
    outer loop
      vertex 18.662983156740665 27.68883018195629 1.2
      vertex 18.72249260544777 27.522512421011925 15.6
      vertex 18.662983156740665 27.68883018195629 15.6
    endloop
  endfacet
  facet normal -0.8577286127929595 -0.5141027395339042 0
    outer loop
      vertex 18.49664530158043 28.000026419758797 1.2
      vertex 18.58745827525854 27.84851412475109 15.6
      vertex 18.49664530158043 28.000026419758797 15.6
    endloop
  endfacet
  facet normal -0.903989290356129 -0.42755509928127655 0
    outer loop
      vertex 18.58745827525854 27.84851412475109 1.2
      vertex 18.662983156740665 27.68883018195629 15.6
      vertex 18.58745827525854 27.84851412475109 15.6
    endloop
  endfacet
  facet normal -0.33688986485968075 -0.9415440610798975 0
    outer loop
      vertex 17.522512421011925 28.72249260544777 1.2
      vertex 17.68883018195629 28.662983156740665 15.6
      vertex 17.522512421011925 28.72249260544777 15.6
    endloop
  endfacet
  facet normal -0.42755509928127655 -0.903989290356129 0
    outer loop
      vertex 17.68883018195629 28.662983156740665 1.2
      vertex 17.84851412475109 28.58745827525854 15.6
      vertex 17.68883018195629 28.662983156740665 15.6
    endloop
  endfacet
  facet normal -0.5141027395339042 -0.8577286127929595 0
    outer loop
      vertex 17.84851412475109 28.58745827525854 1.2
      vertex 18.000026419758797 28.49664530158043 15.6
      vertex 17.84851412475109 28.58745827525854 15.6
    endloop
  endfacet
  facet normal -0.595699317803761 -0.8032075216082913 0
    outer loop
      vertex 18.000026419758797 28.49664530158043 1.2
      vertex 18.141907908022404 28.39141881465912 15.6
      vertex 18.000026419758797 28.49664530158043 15.6
    endloop
  endfacet
  facet normal -0.6715589461927918 -0.740951133198693 0
    outer loop
      vertex 18.141907908022404 28.39141881465912 1.2
      vertex 18.2727922052145 28.2727922052145 15.6
      vertex 18.141907908022404 28.39141881465912 15.6
    endloop
  endfacet
  facet normal -0.740951133198693 -0.6715589461927918 0
    outer loop
      vertex 18.2727922052145 28.2727922052145 1.2
      vertex 18.39141881465912 28.141907908022404 15.6
      vertex 18.2727922052145 28.2727922052145 15.6
    endloop
  endfacet
  facet normal -0.9987954563567223 -0.04906767124254976 0
    outer loop
      vertex 18.791332505643368 27.176430851221085 1.2
      vertex 18.799999997019768 27 15.6
      vertex 18.791332505643368 27.176430851221085 15.6
    endloop
  endfacet
  facet normal -0.9891765149847638 -0.1467304406133819 0
    outer loop
      vertex 18.765413507819176 27.35116258263588 1.2
      vertex 18.791332505643368 27.176430851221085 15.6
      vertex 18.765413507819176 27.35116258263588 15.6
    endloop
  endfacet
  facet normal -0.9700312531945439 -0.24298017990326423 -1.0695961170128687e-18
    outer loop
      vertex -15.00957470503764 23.39040217776563 1.2
      vertex -15.059649088846784 23.59031032376613 5
      vertex -15.059649088846784 23.59031032376613 1.2
    endloop
  endfacet
  facet normal -0.9891765099647817 -0.1467304744553568 -2.06189075311707e-19
    outer loop
      vertex -15.059649088846784 23.59031032376613 1.2
      vertex -15.089887926011613 23.794164005307923 5
      vertex -15.089887926011613 23.794164005307923 1.2
    endloop
  endfacet
  facet normal -0.9987954562051723 -0.049067674327417606 2.490818029278098e-19
    outer loop
      vertex -15.089887926011613 23.794164005307923 1.2
      vertex -15.1 24 5
      vertex -15.1 24 1.2
    endloop
  endfacet
  facet normal -0.9987954562051723 0.049067674327417606 -2.490818029278098e-19
    outer loop
      vertex -15.1 24 1.2
      vertex -15.089887926011613 24.205835994692077 5
      vertex -15.089887926011613 24.205835994692077 1.2
    endloop
  endfacet
  facet normal -0.9891765099647817 0.1467304744553568 2.06189075311707e-19
    outer loop
      vertex -15.089887926011613 24.205835994692077 1.2
      vertex -15.059649088846784 24.40968967623387 5
      vertex -15.059649088846784 24.40968967623387 1.2
    endloop
  endfacet
  facet normal -0.9700312531945439 0.24298017990326423 1.0695961170128687e-18
    outer loop
      vertex -15.059649088846784 24.40968967623387 1.2
      vertex -15.00957470503764 24.60959782223437 5
      vertex -15.00957470503764 24.60959782223437 1.2
    endloop
  endfacet
  facet normal -0.9700312531945439 -0.24298017990326423 0
    outer loop
      vertex -15.00957470503764 23.39040217776563 1.2
      vertex -15.00957470503764 23.39040217776563 5
      vertex -15.059649088846784 23.59031032376613 5
    endloop
  endfacet
  facet normal -0.9891765099647817 -0.1467304744553568 0
    outer loop
      vertex -15.059649088846784 23.59031032376613 1.2
      vertex -15.059649088846784 23.59031032376613 5
      vertex -15.089887926011613 23.794164005307923 5
    endloop
  endfacet
  facet normal -0.9987954562051723 -0.049067674327417606 0
    outer loop
      vertex -15.089887926011613 23.794164005307923 1.2
      vertex -15.089887926011613 23.794164005307923 5
      vertex -15.1 24 5
    endloop
  endfacet
  facet normal -0.9987954562051723 0.049067674327417606 0
    outer loop
      vertex -15.1 24 1.2
      vertex -15.1 24 5
      vertex -15.089887926011613 24.205835994692077 5
    endloop
  endfacet
  facet normal -0.9891765099647817 0.1467304744553568 0
    outer loop
      vertex -15.089887926011613 24.205835994692077 1.2
      vertex -15.089887926011613 24.205835994692077 5
      vertex -15.059649088846784 24.40968967623387 5
    endloop
  endfacet
  facet normal -0.9700312531945439 0.24298017990326423 0
    outer loop
      vertex -15.059649088846784 24.40968967623387 1.2
      vertex -15.059649088846784 24.40968967623387 5
      vertex -15.00957470503764 24.60959782223437 5
    endloop
  endfacet
  facet normal -0.6715589548470127 -0.7409511253549642 0
    outer loop
      vertex -14.332225896743655 22.376678047938253 1.2
      vertex -14.332225896743655 22.376678047938253 5
      vertex -14.48492424049175 22.51507575950825 1.2
    endloop
  endfacet
  facet normal -0.5956993044924358 -0.803207531480643 -1.1631123003746693e-18
    outer loop
      vertex -14.332225896743655 22.376678047938253 1.2
      vertex -14.166697489341164 22.253913814164655 1.2
      vertex -14.166697489341164 22.253913814164655 5
    endloop
  endfacet
  facet normal -0.5141027441932263 -0.8577286100002693 -1.8859591832142974e-18
    outer loop
      vertex -14.166697489341164 22.253913814164655 1.2
      vertex -13.989933147334595 22.147965344868453 1.2
      vertex -13.989933147334595 22.147965344868453 5
    endloop
  endfacet
  facet normal -0.42755509343027776 -0.9039892931234453 9.380469995303958e-19
    outer loop
      vertex -13.989933147334595 22.147965344868453 1.2
      vertex -13.803635207966689 22.059852981726298 1.2
      vertex -13.803635207966689 22.059852981726298 5
    endloop
  endfacet
  facet normal -0.3368898533922224 -0.9415440651830199 2.2900210819946046e-19
    outer loop
      vertex -13.803635207966689 22.059852981726298 1.2
      vertex -13.60959782223437 21.99042529496236 1.2
      vertex -13.60959782223437 21.99042529496236 5
    endloop
  endfacet
  facet normal -0.2429801799032541 -0.9700312531945464 -1.175883290396805e-19
    outer loop
      vertex -13.60959782223437 21.99042529496236 1.2
      vertex -13.409689676233869 21.940350911153217 1.2
      vertex -13.409689676233869 21.940350911153217 5
    endloop
  endfacet
  facet normal -0.14673047445536647 -0.9891765099647802 2.775968753003135e-19
    outer loop
      vertex -13.409689676233869 21.940350911153217 1.2
      vertex -13.205835994692077 21.910112073988387 1.2
      vertex -13.205835994692077 21.910112073988387 5
    endloop
  endfacet
  facet normal -0.04906767432742621 -0.9987954562051718 1.9135833888227342e-19
    outer loop
      vertex -13.205835994692077 21.910112073988387 1.2
      vertex -13 21.9 1.2
      vertex -13 21.9 5
    endloop
  endfacet
  facet normal 0.04906767432742621 -0.9987954562051718 -1.9135833888227342e-19
    outer loop
      vertex -13 21.9 1.2
      vertex -12.794164005307923 21.910112073988387 1.2
      vertex -12.794164005307923 21.910112073988387 5
    endloop
  endfacet
  facet normal 0.14673047445536647 -0.9891765099647802 -2.775968753003135e-19
    outer loop
      vertex -12.794164005307923 21.910112073988387 1.2
      vertex -12.590310323766131 21.940350911153217 1.2
      vertex -12.590310323766131 21.940350911153217 5
    endloop
  endfacet
  facet normal -0.6715589548470127 -0.7409511253549642 0
    outer loop
      vertex -14.48492424049175 22.51507575950825 1.2
      vertex -14.332225896743655 22.376678047938253 5
      vertex -14.48492424049175 22.51507575950825 5
    endloop
  endfacet
  facet normal -0.5956993044924358 -0.803207531480643 0
    outer loop
      vertex -14.332225896743655 22.376678047938253 1.2
      vertex -14.166697489341164 22.253913814164655 5
      vertex -14.332225896743655 22.376678047938253 5
    endloop
  endfacet
  facet normal -0.5141027441932263 -0.8577286100002693 0
    outer loop
      vertex -14.166697489341164 22.253913814164655 1.2
      vertex -13.989933147334595 22.147965344868453 5
      vertex -14.166697489341164 22.253913814164655 5
    endloop
  endfacet
  facet normal -0.42755509343027776 -0.9039892931234453 0
    outer loop
      vertex -13.989933147334595 22.147965344868453 1.2
      vertex -13.803635207966689 22.059852981726298 5
      vertex -13.989933147334595 22.147965344868453 5
    endloop
  endfacet
  facet normal -0.2429801799032541 -0.9700312531945464 0
    outer loop
      vertex -13.60959782223437 21.99042529496236 1.2
      vertex -13.409689676233869 21.940350911153217 5
      vertex -13.60959782223437 21.99042529496236 5
    endloop
  endfacet
  facet normal -0.3368898533922224 -0.9415440651830199 0
    outer loop
      vertex -13.803635207966689 22.059852981726298 1.2
      vertex -13.60959782223437 21.99042529496236 5
      vertex -13.803635207966689 22.059852981726298 5
    endloop
  endfacet
  facet normal -0.14673047445536647 -0.9891765099647802 0
    outer loop
      vertex -13.409689676233869 21.940350911153217 1.2
      vertex -13.205835994692077 21.910112073988387 5
      vertex -13.409689676233869 21.940350911153217 5
    endloop
  endfacet
  facet normal -0.04906767432742621 -0.9987954562051718 0
    outer loop
      vertex -13.205835994692077 21.910112073988387 1.2
      vertex -13 21.9 5
      vertex -13.205835994692077 21.910112073988387 5
    endloop
  endfacet
  facet normal 0.04906767432742621 -0.9987954562051718 0
    outer loop
      vertex -13 21.9 1.2
      vertex -12.794164005307923 21.910112073988387 5
      vertex -13 21.9 5
    endloop
  endfacet
  facet normal 0.14673047445536647 -0.9891765099647802 0
    outer loop
      vertex -12.794164005307923 21.910112073988387 1.2
      vertex -12.590310323766131 21.940350911153217 5
      vertex -12.794164005307923 21.910112073988387 5
    endloop
  endfacet
  facet normal 0.2429801799032541 -0.9700312531945464 0
    outer loop
      vertex -12.590310323766131 21.940350911153217 1.2
      vertex -12.39040217776563 21.99042529496236 5
      vertex -12.590310323766131 21.940350911153217 5
    endloop
  endfacet
  facet normal 0.2429801799032541 -0.9700312531945464 1.175883290396805e-19
    outer loop
      vertex -12.590310323766131 21.940350911153217 1.2
      vertex -12.39040217776563 21.99042529496236 1.2
      vertex -12.39040217776563 21.99042529496236 5
    endloop
  endfacet
  facet normal 0.3368898533922224 -0.9415440651830199 -2.2900210819946046e-19
    outer loop
      vertex -12.39040217776563 21.99042529496236 1.2
      vertex -12.196364792033311 22.059852981726298 1.2
      vertex -12.196364792033311 22.059852981726298 5
    endloop
  endfacet
  facet normal 0.42755509343027776 -0.9039892931234453 -9.380469995303958e-19
    outer loop
      vertex -12.196364792033311 22.059852981726298 1.2
      vertex -12.010066852665405 22.147965344868453 1.2
      vertex -12.010066852665405 22.147965344868453 5
    endloop
  endfacet
  facet normal 0.5141027441932263 -0.8577286100002693 1.8859591832142974e-18
    outer loop
      vertex -12.010066852665405 22.147965344868453 1.2
      vertex -11.833302510658836 22.253913814164655 1.2
      vertex -11.833302510658836 22.253913814164655 5
    endloop
  endfacet
  facet normal 0.5956993044924358 -0.803207531480643 1.1631123003746693e-18
    outer loop
      vertex -11.833302510658836 22.253913814164655 1.2
      vertex -11.667774103256345 22.376678047938253 1.2
      vertex -11.667774103256345 22.376678047938253 5
    endloop
  endfacet
  facet normal 0.6715589548470127 -0.7409511253549642 7.265750728034382e-19
    outer loop
      vertex -11.667774103256345 22.376678047938253 1.2
      vertex -11.51507575950825 22.51507575950825 1.2
      vertex -11.51507575950825 22.51507575950825 5
    endloop
  endfacet
  facet normal 0.3368898533922224 -0.9415440651830199 0
    outer loop
      vertex -12.39040217776563 21.99042529496236 1.2
      vertex -12.196364792033311 22.059852981726298 5
      vertex -12.39040217776563 21.99042529496236 5
    endloop
  endfacet
  facet normal 0.42755509343027776 -0.9039892931234453 0
    outer loop
      vertex -12.196364792033311 22.059852981726298 1.2
      vertex -12.010066852665405 22.147965344868453 5
      vertex -12.196364792033311 22.059852981726298 5
    endloop
  endfacet
  facet normal 0.5141027441932263 -0.8577286100002693 0
    outer loop
      vertex -12.010066852665405 22.147965344868453 1.2
      vertex -11.833302510658836 22.253913814164655 5
      vertex -12.010066852665405 22.147965344868453 5
    endloop
  endfacet
  facet normal 0.5956993044924358 -0.803207531480643 0
    outer loop
      vertex -11.833302510658836 22.253913814164655 1.2
      vertex -11.667774103256345 22.376678047938253 5
      vertex -11.833302510658836 22.253913814164655 5
    endloop
  endfacet
  facet normal 0.6715589548470127 -0.7409511253549642 0
    outer loop
      vertex -11.667774103256345 22.376678047938253 1.2
      vertex -11.51507575950825 22.51507575950825 5
      vertex -11.667774103256345 22.376678047938253 5
    endloop
  endfacet
  facet normal -0.8577286100002709 -0.5141027441932238 1.4321460745493845e-18
    outer loop
      vertex -14.746086185835345 22.833302510658836 1.2
      vertex -14.852034655131545 23.010066852665403 5
      vertex -14.852034655131545 23.010066852665403 1.2
    endloop
  endfacet
  facet normal -0.803207531480643 -0.5956993044924358 0
    outer loop
      vertex -14.746086185835345 22.833302510658836 1.2
      vertex -14.623321952061747 22.667774103256345 1.2
      vertex -14.746086185835345 22.833302510658836 5
    endloop
  endfacet
  facet normal -0.9039892931234437 -0.4275550934302815 0
    outer loop
      vertex -14.940147018273702 23.19636479203331 1.2
      vertex -14.852034655131545 23.010066852665403 1.2
      vertex -14.940147018273702 23.19636479203331 5
    endloop
  endfacet
  facet normal -0.9415440651830199 -0.3368898533922224 0
    outer loop
      vertex -15.00957470503764 23.39040217776563 1.2
      vertex -14.940147018273702 23.19636479203331 1.2
      vertex -15.00957470503764 23.39040217776563 5
    endloop
  endfacet
  facet normal -0.7409511253549642 -0.6715589548470127 0
    outer loop
      vertex -14.623321952061747 22.667774103256345 1.2
      vertex -14.48492424049175 22.51507575950825 1.2
      vertex -14.623321952061747 22.667774103256345 5
    endloop
  endfacet
  facet normal -0.9415440651830199 0.3368898533922224 -2.2900210819946046e-19
    outer loop
      vertex -15.00957470503764 24.60959782223437 1.2
      vertex -14.940147018273702 24.80363520796669 5
      vertex -14.940147018273702 24.80363520796669 1.2
    endloop
  endfacet
  facet normal -0.9039892931234437 0.4275550934302815 1.2685678367748268e-18
    outer loop
      vertex -14.940147018273702 24.80363520796669 1.2
      vertex -14.852034655131545 24.989933147334597 5
      vertex -14.852034655131545 24.989933147334597 1.2
    endloop
  endfacet
  facet normal -0.8577286100002709 0.5141027441932238 -1.4321460745493845e-18
    outer loop
      vertex -14.852034655131545 24.989933147334597 1.2
      vertex -14.746086185835345 25.166697489341164 5
      vertex -14.746086185835345 25.166697489341164 1.2
    endloop
  endfacet
  facet normal -0.803207531480643 0.5956993044924358 1.1631123003746693e-18
    outer loop
      vertex -14.746086185835345 25.166697489341164 1.2
      vertex -14.623321952061747 25.332225896743655 5
      vertex -14.623321952061747 25.332225896743655 1.2
    endloop
  endfacet
  facet normal -0.7409511253549642 0.6715589548470127 7.265750728034382e-19
    outer loop
      vertex -14.623321952061747 25.332225896743655 1.2
      vertex -14.48492424049175 25.48492424049175 5
      vertex -14.48492424049175 25.48492424049175 1.2
    endloop
  endfacet
  facet normal -0.6715589548470127 0.7409511253549642 0
    outer loop
      vertex -14.48492424049175 25.48492424049175 1.2
      vertex -14.48492424049175 25.48492424049175 5
      vertex -14.332225896743655 25.623321952061747 1.2
    endloop
  endfacet
  facet normal -0.5956993044924358 0.803207531480643 0
    outer loop
      vertex -14.332225896743655 25.623321952061747 1.2
      vertex -14.332225896743655 25.623321952061747 5
      vertex -14.166697489341164 25.746086185835345 1.2
    endloop
  endfacet
  facet normal -0.5141027441932263 0.8577286100002693 0
    outer loop
      vertex -14.166697489341164 25.746086185835345 1.2
      vertex -14.166697489341164 25.746086185835345 5
      vertex -13.989933147334595 25.852034655131547 1.2
    endloop
  endfacet
  facet normal -0.42755509343027776 0.9039892931234453 0
    outer loop
      vertex -13.989933147334595 25.852034655131547 1.2
      vertex -13.989933147334595 25.852034655131547 5
      vertex -13.803635207966689 25.940147018273702 1.2
    endloop
  endfacet
  facet normal -0.3368898533922224 0.9415440651830199 0
    outer loop
      vertex -13.803635207966689 25.940147018273702 1.2
      vertex -13.803635207966689 25.940147018273702 5
      vertex -13.60959782223437 26.00957470503764 1.2
    endloop
  endfacet
  facet normal -0.2429801799032541 0.9700312531945464 0
    outer loop
      vertex -13.60959782223437 26.00957470503764 1.2
      vertex -13.60959782223437 26.00957470503764 5
      vertex -13.409689676233869 26.059649088846783 1.2
    endloop
  endfacet
  facet normal -0.14673047445536647 0.9891765099647802 0
    outer loop
      vertex -13.409689676233869 26.059649088846783 1.2
      vertex -13.409689676233869 26.059649088846783 5
      vertex -13.205835994692077 26.089887926011613 1.2
    endloop
  endfacet
  facet normal -0.04906767432742621 0.9987954562051718 0
    outer loop
      vertex -13.205835994692077 26.089887926011613 1.2
      vertex -13.205835994692077 26.089887926011613 5
      vertex -13 26.1 1.2
    endloop
  endfacet
  facet normal 0.04906767432742621 0.9987954562051718 0
    outer loop
      vertex -13 26.1 1.2
      vertex -13 26.1 5
      vertex -12.794164005307923 26.089887926011613 1.2
    endloop
  endfacet
  facet normal 0.14673047445536647 0.9891765099647802 0
    outer loop
      vertex -12.794164005307923 26.089887926011613 1.2
      vertex -12.794164005307923 26.089887926011613 5
      vertex -12.590310323766131 26.059649088846783 1.2
    endloop
  endfacet
  facet normal 0.2429801799032541 0.9700312531945464 0
    outer loop
      vertex -12.590310323766131 26.059649088846783 1.2
      vertex -12.590310323766131 26.059649088846783 5
      vertex -12.39040217776563 26.00957470503764 1.2
    endloop
  endfacet
  facet normal -0.8577286100002709 -0.5141027441932238 0
    outer loop
      vertex -14.746086185835345 22.833302510658836 1.2
      vertex -14.746086185835345 22.833302510658836 5
      vertex -14.852034655131545 23.010066852665403 5
    endloop
  endfacet
  facet normal -0.9039892931234437 -0.4275550934302815 0
    outer loop
      vertex -14.852034655131545 23.010066852665403 1.2
      vertex -14.852034655131545 23.010066852665403 5
      vertex -14.940147018273702 23.19636479203331 5
    endloop
  endfacet
  facet normal -0.9415440651830199 -0.3368898533922224 0
    outer loop
      vertex -14.940147018273702 23.19636479203331 1.2
      vertex -14.940147018273702 23.19636479203331 5
      vertex -15.00957470503764 23.39040217776563 5
    endloop
  endfacet
  facet normal -0.803207531480643 -0.5956993044924358 0
    outer loop
      vertex -14.623321952061747 22.667774103256345 1.2
      vertex -14.623321952061747 22.667774103256345 5
      vertex -14.746086185835345 22.833302510658836 5
    endloop
  endfacet
  facet normal -0.7409511253549642 -0.6715589548470127 0
    outer loop
      vertex -14.48492424049175 22.51507575950825 1.2
      vertex -14.48492424049175 22.51507575950825 5
      vertex -14.623321952061747 22.667774103256345 5
    endloop
  endfacet
  facet normal -0.9415440651830199 0.3368898533922224 0
    outer loop
      vertex -15.00957470503764 24.60959782223437 1.2
      vertex -15.00957470503764 24.60959782223437 5
      vertex -14.940147018273702 24.80363520796669 5
    endloop
  endfacet
  facet normal -0.9039892931234437 0.4275550934302815 0
    outer loop
      vertex -14.940147018273702 24.80363520796669 1.2
      vertex -14.940147018273702 24.80363520796669 5
      vertex -14.852034655131545 24.989933147334597 5
    endloop
  endfacet
  facet normal -0.8577286100002709 0.5141027441932238 0
    outer loop
      vertex -14.852034655131545 24.989933147334597 1.2
      vertex -14.852034655131545 24.989933147334597 5
      vertex -14.746086185835345 25.166697489341164 5
    endloop
  endfacet
  facet normal -0.803207531480643 0.5956993044924358 0
    outer loop
      vertex -14.746086185835345 25.166697489341164 1.2
      vertex -14.746086185835345 25.166697489341164 5
      vertex -14.623321952061747 25.332225896743655 5
    endloop
  endfacet
  facet normal -0.7409511253549642 0.6715589548470127 0
    outer loop
      vertex -14.623321952061747 25.332225896743655 1.2
      vertex -14.623321952061747 25.332225896743655 5
      vertex -14.48492424049175 25.48492424049175 5
    endloop
  endfacet
  facet normal -0.6715589548470127 0.7409511253549642 0
    outer loop
      vertex -14.332225896743655 25.623321952061747 1.2
      vertex -14.48492424049175 25.48492424049175 5
      vertex -14.332225896743655 25.623321952061747 5
    endloop
  endfacet
  facet normal -0.5956993044924358 0.803207531480643 0
    outer loop
      vertex -14.166697489341164 25.746086185835345 1.2
      vertex -14.332225896743655 25.623321952061747 5
      vertex -14.166697489341164 25.746086185835345 5
    endloop
  endfacet
  facet normal -0.5141027441932263 0.8577286100002693 0
    outer loop
      vertex -13.989933147334595 25.852034655131547 1.2
      vertex -14.166697489341164 25.746086185835345 5
      vertex -13.989933147334595 25.852034655131547 5
    endloop
  endfacet
  facet normal -0.42755509343027776 0.9039892931234453 0
    outer loop
      vertex -13.803635207966689 25.940147018273702 1.2
      vertex -13.989933147334595 25.852034655131547 5
      vertex -13.803635207966689 25.940147018273702 5
    endloop
  endfacet
  facet normal -0.3368898533922224 0.9415440651830199 0
    outer loop
      vertex -13.60959782223437 26.00957470503764 1.2
      vertex -13.803635207966689 25.940147018273702 5
      vertex -13.60959782223437 26.00957470503764 5
    endloop
  endfacet
  facet normal -0.2429801799032541 0.9700312531945464 0
    outer loop
      vertex -13.409689676233869 26.059649088846783 1.2
      vertex -13.60959782223437 26.00957470503764 5
      vertex -13.409689676233869 26.059649088846783 5
    endloop
  endfacet
  facet normal -0.14673047445536647 0.9891765099647802 0
    outer loop
      vertex -13.205835994692077 26.089887926011613 1.2
      vertex -13.409689676233869 26.059649088846783 5
      vertex -13.205835994692077 26.089887926011613 5
    endloop
  endfacet
  facet normal -0.04906767432742621 0.9987954562051718 0
    outer loop
      vertex -13 26.1 1.2
      vertex -13.205835994692077 26.089887926011613 5
      vertex -13 26.1 5
    endloop
  endfacet
  facet normal 0.04906767432742621 0.9987954562051718 0
    outer loop
      vertex -12.794164005307923 26.089887926011613 1.2
      vertex -13 26.1 5
      vertex -12.794164005307923 26.089887926011613 5
    endloop
  endfacet
  facet normal 0.14673047445536647 0.9891765099647802 0
    outer loop
      vertex -12.590310323766131 26.059649088846783 1.2
      vertex -12.794164005307923 26.089887926011613 5
      vertex -12.590310323766131 26.059649088846783 5
    endloop
  endfacet
  facet normal 0.7409511253549642 -0.6715589548470127 0
    outer loop
      vertex -11.51507575950825 22.51507575950825 1.2
      vertex -11.376678047938253 22.667774103256345 1.2
      vertex -11.51507575950825 22.51507575950825 5
    endloop
  endfacet
  facet normal 0.803207531480643 -0.5956993044924358 0
    outer loop
      vertex -11.376678047938253 22.667774103256345 1.2
      vertex -11.253913814164655 22.833302510658836 1.2
      vertex -11.376678047938253 22.667774103256345 5
    endloop
  endfacet
  facet normal 0.3368898533922224 0.9415440651830199 0
    outer loop
      vertex -12.39040217776563 26.00957470503764 1.2
      vertex -12.39040217776563 26.00957470503764 5
      vertex -12.196364792033311 25.940147018273702 1.2
    endloop
  endfacet
  facet normal 0.42755509343027776 0.9039892931234453 0
    outer loop
      vertex -12.196364792033311 25.940147018273702 1.2
      vertex -12.196364792033311 25.940147018273702 5
      vertex -12.010066852665405 25.852034655131547 1.2
    endloop
  endfacet
  facet normal 0.5141027441932263 0.8577286100002693 0
    outer loop
      vertex -12.010066852665405 25.852034655131547 1.2
      vertex -12.010066852665405 25.852034655131547 5
      vertex -11.833302510658836 25.746086185835345 1.2
    endloop
  endfacet
  facet normal 0.803207531480643 0.5956993044924358 0
    outer loop
      vertex -11.253913814164655 25.166697489341164 1.2
      vertex -11.376678047938253 25.332225896743655 1.2
      vertex -11.253913814164655 25.166697489341164 5
    endloop
  endfacet
  facet normal 0.5956993044924358 0.803207531480643 0
    outer loop
      vertex -11.833302510658836 25.746086185835345 1.2
      vertex -11.833302510658836 25.746086185835345 5
      vertex -11.667774103256345 25.623321952061747 1.2
    endloop
  endfacet
  facet normal 0.6715589548470127 0.7409511253549642 0
    outer loop
      vertex -11.667774103256345 25.623321952061747 1.2
      vertex -11.667774103256345 25.623321952061747 5
      vertex -11.51507575950825 25.48492424049175 1.2
    endloop
  endfacet
  facet normal 0.7409511253549642 0.6715589548470127 -7.265750728034382e-19
    outer loop
      vertex -11.51507575950825 25.48492424049175 1.2
      vertex -11.376678047938253 25.332225896743655 5
      vertex -11.376678047938253 25.332225896743655 1.2
    endloop
  endfacet
  facet normal 0.8577286100002709 -0.5141027441932238 0
    outer loop
      vertex -11.253913814164655 22.833302510658836 1.2
      vertex -11.147965344868455 23.010066852665403 1.2
      vertex -11.253913814164655 22.833302510658836 5
    endloop
  endfacet
  facet normal 0.9039892931234437 -0.4275550934302815 0
    outer loop
      vertex -11.147965344868455 23.010066852665403 1.2
      vertex -11.059852981726298 23.19636479203331 1.2
      vertex -11.147965344868455 23.010066852665403 5
    endloop
  endfacet
  facet normal 0.9415440651830199 -0.3368898533922224 0
    outer loop
      vertex -11.059852981726298 23.19636479203331 1.2
      vertex -10.99042529496236 23.39040217776563 1.2
      vertex -11.059852981726298 23.19636479203331 5
    endloop
  endfacet
  facet normal 0.9700312531945439 -0.24298017990326423 0
    outer loop
      vertex -10.99042529496236 23.39040217776563 1.2
      vertex -10.940350911153216 23.59031032376613 1.2
      vertex -10.99042529496236 23.39040217776563 5
    endloop
  endfacet
  facet normal 0.9891765099647817 -0.1467304744553568 0
    outer loop
      vertex -10.940350911153216 23.59031032376613 1.2
      vertex -10.910112073988387 23.794164005307923 1.2
      vertex -10.940350911153216 23.59031032376613 5
    endloop
  endfacet
  facet normal 0.9987954562051723 -0.049067674327417606 0
    outer loop
      vertex -10.910112073988387 23.794164005307923 1.2
      vertex -10.9 24 1.2
      vertex -10.910112073988387 23.794164005307923 5
    endloop
  endfacet
  facet normal 0.9987954562051723 0.049067674327417606 0
    outer loop
      vertex -10.9 24 1.2
      vertex -10.910112073988387 24.205835994692077 1.2
      vertex -10.9 24 5
    endloop
  endfacet
  facet normal 0.9891765099647817 0.1467304744553568 0
    outer loop
      vertex -10.910112073988387 24.205835994692077 1.2
      vertex -10.940350911153216 24.40968967623387 1.2
      vertex -10.910112073988387 24.205835994692077 5
    endloop
  endfacet
  facet normal 0.9700312531945439 0.24298017990326423 0
    outer loop
      vertex -10.940350911153216 24.40968967623387 1.2
      vertex -10.99042529496236 24.60959782223437 1.2
      vertex -10.940350911153216 24.40968967623387 5
    endloop
  endfacet
  facet normal 0.9415440651830199 0.3368898533922224 2.2900210819946046e-19
    outer loop
      vertex -11.059852981726298 24.80363520796669 1.2
      vertex -10.99042529496236 24.60959782223437 5
      vertex -10.99042529496236 24.60959782223437 1.2
    endloop
  endfacet
  facet normal 0.8577286100002709 0.5141027441932238 1.4321460745493845e-18
    outer loop
      vertex -11.253913814164655 25.166697489341164 1.2
      vertex -11.147965344868455 24.989933147334597 5
      vertex -11.147965344868455 24.989933147334597 1.2
    endloop
  endfacet
  facet normal 0.9039892931234437 0.4275550934302815 0
    outer loop
      vertex -11.059852981726298 24.80363520796669 1.2
      vertex -11.147965344868455 24.989933147334597 1.2
      vertex -11.059852981726298 24.80363520796669 5
    endloop
  endfacet
  facet normal 0.7409511253549642 -0.6715589548470127 0
    outer loop
      vertex -11.376678047938253 22.667774103256345 1.2
      vertex -11.376678047938253 22.667774103256345 5
      vertex -11.51507575950825 22.51507575950825 5
    endloop
  endfacet
  facet normal 0.803207531480643 -0.5956993044924358 0
    outer loop
      vertex -11.253913814164655 22.833302510658836 1.2
      vertex -11.253913814164655 22.833302510658836 5
      vertex -11.376678047938253 22.667774103256345 5
    endloop
  endfacet
  facet normal 0.2429801799032541 0.9700312531945464 0
    outer loop
      vertex -12.39040217776563 26.00957470503764 1.2
      vertex -12.590310323766131 26.059649088846783 5
      vertex -12.39040217776563 26.00957470503764 5
    endloop
  endfacet
  facet normal 0.3368898533922224 0.9415440651830199 0
    outer loop
      vertex -12.196364792033311 25.940147018273702 1.2
      vertex -12.39040217776563 26.00957470503764 5
      vertex -12.196364792033311 25.940147018273702 5
    endloop
  endfacet
  facet normal 0.42755509343027776 0.9039892931234453 0
    outer loop
      vertex -12.010066852665405 25.852034655131547 1.2
      vertex -12.196364792033311 25.940147018273702 5
      vertex -12.010066852665405 25.852034655131547 5
    endloop
  endfacet
  facet normal 0.5141027441932263 0.8577286100002693 0
    outer loop
      vertex -11.833302510658836 25.746086185835345 1.2
      vertex -12.010066852665405 25.852034655131547 5
      vertex -11.833302510658836 25.746086185835345 5
    endloop
  endfacet
  facet normal 0.803207531480643 0.5956993044924358 0
    outer loop
      vertex -11.376678047938253 25.332225896743655 1.2
      vertex -11.376678047938253 25.332225896743655 5
      vertex -11.253913814164655 25.166697489341164 5
    endloop
  endfacet
  facet normal 0.5956993044924358 0.803207531480643 0
    outer loop
      vertex -11.667774103256345 25.623321952061747 1.2
      vertex -11.833302510658836 25.746086185835345 5
      vertex -11.667774103256345 25.623321952061747 5
    endloop
  endfacet
  facet normal 0.6715589548470127 0.7409511253549642 0
    outer loop
      vertex -11.51507575950825 25.48492424049175 1.2
      vertex -11.667774103256345 25.623321952061747 5
      vertex -11.51507575950825 25.48492424049175 5
    endloop
  endfacet
  facet normal 0.7409511253549642 0.6715589548470127 0
    outer loop
      vertex -11.51507575950825 25.48492424049175 1.2
      vertex -11.51507575950825 25.48492424049175 5
      vertex -11.376678047938253 25.332225896743655 5
    endloop
  endfacet
  facet normal 0.8577286100002709 -0.5141027441932238 0
    outer loop
      vertex -11.147965344868455 23.010066852665403 1.2
      vertex -11.147965344868455 23.010066852665403 5
      vertex -11.253913814164655 22.833302510658836 5
    endloop
  endfacet
  facet normal 0.9039892931234437 -0.4275550934302815 0
    outer loop
      vertex -11.059852981726298 23.19636479203331 1.2
      vertex -11.059852981726298 23.19636479203331 5
      vertex -11.147965344868455 23.010066852665403 5
    endloop
  endfacet
  facet normal 0.9415440651830199 -0.3368898533922224 0
    outer loop
      vertex -10.99042529496236 23.39040217776563 1.2
      vertex -10.99042529496236 23.39040217776563 5
      vertex -11.059852981726298 23.19636479203331 5
    endloop
  endfacet
  facet normal 0.9700312531945439 -0.24298017990326423 0
    outer loop
      vertex -10.940350911153216 23.59031032376613 1.2
      vertex -10.940350911153216 23.59031032376613 5
      vertex -10.99042529496236 23.39040217776563 5
    endloop
  endfacet
  facet normal 0.9891765099647817 -0.1467304744553568 0
    outer loop
      vertex -10.910112073988387 23.794164005307923 1.2
      vertex -10.910112073988387 23.794164005307923 5
      vertex -10.940350911153216 23.59031032376613 5
    endloop
  endfacet
  facet normal 0.9987954562051723 -0.049067674327417606 0
    outer loop
      vertex -10.9 24 1.2
      vertex -10.9 24 5
      vertex -10.910112073988387 23.794164005307923 5
    endloop
  endfacet
  facet normal 0.9987954562051723 0.049067674327417606 0
    outer loop
      vertex -10.910112073988387 24.205835994692077 1.2
      vertex -10.910112073988387 24.205835994692077 5
      vertex -10.9 24 5
    endloop
  endfacet
  facet normal 0.9891765099647817 0.1467304744553568 0
    outer loop
      vertex -10.940350911153216 24.40968967623387 1.2
      vertex -10.940350911153216 24.40968967623387 5
      vertex -10.910112073988387 24.205835994692077 5
    endloop
  endfacet
  facet normal 0.9700312531945439 0.24298017990326423 0
    outer loop
      vertex -10.99042529496236 24.60959782223437 1.2
      vertex -10.99042529496236 24.60959782223437 5
      vertex -10.940350911153216 24.40968967623387 5
    endloop
  endfacet
  facet normal 0.9415440651830199 0.3368898533922224 0
    outer loop
      vertex -11.059852981726298 24.80363520796669 1.2
      vertex -11.059852981726298 24.80363520796669 5
      vertex -10.99042529496236 24.60959782223437 5
    endloop
  endfacet
  facet normal 0.9039892931234437 0.4275550934302815 0
    outer loop
      vertex -11.147965344868455 24.989933147334597 1.2
      vertex -11.147965344868455 24.989933147334597 5
      vertex -11.059852981726298 24.80363520796669 5
    endloop
  endfacet
  facet normal 0.8577286100002709 0.5141027441932238 0
    outer loop
      vertex -11.253913814164655 25.166697489341164 1.2
      vertex -11.253913814164655 25.166697489341164 5
      vertex -11.147965344868455 24.989933147334597 5
    endloop
  endfacet
  facet normal 0 0 1
    outer loop
      vertex -15.059649088846784 23.59031032376613 5
      vertex -15.089887926011613 24.205835994692077 5
      vertex -15.089887926011613 23.794164005307923 5
    endloop
  endfacet
  facet normal 0 0 1
    outer loop
      vertex -15.00957470503764 23.39040217776563 5
      vertex -15.059649088846784 24.40968967623387 5
      vertex -15.059649088846784 23.59031032376613 5
    endloop
  endfacet
  facet normal 0 0 1
    outer loop
      vertex -15.089887926011613 23.794164005307923 5
      vertex -15.089887926011613 24.205835994692077 5
      vertex -15.1 24 5
    endloop
  endfacet
  facet normal 0 0 1
    outer loop
      vertex -15.059649088846784 23.59031032376613 5
      vertex -15.059649088846784 24.40968967623387 5
      vertex -15.089887926011613 24.205835994692077 5
    endloop
  endfacet
  facet normal 0 0 1
    outer loop
      vertex -15.00957470503764 23.39040217776563 5
      vertex -15.00957470503764 24.60959782223437 5
      vertex -15.059649088846784 24.40968967623387 5
    endloop
  endfacet
  facet normal 0 0 1
    outer loop
      vertex -13.60959782223437 21.99042529496236 5
      vertex -13.409689676233869 21.940350911153217 5
      vertex -13.539234291539099 23.342941114641672 5
    endloop
  endfacet
  facet normal 0 0 1
    outer loop
      vertex -13.409689676233869 21.940350911153217 5
      vertex -13.205835994692077 21.910112073988387 5
      vertex -13.325280917510327 23.214702397365407 5
    endloop
  endfacet
  facet normal 0 0 1
    outer loop
      vertex -13.205835994692077 21.910112073988387 5
      vertex -13 21.9 5
      vertex -13.083314569280127 23.15409298232863 5
    endloop
  endfacet
  facet normal 0 0 1
    outer loop
      vertex -13 21.9 5
      vertex -12.794164005307923 21.910112073988387 5
      vertex -12.916685430719873 23.15409298232863 5
    endloop
  endfacet
  facet normal 0 0 1
    outer loop
      vertex -12.794164005307923 21.910112073988387 5
      vertex -12.590310323766131 21.940350911153217 5
      vertex -12.83417322628629 23.166332511657256 5
    endloop
  endfacet
  facet normal 0 0 1
    outer loop
      vertex -12.590310323766131 21.940350911153217 5
      vertex -12.39040217776563 21.99042529496236 5
      vertex -12.599312773697902 23.250366925303897 5
    endloop
  endfacet
  facet normal 0 0 1
    outer loop
      vertex -12.39040217776563 21.99042529496236 5
      vertex -12.196364792033311 22.059852981726298 5
      vertex -12.398959235991434 23.398959235991434 5
    endloop
  endfacet
  facet normal 0 0 1
    outer loop
      vertex -14.940147018273702 23.19636479203331 5
      vertex -14.852034655131545 23.010066852665403 5
      vertex -14.940147018273702 24.80363520796669 5
    endloop
  endfacet
  facet normal 0 0 1
    outer loop
      vertex -15.00957470503764 23.39040217776563 5
      vertex -14.940147018273702 23.19636479203331 5
      vertex -15.00957470503764 24.60959782223437 5
    endloop
  endfacet
  facet normal 0 0 1
    outer loop
      vertex -14.746086185835345 22.833302510658836 5
      vertex -14.852034655131545 24.989933147334597 5
      vertex -14.852034655131545 23.010066852665403 5
    endloop
  endfacet
  facet normal 0 0 1
    outer loop
      vertex -14.746086185835345 22.833302510658836 5
      vertex -14.623321952061747 22.667774103256345 5
      vertex -14.746086185835345 25.166697489341164 5
    endloop
  endfacet
  facet normal 0 0 1
    outer loop
      vertex -15.00957470503764 24.60959782223437 5
      vertex -14.940147018273702 23.19636479203331 5
      vertex -14.940147018273702 24.80363520796669 5
    endloop
  endfacet
  facet normal 0 0 1
    outer loop
      vertex -14.852034655131545 23.010066852665403 5
      vertex -14.852034655131545 24.989933147334597 5
      vertex -14.940147018273702 24.80363520796669 5
    endloop
  endfacet
  facet normal 0 0 1
    outer loop
      vertex -14.746086185835345 22.833302510658836 5
      vertex -14.746086185835345 25.166697489341164 5
      vertex -14.852034655131545 24.989933147334597 5
    endloop
  endfacet
  facet normal 0 0 1
    outer loop
      vertex -14.623321952061747 22.667774103256345 5
      vertex -14.48492424049175 22.51507575950825 5
      vertex -14.623321952061747 25.332225896743655 5
    endloop
  endfacet
  facet normal 0 0 1
    outer loop
      vertex -14.332225896743655 22.376678047938253 5
      vertex -14.48492424049175 25.48492424049175 5
      vertex -14.48492424049175 22.51507575950825 5
    endloop
  endfacet
  facet normal 0 0 1
    outer loop
      vertex -14.332225896743655 22.376678047938253 5
      vertex -14.166697489341164 22.253913814164655 5
      vertex -14.332225896743655 25.623321952061747 5
    endloop
  endfacet
  facet normal 0 0 1
    outer loop
      vertex -14.166697489341164 22.253913814164655 5
      vertex -13.989933147334595 22.147965344868453 5
      vertex -14.166697489341164 25.746086185835345 5
    endloop
  endfacet
  facet normal 0 0 1
    outer loop
      vertex -13.989933147334595 22.147965344868453 5
      vertex -13.803635207966689 22.059852981726298 5
      vertex -13.989933147334595 25.852034655131547 5
    endloop
  endfacet
  facet normal 0 0 1
    outer loop
      vertex -13.803635207966689 22.059852981726298 5
      vertex -13.706749170457163 23.52776530193334 5
      vertex -13.749633074696101 23.599312773697903 5
    endloop
  endfacet
  facet normal 0 0 1
    outer loop
      vertex -13.803635207966689 22.059852981726298 5
      vertex -13.785297602634593 23.674719082489673 5
      vertex -13.813399285372377 23.753258024333707 5
    endloop
  endfacet
  facet normal 0 0 1
    outer loop
      vertex -13.803635207966689 22.059852981726298 5
      vertex -13.749633074696101 23.599312773697903 5
      vertex -13.785297602634593 23.674719082489673 5
    endloop
  endfacet
  facet normal 0 0 1
    outer loop
      vertex -13.803635207966689 22.059852981726298 5
      vertex -13.845907017671367 23.916685430719873 5
      vertex -13.85 24 5
    endloop
  endfacet
  facet normal 0 0 1
    outer loop
      vertex -13.803635207966689 22.059852981726298 5
      vertex -13.813399285372377 23.753258024333707 5
      vertex -13.833667488342746 23.834173226286293 5
    endloop
  endfacet
  facet normal 0 0 1
    outer loop
      vertex -13.803635207966689 22.059852981726298 5
      vertex -13.833667488342746 23.834173226286293 5
      vertex -13.845907017671367 23.916685430719873 5
    endloop
  endfacet
  facet normal 0 0 1
    outer loop
      vertex -13.803635207966689 22.059852981726298 5
      vertex -13.85 24 5
      vertex -13.989933147334595 25.852034655131547 5
    endloop
  endfacet
  facet normal 0 0 1
    outer loop
      vertex -14.623321952061747 22.667774103256345 5
      vertex -14.623321952061747 25.332225896743655 5
      vertex -14.746086185835345 25.166697489341164 5
    endloop
  endfacet
  facet normal 0 0 1
    outer loop
      vertex -14.48492424049175 22.51507575950825 5
      vertex -14.48492424049175 25.48492424049175 5
      vertex -14.623321952061747 25.332225896743655 5
    endloop
  endfacet
  facet normal 0 0 1
    outer loop
      vertex -14.332225896743655 22.376678047938253 5
      vertex -14.332225896743655 25.623321952061747 5
      vertex -14.48492424049175 25.48492424049175 5
    endloop
  endfacet
  facet normal 0 0 1
    outer loop
      vertex -14.166697489341164 22.253913814164655 5
      vertex -14.166697489341164 25.746086185835345 5
      vertex -14.332225896743655 25.623321952061747 5
    endloop
  endfacet
  facet normal 0 0 1
    outer loop
      vertex -13.989933147334595 22.147965344868453 5
      vertex -13.989933147334595 25.852034655131547 5
      vertex -14.166697489341164 25.746086185835345 5
    endloop
  endfacet
  facet normal 0 0 1
    outer loop
      vertex -13.989933147334595 25.852034655131547 5
      vertex -13.85 24 5
      vertex -13.845907017671367 24.083314569280127 5
    endloop
  endfacet
  facet normal 0 0 1
    outer loop
      vertex -13.989933147334595 25.852034655131547 5
      vertex -13.845907017671367 24.083314569280127 5
      vertex -13.833667488342746 24.165826773713707 5
    endloop
  endfacet
  facet normal 0 0 1
    outer loop
      vertex -13.989933147334595 25.852034655131547 5
      vertex -13.833667488342746 24.165826773713707 5
      vertex -13.813399285372377 24.246741975666293 5
    endloop
  endfacet
  facet normal 0 0 1
    outer loop
      vertex -13.989933147334595 25.852034655131547 5
      vertex -13.813399285372377 24.246741975666293 5
      vertex -13.785297602634593 24.325280917510327 5
    endloop
  endfacet
  facet normal 0 0 1
    outer loop
      vertex -13.803635207966689 25.940147018273702 5
      vertex -13.785297602634593 24.325280917510327 5
      vertex -13.749633074696101 24.400687226302097 5
    endloop
  endfacet
  facet normal 0 0 1
    outer loop
      vertex -13.803635207966689 25.940147018273702 5
      vertex -13.749633074696101 24.400687226302097 5
      vertex -13.706749170457163 24.47223469806666 5
    endloop
  endfacet
  facet normal 0 0 1
    outer loop
      vertex -13.989933147334595 25.852034655131547 5
      vertex -13.785297602634593 24.325280917510327 5
      vertex -13.803635207966689 25.940147018273702 5
    endloop
  endfacet
  facet normal 0 0 1
    outer loop
      vertex -13.803635207966689 22.059852981726298 5
      vertex -13.60959782223437 21.99042529496236 5
      vertex -13.706749170457163 23.52776530193334 5
    endloop
  endfacet
  facet normal 0 0 1
    outer loop
      vertex -13.60959782223437 21.99042529496236 5
      vertex -13.601040764008566 23.398959235991434 5
      vertex -13.657058885358326 23.4607657084609 5
    endloop
  endfacet
  facet normal 0 0 1
    outer loop
      vertex -13.60959782223437 21.99042529496236 5
      vertex -13.539234291539099 23.342941114641672 5
      vertex -13.601040764008566 23.398959235991434 5
    endloop
  endfacet
  facet normal 0 0 1
    outer loop
      vertex -13.409689676233869 21.940350911153217 5
      vertex -13.472234698066663 23.293250829542835 5
      vertex -13.539234291539099 23.342941114641672 5
    endloop
  endfacet
  facet normal 0 0 1
    outer loop
      vertex -13.60959782223437 21.99042529496236 5
      vertex -13.657058885358326 23.4607657084609 5
      vertex -13.706749170457163 23.52776530193334 5
    endloop
  endfacet
  facet normal 0 0 1
    outer loop
      vertex -13.409689676233869 21.940350911153217 5
      vertex -13.400687226302098 23.250366925303897 5
      vertex -13.472234698066663 23.293250829542835 5
    endloop
  endfacet
  facet normal 0 0 1
    outer loop
      vertex -13.409689676233869 21.940350911153217 5
      vertex -13.325280917510327 23.214702397365407 5
      vertex -13.400687226302098 23.250366925303897 5
    endloop
  endfacet
  facet normal 0 0 1
    outer loop
      vertex -13.205835994692077 21.910112073988387 5
      vertex -13.246741975666293 23.186600714627623 5
      vertex -13.325280917510327 23.214702397365407 5
    endloop
  endfacet
  facet normal 0 0 1
    outer loop
      vertex -13.205835994692077 21.910112073988387 5
      vertex -13.16582677371371 23.166332511657256 5
      vertex -13.246741975666293 23.186600714627623 5
    endloop
  endfacet
  facet normal 0 0 1
    outer loop
      vertex -13.205835994692077 21.910112073988387 5
      vertex -13.083314569280127 23.15409298232863 5
      vertex -13.16582677371371 23.166332511657256 5
    endloop
  endfacet
  facet normal 0 0 1
    outer loop
      vertex -13 21.9 5
      vertex -13 23.15 5
      vertex -13.083314569280127 23.15409298232863 5
    endloop
  endfacet
  facet normal 0 0 1
    outer loop
      vertex -13 21.9 5
      vertex -12.916685430719873 23.15409298232863 5
      vertex -13 23.15 5
    endloop
  endfacet
  facet normal 0 0 1
    outer loop
      vertex -12.794164005307923 21.910112073988387 5
      vertex -12.83417322628629 23.166332511657256 5
      vertex -12.916685430719873 23.15409298232863 5
    endloop
  endfacet
  facet normal 0 0 1
    outer loop
      vertex -12.590310323766131 21.940350911153217 5
      vertex -12.753258024333707 23.186600714627623 5
      vertex -12.83417322628629 23.166332511657256 5
    endloop
  endfacet
  facet normal 0 0 1
    outer loop
      vertex -12.590310323766131 21.940350911153217 5
      vertex -12.674719082489673 23.214702397365407 5
      vertex -12.753258024333707 23.186600714627623 5
    endloop
  endfacet
  facet normal 0 0 1
    outer loop
      vertex -12.590310323766131 21.940350911153217 5
      vertex -12.599312773697902 23.250366925303897 5
      vertex -12.674719082489673 23.214702397365407 5
    endloop
  endfacet
  facet normal 0 0 1
    outer loop
      vertex -12.39040217776563 21.99042529496236 5
      vertex -12.527765301933337 23.293250829542835 5
      vertex -12.599312773697902 23.250366925303897 5
    endloop
  endfacet
  facet normal 0 0 1
    outer loop
      vertex -13.803635207966689 25.940147018273702 5
      vertex -13.706749170457163 24.47223469806666 5
      vertex -13.657058885358326 24.5392342915391 5
    endloop
  endfacet
  facet normal 0 0 1
    outer loop
      vertex -13.803635207966689 25.940147018273702 5
      vertex -13.657058885358326 24.5392342915391 5
      vertex -13.601040764008566 24.601040764008566 5
    endloop
  endfacet
  facet normal 0 0 1
    outer loop
      vertex -13.60959782223437 26.00957470503764 5
      vertex -13.601040764008566 24.601040764008566 5
      vertex -13.539234291539099 24.657058885358328 5
    endloop
  endfacet
  facet normal 0 0 1
    outer loop
      vertex -13.60959782223437 26.00957470503764 5
      vertex -13.539234291539099 24.657058885358328 5
      vertex -13.472234698066663 24.706749170457165 5
    endloop
  endfacet
  facet normal 0 0 1
    outer loop
      vertex -13.60959782223437 26.00957470503764 5
      vertex -13.472234698066663 24.706749170457165 5
      vertex -13.400687226302098 24.749633074696103 5
    endloop
  endfacet
  facet normal 0 0 1
    outer loop
      vertex -13.409689676233869 26.059649088846783 5
      vertex -13.400687226302098 24.749633074696103 5
      vertex -13.325280917510327 24.785297602634593 5
    endloop
  endfacet
  facet normal 0 0 1
    outer loop
      vertex -13.409689676233869 26.059649088846783 5
      vertex -13.325280917510327 24.785297602634593 5
      vertex -13.246741975666293 24.813399285372377 5
    endloop
  endfacet
  facet normal 0 0 1
    outer loop
      vertex -13.409689676233869 26.059649088846783 5
      vertex -13.246741975666293 24.813399285372377 5
      vertex -13.16582677371371 24.833667488342744 5
    endloop
  endfacet
  facet normal 0 0 1
    outer loop
      vertex -13.205835994692077 26.089887926011613 5
      vertex -13.16582677371371 24.833667488342744 5
      vertex -13.083314569280127 24.84590701767137 5
    endloop
  endfacet
  facet normal 0 0 1
    outer loop
      vertex -13.803635207966689 25.940147018273702 5
      vertex -13.601040764008566 24.601040764008566 5
      vertex -13.60959782223437 26.00957470503764 5
    endloop
  endfacet
  facet normal 0 0 1
    outer loop
      vertex -13.60959782223437 26.00957470503764 5
      vertex -13.400687226302098 24.749633074696103 5
      vertex -13.409689676233869 26.059649088846783 5
    endloop
  endfacet
  facet normal 0 0 1
    outer loop
      vertex -13.409689676233869 26.059649088846783 5
      vertex -13.16582677371371 24.833667488342744 5
      vertex -13.205835994692077 26.089887926011613 5
    endloop
  endfacet
  facet normal 0 0 1
    outer loop
      vertex -13 26.1 5
      vertex -13.083314569280127 24.84590701767137 5
      vertex -13 24.85 5
    endloop
  endfacet
  facet normal 0 0 1
    outer loop
      vertex -13 26.1 5
      vertex -13 24.85 5
      vertex -12.916685430719873 24.84590701767137 5
    endloop
  endfacet
  facet normal 0 0 1
    outer loop
      vertex -12.794164005307923 26.089887926011613 5
      vertex -12.916685430719873 24.84590701767137 5
      vertex -12.83417322628629 24.833667488342744 5
    endloop
  endfacet
  facet normal 0 0 1
    outer loop
      vertex -12.794164005307923 26.089887926011613 5
      vertex -12.83417322628629 24.833667488342744 5
      vertex -12.753258024333707 24.813399285372377 5
    endloop
  endfacet
  facet normal 0 0 1
    outer loop
      vertex -12.794164005307923 26.089887926011613 5
      vertex -12.753258024333707 24.813399285372377 5
      vertex -12.674719082489673 24.785297602634593 5
    endloop
  endfacet
  facet normal 0 0 1
    outer loop
      vertex -12.590310323766131 26.059649088846783 5
      vertex -12.674719082489673 24.785297602634593 5
      vertex -12.599312773697902 24.749633074696103 5
    endloop
  endfacet
  facet normal 0 0 1
    outer loop
      vertex -12.590310323766131 26.059649088846783 5
      vertex -12.599312773697902 24.749633074696103 5
      vertex -12.527765301933337 24.706749170457165 5
    endloop
  endfacet
  facet normal 0 0 1
    outer loop
      vertex -12.590310323766131 26.059649088846783 5
      vertex -12.527765301933337 24.706749170457165 5
      vertex -12.460765708460901 24.657058885358328 5
    endloop
  endfacet
  facet normal 0 0 1
    outer loop
      vertex -13.205835994692077 26.089887926011613 5
      vertex -13.083314569280127 24.84590701767137 5
      vertex -13 26.1 5
    endloop
  endfacet
  facet normal 0 0 1
    outer loop
      vertex -13 26.1 5
      vertex -12.916685430719873 24.84590701767137 5
      vertex -12.794164005307923 26.089887926011613 5
    endloop
  endfacet
  facet normal 0 0 1
    outer loop
      vertex -12.794164005307923 26.089887926011613 5
      vertex -12.674719082489673 24.785297602634593 5
      vertex -12.590310323766131 26.059649088846783 5
    endloop
  endfacet
  facet normal 0 0 1
    outer loop
      vertex -12.39040217776563 21.99042529496236 5
      vertex -12.460765708460901 23.342941114641672 5
      vertex -12.527765301933337 23.293250829542835 5
    endloop
  endfacet
  facet normal 0 0 1
    outer loop
      vertex -12.39040217776563 21.99042529496236 5
      vertex -12.398959235991434 23.398959235991434 5
      vertex -12.460765708460901 23.342941114641672 5
    endloop
  endfacet
  facet normal 0 0 1
    outer loop
      vertex -12.196364792033311 22.059852981726298 5
      vertex -12.342941114641674 23.4607657084609 5
      vertex -12.398959235991434 23.398959235991434 5
    endloop
  endfacet
  facet normal 0 0 1
    outer loop
      vertex -12.196364792033311 22.059852981726298 5
      vertex -12.293250829542837 23.52776530193334 5
      vertex -12.342941114641674 23.4607657084609 5
    endloop
  endfacet
  facet normal 0 0 1
    outer loop
      vertex -12.196364792033311 22.059852981726298 5
      vertex -12.250366925303899 23.599312773697903 5
      vertex -12.293250829542837 23.52776530193334 5
    endloop
  endfacet
  facet normal 0 0 1
    outer loop
      vertex -12.196364792033311 22.059852981726298 5
      vertex -12.214702397365407 23.674719082489673 5
      vertex -12.250366925303899 23.599312773697903 5
    endloop
  endfacet
  facet normal 0 0 1
    outer loop
      vertex -12.196364792033311 22.059852981726298 5
      vertex -12.010066852665405 22.147965344868453 5
      vertex -12.214702397365407 23.674719082489673 5
    endloop
  endfacet
  facet normal 0 0 1
    outer loop
      vertex -12.010066852665405 22.147965344868453 5
      vertex -12.186600714627623 23.753258024333707 5
      vertex -12.214702397365407 23.674719082489673 5
    endloop
  endfacet
  facet normal 0 0 1
    outer loop
      vertex -12.010066852665405 22.147965344868453 5
      vertex -12.166332511657254 23.834173226286293 5
      vertex -12.186600714627623 23.753258024333707 5
    endloop
  endfacet
  facet normal 0 0 1
    outer loop
      vertex -12.010066852665405 22.147965344868453 5
      vertex -12.154092982328633 23.916685430719873 5
      vertex -12.166332511657254 23.834173226286293 5
    endloop
  endfacet
  facet normal 0 0 1
    outer loop
      vertex -12.010066852665405 22.147965344868453 5
      vertex -12.15 24 5
      vertex -12.154092982328633 23.916685430719873 5
    endloop
  endfacet
  facet normal 0 0 1
    outer loop
      vertex -12.010066852665405 22.147965344868453 5
      vertex -11.833302510658836 22.253913814164655 5
      vertex -12.010066852665405 25.852034655131547 5
    endloop
  endfacet
  facet normal 0 0 1
    outer loop
      vertex -12.010066852665405 22.147965344868453 5
      vertex -12.196364792033311 25.940147018273702 5
      vertex -12.15 24 5
    endloop
  endfacet
  facet normal 0 0 1
    outer loop
      vertex -11.833302510658836 22.253913814164655 5
      vertex -11.667774103256345 22.376678047938253 5
      vertex -11.833302510658836 25.746086185835345 5
    endloop
  endfacet
  facet normal 0 0 1
    outer loop
      vertex -11.667774103256345 22.376678047938253 5
      vertex -11.51507575950825 22.51507575950825 5
      vertex -11.667774103256345 25.623321952061747 5
    endloop
  endfacet
  facet normal 0 0 1
    outer loop
      vertex -11.51507575950825 22.51507575950825 5
      vertex -11.376678047938253 22.667774103256345 5
      vertex -11.51507575950825 25.48492424049175 5
    endloop
  endfacet
  facet normal 0 0 1
    outer loop
      vertex -11.376678047938253 22.667774103256345 5
      vertex -11.253913814164655 22.833302510658836 5
      vertex -11.376678047938253 25.332225896743655 5
    endloop
  endfacet
  facet normal 0 0 1
    outer loop
      vertex -12.196364792033311 25.940147018273702 5
      vertex -12.214702397365407 24.325280917510327 5
      vertex -12.186600714627623 24.246741975666293 5
    endloop
  endfacet
  facet normal 0 0 1
    outer loop
      vertex -12.39040217776563 26.00957470503764 5
      vertex -12.398959235991434 24.601040764008566 5
      vertex -12.342941114641674 24.5392342915391 5
    endloop
  endfacet
  facet normal 0 0 1
    outer loop
      vertex -12.39040217776563 26.00957470503764 5
      vertex -12.460765708460901 24.657058885358328 5
      vertex -12.398959235991434 24.601040764008566 5
    endloop
  endfacet
  facet normal 0 0 1
    outer loop
      vertex -12.39040217776563 26.00957470503764 5
      vertex -12.342941114641674 24.5392342915391 5
      vertex -12.293250829542837 24.47223469806666 5
    endloop
  endfacet
  facet normal 0 0 1
    outer loop
      vertex -12.196364792033311 25.940147018273702 5
      vertex -12.293250829542837 24.47223469806666 5
      vertex -12.250366925303899 24.400687226302097 5
    endloop
  endfacet
  facet normal 0 0 1
    outer loop
      vertex -12.196364792033311 25.940147018273702 5
      vertex -12.250366925303899 24.400687226302097 5
      vertex -12.214702397365407 24.325280917510327 5
    endloop
  endfacet
  facet normal 0 0 1
    outer loop
      vertex -12.196364792033311 25.940147018273702 5
      vertex -12.154092982328633 24.083314569280127 5
      vertex -12.15 24 5
    endloop
  endfacet
  facet normal 0 0 1
    outer loop
      vertex -12.196364792033311 25.940147018273702 5
      vertex -12.186600714627623 24.246741975666293 5
      vertex -12.166332511657254 24.165826773713707 5
    endloop
  endfacet
  facet normal 0 0 1
    outer loop
      vertex -12.196364792033311 25.940147018273702 5
      vertex -12.166332511657254 24.165826773713707 5
      vertex -12.154092982328633 24.083314569280127 5
    endloop
  endfacet
  facet normal 0 0 1
    outer loop
      vertex -12.010066852665405 22.147965344868453 5
      vertex -12.010066852665405 25.852034655131547 5
      vertex -12.196364792033311 25.940147018273702 5
    endloop
  endfacet
  facet normal 0 0 1
    outer loop
      vertex -11.833302510658836 22.253913814164655 5
      vertex -11.833302510658836 25.746086185835345 5
      vertex -12.010066852665405 25.852034655131547 5
    endloop
  endfacet
  facet normal 0 0 1
    outer loop
      vertex -12.590310323766131 26.059649088846783 5
      vertex -12.460765708460901 24.657058885358328 5
      vertex -12.39040217776563 26.00957470503764 5
    endloop
  endfacet
  facet normal 0 0 1
    outer loop
      vertex -12.39040217776563 26.00957470503764 5
      vertex -12.293250829542837 24.47223469806666 5
      vertex -12.196364792033311 25.940147018273702 5
    endloop
  endfacet
  facet normal 0 0 1
    outer loop
      vertex -11.667774103256345 22.376678047938253 5
      vertex -11.667774103256345 25.623321952061747 5
      vertex -11.833302510658836 25.746086185835345 5
    endloop
  endfacet
  facet normal 0 0 1
    outer loop
      vertex -11.51507575950825 22.51507575950825 5
      vertex -11.51507575950825 25.48492424049175 5
      vertex -11.667774103256345 25.623321952061747 5
    endloop
  endfacet
  facet normal 0 0 1
    outer loop
      vertex -11.376678047938253 22.667774103256345 5
      vertex -11.376678047938253 25.332225896743655 5
      vertex -11.51507575950825 25.48492424049175 5
    endloop
  endfacet
  facet normal 0 0 1
    outer loop
      vertex -11.253913814164655 22.833302510658836 5
      vertex -11.253913814164655 25.166697489341164 5
      vertex -11.376678047938253 25.332225896743655 5
    endloop
  endfacet
  facet normal 0 0 1
    outer loop
      vertex -11.253913814164655 22.833302510658836 5
      vertex -11.147965344868455 23.010066852665403 5
      vertex -11.253913814164655 25.166697489341164 5
    endloop
  endfacet
  facet normal 0 0 1
    outer loop
      vertex -11.147965344868455 23.010066852665403 5
      vertex -11.059852981726298 23.19636479203331 5
      vertex -11.147965344868455 24.989933147334597 5
    endloop
  endfacet
  facet normal 0 0 1
    outer loop
      vertex -11.059852981726298 23.19636479203331 5
      vertex -10.99042529496236 23.39040217776563 5
      vertex -11.059852981726298 24.80363520796669 5
    endloop
  endfacet
  facet normal 0 0 1
    outer loop
      vertex -10.99042529496236 23.39040217776563 5
      vertex -10.940350911153216 23.59031032376613 5
      vertex -10.99042529496236 24.60959782223437 5
    endloop
  endfacet
  facet normal 0 0 1
    outer loop
      vertex -11.059852981726298 23.19636479203331 5
      vertex -11.059852981726298 24.80363520796669 5
      vertex -11.147965344868455 24.989933147334597 5
    endloop
  endfacet
  facet normal 0 0 1
    outer loop
      vertex -10.940350911153216 23.59031032376613 5
      vertex -10.940350911153216 24.40968967623387 5
      vertex -10.99042529496236 24.60959782223437 5
    endloop
  endfacet
  facet normal 0 0 1
    outer loop
      vertex -10.99042529496236 23.39040217776563 5
      vertex -10.99042529496236 24.60959782223437 5
      vertex -11.059852981726298 24.80363520796669 5
    endloop
  endfacet
  facet normal 0 0 1
    outer loop
      vertex -10.940350911153216 23.59031032376613 5
      vertex -10.910112073988387 23.794164005307923 5
      vertex -10.940350911153216 24.40968967623387 5
    endloop
  endfacet
  facet normal 0 0 1
    outer loop
      vertex -10.910112073988387 23.794164005307923 5
      vertex -10.9 24 5
      vertex -10.910112073988387 24.205835994692077 5
    endloop
  endfacet
  facet normal 0 0 1
    outer loop
      vertex -10.910112073988387 23.794164005307923 5
      vertex -10.910112073988387 24.205835994692077 5
      vertex -10.940350911153216 24.40968967623387 5
    endloop
  endfacet
  facet normal 0 0 1
    outer loop
      vertex -11.253913814164655 25.166697489341164 5
      vertex -11.147965344868455 23.010066852665403 5
      vertex -11.147965344868455 24.989933147334597 5
    endloop
  endfacet
  facet normal -0.6715589548470127 -0.7409511253549642 0
    outer loop
      vertex 11.667774103256345 22.376678047938253 1.2
      vertex 11.667774103256345 22.376678047938253 5
      vertex 11.51507575950825 22.51507575950825 1.2
    endloop
  endfacet
  facet normal -0.5956993044924358 -0.803207531480643 -1.1631123003746693e-18
    outer loop
      vertex 11.667774103256345 22.376678047938253 1.2
      vertex 11.833302510658836 22.253913814164655 1.2
      vertex 11.833302510658836 22.253913814164655 5
    endloop
  endfacet
  facet normal -0.5141027441932263 -0.8577286100002693 -1.8859591832142974e-18
    outer loop
      vertex 11.833302510658836 22.253913814164655 1.2
      vertex 12.010066852665405 22.147965344868453 1.2
      vertex 12.010066852665405 22.147965344868453 5
    endloop
  endfacet
  facet normal -0.42755509343027776 -0.9039892931234453 9.380469995303958e-19
    outer loop
      vertex 12.010066852665405 22.147965344868453 1.2
      vertex 12.196364792033311 22.059852981726298 1.2
      vertex 12.196364792033311 22.059852981726298 5
    endloop
  endfacet
  facet normal -0.3368898533922224 -0.9415440651830199 0
    outer loop
      vertex 12.39040217776563 21.99042529496236 1.2
      vertex 12.39040217776563 21.99042529496236 5
      vertex 12.196364792033311 22.059852981726298 1.2
    endloop
  endfacet
  facet normal -0.6715589548470127 -0.7409511253549642 0
    outer loop
      vertex 11.51507575950825 22.51507575950825 1.2
      vertex 11.667774103256345 22.376678047938253 5
      vertex 11.51507575950825 22.51507575950825 5
    endloop
  endfacet
  facet normal -0.5956993044924358 -0.803207531480643 0
    outer loop
      vertex 11.667774103256345 22.376678047938253 1.2
      vertex 11.833302510658836 22.253913814164655 5
      vertex 11.667774103256345 22.376678047938253 5
    endloop
  endfacet
  facet normal -0.5141027441932263 -0.8577286100002693 0
    outer loop
      vertex 11.833302510658836 22.253913814164655 1.2
      vertex 12.010066852665405 22.147965344868453 5
      vertex 11.833302510658836 22.253913814164655 5
    endloop
  endfacet
  facet normal -0.42755509343027776 -0.9039892931234453 0
    outer loop
      vertex 12.010066852665405 22.147965344868453 1.2
      vertex 12.196364792033311 22.059852981726298 5
      vertex 12.010066852665405 22.147965344868453 5
    endloop
  endfacet
  facet normal -0.2429801799032541 -0.9700312531945464 0
    outer loop
      vertex 12.39040217776563 21.99042529496236 1.2
      vertex 12.590310323766131 21.940350911153217 5
      vertex 12.39040217776563 21.99042529496236 5
    endloop
  endfacet
  facet normal -0.3368898533922224 -0.9415440651830199 0
    outer loop
      vertex 12.196364792033311 22.059852981726298 1.2
      vertex 12.39040217776563 21.99042529496236 5
      vertex 12.196364792033311 22.059852981726298 5
    endloop
  endfacet
  facet normal -0.2429801799032541 -0.9700312531945464 -1.175883290396805e-19
    outer loop
      vertex 12.39040217776563 21.99042529496236 1.2
      vertex 12.590310323766131 21.940350911153217 1.2
      vertex 12.590310323766131 21.940350911153217 5
    endloop
  endfacet
  facet normal -0.14673047445536647 -0.9891765099647802 2.775968753003135e-19
    outer loop
      vertex 12.590310323766131 21.940350911153217 1.2
      vertex 12.794164005307923 21.910112073988387 1.2
      vertex 12.794164005307923 21.910112073988387 5
    endloop
  endfacet
  facet normal -0.04906767432742621 -0.9987954562051718 1.9135833888227342e-19
    outer loop
      vertex 12.794164005307923 21.910112073988387 1.2
      vertex 13 21.9 1.2
      vertex 13 21.9 5
    endloop
  endfacet
  facet normal 0.04906767432742621 -0.9987954562051718 -1.9135833888227342e-19
    outer loop
      vertex 13 21.9 1.2
      vertex 13.205835994692077 21.910112073988387 1.2
      vertex 13.205835994692077 21.910112073988387 5
    endloop
  endfacet
  facet normal 0.14673047445536647 -0.9891765099647802 -2.775968753003135e-19
    outer loop
      vertex 13.205835994692077 21.910112073988387 1.2
      vertex 13.409689676233869 21.940350911153217 1.2
      vertex 13.409689676233869 21.940350911153217 5
    endloop
  endfacet
  facet normal 0.2429801799032541 -0.9700312531945464 1.175883290396805e-19
    outer loop
      vertex 13.409689676233869 21.940350911153217 1.2
      vertex 13.60959782223437 21.99042529496236 1.2
      vertex 13.60959782223437 21.99042529496236 5
    endloop
  endfacet
  facet normal 0.3368898533922224 -0.9415440651830199 -2.2900210819946046e-19
    outer loop
      vertex 13.60959782223437 21.99042529496236 1.2
      vertex 13.803635207966689 22.059852981726298 1.2
      vertex 13.803635207966689 22.059852981726298 5
    endloop
  endfacet
  facet normal 0.42755509343027776 -0.9039892931234453 -9.380469995303958e-19
    outer loop
      vertex 13.803635207966689 22.059852981726298 1.2
      vertex 13.989933147334595 22.147965344868453 1.2
      vertex 13.989933147334595 22.147965344868453 5
    endloop
  endfacet
  facet normal 0.5141027441932263 -0.8577286100002693 1.8859591832142974e-18
    outer loop
      vertex 13.989933147334595 22.147965344868453 1.2
      vertex 14.166697489341164 22.253913814164655 1.2
      vertex 14.166697489341164 22.253913814164655 5
    endloop
  endfacet
  facet normal 0.5956993044924358 -0.803207531480643 1.1631123003746693e-18
    outer loop
      vertex 14.166697489341164 22.253913814164655 1.2
      vertex 14.332225896743655 22.376678047938253 1.2
      vertex 14.332225896743655 22.376678047938253 5
    endloop
  endfacet
  facet normal 0.6715589548470127 -0.7409511253549642 7.265750728034382e-19
    outer loop
      vertex 14.332225896743655 22.376678047938253 1.2
      vertex 14.48492424049175 22.51507575950825 1.2
      vertex 14.48492424049175 22.51507575950825 5
    endloop
  endfacet
  facet normal -0.14673047445536647 -0.9891765099647802 0
    outer loop
      vertex 12.590310323766131 21.940350911153217 1.2
      vertex 12.794164005307923 21.910112073988387 5
      vertex 12.590310323766131 21.940350911153217 5
    endloop
  endfacet
  facet normal -0.04906767432742621 -0.9987954562051718 0
    outer loop
      vertex 12.794164005307923 21.910112073988387 1.2
      vertex 13 21.9 5
      vertex 12.794164005307923 21.910112073988387 5
    endloop
  endfacet
  facet normal 0.04906767432742621 -0.9987954562051718 0
    outer loop
      vertex 13 21.9 1.2
      vertex 13.205835994692077 21.910112073988387 5
      vertex 13 21.9 5
    endloop
  endfacet
  facet normal 0.14673047445536647 -0.9891765099647802 0
    outer loop
      vertex 13.205835994692077 21.910112073988387 1.2
      vertex 13.409689676233869 21.940350911153217 5
      vertex 13.205835994692077 21.910112073988387 5
    endloop
  endfacet
  facet normal 0.2429801799032541 -0.9700312531945464 0
    outer loop
      vertex 13.409689676233869 21.940350911153217 1.2
      vertex 13.60959782223437 21.99042529496236 5
      vertex 13.409689676233869 21.940350911153217 5
    endloop
  endfacet
  facet normal 0.3368898533922224 -0.9415440651830199 0
    outer loop
      vertex 13.60959782223437 21.99042529496236 1.2
      vertex 13.803635207966689 22.059852981726298 5
      vertex 13.60959782223437 21.99042529496236 5
    endloop
  endfacet
  facet normal 0.42755509343027776 -0.9039892931234453 0
    outer loop
      vertex 13.803635207966689 22.059852981726298 1.2
      vertex 13.989933147334595 22.147965344868453 5
      vertex 13.803635207966689 22.059852981726298 5
    endloop
  endfacet
  facet normal 0.5141027441932263 -0.8577286100002693 0
    outer loop
      vertex 13.989933147334595 22.147965344868453 1.2
      vertex 14.166697489341164 22.253913814164655 5
      vertex 13.989933147334595 22.147965344868453 5
    endloop
  endfacet
  facet normal 0.5956993044924358 -0.803207531480643 0
    outer loop
      vertex 14.166697489341164 22.253913814164655 1.2
      vertex 14.332225896743655 22.376678047938253 5
      vertex 14.166697489341164 22.253913814164655 5
    endloop
  endfacet
  facet normal 0.6715589548470127 -0.7409511253549642 0
    outer loop
      vertex 14.332225896743655 22.376678047938253 1.2
      vertex 14.48492424049175 22.51507575950825 5
      vertex 14.332225896743655 22.376678047938253 5
    endloop
  endfacet
  facet normal -0.8577286100002709 -0.5141027441932238 0
    outer loop
      vertex 11.147965344868455 23.010066852665403 1.2
      vertex 11.253913814164655 22.833302510658836 1.2
      vertex 11.147965344868455 23.010066852665403 5
    endloop
  endfacet
  facet normal -0.9039892931234437 -0.4275550934302815 0
    outer loop
      vertex 11.059852981726298 23.19636479203331 1.2
      vertex 11.147965344868455 23.010066852665403 1.2
      vertex 11.059852981726298 23.19636479203331 5
    endloop
  endfacet
  facet normal -0.9415440651830199 -0.3368898533922224 2.2900210819946046e-19
    outer loop
      vertex 11.059852981726298 23.19636479203331 1.2
      vertex 10.99042529496236 23.39040217776563 5
      vertex 10.99042529496236 23.39040217776563 1.2
    endloop
  endfacet
  facet normal -0.9891765099647817 -0.1467304744553568 0
    outer loop
      vertex 10.910112073988387 23.794164005307923 1.2
      vertex 10.940350911153216 23.59031032376613 1.2
      vertex 10.910112073988387 23.794164005307923 5
    endloop
  endfacet
  facet normal -0.9987954562051723 -0.049067674327417606 2.490818029278098e-19
    outer loop
      vertex 10.910112073988387 23.794164005307923 1.2
      vertex 10.9 24 5
      vertex 10.9 24 1.2
    endloop
  endfacet
  facet normal -0.9987954562051723 0.049067674327417606 -2.490818029278098e-19
    outer loop
      vertex 10.9 24 1.2
      vertex 10.910112073988387 24.205835994692077 5
      vertex 10.910112073988387 24.205835994692077 1.2
    endloop
  endfacet
  facet normal -0.9891765099647817 0.1467304744553568 2.06189075311707e-19
    outer loop
      vertex 10.910112073988387 24.205835994692077 1.2
      vertex 10.940350911153216 24.40968967623387 5
      vertex 10.940350911153216 24.40968967623387 1.2
    endloop
  endfacet
  facet normal -0.9700312531945439 -0.24298017990326423 -1.0695961170128687e-18
    outer loop
      vertex 10.99042529496236 23.39040217776563 1.2
      vertex 10.940350911153216 23.59031032376613 5
      vertex 10.940350911153216 23.59031032376613 1.2
    endloop
  endfacet
  facet normal -0.9700312531945439 0.24298017990326423 1.0695961170128687e-18
    outer loop
      vertex 10.940350911153216 24.40968967623387 1.2
      vertex 10.99042529496236 24.60959782223437 5
      vertex 10.99042529496236 24.60959782223437 1.2
    endloop
  endfacet
  facet normal -0.9415440651830199 0.3368898533922224 -2.2900210819946046e-19
    outer loop
      vertex 10.99042529496236 24.60959782223437 1.2
      vertex 11.059852981726298 24.80363520796669 5
      vertex 11.059852981726298 24.80363520796669 1.2
    endloop
  endfacet
  facet normal -0.9039892931234437 0.4275550934302815 1.2685678367748268e-18
    outer loop
      vertex 11.059852981726298 24.80363520796669 1.2
      vertex 11.147965344868455 24.989933147334597 5
      vertex 11.147965344868455 24.989933147334597 1.2
    endloop
  endfacet
  facet normal -0.8577286100002709 0.5141027441932238 -1.4321460745493845e-18
    outer loop
      vertex 11.147965344868455 24.989933147334597 1.2
      vertex 11.253913814164655 25.166697489341164 5
      vertex 11.253913814164655 25.166697489341164 1.2
    endloop
  endfacet
  facet normal -0.803207531480643 -0.5956993044924358 -1.1631123003746693e-18
    outer loop
      vertex 11.376678047938253 22.667774103256345 1.2
      vertex 11.253913814164655 22.833302510658836 5
      vertex 11.253913814164655 22.833302510658836 1.2
    endloop
  endfacet
  facet normal -0.7409511253549642 -0.6715589548470127 0
    outer loop
      vertex 11.376678047938253 22.667774103256345 1.2
      vertex 11.51507575950825 22.51507575950825 1.2
      vertex 11.376678047938253 22.667774103256345 5
    endloop
  endfacet
  facet normal -0.803207531480643 0.5956993044924358 1.1631123003746693e-18
    outer loop
      vertex 11.253913814164655 25.166697489341164 1.2
      vertex 11.376678047938253 25.332225896743655 5
      vertex 11.376678047938253 25.332225896743655 1.2
    endloop
  endfacet
  facet normal -0.7409511253549642 0.6715589548470127 7.265750728034382e-19
    outer loop
      vertex 11.376678047938253 25.332225896743655 1.2
      vertex 11.51507575950825 25.48492424049175 5
      vertex 11.51507575950825 25.48492424049175 1.2
    endloop
  endfacet
  facet normal -0.6715589548470127 0.7409511253549642 0
    outer loop
      vertex 11.51507575950825 25.48492424049175 1.2
      vertex 11.51507575950825 25.48492424049175 5
      vertex 11.667774103256345 25.623321952061747 1.2
    endloop
  endfacet
  facet normal -0.5956993044924358 0.803207531480643 0
    outer loop
      vertex 11.667774103256345 25.623321952061747 1.2
      vertex 11.667774103256345 25.623321952061747 5
      vertex 11.833302510658836 25.746086185835345 1.2
    endloop
  endfacet
  facet normal -0.5141027441932263 0.8577286100002693 0
    outer loop
      vertex 11.833302510658836 25.746086185835345 1.2
      vertex 11.833302510658836 25.746086185835345 5
      vertex 12.010066852665405 25.852034655131547 1.2
    endloop
  endfacet
  facet normal -0.42755509343027776 0.9039892931234453 0
    outer loop
      vertex 12.010066852665405 25.852034655131547 1.2
      vertex 12.010066852665405 25.852034655131547 5
      vertex 12.196364792033311 25.940147018273702 1.2
    endloop
  endfacet
  facet normal -0.3368898533922224 0.9415440651830199 0
    outer loop
      vertex 12.196364792033311 25.940147018273702 1.2
      vertex 12.196364792033311 25.940147018273702 5
      vertex 12.39040217776563 26.00957470503764 1.2
    endloop
  endfacet
  facet normal -0.2429801799032541 0.9700312531945464 0
    outer loop
      vertex 12.39040217776563 26.00957470503764 1.2
      vertex 12.39040217776563 26.00957470503764 5
      vertex 12.590310323766131 26.059649088846783 1.2
    endloop
  endfacet
  facet normal -0.8577286100002709 -0.5141027441932238 0
    outer loop
      vertex 11.253913814164655 22.833302510658836 1.2
      vertex 11.253913814164655 22.833302510658836 5
      vertex 11.147965344868455 23.010066852665403 5
    endloop
  endfacet
  facet normal -0.9415440651830199 -0.3368898533922224 0
    outer loop
      vertex 11.059852981726298 23.19636479203331 1.2
      vertex 11.059852981726298 23.19636479203331 5
      vertex 10.99042529496236 23.39040217776563 5
    endloop
  endfacet
  facet normal -0.9039892931234437 -0.4275550934302815 0
    outer loop
      vertex 11.147965344868455 23.010066852665403 1.2
      vertex 11.147965344868455 23.010066852665403 5
      vertex 11.059852981726298 23.19636479203331 5
    endloop
  endfacet
  facet normal -0.9891765099647817 -0.1467304744553568 0
    outer loop
      vertex 10.940350911153216 23.59031032376613 1.2
      vertex 10.940350911153216 23.59031032376613 5
      vertex 10.910112073988387 23.794164005307923 5
    endloop
  endfacet
  facet normal -0.9987954562051723 -0.049067674327417606 0
    outer loop
      vertex 10.910112073988387 23.794164005307923 1.2
      vertex 10.910112073988387 23.794164005307923 5
      vertex 10.9 24 5
    endloop
  endfacet
  facet normal -0.9987954562051723 0.049067674327417606 0
    outer loop
      vertex 10.9 24 1.2
      vertex 10.9 24 5
      vertex 10.910112073988387 24.205835994692077 5
    endloop
  endfacet
  facet normal -0.9891765099647817 0.1467304744553568 0
    outer loop
      vertex 10.910112073988387 24.205835994692077 1.2
      vertex 10.910112073988387 24.205835994692077 5
      vertex 10.940350911153216 24.40968967623387 5
    endloop
  endfacet
  facet normal -0.9700312531945439 -0.24298017990326423 0
    outer loop
      vertex 10.99042529496236 23.39040217776563 1.2
      vertex 10.99042529496236 23.39040217776563 5
      vertex 10.940350911153216 23.59031032376613 5
    endloop
  endfacet
  facet normal -0.9700312531945439 0.24298017990326423 0
    outer loop
      vertex 10.940350911153216 24.40968967623387 1.2
      vertex 10.940350911153216 24.40968967623387 5
      vertex 10.99042529496236 24.60959782223437 5
    endloop
  endfacet
  facet normal -0.9415440651830199 0.3368898533922224 0
    outer loop
      vertex 10.99042529496236 24.60959782223437 1.2
      vertex 10.99042529496236 24.60959782223437 5
      vertex 11.059852981726298 24.80363520796669 5
    endloop
  endfacet
  facet normal -0.9039892931234437 0.4275550934302815 0
    outer loop
      vertex 11.059852981726298 24.80363520796669 1.2
      vertex 11.059852981726298 24.80363520796669 5
      vertex 11.147965344868455 24.989933147334597 5
    endloop
  endfacet
  facet normal -0.8577286100002709 0.5141027441932238 0
    outer loop
      vertex 11.147965344868455 24.989933147334597 1.2
      vertex 11.147965344868455 24.989933147334597 5
      vertex 11.253913814164655 25.166697489341164 5
    endloop
  endfacet
  facet normal -0.803207531480643 -0.5956993044924358 0
    outer loop
      vertex 11.376678047938253 22.667774103256345 1.2
      vertex 11.376678047938253 22.667774103256345 5
      vertex 11.253913814164655 22.833302510658836 5
    endloop
  endfacet
  facet normal -0.7409511253549642 -0.6715589548470127 0
    outer loop
      vertex 11.51507575950825 22.51507575950825 1.2
      vertex 11.51507575950825 22.51507575950825 5
      vertex 11.376678047938253 22.667774103256345 5
    endloop
  endfacet
  facet normal -0.803207531480643 0.5956993044924358 0
    outer loop
      vertex 11.253913814164655 25.166697489341164 1.2
      vertex 11.253913814164655 25.166697489341164 5
      vertex 11.376678047938253 25.332225896743655 5
    endloop
  endfacet
  facet normal -0.7409511253549642 0.6715589548470127 0
    outer loop
      vertex 11.376678047938253 25.332225896743655 1.2
      vertex 11.376678047938253 25.332225896743655 5
      vertex 11.51507575950825 25.48492424049175 5
    endloop
  endfacet
  facet normal -0.6715589548470127 0.7409511253549642 0
    outer loop
      vertex 11.667774103256345 25.623321952061747 1.2
      vertex 11.51507575950825 25.48492424049175 5
      vertex 11.667774103256345 25.623321952061747 5
    endloop
  endfacet
  facet normal -0.5956993044924358 0.803207531480643 0
    outer loop
      vertex 11.833302510658836 25.746086185835345 1.2
      vertex 11.667774103256345 25.623321952061747 5
      vertex 11.833302510658836 25.746086185835345 5
    endloop
  endfacet
  facet normal -0.5141027441932263 0.8577286100002693 0
    outer loop
      vertex 12.010066852665405 25.852034655131547 1.2
      vertex 11.833302510658836 25.746086185835345 5
      vertex 12.010066852665405 25.852034655131547 5
    endloop
  endfacet
  facet normal -0.42755509343027776 0.9039892931234453 0
    outer loop
      vertex 12.196364792033311 25.940147018273702 1.2
      vertex 12.010066852665405 25.852034655131547 5
      vertex 12.196364792033311 25.940147018273702 5
    endloop
  endfacet
  facet normal -0.3368898533922224 0.9415440651830199 0
    outer loop
      vertex 12.39040217776563 26.00957470503764 1.2
      vertex 12.196364792033311 25.940147018273702 5
      vertex 12.39040217776563 26.00957470503764 5
    endloop
  endfacet
  facet normal -0.14673047445536647 0.9891765099647802 0
    outer loop
      vertex 12.590310323766131 26.059649088846783 1.2
      vertex 12.590310323766131 26.059649088846783 5
      vertex 12.794164005307923 26.089887926011613 1.2
    endloop
  endfacet
  facet normal -0.04906767432742621 0.9987954562051718 0
    outer loop
      vertex 12.794164005307923 26.089887926011613 1.2
      vertex 12.794164005307923 26.089887926011613 5
      vertex 13 26.1 1.2
    endloop
  endfacet
  facet normal 0.04906767432742621 0.9987954562051718 0
    outer loop
      vertex 13 26.1 1.2
      vertex 13 26.1 5
      vertex 13.205835994692077 26.089887926011613 1.2
    endloop
  endfacet
  facet normal 0.14673047445536647 0.9891765099647802 0
    outer loop
      vertex 13.205835994692077 26.089887926011613 1.2
      vertex 13.205835994692077 26.089887926011613 5
      vertex 13.409689676233869 26.059649088846783 1.2
    endloop
  endfacet
  facet normal 0.2429801799032541 0.9700312531945464 0
    outer loop
      vertex 13.409689676233869 26.059649088846783 1.2
      vertex 13.409689676233869 26.059649088846783 5
      vertex 13.60959782223437 26.00957470503764 1.2
    endloop
  endfacet
  facet normal 0.3368898533922224 0.9415440651830199 0
    outer loop
      vertex 13.60959782223437 26.00957470503764 1.2
      vertex 13.60959782223437 26.00957470503764 5
      vertex 13.803635207966689 25.940147018273702 1.2
    endloop
  endfacet
  facet normal 0.7409511253549642 -0.6715589548470127 0
    outer loop
      vertex 14.48492424049175 22.51507575950825 1.2
      vertex 14.623321952061747 22.667774103256345 1.2
      vertex 14.48492424049175 22.51507575950825 5
    endloop
  endfacet
  facet normal 0.803207531480643 -0.5956993044924358 0
    outer loop
      vertex 14.623321952061747 22.667774103256345 1.2
      vertex 14.746086185835345 22.833302510658836 1.2
      vertex 14.623321952061747 22.667774103256345 5
    endloop
  endfacet
  facet normal 0.8577286100002709 -0.5141027441932238 0
    outer loop
      vertex 14.746086185835345 22.833302510658836 1.2
      vertex 14.852034655131545 23.010066852665403 1.2
      vertex 14.746086185835345 22.833302510658836 5
    endloop
  endfacet
  facet normal 0.9039892931234437 -0.4275550934302815 0
    outer loop
      vertex 14.852034655131545 23.010066852665403 1.2
      vertex 14.940147018273702 23.19636479203331 1.2
      vertex 14.852034655131545 23.010066852665403 5
    endloop
  endfacet
  facet normal 0.9415440651830199 -0.3368898533922224 0
    outer loop
      vertex 14.940147018273702 23.19636479203331 1.2
      vertex 15.00957470503764 23.39040217776563 1.2
      vertex 14.940147018273702 23.19636479203331 5
    endloop
  endfacet
  facet normal 0.42755509343027776 0.9039892931234453 0
    outer loop
      vertex 13.803635207966689 25.940147018273702 1.2
      vertex 13.803635207966689 25.940147018273702 5
      vertex 13.989933147334595 25.852034655131547 1.2
    endloop
  endfacet
  facet normal 0.5141027441932263 0.8577286100002693 0
    outer loop
      vertex 13.989933147334595 25.852034655131547 1.2
      vertex 13.989933147334595 25.852034655131547 5
      vertex 14.166697489341164 25.746086185835345 1.2
    endloop
  endfacet
  facet normal 0.5956993044924358 0.803207531480643 0
    outer loop
      vertex 14.166697489341164 25.746086185835345 1.2
      vertex 14.166697489341164 25.746086185835345 5
      vertex 14.332225896743655 25.623321952061747 1.2
    endloop
  endfacet
  facet normal 0.9415440651830199 0.3368898533922224 2.2900210819946046e-19
    outer loop
      vertex 14.940147018273702 24.80363520796669 1.2
      vertex 15.00957470503764 24.60959782223437 5
      vertex 15.00957470503764 24.60959782223437 1.2
    endloop
  endfacet
  facet normal 0.8577286100002709 0.5141027441932238 1.4321460745493845e-18
    outer loop
      vertex 14.746086185835345 25.166697489341164 1.2
      vertex 14.852034655131545 24.989933147334597 5
      vertex 14.852034655131545 24.989933147334597 1.2
    endloop
  endfacet
  facet normal 0.803207531480643 0.5956993044924358 0
    outer loop
      vertex 14.746086185835345 25.166697489341164 1.2
      vertex 14.623321952061747 25.332225896743655 1.2
      vertex 14.746086185835345 25.166697489341164 5
    endloop
  endfacet
  facet normal 0.9039892931234437 0.4275550934302815 0
    outer loop
      vertex 14.940147018273702 24.80363520796669 1.2
      vertex 14.852034655131545 24.989933147334597 1.2
      vertex 14.940147018273702 24.80363520796669 5
    endloop
  endfacet
  facet normal 0.6715589548470127 0.7409511253549642 0
    outer loop
      vertex 14.332225896743655 25.623321952061747 1.2
      vertex 14.332225896743655 25.623321952061747 5
      vertex 14.48492424049175 25.48492424049175 1.2
    endloop
  endfacet
  facet normal 0.7409511253549642 0.6715589548470127 -7.265750728034382e-19
    outer loop
      vertex 14.48492424049175 25.48492424049175 1.2
      vertex 14.623321952061747 25.332225896743655 5
      vertex 14.623321952061747 25.332225896743655 1.2
    endloop
  endfacet
  facet normal -0.2429801799032541 0.9700312531945464 0
    outer loop
      vertex 12.590310323766131 26.059649088846783 1.2
      vertex 12.39040217776563 26.00957470503764 5
      vertex 12.590310323766131 26.059649088846783 5
    endloop
  endfacet
  facet normal -0.14673047445536647 0.9891765099647802 0
    outer loop
      vertex 12.794164005307923 26.089887926011613 1.2
      vertex 12.590310323766131 26.059649088846783 5
      vertex 12.794164005307923 26.089887926011613 5
    endloop
  endfacet
  facet normal -0.04906767432742621 0.9987954562051718 0
    outer loop
      vertex 13 26.1 1.2
      vertex 12.794164005307923 26.089887926011613 5
      vertex 13 26.1 5
    endloop
  endfacet
  facet normal 0.04906767432742621 0.9987954562051718 0
    outer loop
      vertex 13.205835994692077 26.089887926011613 1.2
      vertex 13 26.1 5
      vertex 13.205835994692077 26.089887926011613 5
    endloop
  endfacet
  facet normal 0.14673047445536647 0.9891765099647802 0
    outer loop
      vertex 13.409689676233869 26.059649088846783 1.2
      vertex 13.205835994692077 26.089887926011613 5
      vertex 13.409689676233869 26.059649088846783 5
    endloop
  endfacet
  facet normal 0.2429801799032541 0.9700312531945464 0
    outer loop
      vertex 13.60959782223437 26.00957470503764 1.2
      vertex 13.409689676233869 26.059649088846783 5
      vertex 13.60959782223437 26.00957470503764 5
    endloop
  endfacet
  facet normal 0.3368898533922224 0.9415440651830199 0
    outer loop
      vertex 13.803635207966689 25.940147018273702 1.2
      vertex 13.60959782223437 26.00957470503764 5
      vertex 13.803635207966689 25.940147018273702 5
    endloop
  endfacet
  facet normal 0.7409511253549642 -0.6715589548470127 0
    outer loop
      vertex 14.623321952061747 22.667774103256345 1.2
      vertex 14.623321952061747 22.667774103256345 5
      vertex 14.48492424049175 22.51507575950825 5
    endloop
  endfacet
  facet normal 0.803207531480643 -0.5956993044924358 0
    outer loop
      vertex 14.746086185835345 22.833302510658836 1.2
      vertex 14.746086185835345 22.833302510658836 5
      vertex 14.623321952061747 22.667774103256345 5
    endloop
  endfacet
  facet normal 0.8577286100002709 -0.5141027441932238 0
    outer loop
      vertex 14.852034655131545 23.010066852665403 1.2
      vertex 14.852034655131545 23.010066852665403 5
      vertex 14.746086185835345 22.833302510658836 5
    endloop
  endfacet
  facet normal 0.9039892931234437 -0.4275550934302815 0
    outer loop
      vertex 14.940147018273702 23.19636479203331 1.2
      vertex 14.940147018273702 23.19636479203331 5
      vertex 14.852034655131545 23.010066852665403 5
    endloop
  endfacet
  facet normal 0.9415440651830199 -0.3368898533922224 0
    outer loop
      vertex 15.00957470503764 23.39040217776563 1.2
      vertex 15.00957470503764 23.39040217776563 5
      vertex 14.940147018273702 23.19636479203331 5
    endloop
  endfacet
  facet normal 0.42755509343027776 0.9039892931234453 0
    outer loop
      vertex 13.989933147334595 25.852034655131547 1.2
      vertex 13.803635207966689 25.940147018273702 5
      vertex 13.989933147334595 25.852034655131547 5
    endloop
  endfacet
  facet normal 0.5956993044924358 0.803207531480643 0
    outer loop
      vertex 14.332225896743655 25.623321952061747 1.2
      vertex 14.166697489341164 25.746086185835345 5
      vertex 14.332225896743655 25.623321952061747 5
    endloop
  endfacet
  facet normal 0.5141027441932263 0.8577286100002693 0
    outer loop
      vertex 14.166697489341164 25.746086185835345 1.2
      vertex 13.989933147334595 25.852034655131547 5
      vertex 14.166697489341164 25.746086185835345 5
    endloop
  endfacet
  facet normal 0.803207531480643 0.5956993044924358 0
    outer loop
      vertex 14.623321952061747 25.332225896743655 1.2
      vertex 14.623321952061747 25.332225896743655 5
      vertex 14.746086185835345 25.166697489341164 5
    endloop
  endfacet
  facet normal 0.9415440651830199 0.3368898533922224 0
    outer loop
      vertex 14.940147018273702 24.80363520796669 1.2
      vertex 14.940147018273702 24.80363520796669 5
      vertex 15.00957470503764 24.60959782223437 5
    endloop
  endfacet
  facet normal 0.8577286100002709 0.5141027441932238 0
    outer loop
      vertex 14.746086185835345 25.166697489341164 1.2
      vertex 14.746086185835345 25.166697489341164 5
      vertex 14.852034655131545 24.989933147334597 5
    endloop
  endfacet
  facet normal 0.9039892931234437 0.4275550934302815 0
    outer loop
      vertex 14.852034655131545 24.989933147334597 1.2
      vertex 14.852034655131545 24.989933147334597 5
      vertex 14.940147018273702 24.80363520796669 5
    endloop
  endfacet
  facet normal 0.6715589548470127 0.7409511253549642 0
    outer loop
      vertex 14.48492424049175 25.48492424049175 1.2
      vertex 14.332225896743655 25.623321952061747 5
      vertex 14.48492424049175 25.48492424049175 5
    endloop
  endfacet
  facet normal 0.7409511253549642 0.6715589548470127 0
    outer loop
      vertex 14.48492424049175 25.48492424049175 1.2
      vertex 14.48492424049175 25.48492424049175 5
      vertex 14.623321952061747 25.332225896743655 5
    endloop
  endfacet
  facet normal 0.9700312531945439 -0.24298017990326423 0
    outer loop
      vertex 15.00957470503764 23.39040217776563 1.2
      vertex 15.059649088846784 23.59031032376613 1.2
      vertex 15.00957470503764 23.39040217776563 5
    endloop
  endfacet
  facet normal 0.9891765099647817 -0.1467304744553568 0
    outer loop
      vertex 15.059649088846784 23.59031032376613 1.2
      vertex 15.089887926011613 23.794164005307923 1.2
      vertex 15.059649088846784 23.59031032376613 5
    endloop
  endfacet
  facet normal 0.9987954562051723 -0.049067674327417606 0
    outer loop
      vertex 15.089887926011613 23.794164005307923 1.2
      vertex 15.1 24 1.2
      vertex 15.089887926011613 23.794164005307923 5
    endloop
  endfacet
  facet normal 0.9987954562051723 0.049067674327417606 0
    outer loop
      vertex 15.1 24 1.2
      vertex 15.089887926011613 24.205835994692077 1.2
      vertex 15.1 24 5
    endloop
  endfacet
  facet normal 0.9891765099647817 0.1467304744553568 0
    outer loop
      vertex 15.089887926011613 24.205835994692077 1.2
      vertex 15.059649088846784 24.40968967623387 1.2
      vertex 15.089887926011613 24.205835994692077 5
    endloop
  endfacet
  facet normal 0.9700312531945439 0.24298017990326423 0
    outer loop
      vertex 15.059649088846784 24.40968967623387 1.2
      vertex 15.00957470503764 24.60959782223437 1.2
      vertex 15.059649088846784 24.40968967623387 5
    endloop
  endfacet
  facet normal 0.9700312531945439 -0.24298017990326423 0
    outer loop
      vertex 15.059649088846784 23.59031032376613 1.2
      vertex 15.059649088846784 23.59031032376613 5
      vertex 15.00957470503764 23.39040217776563 5
    endloop
  endfacet
  facet normal 0.9891765099647817 -0.1467304744553568 0
    outer loop
      vertex 15.089887926011613 23.794164005307923 1.2
      vertex 15.089887926011613 23.794164005307923 5
      vertex 15.059649088846784 23.59031032376613 5
    endloop
  endfacet
  facet normal 0.9987954562051723 -0.049067674327417606 0
    outer loop
      vertex 15.1 24 1.2
      vertex 15.1 24 5
      vertex 15.089887926011613 23.794164005307923 5
    endloop
  endfacet
  facet normal 0.9987954562051723 0.049067674327417606 0
    outer loop
      vertex 15.089887926011613 24.205835994692077 1.2
      vertex 15.089887926011613 24.205835994692077 5
      vertex 15.1 24 5
    endloop
  endfacet
  facet normal 0.9891765099647817 0.1467304744553568 0
    outer loop
      vertex 15.059649088846784 24.40968967623387 1.2
      vertex 15.059649088846784 24.40968967623387 5
      vertex 15.089887926011613 24.205835994692077 5
    endloop
  endfacet
  facet normal 0.9700312531945439 0.24298017990326423 0
    outer loop
      vertex 15.00957470503764 24.60959782223437 1.2
      vertex 15.00957470503764 24.60959782223437 5
      vertex 15.059649088846784 24.40968967623387 5
    endloop
  endfacet
  facet normal 0 0 1
    outer loop
      vertex 12.39040217776563 21.99042529496236 5
      vertex 12.590310323766131 21.940350911153217 5
      vertex 12.460765708460901 23.342941114641672 5
    endloop
  endfacet
  facet normal 0 0 1
    outer loop
      vertex 12.590310323766131 21.940350911153217 5
      vertex 12.794164005307923 21.910112073988387 5
      vertex 12.674719082489673 23.214702397365407 5
    endloop
  endfacet
  facet normal 0 0 1
    outer loop
      vertex 12.794164005307923 21.910112073988387 5
      vertex 13 21.9 5
      vertex 12.916685430719873 23.15409298232863 5
    endloop
  endfacet
  facet normal 0 0 1
    outer loop
      vertex 13 21.9 5
      vertex 13.205835994692077 21.910112073988387 5
      vertex 13.083314569280127 23.15409298232863 5
    endloop
  endfacet
  facet normal 0 0 1
    outer loop
      vertex 13.205835994692077 21.910112073988387 5
      vertex 13.409689676233869 21.940350911153217 5
      vertex 13.16582677371371 23.166332511657256 5
    endloop
  endfacet
  facet normal 0 0 1
    outer loop
      vertex 13.409689676233869 21.940350911153217 5
      vertex 13.60959782223437 21.99042529496236 5
      vertex 13.400687226302098 23.250366925303897 5
    endloop
  endfacet
  facet normal 0 0 1
    outer loop
      vertex 13.60959782223437 21.99042529496236 5
      vertex 13.803635207966689 22.059852981726298 5
      vertex 13.601040764008566 23.398959235991434 5
    endloop
  endfacet
  facet normal 0 0 1
    outer loop
      vertex 10.910112073988387 23.794164005307923 5
      vertex 10.940350911153216 23.59031032376613 5
      vertex 10.910112073988387 24.205835994692077 5
    endloop
  endfacet
  facet normal 0 0 1
    outer loop
      vertex 10.910112073988387 23.794164005307923 5
      vertex 10.910112073988387 24.205835994692077 5
      vertex 10.9 24 5
    endloop
  endfacet
  facet normal 0 0 1
    outer loop
      vertex 10.910112073988387 24.205835994692077 5
      vertex 10.940350911153216 23.59031032376613 5
      vertex 10.940350911153216 24.40968967623387 5
    endloop
  endfacet
  facet normal 0 0 1
    outer loop
      vertex 11.059852981726298 23.19636479203331 5
      vertex 11.147965344868455 23.010066852665403 5
      vertex 11.059852981726298 24.80363520796669 5
    endloop
  endfacet
  facet normal 0 0 1
    outer loop
      vertex 11.059852981726298 23.19636479203331 5
      vertex 10.99042529496236 24.60959782223437 5
      vertex 10.99042529496236 23.39040217776563 5
    endloop
  endfacet
  facet normal 0 0 1
    outer loop
      vertex 10.99042529496236 23.39040217776563 5
      vertex 10.940350911153216 24.40968967623387 5
      vertex 10.940350911153216 23.59031032376613 5
    endloop
  endfacet
  facet normal 0 0 1
    outer loop
      vertex 11.147965344868455 23.010066852665403 5
      vertex 11.253913814164655 22.833302510658836 5
      vertex 11.147965344868455 24.989933147334597 5
    endloop
  endfacet
  facet normal 0 0 1
    outer loop
      vertex 10.99042529496236 23.39040217776563 5
      vertex 10.99042529496236 24.60959782223437 5
      vertex 10.940350911153216 24.40968967623387 5
    endloop
  endfacet
  facet normal 0 0 1
    outer loop
      vertex 11.059852981726298 23.19636479203331 5
      vertex 11.059852981726298 24.80363520796669 5
      vertex 10.99042529496236 24.60959782223437 5
    endloop
  endfacet
  facet normal 0 0 1
    outer loop
      vertex 11.147965344868455 23.010066852665403 5
      vertex 11.147965344868455 24.989933147334597 5
      vertex 11.059852981726298 24.80363520796669 5
    endloop
  endfacet
  facet normal 0 0 1
    outer loop
      vertex 11.147965344868455 24.989933147334597 5
      vertex 11.253913814164655 22.833302510658836 5
      vertex 11.253913814164655 25.166697489341164 5
    endloop
  endfacet
  facet normal 0 0 1
    outer loop
      vertex 11.667774103256345 22.376678047938253 5
      vertex 11.833302510658836 22.253913814164655 5
      vertex 11.667774103256345 25.623321952061747 5
    endloop
  endfacet
  facet normal 0 0 1
    outer loop
      vertex 11.376678047938253 22.667774103256345 5
      vertex 11.253913814164655 25.166697489341164 5
      vertex 11.253913814164655 22.833302510658836 5
    endloop
  endfacet
  facet normal 0 0 1
    outer loop
      vertex 11.376678047938253 22.667774103256345 5
      vertex 11.51507575950825 22.51507575950825 5
      vertex 11.376678047938253 25.332225896743655 5
    endloop
  endfacet
  facet normal 0 0 1
    outer loop
      vertex 11.667774103256345 22.376678047938253 5
      vertex 11.51507575950825 25.48492424049175 5
      vertex 11.51507575950825 22.51507575950825 5
    endloop
  endfacet
  facet normal 0 0 1
    outer loop
      vertex 11.833302510658836 22.253913814164655 5
      vertex 12.010066852665405 22.147965344868453 5
      vertex 11.833302510658836 25.746086185835345 5
    endloop
  endfacet
  facet normal 0 0 1
    outer loop
      vertex 12.010066852665405 22.147965344868453 5
      vertex 12.196364792033311 22.059852981726298 5
      vertex 12.010066852665405 25.852034655131547 5
    endloop
  endfacet
  facet normal 0 0 1
    outer loop
      vertex 12.196364792033311 22.059852981726298 5
      vertex 12.186600714627623 23.753258024333707 5
      vertex 12.166332511657254 23.834173226286293 5
    endloop
  endfacet
  facet normal 0 0 1
    outer loop
      vertex 12.196364792033311 22.059852981726298 5
      vertex 12.166332511657254 23.834173226286293 5
      vertex 12.154092982328633 23.916685430719873 5
    endloop
  endfacet
  facet normal 0 0 1
    outer loop
      vertex 12.196364792033311 22.059852981726298 5
      vertex 12.154092982328633 23.916685430719873 5
      vertex 12.15 24 5
    endloop
  endfacet
  facet normal 0 0 1
    outer loop
      vertex 12.39040217776563 21.99042529496236 5
      vertex 12.293250829542837 23.52776530193334 5
      vertex 12.196364792033311 22.059852981726298 5
    endloop
  endfacet
  facet normal 0 0 1
    outer loop
      vertex 12.39040217776563 21.99042529496236 5
      vertex 12.398959235991434 23.398959235991434 5
      vertex 12.342941114641674 23.4607657084609 5
    endloop
  endfacet
  facet normal 0 0 1
    outer loop
      vertex 12.39040217776563 21.99042529496236 5
      vertex 12.460765708460901 23.342941114641672 5
      vertex 12.398959235991434 23.398959235991434 5
    endloop
  endfacet
  facet normal 0 0 1
    outer loop
      vertex 12.196364792033311 22.059852981726298 5
      vertex 12.293250829542837 23.52776530193334 5
      vertex 12.250366925303899 23.599312773697903 5
    endloop
  endfacet
  facet normal 0 0 1
    outer loop
      vertex 12.196364792033311 22.059852981726298 5
      vertex 12.250366925303899 23.599312773697903 5
      vertex 12.214702397365407 23.674719082489673 5
    endloop
  endfacet
  facet normal 0 0 1
    outer loop
      vertex 12.196364792033311 22.059852981726298 5
      vertex 12.214702397365407 23.674719082489673 5
      vertex 12.186600714627623 23.753258024333707 5
    endloop
  endfacet
  facet normal 0 0 1
    outer loop
      vertex 12.39040217776563 21.99042529496236 5
      vertex 12.342941114641674 23.4607657084609 5
      vertex 12.293250829542837 23.52776530193334 5
    endloop
  endfacet
  facet normal 0 0 1
    outer loop
      vertex 12.196364792033311 22.059852981726298 5
      vertex 12.15 24 5
      vertex 12.010066852665405 25.852034655131547 5
    endloop
  endfacet
  facet normal 0 0 1
    outer loop
      vertex 11.376678047938253 22.667774103256345 5
      vertex 11.376678047938253 25.332225896743655 5
      vertex 11.253913814164655 25.166697489341164 5
    endloop
  endfacet
  facet normal 0 0 1
    outer loop
      vertex 11.51507575950825 22.51507575950825 5
      vertex 11.51507575950825 25.48492424049175 5
      vertex 11.376678047938253 25.332225896743655 5
    endloop
  endfacet
  facet normal 0 0 1
    outer loop
      vertex 11.667774103256345 22.376678047938253 5
      vertex 11.667774103256345 25.623321952061747 5
      vertex 11.51507575950825 25.48492424049175 5
    endloop
  endfacet
  facet normal 0 0 1
    outer loop
      vertex 11.833302510658836 22.253913814164655 5
      vertex 11.833302510658836 25.746086185835345 5
      vertex 11.667774103256345 25.623321952061747 5
    endloop
  endfacet
  facet normal 0 0 1
    outer loop
      vertex 12.010066852665405 22.147965344868453 5
      vertex 12.010066852665405 25.852034655131547 5
      vertex 11.833302510658836 25.746086185835345 5
    endloop
  endfacet
  facet normal 0 0 1
    outer loop
      vertex 12.010066852665405 25.852034655131547 5
      vertex 12.15 24 5
      vertex 12.154092982328633 24.083314569280127 5
    endloop
  endfacet
  facet normal 0 0 1
    outer loop
      vertex 12.010066852665405 25.852034655131547 5
      vertex 12.154092982328633 24.083314569280127 5
      vertex 12.166332511657254 24.165826773713707 5
    endloop
  endfacet
  facet normal 0 0 1
    outer loop
      vertex 12.010066852665405 25.852034655131547 5
      vertex 12.166332511657254 24.165826773713707 5
      vertex 12.186600714627623 24.246741975666293 5
    endloop
  endfacet
  facet normal 0 0 1
    outer loop
      vertex 12.010066852665405 25.852034655131547 5
      vertex 12.186600714627623 24.246741975666293 5
      vertex 12.214702397365407 24.325280917510327 5
    endloop
  endfacet
  facet normal 0 0 1
    outer loop
      vertex 12.196364792033311 25.940147018273702 5
      vertex 12.214702397365407 24.325280917510327 5
      vertex 12.250366925303899 24.400687226302097 5
    endloop
  endfacet
  facet normal 0 0 1
    outer loop
      vertex 12.196364792033311 25.940147018273702 5
      vertex 12.250366925303899 24.400687226302097 5
      vertex 12.293250829542837 24.47223469806666 5
    endloop
  endfacet
  facet normal 0 0 1
    outer loop
      vertex 12.196364792033311 25.940147018273702 5
      vertex 12.293250829542837 24.47223469806666 5
      vertex 12.342941114641674 24.5392342915391 5
    endloop
  endfacet
  facet normal 0 0 1
    outer loop
      vertex 12.196364792033311 25.940147018273702 5
      vertex 12.342941114641674 24.5392342915391 5
      vertex 12.398959235991434 24.601040764008566 5
    endloop
  endfacet
  facet normal 0 0 1
    outer loop
      vertex 12.39040217776563 26.00957470503764 5
      vertex 12.398959235991434 24.601040764008566 5
      vertex 12.460765708460901 24.657058885358328 5
    endloop
  endfacet
  facet normal 0 0 1
    outer loop
      vertex 12.39040217776563 26.00957470503764 5
      vertex 12.460765708460901 24.657058885358328 5
      vertex 12.527765301933337 24.706749170457165 5
    endloop
  endfacet
  facet normal 0 0 1
    outer loop
      vertex 12.010066852665405 25.852034655131547 5
      vertex 12.214702397365407 24.325280917510327 5
      vertex 12.196364792033311 25.940147018273702 5
    endloop
  endfacet
  facet normal 0 0 1
    outer loop
      vertex 12.196364792033311 25.940147018273702 5
      vertex 12.398959235991434 24.601040764008566 5
      vertex 12.39040217776563 26.00957470503764 5
    endloop
  endfacet
  facet normal 0 0 1
    outer loop
      vertex 12.590310323766131 21.940350911153217 5
      vertex 12.599312773697902 23.250366925303897 5
      vertex 12.527765301933337 23.293250829542835 5
    endloop
  endfacet
  facet normal 0 0 1
    outer loop
      vertex 12.590310323766131 21.940350911153217 5
      vertex 12.527765301933337 23.293250829542835 5
      vertex 12.460765708460901 23.342941114641672 5
    endloop
  endfacet
  facet normal 0 0 1
    outer loop
      vertex 12.590310323766131 21.940350911153217 5
      vertex 12.674719082489673 23.214702397365407 5
      vertex 12.599312773697902 23.250366925303897 5
    endloop
  endfacet
  facet normal 0 0 1
    outer loop
      vertex 12.794164005307923 21.910112073988387 5
      vertex 12.753258024333707 23.186600714627623 5
      vertex 12.674719082489673 23.214702397365407 5
    endloop
  endfacet
  facet normal 0 0 1
    outer loop
      vertex 12.794164005307923 21.910112073988387 5
      vertex 12.83417322628629 23.166332511657256 5
      vertex 12.753258024333707 23.186600714627623 5
    endloop
  endfacet
  facet normal 0 0 1
    outer loop
      vertex 12.794164005307923 21.910112073988387 5
      vertex 12.916685430719873 23.15409298232863 5
      vertex 12.83417322628629 23.166332511657256 5
    endloop
  endfacet
  facet normal 0 0 1
    outer loop
      vertex 13 21.9 5
      vertex 13 23.15 5
      vertex 12.916685430719873 23.15409298232863 5
    endloop
  endfacet
  facet normal 0 0 1
    outer loop
      vertex 13 21.9 5
      vertex 13.083314569280127 23.15409298232863 5
      vertex 13 23.15 5
    endloop
  endfacet
  facet normal 0 0 1
    outer loop
      vertex 13.205835994692077 21.910112073988387 5
      vertex 13.16582677371371 23.166332511657256 5
      vertex 13.083314569280127 23.15409298232863 5
    endloop
  endfacet
  facet normal 0 0 1
    outer loop
      vertex 13.409689676233869 21.940350911153217 5
      vertex 13.246741975666293 23.186600714627623 5
      vertex 13.16582677371371 23.166332511657256 5
    endloop
  endfacet
  facet normal 0 0 1
    outer loop
      vertex 13.409689676233869 21.940350911153217 5
      vertex 13.325280917510327 23.214702397365407 5
      vertex 13.246741975666293 23.186600714627623 5
    endloop
  endfacet
  facet normal 0 0 1
    outer loop
      vertex 13.409689676233869 21.940350911153217 5
      vertex 13.400687226302098 23.250366925303897 5
      vertex 13.325280917510327 23.214702397365407 5
    endloop
  endfacet
  facet normal 0 0 1
    outer loop
      vertex 13.60959782223437 21.99042529496236 5
      vertex 13.472234698066663 23.293250829542835 5
      vertex 13.400687226302098 23.250366925303897 5
    endloop
  endfacet
  facet normal 0 0 1
    outer loop
      vertex 13.60959782223437 21.99042529496236 5
      vertex 13.539234291539099 23.342941114641672 5
      vertex 13.472234698066663 23.293250829542835 5
    endloop
  endfacet
  facet normal 0 0 1
    outer loop
      vertex 13.60959782223437 21.99042529496236 5
      vertex 13.601040764008566 23.398959235991434 5
      vertex 13.539234291539099 23.342941114641672 5
    endloop
  endfacet
  facet normal 0 0 1
    outer loop
      vertex 13.803635207966689 22.059852981726298 5
      vertex 13.657058885358326 23.4607657084609 5
      vertex 13.601040764008566 23.398959235991434 5
    endloop
  endfacet
  facet normal 0 0 1
    outer loop
      vertex 13.803635207966689 22.059852981726298 5
      vertex 13.706749170457163 23.52776530193334 5
      vertex 13.657058885358326 23.4607657084609 5
    endloop
  endfacet
  facet normal 0 0 1
    outer loop
      vertex 12.39040217776563 26.00957470503764 5
      vertex 12.527765301933337 24.706749170457165 5
      vertex 12.599312773697902 24.749633074696103 5
    endloop
  endfacet
  facet normal 0 0 1
    outer loop
      vertex 12.590310323766131 26.059649088846783 5
      vertex 12.599312773697902 24.749633074696103 5
      vertex 12.674719082489673 24.785297602634593 5
    endloop
  endfacet
  facet normal 0 0 1
    outer loop
      vertex 12.590310323766131 26.059649088846783 5
      vertex 12.674719082489673 24.785297602634593 5
      vertex 12.753258024333707 24.813399285372377 5
    endloop
  endfacet
  facet normal 0 0 1
    outer loop
      vertex 12.590310323766131 26.059649088846783 5
      vertex 12.753258024333707 24.813399285372377 5
      vertex 12.83417322628629 24.833667488342744 5
    endloop
  endfacet
  facet normal 0 0 1
    outer loop
      vertex 12.794164005307923 26.089887926011613 5
      vertex 12.83417322628629 24.833667488342744 5
      vertex 12.916685430719873 24.84590701767137 5
    endloop
  endfacet
  facet normal 0 0 1
    outer loop
      vertex 13 26.1 5
      vertex 12.916685430719873 24.84590701767137 5
      vertex 13 24.85 5
    endloop
  endfacet
  facet normal 0 0 1
    outer loop
      vertex 13 26.1 5
      vertex 13 24.85 5
      vertex 13.083314569280127 24.84590701767137 5
    endloop
  endfacet
  facet normal 0 0 1
    outer loop
      vertex 12.39040217776563 26.00957470503764 5
      vertex 12.599312773697902 24.749633074696103 5
      vertex 12.590310323766131 26.059649088846783 5
    endloop
  endfacet
  facet normal 0 0 1
    outer loop
      vertex 12.590310323766131 26.059649088846783 5
      vertex 12.83417322628629 24.833667488342744 5
      vertex 12.794164005307923 26.089887926011613 5
    endloop
  endfacet
  facet normal 0 0 1
    outer loop
      vertex 12.794164005307923 26.089887926011613 5
      vertex 12.916685430719873 24.84590701767137 5
      vertex 13 26.1 5
    endloop
  endfacet
  facet normal 0 0 1
    outer loop
      vertex 13 26.1 5
      vertex 13.083314569280127 24.84590701767137 5
      vertex 13.205835994692077 26.089887926011613 5
    endloop
  endfacet
  facet normal 0 0 1
    outer loop
      vertex 13.205835994692077 26.089887926011613 5
      vertex 13.083314569280127 24.84590701767137 5
      vertex 13.16582677371371 24.833667488342744 5
    endloop
  endfacet
  facet normal 0 0 1
    outer loop
      vertex 13.205835994692077 26.089887926011613 5
      vertex 13.16582677371371 24.833667488342744 5
      vertex 13.246741975666293 24.813399285372377 5
    endloop
  endfacet
  facet normal 0 0 1
    outer loop
      vertex 13.205835994692077 26.089887926011613 5
      vertex 13.246741975666293 24.813399285372377 5
      vertex 13.325280917510327 24.785297602634593 5
    endloop
  endfacet
  facet normal 0 0 1
    outer loop
      vertex 13.409689676233869 26.059649088846783 5
      vertex 13.400687226302098 24.749633074696103 5
      vertex 13.472234698066663 24.706749170457165 5
    endloop
  endfacet
  facet normal 0 0 1
    outer loop
      vertex 13.409689676233869 26.059649088846783 5
      vertex 13.325280917510327 24.785297602634593 5
      vertex 13.400687226302098 24.749633074696103 5
    endloop
  endfacet
  facet normal 0 0 1
    outer loop
      vertex 13.409689676233869 26.059649088846783 5
      vertex 13.472234698066663 24.706749170457165 5
      vertex 13.539234291539099 24.657058885358328 5
    endloop
  endfacet
  facet normal 0 0 1
    outer loop
      vertex 13.60959782223437 26.00957470503764 5
      vertex 13.539234291539099 24.657058885358328 5
      vertex 13.601040764008566 24.601040764008566 5
    endloop
  endfacet
  facet normal 0 0 1
    outer loop
      vertex 13.60959782223437 26.00957470503764 5
      vertex 13.601040764008566 24.601040764008566 5
      vertex 13.657058885358326 24.5392342915391 5
    endloop
  endfacet
  facet normal 0 0 1
    outer loop
      vertex 13.60959782223437 26.00957470503764 5
      vertex 13.657058885358326 24.5392342915391 5
      vertex 13.706749170457163 24.47223469806666 5
    endloop
  endfacet
  facet normal 0 0 1
    outer loop
      vertex 13.205835994692077 26.089887926011613 5
      vertex 13.325280917510327 24.785297602634593 5
      vertex 13.409689676233869 26.059649088846783 5
    endloop
  endfacet
  facet normal 0 0 1
    outer loop
      vertex 13.409689676233869 26.059649088846783 5
      vertex 13.539234291539099 24.657058885358328 5
      vertex 13.60959782223437 26.00957470503764 5
    endloop
  endfacet
  facet normal 0 0 1
    outer loop
      vertex 13.60959782223437 26.00957470503764 5
      vertex 13.706749170457163 24.47223469806666 5
      vertex 13.803635207966689 25.940147018273702 5
    endloop
  endfacet
  facet normal 0 0 1
    outer loop
      vertex 13.803635207966689 22.059852981726298 5
      vertex 13.989933147334595 22.147965344868453 5
      vertex 13.785297602634593 23.674719082489673 5
    endloop
  endfacet
  facet normal 0 0 1
    outer loop
      vertex 13.803635207966689 22.059852981726298 5
      vertex 13.749633074696101 23.599312773697903 5
      vertex 13.706749170457163 23.52776530193334 5
    endloop
  endfacet
  facet normal 0 0 1
    outer loop
      vertex 13.803635207966689 22.059852981726298 5
      vertex 13.785297602634593 23.674719082489673 5
      vertex 13.749633074696101 23.599312773697903 5
    endloop
  endfacet
  facet normal 0 0 1
    outer loop
      vertex 13.989933147334595 22.147965344868453 5
      vertex 13.813399285372377 23.753258024333707 5
      vertex 13.785297602634593 23.674719082489673 5
    endloop
  endfacet
  facet normal 0 0 1
    outer loop
      vertex 13.989933147334595 22.147965344868453 5
      vertex 13.833667488342746 23.834173226286293 5
      vertex 13.813399285372377 23.753258024333707 5
    endloop
  endfacet
  facet normal 0 0 1
    outer loop
      vertex 13.989933147334595 22.147965344868453 5
      vertex 13.845907017671367 23.916685430719873 5
      vertex 13.833667488342746 23.834173226286293 5
    endloop
  endfacet
  facet normal 0 0 1
    outer loop
      vertex 13.989933147334595 22.147965344868453 5
      vertex 13.85 24 5
      vertex 13.845907017671367 23.916685430719873 5
    endloop
  endfacet
  facet normal 0 0 1
    outer loop
      vertex 13.989933147334595 22.147965344868453 5
      vertex 14.166697489341164 22.253913814164655 5
      vertex 13.989933147334595 25.852034655131547 5
    endloop
  endfacet
  facet normal 0 0 1
    outer loop
      vertex 13.989933147334595 22.147965344868453 5
      vertex 13.803635207966689 25.940147018273702 5
      vertex 13.85 24 5
    endloop
  endfacet
  facet normal 0 0 1
    outer loop
      vertex 14.166697489341164 22.253913814164655 5
      vertex 14.332225896743655 22.376678047938253 5
      vertex 14.166697489341164 25.746086185835345 5
    endloop
  endfacet
  facet normal 0 0 1
    outer loop
      vertex 14.332225896743655 22.376678047938253 5
      vertex 14.48492424049175 22.51507575950825 5
      vertex 14.332225896743655 25.623321952061747 5
    endloop
  endfacet
  facet normal 0 0 1
    outer loop
      vertex 14.48492424049175 22.51507575950825 5
      vertex 14.623321952061747 22.667774103256345 5
      vertex 14.48492424049175 25.48492424049175 5
    endloop
  endfacet
  facet normal 0 0 1
    outer loop
      vertex 14.623321952061747 22.667774103256345 5
      vertex 14.746086185835345 22.833302510658836 5
      vertex 14.623321952061747 25.332225896743655 5
    endloop
  endfacet
  facet normal 0 0 1
    outer loop
      vertex 14.746086185835345 22.833302510658836 5
      vertex 14.852034655131545 23.010066852665403 5
      vertex 14.746086185835345 25.166697489341164 5
    endloop
  endfacet
  facet normal 0 0 1
    outer loop
      vertex 14.852034655131545 23.010066852665403 5
      vertex 14.940147018273702 23.19636479203331 5
      vertex 14.852034655131545 24.989933147334597 5
    endloop
  endfacet
  facet normal 0 0 1
    outer loop
      vertex 14.940147018273702 23.19636479203331 5
      vertex 15.00957470503764 23.39040217776563 5
      vertex 14.940147018273702 24.80363520796669 5
    endloop
  endfacet
  facet normal 0 0 1
    outer loop
      vertex 14.940147018273702 23.19636479203331 5
      vertex 14.940147018273702 24.80363520796669 5
      vertex 14.852034655131545 24.989933147334597 5
    endloop
  endfacet
  facet normal 0 0 1
    outer loop
      vertex 14.940147018273702 24.80363520796669 5
      vertex 15.00957470503764 23.39040217776563 5
      vertex 15.00957470503764 24.60959782223437 5
    endloop
  endfacet
  facet normal 0 0 1
    outer loop
      vertex 13.803635207966689 25.940147018273702 5
      vertex 13.813399285372377 24.246741975666293 5
      vertex 13.833667488342746 24.165826773713707 5
    endloop
  endfacet
  facet normal 0 0 1
    outer loop
      vertex 13.803635207966689 25.940147018273702 5
      vertex 13.833667488342746 24.165826773713707 5
      vertex 13.845907017671367 24.083314569280127 5
    endloop
  endfacet
  facet normal 0 0 1
    outer loop
      vertex 13.803635207966689 25.940147018273702 5
      vertex 13.785297602634593 24.325280917510327 5
      vertex 13.813399285372377 24.246741975666293 5
    endloop
  endfacet
  facet normal 0 0 1
    outer loop
      vertex 13.803635207966689 25.940147018273702 5
      vertex 13.845907017671367 24.083314569280127 5
      vertex 13.85 24 5
    endloop
  endfacet
  facet normal 0 0 1
    outer loop
      vertex 13.989933147334595 22.147965344868453 5
      vertex 13.989933147334595 25.852034655131547 5
      vertex 13.803635207966689 25.940147018273702 5
    endloop
  endfacet
  facet normal 0 0 1
    outer loop
      vertex 13.803635207966689 25.940147018273702 5
      vertex 13.749633074696101 24.400687226302097 5
      vertex 13.785297602634593 24.325280917510327 5
    endloop
  endfacet
  facet normal 0 0 1
    outer loop
      vertex 13.803635207966689 25.940147018273702 5
      vertex 13.706749170457163 24.47223469806666 5
      vertex 13.749633074696101 24.400687226302097 5
    endloop
  endfacet
  facet normal 0 0 1
    outer loop
      vertex 14.166697489341164 22.253913814164655 5
      vertex 14.166697489341164 25.746086185835345 5
      vertex 13.989933147334595 25.852034655131547 5
    endloop
  endfacet
  facet normal 0 0 1
    outer loop
      vertex 14.332225896743655 22.376678047938253 5
      vertex 14.332225896743655 25.623321952061747 5
      vertex 14.166697489341164 25.746086185835345 5
    endloop
  endfacet
  facet normal 0 0 1
    outer loop
      vertex 14.48492424049175 22.51507575950825 5
      vertex 14.48492424049175 25.48492424049175 5
      vertex 14.332225896743655 25.623321952061747 5
    endloop
  endfacet
  facet normal 0 0 1
    outer loop
      vertex 14.623321952061747 22.667774103256345 5
      vertex 14.623321952061747 25.332225896743655 5
      vertex 14.48492424049175 25.48492424049175 5
    endloop
  endfacet
  facet normal 0 0 1
    outer loop
      vertex 14.746086185835345 22.833302510658836 5
      vertex 14.746086185835345 25.166697489341164 5
      vertex 14.623321952061747 25.332225896743655 5
    endloop
  endfacet
  facet normal 0 0 1
    outer loop
      vertex 14.852034655131545 23.010066852665403 5
      vertex 14.852034655131545 24.989933147334597 5
      vertex 14.746086185835345 25.166697489341164 5
    endloop
  endfacet
  facet normal 0 0 1
    outer loop
      vertex 15.00957470503764 23.39040217776563 5
      vertex 15.059649088846784 23.59031032376613 5
      vertex 15.00957470503764 24.60959782223437 5
    endloop
  endfacet
  facet normal 0 0 1
    outer loop
      vertex 15.059649088846784 23.59031032376613 5
      vertex 15.089887926011613 23.794164005307923 5
      vertex 15.059649088846784 24.40968967623387 5
    endloop
  endfacet
  facet normal 0 0 1
    outer loop
      vertex 15.089887926011613 23.794164005307923 5
      vertex 15.1 24 5
      vertex 15.089887926011613 24.205835994692077 5
    endloop
  endfacet
  facet normal 0 0 1
    outer loop
      vertex 15.089887926011613 23.794164005307923 5
      vertex 15.089887926011613 24.205835994692077 5
      vertex 15.059649088846784 24.40968967623387 5
    endloop
  endfacet
  facet normal 0 0 1
    outer loop
      vertex 15.059649088846784 23.59031032376613 5
      vertex 15.059649088846784 24.40968967623387 5
      vertex 15.00957470503764 24.60959782223437 5
    endloop
  endfacet
  facet normal -0.9039892931234416 -0.42755509343028575 5.755668930362557e-19
    outer loop
      vertex -12.102401580435444 -7.589245921032497 1.2
      vertex -12.15484941563911 -7.4783542904563625 5
      vertex -12.15484941563911 -7.4783542904563625 1.2
    endloop
  endfacet
  facet normal -0.8577286100002712 -0.5141027441932231 -1.0249763729540145e-19
    outer loop
      vertex -12.039337015378182 -7.6944627912745025 1.2
      vertex -12.102401580435444 -7.589245921032497 5
      vertex -12.102401580435444 -7.589245921032497 1.2
    endloop
  endfacet
  facet normal -0.740951125354958 -0.6715589548470197 0
    outer loop
      vertex -11.966263066703421 -7.792991605204557 1.2
      vertex -11.883883476483184 -7.883883476483184 1.2
      vertex -11.966263066703421 -7.792991605204557 5
    endloop
  endfacet
  facet normal -0.8032075314806448 -0.5956993044924334 0
    outer loop
      vertex -12.039337015378182 -7.6944627912745025 1.2
      vertex -11.966263066703421 -7.792991605204557 1.2
      vertex -12.039337015378182 -7.6944627912745025 5
    endloop
  endfacet
  facet normal -0.5956993044924368 -0.8032075314806423 0
    outer loop
      vertex -11.694462791274503 -8.039337015378182 1.2
      vertex -11.694462791274503 -8.039337015378182 5
      vertex -11.792991605204557 -7.966263066703421 1.2
    endloop
  endfacet
  facet normal -0.5141027441932168 -0.8577286100002751 -3.9319660748075454e-19
    outer loop
      vertex -11.694462791274503 -8.039337015378182 1.2
      vertex -11.589245921032497 -8.102401580435444 1.2
      vertex -11.589245921032497 -8.102401580435444 5
    endloop
  endfacet
  facet normal -0.6715589548470197 -0.740951125354958 1.008043810258287e-19
    outer loop
      vertex -11.883883476483184 -7.883883476483184 1.2
      vertex -11.792991605204557 -7.966263066703421 1.2
      vertex -11.792991605204557 -7.966263066703421 5
    endloop
  endfacet
  facet normal -0.4275550934302886 -0.9039892931234403 2.960028032225662e-20
    outer loop
      vertex -11.589245921032497 -8.102401580435444 1.2
      vertex -11.478354290456362 -8.15484941563911 1.2
      vertex -11.478354290456362 -8.15484941563911 5
    endloop
  endfacet
  facet normal -0.24298017990326795 -0.970031253194543 6.490543462861036e-20
    outer loop
      vertex -11.362855846568078 -8.196175419665261 1.2
      vertex -11.24386290252016 -8.225981600504038 1.2
      vertex -11.24386290252016 -8.225981600504038 5
    endloop
  endfacet
  facet normal -0.33688985339221095 -0.941544065183024 7.950869105984158e-19
    outer loop
      vertex -11.478354290456362 -8.15484941563911 1.2
      vertex -11.362855846568078 -8.196175419665261 1.2
      vertex -11.362855846568078 -8.196175419665261 5
    endloop
  endfacet
  facet normal -0.14673047445535878 -0.9891765099647813 -9.251727362445803e-20
    outer loop
      vertex -11.24386290252016 -8.225981600504038 1.2
      vertex -11.12252142541195 -8.243980908340246 1.2
      vertex -11.12252142541195 -8.243980908340246 5
    endloop
  endfacet
  facet normal -0.04906767432741743 -0.9987954562051724 -3.9650581730487936e-21
    outer loop
      vertex -11.12252142541195 -8.243980908340246 1.2
      vertex -11 -8.25 1.2
      vertex -11 -8.25 5
    endloop
  endfacet
  facet normal 0.04906767432741743 -0.9987954562051724 3.9650581730487936e-21
    outer loop
      vertex -11 -8.25 1.2
      vertex -10.87747857458805 -8.243980908340246 1.2
      vertex -10.87747857458805 -8.243980908340246 5
    endloop
  endfacet
  facet normal 0.14673047445535878 -0.9891765099647813 9.251727362445803e-20
    outer loop
      vertex -10.87747857458805 -8.243980908340246 1.2
      vertex -10.75613709747984 -8.225981600504038 1.2
      vertex -10.75613709747984 -8.225981600504038 5
    endloop
  endfacet
  facet normal 0.24298017990326795 -0.970031253194543 -6.490543462861036e-20
    outer loop
      vertex -10.75613709747984 -8.225981600504038 1.2
      vertex -10.637144153431922 -8.196175419665261 1.2
      vertex -10.637144153431922 -8.196175419665261 5
    endloop
  endfacet
  facet normal 0.33688985339221095 -0.941544065183024 -7.950869105984158e-19
    outer loop
      vertex -10.637144153431922 -8.196175419665261 1.2
      vertex -10.521645709543638 -8.15484941563911 1.2
      vertex -10.521645709543638 -8.15484941563911 5
    endloop
  endfacet
  facet normal 0.4275550934302886 -0.9039892931234403 -2.960028032225662e-20
    outer loop
      vertex -10.521645709543638 -8.15484941563911 1.2
      vertex -10.410754078967503 -8.102401580435444 1.2
      vertex -10.410754078967503 -8.102401580435444 5
    endloop
  endfacet
  facet normal 0.5141027441932168 -0.8577286100002751 3.9319660748075454e-19
    outer loop
      vertex -10.410754078967503 -8.102401580435444 1.2
      vertex -10.305537208725497 -8.039337015378182 1.2
      vertex -10.305537208725497 -8.039337015378182 5
    endloop
  endfacet
  facet normal 0.5956993044924368 -0.8032075314806423 -3.188481524340034e-19
    outer loop
      vertex -10.305537208725497 -8.039337015378182 1.2
      vertex -10.207008394795443 -7.966263066703421 1.2
      vertex -10.207008394795443 -7.966263066703421 5
    endloop
  endfacet
  facet normal 0.6715589548470197 -0.740951125354958 -1.008043810258287e-19
    outer loop
      vertex -10.207008394795443 -7.966263066703421 1.2
      vertex -10.116116523516816 -7.883883476483184 1.2
      vertex -10.116116523516816 -7.883883476483184 5
    endloop
  endfacet
  facet normal 0.740951125354958 -0.6715589548470197 0
    outer loop
      vertex -10.116116523516816 -7.883883476483184 1.2
      vertex -10.033736933296579 -7.792991605204557 1.2
      vertex -10.116116523516816 -7.883883476483184 5
    endloop
  endfacet
  facet normal 0.8032075314806448 -0.5956993044924334 0
    outer loop
      vertex -10.033736933296579 -7.792991605204557 1.2
      vertex -9.960662984621818 -7.6944627912745025 1.2
      vertex -10.033736933296579 -7.792991605204557 5
    endloop
  endfacet
  facet normal -0.9039892931234416 -0.42755509343028575 0
    outer loop
      vertex -12.102401580435444 -7.589245921032497 1.2
      vertex -12.102401580435444 -7.589245921032497 5
      vertex -12.15484941563911 -7.4783542904563625 5
    endloop
  endfacet
  facet normal -0.8577286100002712 -0.5141027441932231 0
    outer loop
      vertex -12.039337015378182 -7.6944627912745025 1.2
      vertex -12.039337015378182 -7.6944627912745025 5
      vertex -12.102401580435444 -7.589245921032497 5
    endloop
  endfacet
  facet normal -0.8032075314806448 -0.5956993044924334 0
    outer loop
      vertex -11.966263066703421 -7.792991605204557 1.2
      vertex -11.966263066703421 -7.792991605204557 5
      vertex -12.039337015378182 -7.6944627912745025 5
    endloop
  endfacet
  facet normal -0.740951125354958 -0.6715589548470197 0
    outer loop
      vertex -11.883883476483184 -7.883883476483184 1.2
      vertex -11.883883476483184 -7.883883476483184 5
      vertex -11.966263066703421 -7.792991605204557 5
    endloop
  endfacet
  facet normal -0.5956993044924368 -0.8032075314806423 0
    outer loop
      vertex -11.792991605204557 -7.966263066703421 1.2
      vertex -11.694462791274503 -8.039337015378182 5
      vertex -11.792991605204557 -7.966263066703421 5
    endloop
  endfacet
  facet normal -0.5141027441932168 -0.8577286100002751 0
    outer loop
      vertex -11.694462791274503 -8.039337015378182 1.2
      vertex -11.589245921032497 -8.102401580435444 5
      vertex -11.694462791274503 -8.039337015378182 5
    endloop
  endfacet
  facet normal -0.6715589548470197 -0.740951125354958 0
    outer loop
      vertex -11.883883476483184 -7.883883476483184 1.2
      vertex -11.792991605204557 -7.966263066703421 5
      vertex -11.883883476483184 -7.883883476483184 5
    endloop
  endfacet
  facet normal -0.4275550934302886 -0.9039892931234403 0
    outer loop
      vertex -11.589245921032497 -8.102401580435444 1.2
      vertex -11.478354290456362 -8.15484941563911 5
      vertex -11.589245921032497 -8.102401580435444 5
    endloop
  endfacet
  facet normal -0.33688985339221095 -0.941544065183024 0
    outer loop
      vertex -11.478354290456362 -8.15484941563911 1.2
      vertex -11.362855846568078 -8.196175419665261 5
      vertex -11.478354290456362 -8.15484941563911 5
    endloop
  endfacet
  facet normal -0.24298017990326795 -0.970031253194543 0
    outer loop
      vertex -11.362855846568078 -8.196175419665261 1.2
      vertex -11.24386290252016 -8.225981600504038 5
      vertex -11.362855846568078 -8.196175419665261 5
    endloop
  endfacet
  facet normal -0.14673047445535878 -0.9891765099647813 0
    outer loop
      vertex -11.24386290252016 -8.225981600504038 1.2
      vertex -11.12252142541195 -8.243980908340246 5
      vertex -11.24386290252016 -8.225981600504038 5
    endloop
  endfacet
  facet normal -0.04906767432741743 -0.9987954562051724 0
    outer loop
      vertex -11.12252142541195 -8.243980908340246 1.2
      vertex -11 -8.25 5
      vertex -11.12252142541195 -8.243980908340246 5
    endloop
  endfacet
  facet normal 0.04906767432741743 -0.9987954562051724 0
    outer loop
      vertex -11 -8.25 1.2
      vertex -10.87747857458805 -8.243980908340246 5
      vertex -11 -8.25 5
    endloop
  endfacet
  facet normal 0.14673047445535878 -0.9891765099647813 0
    outer loop
      vertex -10.87747857458805 -8.243980908340246 1.2
      vertex -10.75613709747984 -8.225981600504038 5
      vertex -10.87747857458805 -8.243980908340246 5
    endloop
  endfacet
  facet normal 0.24298017990326795 -0.970031253194543 0
    outer loop
      vertex -10.75613709747984 -8.225981600504038 1.2
      vertex -10.637144153431922 -8.196175419665261 5
      vertex -10.75613709747984 -8.225981600504038 5
    endloop
  endfacet
  facet normal 0.33688985339221095 -0.941544065183024 0
    outer loop
      vertex -10.637144153431922 -8.196175419665261 1.2
      vertex -10.521645709543638 -8.15484941563911 5
      vertex -10.637144153431922 -8.196175419665261 5
    endloop
  endfacet
  facet normal 0.4275550934302886 -0.9039892931234403 0
    outer loop
      vertex -10.521645709543638 -8.15484941563911 1.2
      vertex -10.410754078967503 -8.102401580435444 5
      vertex -10.521645709543638 -8.15484941563911 5
    endloop
  endfacet
  facet normal 0.5141027441932168 -0.8577286100002751 0
    outer loop
      vertex -10.410754078967503 -8.102401580435444 1.2
      vertex -10.305537208725497 -8.039337015378182 5
      vertex -10.410754078967503 -8.102401580435444 5
    endloop
  endfacet
  facet normal 0.5956993044924368 -0.8032075314806423 0
    outer loop
      vertex -10.305537208725497 -8.039337015378182 1.2
      vertex -10.207008394795443 -7.966263066703421 5
      vertex -10.305537208725497 -8.039337015378182 5
    endloop
  endfacet
  facet normal 0.6715589548470197 -0.740951125354958 0
    outer loop
      vertex -10.207008394795443 -7.966263066703421 1.2
      vertex -10.116116523516816 -7.883883476483184 5
      vertex -10.207008394795443 -7.966263066703421 5
    endloop
  endfacet
  facet normal 0.740951125354958 -0.6715589548470197 0
    outer loop
      vertex -10.033736933296579 -7.792991605204557 1.2
      vertex -10.033736933296579 -7.792991605204557 5
      vertex -10.116116523516816 -7.883883476483184 5
    endloop
  endfacet
  facet normal -0.970031253194543 -0.24298017990326795 6.490543462861036e-20
    outer loop
      vertex -12.196175419665261 -7.362855846568078 1.2
      vertex -12.225981600504038 -7.24386290252016 5
      vertex -12.225981600504038 -7.24386290252016 1.2
    endloop
  endfacet
  facet normal -0.9891765099647812 -0.14673047445535983 -2.2036511244210354e-19
    outer loop
      vertex -12.225981600504038 -7.24386290252016 1.2
      vertex -12.243980908340246 -7.122521425411951 5
      vertex -12.243980908340246 -7.122521425411951 1.2
    endloop
  endfacet
  facet normal -0.9987954562051724 -0.049067674327417085 -7.569557852000747e-20
    outer loop
      vertex -12.243980908340246 -7.122521425411951 1.2
      vertex -12.25 -7 5
      vertex -12.25 -7 1.2
    endloop
  endfacet
  facet normal -0.9987954562051724 0.049067674327417085 7.569557852000747e-20
    outer loop
      vertex -12.25 -7 1.2
      vertex -12.243980908340246 -6.877478574588049 5
      vertex -12.243980908340246 -6.877478574588049 1.2
    endloop
  endfacet
  facet normal -0.9891765099647812 0.14673047445535983 2.2036511244210354e-19
    outer loop
      vertex -12.243980908340246 -6.877478574588049 1.2
      vertex -12.225981600504038 -6.75613709747984 5
      vertex -12.225981600504038 -6.75613709747984 1.2
    endloop
  endfacet
  facet normal -0.970031253194543 0.24298017990326795 -6.490543462861036e-20
    outer loop
      vertex -12.225981600504038 -6.75613709747984 1.2
      vertex -12.196175419665261 -6.637144153431922 5
      vertex -12.196175419665261 -6.637144153431922 1.2
    endloop
  endfacet
  facet normal -0.941544065183024 -0.33688985339221095 0
    outer loop
      vertex -12.196175419665261 -7.362855846568078 1.2
      vertex -12.15484941563911 -7.4783542904563625 1.2
      vertex -12.196175419665261 -7.362855846568078 5
    endloop
  endfacet
  facet normal -0.941544065183024 0.33688985339221095 -7.950869105984158e-19
    outer loop
      vertex -12.196175419665261 -6.637144153431922 1.2
      vertex -12.15484941563911 -6.5216457095436375 5
      vertex -12.15484941563911 -6.5216457095436375 1.2
    endloop
  endfacet
  facet normal -0.9039892931234416 0.42755509343028575 -5.755668930362557e-19
    outer loop
      vertex -12.15484941563911 -6.5216457095436375 1.2
      vertex -12.102401580435444 -6.410754078967503 5
      vertex -12.102401580435444 -6.410754078967503 1.2
    endloop
  endfacet
  facet normal -0.8577286100002712 0.5141027441932231 1.0249763729540145e-19
    outer loop
      vertex -12.102401580435444 -6.410754078967503 1.2
      vertex -12.039337015378182 -6.3055372087254975 5
      vertex -12.039337015378182 -6.3055372087254975 1.2
    endloop
  endfacet
  facet normal -0.8032075314806448 0.5956993044924334 -6.394067021282959e-19
    outer loop
      vertex -12.039337015378182 -6.3055372087254975 1.2
      vertex -11.966263066703421 -6.207008394795443 5
      vertex -11.966263066703421 -6.207008394795443 1.2
    endloop
  endfacet
  facet normal -0.740951125354958 0.6715589548470197 -1.008043810258287e-19
    outer loop
      vertex -11.966263066703421 -6.207008394795443 1.2
      vertex -11.883883476483184 -6.116116523516816 5
      vertex -11.883883476483184 -6.116116523516816 1.2
    endloop
  endfacet
  facet normal -0.6715589548470197 0.740951125354958 0
    outer loop
      vertex -11.883883476483184 -6.116116523516816 1.2
      vertex -11.883883476483184 -6.116116523516816 5
      vertex -11.792991605204557 -6.033736933296579 1.2
    endloop
  endfacet
  facet normal -0.5956993044924368 0.8032075314806423 0
    outer loop
      vertex -11.792991605204557 -6.033736933296579 1.2
      vertex -11.792991605204557 -6.033736933296579 5
      vertex -11.694462791274503 -5.960662984621818 1.2
    endloop
  endfacet
  facet normal -0.5141027441932168 0.8577286100002751 0
    outer loop
      vertex -11.694462791274503 -5.960662984621818 1.2
      vertex -11.694462791274503 -5.960662984621818 5
      vertex -11.589245921032497 -5.897598419564556 1.2
    endloop
  endfacet
  facet normal -0.42755509343028264 0.903989293123443 0
    outer loop
      vertex -11.589245921032497 -5.897598419564556 1.2
      vertex -11.589245921032497 -5.897598419564556 5
      vertex -11.478354290456362 -5.8451505843608915 1.2
    endloop
  endfacet
  facet normal -0.33688985339221744 0.9415440651830218 0
    outer loop
      vertex -11.478354290456362 -5.8451505843608915 1.2
      vertex -11.478354290456362 -5.8451505843608915 5
      vertex -11.362855846568078 -5.803824580334739 1.2
    endloop
  endfacet
  facet normal -0.24298017990326795 0.970031253194543 0
    outer loop
      vertex -11.362855846568078 -5.803824580334739 1.2
      vertex -11.362855846568078 -5.803824580334739 5
      vertex -11.24386290252016 -5.7740183994959615 1.2
    endloop
  endfacet
  facet normal -0.14673047445535878 0.9891765099647813 0
    outer loop
      vertex -11.24386290252016 -5.7740183994959615 1.2
      vertex -11.24386290252016 -5.7740183994959615 5
      vertex -11.12252142541195 -5.756019091659754 1.2
    endloop
  endfacet
  facet normal -0.04906767432741743 0.9987954562051724 0
    outer loop
      vertex -11.12252142541195 -5.756019091659754 1.2
      vertex -11.12252142541195 -5.756019091659754 5
      vertex -11 -5.75 1.2
    endloop
  endfacet
  facet normal 0.04906767432741743 0.9987954562051724 0
    outer loop
      vertex -11 -5.75 1.2
      vertex -11 -5.75 5
      vertex -10.87747857458805 -5.756019091659754 1.2
    endloop
  endfacet
  facet normal 0.14673047445535878 0.9891765099647813 0
    outer loop
      vertex -10.87747857458805 -5.756019091659754 1.2
      vertex -10.87747857458805 -5.756019091659754 5
      vertex -10.75613709747984 -5.7740183994959615 1.2
    endloop
  endfacet
  facet normal 0.24298017990326795 0.970031253194543 0
    outer loop
      vertex -10.75613709747984 -5.7740183994959615 1.2
      vertex -10.75613709747984 -5.7740183994959615 5
      vertex -10.637144153431922 -5.803824580334739 1.2
    endloop
  endfacet
  facet normal 0.42755509343028264 0.903989293123443 0
    outer loop
      vertex -10.521645709543638 -5.8451505843608915 1.2
      vertex -10.521645709543638 -5.8451505843608915 5
      vertex -10.410754078967503 -5.897598419564556 1.2
    endloop
  endfacet
  facet normal 0.33688985339221744 0.9415440651830218 0
    outer loop
      vertex -10.637144153431922 -5.803824580334739 1.2
      vertex -10.637144153431922 -5.803824580334739 5
      vertex -10.521645709543638 -5.8451505843608915 1.2
    endloop
  endfacet
  facet normal 0.5141027441932168 0.8577286100002751 0
    outer loop
      vertex -10.410754078967503 -5.897598419564556 1.2
      vertex -10.410754078967503 -5.897598419564556 5
      vertex -10.305537208725497 -5.960662984621818 1.2
    endloop
  endfacet
  facet normal 0.740951125354958 0.6715589548470197 1.008043810258287e-19
    outer loop
      vertex -10.116116523516816 -6.116116523516816 1.2
      vertex -10.033736933296579 -6.207008394795443 5
      vertex -10.033736933296579 -6.207008394795443 1.2
    endloop
  endfacet
  facet normal 0.5956993044924368 0.8032075314806423 0
    outer loop
      vertex -10.305537208725497 -5.960662984621818 1.2
      vertex -10.305537208725497 -5.960662984621818 5
      vertex -10.207008394795443 -6.033736933296579 1.2
    endloop
  endfacet
  facet normal 0.6715589548470197 0.740951125354958 1.008043810258287e-19
    outer loop
      vertex -10.116116523516816 -6.116116523516816 1.2
      vertex -10.207008394795443 -6.033736933296579 1.2
      vertex -10.207008394795443 -6.033736933296579 5
    endloop
  endfacet
  facet normal -0.970031253194543 -0.24298017990326795 0
    outer loop
      vertex -12.196175419665261 -7.362855846568078 1.2
      vertex -12.196175419665261 -7.362855846568078 5
      vertex -12.225981600504038 -7.24386290252016 5
    endloop
  endfacet
  facet normal -0.9891765099647812 -0.14673047445535983 0
    outer loop
      vertex -12.225981600504038 -7.24386290252016 1.2
      vertex -12.225981600504038 -7.24386290252016 5
      vertex -12.243980908340246 -7.122521425411951 5
    endloop
  endfacet
  facet normal -0.9987954562051724 -0.049067674327417085 0
    outer loop
      vertex -12.243980908340246 -7.122521425411951 1.2
      vertex -12.243980908340246 -7.122521425411951 5
      vertex -12.25 -7 5
    endloop
  endfacet
  facet normal -0.9987954562051724 0.049067674327417085 0
    outer loop
      vertex -12.25 -7 1.2
      vertex -12.25 -7 5
      vertex -12.243980908340246 -6.877478574588049 5
    endloop
  endfacet
  facet normal -0.9891765099647812 0.14673047445535983 0
    outer loop
      vertex -12.243980908340246 -6.877478574588049 1.2
      vertex -12.243980908340246 -6.877478574588049 5
      vertex -12.225981600504038 -6.75613709747984 5
    endloop
  endfacet
  facet normal -0.970031253194543 0.24298017990326795 0
    outer loop
      vertex -12.225981600504038 -6.75613709747984 1.2
      vertex -12.225981600504038 -6.75613709747984 5
      vertex -12.196175419665261 -6.637144153431922 5
    endloop
  endfacet
  facet normal -0.941544065183024 -0.33688985339221095 0
    outer loop
      vertex -12.15484941563911 -7.4783542904563625 1.2
      vertex -12.15484941563911 -7.4783542904563625 5
      vertex -12.196175419665261 -7.362855846568078 5
    endloop
  endfacet
  facet normal -0.941544065183024 0.33688985339221095 0
    outer loop
      vertex -12.196175419665261 -6.637144153431922 1.2
      vertex -12.196175419665261 -6.637144153431922 5
      vertex -12.15484941563911 -6.5216457095436375 5
    endloop
  endfacet
  facet normal -0.9039892931234416 0.42755509343028575 0
    outer loop
      vertex -12.15484941563911 -6.5216457095436375 1.2
      vertex -12.15484941563911 -6.5216457095436375 5
      vertex -12.102401580435444 -6.410754078967503 5
    endloop
  endfacet
  facet normal -0.8577286100002712 0.5141027441932231 0
    outer loop
      vertex -12.102401580435444 -6.410754078967503 1.2
      vertex -12.102401580435444 -6.410754078967503 5
      vertex -12.039337015378182 -6.3055372087254975 5
    endloop
  endfacet
  facet normal -0.8032075314806448 0.5956993044924334 0
    outer loop
      vertex -12.039337015378182 -6.3055372087254975 1.2
      vertex -12.039337015378182 -6.3055372087254975 5
      vertex -11.966263066703421 -6.207008394795443 5
    endloop
  endfacet
  facet normal -0.740951125354958 0.6715589548470197 0
    outer loop
      vertex -11.966263066703421 -6.207008394795443 1.2
      vertex -11.966263066703421 -6.207008394795443 5
      vertex -11.883883476483184 -6.116116523516816 5
    endloop
  endfacet
  facet normal -0.6715589548470197 0.740951125354958 0
    outer loop
      vertex -11.792991605204557 -6.033736933296579 1.2
      vertex -11.883883476483184 -6.116116523516816 5
      vertex -11.792991605204557 -6.033736933296579 5
    endloop
  endfacet
  facet normal -0.5956993044924368 0.8032075314806423 0
    outer loop
      vertex -11.694462791274503 -5.960662984621818 1.2
      vertex -11.792991605204557 -6.033736933296579 5
      vertex -11.694462791274503 -5.960662984621818 5
    endloop
  endfacet
  facet normal -0.5141027441932168 0.8577286100002751 0
    outer loop
      vertex -11.589245921032497 -5.897598419564556 1.2
      vertex -11.694462791274503 -5.960662984621818 5
      vertex -11.589245921032497 -5.897598419564556 5
    endloop
  endfacet
  facet normal -0.42755509343028264 0.903989293123443 0
    outer loop
      vertex -11.478354290456362 -5.8451505843608915 1.2
      vertex -11.589245921032497 -5.897598419564556 5
      vertex -11.478354290456362 -5.8451505843608915 5
    endloop
  endfacet
  facet normal -0.33688985339221744 0.9415440651830218 0
    outer loop
      vertex -11.362855846568078 -5.803824580334739 1.2
      vertex -11.478354290456362 -5.8451505843608915 5
      vertex -11.362855846568078 -5.803824580334739 5
    endloop
  endfacet
  facet normal -0.24298017990326795 0.970031253194543 0
    outer loop
      vertex -11.24386290252016 -5.7740183994959615 1.2
      vertex -11.362855846568078 -5.803824580334739 5
      vertex -11.24386290252016 -5.7740183994959615 5
    endloop
  endfacet
  facet normal -0.14673047445535878 0.9891765099647813 0
    outer loop
      vertex -11.12252142541195 -5.756019091659754 1.2
      vertex -11.24386290252016 -5.7740183994959615 5
      vertex -11.12252142541195 -5.756019091659754 5
    endloop
  endfacet
  facet normal -0.04906767432741743 0.9987954562051724 0
    outer loop
      vertex -11 -5.75 1.2
      vertex -11.12252142541195 -5.756019091659754 5
      vertex -11 -5.75 5
    endloop
  endfacet
  facet normal 0.04906767432741743 0.9987954562051724 0
    outer loop
      vertex -10.87747857458805 -5.756019091659754 1.2
      vertex -11 -5.75 5
      vertex -10.87747857458805 -5.756019091659754 5
    endloop
  endfacet
  facet normal 0.14673047445535878 0.9891765099647813 0
    outer loop
      vertex -10.75613709747984 -5.7740183994959615 1.2
      vertex -10.87747857458805 -5.756019091659754 5
      vertex -10.75613709747984 -5.7740183994959615 5
    endloop
  endfacet
  facet normal 0.24298017990326795 0.970031253194543 0
    outer loop
      vertex -10.637144153431922 -5.803824580334739 1.2
      vertex -10.75613709747984 -5.7740183994959615 5
      vertex -10.637144153431922 -5.803824580334739 5
    endloop
  endfacet
  facet normal 0.33688985339221744 0.9415440651830218 0
    outer loop
      vertex -10.521645709543638 -5.8451505843608915 1.2
      vertex -10.637144153431922 -5.803824580334739 5
      vertex -10.521645709543638 -5.8451505843608915 5
    endloop
  endfacet
  facet normal 0.42755509343028264 0.903989293123443 0
    outer loop
      vertex -10.410754078967503 -5.897598419564556 1.2
      vertex -10.521645709543638 -5.8451505843608915 5
      vertex -10.410754078967503 -5.897598419564556 5
    endloop
  endfacet
  facet normal 0.5141027441932168 0.8577286100002751 0
    outer loop
      vertex -10.305537208725497 -5.960662984621818 1.2
      vertex -10.410754078967503 -5.897598419564556 5
      vertex -10.305537208725497 -5.960662984621818 5
    endloop
  endfacet
  facet normal 0.740951125354958 0.6715589548470197 0
    outer loop
      vertex -10.116116523516816 -6.116116523516816 1.2
      vertex -10.116116523516816 -6.116116523516816 5
      vertex -10.033736933296579 -6.207008394795443 5
    endloop
  endfacet
  facet normal 0.8032075314806448 0.5956993044924334 0
    outer loop
      vertex -10.033736933296579 -6.207008394795443 1.2
      vertex -10.033736933296579 -6.207008394795443 5
      vertex -9.960662984621818 -6.3055372087254975 5
    endloop
  endfacet
  facet normal 0.5956993044924368 0.8032075314806423 0
    outer loop
      vertex -10.207008394795443 -6.033736933296579 1.2
      vertex -10.305537208725497 -5.960662984621818 5
      vertex -10.207008394795443 -6.033736933296579 5
    endloop
  endfacet
  facet normal 0.6715589548470197 0.740951125354958 0
    outer loop
      vertex -10.116116523516816 -6.116116523516816 1.2
      vertex -10.207008394795443 -6.033736933296579 5
      vertex -10.116116523516816 -6.116116523516816 5
    endloop
  endfacet
  facet normal 0 0 1
    outer loop
      vertex -12.225981600504038 -7.24386290252016 5
      vertex -12.243980908340246 -6.877478574588049 5
      vertex -12.243980908340246 -7.122521425411951 5
    endloop
  endfacet
  facet normal 0 0 1
    outer loop
      vertex -12.196175419665261 -7.362855846568078 5
      vertex -12.225981600504038 -6.75613709747984 5
      vertex -12.225981600504038 -7.24386290252016 5
    endloop
  endfacet
  facet normal 0 0 1
    outer loop
      vertex -12.243980908340246 -7.122521425411951 5
      vertex -12.243980908340246 -6.877478574588049 5
      vertex -12.25 -7 5
    endloop
  endfacet
  facet normal 0 0 1
    outer loop
      vertex -12.225981600504038 -7.24386290252016 5
      vertex -12.225981600504038 -6.75613709747984 5
      vertex -12.243980908340246 -6.877478574588049 5
    endloop
  endfacet
  facet normal 0 0 1
    outer loop
      vertex -12.196175419665261 -7.362855846568078 5
      vertex -12.196175419665261 -6.637144153431922 5
      vertex -12.225981600504038 -6.75613709747984 5
    endloop
  endfacet
  facet normal 0 0 1
    outer loop
      vertex -12.196175419665261 -7.362855846568078 5
      vertex -12.15484941563911 -7.4783542904563625 5
      vertex -12.196175419665261 -6.637144153431922 5
    endloop
  endfacet
  facet normal 0 0 1
    outer loop
      vertex -12.102401580435444 -7.589245921032497 5
      vertex -12.15484941563911 -6.5216457095436375 5
      vertex -12.15484941563911 -7.4783542904563625 5
    endloop
  endfacet
  facet normal 0 0 1
    outer loop
      vertex -12.039337015378182 -7.6944627912745025 5
      vertex -12.102401580435444 -6.410754078967503 5
      vertex -12.102401580435444 -7.589245921032497 5
    endloop
  endfacet
  facet normal 0 0 1
    outer loop
      vertex -11.966263066703421 -7.792991605204557 5
      vertex -11.883883476483184 -7.883883476483184 5
      vertex -11.966263066703421 -6.207008394795443 5
    endloop
  endfacet
  facet normal 0 0 1
    outer loop
      vertex -12.039337015378182 -7.6944627912745025 5
      vertex -11.966263066703421 -7.792991605204557 5
      vertex -12.039337015378182 -6.3055372087254975 5
    endloop
  endfacet
  facet normal 0 0 1
    outer loop
      vertex -12.196175419665261 -6.637144153431922 5
      vertex -12.15484941563911 -7.4783542904563625 5
      vertex -12.15484941563911 -6.5216457095436375 5
    endloop
  endfacet
  facet normal 0 0 1
    outer loop
      vertex -12.102401580435444 -7.589245921032497 5
      vertex -12.102401580435444 -6.410754078967503 5
      vertex -12.15484941563911 -6.5216457095436375 5
    endloop
  endfacet
  facet normal 0 0 1
    outer loop
      vertex -12.039337015378182 -7.6944627912745025 5
      vertex -12.039337015378182 -6.3055372087254975 5
      vertex -12.102401580435444 -6.410754078967503 5
    endloop
  endfacet
  facet normal 0 0 1
    outer loop
      vertex -11.966263066703421 -7.792991605204557 5
      vertex -11.966263066703421 -6.207008394795443 5
      vertex -12.039337015378182 -6.3055372087254975 5
    endloop
  endfacet
  facet normal 0 0 1
    outer loop
      vertex -11.883883476483184 -7.883883476483184 5
      vertex -11.883883476483184 -6.116116523516816 5
      vertex -11.966263066703421 -6.207008394795443 5
    endloop
  endfacet
  facet normal 0 0 1
    outer loop
      vertex -11.883883476483184 -7.883883476483184 5
      vertex -11.792991605204557 -7.966263066703421 5
      vertex -11.883883476483184 -6.116116523516816 5
    endloop
  endfacet
  facet normal 0 0 1
    outer loop
      vertex -11.694462791274503 -8.039337015378182 5
      vertex -11.792991605204557 -6.033736933296579 5
      vertex -11.792991605204557 -7.966263066703421 5
    endloop
  endfacet
  facet normal 0 0 1
    outer loop
      vertex -11.694462791274503 -8.039337015378182 5
      vertex -11.589245921032497 -8.102401580435444 5
      vertex -11.694462791274503 -5.960662984621818 5
    endloop
  endfacet
  facet normal 0 0 1
    outer loop
      vertex -11.792991605204557 -7.966263066703421 5
      vertex -11.792991605204557 -6.033736933296579 5
      vertex -11.883883476483184 -6.116116523516816 5
    endloop
  endfacet
  facet normal 0 0 1
    outer loop
      vertex -11.694462791274503 -8.039337015378182 5
      vertex -11.694462791274503 -5.960662984621818 5
      vertex -11.792991605204557 -6.033736933296579 5
    endloop
  endfacet
  facet normal 0 0 1
    outer loop
      vertex -11.589245921032497 -8.102401580435444 5
      vertex -11.589245921032497 -5.897598419564556 5
      vertex -11.694462791274503 -5.960662984621818 5
    endloop
  endfacet
  facet normal 0 0 1
    outer loop
      vertex -11.589245921032497 -8.102401580435444 5
      vertex -11.478354290456362 -8.15484941563911 5
      vertex -11.589245921032497 -5.897598419564556 5
    endloop
  endfacet
  facet normal 0 0 1
    outer loop
      vertex -11.478354290456362 -8.15484941563911 5
      vertex -11.362855846568078 -8.196175419665261 5
      vertex -11.478354290456362 -5.8451505843608915 5
    endloop
  endfacet
  facet normal 0 0 1
    outer loop
      vertex -11.362855846568078 -8.196175419665261 5
      vertex -11.24386290252016 -8.225981600504038 5
      vertex -11.362855846568078 -5.803824580334739 5
    endloop
  endfacet
  facet normal 0 0 1
    outer loop
      vertex -11.478354290456362 -8.15484941563911 5
      vertex -11.478354290456362 -5.8451505843608915 5
      vertex -11.589245921032497 -5.897598419564556 5
    endloop
  endfacet
  facet normal 0 0 1
    outer loop
      vertex -11.362855846568078 -8.196175419665261 5
      vertex -11.362855846568078 -5.803824580334739 5
      vertex -11.478354290456362 -5.8451505843608915 5
    endloop
  endfacet
  facet normal 0 0 1
    outer loop
      vertex -11.24386290252016 -8.225981600504038 5
      vertex -11.24386290252016 -5.7740183994959615 5
      vertex -11.362855846568078 -5.803824580334739 5
    endloop
  endfacet
  facet normal 0 0 1
    outer loop
      vertex -11.24386290252016 -8.225981600504038 5
      vertex -11.12252142541195 -8.243980908340246 5
      vertex -11.24386290252016 -5.7740183994959615 5
    endloop
  endfacet
  facet normal 0 0 1
    outer loop
      vertex -11.12252142541195 -8.243980908340246 5
      vertex -11 -8.25 5
      vertex -11.12252142541195 -5.756019091659754 5
    endloop
  endfacet
  facet normal 0 0 1
    outer loop
      vertex -11 -8.25 5
      vertex -10.87747857458805 -8.243980908340246 5
      vertex -11 -5.75 5
    endloop
  endfacet
  facet normal 0 0 1
    outer loop
      vertex -11.12252142541195 -8.243980908340246 5
      vertex -11.12252142541195 -5.756019091659754 5
      vertex -11.24386290252016 -5.7740183994959615 5
    endloop
  endfacet
  facet normal 0 0 1
    outer loop
      vertex -11 -8.25 5
      vertex -11 -5.75 5
      vertex -11.12252142541195 -5.756019091659754 5
    endloop
  endfacet
  facet normal 0 0 1
    outer loop
      vertex -10.87747857458805 -8.243980908340246 5
      vertex -10.75613709747984 -8.225981600504038 5
      vertex -10.87747857458805 -5.756019091659754 5
    endloop
  endfacet
  facet normal 0 0 1
    outer loop
      vertex -10.75613709747984 -8.225981600504038 5
      vertex -10.637144153431922 -8.196175419665261 5
      vertex -10.75613709747984 -5.7740183994959615 5
    endloop
  endfacet
  facet normal 0 0 1
    outer loop
      vertex -10.87747857458805 -8.243980908340246 5
      vertex -10.87747857458805 -5.756019091659754 5
      vertex -11 -5.75 5
    endloop
  endfacet
  facet normal 0 0 1
    outer loop
      vertex -10.75613709747984 -8.225981600504038 5
      vertex -10.75613709747984 -5.7740183994959615 5
      vertex -10.87747857458805 -5.756019091659754 5
    endloop
  endfacet
  facet normal 0 0 1
    outer loop
      vertex -10.637144153431922 -8.196175419665261 5
      vertex -10.637144153431922 -5.803824580334739 5
      vertex -10.75613709747984 -5.7740183994959615 5
    endloop
  endfacet
  facet normal 0 0 1
    outer loop
      vertex -10.637144153431922 -8.196175419665261 5
      vertex -10.521645709543638 -8.15484941563911 5
      vertex -10.637144153431922 -5.803824580334739 5
    endloop
  endfacet
  facet normal 0 0 1
    outer loop
      vertex -10.521645709543638 -8.15484941563911 5
      vertex -10.410754078967503 -8.102401580435444 5
      vertex -10.521645709543638 -5.8451505843608915 5
    endloop
  endfacet
  facet normal 0 0 1
    outer loop
      vertex -10.410754078967503 -8.102401580435444 5
      vertex -10.305537208725497 -8.039337015378182 5
      vertex -10.410754078967503 -5.897598419564556 5
    endloop
  endfacet
  facet normal 0 0 1
    outer loop
      vertex -10.521645709543638 -8.15484941563911 5
      vertex -10.521645709543638 -5.8451505843608915 5
      vertex -10.637144153431922 -5.803824580334739 5
    endloop
  endfacet
  facet normal 0 0 1
    outer loop
      vertex -10.410754078967503 -8.102401580435444 5
      vertex -10.410754078967503 -5.897598419564556 5
      vertex -10.521645709543638 -5.8451505843608915 5
    endloop
  endfacet
  facet normal 0 0 1
    outer loop
      vertex -10.305537208725497 -8.039337015378182 5
      vertex -10.305537208725497 -5.960662984621818 5
      vertex -10.410754078967503 -5.897598419564556 5
    endloop
  endfacet
  facet normal 0 0 1
    outer loop
      vertex -10.305537208725497 -8.039337015378182 5
      vertex -10.207008394795443 -7.966263066703421 5
      vertex -10.305537208725497 -5.960662984621818 5
    endloop
  endfacet
  facet normal 0 0 1
    outer loop
      vertex -10.207008394795443 -7.966263066703421 5
      vertex -10.116116523516816 -7.883883476483184 5
      vertex -10.207008394795443 -6.033736933296579 5
    endloop
  endfacet
  facet normal 0 0 1
    outer loop
      vertex -10.116116523516816 -7.883883476483184 5
      vertex -10.033736933296579 -7.792991605204557 5
      vertex -10.116116523516816 -6.116116523516816 5
    endloop
  endfacet
  facet normal 0 0 1
    outer loop
      vertex -10.033736933296579 -7.792991605204557 5
      vertex -9.960662984621818 -7.6944627912745025 5
      vertex -10.033736933296579 -6.207008394795443 5
    endloop
  endfacet
  facet normal 0 0 1
    outer loop
      vertex -10.207008394795443 -7.966263066703421 5
      vertex -10.207008394795443 -6.033736933296579 5
      vertex -10.305537208725497 -5.960662984621818 5
    endloop
  endfacet
  facet normal 0 0 1
    outer loop
      vertex -10.116116523516816 -7.883883476483184 5
      vertex -10.116116523516816 -6.116116523516816 5
      vertex -10.207008394795443 -6.033736933296579 5
    endloop
  endfacet
  facet normal 0 0 1
    outer loop
      vertex -10.033736933296579 -7.792991605204557 5
      vertex -10.033736933296579 -6.207008394795443 5
      vertex -10.116116523516816 -6.116116523516816 5
    endloop
  endfacet
  facet normal 0.8577286100002712 -0.5141027441932231 0
    outer loop
      vertex -9.960662984621818 -7.6944627912745025 1.2
      vertex -9.897598419564556 -7.589245921032497 1.2
      vertex -9.960662984621818 -7.6944627912745025 5
    endloop
  endfacet
  facet normal 0.9039892931234416 -0.42755509343028575 0
    outer loop
      vertex -9.897598419564556 -7.589245921032497 1.2
      vertex -9.84515058436089 -7.4783542904563625 1.2
      vertex -9.897598419564556 -7.589245921032497 5
    endloop
  endfacet
  facet normal 0.8032075314806448 -0.5956993044924334 -6.394067021282959e-19
    outer loop
      vertex -10.033736933296579 -7.792991605204557 5
      vertex -9.960662984621818 -7.6944627912745025 1.2
      vertex -9.960662984621818 -7.6944627912745025 5
    endloop
  endfacet
  facet normal 0.8577286100002712 -0.5141027441932231 0
    outer loop
      vertex -9.897598419564556 -7.589245921032497 1.2
      vertex -9.897598419564556 -7.589245921032497 5
      vertex -9.960662984621818 -7.6944627912745025 5
    endloop
  endfacet
  facet normal 0.9039892931234416 -0.42755509343028575 0
    outer loop
      vertex -9.84515058436089 -7.4783542904563625 1.2
      vertex -9.84515058436089 -7.4783542904563625 5
      vertex -9.897598419564556 -7.589245921032497 5
    endloop
  endfacet
  facet normal 0.941544065183024 -0.33688985339221095 0
    outer loop
      vertex -9.84515058436089 -7.4783542904563625 1.2
      vertex -9.803824580334739 -7.362855846568078 1.2
      vertex -9.84515058436089 -7.4783542904563625 5
    endloop
  endfacet
  facet normal 0.970031253194543 -0.24298017990326795 0
    outer loop
      vertex -9.803824580334739 -7.362855846568078 1.2
      vertex -9.774018399495962 -7.24386290252016 1.2
      vertex -9.803824580334739 -7.362855846568078 5
    endloop
  endfacet
  facet normal 0.9891765099647812 -0.14673047445535983 0
    outer loop
      vertex -9.774018399495962 -7.24386290252016 1.2
      vertex -9.756019091659754 -7.122521425411951 1.2
      vertex -9.774018399495962 -7.24386290252016 5
    endloop
  endfacet
  facet normal 0.9987954562051724 -0.049067674327417085 0
    outer loop
      vertex -9.756019091659754 -7.122521425411951 1.2
      vertex -9.75 -7 1.2
      vertex -9.756019091659754 -7.122521425411951 5
    endloop
  endfacet
  facet normal 0.9987954562051724 0.049067674327417085 0
    outer loop
      vertex -9.75 -7 1.2
      vertex -9.756019091659754 -6.877478574588049 1.2
      vertex -9.75 -7 5
    endloop
  endfacet
  facet normal 0.9891765099647812 0.14673047445535983 0
    outer loop
      vertex -9.756019091659754 -6.877478574588049 1.2
      vertex -9.774018399495962 -6.75613709747984 1.2
      vertex -9.756019091659754 -6.877478574588049 5
    endloop
  endfacet
  facet normal 0.970031253194543 0.24298017990326795 0
    outer loop
      vertex -9.774018399495962 -6.75613709747984 1.2
      vertex -9.803824580334739 -6.637144153431922 1.2
      vertex -9.774018399495962 -6.75613709747984 5
    endloop
  endfacet
  facet normal 0.941544065183024 0.33688985339221095 0
    outer loop
      vertex -9.803824580334739 -6.637144153431922 1.2
      vertex -9.84515058436089 -6.5216457095436375 1.2
      vertex -9.803824580334739 -6.637144153431922 5
    endloop
  endfacet
  facet normal 0.9039892931234416 0.42755509343028575 0
    outer loop
      vertex -9.84515058436089 -6.5216457095436375 1.2
      vertex -9.897598419564556 -6.410754078967503 1.2
      vertex -9.84515058436089 -6.5216457095436375 5
    endloop
  endfacet
  facet normal 0.8577286100002712 0.5141027441932231 0
    outer loop
      vertex -9.897598419564556 -6.410754078967503 1.2
      vertex -9.960662984621818 -6.3055372087254975 1.2
      vertex -9.897598419564556 -6.410754078967503 5
    endloop
  endfacet
  facet normal 0.8032075314806448 0.5956993044924334 6.394067021282959e-19
    outer loop
      vertex -10.033736933296579 -6.207008394795443 1.2
      vertex -9.960662984621818 -6.3055372087254975 5
      vertex -9.960662984621818 -6.3055372087254975 1.2
    endloop
  endfacet
  facet normal 0.941544065183024 -0.33688985339221095 0
    outer loop
      vertex -9.803824580334739 -7.362855846568078 1.2
      vertex -9.803824580334739 -7.362855846568078 5
      vertex -9.84515058436089 -7.4783542904563625 5
    endloop
  endfacet
  facet normal 0.970031253194543 -0.24298017990326795 0
    outer loop
      vertex -9.774018399495962 -7.24386290252016 1.2
      vertex -9.774018399495962 -7.24386290252016 5
      vertex -9.803824580334739 -7.362855846568078 5
    endloop
  endfacet
  facet normal 0.9891765099647812 -0.14673047445535983 0
    outer loop
      vertex -9.756019091659754 -7.122521425411951 1.2
      vertex -9.756019091659754 -7.122521425411951 5
      vertex -9.774018399495962 -7.24386290252016 5
    endloop
  endfacet
  facet normal 0.9987954562051724 -0.049067674327417085 0
    outer loop
      vertex -9.75 -7 1.2
      vertex -9.75 -7 5
      vertex -9.756019091659754 -7.122521425411951 5
    endloop
  endfacet
  facet normal 0.9987954562051724 0.049067674327417085 0
    outer loop
      vertex -9.756019091659754 -6.877478574588049 1.2
      vertex -9.756019091659754 -6.877478574588049 5
      vertex -9.75 -7 5
    endloop
  endfacet
  facet normal 0.9891765099647812 0.14673047445535983 0
    outer loop
      vertex -9.774018399495962 -6.75613709747984 1.2
      vertex -9.774018399495962 -6.75613709747984 5
      vertex -9.756019091659754 -6.877478574588049 5
    endloop
  endfacet
  facet normal 0.970031253194543 0.24298017990326795 0
    outer loop
      vertex -9.803824580334739 -6.637144153431922 1.2
      vertex -9.803824580334739 -6.637144153431922 5
      vertex -9.774018399495962 -6.75613709747984 5
    endloop
  endfacet
  facet normal 0.8577286100002712 0.5141027441932231 0
    outer loop
      vertex -9.960662984621818 -6.3055372087254975 1.2
      vertex -9.960662984621818 -6.3055372087254975 5
      vertex -9.897598419564556 -6.410754078967503 5
    endloop
  endfacet
  facet normal 0.9039892931234416 0.42755509343028575 0
    outer loop
      vertex -9.897598419564556 -6.410754078967503 1.2
      vertex -9.897598419564556 -6.410754078967503 5
      vertex -9.84515058436089 -6.5216457095436375 5
    endloop
  endfacet
  facet normal 0.941544065183024 0.33688985339221095 0
    outer loop
      vertex -9.84515058436089 -6.5216457095436375 1.2
      vertex -9.84515058436089 -6.5216457095436375 5
      vertex -9.803824580334739 -6.637144153431922 5
    endloop
  endfacet
  facet normal 0 0 1
    outer loop
      vertex -9.960662984621818 -7.6944627912745025 5
      vertex -9.897598419564556 -7.589245921032497 5
      vertex -9.960662984621818 -6.3055372087254975 5
    endloop
  endfacet
  facet normal 0 0 1
    outer loop
      vertex -9.897598419564556 -7.589245921032497 5
      vertex -9.84515058436089 -7.4783542904563625 5
      vertex -9.897598419564556 -6.410754078967503 5
    endloop
  endfacet
  facet normal 0 0 1
    outer loop
      vertex -9.84515058436089 -7.4783542904563625 5
      vertex -9.803824580334739 -7.362855846568078 5
      vertex -9.84515058436089 -6.5216457095436375 5
    endloop
  endfacet
  facet normal 0 0 1
    outer loop
      vertex -9.803824580334739 -7.362855846568078 5
      vertex -9.774018399495962 -7.24386290252016 5
      vertex -9.803824580334739 -6.637144153431922 5
    endloop
  endfacet
  facet normal 0 0 1
    outer loop
      vertex -9.774018399495962 -7.24386290252016 5
      vertex -9.756019091659754 -7.122521425411951 5
      vertex -9.774018399495962 -6.75613709747984 5
    endloop
  endfacet
  facet normal 0 0 1
    outer loop
      vertex -9.84515058436089 -7.4783542904563625 5
      vertex -9.84515058436089 -6.5216457095436375 5
      vertex -9.897598419564556 -6.410754078967503 5
    endloop
  endfacet
  facet normal 0 0 1
    outer loop
      vertex -10.033736933296579 -6.207008394795443 5
      vertex -9.960662984621818 -7.6944627912745025 5
      vertex -9.960662984621818 -6.3055372087254975 5
    endloop
  endfacet
  facet normal 0 0 1
    outer loop
      vertex -9.897598419564556 -7.589245921032497 5
      vertex -9.897598419564556 -6.410754078967503 5
      vertex -9.960662984621818 -6.3055372087254975 5
    endloop
  endfacet
  facet normal 0 0 1
    outer loop
      vertex -9.803824580334739 -7.362855846568078 5
      vertex -9.803824580334739 -6.637144153431922 5
      vertex -9.84515058436089 -6.5216457095436375 5
    endloop
  endfacet
  facet normal 0 0 1
    outer loop
      vertex -9.774018399495962 -7.24386290252016 5
      vertex -9.774018399495962 -6.75613709747984 5
      vertex -9.803824580334739 -6.637144153431922 5
    endloop
  endfacet
  facet normal 0 0 1
    outer loop
      vertex -9.756019091659754 -7.122521425411951 5
      vertex -9.75 -7 5
      vertex -9.756019091659754 -6.877478574588049 5
    endloop
  endfacet
  facet normal 0 0 1
    outer loop
      vertex -9.756019091659754 -7.122521425411951 5
      vertex -9.756019091659754 -6.877478574588049 5
      vertex -9.774018399495962 -6.75613709747984 5
    endloop
  endfacet
  facet normal -0.8577286100002712 -0.5141027441932231 0
    outer loop
      vertex 9.897598419564556 -7.589245921032497 1.2
      vertex 9.960662984621818 -7.6944627912745025 1.2
      vertex 9.897598419564556 -7.589245921032497 5
    endloop
  endfacet
  facet normal -0.9039892931234416 -0.42755509343028575 5.755668930362557e-19
    outer loop
      vertex 9.897598419564556 -7.589245921032497 1.2
      vertex 9.84515058436089 -7.4783542904563625 5
      vertex 9.84515058436089 -7.4783542904563625 1.2
    endloop
  endfacet
  facet normal -0.8032075314806448 -0.5956993044924334 0
    outer loop
      vertex 9.960662984621818 -7.6944627912745025 1.2
      vertex 10.033736933296579 -7.792991605204557 1.2
      vertex 9.960662984621818 -7.6944627912745025 5
    endloop
  endfacet
  facet normal -0.9039892931234416 -0.42755509343028575 0
    outer loop
      vertex 9.897598419564556 -7.589245921032497 1.2
      vertex 9.897598419564556 -7.589245921032497 5
      vertex 9.84515058436089 -7.4783542904563625 5
    endloop
  endfacet
  facet normal -0.8577286100002712 -0.5141027441932231 0
    outer loop
      vertex 9.960662984621818 -7.6944627912745025 1.2
      vertex 9.960662984621818 -7.6944627912745025 5
      vertex 9.897598419564556 -7.589245921032497 5
    endloop
  endfacet
  facet normal -0.941544065183024 -0.33688985339221095 0
    outer loop
      vertex 9.803824580334739 -7.362855846568078 1.2
      vertex 9.84515058436089 -7.4783542904563625 1.2
      vertex 9.803824580334739 -7.362855846568078 5
    endloop
  endfacet
  facet normal -0.970031253194543 -0.24298017990326795 6.490543462861036e-20
    outer loop
      vertex 9.803824580334739 -7.362855846568078 1.2
      vertex 9.774018399495962 -7.24386290252016 5
      vertex 9.774018399495962 -7.24386290252016 1.2
    endloop
  endfacet
  facet normal -0.9891765099647812 -0.14673047445535983 0
    outer loop
      vertex 9.756019091659754 -7.122521425411951 1.2
      vertex 9.774018399495962 -7.24386290252016 1.2
      vertex 9.756019091659754 -7.122521425411951 5
    endloop
  endfacet
  facet normal -0.9987954562051724 -0.049067674327417085 -7.569557852000747e-20
    outer loop
      vertex 9.756019091659754 -7.122521425411951 1.2
      vertex 9.75 -7 5
      vertex 9.75 -7 1.2
    endloop
  endfacet
  facet normal -0.9987954562051724 0.049067674327417085 7.569557852000747e-20
    outer loop
      vertex 9.75 -7 1.2
      vertex 9.756019091659754 -6.877478574588049 5
      vertex 9.756019091659754 -6.877478574588049 1.2
    endloop
  endfacet
  facet normal -0.9891765099647812 0.14673047445535983 2.2036511244210354e-19
    outer loop
      vertex 9.756019091659754 -6.877478574588049 1.2
      vertex 9.774018399495962 -6.75613709747984 5
      vertex 9.774018399495962 -6.75613709747984 1.2
    endloop
  endfacet
  facet normal -0.970031253194543 0.24298017990326795 -6.490543462861036e-20
    outer loop
      vertex 9.774018399495962 -6.75613709747984 1.2
      vertex 9.803824580334739 -6.637144153431922 5
      vertex 9.803824580334739 -6.637144153431922 1.2
    endloop
  endfacet
  facet normal -0.941544065183024 0.33688985339221095 -7.950869105984158e-19
    outer loop
      vertex 9.803824580334739 -6.637144153431922 1.2
      vertex 9.84515058436089 -6.5216457095436375 5
      vertex 9.84515058436089 -6.5216457095436375 1.2
    endloop
  endfacet
  facet normal -0.9039892931234416 0.42755509343028575 -5.755668930362557e-19
    outer loop
      vertex 9.84515058436089 -6.5216457095436375 1.2
      vertex 9.897598419564556 -6.410754078967503 5
      vertex 9.897598419564556 -6.410754078967503 1.2
    endloop
  endfacet
  facet normal -0.8577286100002712 0.5141027441932231 1.0249763729540145e-19
    outer loop
      vertex 9.897598419564556 -6.410754078967503 1.2
      vertex 9.960662984621818 -6.3055372087254975 5
      vertex 9.960662984621818 -6.3055372087254975 1.2
    endloop
  endfacet
  facet normal -0.941544065183024 -0.33688985339221095 0
    outer loop
      vertex 9.84515058436089 -7.4783542904563625 1.2
      vertex 9.84515058436089 -7.4783542904563625 5
      vertex 9.803824580334739 -7.362855846568078 5
    endloop
  endfacet
  facet normal -0.970031253194543 -0.24298017990326795 0
    outer loop
      vertex 9.803824580334739 -7.362855846568078 1.2
      vertex 9.803824580334739 -7.362855846568078 5
      vertex 9.774018399495962 -7.24386290252016 5
    endloop
  endfacet
  facet normal -0.9987954562051724 -0.049067674327417085 0
    outer loop
      vertex 9.756019091659754 -7.122521425411951 1.2
      vertex 9.756019091659754 -7.122521425411951 5
      vertex 9.75 -7 5
    endloop
  endfacet
  facet normal -0.9891765099647812 -0.14673047445535983 0
    outer loop
      vertex 9.774018399495962 -7.24386290252016 1.2
      vertex 9.774018399495962 -7.24386290252016 5
      vertex 9.756019091659754 -7.122521425411951 5
    endloop
  endfacet
  facet normal -0.9987954562051724 0.049067674327417085 0
    outer loop
      vertex 9.75 -7 1.2
      vertex 9.75 -7 5
      vertex 9.756019091659754 -6.877478574588049 5
    endloop
  endfacet
  facet normal -0.9891765099647812 0.14673047445535983 0
    outer loop
      vertex 9.756019091659754 -6.877478574588049 1.2
      vertex 9.756019091659754 -6.877478574588049 5
      vertex 9.774018399495962 -6.75613709747984 5
    endloop
  endfacet
  facet normal -0.970031253194543 0.24298017990326795 0
    outer loop
      vertex 9.774018399495962 -6.75613709747984 1.2
      vertex 9.774018399495962 -6.75613709747984 5
      vertex 9.803824580334739 -6.637144153431922 5
    endloop
  endfacet
  facet normal -0.941544065183024 0.33688985339221095 0
    outer loop
      vertex 9.803824580334739 -6.637144153431922 1.2
      vertex 9.803824580334739 -6.637144153431922 5
      vertex 9.84515058436089 -6.5216457095436375 5
    endloop
  endfacet
  facet normal -0.9039892931234416 0.42755509343028575 0
    outer loop
      vertex 9.84515058436089 -6.5216457095436375 1.2
      vertex 9.84515058436089 -6.5216457095436375 5
      vertex 9.897598419564556 -6.410754078967503 5
    endloop
  endfacet
  facet normal -0.8577286100002712 0.5141027441932231 0
    outer loop
      vertex 9.897598419564556 -6.410754078967503 1.2
      vertex 9.897598419564556 -6.410754078967503 5
      vertex 9.960662984621818 -6.3055372087254975 5
    endloop
  endfacet
  facet normal -0.8032075314806448 0.5956993044924334 0
    outer loop
      vertex 9.960662984621818 -6.3055372087254975 1.2
      vertex 9.960662984621818 -6.3055372087254975 5
      vertex 10.033736933296579 -6.207008394795443 5
    endloop
  endfacet
  facet normal 0 0 1
    outer loop
      vertex 9.756019091659754 -7.122521425411951 5
      vertex 9.774018399495962 -7.24386290252016 5
      vertex 9.756019091659754 -6.877478574588049 5
    endloop
  endfacet
  facet normal 0 0 1
    outer loop
      vertex 9.803824580334739 -7.362855846568078 5
      vertex 9.84515058436089 -7.4783542904563625 5
      vertex 9.803824580334739 -6.637144153431922 5
    endloop
  endfacet
  facet normal 0 0 1
    outer loop
      vertex 9.803824580334739 -7.362855846568078 5
      vertex 9.774018399495962 -6.75613709747984 5
      vertex 9.774018399495962 -7.24386290252016 5
    endloop
  endfacet
  facet normal 0 0 1
    outer loop
      vertex 9.897598419564556 -7.589245921032497 5
      vertex 9.84515058436089 -6.5216457095436375 5
      vertex 9.84515058436089 -7.4783542904563625 5
    endloop
  endfacet
  facet normal 0 0 1
    outer loop
      vertex 9.897598419564556 -7.589245921032497 5
      vertex 9.960662984621818 -7.6944627912745025 5
      vertex 9.897598419564556 -6.410754078967503 5
    endloop
  endfacet
  facet normal 0 0 1
    outer loop
      vertex 9.960662984621818 -7.6944627912745025 5
      vertex 10.033736933296579 -7.792991605204557 5
      vertex 9.960662984621818 -6.3055372087254975 5
    endloop
  endfacet
  facet normal 0 0 1
    outer loop
      vertex 9.756019091659754 -7.122521425411951 5
      vertex 9.756019091659754 -6.877478574588049 5
      vertex 9.75 -7 5
    endloop
  endfacet
  facet normal 0 0 1
    outer loop
      vertex 9.774018399495962 -7.24386290252016 5
      vertex 9.774018399495962 -6.75613709747984 5
      vertex 9.756019091659754 -6.877478574588049 5
    endloop
  endfacet
  facet normal 0 0 1
    outer loop
      vertex 9.803824580334739 -7.362855846568078 5
      vertex 9.803824580334739 -6.637144153431922 5
      vertex 9.774018399495962 -6.75613709747984 5
    endloop
  endfacet
  facet normal 0 0 1
    outer loop
      vertex 9.84515058436089 -7.4783542904563625 5
      vertex 9.84515058436089 -6.5216457095436375 5
      vertex 9.803824580334739 -6.637144153431922 5
    endloop
  endfacet
  facet normal 0 0 1
    outer loop
      vertex 9.897598419564556 -7.589245921032497 5
      vertex 9.897598419564556 -6.410754078967503 5
      vertex 9.84515058436089 -6.5216457095436375 5
    endloop
  endfacet
  facet normal 0 0 1
    outer loop
      vertex 9.960662984621818 -7.6944627912745025 5
      vertex 9.960662984621818 -6.3055372087254975 5
      vertex 9.897598419564556 -6.410754078967503 5
    endloop
  endfacet
  facet normal -0.5956993044924368 -0.8032075314806423 0
    outer loop
      vertex 10.305537208725497 -8.039337015378182 1.2
      vertex 10.305537208725497 -8.039337015378182 5
      vertex 10.207008394795443 -7.966263066703421 1.2
    endloop
  endfacet
  facet normal -0.740951125354958 -0.6715589548470197 0
    outer loop
      vertex 10.033736933296579 -7.792991605204557 1.2
      vertex 10.116116523516816 -7.883883476483184 1.2
      vertex 10.033736933296579 -7.792991605204557 5
    endloop
  endfacet
  facet normal -0.6715589548470197 -0.740951125354958 1.008043810258287e-19
    outer loop
      vertex 10.116116523516816 -7.883883476483184 1.2
      vertex 10.207008394795443 -7.966263066703421 1.2
      vertex 10.207008394795443 -7.966263066703421 5
    endloop
  endfacet
  facet normal -0.5141027441932168 -0.8577286100002751 -3.9319660748075454e-19
    outer loop
      vertex 10.305537208725497 -8.039337015378182 1.2
      vertex 10.410754078967503 -8.102401580435444 1.2
      vertex 10.410754078967503 -8.102401580435444 5
    endloop
  endfacet
  facet normal -0.4275550934302886 -0.9039892931234403 2.960028032225662e-20
    outer loop
      vertex 10.410754078967503 -8.102401580435444 1.2
      vertex 10.521645709543638 -8.15484941563911 1.2
      vertex 10.521645709543638 -8.15484941563911 5
    endloop
  endfacet
  facet normal -0.33688985339221095 -0.941544065183024 7.950869105984158e-19
    outer loop
      vertex 10.521645709543638 -8.15484941563911 1.2
      vertex 10.637144153431922 -8.196175419665261 1.2
      vertex 10.637144153431922 -8.196175419665261 5
    endloop
  endfacet
  facet normal -0.24298017990326795 -0.970031253194543 0
    outer loop
      vertex 10.75613709747984 -8.225981600504038 1.2
      vertex 10.75613709747984 -8.225981600504038 5
      vertex 10.637144153431922 -8.196175419665261 1.2
    endloop
  endfacet
  facet normal -0.14673047445535878 -0.9891765099647813 -9.251727362445803e-20
    outer loop
      vertex 10.75613709747984 -8.225981600504038 1.2
      vertex 10.87747857458805 -8.243980908340246 1.2
      vertex 10.87747857458805 -8.243980908340246 5
    endloop
  endfacet
  facet normal -0.04906767432741743 -0.9987954562051724 -3.9650581730487936e-21
    outer loop
      vertex 10.87747857458805 -8.243980908340246 1.2
      vertex 11 -8.25 1.2
      vertex 11 -8.25 5
    endloop
  endfacet
  facet normal 0.04906767432741743 -0.9987954562051724 3.9650581730487936e-21
    outer loop
      vertex 11 -8.25 1.2
      vertex 11.12252142541195 -8.243980908340246 1.2
      vertex 11.12252142541195 -8.243980908340246 5
    endloop
  endfacet
  facet normal 0.14673047445535878 -0.9891765099647813 9.251727362445803e-20
    outer loop
      vertex 11.12252142541195 -8.243980908340246 1.2
      vertex 11.24386290252016 -8.225981600504038 1.2
      vertex 11.24386290252016 -8.225981600504038 5
    endloop
  endfacet
  facet normal 0.24298017990326795 -0.970031253194543 -6.490543462861036e-20
    outer loop
      vertex 11.24386290252016 -8.225981600504038 1.2
      vertex 11.362855846568078 -8.196175419665261 1.2
      vertex 11.362855846568078 -8.196175419665261 5
    endloop
  endfacet
  facet normal 0.33688985339221095 -0.941544065183024 -7.950869105984158e-19
    outer loop
      vertex 11.362855846568078 -8.196175419665261 1.2
      vertex 11.478354290456362 -8.15484941563911 1.2
      vertex 11.478354290456362 -8.15484941563911 5
    endloop
  endfacet
  facet normal 0.4275550934302886 -0.9039892931234403 -2.960028032225662e-20
    outer loop
      vertex 11.478354290456362 -8.15484941563911 1.2
      vertex 11.589245921032497 -8.102401580435444 1.2
      vertex 11.589245921032497 -8.102401580435444 5
    endloop
  endfacet
  facet normal 0.5141027441932168 -0.8577286100002751 3.9319660748075454e-19
    outer loop
      vertex 11.589245921032497 -8.102401580435444 1.2
      vertex 11.694462791274503 -8.039337015378182 1.2
      vertex 11.694462791274503 -8.039337015378182 5
    endloop
  endfacet
  facet normal 0.5956993044924368 -0.8032075314806423 -3.188481524340034e-19
    outer loop
      vertex 11.694462791274503 -8.039337015378182 1.2
      vertex 11.792991605204557 -7.966263066703421 1.2
      vertex 11.792991605204557 -7.966263066703421 5
    endloop
  endfacet
  facet normal 0.6715589548470197 -0.740951125354958 -1.008043810258287e-19
    outer loop
      vertex 11.792991605204557 -7.966263066703421 1.2
      vertex 11.883883476483184 -7.883883476483184 1.2
      vertex 11.883883476483184 -7.883883476483184 5
    endloop
  endfacet
  facet normal 0.740951125354958 -0.6715589548470197 0
    outer loop
      vertex 11.883883476483184 -7.883883476483184 1.2
      vertex 11.966263066703421 -7.792991605204557 1.2
      vertex 11.883883476483184 -7.883883476483184 5
    endloop
  endfacet
  facet normal 0.8032075314806448 -0.5956993044924334 0
    outer loop
      vertex 11.966263066703421 -7.792991605204557 1.2
      vertex 12.039337015378182 -7.6944627912745025 1.2
      vertex 11.966263066703421 -7.792991605204557 5
    endloop
  endfacet
  facet normal 0.8577286100002712 -0.5141027441932231 0
    outer loop
      vertex 12.039337015378182 -7.6944627912745025 1.2
      vertex 12.102401580435444 -7.589245921032497 1.2
      vertex 12.039337015378182 -7.6944627912745025 5
    endloop
  endfacet
  facet normal 0.9039892931234416 -0.42755509343028575 0
    outer loop
      vertex 12.102401580435444 -7.589245921032497 1.2
      vertex 12.15484941563911 -7.4783542904563625 1.2
      vertex 12.102401580435444 -7.589245921032497 5
    endloop
  endfacet
  facet normal -0.5956993044924368 -0.8032075314806423 0
    outer loop
      vertex 10.207008394795443 -7.966263066703421 1.2
      vertex 10.305537208725497 -8.039337015378182 5
      vertex 10.207008394795443 -7.966263066703421 5
    endloop
  endfacet
  facet normal -0.8032075314806448 -0.5956993044924334 6.394067021282959e-19
    outer loop
      vertex 9.960662984621818 -7.6944627912745025 5
      vertex 10.033736933296579 -7.792991605204557 1.2
      vertex 10.033736933296579 -7.792991605204557 5
    endloop
  endfacet
  facet normal -0.740951125354958 -0.6715589548470197 0
    outer loop
      vertex 10.116116523516816 -7.883883476483184 1.2
      vertex 10.116116523516816 -7.883883476483184 5
      vertex 10.033736933296579 -7.792991605204557 5
    endloop
  endfacet
  facet normal -0.6715589548470197 -0.740951125354958 0
    outer loop
      vertex 10.116116523516816 -7.883883476483184 1.2
      vertex 10.207008394795443 -7.966263066703421 5
      vertex 10.116116523516816 -7.883883476483184 5
    endloop
  endfacet
  facet normal -0.5141027441932168 -0.8577286100002751 0
    outer loop
      vertex 10.305537208725497 -8.039337015378182 1.2
      vertex 10.410754078967503 -8.102401580435444 5
      vertex 10.305537208725497 -8.039337015378182 5
    endloop
  endfacet
  facet normal -0.4275550934302886 -0.9039892931234403 0
    outer loop
      vertex 10.410754078967503 -8.102401580435444 1.2
      vertex 10.521645709543638 -8.15484941563911 5
      vertex 10.410754078967503 -8.102401580435444 5
    endloop
  endfacet
  facet normal -0.33688985339221095 -0.941544065183024 0
    outer loop
      vertex 10.521645709543638 -8.15484941563911 1.2
      vertex 10.637144153431922 -8.196175419665261 5
      vertex 10.521645709543638 -8.15484941563911 5
    endloop
  endfacet
  facet normal -0.24298017990326795 -0.970031253194543 0
    outer loop
      vertex 10.637144153431922 -8.196175419665261 1.2
      vertex 10.75613709747984 -8.225981600504038 5
      vertex 10.637144153431922 -8.196175419665261 5
    endloop
  endfacet
  facet normal -0.14673047445535878 -0.9891765099647813 0
    outer loop
      vertex 10.75613709747984 -8.225981600504038 1.2
      vertex 10.87747857458805 -8.243980908340246 5
      vertex 10.75613709747984 -8.225981600504038 5
    endloop
  endfacet
  facet normal -0.04906767432741743 -0.9987954562051724 0
    outer loop
      vertex 10.87747857458805 -8.243980908340246 1.2
      vertex 11 -8.25 5
      vertex 10.87747857458805 -8.243980908340246 5
    endloop
  endfacet
  facet normal 0.04906767432741743 -0.9987954562051724 0
    outer loop
      vertex 11 -8.25 1.2
      vertex 11.12252142541195 -8.243980908340246 5
      vertex 11 -8.25 5
    endloop
  endfacet
  facet normal 0.14673047445535878 -0.9891765099647813 0
    outer loop
      vertex 11.12252142541195 -8.243980908340246 1.2
      vertex 11.24386290252016 -8.225981600504038 5
      vertex 11.12252142541195 -8.243980908340246 5
    endloop
  endfacet
  facet normal 0.24298017990326795 -0.970031253194543 0
    outer loop
      vertex 11.24386290252016 -8.225981600504038 1.2
      vertex 11.362855846568078 -8.196175419665261 5
      vertex 11.24386290252016 -8.225981600504038 5
    endloop
  endfacet
  facet normal 0.33688985339221095 -0.941544065183024 0
    outer loop
      vertex 11.362855846568078 -8.196175419665261 1.2
      vertex 11.478354290456362 -8.15484941563911 5
      vertex 11.362855846568078 -8.196175419665261 5
    endloop
  endfacet
  facet normal 0.4275550934302886 -0.9039892931234403 0
    outer loop
      vertex 11.478354290456362 -8.15484941563911 1.2
      vertex 11.589245921032497 -8.102401580435444 5
      vertex 11.478354290456362 -8.15484941563911 5
    endloop
  endfacet
  facet normal 0.5141027441932168 -0.8577286100002751 0
    outer loop
      vertex 11.589245921032497 -8.102401580435444 1.2
      vertex 11.694462791274503 -8.039337015378182 5
      vertex 11.589245921032497 -8.102401580435444 5
    endloop
  endfacet
  facet normal 0.5956993044924368 -0.8032075314806423 0
    outer loop
      vertex 11.694462791274503 -8.039337015378182 1.2
      vertex 11.792991605204557 -7.966263066703421 5
      vertex 11.694462791274503 -8.039337015378182 5
    endloop
  endfacet
  facet normal 0.6715589548470197 -0.740951125354958 0
    outer loop
      vertex 11.792991605204557 -7.966263066703421 1.2
      vertex 11.883883476483184 -7.883883476483184 5
      vertex 11.792991605204557 -7.966263066703421 5
    endloop
  endfacet
  facet normal 0.740951125354958 -0.6715589548470197 0
    outer loop
      vertex 11.966263066703421 -7.792991605204557 1.2
      vertex 11.966263066703421 -7.792991605204557 5
      vertex 11.883883476483184 -7.883883476483184 5
    endloop
  endfacet
  facet normal 0.8032075314806448 -0.5956993044924334 0
    outer loop
      vertex 12.039337015378182 -7.6944627912745025 1.2
      vertex 12.039337015378182 -7.6944627912745025 5
      vertex 11.966263066703421 -7.792991605204557 5
    endloop
  endfacet
  facet normal 0.8577286100002712 -0.5141027441932231 0
    outer loop
      vertex 12.102401580435444 -7.589245921032497 1.2
      vertex 12.102401580435444 -7.589245921032497 5
      vertex 12.039337015378182 -7.6944627912745025 5
    endloop
  endfacet
  facet normal 0.9039892931234416 -0.42755509343028575 0
    outer loop
      vertex 12.15484941563911 -7.4783542904563625 1.2
      vertex 12.15484941563911 -7.4783542904563625 5
      vertex 12.102401580435444 -7.589245921032497 5
    endloop
  endfacet
  facet normal -0.8032075314806448 0.5956993044924334 -6.394067021282959e-19
    outer loop
      vertex 9.960662984621818 -6.3055372087254975 1.2
      vertex 10.033736933296579 -6.207008394795443 5
      vertex 10.033736933296579 -6.207008394795443 1.2
    endloop
  endfacet
  facet normal -0.740951125354958 0.6715589548470197 -1.008043810258287e-19
    outer loop
      vertex 10.033736933296579 -6.207008394795443 1.2
      vertex 10.116116523516816 -6.116116523516816 5
      vertex 10.116116523516816 -6.116116523516816 1.2
    endloop
  endfacet
  facet normal -0.6715589548470197 0.740951125354958 0
    outer loop
      vertex 10.116116523516816 -6.116116523516816 1.2
      vertex 10.116116523516816 -6.116116523516816 5
      vertex 10.207008394795443 -6.033736933296579 1.2
    endloop
  endfacet
  facet normal -0.5956993044924368 0.8032075314806423 0
    outer loop
      vertex 10.207008394795443 -6.033736933296579 1.2
      vertex 10.207008394795443 -6.033736933296579 5
      vertex 10.305537208725497 -5.960662984621818 1.2
    endloop
  endfacet
  facet normal -0.5141027441932168 0.8577286100002751 0
    outer loop
      vertex 10.305537208725497 -5.960662984621818 1.2
      vertex 10.305537208725497 -5.960662984621818 5
      vertex 10.410754078967503 -5.897598419564556 1.2
    endloop
  endfacet
  facet normal -0.42755509343028264 0.903989293123443 0
    outer loop
      vertex 10.410754078967503 -5.897598419564556 1.2
      vertex 10.410754078967503 -5.897598419564556 5
      vertex 10.521645709543638 -5.8451505843608915 1.2
    endloop
  endfacet
  facet normal -0.33688985339221744 0.9415440651830218 0
    outer loop
      vertex 10.521645709543638 -5.8451505843608915 1.2
      vertex 10.521645709543638 -5.8451505843608915 5
      vertex 10.637144153431922 -5.803824580334739 1.2
    endloop
  endfacet
  facet normal -0.24298017990326795 0.970031253194543 0
    outer loop
      vertex 10.637144153431922 -5.803824580334739 1.2
      vertex 10.637144153431922 -5.803824580334739 5
      vertex 10.75613709747984 -5.7740183994959615 1.2
    endloop
  endfacet
  facet normal -0.14673047445535878 0.9891765099647813 0
    outer loop
      vertex 10.75613709747984 -5.7740183994959615 1.2
      vertex 10.75613709747984 -5.7740183994959615 5
      vertex 10.87747857458805 -5.756019091659754 1.2
    endloop
  endfacet
  facet normal -0.04906767432741743 0.9987954562051724 0
    outer loop
      vertex 10.87747857458805 -5.756019091659754 1.2
      vertex 10.87747857458805 -5.756019091659754 5
      vertex 11 -5.75 1.2
    endloop
  endfacet
  facet normal 0.04906767432741743 0.9987954562051724 0
    outer loop
      vertex 11 -5.75 1.2
      vertex 11 -5.75 5
      vertex 11.12252142541195 -5.756019091659754 1.2
    endloop
  endfacet
  facet normal 0.14673047445535878 0.9891765099647813 0
    outer loop
      vertex 11.12252142541195 -5.756019091659754 1.2
      vertex 11.12252142541195 -5.756019091659754 5
      vertex 11.24386290252016 -5.7740183994959615 1.2
    endloop
  endfacet
  facet normal 0.24298017990326795 0.970031253194543 0
    outer loop
      vertex 11.24386290252016 -5.7740183994959615 1.2
      vertex 11.24386290252016 -5.7740183994959615 5
      vertex 11.362855846568078 -5.803824580334739 1.2
    endloop
  endfacet
  facet normal 0.33688985339221744 0.9415440651830218 0
    outer loop
      vertex 11.362855846568078 -5.803824580334739 1.2
      vertex 11.362855846568078 -5.803824580334739 5
      vertex 11.478354290456362 -5.8451505843608915 1.2
    endloop
  endfacet
  facet normal 0.42755509343028264 0.903989293123443 0
    outer loop
      vertex 11.478354290456362 -5.8451505843608915 1.2
      vertex 11.478354290456362 -5.8451505843608915 5
      vertex 11.589245921032497 -5.897598419564556 1.2
    endloop
  endfacet
  facet normal 0.5141027441932168 0.8577286100002751 0
    outer loop
      vertex 11.589245921032497 -5.897598419564556 1.2
      vertex 11.589245921032497 -5.897598419564556 5
      vertex 11.694462791274503 -5.960662984621818 1.2
    endloop
  endfacet
  facet normal 0.5956993044924368 0.8032075314806423 0
    outer loop
      vertex 11.694462791274503 -5.960662984621818 1.2
      vertex 11.694462791274503 -5.960662984621818 5
      vertex 11.792991605204557 -6.033736933296579 1.2
    endloop
  endfacet
  facet normal 0.6715589548470197 0.740951125354958 0
    outer loop
      vertex 11.792991605204557 -6.033736933296579 1.2
      vertex 11.792991605204557 -6.033736933296579 5
      vertex 11.883883476483184 -6.116116523516816 1.2
    endloop
  endfacet
  facet normal 0.941544065183024 -0.33688985339221095 0
    outer loop
      vertex 12.15484941563911 -7.4783542904563625 1.2
      vertex 12.196175419665261 -7.362855846568078 1.2
      vertex 12.15484941563911 -7.4783542904563625 5
    endloop
  endfacet
  facet normal 0.941544065183024 0.33688985339221095 0
    outer loop
      vertex 12.196175419665261 -6.637144153431922 1.2
      vertex 12.15484941563911 -6.5216457095436375 1.2
      vertex 12.196175419665261 -6.637144153431922 5
    endloop
  endfacet
  facet normal 0.970031253194543 -0.24298017990326795 0
    outer loop
      vertex 12.196175419665261 -7.362855846568078 1.2
      vertex 12.225981600504038 -7.24386290252016 1.2
      vertex 12.196175419665261 -7.362855846568078 5
    endloop
  endfacet
  facet normal 0.9891765099647812 -0.14673047445535983 0
    outer loop
      vertex 12.225981600504038 -7.24386290252016 1.2
      vertex 12.243980908340246 -7.122521425411951 1.2
      vertex 12.225981600504038 -7.24386290252016 5
    endloop
  endfacet
  facet normal 0.9987954562051724 -0.049067674327417085 0
    outer loop
      vertex 12.243980908340246 -7.122521425411951 1.2
      vertex 12.25 -7 1.2
      vertex 12.243980908340246 -7.122521425411951 5
    endloop
  endfacet
  facet normal 0.9987954562051724 0.049067674327417085 0
    outer loop
      vertex 12.25 -7 1.2
      vertex 12.243980908340246 -6.877478574588049 1.2
      vertex 12.25 -7 5
    endloop
  endfacet
  facet normal 0.9891765099647812 0.14673047445535983 0
    outer loop
      vertex 12.243980908340246 -6.877478574588049 1.2
      vertex 12.225981600504038 -6.75613709747984 1.2
      vertex 12.243980908340246 -6.877478574588049 5
    endloop
  endfacet
  facet normal 0.970031253194543 0.24298017990326795 0
    outer loop
      vertex 12.225981600504038 -6.75613709747984 1.2
      vertex 12.196175419665261 -6.637144153431922 1.2
      vertex 12.225981600504038 -6.75613709747984 5
    endloop
  endfacet
  facet normal 0.740951125354958 0.6715589548470197 1.008043810258287e-19
    outer loop
      vertex 11.883883476483184 -6.116116523516816 1.2
      vertex 11.966263066703421 -6.207008394795443 5
      vertex 11.966263066703421 -6.207008394795443 1.2
    endloop
  endfacet
  facet normal 0.8032075314806448 0.5956993044924334 6.394067021282959e-19
    outer loop
      vertex 11.966263066703421 -6.207008394795443 1.2
      vertex 12.039337015378182 -6.3055372087254975 5
      vertex 12.039337015378182 -6.3055372087254975 1.2
    endloop
  endfacet
  facet normal 0.8577286100002712 0.5141027441932231 0
    outer loop
      vertex 12.102401580435444 -6.410754078967503 1.2
      vertex 12.039337015378182 -6.3055372087254975 1.2
      vertex 12.102401580435444 -6.410754078967503 5
    endloop
  endfacet
  facet normal 0.9039892931234416 0.42755509343028575 5.755668930362557e-19
    outer loop
      vertex 12.102401580435444 -6.410754078967503 1.2
      vertex 12.15484941563911 -6.5216457095436375 5
      vertex 12.15484941563911 -6.5216457095436375 1.2
    endloop
  endfacet
  facet normal -0.740951125354958 0.6715589548470197 0
    outer loop
      vertex 10.033736933296579 -6.207008394795443 1.2
      vertex 10.033736933296579 -6.207008394795443 5
      vertex 10.116116523516816 -6.116116523516816 5
    endloop
  endfacet
  facet normal -0.6715589548470197 0.740951125354958 0
    outer loop
      vertex 10.207008394795443 -6.033736933296579 1.2
      vertex 10.116116523516816 -6.116116523516816 5
      vertex 10.207008394795443 -6.033736933296579 5
    endloop
  endfacet
  facet normal -0.5956993044924368 0.8032075314806423 0
    outer loop
      vertex 10.305537208725497 -5.960662984621818 1.2
      vertex 10.207008394795443 -6.033736933296579 5
      vertex 10.305537208725497 -5.960662984621818 5
    endloop
  endfacet
  facet normal -0.5141027441932168 0.8577286100002751 0
    outer loop
      vertex 10.410754078967503 -5.897598419564556 1.2
      vertex 10.305537208725497 -5.960662984621818 5
      vertex 10.410754078967503 -5.897598419564556 5
    endloop
  endfacet
  facet normal -0.42755509343028264 0.903989293123443 0
    outer loop
      vertex 10.521645709543638 -5.8451505843608915 1.2
      vertex 10.410754078967503 -5.897598419564556 5
      vertex 10.521645709543638 -5.8451505843608915 5
    endloop
  endfacet
  facet normal -0.33688985339221744 0.9415440651830218 0
    outer loop
      vertex 10.637144153431922 -5.803824580334739 1.2
      vertex 10.521645709543638 -5.8451505843608915 5
      vertex 10.637144153431922 -5.803824580334739 5
    endloop
  endfacet
  facet normal -0.24298017990326795 0.970031253194543 0
    outer loop
      vertex 10.75613709747984 -5.7740183994959615 1.2
      vertex 10.637144153431922 -5.803824580334739 5
      vertex 10.75613709747984 -5.7740183994959615 5
    endloop
  endfacet
  facet normal -0.14673047445535878 0.9891765099647813 0
    outer loop
      vertex 10.87747857458805 -5.756019091659754 1.2
      vertex 10.75613709747984 -5.7740183994959615 5
      vertex 10.87747857458805 -5.756019091659754 5
    endloop
  endfacet
  facet normal -0.04906767432741743 0.9987954562051724 0
    outer loop
      vertex 11 -5.75 1.2
      vertex 10.87747857458805 -5.756019091659754 5
      vertex 11 -5.75 5
    endloop
  endfacet
  facet normal 0.04906767432741743 0.9987954562051724 0
    outer loop
      vertex 11.12252142541195 -5.756019091659754 1.2
      vertex 11 -5.75 5
      vertex 11.12252142541195 -5.756019091659754 5
    endloop
  endfacet
  facet normal 0.14673047445535878 0.9891765099647813 0
    outer loop
      vertex 11.24386290252016 -5.7740183994959615 1.2
      vertex 11.12252142541195 -5.756019091659754 5
      vertex 11.24386290252016 -5.7740183994959615 5
    endloop
  endfacet
  facet normal 0.24298017990326795 0.970031253194543 0
    outer loop
      vertex 11.362855846568078 -5.803824580334739 1.2
      vertex 11.24386290252016 -5.7740183994959615 5
      vertex 11.362855846568078 -5.803824580334739 5
    endloop
  endfacet
  facet normal 0.42755509343028264 0.903989293123443 0
    outer loop
      vertex 11.589245921032497 -5.897598419564556 1.2
      vertex 11.478354290456362 -5.8451505843608915 5
      vertex 11.589245921032497 -5.897598419564556 5
    endloop
  endfacet
  facet normal 0.33688985339221744 0.9415440651830218 0
    outer loop
      vertex 11.478354290456362 -5.8451505843608915 1.2
      vertex 11.362855846568078 -5.803824580334739 5
      vertex 11.478354290456362 -5.8451505843608915 5
    endloop
  endfacet
  facet normal 0.5141027441932168 0.8577286100002751 0
    outer loop
      vertex 11.694462791274503 -5.960662984621818 1.2
      vertex 11.589245921032497 -5.897598419564556 5
      vertex 11.694462791274503 -5.960662984621818 5
    endloop
  endfacet
  facet normal 0.5956993044924368 0.8032075314806423 0
    outer loop
      vertex 11.792991605204557 -6.033736933296579 1.2
      vertex 11.694462791274503 -5.960662984621818 5
      vertex 11.792991605204557 -6.033736933296579 5
    endloop
  endfacet
  facet normal 0.6715589548470197 0.740951125354958 0
    outer loop
      vertex 11.883883476483184 -6.116116523516816 1.2
      vertex 11.792991605204557 -6.033736933296579 5
      vertex 11.883883476483184 -6.116116523516816 5
    endloop
  endfacet
  facet normal 0.941544065183024 -0.33688985339221095 0
    outer loop
      vertex 12.196175419665261 -7.362855846568078 1.2
      vertex 12.196175419665261 -7.362855846568078 5
      vertex 12.15484941563911 -7.4783542904563625 5
    endloop
  endfacet
  facet normal 0.970031253194543 -0.24298017990326795 0
    outer loop
      vertex 12.225981600504038 -7.24386290252016 1.2
      vertex 12.225981600504038 -7.24386290252016 5
      vertex 12.196175419665261 -7.362855846568078 5
    endloop
  endfacet
  facet normal 0.9891765099647812 -0.14673047445535983 0
    outer loop
      vertex 12.243980908340246 -7.122521425411951 1.2
      vertex 12.243980908340246 -7.122521425411951 5
      vertex 12.225981600504038 -7.24386290252016 5
    endloop
  endfacet
  facet normal 0.9987954562051724 -0.049067674327417085 0
    outer loop
      vertex 12.25 -7 1.2
      vertex 12.25 -7 5
      vertex 12.243980908340246 -7.122521425411951 5
    endloop
  endfacet
  facet normal 0.9987954562051724 0.049067674327417085 0
    outer loop
      vertex 12.243980908340246 -6.877478574588049 1.2
      vertex 12.243980908340246 -6.877478574588049 5
      vertex 12.25 -7 5
    endloop
  endfacet
  facet normal 0.9891765099647812 0.14673047445535983 0
    outer loop
      vertex 12.225981600504038 -6.75613709747984 1.2
      vertex 12.225981600504038 -6.75613709747984 5
      vertex 12.243980908340246 -6.877478574588049 5
    endloop
  endfacet
  facet normal 0.970031253194543 0.24298017990326795 0
    outer loop
      vertex 12.196175419665261 -6.637144153431922 1.2
      vertex 12.196175419665261 -6.637144153431922 5
      vertex 12.225981600504038 -6.75613709747984 5
    endloop
  endfacet
  facet normal 0.740951125354958 0.6715589548470197 0
    outer loop
      vertex 11.883883476483184 -6.116116523516816 1.2
      vertex 11.883883476483184 -6.116116523516816 5
      vertex 11.966263066703421 -6.207008394795443 5
    endloop
  endfacet
  facet normal 0.8032075314806448 0.5956993044924334 0
    outer loop
      vertex 11.966263066703421 -6.207008394795443 1.2
      vertex 11.966263066703421 -6.207008394795443 5
      vertex 12.039337015378182 -6.3055372087254975 5
    endloop
  endfacet
  facet normal 0.8577286100002712 0.5141027441932231 0
    outer loop
      vertex 12.039337015378182 -6.3055372087254975 1.2
      vertex 12.039337015378182 -6.3055372087254975 5
      vertex 12.102401580435444 -6.410754078967503 5
    endloop
  endfacet
  facet normal 0.9039892931234416 0.42755509343028575 0
    outer loop
      vertex 12.102401580435444 -6.410754078967503 1.2
      vertex 12.102401580435444 -6.410754078967503 5
      vertex 12.15484941563911 -6.5216457095436375 5
    endloop
  endfacet
  facet normal 0.941544065183024 0.33688985339221095 0
    outer loop
      vertex 12.15484941563911 -6.5216457095436375 1.2
      vertex 12.15484941563911 -6.5216457095436375 5
      vertex 12.196175419665261 -6.637144153431922 5
    endloop
  endfacet
  facet normal 0 0 1
    outer loop
      vertex 10.033736933296579 -7.792991605204557 5
      vertex 10.116116523516816 -7.883883476483184 5
      vertex 10.033736933296579 -6.207008394795443 5
    endloop
  endfacet
  facet normal 0 0 1
    outer loop
      vertex 10.116116523516816 -7.883883476483184 5
      vertex 10.207008394795443 -7.966263066703421 5
      vertex 10.116116523516816 -6.116116523516816 5
    endloop
  endfacet
  facet normal 0 0 1
    outer loop
      vertex 10.305537208725497 -8.039337015378182 5
      vertex 10.207008394795443 -6.033736933296579 5
      vertex 10.207008394795443 -7.966263066703421 5
    endloop
  endfacet
  facet normal 0 0 1
    outer loop
      vertex 9.960662984621818 -6.3055372087254975 5
      vertex 10.033736933296579 -7.792991605204557 5
      vertex 10.033736933296579 -6.207008394795443 5
    endloop
  endfacet
  facet normal 0 0 1
    outer loop
      vertex 10.116116523516816 -7.883883476483184 5
      vertex 10.116116523516816 -6.116116523516816 5
      vertex 10.033736933296579 -6.207008394795443 5
    endloop
  endfacet
  facet normal 0 0 1
    outer loop
      vertex 10.207008394795443 -7.966263066703421 5
      vertex 10.207008394795443 -6.033736933296579 5
      vertex 10.116116523516816 -6.116116523516816 5
    endloop
  endfacet
  facet normal 0 0 1
    outer loop
      vertex 10.305537208725497 -8.039337015378182 5
      vertex 10.305537208725497 -5.960662984621818 5
      vertex 10.207008394795443 -6.033736933296579 5
    endloop
  endfacet
  facet normal 0 0 1
    outer loop
      vertex 10.305537208725497 -8.039337015378182 5
      vertex 10.410754078967503 -8.102401580435444 5
      vertex 10.305537208725497 -5.960662984621818 5
    endloop
  endfacet
  facet normal 0 0 1
    outer loop
      vertex 10.410754078967503 -8.102401580435444 5
      vertex 10.521645709543638 -8.15484941563911 5
      vertex 10.410754078967503 -5.897598419564556 5
    endloop
  endfacet
  facet normal 0 0 1
    outer loop
      vertex 10.521645709543638 -8.15484941563911 5
      vertex 10.637144153431922 -8.196175419665261 5
      vertex 10.521645709543638 -5.8451505843608915 5
    endloop
  endfacet
  facet normal 0 0 1
    outer loop
      vertex 10.410754078967503 -8.102401580435444 5
      vertex 10.410754078967503 -5.897598419564556 5
      vertex 10.305537208725497 -5.960662984621818 5
    endloop
  endfacet
  facet normal 0 0 1
    outer loop
      vertex 10.521645709543638 -8.15484941563911 5
      vertex 10.521645709543638 -5.8451505843608915 5
      vertex 10.410754078967503 -5.897598419564556 5
    endloop
  endfacet
  facet normal 0 0 1
    outer loop
      vertex 10.637144153431922 -8.196175419665261 5
      vertex 10.637144153431922 -5.803824580334739 5
      vertex 10.521645709543638 -5.8451505843608915 5
    endloop
  endfacet
  facet normal 0 0 1
    outer loop
      vertex 10.75613709747984 -8.225981600504038 5
      vertex 10.637144153431922 -5.803824580334739 5
      vertex 10.637144153431922 -8.196175419665261 5
    endloop
  endfacet
  facet normal 0 0 1
    outer loop
      vertex 10.75613709747984 -8.225981600504038 5
      vertex 10.87747857458805 -8.243980908340246 5
      vertex 10.75613709747984 -5.7740183994959615 5
    endloop
  endfacet
  facet normal 0 0 1
    outer loop
      vertex 10.87747857458805 -8.243980908340246 5
      vertex 11 -8.25 5
      vertex 10.87747857458805 -5.756019091659754 5
    endloop
  endfacet
  facet normal 0 0 1
    outer loop
      vertex 10.75613709747984 -8.225981600504038 5
      vertex 10.75613709747984 -5.7740183994959615 5
      vertex 10.637144153431922 -5.803824580334739 5
    endloop
  endfacet
  facet normal 0 0 1
    outer loop
      vertex 10.87747857458805 -8.243980908340246 5
      vertex 10.87747857458805 -5.756019091659754 5
      vertex 10.75613709747984 -5.7740183994959615 5
    endloop
  endfacet
  facet normal 0 0 1
    outer loop
      vertex 11 -8.25 5
      vertex 11.12252142541195 -8.243980908340246 5
      vertex 11 -5.75 5
    endloop
  endfacet
  facet normal 0 0 1
    outer loop
      vertex 11.12252142541195 -8.243980908340246 5
      vertex 11.24386290252016 -8.225981600504038 5
      vertex 11.12252142541195 -5.756019091659754 5
    endloop
  endfacet
  facet normal 0 0 1
    outer loop
      vertex 11 -8.25 5
      vertex 11 -5.75 5
      vertex 10.87747857458805 -5.756019091659754 5
    endloop
  endfacet
  facet normal 0 0 1
    outer loop
      vertex 11.12252142541195 -8.243980908340246 5
      vertex 11.12252142541195 -5.756019091659754 5
      vertex 11 -5.75 5
    endloop
  endfacet
  facet normal 0 0 1
    outer loop
      vertex 11.24386290252016 -8.225981600504038 5
      vertex 11.24386290252016 -5.7740183994959615 5
      vertex 11.12252142541195 -5.756019091659754 5
    endloop
  endfacet
  facet normal 0 0 1
    outer loop
      vertex 11.24386290252016 -8.225981600504038 5
      vertex 11.362855846568078 -8.196175419665261 5
      vertex 11.24386290252016 -5.7740183994959615 5
    endloop
  endfacet
  facet normal 0 0 1
    outer loop
      vertex 11.362855846568078 -8.196175419665261 5
      vertex 11.478354290456362 -8.15484941563911 5
      vertex 11.362855846568078 -5.803824580334739 5
    endloop
  endfacet
  facet normal 0 0 1
    outer loop
      vertex 11.478354290456362 -8.15484941563911 5
      vertex 11.589245921032497 -8.102401580435444 5
      vertex 11.478354290456362 -5.8451505843608915 5
    endloop
  endfacet
  facet normal 0 0 1
    outer loop
      vertex 11.362855846568078 -8.196175419665261 5
      vertex 11.362855846568078 -5.803824580334739 5
      vertex 11.24386290252016 -5.7740183994959615 5
    endloop
  endfacet
  facet normal 0 0 1
    outer loop
      vertex 11.478354290456362 -8.15484941563911 5
      vertex 11.478354290456362 -5.8451505843608915 5
      vertex 11.362855846568078 -5.803824580334739 5
    endloop
  endfacet
  facet normal 0 0 1
    outer loop
      vertex 11.589245921032497 -8.102401580435444 5
      vertex 11.589245921032497 -5.897598419564556 5
      vertex 11.478354290456362 -5.8451505843608915 5
    endloop
  endfacet
  facet normal 0 0 1
    outer loop
      vertex 11.589245921032497 -8.102401580435444 5
      vertex 11.694462791274503 -8.039337015378182 5
      vertex 11.589245921032497 -5.897598419564556 5
    endloop
  endfacet
  facet normal 0 0 1
    outer loop
      vertex 11.694462791274503 -8.039337015378182 5
      vertex 11.792991605204557 -7.966263066703421 5
      vertex 11.694462791274503 -5.960662984621818 5
    endloop
  endfacet
  facet normal 0 0 1
    outer loop
      vertex 11.792991605204557 -7.966263066703421 5
      vertex 11.883883476483184 -7.883883476483184 5
      vertex 11.792991605204557 -6.033736933296579 5
    endloop
  endfacet
  facet normal 0 0 1
    outer loop
      vertex 11.694462791274503 -8.039337015378182 5
      vertex 11.694462791274503 -5.960662984621818 5
      vertex 11.589245921032497 -5.897598419564556 5
    endloop
  endfacet
  facet normal 0 0 1
    outer loop
      vertex 11.792991605204557 -7.966263066703421 5
      vertex 11.792991605204557 -6.033736933296579 5
      vertex 11.694462791274503 -5.960662984621818 5
    endloop
  endfacet
  facet normal 0 0 1
    outer loop
      vertex 11.883883476483184 -7.883883476483184 5
      vertex 11.883883476483184 -6.116116523516816 5
      vertex 11.792991605204557 -6.033736933296579 5
    endloop
  endfacet
  facet normal 0 0 1
    outer loop
      vertex 11.883883476483184 -7.883883476483184 5
      vertex 11.966263066703421 -7.792991605204557 5
      vertex 11.883883476483184 -6.116116523516816 5
    endloop
  endfacet
  facet normal 0 0 1
    outer loop
      vertex 11.966263066703421 -7.792991605204557 5
      vertex 12.039337015378182 -7.6944627912745025 5
      vertex 11.966263066703421 -6.207008394795443 5
    endloop
  endfacet
  facet normal 0 0 1
    outer loop
      vertex 12.039337015378182 -7.6944627912745025 5
      vertex 12.102401580435444 -7.589245921032497 5
      vertex 12.039337015378182 -6.3055372087254975 5
    endloop
  endfacet
  facet normal 0 0 1
    outer loop
      vertex 12.102401580435444 -7.589245921032497 5
      vertex 12.15484941563911 -7.4783542904563625 5
      vertex 12.102401580435444 -6.410754078967503 5
    endloop
  endfacet
  facet normal 0 0 1
    outer loop
      vertex 12.15484941563911 -7.4783542904563625 5
      vertex 12.196175419665261 -7.362855846568078 5
      vertex 12.15484941563911 -6.5216457095436375 5
    endloop
  endfacet
  facet normal 0 0 1
    outer loop
      vertex 11.966263066703421 -7.792991605204557 5
      vertex 11.966263066703421 -6.207008394795443 5
      vertex 11.883883476483184 -6.116116523516816 5
    endloop
  endfacet
  facet normal 0 0 1
    outer loop
      vertex 12.039337015378182 -7.6944627912745025 5
      vertex 12.039337015378182 -6.3055372087254975 5
      vertex 11.966263066703421 -6.207008394795443 5
    endloop
  endfacet
  facet normal 0 0 1
    outer loop
      vertex 12.15484941563911 -7.4783542904563625 5
      vertex 12.15484941563911 -6.5216457095436375 5
      vertex 12.102401580435444 -6.410754078967503 5
    endloop
  endfacet
  facet normal 0 0 1
    outer loop
      vertex 12.196175419665261 -7.362855846568078 5
      vertex 12.196175419665261 -6.637144153431922 5
      vertex 12.15484941563911 -6.5216457095436375 5
    endloop
  endfacet
  facet normal 0 0 1
    outer loop
      vertex 12.102401580435444 -7.589245921032497 5
      vertex 12.102401580435444 -6.410754078967503 5
      vertex 12.039337015378182 -6.3055372087254975 5
    endloop
  endfacet
  facet normal 0 0 1
    outer loop
      vertex 12.196175419665261 -7.362855846568078 5
      vertex 12.225981600504038 -7.24386290252016 5
      vertex 12.196175419665261 -6.637144153431922 5
    endloop
  endfacet
  facet normal 0 0 1
    outer loop
      vertex 12.225981600504038 -7.24386290252016 5
      vertex 12.243980908340246 -7.122521425411951 5
      vertex 12.225981600504038 -6.75613709747984 5
    endloop
  endfacet
  facet normal 0 0 1
    outer loop
      vertex 12.243980908340246 -7.122521425411951 5
      vertex 12.25 -7 5
      vertex 12.243980908340246 -6.877478574588049 5
    endloop
  endfacet
  facet normal 0 0 1
    outer loop
      vertex 12.243980908340246 -7.122521425411951 5
      vertex 12.243980908340246 -6.877478574588049 5
      vertex 12.225981600504038 -6.75613709747984 5
    endloop
  endfacet
  facet normal 0 0 1
    outer loop
      vertex 12.225981600504038 -7.24386290252016 5
      vertex 12.225981600504038 -6.75613709747984 5
      vertex 12.196175419665261 -6.637144153431922 5
    endloop
  endfacet
  facet normal -0.9415440651830189 -0.33688985339222505 9.491696774504392e-19
    outer loop
      vertex -16.880294036547404 14.392729584066624 1.2
      vertex -17.01914941007528 14.780804355531258 4.7
      vertex -17.01914941007528 14.780804355531258 1.2
    endloop
  endfacet
  facet normal -0.8577286100002731 -0.51410274419322 0
    outer loop
      vertex -16.70406931026309 14.02013370533081 1.2
      vertex -16.49217237167069 13.666605021317672 1.2
      vertex -16.70406931026309 14.02013370533081 4.7
    endloop
  endfacet
  facet normal -0.8032075314806445 -0.5956993044924337 0
    outer loop
      vertex -16.49217237167069 13.666605021317672 1.2
      vertex -16.246643904123495 13.335548206512689 1.2
      vertex -16.49217237167069 13.666605021317672 4.7
    endloop
  endfacet
  facet normal -0.9039892931234428 -0.42755509343028314 0
    outer loop
      vertex -16.880294036547404 14.392729584066624 1.2
      vertex -16.70406931026309 14.02013370533081 1.2
      vertex -16.880294036547404 14.392729584066624 4.7
    endloop
  endfacet
  facet normal -0.6715589548470149 -0.7409511253549624 2.5571288939408778e-18
    outer loop
      vertex -15.9698484809835 13.0301515190165 1.2
      vertex -15.664451793487311 12.753356095876505 1.2
      vertex -15.664451793487311 12.753356095876505 4.7
    endloop
  endfacet
  facet normal -0.5956993044924337 -0.8032075314806445 2.9804809202415322e-18
    outer loop
      vertex -15.664451793487311 12.753356095876505 1.2
      vertex -15.333394978682328 12.50782762832931 1.2
      vertex -15.333394978682328 12.50782762832931 4.7
    endloop
  endfacet
  facet normal -0.51410274419322 -0.8577286100002731 7.469614205173018e-19
    outer loop
      vertex -15.333394978682328 12.50782762832931 1.2
      vertex -14.97986629466919 12.29593068973691 1.2
      vertex -14.97986629466919 12.29593068973691 4.7
    endloop
  endfacet
  facet normal -0.7409511253549624 -0.6715589548470149 2.5571288939408778e-18
    outer loop
      vertex -15.9698484809835 13.0301515190165 1.2
      vertex -16.246643904123495 13.335548206512689 4.7
      vertex -16.246643904123495 13.335548206512689 1.2
    endloop
  endfacet
  facet normal -0.9415440651830189 -0.33688985339222505 0
    outer loop
      vertex -16.880294036547404 14.392729584066624 1.2
      vertex -16.880294036547404 14.392729584066624 4.7
      vertex -17.01914941007528 14.780804355531258 4.7
    endloop
  endfacet
  facet normal -0.9700312531945448 -0.2429801799032612 0
    outer loop
      vertex -17.01914941007528 14.780804355531258 1.2
      vertex -17.01914941007528 14.780804355531258 4.7
      vertex -17.11929817769357 15.180620647532262 4.7
    endloop
  endfacet
  facet normal -0.8577286100002731 -0.51410274419322 0
    outer loop
      vertex -16.49217237167069 13.666605021317672 1.2
      vertex -16.49217237167069 13.666605021317672 4.7
      vertex -16.70406931026309 14.02013370533081 4.7
    endloop
  endfacet
  facet normal -0.8032075314806445 -0.5956993044924337 0
    outer loop
      vertex -16.246643904123495 13.335548206512689 1.2
      vertex -16.246643904123495 13.335548206512689 4.7
      vertex -16.49217237167069 13.666605021317672 4.7
    endloop
  endfacet
  facet normal -0.9039892931234428 -0.42755509343028314 0
    outer loop
      vertex -16.70406931026309 14.02013370533081 1.2
      vertex -16.70406931026309 14.02013370533081 4.7
      vertex -16.880294036547404 14.392729584066624 4.7
    endloop
  endfacet
  facet normal -0.6715589548470149 -0.7409511253549624 0
    outer loop
      vertex -15.9698484809835 13.0301515190165 1.2
      vertex -15.664451793487311 12.753356095876505 4.7
      vertex -15.9698484809835 13.0301515190165 4.7
    endloop
  endfacet
  facet normal -0.5956993044924337 -0.8032075314806445 0
    outer loop
      vertex -15.664451793487311 12.753356095876505 1.2
      vertex -15.333394978682328 12.50782762832931 4.7
      vertex -15.664451793487311 12.753356095876505 4.7
    endloop
  endfacet
  facet normal -0.51410274419322 -0.8577286100002731 0
    outer loop
      vertex -15.333394978682328 12.50782762832931 1.2
      vertex -14.97986629466919 12.29593068973691 4.7
      vertex -15.333394978682328 12.50782762832931 4.7
    endloop
  endfacet
  facet normal -0.7409511253549624 -0.6715589548470149 0
    outer loop
      vertex -15.9698484809835 13.0301515190165 1.2
      vertex -15.9698484809835 13.0301515190165 4.7
      vertex -16.246643904123495 13.335548206512689 4.7
    endloop
  endfacet
  facet normal -0.42755509343028314 -0.9039892931234428 0
    outer loop
      vertex -14.607270415933376 12.119705963452596 1.2
      vertex -14.607270415933376 12.119705963452596 4.7
      vertex -14.97986629466919 12.29593068973691 1.2
    endloop
  endfacet
  facet normal -0.3368898533922213 -0.9415440651830204 -2.1910968416028468e-18
    outer loop
      vertex -14.607270415933376 12.119705963452596 1.2
      vertex -14.219195644468742 11.980850589924723 1.2
      vertex -14.219195644468742 11.980850589924723 4.7
    endloop
  endfacet
  facet normal -0.24298017990326526 -0.9700312531945436 1.2021188340708546e-18
    outer loop
      vertex -14.219195644468742 11.980850589924723 1.2
      vertex -13.819379352467738 11.880701822306431 1.2
      vertex -13.819379352467738 11.880701822306431 4.7
    endloop
  endfacet
  facet normal -0.14673047445535867 -0.9891765099647815 -7.033590543700831e-19
    outer loop
      vertex -13.819379352467738 11.880701822306431 1.2
      vertex -13.411671989384155 11.820224147976774 1.2
      vertex -13.411671989384155 11.820224147976774 4.7
    endloop
  endfacet
  facet normal -0.0490676743274174 -0.9987954562051724 -3.1234815790227687e-19
    outer loop
      vertex -13.411671989384155 11.820224147976774 1.2
      vertex -13 11.8 1.2
      vertex -13 11.8 4.7
    endloop
  endfacet
  facet normal 0.0490676743274174 -0.9987954562051724 3.1234815790227687e-19
    outer loop
      vertex -13 11.8 1.2
      vertex -12.588328010615845 11.820224147976774 1.2
      vertex -12.588328010615845 11.820224147976774 4.7
    endloop
  endfacet
  facet normal -0.3368898533922213 -0.9415440651830204 0
    outer loop
      vertex -14.607270415933376 12.119705963452596 1.2
      vertex -14.219195644468742 11.980850589924723 4.7
      vertex -14.607270415933376 12.119705963452596 4.7
    endloop
  endfacet
  facet normal -0.42755509343028314 -0.9039892931234428 0
    outer loop
      vertex -14.97986629466919 12.29593068973691 1.2
      vertex -14.607270415933376 12.119705963452596 4.7
      vertex -14.97986629466919 12.29593068973691 4.7
    endloop
  endfacet
  facet normal -0.24298017990326526 -0.9700312531945436 0
    outer loop
      vertex -14.219195644468742 11.980850589924723 1.2
      vertex -13.819379352467738 11.880701822306431 4.7
      vertex -14.219195644468742 11.980850589924723 4.7
    endloop
  endfacet
  facet normal -0.14673047445535867 -0.9891765099647815 0
    outer loop
      vertex -13.819379352467738 11.880701822306431 1.2
      vertex -13.411671989384155 11.820224147976774 4.7
      vertex -13.819379352467738 11.880701822306431 4.7
    endloop
  endfacet
  facet normal -0.0490676743274174 -0.9987954562051724 0
    outer loop
      vertex -13.411671989384155 11.820224147976774 1.2
      vertex -13 11.8 4.7
      vertex -13.411671989384155 11.820224147976774 4.7
    endloop
  endfacet
  facet normal 0.0490676743274174 -0.9987954562051724 0
    outer loop
      vertex -13 11.8 1.2
      vertex -12.588328010615845 11.820224147976774 4.7
      vertex -13 11.8 4.7
    endloop
  endfacet
  facet normal 0.14673047445535867 -0.9891765099647815 7.033590543700831e-19
    outer loop
      vertex -12.588328010615845 11.820224147976774 1.2
      vertex -12.180620647532262 11.880701822306431 1.2
      vertex -12.180620647532262 11.880701822306431 4.7
    endloop
  endfacet
  facet normal 0.24298017990326526 -0.9700312531945436 -1.2021188340708546e-18
    outer loop
      vertex -12.180620647532262 11.880701822306431 1.2
      vertex -11.780804355531258 11.980850589924723 1.2
      vertex -11.780804355531258 11.980850589924723 4.7
    endloop
  endfacet
  facet normal 0.3368898533922213 -0.9415440651830204 2.1910968416028468e-18
    outer loop
      vertex -11.780804355531258 11.980850589924723 1.2
      vertex -11.392729584066624 12.119705963452596 1.2
      vertex -11.392729584066624 12.119705963452596 4.7
    endloop
  endfacet
  facet normal 0.42755509343028314 -0.9039892931234428 -2.6015036946446894e-18
    outer loop
      vertex -11.392729584066624 12.119705963452596 1.2
      vertex -11.02013370533081 12.29593068973691 1.2
      vertex -11.02013370533081 12.29593068973691 4.7
    endloop
  endfacet
  facet normal 0.51410274419322 -0.8577286100002731 -7.469614205173018e-19
    outer loop
      vertex -11.02013370533081 12.29593068973691 1.2
      vertex -10.666605021317672 12.50782762832931 1.2
      vertex -10.666605021317672 12.50782762832931 4.7
    endloop
  endfacet
  facet normal 0.5956993044924337 -0.8032075314806445 -2.9804809202415322e-18
    outer loop
      vertex -10.666605021317672 12.50782762832931 1.2
      vertex -10.335548206512689 12.753356095876505 1.2
      vertex -10.335548206512689 12.753356095876505 4.7
    endloop
  endfacet
  facet normal 0.6715589548470149 -0.7409511253549624 -2.5571288939408778e-18
    outer loop
      vertex -10.335548206512689 12.753356095876505 1.2
      vertex -10.0301515190165 13.0301515190165 1.2
      vertex -10.0301515190165 13.0301515190165 4.7
    endloop
  endfacet
  facet normal 0.14673047445535867 -0.9891765099647815 0
    outer loop
      vertex -12.588328010615845 11.820224147976774 1.2
      vertex -12.180620647532262 11.880701822306431 4.7
      vertex -12.588328010615845 11.820224147976774 4.7
    endloop
  endfacet
  facet normal 0.24298017990326526 -0.9700312531945436 0
    outer loop
      vertex -12.180620647532262 11.880701822306431 1.2
      vertex -11.780804355531258 11.980850589924723 4.7
      vertex -12.180620647532262 11.880701822306431 4.7
    endloop
  endfacet
  facet normal 0.3368898533922213 -0.9415440651830204 0
    outer loop
      vertex -11.780804355531258 11.980850589924723 1.2
      vertex -11.392729584066624 12.119705963452596 4.7
      vertex -11.780804355531258 11.980850589924723 4.7
    endloop
  endfacet
  facet normal 0.42755509343028314 -0.9039892931234428 0
    outer loop
      vertex -11.392729584066624 12.119705963452596 1.2
      vertex -11.02013370533081 12.29593068973691 4.7
      vertex -11.392729584066624 12.119705963452596 4.7
    endloop
  endfacet
  facet normal 0.51410274419322 -0.8577286100002731 0
    outer loop
      vertex -11.02013370533081 12.29593068973691 1.2
      vertex -10.666605021317672 12.50782762832931 4.7
      vertex -11.02013370533081 12.29593068973691 4.7
    endloop
  endfacet
  facet normal 0.5956993044924337 -0.8032075314806445 0
    outer loop
      vertex -10.666605021317672 12.50782762832931 1.2
      vertex -10.335548206512689 12.753356095876505 4.7
      vertex -10.666605021317672 12.50782762832931 4.7
    endloop
  endfacet
  facet normal 0.6715589548470149 -0.7409511253549624 0
    outer loop
      vertex -10.335548206512689 12.753356095876505 1.2
      vertex -10.0301515190165 13.0301515190165 4.7
      vertex -10.335548206512689 12.753356095876505 4.7
    endloop
  endfacet
  facet normal 0 0 1
    outer loop
      vertex -16.246643904123495 13.335548206512689 4.7
      vertex -16.26111105734074 15.351324679296374 4.7
      vertex -16.308989216185054 15.674093008404212 4.7
    endloop
  endfacet
  facet normal 0 0 1
    outer loop
      vertex -15.664451793487311 12.753356095876505 4.7
      vertex -15.333394978682328 12.50782762832931 4.7
      vertex -15.570259757431101 13.89064233015588 4.7
    endloop
  endfacet
  facet normal 0 0 1
    outer loop
      vertex -15.333394978682328 12.50782762832931 4.7
      vertex -14.97986629466919 12.29593068973691 4.7
      vertex -15.10935766984412 13.429740242568899 4.7
    endloop
  endfacet
  facet normal 0 0 1
    outer loop
      vertex -15.9698484809835 13.0301515190165 4.7
      vertex -16.071899445600028 14.727577587386076 4.7
      vertex -16.246643904123495 13.335548206512689 4.7
    endloop
  endfacet
  facet normal 0 0 1
    outer loop
      vertex -15.9698484809835 13.0301515190165 4.7
      vertex -15.664451793487311 12.753356095876505 4.7
      vertex -15.764636460905963 14.152728975209822 4.7
    endloop
  endfacet
  facet normal 0 0 1
    outer loop
      vertex -15.9698484809835 13.0301515190165 4.7
      vertex -15.764636460905963 14.152728975209822 4.7
      vertex -15.932388203958281 14.432605850053557 4.7
    endloop
  endfacet
  facet normal 0 0 1
    outer loop
      vertex -15.664451793487311 12.753356095876505 4.7
      vertex -15.570259757431101 13.89064233015588 4.7
      vertex -15.764636460905963 14.152728975209822 4.7
    endloop
  endfacet
  facet normal 0 0 1
    outer loop
      vertex -16.246643904123495 13.335548206512689 4.7
      vertex -16.071899445600028 14.727577587386076 4.7
      vertex -16.181826616309593 15.034803448128912 4.7
    endloop
  endfacet
  facet normal 0 0 1
    outer loop
      vertex -15.9698484809835 13.0301515190165 4.7
      vertex -15.932388203958281 14.432605850053557 4.7
      vertex -16.071899445600028 14.727577587386076 4.7
    endloop
  endfacet
  facet normal 0 0 1
    outer loop
      vertex -16.246643904123495 13.335548206512689 4.7
      vertex -16.181826616309593 15.034803448128912 4.7
      vertex -16.26111105734074 15.351324679296374 4.7
    endloop
  endfacet
  facet normal 0 0 1
    outer loop
      vertex -15.333394978682328 12.50782762832931 4.7
      vertex -15.35113004744527 13.64886995255473 4.7
      vertex -15.570259757431101 13.89064233015588 4.7
    endloop
  endfacet
  facet normal 0 0 1
    outer loop
      vertex -15.333394978682328 12.50782762832931 4.7
      vertex -15.10935766984412 13.429740242568899 4.7
      vertex -15.35113004744527 13.64886995255473 4.7
    endloop
  endfacet
  facet normal 0 0 1
    outer loop
      vertex -14.607270415933376 12.119705963452596 4.7
      vertex -14.847271024790178 13.235363539094037 4.7
      vertex -14.97986629466919 12.29593068973691 4.7
    endloop
  endfacet
  facet normal 0 0 1
    outer loop
      vertex -14.97986629466919 12.29593068973691 4.7
      vertex -14.847271024790178 13.235363539094037 4.7
      vertex -15.10935766984412 13.429740242568899 4.7
    endloop
  endfacet
  facet normal 0 0 1
    outer loop
      vertex -14.607270415933376 12.119705963452596 4.7
      vertex -14.567394149946443 13.067611796041719 4.7
      vertex -14.847271024790178 13.235363539094037 4.7
    endloop
  endfacet
  facet normal 0 0 1
    outer loop
      vertex -14.607270415933376 12.119705963452596 4.7
      vertex -14.272422412613924 12.928100554399972 4.7
      vertex -14.567394149946443 13.067611796041719 4.7
    endloop
  endfacet
  facet normal 0 0 1
    outer loop
      vertex -14.607270415933376 12.119705963452596 4.7
      vertex -14.219195644468742 11.980850589924723 4.7
      vertex -14.272422412613924 12.928100554399972 4.7
    endloop
  endfacet
  facet normal 0 0 1
    outer loop
      vertex -14.219195644468742 11.980850589924723 4.7
      vertex -13.965196551871088 12.818173383690405 4.7
      vertex -14.272422412613924 12.928100554399972 4.7
    endloop
  endfacet
  facet normal 0 0 1
    outer loop
      vertex -14.219195644468742 11.980850589924723 4.7
      vertex -13.819379352467738 11.880701822306431 4.7
      vertex -13.965196551871088 12.818173383690405 4.7
    endloop
  endfacet
  facet normal 0 0 1
    outer loop
      vertex -13.819379352467738 11.880701822306431 4.7
      vertex -13.648675320703626 12.738888942659258 4.7
      vertex -13.965196551871088 12.818173383690405 4.7
    endloop
  endfacet
  facet normal 0 0 1
    outer loop
      vertex -13.819379352467738 11.880701822306431 4.7
      vertex -13.411671989384155 11.820224147976774 4.7
      vertex -13.648675320703626 12.738888942659258 4.7
    endloop
  endfacet
  facet normal 0 0 1
    outer loop
      vertex -13.411671989384155 11.820224147976774 4.7
      vertex -13 11.8 4.7
      vertex -13.325906991595788 12.691010783814946 4.7
    endloop
  endfacet
  facet normal 0 0 1
    outer loop
      vertex -13.411671989384155 11.820224147976774 4.7
      vertex -13.325906991595788 12.691010783814946 4.7
      vertex -13.648675320703626 12.738888942659258 4.7
    endloop
  endfacet
  facet normal 0 0 1
    outer loop
      vertex -13 11.8 4.7
      vertex -12.588328010615845 11.820224147976774 4.7
      vertex -13 12.675 4.7
    endloop
  endfacet
  facet normal 0 0 1
    outer loop
      vertex -13 11.8 4.7
      vertex -13 12.675 4.7
      vertex -13.325906991595788 12.691010783814946 4.7
    endloop
  endfacet
  facet normal 0 0 1
    outer loop
      vertex -12.588328010615845 11.820224147976774 4.7
      vertex -12.674093008404212 12.691010783814946 4.7
      vertex -13 12.675 4.7
    endloop
  endfacet
  facet normal 0 0 1
    outer loop
      vertex -12.588328010615845 11.820224147976774 4.7
      vertex -12.180620647532262 11.880701822306431 4.7
      vertex -12.674093008404212 12.691010783814946 4.7
    endloop
  endfacet
  facet normal 0 0 1
    outer loop
      vertex -12.180620647532262 11.880701822306431 4.7
      vertex -12.351324679296374 12.738888942659258 4.7
      vertex -12.674093008404212 12.691010783814946 4.7
    endloop
  endfacet
  facet normal 0 0 1
    outer loop
      vertex -12.180620647532262 11.880701822306431 4.7
      vertex -11.780804355531258 11.980850589924723 4.7
      vertex -12.351324679296374 12.738888942659258 4.7
    endloop
  endfacet
  facet normal 0 0 1
    outer loop
      vertex -11.780804355531258 11.980850589924723 4.7
      vertex -12.034803448128912 12.818173383690405 4.7
      vertex -12.351324679296374 12.738888942659258 4.7
    endloop
  endfacet
  facet normal 0 0 1
    outer loop
      vertex -11.780804355531258 11.980850589924723 4.7
      vertex -11.392729584066624 12.119705963452596 4.7
      vertex -12.034803448128912 12.818173383690405 4.7
    endloop
  endfacet
  facet normal 0 0 1
    outer loop
      vertex -11.392729584066624 12.119705963452596 4.7
      vertex -11.727577587386076 12.928100554399972 4.7
      vertex -12.034803448128912 12.818173383690405 4.7
    endloop
  endfacet
  facet normal 0 0 1
    outer loop
      vertex -11.392729584066624 12.119705963452596 4.7
      vertex -11.02013370533081 12.29593068973691 4.7
      vertex -11.432605850053557 13.067611796041719 4.7
    endloop
  endfacet
  facet normal 0 0 1
    outer loop
      vertex -11.392729584066624 12.119705963452596 4.7
      vertex -11.432605850053557 13.067611796041719 4.7
      vertex -11.727577587386076 12.928100554399972 4.7
    endloop
  endfacet
  facet normal 0 0 1
    outer loop
      vertex -11.02013370533081 12.29593068973691 4.7
      vertex -11.152728975209822 13.235363539094037 4.7
      vertex -11.432605850053557 13.067611796041719 4.7
    endloop
  endfacet
  facet normal 0 0 1
    outer loop
      vertex -11.02013370533081 12.29593068973691 4.7
      vertex -10.666605021317672 12.50782762832931 4.7
      vertex -11.152728975209822 13.235363539094037 4.7
    endloop
  endfacet
  facet normal 0 0 1
    outer loop
      vertex -10.666605021317672 12.50782762832931 4.7
      vertex -10.89064233015588 13.429740242568899 4.7
      vertex -11.152728975209822 13.235363539094037 4.7
    endloop
  endfacet
  facet normal 0 0 1
    outer loop
      vertex -10.666605021317672 12.50782762832931 4.7
      vertex -10.335548206512689 12.753356095876505 4.7
      vertex -10.89064233015588 13.429740242568899 4.7
    endloop
  endfacet
  facet normal 0 0 1
    outer loop
      vertex -10.335548206512689 12.753356095876505 4.7
      vertex -10.64886995255473 13.64886995255473 4.7
      vertex -10.89064233015588 13.429740242568899 4.7
    endloop
  endfacet
  facet normal 0 0 1
    outer loop
      vertex -10.335548206512689 12.753356095876505 4.7
      vertex -10.429740242568899 13.89064233015588 4.7
      vertex -10.64886995255473 13.64886995255473 4.7
    endloop
  endfacet
  facet normal 0 0 1
    outer loop
      vertex -10.335548206512689 12.753356095876505 4.7
      vertex -10.0301515190165 13.0301515190165 4.7
      vertex -10.429740242568899 13.89064233015588 4.7
    endloop
  endfacet
  facet normal 0 0 1
    outer loop
      vertex -10.0301515190165 13.0301515190165 4.7
      vertex -10.235363539094037 14.152728975209822 4.7
      vertex -10.429740242568899 13.89064233015588 4.7
    endloop
  endfacet
  facet normal 0 0 1
    outer loop
      vertex -10.0301515190165 13.0301515190165 4.7
      vertex -10.067611796041719 14.432605850053557 4.7
      vertex -10.235363539094037 14.152728975209822 4.7
    endloop
  endfacet
  facet normal -0.9987954562051724 -0.0490676743274174 -3.1234815790227687e-19
    outer loop
      vertex -17.179775852023226 15.588328010615845 1.2
      vertex -17.2 16 4.7
      vertex -17.2 16 1.2
    endloop
  endfacet
  facet normal -0.9700312531945448 -0.2429801799032612 -1.910108804547705e-18
    outer loop
      vertex -17.01914941007528 14.780804355531258 1.2
      vertex -17.11929817769357 15.180620647532262 4.7
      vertex -17.11929817769357 15.180620647532262 1.2
    endloop
  endfacet
  facet normal -0.9891765099647815 -0.14673047445535867 -7.033590543700831e-19
    outer loop
      vertex -17.11929817769357 15.180620647532262 1.2
      vertex -17.179775852023226 15.588328010615845 4.7
      vertex -17.179775852023226 15.588328010615845 1.2
    endloop
  endfacet
  facet normal -0.9987954562051724 0.049067674327417606 -5.40863343500387e-19
    outer loop
      vertex -17.2 16 1.2
      vertex -17.179775852023226 16.411671989384153 4.7
      vertex -17.179775852023226 16.411671989384153 1.2
    endloop
  endfacet
  facet normal -0.9891765099647816 0.14673047445535806 6.18147652662814e-19
    outer loop
      vertex -17.179775852023226 16.411671989384153 1.2
      vertex -17.11929817769357 16.819379352467738 4.7
      vertex -17.11929817769357 16.819379352467738 1.2
    endloop
  endfacet
  facet normal -0.9700312531945444 0.24298017990326223 -1.1590944124660452e-18
    outer loop
      vertex -17.11929817769357 16.819379352467738 1.2
      vertex -17.01914941007528 17.21919564446874 4.7
      vertex -17.01914941007528 17.21919564446874 1.2
    endloop
  endfacet
  facet normal -0.94154406518302 0.3368898533922224 -4.972617206616855e-19
    outer loop
      vertex -17.01914941007528 17.21919564446874 1.2
      vertex -16.880294036547404 17.607270415933378 4.7
      vertex -16.880294036547404 17.607270415933378 1.2
    endloop
  endfacet
  facet normal -0.903989293123442 0.4275550934302848 1.662440580006726e-18
    outer loop
      vertex -16.880294036547404 17.607270415933378 1.2
      vertex -16.70406931026309 17.97986629466919 4.7
      vertex -16.70406931026309 17.97986629466919 1.2
    endloop
  endfacet
  facet normal -0.8577286100002731 0.51410274419322 -7.469614205173018e-19
    outer loop
      vertex -16.70406931026309 17.97986629466919 1.2
      vertex -16.49217237167069 18.33339497868233 4.7
      vertex -16.49217237167069 18.33339497868233 1.2
    endloop
  endfacet
  facet normal -0.803207531480643 0.5956993044924358 2.5256152808135677e-18
    outer loop
      vertex -16.49217237167069 18.33339497868233 1.2
      vertex -16.246643904123495 18.66445179348731 4.7
      vertex -16.246643904123495 18.66445179348731 1.2
    endloop
  endfacet
  facet normal -0.9891765099647815 -0.14673047445535867 0
    outer loop
      vertex -17.11929817769357 15.180620647532262 1.2
      vertex -17.11929817769357 15.180620647532262 4.7
      vertex -17.179775852023226 15.588328010615845 4.7
    endloop
  endfacet
  facet normal -0.9987954562051724 -0.0490676743274174 0
    outer loop
      vertex -17.179775852023226 15.588328010615845 1.2
      vertex -17.179775852023226 15.588328010615845 4.7
      vertex -17.2 16 4.7
    endloop
  endfacet
  facet normal -0.9987954562051724 0.049067674327417606 0
    outer loop
      vertex -17.2 16 1.2
      vertex -17.2 16 4.7
      vertex -17.179775852023226 16.411671989384153 4.7
    endloop
  endfacet
  facet normal -0.9891765099647816 0.14673047445535806 0
    outer loop
      vertex -17.179775852023226 16.411671989384153 1.2
      vertex -17.179775852023226 16.411671989384153 4.7
      vertex -17.11929817769357 16.819379352467738 4.7
    endloop
  endfacet
  facet normal -0.9700312531945444 0.24298017990326223 0
    outer loop
      vertex -17.11929817769357 16.819379352467738 1.2
      vertex -17.11929817769357 16.819379352467738 4.7
      vertex -17.01914941007528 17.21919564446874 4.7
    endloop
  endfacet
  facet normal -0.94154406518302 0.3368898533922224 0
    outer loop
      vertex -17.01914941007528 17.21919564446874 1.2
      vertex -17.01914941007528 17.21919564446874 4.7
      vertex -16.880294036547404 17.607270415933378 4.7
    endloop
  endfacet
  facet normal -0.903989293123442 0.4275550934302848 0
    outer loop
      vertex -16.880294036547404 17.607270415933378 1.2
      vertex -16.880294036547404 17.607270415933378 4.7
      vertex -16.70406931026309 17.97986629466919 4.7
    endloop
  endfacet
  facet normal -0.8577286100002731 0.51410274419322 0
    outer loop
      vertex -16.70406931026309 17.97986629466919 1.2
      vertex -16.70406931026309 17.97986629466919 4.7
      vertex -16.49217237167069 18.33339497868233 4.7
    endloop
  endfacet
  facet normal -0.803207531480643 0.5956993044924358 0
    outer loop
      vertex -16.49217237167069 18.33339497868233 1.2
      vertex -16.49217237167069 18.33339497868233 4.7
      vertex -16.246643904123495 18.66445179348731 4.7
    endloop
  endfacet
  facet normal -0.7409511253549643 0.6715589548470127 1.5777058723731802e-18
    outer loop
      vertex -16.246643904123495 18.66445179348731 1.2
      vertex -15.9698484809835 18.9698484809835 4.7
      vertex -15.9698484809835 18.9698484809835 1.2
    endloop
  endfacet
  facet normal -0.6715589548470149 0.7409511253549624 0
    outer loop
      vertex -15.9698484809835 18.9698484809835 1.2
      vertex -15.9698484809835 18.9698484809835 4.7
      vertex -15.664451793487311 19.246643904123495 1.2
    endloop
  endfacet
  facet normal -0.5956993044924337 0.8032075314806445 0
    outer loop
      vertex -15.664451793487311 19.246643904123495 1.2
      vertex -15.664451793487311 19.246643904123495 4.7
      vertex -15.333394978682328 19.49217237167069 1.2
    endloop
  endfacet
  facet normal -0.51410274419322 0.8577286100002731 0
    outer loop
      vertex -15.333394978682328 19.49217237167069 1.2
      vertex -15.333394978682328 19.49217237167069 4.7
      vertex -14.97986629466919 19.70406931026309 1.2
    endloop
  endfacet
  facet normal -0.7409511253549643 0.6715589548470127 0
    outer loop
      vertex -16.246643904123495 18.66445179348731 1.2
      vertex -16.246643904123495 18.66445179348731 4.7
      vertex -15.9698484809835 18.9698484809835 4.7
    endloop
  endfacet
  facet normal -0.6715589548470149 0.7409511253549624 0
    outer loop
      vertex -15.664451793487311 19.246643904123495 1.2
      vertex -15.9698484809835 18.9698484809835 4.7
      vertex -15.664451793487311 19.246643904123495 4.7
    endloop
  endfacet
  facet normal -0.5956993044924337 0.8032075314806445 0
    outer loop
      vertex -15.333394978682328 19.49217237167069 1.2
      vertex -15.664451793487311 19.246643904123495 4.7
      vertex -15.333394978682328 19.49217237167069 4.7
    endloop
  endfacet
  facet normal -0.51410274419322 0.8577286100002731 0
    outer loop
      vertex -14.97986629466919 19.70406931026309 1.2
      vertex -15.333394978682328 19.49217237167069 4.7
      vertex -14.97986629466919 19.70406931026309 4.7
    endloop
  endfacet
  facet normal -0.42755509343028314 0.9039892931234428 0
    outer loop
      vertex -14.97986629466919 19.70406931026309 1.2
      vertex -14.97986629466919 19.70406931026309 4.7
      vertex -14.607270415933376 19.880294036547404 1.2
    endloop
  endfacet
  facet normal -0.33688985339222505 0.9415440651830189 0
    outer loop
      vertex -14.607270415933376 19.880294036547404 1.2
      vertex -14.607270415933376 19.880294036547404 4.7
      vertex -14.219195644468742 20.01914941007528 1.2
    endloop
  endfacet
  facet normal -0.2429801799032612 0.9700312531945448 0
    outer loop
      vertex -14.219195644468742 20.01914941007528 1.2
      vertex -14.219195644468742 20.01914941007528 4.7
      vertex -13.819379352467738 20.11929817769357 1.2
    endloop
  endfacet
  facet normal -0.14673047445535867 0.9891765099647815 0
    outer loop
      vertex -13.819379352467738 20.11929817769357 1.2
      vertex -13.819379352467738 20.11929817769357 4.7
      vertex -13.411671989384155 20.179775852023226 1.2
    endloop
  endfacet
  facet normal -0.0490676743274174 0.9987954562051724 0
    outer loop
      vertex -13.411671989384155 20.179775852023226 1.2
      vertex -13.411671989384155 20.179775852023226 4.7
      vertex -13 20.2 1.2
    endloop
  endfacet
  facet normal 0.0490676743274174 0.9987954562051724 0
    outer loop
      vertex -13 20.2 1.2
      vertex -13 20.2 4.7
      vertex -12.588328010615845 20.179775852023226 1.2
    endloop
  endfacet
  facet normal -0.42755509343028314 0.9039892931234428 0
    outer loop
      vertex -14.607270415933376 19.880294036547404 1.2
      vertex -14.97986629466919 19.70406931026309 4.7
      vertex -14.607270415933376 19.880294036547404 4.7
    endloop
  endfacet
  facet normal -0.33688985339222505 0.9415440651830189 0
    outer loop
      vertex -14.219195644468742 20.01914941007528 1.2
      vertex -14.607270415933376 19.880294036547404 4.7
      vertex -14.219195644468742 20.01914941007528 4.7
    endloop
  endfacet
  facet normal -0.2429801799032612 0.9700312531945448 0
    outer loop
      vertex -13.819379352467738 20.11929817769357 1.2
      vertex -14.219195644468742 20.01914941007528 4.7
      vertex -13.819379352467738 20.11929817769357 4.7
    endloop
  endfacet
  facet normal -0.14673047445535867 0.9891765099647815 0
    outer loop
      vertex -13.411671989384155 20.179775852023226 1.2
      vertex -13.819379352467738 20.11929817769357 4.7
      vertex -13.411671989384155 20.179775852023226 4.7
    endloop
  endfacet
  facet normal -0.0490676743274174 0.9987954562051724 0
    outer loop
      vertex -13 20.2 1.2
      vertex -13.411671989384155 20.179775852023226 4.7
      vertex -13 20.2 4.7
    endloop
  endfacet
  facet normal 0.0490676743274174 0.9987954562051724 0
    outer loop
      vertex -12.588328010615845 20.179775852023226 1.2
      vertex -13 20.2 4.7
      vertex -12.588328010615845 20.179775852023226 4.7
    endloop
  endfacet
  facet normal 0.14673047445535867 0.9891765099647815 0
    outer loop
      vertex -12.588328010615845 20.179775852023226 1.2
      vertex -12.588328010615845 20.179775852023226 4.7
      vertex -12.180620647532262 20.11929817769357 1.2
    endloop
  endfacet
  facet normal 0.2429801799032612 0.9700312531945448 0
    outer loop
      vertex -12.180620647532262 20.11929817769357 1.2
      vertex -12.180620647532262 20.11929817769357 4.7
      vertex -11.780804355531258 20.01914941007528 1.2
    endloop
  endfacet
  facet normal 0.33688985339222505 0.9415440651830189 0
    outer loop
      vertex -11.780804355531258 20.01914941007528 1.2
      vertex -11.780804355531258 20.01914941007528 4.7
      vertex -11.392729584066624 19.880294036547404 1.2
    endloop
  endfacet
  facet normal 0.42755509343028314 0.9039892931234428 0
    outer loop
      vertex -11.392729584066624 19.880294036547404 1.2
      vertex -11.392729584066624 19.880294036547404 4.7
      vertex -11.02013370533081 19.70406931026309 1.2
    endloop
  endfacet
  facet normal 0.51410274419322 0.8577286100002731 7.469614205173018e-19
    outer loop
      vertex -10.666605021317672 19.49217237167069 1.2
      vertex -11.02013370533081 19.70406931026309 1.2
      vertex -11.02013370533081 19.70406931026309 4.7
    endloop
  endfacet
  facet normal 0.5956993044924337 0.8032075314806445 0
    outer loop
      vertex -10.666605021317672 19.49217237167069 1.2
      vertex -10.666605021317672 19.49217237167069 4.7
      vertex -10.335548206512689 19.246643904123495 1.2
    endloop
  endfacet
  facet normal 0.6715589548470149 0.7409511253549624 0
    outer loop
      vertex -10.335548206512689 19.246643904123495 1.2
      vertex -10.335548206512689 19.246643904123495 4.7
      vertex -10.0301515190165 18.9698484809835 1.2
    endloop
  endfacet
  facet normal 0.14673047445535867 0.9891765099647815 0
    outer loop
      vertex -12.180620647532262 20.11929817769357 1.2
      vertex -12.588328010615845 20.179775852023226 4.7
      vertex -12.180620647532262 20.11929817769357 4.7
    endloop
  endfacet
  facet normal 0.2429801799032612 0.9700312531945448 0
    outer loop
      vertex -11.780804355531258 20.01914941007528 1.2
      vertex -12.180620647532262 20.11929817769357 4.7
      vertex -11.780804355531258 20.01914941007528 4.7
    endloop
  endfacet
  facet normal 0.33688985339222505 0.9415440651830189 0
    outer loop
      vertex -11.392729584066624 19.880294036547404 1.2
      vertex -11.780804355531258 20.01914941007528 4.7
      vertex -11.392729584066624 19.880294036547404 4.7
    endloop
  endfacet
  facet normal 0.51410274419322 0.8577286100002731 0
    outer loop
      vertex -10.666605021317672 19.49217237167069 1.2
      vertex -11.02013370533081 19.70406931026309 4.7
      vertex -10.666605021317672 19.49217237167069 4.7
    endloop
  endfacet
  facet normal 0.42755509343028314 0.9039892931234428 0
    outer loop
      vertex -11.02013370533081 19.70406931026309 1.2
      vertex -11.392729584066624 19.880294036547404 4.7
      vertex -11.02013370533081 19.70406931026309 4.7
    endloop
  endfacet
  facet normal 0.5956993044924337 0.8032075314806445 0
    outer loop
      vertex -10.335548206512689 19.246643904123495 1.2
      vertex -10.666605021317672 19.49217237167069 4.7
      vertex -10.335548206512689 19.246643904123495 4.7
    endloop
  endfacet
  facet normal 0.6715589548470149 0.7409511253549624 0
    outer loop
      vertex -10.0301515190165 18.9698484809835 1.2
      vertex -10.335548206512689 19.246643904123495 4.7
      vertex -10.0301515190165 18.9698484809835 4.7
    endloop
  endfacet
  facet normal 0 0 1
    outer loop
      vertex -16.880294036547404 14.392729584066624 4.7
      vertex -17.01914941007528 17.21919564446874 4.7
      vertex -17.01914941007528 14.780804355531258 4.7
    endloop
  endfacet
  facet normal 0 0 1
    outer loop
      vertex -17.01914941007528 14.780804355531258 4.7
      vertex -17.11929817769357 16.819379352467738 4.7
      vertex -17.11929817769357 15.180620647532262 4.7
    endloop
  endfacet
  facet normal 0 0 1
    outer loop
      vertex -17.11929817769357 15.180620647532262 4.7
      vertex -17.179775852023226 16.411671989384153 4.7
      vertex -17.179775852023226 15.588328010615845 4.7
    endloop
  endfacet
  facet normal 0 0 1
    outer loop
      vertex -17.179775852023226 15.588328010615845 4.7
      vertex -17.179775852023226 16.411671989384153 4.7
      vertex -17.2 16 4.7
    endloop
  endfacet
  facet normal 0 0 1
    outer loop
      vertex -17.11929817769357 15.180620647532262 4.7
      vertex -17.11929817769357 16.819379352467738 4.7
      vertex -17.179775852023226 16.411671989384153 4.7
    endloop
  endfacet
  facet normal 0 0 1
    outer loop
      vertex -17.01914941007528 14.780804355531258 4.7
      vertex -17.01914941007528 17.21919564446874 4.7
      vertex -17.11929817769357 16.819379352467738 4.7
    endloop
  endfacet
  facet normal 0 0 1
    outer loop
      vertex -16.880294036547404 14.392729584066624 4.7
      vertex -16.880294036547404 17.607270415933378 4.7
      vertex -17.01914941007528 17.21919564446874 4.7
    endloop
  endfacet
  facet normal 0 0 1
    outer loop
      vertex -16.880294036547404 14.392729584066624 4.7
      vertex -16.70406931026309 14.02013370533081 4.7
      vertex -16.880294036547404 17.607270415933378 4.7
    endloop
  endfacet
  facet normal 0 0 1
    outer loop
      vertex -16.70406931026309 14.02013370533081 4.7
      vertex -16.49217237167069 13.666605021317672 4.7
      vertex -16.70406931026309 17.97986629466919 4.7
    endloop
  endfacet
  facet normal 0 0 1
    outer loop
      vertex -16.49217237167069 13.666605021317672 4.7
      vertex -16.246643904123495 13.335548206512689 4.7
      vertex -16.49217237167069 18.33339497868233 4.7
    endloop
  endfacet
  facet normal 0 0 1
    outer loop
      vertex -16.246643904123495 13.335548206512689 4.7
      vertex -16.308989216185054 15.674093008404212 4.7
      vertex -16.325 16 4.7
    endloop
  endfacet
  facet normal 0 0 1
    outer loop
      vertex -16.246643904123495 13.335548206512689 4.7
      vertex -16.325 16 4.7
      vertex -16.49217237167069 18.33339497868233 4.7
    endloop
  endfacet
  facet normal 0 0 1
    outer loop
      vertex -16.70406931026309 14.02013370533081 4.7
      vertex -16.70406931026309 17.97986629466919 4.7
      vertex -16.880294036547404 17.607270415933378 4.7
    endloop
  endfacet
  facet normal 0 0 1
    outer loop
      vertex -16.49217237167069 13.666605021317672 4.7
      vertex -16.49217237167069 18.33339497868233 4.7
      vertex -16.70406931026309 17.97986629466919 4.7
    endloop
  endfacet
  facet normal 0 0 1
    outer loop
      vertex -16.49217237167069 18.33339497868233 4.7
      vertex -16.325 16 4.7
      vertex -16.308989216185054 16.32590699159579 4.7
    endloop
  endfacet
  facet normal 0 0 1
    outer loop
      vertex -16.49217237167069 18.33339497868233 4.7
      vertex -16.308989216185054 16.32590699159579 4.7
      vertex -16.26111105734074 16.648675320703628 4.7
    endloop
  endfacet
  facet normal 0 0 1
    outer loop
      vertex -16.49217237167069 18.33339497868233 4.7
      vertex -16.26111105734074 16.648675320703628 4.7
      vertex -16.181826616309593 16.965196551871088 4.7
    endloop
  endfacet
  facet normal 0 0 1
    outer loop
      vertex -16.49217237167069 18.33339497868233 4.7
      vertex -16.181826616309593 16.965196551871088 4.7
      vertex -16.246643904123495 18.66445179348731 4.7
    endloop
  endfacet
  facet normal 0 0 1
    outer loop
      vertex -16.246643904123495 18.66445179348731 4.7
      vertex -16.181826616309593 16.965196551871088 4.7
      vertex -16.071899445600028 17.272422412613924 4.7
    endloop
  endfacet
  facet normal 0 0 1
    outer loop
      vertex -16.246643904123495 18.66445179348731 4.7
      vertex -16.071899445600028 17.272422412613924 4.7
      vertex -15.932388203958281 17.56739414994644 4.7
    endloop
  endfacet
  facet normal 0 0 1
    outer loop
      vertex -16.246643904123495 18.66445179348731 4.7
      vertex -15.932388203958281 17.56739414994644 4.7
      vertex -15.9698484809835 18.9698484809835 4.7
    endloop
  endfacet
  facet normal 0 0 1
    outer loop
      vertex -15.9698484809835 18.9698484809835 4.7
      vertex -15.932388203958281 17.56739414994644 4.7
      vertex -15.764636460905963 17.847271024790178 4.7
    endloop
  endfacet
  facet normal 0 0 1
    outer loop
      vertex -15.9698484809835 18.9698484809835 4.7
      vertex -15.764636460905963 17.847271024790178 4.7
      vertex -15.570259757431101 18.109357669844123 4.7
    endloop
  endfacet
  facet normal 0 0 1
    outer loop
      vertex -15.664451793487311 19.246643904123495 4.7
      vertex -15.570259757431101 18.109357669844123 4.7
      vertex -15.35113004744527 18.35113004744527 4.7
    endloop
  endfacet
  facet normal 0 0 1
    outer loop
      vertex -15.664451793487311 19.246643904123495 4.7
      vertex -15.35113004744527 18.35113004744527 4.7
      vertex -15.10935766984412 18.5702597574311 4.7
    endloop
  endfacet
  facet normal 0 0 1
    outer loop
      vertex -15.9698484809835 18.9698484809835 4.7
      vertex -15.570259757431101 18.109357669844123 4.7
      vertex -15.664451793487311 19.246643904123495 4.7
    endloop
  endfacet
  facet normal 0 0 1
    outer loop
      vertex -15.664451793487311 19.246643904123495 4.7
      vertex -15.10935766984412 18.5702597574311 4.7
      vertex -15.333394978682328 19.49217237167069 4.7
    endloop
  endfacet
  facet normal 0 0 1
    outer loop
      vertex -15.333394978682328 19.49217237167069 4.7
      vertex -15.10935766984412 18.5702597574311 4.7
      vertex -14.847271024790178 18.76463646090596 4.7
    endloop
  endfacet
  facet normal 0 0 1
    outer loop
      vertex -15.333394978682328 19.49217237167069 4.7
      vertex -14.847271024790178 18.76463646090596 4.7
      vertex -14.97986629466919 19.70406931026309 4.7
    endloop
  endfacet
  facet normal 0 0 1
    outer loop
      vertex -14.97986629466919 19.70406931026309 4.7
      vertex -14.847271024790178 18.76463646090596 4.7
      vertex -14.567394149946443 18.93238820395828 4.7
    endloop
  endfacet
  facet normal 0 0 1
    outer loop
      vertex -14.97986629466919 19.70406931026309 4.7
      vertex -14.567394149946443 18.93238820395828 4.7
      vertex -14.607270415933376 19.880294036547404 4.7
    endloop
  endfacet
  facet normal 0 0 1
    outer loop
      vertex -14.607270415933376 19.880294036547404 4.7
      vertex -14.567394149946443 18.93238820395828 4.7
      vertex -14.272422412613924 19.071899445600028 4.7
    endloop
  endfacet
  facet normal 0 0 1
    outer loop
      vertex -14.607270415933376 19.880294036547404 4.7
      vertex -14.272422412613924 19.071899445600028 4.7
      vertex -13.965196551871088 19.181826616309593 4.7
    endloop
  endfacet
  facet normal 0 0 1
    outer loop
      vertex -14.219195644468742 20.01914941007528 4.7
      vertex -13.965196551871088 19.181826616309593 4.7
      vertex -13.648675320703626 19.26111105734074 4.7
    endloop
  endfacet
  facet normal 0 0 1
    outer loop
      vertex -14.607270415933376 19.880294036547404 4.7
      vertex -13.965196551871088 19.181826616309593 4.7
      vertex -14.219195644468742 20.01914941007528 4.7
    endloop
  endfacet
  facet normal 0 0 1
    outer loop
      vertex -14.219195644468742 20.01914941007528 4.7
      vertex -13.648675320703626 19.26111105734074 4.7
      vertex -13.819379352467738 20.11929817769357 4.7
    endloop
  endfacet
  facet normal 0 0 1
    outer loop
      vertex -13.819379352467738 20.11929817769357 4.7
      vertex -13.648675320703626 19.26111105734074 4.7
      vertex -13.325906991595788 19.308989216185054 4.7
    endloop
  endfacet
  facet normal 0 0 1
    outer loop
      vertex -13.411671989384155 20.179775852023226 4.7
      vertex -13.325906991595788 19.308989216185054 4.7
      vertex -13 19.325 4.7
    endloop
  endfacet
  facet normal 0 0 1
    outer loop
      vertex -13.819379352467738 20.11929817769357 4.7
      vertex -13.325906991595788 19.308989216185054 4.7
      vertex -13.411671989384155 20.179775852023226 4.7
    endloop
  endfacet
  facet normal 0 0 1
    outer loop
      vertex -13.411671989384155 20.179775852023226 4.7
      vertex -13 19.325 4.7
      vertex -13 20.2 4.7
    endloop
  endfacet
  facet normal 0 0 1
    outer loop
      vertex -13 20.2 4.7
      vertex -13 19.325 4.7
      vertex -12.674093008404212 19.308989216185054 4.7
    endloop
  endfacet
  facet normal 0 0 1
    outer loop
      vertex -12.588328010615845 20.179775852023226 4.7
      vertex -12.674093008404212 19.308989216185054 4.7
      vertex -12.351324679296374 19.26111105734074 4.7
    endloop
  endfacet
  facet normal 0 0 1
    outer loop
      vertex -13 20.2 4.7
      vertex -12.674093008404212 19.308989216185054 4.7
      vertex -12.588328010615845 20.179775852023226 4.7
    endloop
  endfacet
  facet normal 0 0 1
    outer loop
      vertex -10.666605021317672 19.49217237167069 4.7
      vertex -10.64886995255473 18.35113004744527 4.7
      vertex -10.429740242568899 18.109357669844123 4.7
    endloop
  endfacet
  facet normal 0 0 1
    outer loop
      vertex -10.335548206512689 19.246643904123495 4.7
      vertex -10.429740242568899 18.109357669844123 4.7
      vertex -10.235363539094037 17.847271024790178 4.7
    endloop
  endfacet
  facet normal 0 0 1
    outer loop
      vertex -10.0301515190165 18.9698484809835 4.7
      vertex -10.067611796041719 17.56739414994644 4.7
      vertex -9.928100554399972 17.272422412613924 4.7
    endloop
  endfacet
  facet normal 0 0 1
    outer loop
      vertex -10.0301515190165 18.9698484809835 4.7
      vertex -10.235363539094037 17.847271024790178 4.7
      vertex -10.067611796041719 17.56739414994644 4.7
    endloop
  endfacet
  facet normal 0 0 1
    outer loop
      vertex -10.335548206512689 19.246643904123495 4.7
      vertex -10.235363539094037 17.847271024790178 4.7
      vertex -10.0301515190165 18.9698484809835 4.7
    endloop
  endfacet
  facet normal 0 0 1
    outer loop
      vertex -12.180620647532262 20.11929817769357 4.7
      vertex -12.351324679296374 19.26111105734074 4.7
      vertex -12.034803448128912 19.181826616309593 4.7
    endloop
  endfacet
  facet normal 0 0 1
    outer loop
      vertex -12.588328010615845 20.179775852023226 4.7
      vertex -12.351324679296374 19.26111105734074 4.7
      vertex -12.180620647532262 20.11929817769357 4.7
    endloop
  endfacet
  facet normal 0 0 1
    outer loop
      vertex -12.180620647532262 20.11929817769357 4.7
      vertex -12.034803448128912 19.181826616309593 4.7
      vertex -11.780804355531258 20.01914941007528 4.7
    endloop
  endfacet
  facet normal 0 0 1
    outer loop
      vertex -11.780804355531258 20.01914941007528 4.7
      vertex -12.034803448128912 19.181826616309593 4.7
      vertex -11.727577587386076 19.071899445600028 4.7
    endloop
  endfacet
  facet normal 0 0 1
    outer loop
      vertex -11.780804355531258 20.01914941007528 4.7
      vertex -11.727577587386076 19.071899445600028 4.7
      vertex -11.392729584066624 19.880294036547404 4.7
    endloop
  endfacet
  facet normal 0 0 1
    outer loop
      vertex -11.392729584066624 19.880294036547404 4.7
      vertex -11.432605850053557 18.93238820395828 4.7
      vertex -11.152728975209822 18.76463646090596 4.7
    endloop
  endfacet
  facet normal 0 0 1
    outer loop
      vertex -11.392729584066624 19.880294036547404 4.7
      vertex -11.727577587386076 19.071899445600028 4.7
      vertex -11.432605850053557 18.93238820395828 4.7
    endloop
  endfacet
  facet normal 0 0 1
    outer loop
      vertex -11.02013370533081 19.70406931026309 4.7
      vertex -11.152728975209822 18.76463646090596 4.7
      vertex -10.89064233015588 18.5702597574311 4.7
    endloop
  endfacet
  facet normal 0 0 1
    outer loop
      vertex -11.392729584066624 19.880294036547404 4.7
      vertex -11.152728975209822 18.76463646090596 4.7
      vertex -11.02013370533081 19.70406931026309 4.7
    endloop
  endfacet
  facet normal 0 0 1
    outer loop
      vertex -10.666605021317672 19.49217237167069 4.7
      vertex -10.89064233015588 18.5702597574311 4.7
      vertex -10.64886995255473 18.35113004744527 4.7
    endloop
  endfacet
  facet normal 0 0 1
    outer loop
      vertex -10.666605021317672 19.49217237167069 4.7
      vertex -11.02013370533081 19.70406931026309 4.7
      vertex -10.89064233015588 18.5702597574311 4.7
    endloop
  endfacet
  facet normal 0 0 1
    outer loop
      vertex -10.666605021317672 19.49217237167069 4.7
      vertex -10.429740242568899 18.109357669844123 4.7
      vertex -10.335548206512689 19.246643904123495 4.7
    endloop
  endfacet
  facet normal 0.7409511253549624 -0.6715589548470149 0
    outer loop
      vertex -10.0301515190165 13.0301515190165 1.2
      vertex -9.753356095876505 13.335548206512689 1.2
      vertex -10.0301515190165 13.0301515190165 4.7
    endloop
  endfacet
  facet normal 0.8032075314806445 -0.5956993044924337 0
    outer loop
      vertex -9.753356095876505 13.335548206512689 1.2
      vertex -9.50782762832931 13.666605021317672 1.2
      vertex -9.753356095876505 13.335548206512689 4.7
    endloop
  endfacet
  facet normal 0.8577286100002731 -0.51410274419322 0
    outer loop
      vertex -9.50782762832931 13.666605021317672 1.2
      vertex -9.29593068973691 14.02013370533081 1.2
      vertex -9.50782762832931 13.666605021317672 4.7
    endloop
  endfacet
  facet normal 0.9039892931234428 -0.42755509343028314 0
    outer loop
      vertex -9.29593068973691 14.02013370533081 1.2
      vertex -9.119705963452596 14.392729584066624 1.2
      vertex -9.29593068973691 14.02013370533081 4.7
    endloop
  endfacet
  facet normal 0.9415440651830204 -0.3368898533922213 0
    outer loop
      vertex -9.119705963452596 14.392729584066624 1.2
      vertex -8.980850589924723 14.780804355531258 1.2
      vertex -9.119705963452596 14.392729584066624 4.7
    endloop
  endfacet
  facet normal 0.9700312531945436 -0.24298017990326526 0
    outer loop
      vertex -8.980850589924723 14.780804355531258 1.2
      vertex -8.880701822306431 15.180620647532262 1.2
      vertex -8.980850589924723 14.780804355531258 4.7
    endloop
  endfacet
  facet normal 0.7409511253549624 -0.6715589548470149 -2.5571288939408778e-18
    outer loop
      vertex -10.0301515190165 13.0301515190165 4.7
      vertex -9.753356095876505 13.335548206512689 1.2
      vertex -9.753356095876505 13.335548206512689 4.7
    endloop
  endfacet
  facet normal 0.8032075314806445 -0.5956993044924337 0
    outer loop
      vertex -9.50782762832931 13.666605021317672 1.2
      vertex -9.50782762832931 13.666605021317672 4.7
      vertex -9.753356095876505 13.335548206512689 4.7
    endloop
  endfacet
  facet normal 0.8577286100002731 -0.51410274419322 0
    outer loop
      vertex -9.29593068973691 14.02013370533081 1.2
      vertex -9.29593068973691 14.02013370533081 4.7
      vertex -9.50782762832931 13.666605021317672 4.7
    endloop
  endfacet
  facet normal 0.9039892931234428 -0.42755509343028314 0
    outer loop
      vertex -9.119705963452596 14.392729584066624 1.2
      vertex -9.119705963452596 14.392729584066624 4.7
      vertex -9.29593068973691 14.02013370533081 4.7
    endloop
  endfacet
  facet normal 0.9415440651830204 -0.3368898533922213 0
    outer loop
      vertex -8.980850589924723 14.780804355531258 1.2
      vertex -8.980850589924723 14.780804355531258 4.7
      vertex -9.119705963452596 14.392729584066624 4.7
    endloop
  endfacet
  facet normal 0 0 1
    outer loop
      vertex -10.0301515190165 13.0301515190165 4.7
      vertex -9.753356095876505 13.335548206512689 4.7
      vertex -10.067611796041719 14.432605850053557 4.7
    endloop
  endfacet
  facet normal 0 0 1
    outer loop
      vertex -9.753356095876505 13.335548206512689 4.7
      vertex -9.50782762832931 13.666605021317672 4.7
      vertex -9.818173383690405 15.034803448128912 4.7
    endloop
  endfacet
  facet normal 0 0 1
    outer loop
      vertex -9.753356095876505 13.335548206512689 4.7
      vertex -9.928100554399972 14.727577587386076 4.7
      vertex -10.067611796041719 14.432605850053557 4.7
    endloop
  endfacet
  facet normal 0 0 1
    outer loop
      vertex -9.753356095876505 13.335548206512689 4.7
      vertex -9.818173383690405 15.034803448128912 4.7
      vertex -9.928100554399972 14.727577587386076 4.7
    endloop
  endfacet
  facet normal 0 0 1
    outer loop
      vertex -9.50782762832931 13.666605021317672 4.7
      vertex -9.738888942659258 15.351324679296374 4.7
      vertex -9.818173383690405 15.034803448128912 4.7
    endloop
  endfacet
  facet normal 0 0 1
    outer loop
      vertex -9.50782762832931 13.666605021317672 4.7
      vertex -9.691010783814946 15.674093008404212 4.7
      vertex -9.738888942659258 15.351324679296374 4.7
    endloop
  endfacet
  facet normal 0.9891765099647815 -0.14673047445535867 0
    outer loop
      vertex -8.880701822306431 15.180620647532262 1.2
      vertex -8.820224147976774 15.588328010615845 1.2
      vertex -8.880701822306431 15.180620647532262 4.7
    endloop
  endfacet
  facet normal 0.9987954562051724 -0.0490676743274174 0
    outer loop
      vertex -8.820224147976774 15.588328010615845 1.2
      vertex -8.8 16 1.2
      vertex -8.820224147976774 15.588328010615845 4.7
    endloop
  endfacet
  facet normal 0.9987954562051724 0.049067674327417606 0
    outer loop
      vertex -8.8 16 1.2
      vertex -8.820224147976774 16.411671989384153 1.2
      vertex -8.8 16 4.7
    endloop
  endfacet
  facet normal 0.9891765099647816 0.14673047445535806 0
    outer loop
      vertex -8.820224147976774 16.411671989384153 1.2
      vertex -8.880701822306431 16.819379352467738 1.2
      vertex -8.820224147976774 16.411671989384153 4.7
    endloop
  endfacet
  facet normal 0.803207531480643 0.5956993044924358 -2.5256152808135677e-18
    outer loop
      vertex -9.753356095876505 18.66445179348731 1.2
      vertex -9.50782762832931 18.33339497868233 4.7
      vertex -9.50782762832931 18.33339497868233 1.2
    endloop
  endfacet
  facet normal 0.903989293123442 0.4275550934302848 0
    outer loop
      vertex -9.119705963452596 17.607270415933378 1.2
      vertex -9.29593068973691 17.97986629466919 1.2
      vertex -9.119705963452596 17.607270415933378 4.7
    endloop
  endfacet
  facet normal 0.9700312531945434 0.24298017990326626 0
    outer loop
      vertex -8.880701822306431 16.819379352467738 1.2
      vertex -8.980850589924723 17.21919564446874 1.2
      vertex -8.880701822306431 16.819379352467738 4.7
    endloop
  endfacet
  facet normal 0.9415440651830213 0.33688985339221855 2.1670214090449312e-18
    outer loop
      vertex -9.119705963452596 17.607270415933378 1.2
      vertex -8.980850589924723 17.21919564446874 4.7
      vertex -8.980850589924723 17.21919564446874 1.2
    endloop
  endfacet
  facet normal 0.8577286100002731 0.51410274419322 7.469614205173018e-19
    outer loop
      vertex -9.50782762832931 18.33339497868233 1.2
      vertex -9.29593068973691 17.97986629466919 4.7
      vertex -9.29593068973691 17.97986629466919 1.2
    endloop
  endfacet
  facet normal 0.9700312531945436 -0.24298017990326526 -1.2021188340708546e-18
    outer loop
      vertex -8.980850589924723 14.780804355531258 4.7
      vertex -8.880701822306431 15.180620647532262 1.2
      vertex -8.880701822306431 15.180620647532262 4.7
    endloop
  endfacet
  facet normal 0.9891765099647815 -0.14673047445535867 0
    outer loop
      vertex -8.820224147976774 15.588328010615845 1.2
      vertex -8.820224147976774 15.588328010615845 4.7
      vertex -8.880701822306431 15.180620647532262 4.7
    endloop
  endfacet
  facet normal 0.9987954562051724 -0.0490676743274174 0
    outer loop
      vertex -8.8 16 1.2
      vertex -8.8 16 4.7
      vertex -8.820224147976774 15.588328010615845 4.7
    endloop
  endfacet
  facet normal 0.9987954562051724 0.049067674327417606 0
    outer loop
      vertex -8.820224147976774 16.411671989384153 1.2
      vertex -8.820224147976774 16.411671989384153 4.7
      vertex -8.8 16 4.7
    endloop
  endfacet
  facet normal 0.9891765099647816 0.14673047445535806 0
    outer loop
      vertex -8.880701822306431 16.819379352467738 1.2
      vertex -8.880701822306431 16.819379352467738 4.7
      vertex -8.820224147976774 16.411671989384153 4.7
    endloop
  endfacet
  facet normal 0.8577286100002731 0.51410274419322 0
    outer loop
      vertex -9.50782762832931 18.33339497868233 1.2
      vertex -9.50782762832931 18.33339497868233 4.7
      vertex -9.29593068973691 17.97986629466919 4.7
    endloop
  endfacet
  facet normal 0.803207531480643 0.5956993044924358 0
    outer loop
      vertex -9.753356095876505 18.66445179348731 1.2
      vertex -9.753356095876505 18.66445179348731 4.7
      vertex -9.50782762832931 18.33339497868233 4.7
    endloop
  endfacet
  facet normal 0.9415440651830213 0.33688985339221855 0
    outer loop
      vertex -9.119705963452596 17.607270415933378 1.2
      vertex -9.119705963452596 17.607270415933378 4.7
      vertex -8.980850589924723 17.21919564446874 4.7
    endloop
  endfacet
  facet normal 0.9700312531945434 0.24298017990326626 0
    outer loop
      vertex -8.980850589924723 17.21919564446874 1.2
      vertex -8.980850589924723 17.21919564446874 4.7
      vertex -8.880701822306431 16.819379352467738 4.7
    endloop
  endfacet
  facet normal 0.903989293123442 0.4275550934302848 0
    outer loop
      vertex -9.29593068973691 17.97986629466919 1.2
      vertex -9.29593068973691 17.97986629466919 4.7
      vertex -9.119705963452596 17.607270415933378 4.7
    endloop
  endfacet
  facet normal 0.7409511253549643 0.6715589548470127 -1.5777058723731802e-18
    outer loop
      vertex -10.0301515190165 18.9698484809835 1.2
      vertex -9.753356095876505 18.66445179348731 4.7
      vertex -9.753356095876505 18.66445179348731 1.2
    endloop
  endfacet
  facet normal 0.7409511253549643 0.6715589548470127 0
    outer loop
      vertex -10.0301515190165 18.9698484809835 1.2
      vertex -10.0301515190165 18.9698484809835 4.7
      vertex -9.753356095876505 18.66445179348731 4.7
    endloop
  endfacet
  facet normal 0 0 1
    outer loop
      vertex -9.50782762832931 13.666605021317672 4.7
      vertex -9.675 16 4.7
      vertex -9.691010783814946 15.674093008404212 4.7
    endloop
  endfacet
  facet normal 0 0 1
    outer loop
      vertex -9.50782762832931 13.666605021317672 4.7
      vertex -9.29593068973691 14.02013370533081 4.7
      vertex -9.50782762832931 18.33339497868233 4.7
    endloop
  endfacet
  facet normal 0 0 1
    outer loop
      vertex -9.50782762832931 13.666605021317672 4.7
      vertex -9.753356095876505 18.66445179348731 4.7
      vertex -9.675 16 4.7
    endloop
  endfacet
  facet normal 0 0 1
    outer loop
      vertex -9.29593068973691 14.02013370533081 4.7
      vertex -9.119705963452596 14.392729584066624 4.7
      vertex -9.29593068973691 17.97986629466919 4.7
    endloop
  endfacet
  facet normal 0 0 1
    outer loop
      vertex -9.119705963452596 14.392729584066624 4.7
      vertex -8.980850589924723 14.780804355531258 4.7
      vertex -9.119705963452596 17.607270415933378 4.7
    endloop
  endfacet
  facet normal 0 0 1
    outer loop
      vertex -8.980850589924723 14.780804355531258 4.7
      vertex -8.880701822306431 15.180620647532262 4.7
      vertex -8.980850589924723 17.21919564446874 4.7
    endloop
  endfacet
  facet normal 0 0 1
    outer loop
      vertex -8.880701822306431 15.180620647532262 4.7
      vertex -8.820224147976774 15.588328010615845 4.7
      vertex -8.880701822306431 16.819379352467738 4.7
    endloop
  endfacet
  facet normal 0 0 1
    outer loop
      vertex -9.29593068973691 14.02013370533081 4.7
      vertex -9.29593068973691 17.97986629466919 4.7
      vertex -9.50782762832931 18.33339497868233 4.7
    endloop
  endfacet
  facet normal 0 0 1
    outer loop
      vertex -9.119705963452596 14.392729584066624 4.7
      vertex -9.119705963452596 17.607270415933378 4.7
      vertex -9.29593068973691 17.97986629466919 4.7
    endloop
  endfacet
  facet normal 0 0 1
    outer loop
      vertex -8.820224147976774 15.588328010615845 4.7
      vertex -8.8 16 4.7
      vertex -8.820224147976774 16.411671989384153 4.7
    endloop
  endfacet
  facet normal 0 0 1
    outer loop
      vertex -8.820224147976774 15.588328010615845 4.7
      vertex -8.820224147976774 16.411671989384153 4.7
      vertex -8.880701822306431 16.819379352467738 4.7
    endloop
  endfacet
  facet normal 0 0 1
    outer loop
      vertex -8.980850589924723 14.780804355531258 4.7
      vertex -8.980850589924723 17.21919564446874 4.7
      vertex -9.119705963452596 17.607270415933378 4.7
    endloop
  endfacet
  facet normal 0 0 1
    outer loop
      vertex -8.880701822306431 15.180620647532262 4.7
      vertex -8.880701822306431 16.819379352467738 4.7
      vertex -8.980850589924723 17.21919564446874 4.7
    endloop
  endfacet
  facet normal 0 0 1
    outer loop
      vertex -9.753356095876505 18.66445179348731 4.7
      vertex -9.691010783814946 16.32590699159579 4.7
      vertex -9.675 16 4.7
    endloop
  endfacet
  facet normal 0 0 1
    outer loop
      vertex -9.753356095876505 18.66445179348731 4.7
      vertex -9.738888942659258 16.648675320703628 4.7
      vertex -9.691010783814946 16.32590699159579 4.7
    endloop
  endfacet
  facet normal 0 0 1
    outer loop
      vertex -9.753356095876505 18.66445179348731 4.7
      vertex -9.818173383690405 16.965196551871088 4.7
      vertex -9.738888942659258 16.648675320703628 4.7
    endloop
  endfacet
  facet normal 0 0 1
    outer loop
      vertex -9.753356095876505 18.66445179348731 4.7
      vertex -9.928100554399972 17.272422412613924 4.7
      vertex -9.818173383690405 16.965196551871088 4.7
    endloop
  endfacet
  facet normal 0 0 1
    outer loop
      vertex -9.50782762832931 13.666605021317672 4.7
      vertex -9.50782762832931 18.33339497868233 4.7
      vertex -9.753356095876505 18.66445179348731 4.7
    endloop
  endfacet
  facet normal 0 0 1
    outer loop
      vertex -10.0301515190165 18.9698484809835 4.7
      vertex -9.928100554399972 17.272422412613924 4.7
      vertex -9.753356095876505 18.66445179348731 4.7
    endloop
  endfacet
  facet normal -0.8577286100002731 -0.51410274419322 0
    outer loop
      vertex 9.29593068973691 14.02013370533081 1.2
      vertex 9.50782762832931 13.666605021317672 1.2
      vertex 9.29593068973691 14.02013370533081 4.7
    endloop
  endfacet
  facet normal -0.9415440651830204 -0.3368898533922213 0
    outer loop
      vertex 8.980850589924723 14.780804355531258 1.2
      vertex 9.119705963452596 14.392729584066624 1.2
      vertex 8.980850589924723 14.780804355531258 4.7
    endloop
  endfacet
  facet normal -0.9039892931234428 -0.42755509343028314 2.6015036946446894e-18
    outer loop
      vertex 9.29593068973691 14.02013370533081 1.2
      vertex 9.119705963452596 14.392729584066624 4.7
      vertex 9.119705963452596 14.392729584066624 1.2
    endloop
  endfacet
  facet normal -0.8032075314806445 -0.5956993044924337 0
    outer loop
      vertex 9.50782762832931 13.666605021317672 1.2
      vertex 9.753356095876505 13.335548206512689 1.2
      vertex 9.50782762832931 13.666605021317672 4.7
    endloop
  endfacet
  facet normal -0.7409511253549624 -0.6715589548470149 0
    outer loop
      vertex 9.753356095876505 13.335548206512689 1.2
      vertex 10.0301515190165 13.0301515190165 1.2
      vertex 9.753356095876505 13.335548206512689 4.7
    endloop
  endfacet
  facet normal -0.9700312531945436 -0.24298017990326526 0
    outer loop
      vertex 8.980850589924723 14.780804355531258 1.2
      vertex 8.980850589924723 14.780804355531258 4.7
      vertex 8.880701822306431 15.180620647532262 4.7
    endloop
  endfacet
  facet normal -0.9415440651830204 -0.3368898533922213 0
    outer loop
      vertex 9.119705963452596 14.392729584066624 1.2
      vertex 9.119705963452596 14.392729584066624 4.7
      vertex 8.980850589924723 14.780804355531258 4.7
    endloop
  endfacet
  facet normal -0.9039892931234428 -0.42755509343028314 0
    outer loop
      vertex 9.29593068973691 14.02013370533081 1.2
      vertex 9.29593068973691 14.02013370533081 4.7
      vertex 9.119705963452596 14.392729584066624 4.7
    endloop
  endfacet
  facet normal -0.8032075314806445 -0.5956993044924337 0
    outer loop
      vertex 9.753356095876505 13.335548206512689 1.2
      vertex 9.753356095876505 13.335548206512689 4.7
      vertex 9.50782762832931 13.666605021317672 4.7
    endloop
  endfacet
  facet normal -0.8577286100002731 -0.51410274419322 0
    outer loop
      vertex 9.50782762832931 13.666605021317672 1.2
      vertex 9.50782762832931 13.666605021317672 4.7
      vertex 9.29593068973691 14.02013370533081 4.7
    endloop
  endfacet
  facet normal -0.7409511253549624 -0.6715589548470149 2.5571288939408778e-18
    outer loop
      vertex 9.753356095876505 13.335548206512689 4.7
      vertex 10.0301515190165 13.0301515190165 1.2
      vertex 10.0301515190165 13.0301515190165 4.7
    endloop
  endfacet
  facet normal 0 0 1
    outer loop
      vertex 9.753356095876505 13.335548206512689 4.7
      vertex 10.0301515190165 13.0301515190165 4.7
      vertex 9.928100554399972 14.727577587386076 4.7
    endloop
  endfacet
  facet normal 0 0 1
    outer loop
      vertex 9.753356095876505 13.335548206512689 4.7
      vertex 9.928100554399972 14.727577587386076 4.7
      vertex 9.818173383690405 15.034803448128912 4.7
    endloop
  endfacet
  facet normal 0 0 1
    outer loop
      vertex 9.753356095876505 13.335548206512689 4.7
      vertex 9.818173383690405 15.034803448128912 4.7
      vertex 9.738888942659258 15.351324679296374 4.7
    endloop
  endfacet
  facet normal 0 0 1
    outer loop
      vertex 9.753356095876505 13.335548206512689 4.7
      vertex 9.738888942659258 15.351324679296374 4.7
      vertex 9.691010783814946 15.674093008404212 4.7
    endloop
  endfacet
  facet normal -0.9891765099647815 -0.14673047445535867 -7.033590543700831e-19
    outer loop
      vertex 8.880701822306431 15.180620647532262 1.2
      vertex 8.820224147976774 15.588328010615845 4.7
      vertex 8.820224147976774 15.588328010615845 1.2
    endloop
  endfacet
  facet normal -0.9700312531945436 -0.24298017990326526 1.2021188340708546e-18
    outer loop
      vertex 8.980850589924723 14.780804355531258 1.2
      vertex 8.880701822306431 15.180620647532262 4.7
      vertex 8.880701822306431 15.180620647532262 1.2
    endloop
  endfacet
  facet normal -0.9987954562051724 -0.0490676743274174 -3.1234815790227687e-19
    outer loop
      vertex 8.820224147976774 15.588328010615845 1.2
      vertex 8.8 16 4.7
      vertex 8.8 16 1.2
    endloop
  endfacet
  facet normal -0.9987954562051724 0.049067674327417606 -5.40863343500387e-19
    outer loop
      vertex 8.8 16 1.2
      vertex 8.820224147976774 16.411671989384153 4.7
      vertex 8.820224147976774 16.411671989384153 1.2
    endloop
  endfacet
  facet normal -0.9891765099647816 0.14673047445535806 6.18147652662814e-19
    outer loop
      vertex 8.820224147976774 16.411671989384153 1.2
      vertex 8.880701822306431 16.819379352467738 4.7
      vertex 8.880701822306431 16.819379352467738 1.2
    endloop
  endfacet
  facet normal -0.9700312531945434 0.24298017990326626 5.387041563453644e-19
    outer loop
      vertex 8.880701822306431 16.819379352467738 1.2
      vertex 8.980850589924723 17.21919564446874 4.7
      vertex 8.980850589924723 17.21919564446874 1.2
    endloop
  endfacet
  facet normal -0.9415440651830213 0.33688985339221855 -2.1670214090449312e-18
    outer loop
      vertex 8.980850589924723 17.21919564446874 1.2
      vertex 9.119705963452596 17.607270415933378 4.7
      vertex 9.119705963452596 17.607270415933378 1.2
    endloop
  endfacet
  facet normal -0.903989293123442 0.4275550934302848 1.662440580006726e-18
    outer loop
      vertex 9.119705963452596 17.607270415933378 1.2
      vertex 9.29593068973691 17.97986629466919 4.7
      vertex 9.29593068973691 17.97986629466919 1.2
    endloop
  endfacet
  facet normal -0.8577286100002731 0.51410274419322 -7.469614205173018e-19
    outer loop
      vertex 9.29593068973691 17.97986629466919 1.2
      vertex 9.50782762832931 18.33339497868233 4.7
      vertex 9.50782762832931 18.33339497868233 1.2
    endloop
  endfacet
  facet normal -0.803207531480643 0.5956993044924358 2.5256152808135677e-18
    outer loop
      vertex 9.50782762832931 18.33339497868233 1.2
      vertex 9.753356095876505 18.66445179348731 4.7
      vertex 9.753356095876505 18.66445179348731 1.2
    endloop
  endfacet
  facet normal -0.9891765099647815 -0.14673047445535867 0
    outer loop
      vertex 8.880701822306431 15.180620647532262 1.2
      vertex 8.880701822306431 15.180620647532262 4.7
      vertex 8.820224147976774 15.588328010615845 4.7
    endloop
  endfacet
  facet normal -0.9987954562051724 -0.0490676743274174 0
    outer loop
      vertex 8.820224147976774 15.588328010615845 1.2
      vertex 8.820224147976774 15.588328010615845 4.7
      vertex 8.8 16 4.7
    endloop
  endfacet
  facet normal -0.9987954562051724 0.049067674327417606 0
    outer loop
      vertex 8.8 16 1.2
      vertex 8.8 16 4.7
      vertex 8.820224147976774 16.411671989384153 4.7
    endloop
  endfacet
  facet normal -0.9891765099647816 0.14673047445535806 0
    outer loop
      vertex 8.820224147976774 16.411671989384153 1.2
      vertex 8.820224147976774 16.411671989384153 4.7
      vertex 8.880701822306431 16.819379352467738 4.7
    endloop
  endfacet
  facet normal -0.9700312531945434 0.24298017990326626 0
    outer loop
      vertex 8.880701822306431 16.819379352467738 1.2
      vertex 8.880701822306431 16.819379352467738 4.7
      vertex 8.980850589924723 17.21919564446874 4.7
    endloop
  endfacet
  facet normal -0.9415440651830213 0.33688985339221855 0
    outer loop
      vertex 8.980850589924723 17.21919564446874 1.2
      vertex 8.980850589924723 17.21919564446874 4.7
      vertex 9.119705963452596 17.607270415933378 4.7
    endloop
  endfacet
  facet normal -0.903989293123442 0.4275550934302848 0
    outer loop
      vertex 9.119705963452596 17.607270415933378 1.2
      vertex 9.119705963452596 17.607270415933378 4.7
      vertex 9.29593068973691 17.97986629466919 4.7
    endloop
  endfacet
  facet normal -0.8577286100002731 0.51410274419322 0
    outer loop
      vertex 9.29593068973691 17.97986629466919 1.2
      vertex 9.29593068973691 17.97986629466919 4.7
      vertex 9.50782762832931 18.33339497868233 4.7
    endloop
  endfacet
  facet normal -0.803207531480643 0.5956993044924358 0
    outer loop
      vertex 9.50782762832931 18.33339497868233 1.2
      vertex 9.50782762832931 18.33339497868233 4.7
      vertex 9.753356095876505 18.66445179348731 4.7
    endloop
  endfacet
  facet normal -0.7409511253549643 0.6715589548470127 1.5777058723731802e-18
    outer loop
      vertex 9.753356095876505 18.66445179348731 1.2
      vertex 10.0301515190165 18.9698484809835 4.7
      vertex 10.0301515190165 18.9698484809835 1.2
    endloop
  endfacet
  facet normal -0.7409511253549643 0.6715589548470127 0
    outer loop
      vertex 9.753356095876505 18.66445179348731 1.2
      vertex 9.753356095876505 18.66445179348731 4.7
      vertex 10.0301515190165 18.9698484809835 4.7
    endloop
  endfacet
  facet normal 0 0 1
    outer loop
      vertex 8.980850589924723 14.780804355531258 4.7
      vertex 9.119705963452596 14.392729584066624 4.7
      vertex 8.980850589924723 17.21919564446874 4.7
    endloop
  endfacet
  facet normal 0 0 1
    outer loop
      vertex 8.880701822306431 15.180620647532262 4.7
      vertex 8.820224147976774 16.411671989384153 4.7
      vertex 8.820224147976774 15.588328010615845 4.7
    endloop
  endfacet
  facet normal 0 0 1
    outer loop
      vertex 8.980850589924723 14.780804355531258 4.7
      vertex 8.880701822306431 16.819379352467738 4.7
      vertex 8.880701822306431 15.180620647532262 4.7
    endloop
  endfacet
  facet normal 0 0 1
    outer loop
      vertex 9.29593068973691 14.02013370533081 4.7
      vertex 9.119705963452596 17.607270415933378 4.7
      vertex 9.119705963452596 14.392729584066624 4.7
    endloop
  endfacet
  facet normal 0 0 1
    outer loop
      vertex 9.29593068973691 14.02013370533081 4.7
      vertex 9.50782762832931 13.666605021317672 4.7
      vertex 9.29593068973691 17.97986629466919 4.7
    endloop
  endfacet
  facet normal 0 0 1
    outer loop
      vertex 8.820224147976774 15.588328010615845 4.7
      vertex 8.820224147976774 16.411671989384153 4.7
      vertex 8.8 16 4.7
    endloop
  endfacet
  facet normal 0 0 1
    outer loop
      vertex 8.880701822306431 15.180620647532262 4.7
      vertex 8.880701822306431 16.819379352467738 4.7
      vertex 8.820224147976774 16.411671989384153 4.7
    endloop
  endfacet
  facet normal 0 0 1
    outer loop
      vertex 8.980850589924723 14.780804355531258 4.7
      vertex 8.980850589924723 17.21919564446874 4.7
      vertex 8.880701822306431 16.819379352467738 4.7
    endloop
  endfacet
  facet normal 0 0 1
    outer loop
      vertex 9.119705963452596 14.392729584066624 4.7
      vertex 9.119705963452596 17.607270415933378 4.7
      vertex 8.980850589924723 17.21919564446874 4.7
    endloop
  endfacet
  facet normal 0 0 1
    outer loop
      vertex 9.29593068973691 14.02013370533081 4.7
      vertex 9.29593068973691 17.97986629466919 4.7
      vertex 9.119705963452596 17.607270415933378 4.7
    endloop
  endfacet
  facet normal 0 0 1
    outer loop
      vertex 9.50782762832931 13.666605021317672 4.7
      vertex 9.753356095876505 13.335548206512689 4.7
      vertex 9.50782762832931 18.33339497868233 4.7
    endloop
  endfacet
  facet normal 0 0 1
    outer loop
      vertex 9.753356095876505 13.335548206512689 4.7
      vertex 9.675 16 4.7
      vertex 9.50782762832931 18.33339497868233 4.7
    endloop
  endfacet
  facet normal 0 0 1
    outer loop
      vertex 9.753356095876505 13.335548206512689 4.7
      vertex 9.691010783814946 15.674093008404212 4.7
      vertex 9.675 16 4.7
    endloop
  endfacet
  facet normal 0 0 1
    outer loop
      vertex 9.50782762832931 13.666605021317672 4.7
      vertex 9.50782762832931 18.33339497868233 4.7
      vertex 9.29593068973691 17.97986629466919 4.7
    endloop
  endfacet
  facet normal 0 0 1
    outer loop
      vertex 9.50782762832931 18.33339497868233 4.7
      vertex 9.675 16 4.7
      vertex 9.691010783814946 16.32590699159579 4.7
    endloop
  endfacet
  facet normal 0 0 1
    outer loop
      vertex 9.50782762832931 18.33339497868233 4.7
      vertex 9.691010783814946 16.32590699159579 4.7
      vertex 9.738888942659258 16.648675320703628 4.7
    endloop
  endfacet
  facet normal 0 0 1
    outer loop
      vertex 9.50782762832931 18.33339497868233 4.7
      vertex 9.738888942659258 16.648675320703628 4.7
      vertex 9.818173383690405 16.965196551871088 4.7
    endloop
  endfacet
  facet normal 0 0 1
    outer loop
      vertex 9.753356095876505 18.66445179348731 4.7
      vertex 9.818173383690405 16.965196551871088 4.7
      vertex 9.928100554399972 17.272422412613924 4.7
    endloop
  endfacet
  facet normal 0 0 1
    outer loop
      vertex 9.50782762832931 18.33339497868233 4.7
      vertex 9.818173383690405 16.965196551871088 4.7
      vertex 9.753356095876505 18.66445179348731 4.7
    endloop
  endfacet
  facet normal 0 0 1
    outer loop
      vertex 9.753356095876505 18.66445179348731 4.7
      vertex 9.928100554399972 17.272422412613924 4.7
      vertex 10.067611796041719 17.56739414994644 4.7
    endloop
  endfacet
  facet normal 0 0 1
    outer loop
      vertex 9.753356095876505 18.66445179348731 4.7
      vertex 10.067611796041719 17.56739414994644 4.7
      vertex 10.0301515190165 18.9698484809835 4.7
    endloop
  endfacet
  facet normal -0.6715589548470149 -0.7409511253549624 2.5571288939408778e-18
    outer loop
      vertex 10.0301515190165 13.0301515190165 1.2
      vertex 10.335548206512689 12.753356095876505 1.2
      vertex 10.335548206512689 12.753356095876505 4.7
    endloop
  endfacet
  facet normal -0.5956993044924337 -0.8032075314806445 2.9804809202415322e-18
    outer loop
      vertex 10.335548206512689 12.753356095876505 1.2
      vertex 10.666605021317672 12.50782762832931 1.2
      vertex 10.666605021317672 12.50782762832931 4.7
    endloop
  endfacet
  facet normal -0.51410274419322 -0.8577286100002731 7.469614205173018e-19
    outer loop
      vertex 10.666605021317672 12.50782762832931 1.2
      vertex 11.02013370533081 12.29593068973691 1.2
      vertex 11.02013370533081 12.29593068973691 4.7
    endloop
  endfacet
  facet normal -0.42755509343028314 -0.9039892931234428 2.6015036946446894e-18
    outer loop
      vertex 11.02013370533081 12.29593068973691 1.2
      vertex 11.392729584066624 12.119705963452596 1.2
      vertex 11.392729584066624 12.119705963452596 4.7
    endloop
  endfacet
  facet normal -0.3368898533922213 -0.9415440651830204 -2.1910968416028468e-18
    outer loop
      vertex 11.392729584066624 12.119705963452596 1.2
      vertex 11.780804355531258 11.980850589924723 1.2
      vertex 11.780804355531258 11.980850589924723 4.7
    endloop
  endfacet
  facet normal -0.24298017990326526 -0.9700312531945436 1.2021188340708546e-18
    outer loop
      vertex 11.780804355531258 11.980850589924723 1.2
      vertex 12.180620647532262 11.880701822306431 1.2
      vertex 12.180620647532262 11.880701822306431 4.7
    endloop
  endfacet
  facet normal -0.14673047445535867 -0.9891765099647815 -7.033590543700831e-19
    outer loop
      vertex 12.180620647532262 11.880701822306431 1.2
      vertex 12.588328010615845 11.820224147976774 1.2
      vertex 12.588328010615845 11.820224147976774 4.7
    endloop
  endfacet
  facet normal -0.6715589548470149 -0.7409511253549624 0
    outer loop
      vertex 10.0301515190165 13.0301515190165 1.2
      vertex 10.335548206512689 12.753356095876505 4.7
      vertex 10.0301515190165 13.0301515190165 4.7
    endloop
  endfacet
  facet normal -0.5956993044924337 -0.8032075314806445 0
    outer loop
      vertex 10.335548206512689 12.753356095876505 1.2
      vertex 10.666605021317672 12.50782762832931 4.7
      vertex 10.335548206512689 12.753356095876505 4.7
    endloop
  endfacet
  facet normal -0.51410274419322 -0.8577286100002731 0
    outer loop
      vertex 10.666605021317672 12.50782762832931 1.2
      vertex 11.02013370533081 12.29593068973691 4.7
      vertex 10.666605021317672 12.50782762832931 4.7
    endloop
  endfacet
  facet normal -0.42755509343028314 -0.9039892931234428 0
    outer loop
      vertex 11.02013370533081 12.29593068973691 1.2
      vertex 11.392729584066624 12.119705963452596 4.7
      vertex 11.02013370533081 12.29593068973691 4.7
    endloop
  endfacet
  facet normal -0.3368898533922213 -0.9415440651830204 0
    outer loop
      vertex 11.392729584066624 12.119705963452596 1.2
      vertex 11.780804355531258 11.980850589924723 4.7
      vertex 11.392729584066624 12.119705963452596 4.7
    endloop
  endfacet
  facet normal -0.24298017990326526 -0.9700312531945436 0
    outer loop
      vertex 11.780804355531258 11.980850589924723 1.2
      vertex 12.180620647532262 11.880701822306431 4.7
      vertex 11.780804355531258 11.980850589924723 4.7
    endloop
  endfacet
  facet normal -0.14673047445535867 -0.9891765099647815 0
    outer loop
      vertex 12.180620647532262 11.880701822306431 1.2
      vertex 12.588328010615845 11.820224147976774 4.7
      vertex 12.180620647532262 11.880701822306431 4.7
    endloop
  endfacet
  facet normal -0.0490676743274174 -0.9987954562051724 -3.1234815790227687e-19
    outer loop
      vertex 12.588328010615845 11.820224147976774 1.2
      vertex 13 11.8 1.2
      vertex 13 11.8 4.7
    endloop
  endfacet
  facet normal 0.0490676743274174 -0.9987954562051724 3.1234815790227687e-19
    outer loop
      vertex 13 11.8 1.2
      vertex 13.411671989384155 11.820224147976774 1.2
      vertex 13.411671989384155 11.820224147976774 4.7
    endloop
  endfacet
  facet normal 0.14673047445535867 -0.9891765099647815 7.033590543700831e-19
    outer loop
      vertex 13.411671989384155 11.820224147976774 1.2
      vertex 13.819379352467738 11.880701822306431 1.2
      vertex 13.819379352467738 11.880701822306431 4.7
    endloop
  endfacet
  facet normal 0.24298017990326526 -0.9700312531945436 -1.2021188340708546e-18
    outer loop
      vertex 13.819379352467738 11.880701822306431 1.2
      vertex 14.219195644468742 11.980850589924723 1.2
      vertex 14.219195644468742 11.980850589924723 4.7
    endloop
  endfacet
  facet normal 0.3368898533922213 -0.9415440651830204 2.1910968416028468e-18
    outer loop
      vertex 14.219195644468742 11.980850589924723 1.2
      vertex 14.607270415933376 12.119705963452596 1.2
      vertex 14.607270415933376 12.119705963452596 4.7
    endloop
  endfacet
  facet normal 0.42755509343028314 -0.9039892931234428 -2.6015036946446894e-18
    outer loop
      vertex 14.607270415933376 12.119705963452596 1.2
      vertex 14.97986629466919 12.29593068973691 1.2
      vertex 14.97986629466919 12.29593068973691 4.7
    endloop
  endfacet
  facet normal -0.0490676743274174 -0.9987954562051724 0
    outer loop
      vertex 12.588328010615845 11.820224147976774 1.2
      vertex 13 11.8 4.7
      vertex 12.588328010615845 11.820224147976774 4.7
    endloop
  endfacet
  facet normal 0.0490676743274174 -0.9987954562051724 0
    outer loop
      vertex 13 11.8 1.2
      vertex 13.411671989384155 11.820224147976774 4.7
      vertex 13 11.8 4.7
    endloop
  endfacet
  facet normal 0.14673047445535867 -0.9891765099647815 0
    outer loop
      vertex 13.411671989384155 11.820224147976774 1.2
      vertex 13.819379352467738 11.880701822306431 4.7
      vertex 13.411671989384155 11.820224147976774 4.7
    endloop
  endfacet
  facet normal 0.24298017990326526 -0.9700312531945436 0
    outer loop
      vertex 13.819379352467738 11.880701822306431 1.2
      vertex 14.219195644468742 11.980850589924723 4.7
      vertex 13.819379352467738 11.880701822306431 4.7
    endloop
  endfacet
  facet normal 0.3368898533922213 -0.9415440651830204 0
    outer loop
      vertex 14.219195644468742 11.980850589924723 1.2
      vertex 14.607270415933376 12.119705963452596 4.7
      vertex 14.219195644468742 11.980850589924723 4.7
    endloop
  endfacet
  facet normal 0.42755509343028314 -0.9039892931234428 0
    outer loop
      vertex 14.607270415933376 12.119705963452596 1.2
      vertex 14.97986629466919 12.29593068973691 4.7
      vertex 14.607270415933376 12.119705963452596 4.7
    endloop
  endfacet
  facet normal 0.51410274419322 -0.8577286100002731 -7.469614205173018e-19
    outer loop
      vertex 14.97986629466919 12.29593068973691 1.2
      vertex 15.333394978682328 12.50782762832931 1.2
      vertex 15.333394978682328 12.50782762832931 4.7
    endloop
  endfacet
  facet normal 0.5956993044924337 -0.8032075314806445 -2.9804809202415322e-18
    outer loop
      vertex 15.333394978682328 12.50782762832931 1.2
      vertex 15.664451793487311 12.753356095876505 1.2
      vertex 15.664451793487311 12.753356095876505 4.7
    endloop
  endfacet
  facet normal 0.6715589548470149 -0.7409511253549624 -2.5571288939408778e-18
    outer loop
      vertex 15.664451793487311 12.753356095876505 1.2
      vertex 15.9698484809835 13.0301515190165 1.2
      vertex 15.9698484809835 13.0301515190165 4.7
    endloop
  endfacet
  facet normal 0.7409511253549624 -0.6715589548470149 0
    outer loop
      vertex 15.9698484809835 13.0301515190165 1.2
      vertex 16.246643904123495 13.335548206512689 1.2
      vertex 15.9698484809835 13.0301515190165 4.7
    endloop
  endfacet
  facet normal 0.8032075314806445 -0.5956993044924337 0
    outer loop
      vertex 16.246643904123495 13.335548206512689 1.2
      vertex 16.49217237167069 13.666605021317672 1.2
      vertex 16.246643904123495 13.335548206512689 4.7
    endloop
  endfacet
  facet normal 0.8577286100002731 -0.51410274419322 0
    outer loop
      vertex 16.49217237167069 13.666605021317672 1.2
      vertex 16.70406931026309 14.02013370533081 1.2
      vertex 16.49217237167069 13.666605021317672 4.7
    endloop
  endfacet
  facet normal 0.9039892931234428 -0.42755509343028314 0
    outer loop
      vertex 16.70406931026309 14.02013370533081 1.2
      vertex 16.880294036547404 14.392729584066624 1.2
      vertex 16.70406931026309 14.02013370533081 4.7
    endloop
  endfacet
  facet normal 0.9415440651830189 -0.33688985339222505 0
    outer loop
      vertex 16.880294036547404 14.392729584066624 1.2
      vertex 17.01914941007528 14.780804355531258 1.2
      vertex 16.880294036547404 14.392729584066624 4.7
    endloop
  endfacet
  facet normal 0.9700312531945448 -0.2429801799032612 0
    outer loop
      vertex 17.01914941007528 14.780804355531258 1.2
      vertex 17.11929817769357 15.180620647532262 1.2
      vertex 17.01914941007528 14.780804355531258 4.7
    endloop
  endfacet
  facet normal 0.51410274419322 -0.8577286100002731 0
    outer loop
      vertex 14.97986629466919 12.29593068973691 1.2
      vertex 15.333394978682328 12.50782762832931 4.7
      vertex 14.97986629466919 12.29593068973691 4.7
    endloop
  endfacet
  facet normal 0.5956993044924337 -0.8032075314806445 0
    outer loop
      vertex 15.333394978682328 12.50782762832931 1.2
      vertex 15.664451793487311 12.753356095876505 4.7
      vertex 15.333394978682328 12.50782762832931 4.7
    endloop
  endfacet
  facet normal 0.6715589548470149 -0.7409511253549624 0
    outer loop
      vertex 15.664451793487311 12.753356095876505 1.2
      vertex 15.9698484809835 13.0301515190165 4.7
      vertex 15.664451793487311 12.753356095876505 4.7
    endloop
  endfacet
  facet normal 0.7409511253549624 -0.6715589548470149 0
    outer loop
      vertex 16.246643904123495 13.335548206512689 1.2
      vertex 16.246643904123495 13.335548206512689 4.7
      vertex 15.9698484809835 13.0301515190165 4.7
    endloop
  endfacet
  facet normal 0.8032075314806445 -0.5956993044924337 0
    outer loop
      vertex 16.49217237167069 13.666605021317672 1.2
      vertex 16.49217237167069 13.666605021317672 4.7
      vertex 16.246643904123495 13.335548206512689 4.7
    endloop
  endfacet
  facet normal 0.8577286100002731 -0.51410274419322 0
    outer loop
      vertex 16.70406931026309 14.02013370533081 1.2
      vertex 16.70406931026309 14.02013370533081 4.7
      vertex 16.49217237167069 13.666605021317672 4.7
    endloop
  endfacet
  facet normal 0.9039892931234428 -0.42755509343028314 0
    outer loop
      vertex 16.880294036547404 14.392729584066624 1.2
      vertex 16.880294036547404 14.392729584066624 4.7
      vertex 16.70406931026309 14.02013370533081 4.7
    endloop
  endfacet
  facet normal 0.9415440651830189 -0.33688985339222505 0
    outer loop
      vertex 17.01914941007528 14.780804355531258 1.2
      vertex 17.01914941007528 14.780804355531258 4.7
      vertex 16.880294036547404 14.392729584066624 4.7
    endloop
  endfacet
  facet normal 0 0 1
    outer loop
      vertex 10.335548206512689 12.753356095876505 4.7
      vertex 10.666605021317672 12.50782762832931 4.7
      vertex 10.429740242568899 13.89064233015588 4.7
    endloop
  endfacet
  facet normal 0 0 1
    outer loop
      vertex 10.666605021317672 12.50782762832931 4.7
      vertex 11.02013370533081 12.29593068973691 4.7
      vertex 10.89064233015588 13.429740242568899 4.7
    endloop
  endfacet
  facet normal 0 0 1
    outer loop
      vertex 11.02013370533081 12.29593068973691 4.7
      vertex 11.392729584066624 12.119705963452596 4.7
      vertex 11.152728975209822 13.235363539094037 4.7
    endloop
  endfacet
  facet normal 0 0 1
    outer loop
      vertex 11.02013370533081 12.29593068973691 4.7
      vertex 11.152728975209822 13.235363539094037 4.7
      vertex 10.89064233015588 13.429740242568899 4.7
    endloop
  endfacet
  facet normal 0 0 1
    outer loop
      vertex 10.0301515190165 13.0301515190165 4.7
      vertex 10.335548206512689 12.753356095876505 4.7
      vertex 10.235363539094037 14.152728975209822 4.7
    endloop
  endfacet
  facet normal 0 0 1
    outer loop
      vertex 10.0301515190165 13.0301515190165 4.7
      vertex 10.235363539094037 14.152728975209822 4.7
      vertex 10.067611796041719 14.432605850053557 4.7
    endloop
  endfacet
  facet normal 0 0 1
    outer loop
      vertex 10.666605021317672 12.50782762832931 4.7
      vertex 10.64886995255473 13.64886995255473 4.7
      vertex 10.429740242568899 13.89064233015588 4.7
    endloop
  endfacet
  facet normal 0 0 1
    outer loop
      vertex 10.335548206512689 12.753356095876505 4.7
      vertex 10.429740242568899 13.89064233015588 4.7
      vertex 10.235363539094037 14.152728975209822 4.7
    endloop
  endfacet
  facet normal 0 0 1
    outer loop
      vertex 10.0301515190165 13.0301515190165 4.7
      vertex 10.067611796041719 14.432605850053557 4.7
      vertex 9.928100554399972 14.727577587386076 4.7
    endloop
  endfacet
  facet normal 0 0 1
    outer loop
      vertex 10.666605021317672 12.50782762832931 4.7
      vertex 10.89064233015588 13.429740242568899 4.7
      vertex 10.64886995255473 13.64886995255473 4.7
    endloop
  endfacet
  facet normal 0 0 1
    outer loop
      vertex 11.392729584066624 12.119705963452596 4.7
      vertex 11.432605850053557 13.067611796041719 4.7
      vertex 11.152728975209822 13.235363539094037 4.7
    endloop
  endfacet
  facet normal 0 0 1
    outer loop
      vertex 11.392729584066624 12.119705963452596 4.7
      vertex 11.727577587386076 12.928100554399972 4.7
      vertex 11.432605850053557 13.067611796041719 4.7
    endloop
  endfacet
  facet normal 0 0 1
    outer loop
      vertex 11.392729584066624 12.119705963452596 4.7
      vertex 11.780804355531258 11.980850589924723 4.7
      vertex 11.727577587386076 12.928100554399972 4.7
    endloop
  endfacet
  facet normal 0 0 1
    outer loop
      vertex 11.780804355531258 11.980850589924723 4.7
      vertex 12.034803448128912 12.818173383690405 4.7
      vertex 11.727577587386076 12.928100554399972 4.7
    endloop
  endfacet
  facet normal 0 0 1
    outer loop
      vertex 12.180620647532262 11.880701822306431 4.7
      vertex 12.588328010615845 11.820224147976774 4.7
      vertex 12.351324679296374 12.738888942659258 4.7
    endloop
  endfacet
  facet normal 0 0 1
    outer loop
      vertex 11.780804355531258 11.980850589924723 4.7
      vertex 12.180620647532262 11.880701822306431 4.7
      vertex 12.034803448128912 12.818173383690405 4.7
    endloop
  endfacet
  facet normal 0 0 1
    outer loop
      vertex 12.180620647532262 11.880701822306431 4.7
      vertex 12.351324679296374 12.738888942659258 4.7
      vertex 12.034803448128912 12.818173383690405 4.7
    endloop
  endfacet
  facet normal 0 0 1
    outer loop
      vertex 12.588328010615845 11.820224147976774 4.7
      vertex 13 11.8 4.7
      vertex 12.674093008404212 12.691010783814946 4.7
    endloop
  endfacet
  facet normal 0 0 1
    outer loop
      vertex 12.588328010615845 11.820224147976774 4.7
      vertex 12.674093008404212 12.691010783814946 4.7
      vertex 12.351324679296374 12.738888942659258 4.7
    endloop
  endfacet
  facet normal 0 0 1
    outer loop
      vertex 13 11.8 4.7
      vertex 13 12.675 4.7
      vertex 12.674093008404212 12.691010783814946 4.7
    endloop
  endfacet
  facet normal 0 0 1
    outer loop
      vertex 13 11.8 4.7
      vertex 13.411671989384155 11.820224147976774 4.7
      vertex 13 12.675 4.7
    endloop
  endfacet
  facet normal 0 0 1
    outer loop
      vertex 13.411671989384155 11.820224147976774 4.7
      vertex 13.819379352467738 11.880701822306431 4.7
      vertex 13.325906991595788 12.691010783814946 4.7
    endloop
  endfacet
  facet normal 0 0 1
    outer loop
      vertex 13.411671989384155 11.820224147976774 4.7
      vertex 13.325906991595788 12.691010783814946 4.7
      vertex 13 12.675 4.7
    endloop
  endfacet
  facet normal 0 0 1
    outer loop
      vertex 13.819379352467738 11.880701822306431 4.7
      vertex 13.648675320703626 12.738888942659258 4.7
      vertex 13.325906991595788 12.691010783814946 4.7
    endloop
  endfacet
  facet normal 0 0 1
    outer loop
      vertex 13.819379352467738 11.880701822306431 4.7
      vertex 14.219195644468742 11.980850589924723 4.7
      vertex 13.648675320703626 12.738888942659258 4.7
    endloop
  endfacet
  facet normal 0 0 1
    outer loop
      vertex 14.219195644468742 11.980850589924723 4.7
      vertex 13.965196551871088 12.818173383690405 4.7
      vertex 13.648675320703626 12.738888942659258 4.7
    endloop
  endfacet
  facet normal 0 0 1
    outer loop
      vertex 14.219195644468742 11.980850589924723 4.7
      vertex 14.607270415933376 12.119705963452596 4.7
      vertex 13.965196551871088 12.818173383690405 4.7
    endloop
  endfacet
  facet normal 0 0 1
    outer loop
      vertex 14.607270415933376 12.119705963452596 4.7
      vertex 14.272422412613924 12.928100554399972 4.7
      vertex 13.965196551871088 12.818173383690405 4.7
    endloop
  endfacet
  facet normal 0 0 1
    outer loop
      vertex 14.607270415933376 12.119705963452596 4.7
      vertex 14.567394149946443 13.067611796041719 4.7
      vertex 14.272422412613924 12.928100554399972 4.7
    endloop
  endfacet
  facet normal 0 0 1
    outer loop
      vertex 14.607270415933376 12.119705963452596 4.7
      vertex 14.97986629466919 12.29593068973691 4.7
      vertex 14.567394149946443 13.067611796041719 4.7
    endloop
  endfacet
  facet normal 0 0 1
    outer loop
      vertex 14.97986629466919 12.29593068973691 4.7
      vertex 14.847271024790178 13.235363539094037 4.7
      vertex 14.567394149946443 13.067611796041719 4.7
    endloop
  endfacet
  facet normal 0 0 1
    outer loop
      vertex 14.97986629466919 12.29593068973691 4.7
      vertex 15.333394978682328 12.50782762832931 4.7
      vertex 14.847271024790178 13.235363539094037 4.7
    endloop
  endfacet
  facet normal 0 0 1
    outer loop
      vertex 15.333394978682328 12.50782762832931 4.7
      vertex 15.10935766984412 13.429740242568899 4.7
      vertex 14.847271024790178 13.235363539094037 4.7
    endloop
  endfacet
  facet normal 0 0 1
    outer loop
      vertex 15.333394978682328 12.50782762832931 4.7
      vertex 15.664451793487311 12.753356095876505 4.7
      vertex 15.10935766984412 13.429740242568899 4.7
    endloop
  endfacet
  facet normal 0 0 1
    outer loop
      vertex 15.664451793487311 12.753356095876505 4.7
      vertex 15.35113004744527 13.64886995255473 4.7
      vertex 15.10935766984412 13.429740242568899 4.7
    endloop
  endfacet
  facet normal 0 0 1
    outer loop
      vertex 15.664451793487311 12.753356095876505 4.7
      vertex 15.570259757431101 13.89064233015588 4.7
      vertex 15.35113004744527 13.64886995255473 4.7
    endloop
  endfacet
  facet normal 0 0 1
    outer loop
      vertex 15.664451793487311 12.753356095876505 4.7
      vertex 15.9698484809835 13.0301515190165 4.7
      vertex 15.570259757431101 13.89064233015588 4.7
    endloop
  endfacet
  facet normal 0 0 1
    outer loop
      vertex 15.9698484809835 13.0301515190165 4.7
      vertex 15.764636460905963 14.152728975209822 4.7
      vertex 15.570259757431101 13.89064233015588 4.7
    endloop
  endfacet
  facet normal 0 0 1
    outer loop
      vertex 15.9698484809835 13.0301515190165 4.7
      vertex 15.932388203958281 14.432605850053557 4.7
      vertex 15.764636460905963 14.152728975209822 4.7
    endloop
  endfacet
  facet normal 0 0 1
    outer loop
      vertex 15.9698484809835 13.0301515190165 4.7
      vertex 16.246643904123495 13.335548206512689 4.7
      vertex 15.932388203958281 14.432605850053557 4.7
    endloop
  endfacet
  facet normal 0 0 1
    outer loop
      vertex 16.246643904123495 13.335548206512689 4.7
      vertex 16.071899445600028 14.727577587386076 4.7
      vertex 15.932388203958281 14.432605850053557 4.7
    endloop
  endfacet
  facet normal 0 0 1
    outer loop
      vertex 16.246643904123495 13.335548206512689 4.7
      vertex 16.181826616309593 15.034803448128912 4.7
      vertex 16.071899445600028 14.727577587386076 4.7
    endloop
  endfacet
  facet normal 0 0 1
    outer loop
      vertex 16.246643904123495 13.335548206512689 4.7
      vertex 16.49217237167069 13.666605021317672 4.7
      vertex 16.181826616309593 15.034803448128912 4.7
    endloop
  endfacet
  facet normal 0 0 1
    outer loop
      vertex 16.49217237167069 13.666605021317672 4.7
      vertex 16.26111105734074 15.351324679296374 4.7
      vertex 16.181826616309593 15.034803448128912 4.7
    endloop
  endfacet
  facet normal 0 0 1
    outer loop
      vertex 16.49217237167069 13.666605021317672 4.7
      vertex 16.308989216185054 15.674093008404212 4.7
      vertex 16.26111105734074 15.351324679296374 4.7
    endloop
  endfacet
  facet normal -0.6715589548470149 0.7409511253549624 0
    outer loop
      vertex 10.0301515190165 18.9698484809835 1.2
      vertex 10.0301515190165 18.9698484809835 4.7
      vertex 10.335548206512689 19.246643904123495 1.2
    endloop
  endfacet
  facet normal -0.5956993044924337 0.8032075314806445 0
    outer loop
      vertex 10.335548206512689 19.246643904123495 1.2
      vertex 10.335548206512689 19.246643904123495 4.7
      vertex 10.666605021317672 19.49217237167069 1.2
    endloop
  endfacet
  facet normal -0.51410274419322 0.8577286100002731 0
    outer loop
      vertex 10.666605021317672 19.49217237167069 1.2
      vertex 10.666605021317672 19.49217237167069 4.7
      vertex 11.02013370533081 19.70406931026309 1.2
    endloop
  endfacet
  facet normal -0.42755509343028314 0.9039892931234428 0
    outer loop
      vertex 11.02013370533081 19.70406931026309 1.2
      vertex 11.02013370533081 19.70406931026309 4.7
      vertex 11.392729584066624 19.880294036547404 1.2
    endloop
  endfacet
  facet normal -0.33688985339222505 0.9415440651830189 0
    outer loop
      vertex 11.392729584066624 19.880294036547404 1.2
      vertex 11.392729584066624 19.880294036547404 4.7
      vertex 11.780804355531258 20.01914941007528 1.2
    endloop
  endfacet
  facet normal -0.2429801799032612 0.9700312531945448 0
    outer loop
      vertex 11.780804355531258 20.01914941007528 1.2
      vertex 11.780804355531258 20.01914941007528 4.7
      vertex 12.180620647532262 20.11929817769357 1.2
    endloop
  endfacet
  facet normal -0.14673047445535867 0.9891765099647815 0
    outer loop
      vertex 12.180620647532262 20.11929817769357 1.2
      vertex 12.180620647532262 20.11929817769357 4.7
      vertex 12.588328010615845 20.179775852023226 1.2
    endloop
  endfacet
  facet normal -0.6715589548470149 0.7409511253549624 0
    outer loop
      vertex 10.335548206512689 19.246643904123495 1.2
      vertex 10.0301515190165 18.9698484809835 4.7
      vertex 10.335548206512689 19.246643904123495 4.7
    endloop
  endfacet
  facet normal -0.5956993044924337 0.8032075314806445 0
    outer loop
      vertex 10.666605021317672 19.49217237167069 1.2
      vertex 10.335548206512689 19.246643904123495 4.7
      vertex 10.666605021317672 19.49217237167069 4.7
    endloop
  endfacet
  facet normal -0.51410274419322 0.8577286100002731 0
    outer loop
      vertex 11.02013370533081 19.70406931026309 1.2
      vertex 10.666605021317672 19.49217237167069 4.7
      vertex 11.02013370533081 19.70406931026309 4.7
    endloop
  endfacet
  facet normal -0.42755509343028314 0.9039892931234428 0
    outer loop
      vertex 11.392729584066624 19.880294036547404 1.2
      vertex 11.02013370533081 19.70406931026309 4.7
      vertex 11.392729584066624 19.880294036547404 4.7
    endloop
  endfacet
  facet normal -0.33688985339222505 0.9415440651830189 0
    outer loop
      vertex 11.780804355531258 20.01914941007528 1.2
      vertex 11.392729584066624 19.880294036547404 4.7
      vertex 11.780804355531258 20.01914941007528 4.7
    endloop
  endfacet
  facet normal -0.2429801799032612 0.9700312531945448 0
    outer loop
      vertex 12.180620647532262 20.11929817769357 1.2
      vertex 11.780804355531258 20.01914941007528 4.7
      vertex 12.180620647532262 20.11929817769357 4.7
    endloop
  endfacet
  facet normal -0.14673047445535867 0.9891765099647815 0
    outer loop
      vertex 12.588328010615845 20.179775852023226 1.2
      vertex 12.180620647532262 20.11929817769357 4.7
      vertex 12.588328010615845 20.179775852023226 4.7
    endloop
  endfacet
  facet normal -0.0490676743274174 0.9987954562051724 0
    outer loop
      vertex 12.588328010615845 20.179775852023226 1.2
      vertex 12.588328010615845 20.179775852023226 4.7
      vertex 13 20.2 1.2
    endloop
  endfacet
  facet normal 0.0490676743274174 0.9987954562051724 0
    outer loop
      vertex 13 20.2 1.2
      vertex 13 20.2 4.7
      vertex 13.411671989384155 20.179775852023226 1.2
    endloop
  endfacet
  facet normal 0.14673047445535867 0.9891765099647815 0
    outer loop
      vertex 13.411671989384155 20.179775852023226 1.2
      vertex 13.411671989384155 20.179775852023226 4.7
      vertex 13.819379352467738 20.11929817769357 1.2
    endloop
  endfacet
  facet normal 0.2429801799032612 0.9700312531945448 0
    outer loop
      vertex 13.819379352467738 20.11929817769357 1.2
      vertex 13.819379352467738 20.11929817769357 4.7
      vertex 14.219195644468742 20.01914941007528 1.2
    endloop
  endfacet
  facet normal 0.33688985339222505 0.9415440651830189 0
    outer loop
      vertex 14.219195644468742 20.01914941007528 1.2
      vertex 14.219195644468742 20.01914941007528 4.7
      vertex 14.607270415933376 19.880294036547404 1.2
    endloop
  endfacet
  facet normal 0.42755509343028314 0.9039892931234428 0
    outer loop
      vertex 14.607270415933376 19.880294036547404 1.2
      vertex 14.607270415933376 19.880294036547404 4.7
      vertex 14.97986629466919 19.70406931026309 1.2
    endloop
  endfacet
  facet normal -0.0490676743274174 0.9987954562051724 0
    outer loop
      vertex 13 20.2 1.2
      vertex 12.588328010615845 20.179775852023226 4.7
      vertex 13 20.2 4.7
    endloop
  endfacet
  facet normal 0.0490676743274174 0.9987954562051724 0
    outer loop
      vertex 13.411671989384155 20.179775852023226 1.2
      vertex 13 20.2 4.7
      vertex 13.411671989384155 20.179775852023226 4.7
    endloop
  endfacet
  facet normal 0.14673047445535867 0.9891765099647815 0
    outer loop
      vertex 13.819379352467738 20.11929817769357 1.2
      vertex 13.411671989384155 20.179775852023226 4.7
      vertex 13.819379352467738 20.11929817769357 4.7
    endloop
  endfacet
  facet normal 0.2429801799032612 0.9700312531945448 0
    outer loop
      vertex 14.219195644468742 20.01914941007528 1.2
      vertex 13.819379352467738 20.11929817769357 4.7
      vertex 14.219195644468742 20.01914941007528 4.7
    endloop
  endfacet
  facet normal 0.33688985339222505 0.9415440651830189 0
    outer loop
      vertex 14.607270415933376 19.880294036547404 1.2
      vertex 14.219195644468742 20.01914941007528 4.7
      vertex 14.607270415933376 19.880294036547404 4.7
    endloop
  endfacet
  facet normal 0.42755509343028314 0.9039892931234428 0
    outer loop
      vertex 14.97986629466919 19.70406931026309 1.2
      vertex 14.607270415933376 19.880294036547404 4.7
      vertex 14.97986629466919 19.70406931026309 4.7
    endloop
  endfacet
  facet normal 0.9891765099647815 -0.14673047445535867 0
    outer loop
      vertex 17.11929817769357 15.180620647532262 1.2
      vertex 17.179775852023226 15.588328010615845 1.2
      vertex 17.11929817769357 15.180620647532262 4.7
    endloop
  endfacet
  facet normal 0.9987954562051724 -0.0490676743274174 0
    outer loop
      vertex 17.179775852023226 15.588328010615845 1.2
      vertex 17.2 16 1.2
      vertex 17.179775852023226 15.588328010615845 4.7
    endloop
  endfacet
  facet normal 0.9891765099647816 0.14673047445535806 0
    outer loop
      vertex 17.179775852023226 16.411671989384153 1.2
      vertex 17.11929817769357 16.819379352467738 1.2
      vertex 17.179775852023226 16.411671989384153 4.7
    endloop
  endfacet
  facet normal 0.9987954562051724 0.049067674327417606 5.40863343500387e-19
    outer loop
      vertex 17.179775852023226 16.411671989384153 1.2
      vertex 17.2 16 4.7
      vertex 17.2 16 1.2
    endloop
  endfacet
  facet normal 0.903989293123442 0.4275550934302848 -1.662440580006726e-18
    outer loop
      vertex 16.70406931026309 17.97986629466919 1.2
      vertex 16.880294036547404 17.607270415933378 4.7
      vertex 16.880294036547404 17.607270415933378 1.2
    endloop
  endfacet
  facet normal 0.803207531480643 0.5956993044924358 -2.5256152808135677e-18
    outer loop
      vertex 16.246643904123495 18.66445179348731 1.2
      vertex 16.49217237167069 18.33339497868233 4.7
      vertex 16.49217237167069 18.33339497868233 1.2
    endloop
  endfacet
  facet normal 0.8577286100002731 0.51410274419322 7.469614205173018e-19
    outer loop
      vertex 16.49217237167069 18.33339497868233 1.2
      vertex 16.70406931026309 17.97986629466919 4.7
      vertex 16.70406931026309 17.97986629466919 1.2
    endloop
  endfacet
  facet normal 0.9700312531945444 0.24298017990326223 0
    outer loop
      vertex 17.11929817769357 16.819379352467738 1.2
      vertex 17.01914941007528 17.21919564446874 1.2
      vertex 17.11929817769357 16.819379352467738 4.7
    endloop
  endfacet
  facet normal 0.94154406518302 0.3368898533922224 0
    outer loop
      vertex 17.01914941007528 17.21919564446874 1.2
      vertex 16.880294036547404 17.607270415933378 1.2
      vertex 17.01914941007528 17.21919564446874 4.7
    endloop
  endfacet
  facet normal 0.9700312531945448 -0.2429801799032612 1.910108804547705e-18
    outer loop
      vertex 17.01914941007528 14.780804355531258 4.7
      vertex 17.11929817769357 15.180620647532262 1.2
      vertex 17.11929817769357 15.180620647532262 4.7
    endloop
  endfacet
  facet normal 0.9891765099647815 -0.14673047445535867 0
    outer loop
      vertex 17.179775852023226 15.588328010615845 1.2
      vertex 17.179775852023226 15.588328010615845 4.7
      vertex 17.11929817769357 15.180620647532262 4.7
    endloop
  endfacet
  facet normal 0.9987954562051724 -0.0490676743274174 0
    outer loop
      vertex 17.2 16 1.2
      vertex 17.2 16 4.7
      vertex 17.179775852023226 15.588328010615845 4.7
    endloop
  endfacet
  facet normal 0.9987954562051724 0.049067674327417606 0
    outer loop
      vertex 17.179775852023226 16.411671989384153 1.2
      vertex 17.179775852023226 16.411671989384153 4.7
      vertex 17.2 16 4.7
    endloop
  endfacet
  facet normal 0.9891765099647816 0.14673047445535806 0
    outer loop
      vertex 17.11929817769357 16.819379352467738 1.2
      vertex 17.11929817769357 16.819379352467738 4.7
      vertex 17.179775852023226 16.411671989384153 4.7
    endloop
  endfacet
  facet normal 0.803207531480643 0.5956993044924358 0
    outer loop
      vertex 16.246643904123495 18.66445179348731 1.2
      vertex 16.246643904123495 18.66445179348731 4.7
      vertex 16.49217237167069 18.33339497868233 4.7
    endloop
  endfacet
  facet normal 0.8577286100002731 0.51410274419322 0
    outer loop
      vertex 16.49217237167069 18.33339497868233 1.2
      vertex 16.49217237167069 18.33339497868233 4.7
      vertex 16.70406931026309 17.97986629466919 4.7
    endloop
  endfacet
  facet normal 0.903989293123442 0.4275550934302848 0
    outer loop
      vertex 16.70406931026309 17.97986629466919 1.2
      vertex 16.70406931026309 17.97986629466919 4.7
      vertex 16.880294036547404 17.607270415933378 4.7
    endloop
  endfacet
  facet normal 0.9700312531945444 0.24298017990326223 0
    outer loop
      vertex 17.01914941007528 17.21919564446874 1.2
      vertex 17.01914941007528 17.21919564446874 4.7
      vertex 17.11929817769357 16.819379352467738 4.7
    endloop
  endfacet
  facet normal 0.94154406518302 0.3368898533922224 0
    outer loop
      vertex 16.880294036547404 17.607270415933378 1.2
      vertex 16.880294036547404 17.607270415933378 4.7
      vertex 17.01914941007528 17.21919564446874 4.7
    endloop
  endfacet
  facet normal 0.51410274419322 0.8577286100002731 0
    outer loop
      vertex 14.97986629466919 19.70406931026309 1.2
      vertex 14.97986629466919 19.70406931026309 4.7
      vertex 15.333394978682328 19.49217237167069 1.2
    endloop
  endfacet
  facet normal 0.5956993044924337 0.8032075314806445 0
    outer loop
      vertex 15.333394978682328 19.49217237167069 1.2
      vertex 15.333394978682328 19.49217237167069 4.7
      vertex 15.664451793487311 19.246643904123495 1.2
    endloop
  endfacet
  facet normal 0.6715589548470149 0.7409511253549624 0
    outer loop
      vertex 15.664451793487311 19.246643904123495 1.2
      vertex 15.664451793487311 19.246643904123495 4.7
      vertex 15.9698484809835 18.9698484809835 1.2
    endloop
  endfacet
  facet normal 0.7409511253549643 0.6715589548470127 0
    outer loop
      vertex 16.246643904123495 18.66445179348731 1.2
      vertex 15.9698484809835 18.9698484809835 1.2
      vertex 16.246643904123495 18.66445179348731 4.7
    endloop
  endfacet
  facet normal 0.51410274419322 0.8577286100002731 0
    outer loop
      vertex 15.333394978682328 19.49217237167069 1.2
      vertex 14.97986629466919 19.70406931026309 4.7
      vertex 15.333394978682328 19.49217237167069 4.7
    endloop
  endfacet
  facet normal 0.5956993044924337 0.8032075314806445 0
    outer loop
      vertex 15.664451793487311 19.246643904123495 1.2
      vertex 15.333394978682328 19.49217237167069 4.7
      vertex 15.664451793487311 19.246643904123495 4.7
    endloop
  endfacet
  facet normal 0.6715589548470149 0.7409511253549624 0
    outer loop
      vertex 15.9698484809835 18.9698484809835 1.2
      vertex 15.664451793487311 19.246643904123495 4.7
      vertex 15.9698484809835 18.9698484809835 4.7
    endloop
  endfacet
  facet normal 0.7409511253549643 0.6715589548470127 0
    outer loop
      vertex 15.9698484809835 18.9698484809835 1.2
      vertex 15.9698484809835 18.9698484809835 4.7
      vertex 16.246643904123495 18.66445179348731 4.7
    endloop
  endfacet
  facet normal 0 0 1
    outer loop
      vertex 10.0301515190165 18.9698484809835 4.7
      vertex 10.067611796041719 17.56739414994644 4.7
      vertex 10.235363539094037 17.847271024790178 4.7
    endloop
  endfacet
  facet normal 0 0 1
    outer loop
      vertex 10.0301515190165 18.9698484809835 4.7
      vertex 10.235363539094037 17.847271024790178 4.7
      vertex 10.429740242568899 18.109357669844123 4.7
    endloop
  endfacet
  facet normal 0 0 1
    outer loop
      vertex 10.335548206512689 19.246643904123495 4.7
      vertex 10.429740242568899 18.109357669844123 4.7
      vertex 10.64886995255473 18.35113004744527 4.7
    endloop
  endfacet
  facet normal 0 0 1
    outer loop
      vertex 10.335548206512689 19.246643904123495 4.7
      vertex 10.64886995255473 18.35113004744527 4.7
      vertex 10.89064233015588 18.5702597574311 4.7
    endloop
  endfacet
  facet normal 0 0 1
    outer loop
      vertex 10.0301515190165 18.9698484809835 4.7
      vertex 10.429740242568899 18.109357669844123 4.7
      vertex 10.335548206512689 19.246643904123495 4.7
    endloop
  endfacet
  facet normal 0 0 1
    outer loop
      vertex 10.335548206512689 19.246643904123495 4.7
      vertex 10.89064233015588 18.5702597574311 4.7
      vertex 10.666605021317672 19.49217237167069 4.7
    endloop
  endfacet
  facet normal 0 0 1
    outer loop
      vertex 10.666605021317672 19.49217237167069 4.7
      vertex 10.89064233015588 18.5702597574311 4.7
      vertex 11.152728975209822 18.76463646090596 4.7
    endloop
  endfacet
  facet normal 0 0 1
    outer loop
      vertex 11.02013370533081 19.70406931026309 4.7
      vertex 11.152728975209822 18.76463646090596 4.7
      vertex 11.432605850053557 18.93238820395828 4.7
    endloop
  endfacet
  facet normal 0 0 1
    outer loop
      vertex 10.666605021317672 19.49217237167069 4.7
      vertex 11.152728975209822 18.76463646090596 4.7
      vertex 11.02013370533081 19.70406931026309 4.7
    endloop
  endfacet
  facet normal 0 0 1
    outer loop
      vertex 11.02013370533081 19.70406931026309 4.7
      vertex 11.432605850053557 18.93238820395828 4.7
      vertex 11.392729584066624 19.880294036547404 4.7
    endloop
  endfacet
  facet normal 0 0 1
    outer loop
      vertex 11.392729584066624 19.880294036547404 4.7
      vertex 11.432605850053557 18.93238820395828 4.7
      vertex 11.727577587386076 19.071899445600028 4.7
    endloop
  endfacet
  facet normal 0 0 1
    outer loop
      vertex 11.392729584066624 19.880294036547404 4.7
      vertex 11.727577587386076 19.071899445600028 4.7
      vertex 12.034803448128912 19.181826616309593 4.7
    endloop
  endfacet
  facet normal 0 0 1
    outer loop
      vertex 11.392729584066624 19.880294036547404 4.7
      vertex 12.034803448128912 19.181826616309593 4.7
      vertex 11.780804355531258 20.01914941007528 4.7
    endloop
  endfacet
  facet normal 0 0 1
    outer loop
      vertex 11.780804355531258 20.01914941007528 4.7
      vertex 12.034803448128912 19.181826616309593 4.7
      vertex 12.351324679296374 19.26111105734074 4.7
    endloop
  endfacet
  facet normal 0 0 1
    outer loop
      vertex 12.180620647532262 20.11929817769357 4.7
      vertex 12.351324679296374 19.26111105734074 4.7
      vertex 12.674093008404212 19.308989216185054 4.7
    endloop
  endfacet
  facet normal 0 0 1
    outer loop
      vertex 11.780804355531258 20.01914941007528 4.7
      vertex 12.351324679296374 19.26111105734074 4.7
      vertex 12.180620647532262 20.11929817769357 4.7
    endloop
  endfacet
  facet normal 0 0 1
    outer loop
      vertex 12.180620647532262 20.11929817769357 4.7
      vertex 12.674093008404212 19.308989216185054 4.7
      vertex 12.588328010615845 20.179775852023226 4.7
    endloop
  endfacet
  facet normal 0 0 1
    outer loop
      vertex 12.588328010615845 20.179775852023226 4.7
      vertex 12.674093008404212 19.308989216185054 4.7
      vertex 13 19.325 4.7
    endloop
  endfacet
  facet normal 0 0 1
    outer loop
      vertex 13 20.2 4.7
      vertex 13 19.325 4.7
      vertex 13.325906991595788 19.308989216185054 4.7
    endloop
  endfacet
  facet normal 0 0 1
    outer loop
      vertex 12.588328010615845 20.179775852023226 4.7
      vertex 13 19.325 4.7
      vertex 13 20.2 4.7
    endloop
  endfacet
  facet normal 0 0 1
    outer loop
      vertex 13.411671989384155 20.179775852023226 4.7
      vertex 13.325906991595788 19.308989216185054 4.7
      vertex 13.648675320703626 19.26111105734074 4.7
    endloop
  endfacet
  facet normal 0 0 1
    outer loop
      vertex 13 20.2 4.7
      vertex 13.325906991595788 19.308989216185054 4.7
      vertex 13.411671989384155 20.179775852023226 4.7
    endloop
  endfacet
  facet normal 0 0 1
    outer loop
      vertex 13.411671989384155 20.179775852023226 4.7
      vertex 13.648675320703626 19.26111105734074 4.7
      vertex 13.819379352467738 20.11929817769357 4.7
    endloop
  endfacet
  facet normal 0 0 1
    outer loop
      vertex 13.819379352467738 20.11929817769357 4.7
      vertex 13.648675320703626 19.26111105734074 4.7
      vertex 13.965196551871088 19.181826616309593 4.7
    endloop
  endfacet
  facet normal 0 0 1
    outer loop
      vertex 14.219195644468742 20.01914941007528 4.7
      vertex 13.965196551871088 19.181826616309593 4.7
      vertex 14.272422412613924 19.071899445600028 4.7
    endloop
  endfacet
  facet normal 0 0 1
    outer loop
      vertex 14.219195644468742 20.01914941007528 4.7
      vertex 14.272422412613924 19.071899445600028 4.7
      vertex 14.607270415933376 19.880294036547404 4.7
    endloop
  endfacet
  facet normal 0 0 1
    outer loop
      vertex 13.819379352467738 20.11929817769357 4.7
      vertex 13.965196551871088 19.181826616309593 4.7
      vertex 14.219195644468742 20.01914941007528 4.7
    endloop
  endfacet
  facet normal 0 0 1
    outer loop
      vertex 14.607270415933376 19.880294036547404 4.7
      vertex 14.567394149946443 18.93238820395828 4.7
      vertex 14.847271024790178 18.76463646090596 4.7
    endloop
  endfacet
  facet normal 0 0 1
    outer loop
      vertex 14.607270415933376 19.880294036547404 4.7
      vertex 14.272422412613924 19.071899445600028 4.7
      vertex 14.567394149946443 18.93238820395828 4.7
    endloop
  endfacet
  facet normal 0 0 1
    outer loop
      vertex 14.97986629466919 19.70406931026309 4.7
      vertex 14.847271024790178 18.76463646090596 4.7
      vertex 15.10935766984412 18.5702597574311 4.7
    endloop
  endfacet
  facet normal 0 0 1
    outer loop
      vertex 14.607270415933376 19.880294036547404 4.7
      vertex 14.847271024790178 18.76463646090596 4.7
      vertex 14.97986629466919 19.70406931026309 4.7
    endloop
  endfacet
  facet normal 0 0 1
    outer loop
      vertex 15.333394978682328 19.49217237167069 4.7
      vertex 15.35113004744527 18.35113004744527 4.7
      vertex 15.570259757431101 18.109357669844123 4.7
    endloop
  endfacet
  facet normal 0 0 1
    outer loop
      vertex 16.246643904123495 18.66445179348731 4.7
      vertex 16.181826616309593 16.965196551871088 4.7
      vertex 16.26111105734074 16.648675320703628 4.7
    endloop
  endfacet
  facet normal 0 0 1
    outer loop
      vertex 16.246643904123495 18.66445179348731 4.7
      vertex 16.071899445600028 17.272422412613924 4.7
      vertex 16.181826616309593 16.965196551871088 4.7
    endloop
  endfacet
  facet normal 0 0 1
    outer loop
      vertex 15.9698484809835 18.9698484809835 4.7
      vertex 15.764636460905963 17.847271024790178 4.7
      vertex 15.932388203958281 17.56739414994644 4.7
    endloop
  endfacet
  facet normal 0 0 1
    outer loop
      vertex 15.664451793487311 19.246643904123495 4.7
      vertex 15.570259757431101 18.109357669844123 4.7
      vertex 15.764636460905963 17.847271024790178 4.7
    endloop
  endfacet
  facet normal 0 0 1
    outer loop
      vertex 15.664451793487311 19.246643904123495 4.7
      vertex 15.764636460905963 17.847271024790178 4.7
      vertex 15.9698484809835 18.9698484809835 4.7
    endloop
  endfacet
  facet normal 0 0 1
    outer loop
      vertex 15.9698484809835 18.9698484809835 4.7
      vertex 15.932388203958281 17.56739414994644 4.7
      vertex 16.071899445600028 17.272422412613924 4.7
    endloop
  endfacet
  facet normal 0 0 1
    outer loop
      vertex 16.246643904123495 18.66445179348731 4.7
      vertex 15.9698484809835 18.9698484809835 4.7
      vertex 16.071899445600028 17.272422412613924 4.7
    endloop
  endfacet
  facet normal 0 0 1
    outer loop
      vertex 16.49217237167069 13.666605021317672 4.7
      vertex 16.325 16 4.7
      vertex 16.308989216185054 15.674093008404212 4.7
    endloop
  endfacet
  facet normal 0 0 1
    outer loop
      vertex 16.49217237167069 13.666605021317672 4.7
      vertex 16.70406931026309 14.02013370533081 4.7
      vertex 16.49217237167069 18.33339497868233 4.7
    endloop
  endfacet
  facet normal 0 0 1
    outer loop
      vertex 16.70406931026309 14.02013370533081 4.7
      vertex 16.880294036547404 14.392729584066624 4.7
      vertex 16.70406931026309 17.97986629466919 4.7
    endloop
  endfacet
  facet normal 0 0 1
    outer loop
      vertex 16.49217237167069 13.666605021317672 4.7
      vertex 16.246643904123495 18.66445179348731 4.7
      vertex 16.325 16 4.7
    endloop
  endfacet
  facet normal 0 0 1
    outer loop
      vertex 16.70406931026309 14.02013370533081 4.7
      vertex 16.70406931026309 17.97986629466919 4.7
      vertex 16.49217237167069 18.33339497868233 4.7
    endloop
  endfacet
  facet normal 0 0 1
    outer loop
      vertex 16.880294036547404 14.392729584066624 4.7
      vertex 16.880294036547404 17.607270415933378 4.7
      vertex 16.70406931026309 17.97986629466919 4.7
    endloop
  endfacet
  facet normal 0 0 1
    outer loop
      vertex 16.880294036547404 14.392729584066624 4.7
      vertex 17.01914941007528 14.780804355531258 4.7
      vertex 16.880294036547404 17.607270415933378 4.7
    endloop
  endfacet
  facet normal 0 0 1
    outer loop
      vertex 17.01914941007528 14.780804355531258 4.7
      vertex 17.11929817769357 15.180620647532262 4.7
      vertex 17.01914941007528 17.21919564446874 4.7
    endloop
  endfacet
  facet normal 0 0 1
    outer loop
      vertex 17.11929817769357 15.180620647532262 4.7
      vertex 17.179775852023226 15.588328010615845 4.7
      vertex 17.11929817769357 16.819379352467738 4.7
    endloop
  endfacet
  facet normal 0 0 1
    outer loop
      vertex 17.179775852023226 15.588328010615845 4.7
      vertex 17.2 16 4.7
      vertex 17.179775852023226 16.411671989384153 4.7
    endloop
  endfacet
  facet normal 0 0 1
    outer loop
      vertex 17.179775852023226 15.588328010615845 4.7
      vertex 17.179775852023226 16.411671989384153 4.7
      vertex 17.11929817769357 16.819379352467738 4.7
    endloop
  endfacet
  facet normal 0 0 1
    outer loop
      vertex 17.01914941007528 14.780804355531258 4.7
      vertex 17.01914941007528 17.21919564446874 4.7
      vertex 16.880294036547404 17.607270415933378 4.7
    endloop
  endfacet
  facet normal 0 0 1
    outer loop
      vertex 17.11929817769357 15.180620647532262 4.7
      vertex 17.11929817769357 16.819379352467738 4.7
      vertex 17.01914941007528 17.21919564446874 4.7
    endloop
  endfacet
  facet normal 0 0 1
    outer loop
      vertex 16.246643904123495 18.66445179348731 4.7
      vertex 16.308989216185054 16.32590699159579 4.7
      vertex 16.325 16 4.7
    endloop
  endfacet
  facet normal 0 0 1
    outer loop
      vertex 16.246643904123495 18.66445179348731 4.7
      vertex 16.26111105734074 16.648675320703628 4.7
      vertex 16.308989216185054 16.32590699159579 4.7
    endloop
  endfacet
  facet normal 0 0 1
    outer loop
      vertex 16.49217237167069 13.666605021317672 4.7
      vertex 16.49217237167069 18.33339497868233 4.7
      vertex 16.246643904123495 18.66445179348731 4.7
    endloop
  endfacet
  facet normal 0 0 1
    outer loop
      vertex 15.333394978682328 19.49217237167069 4.7
      vertex 15.10935766984412 18.5702597574311 4.7
      vertex 15.35113004744527 18.35113004744527 4.7
    endloop
  endfacet
  facet normal 0 0 1
    outer loop
      vertex 14.97986629466919 19.70406931026309 4.7
      vertex 15.10935766984412 18.5702597574311 4.7
      vertex 15.333394978682328 19.49217237167069 4.7
    endloop
  endfacet
  facet normal 0 0 1
    outer loop
      vertex 15.333394978682328 19.49217237167069 4.7
      vertex 15.570259757431101 18.109357669844123 4.7
      vertex 15.664451793487311 19.246643904123495 4.7
    endloop
  endfacet
  facet normal 0 0 1
    outer loop
      vertex -13.749633074696101 23.599312773697903 1
      vertex -13.749633074696101 24.400687226302097 1
      vertex -13.785297602634593 23.674719082489673 1
    endloop
  endfacet
  facet normal 0 0 1
    outer loop
      vertex -13.833667488342746 23.834173226286293 1
      vertex -13.833667488342746 24.165826773713707 1
      vertex -13.845907017671367 23.916685430719873 1
    endloop
  endfacet
  facet normal 0 0 1
    outer loop
      vertex -13.845907017671367 23.916685430719873 1
      vertex -13.845907017671367 24.083314569280127 1
      vertex -13.85 24 1
    endloop
  endfacet
  facet normal 0 0 1
    outer loop
      vertex -13.845907017671367 23.916685430719873 1
      vertex -13.833667488342746 24.165826773713707 1
      vertex -13.845907017671367 24.083314569280127 1
    endloop
  endfacet
  facet normal 0 0 1
    outer loop
      vertex -13.813399285372377 23.753258024333707 1
      vertex -13.813399285372377 24.246741975666293 1
      vertex -13.833667488342746 23.834173226286293 1
    endloop
  endfacet
  facet normal 0 0 1
    outer loop
      vertex -13.813399285372377 23.753258024333707 1
      vertex -13.785297602634593 23.674719082489673 1
      vertex -13.785297602634593 24.325280917510327 1
    endloop
  endfacet
  facet normal 0 0 1
    outer loop
      vertex -13.833667488342746 23.834173226286293 1
      vertex -13.813399285372377 24.246741975666293 1
      vertex -13.833667488342746 24.165826773713707 1
    endloop
  endfacet
  facet normal 0 0 1
    outer loop
      vertex -13.813399285372377 23.753258024333707 1
      vertex -13.785297602634593 24.325280917510327 1
      vertex -13.813399285372377 24.246741975666293 1
    endloop
  endfacet
  facet normal 0 0 1
    outer loop
      vertex -13.785297602634593 23.674719082489673 1
      vertex -13.749633074696101 24.400687226302097 1
      vertex -13.785297602634593 24.325280917510327 1
    endloop
  endfacet
  facet normal 0 0 1
    outer loop
      vertex -13.706749170457163 23.52776530193334 1
      vertex -13.706749170457163 24.47223469806666 1
      vertex -13.749633074696101 23.599312773697903 1
    endloop
  endfacet
  facet normal 0 0 1
    outer loop
      vertex -13.706749170457163 23.52776530193334 1
      vertex -13.657058885358326 23.4607657084609 1
      vertex -13.657058885358326 24.5392342915391 1
    endloop
  endfacet
  facet normal 0 0 1
    outer loop
      vertex -13.601040764008566 23.398959235991434 1
      vertex -13.601040764008566 24.601040764008566 1
      vertex -13.657058885358326 23.4607657084609 1
    endloop
  endfacet
  facet normal 0 0 1
    outer loop
      vertex -13.601040764008566 23.398959235991434 1
      vertex -13.539234291539099 23.342941114641672 1
      vertex -13.539234291539099 24.657058885358328 1
    endloop
  endfacet
  facet normal 0 0 1
    outer loop
      vertex -13.539234291539099 23.342941114641672 1
      vertex -13.472234698066663 23.293250829542835 1
      vertex -13.472234698066663 24.706749170457165 1
    endloop
  endfacet
  facet normal 0 0 1
    outer loop
      vertex -13.749633074696101 23.599312773697903 1
      vertex -13.706749170457163 24.47223469806666 1
      vertex -13.749633074696101 24.400687226302097 1
    endloop
  endfacet
  facet normal 0 0 1
    outer loop
      vertex -13.706749170457163 23.52776530193334 1
      vertex -13.657058885358326 24.5392342915391 1
      vertex -13.706749170457163 24.47223469806666 1
    endloop
  endfacet
  facet normal 0 0 1
    outer loop
      vertex -13.657058885358326 23.4607657084609 1
      vertex -13.601040764008566 24.601040764008566 1
      vertex -13.657058885358326 24.5392342915391 1
    endloop
  endfacet
  facet normal 0 0 1
    outer loop
      vertex -13.601040764008566 23.398959235991434 1
      vertex -13.539234291539099 24.657058885358328 1
      vertex -13.601040764008566 24.601040764008566 1
    endloop
  endfacet
  facet normal 0 0 1
    outer loop
      vertex -13.539234291539099 23.342941114641672 1
      vertex -13.472234698066663 24.706749170457165 1
      vertex -13.539234291539099 24.657058885358328 1
    endloop
  endfacet
  facet normal 0 0 1
    outer loop
      vertex -13.472234698066663 23.293250829542835 1
      vertex -13.400687226302098 24.749633074696103 1
      vertex -13.472234698066663 24.706749170457165 1
    endloop
  endfacet
  facet normal 0 0 1
    outer loop
      vertex -13.472234698066663 23.293250829542835 1
      vertex -13.400687226302098 23.250366925303897 1
      vertex -13.400687226302098 24.749633074696103 1
    endloop
  endfacet
  facet normal 0 0 1
    outer loop
      vertex -13.400687226302098 23.250366925303897 1
      vertex -13.325280917510327 23.214702397365407 1
      vertex -13.325280917510327 24.785297602634593 1
    endloop
  endfacet
  facet normal 0 0 1
    outer loop
      vertex -13.325280917510327 23.214702397365407 1
      vertex -13.246741975666293 23.186600714627623 1
      vertex -13.246741975666293 24.813399285372377 1
    endloop
  endfacet
  facet normal 0 0 1
    outer loop
      vertex -13.16582677371371 23.166332511657256 1
      vertex -13.16582677371371 24.833667488342744 1
      vertex -13.246741975666293 23.186600714627623 1
    endloop
  endfacet
  facet normal 0 0 1
    outer loop
      vertex -13.400687226302098 23.250366925303897 1
      vertex -13.325280917510327 24.785297602634593 1
      vertex -13.400687226302098 24.749633074696103 1
    endloop
  endfacet
  facet normal 0 0 1
    outer loop
      vertex -13.325280917510327 23.214702397365407 1
      vertex -13.246741975666293 24.813399285372377 1
      vertex -13.325280917510327 24.785297602634593 1
    endloop
  endfacet
  facet normal 0 0 1
    outer loop
      vertex -13.246741975666293 23.186600714627623 1
      vertex -13.16582677371371 24.833667488342744 1
      vertex -13.246741975666293 24.813399285372377 1
    endloop
  endfacet
  facet normal 0 0 1
    outer loop
      vertex -13.16582677371371 23.166332511657256 1
      vertex -13.083314569280127 24.84590701767137 1
      vertex -13.16582677371371 24.833667488342744 1
    endloop
  endfacet
  facet normal 0 0 1
    outer loop
      vertex -13.16582677371371 23.166332511657256 1
      vertex -13.083314569280127 23.15409298232863 1
      vertex -13.083314569280127 24.84590701767137 1
    endloop
  endfacet
  facet normal 0 0 1
    outer loop
      vertex -13.083314569280127 23.15409298232863 1
      vertex -13 23.15 1
      vertex -13 24.85 1
    endloop
  endfacet
  facet normal 0 0 1
    outer loop
      vertex -13 23.15 1
      vertex -12.916685430719873 23.15409298232863 1
      vertex -12.916685430719873 24.84590701767137 1
    endloop
  endfacet
  facet normal 0 0 1
    outer loop
      vertex -12.916685430719873 23.15409298232863 1
      vertex -12.83417322628629 23.166332511657256 1
      vertex -12.83417322628629 24.833667488342744 1
    endloop
  endfacet
  facet normal 0 0 1
    outer loop
      vertex -13.083314569280127 23.15409298232863 1
      vertex -13 24.85 1
      vertex -13.083314569280127 24.84590701767137 1
    endloop
  endfacet
  facet normal 0 0 1
    outer loop
      vertex -13 23.15 1
      vertex -12.916685430719873 24.84590701767137 1
      vertex -13 24.85 1
    endloop
  endfacet
  facet normal 0 0 1
    outer loop
      vertex -12.916685430719873 23.15409298232863 1
      vertex -12.83417322628629 24.833667488342744 1
      vertex -12.916685430719873 24.84590701767137 1
    endloop
  endfacet
  facet normal 0 0 1
    outer loop
      vertex -12.83417322628629 23.166332511657256 1
      vertex -12.753258024333707 23.186600714627623 1
      vertex -12.753258024333707 24.813399285372377 1
    endloop
  endfacet
  facet normal 0 0 1
    outer loop
      vertex -12.753258024333707 23.186600714627623 1
      vertex -12.674719082489673 23.214702397365407 1
      vertex -12.674719082489673 24.785297602634593 1
    endloop
  endfacet
  facet normal 0 0 1
    outer loop
      vertex -12.674719082489673 23.214702397365407 1
      vertex -12.599312773697902 23.250366925303897 1
      vertex -12.599312773697902 24.749633074696103 1
    endloop
  endfacet
  facet normal 0 0 1
    outer loop
      vertex -12.599312773697902 23.250366925303897 1
      vertex -12.527765301933337 23.293250829542835 1
      vertex -12.527765301933337 24.706749170457165 1
    endloop
  endfacet
  facet normal 0 0 1
    outer loop
      vertex -12.83417322628629 23.166332511657256 1
      vertex -12.753258024333707 24.813399285372377 1
      vertex -12.83417322628629 24.833667488342744 1
    endloop
  endfacet
  facet normal 0 0 1
    outer loop
      vertex -12.753258024333707 23.186600714627623 1
      vertex -12.674719082489673 24.785297602634593 1
      vertex -12.753258024333707 24.813399285372377 1
    endloop
  endfacet
  facet normal 0 0 1
    outer loop
      vertex -12.674719082489673 23.214702397365407 1
      vertex -12.599312773697902 24.749633074696103 1
      vertex -12.674719082489673 24.785297602634593 1
    endloop
  endfacet
  facet normal 0 0 1
    outer loop
      vertex -12.599312773697902 23.250366925303897 1
      vertex -12.527765301933337 24.706749170457165 1
      vertex -12.599312773697902 24.749633074696103 1
    endloop
  endfacet
  facet normal 0 0 1
    outer loop
      vertex -12.527765301933337 23.293250829542835 1
      vertex -12.460765708460901 24.657058885358328 1
      vertex -12.527765301933337 24.706749170457165 1
    endloop
  endfacet
  facet normal 0 0 1
    outer loop
      vertex -12.527765301933337 23.293250829542835 1
      vertex -12.460765708460901 23.342941114641672 1
      vertex -12.460765708460901 24.657058885358328 1
    endloop
  endfacet
  facet normal 0 0 1
    outer loop
      vertex -12.460765708460901 23.342941114641672 1
      vertex -12.398959235991434 23.398959235991434 1
      vertex -12.398959235991434 24.601040764008566 1
    endloop
  endfacet
  facet normal 0 0 1
    outer loop
      vertex -12.398959235991434 23.398959235991434 1
      vertex -12.342941114641674 23.4607657084609 1
      vertex -12.342941114641674 24.5392342915391 1
    endloop
  endfacet
  facet normal 0 0 1
    outer loop
      vertex -12.342941114641674 23.4607657084609 1
      vertex -12.293250829542837 23.52776530193334 1
      vertex -12.293250829542837 24.47223469806666 1
    endloop
  endfacet
  facet normal 0 0 1
    outer loop
      vertex -12.293250829542837 23.52776530193334 1
      vertex -12.250366925303899 23.599312773697903 1
      vertex -12.250366925303899 24.400687226302097 1
    endloop
  endfacet
  facet normal 0 0 1
    outer loop
      vertex -12.250366925303899 23.599312773697903 1
      vertex -12.214702397365407 23.674719082489673 1
      vertex -12.214702397365407 24.325280917510327 1
    endloop
  endfacet
  facet normal 0 0 1
    outer loop
      vertex -12.214702397365407 23.674719082489673 1
      vertex -12.186600714627623 23.753258024333707 1
      vertex -12.186600714627623 24.246741975666293 1
    endloop
  endfacet
  facet normal 0 0 1
    outer loop
      vertex -12.460765708460901 23.342941114641672 1
      vertex -12.398959235991434 24.601040764008566 1
      vertex -12.460765708460901 24.657058885358328 1
    endloop
  endfacet
  facet normal 0 0 1
    outer loop
      vertex -12.398959235991434 23.398959235991434 1
      vertex -12.342941114641674 24.5392342915391 1
      vertex -12.398959235991434 24.601040764008566 1
    endloop
  endfacet
  facet normal 0 0 1
    outer loop
      vertex -12.293250829542837 23.52776530193334 1
      vertex -12.250366925303899 24.400687226302097 1
      vertex -12.293250829542837 24.47223469806666 1
    endloop
  endfacet
  facet normal 0 0 1
    outer loop
      vertex -12.250366925303899 23.599312773697903 1
      vertex -12.214702397365407 24.325280917510327 1
      vertex -12.250366925303899 24.400687226302097 1
    endloop
  endfacet
  facet normal 0 0 1
    outer loop
      vertex -12.214702397365407 23.674719082489673 1
      vertex -12.186600714627623 24.246741975666293 1
      vertex -12.214702397365407 24.325280917510327 1
    endloop
  endfacet
  facet normal 0 0 1
    outer loop
      vertex -12.342941114641674 23.4607657084609 1
      vertex -12.293250829542837 24.47223469806666 1
      vertex -12.342941114641674 24.5392342915391 1
    endloop
  endfacet
  facet normal 0 0 1
    outer loop
      vertex -12.186600714627623 23.753258024333707 1
      vertex -12.166332511657254 23.834173226286293 1
      vertex -12.166332511657254 24.165826773713707 1
    endloop
  endfacet
  facet normal 0 0 1
    outer loop
      vertex -12.166332511657254 23.834173226286293 1
      vertex -12.154092982328633 23.916685430719873 1
      vertex -12.154092982328633 24.083314569280127 1
    endloop
  endfacet
  facet normal 0 0 1
    outer loop
      vertex -12.154092982328633 23.916685430719873 1
      vertex -12.15 24 1
      vertex -12.154092982328633 24.083314569280127 1
    endloop
  endfacet
  facet normal 0 0 1
    outer loop
      vertex -12.166332511657254 23.834173226286293 1
      vertex -12.154092982328633 24.083314569280127 1
      vertex -12.166332511657254 24.165826773713707 1
    endloop
  endfacet
  facet normal 0 0 1
    outer loop
      vertex -12.186600714627623 23.753258024333707 1
      vertex -12.166332511657254 24.165826773713707 1
      vertex -12.186600714627623 24.246741975666293 1
    endloop
  endfacet
  facet normal 0.9039892931234408 0.4275550934302876 4.750113012268694e-19
    outer loop
      vertex -13.749633074696101 23.599312773697903 1
      vertex -13.785297602634593 23.674719082489673 1
      vertex -13.785297602634593 23.674719082489673 5
    endloop
  endfacet
  facet normal 0.9891765099647811 0.14673047445536 -6.895125706539333e-20
    outer loop
      vertex -13.833667488342746 23.834173226286293 1
      vertex -13.845907017671367 23.916685430719873 1
      vertex -13.845907017671367 23.916685430719873 5
    endloop
  endfacet
  facet normal 0.9415440651830207 0.3368898533922202 0
    outer loop
      vertex -13.813399285372377 23.753258024333707 1
      vertex -13.813399285372377 23.753258024333707 5
      vertex -13.785297602634593 23.674719082489673 1
    endloop
  endfacet
  facet normal 0.9700312531945428 0.24298017990326878 1.8887114600968262e-20
    outer loop
      vertex -13.813399285372377 23.753258024333707 1
      vertex -13.833667488342746 23.834173226286293 1
      vertex -13.833667488342746 23.834173226286293 5
    endloop
  endfacet
  facet normal 0.9987954562051724 0.04906767432741787 -2.5439007554363023e-20
    outer loop
      vertex -13.845907017671367 23.916685430719873 1
      vertex -13.85 24 1
      vertex -13.85 24 5
    endloop
  endfacet
  facet normal 0.9987954562051724 -0.04906767432741787 2.5439007554363023e-20
    outer loop
      vertex -13.85 24 1
      vertex -13.845907017671367 24.083314569280127 1
      vertex -13.845907017671367 24.083314569280127 5
    endloop
  endfacet
  facet normal 0.9891765099647811 -0.14673047445536 6.895125706539333e-20
    outer loop
      vertex -13.845907017671367 24.083314569280127 1
      vertex -13.833667488342746 24.165826773713707 1
      vertex -13.833667488342746 24.165826773713707 5
    endloop
  endfacet
  facet normal 0.9700312531945428 -0.24298017990326878 -1.8887114600968262e-20
    outer loop
      vertex -13.833667488342746 24.165826773713707 1
      vertex -13.813399285372377 24.246741975666293 1
      vertex -13.813399285372377 24.246741975666293 5
    endloop
  endfacet
  facet normal 0.9415440651830207 -0.3368898533922202 2.6262450211448256e-19
    outer loop
      vertex -13.813399285372377 24.246741975666293 1
      vertex -13.785297602634593 24.325280917510327 1
      vertex -13.785297602634593 24.325280917510327 5
    endloop
  endfacet
  facet normal 0.9039892931234408 -0.4275550934302876 -4.750113012268694e-19
    outer loop
      vertex -13.785297602634593 24.325280917510327 1
      vertex -13.749633074696101 24.400687226302097 1
      vertex -13.749633074696101 24.400687226302097 5
    endloop
  endfacet
  facet normal 0.6715589548470247 0.7409511253549534 0
    outer loop
      vertex -13.601040764008566 23.398959235991434 1
      vertex -13.601040764008566 23.398959235991434 5
      vertex -13.539234291539099 23.342941114641672 1
    endloop
  endfacet
  facet normal 0.5956993044924344 0.8032075314806443 0
    outer loop
      vertex -13.539234291539099 23.342941114641672 1
      vertex -13.539234291539099 23.342941114641672 5
      vertex -13.472234698066663 23.293250829542835 1
    endloop
  endfacet
  facet normal 0.5141027441932153 0.8577286100002759 0
    outer loop
      vertex -13.472234698066663 23.293250829542835 1
      vertex -13.472234698066663 23.293250829542835 5
      vertex -13.400687226302098 23.250366925303897 1
    endloop
  endfacet
  facet normal 0.4275550934302619 0.9039892931234528 0
    outer loop
      vertex -13.400687226302098 23.250366925303897 1
      vertex -13.400687226302098 23.250366925303897 5
      vertex -13.325280917510327 23.214702397365407 1
    endloop
  endfacet
  facet normal 0.3368898533922202 0.9415440651830207 0
    outer loop
      vertex -13.325280917510327 23.214702397365407 1
      vertex -13.325280917510327 23.214702397365407 5
      vertex -13.246741975666293 23.186600714627623 1
    endloop
  endfacet
  facet normal 0.24298017990325374 0.9700312531945465 -4.9706114091570533e-20
    outer loop
      vertex -13.16582677371371 23.166332511657256 1
      vertex -13.246741975666293 23.186600714627623 1
      vertex -13.246741975666293 23.186600714627623 5
    endloop
  endfacet
  facet normal 0.14673047445539858 0.9891765099647755 0
    outer loop
      vertex -13.16582677371371 23.166332511657256 1
      vertex -13.16582677371371 23.166332511657256 5
      vertex -13.083314569280127 23.15409298232863 1
    endloop
  endfacet
  facet normal 0.8032075314806518 0.5956993044924241 0
    outer loop
      vertex -13.706749170457163 23.52776530193334 1
      vertex -13.706749170457163 23.52776530193334 5
      vertex -13.657058885358326 23.4607657084609 1
    endloop
  endfacet
  facet normal 0.8577286100002759 0.5141027441932153 5.23198328237003e-19
    outer loop
      vertex -13.706749170457163 23.52776530193334 1
      vertex -13.749633074696101 23.599312773697903 1
      vertex -13.749633074696101 23.599312773697903 5
    endloop
  endfacet
  facet normal 0.7409511253549641 0.671558954847013 -4.483971984017106e-19
    outer loop
      vertex -13.601040764008566 23.398959235991434 1
      vertex -13.657058885358326 23.4607657084609 1
      vertex -13.657058885358326 23.4607657084609 5
    endloop
  endfacet
  facet normal 0.04906767432741787 0.9987954562051724 0
    outer loop
      vertex -13.083314569280127 23.15409298232863 1
      vertex -13.083314569280127 23.15409298232863 5
      vertex -13 23.15 1
    endloop
  endfacet
  facet normal -0.04906767432741787 0.9987954562051724 0
    outer loop
      vertex -13 23.15 1
      vertex -13 23.15 5
      vertex -12.916685430719873 23.15409298232863 1
    endloop
  endfacet
  facet normal -0.14673047445539858 0.9891765099647755 0
    outer loop
      vertex -12.916685430719873 23.15409298232863 1
      vertex -12.916685430719873 23.15409298232863 5
      vertex -12.83417322628629 23.166332511657256 1
    endloop
  endfacet
  facet normal -0.24298017990325374 0.9700312531945465 0
    outer loop
      vertex -12.83417322628629 23.166332511657256 1
      vertex -12.83417322628629 23.166332511657256 5
      vertex -12.753258024333707 23.186600714627623 1
    endloop
  endfacet
  facet normal -0.3368898533922202 0.9415440651830207 0
    outer loop
      vertex -12.753258024333707 23.186600714627623 1
      vertex -12.753258024333707 23.186600714627623 5
      vertex -12.674719082489673 23.214702397365407 1
    endloop
  endfacet
  facet normal -0.4275550934302619 0.9039892931234528 0
    outer loop
      vertex -12.674719082489673 23.214702397365407 1
      vertex -12.674719082489673 23.214702397365407 5
      vertex -12.599312773697902 23.250366925303897 1
    endloop
  endfacet
  facet normal -0.5141027441932153 0.8577286100002759 0
    outer loop
      vertex -12.599312773697902 23.250366925303897 1
      vertex -12.599312773697902 23.250366925303897 5
      vertex -12.527765301933337 23.293250829542835 1
    endloop
  endfacet
  facet normal -0.5956993044924344 0.8032075314806443 0
    outer loop
      vertex -12.527765301933337 23.293250829542835 1
      vertex -12.527765301933337 23.293250829542835 5
      vertex -12.460765708460901 23.342941114641672 1
    endloop
  endfacet
  facet normal 0.8577286100002759 -0.5141027441932153 -5.23198328237003e-19
    outer loop
      vertex -13.749633074696101 24.400687226302097 1
      vertex -13.706749170457163 24.47223469806666 1
      vertex -13.706749170457163 24.47223469806666 5
    endloop
  endfacet
  facet normal 0.8032075314806518 -0.5956993044924241 -2.0387707146412487e-19
    outer loop
      vertex -13.706749170457163 24.47223469806666 1
      vertex -13.657058885358326 24.5392342915391 1
      vertex -13.657058885358326 24.5392342915391 5
    endloop
  endfacet
  facet normal 0.7409511253549641 -0.671558954847013 4.483971984017106e-19
    outer loop
      vertex -13.657058885358326 24.5392342915391 1
      vertex -13.601040764008566 24.601040764008566 1
      vertex -13.601040764008566 24.601040764008566 5
    endloop
  endfacet
  facet normal 0.6715589548470247 -0.7409511253549534 -6.443032498715513e-19
    outer loop
      vertex -13.601040764008566 24.601040764008566 1
      vertex -13.539234291539099 24.657058885358328 1
      vertex -13.539234291539099 24.657058885358328 5
    endloop
  endfacet
  facet normal 0.5956993044924344 -0.8032075314806443 4.0518417295730683e-19
    outer loop
      vertex -13.539234291539099 24.657058885358328 1
      vertex -13.472234698066663 24.706749170457165 1
      vertex -13.472234698066663 24.706749170457165 5
    endloop
  endfacet
  facet normal 0.5141027441932153 -0.8577286100002759 -5.23198328237003e-19
    outer loop
      vertex -13.472234698066663 24.706749170457165 1
      vertex -13.400687226302098 24.749633074696103 1
      vertex -13.400687226302098 24.749633074696103 5
    endloop
  endfacet
  facet normal 0.4275550934302619 -0.9039892931234528 -1.9209646299321967e-19
    outer loop
      vertex -13.400687226302098 24.749633074696103 1
      vertex -13.325280917510327 24.785297602634593 1
      vertex -13.325280917510327 24.785297602634593 5
    endloop
  endfacet
  facet normal 0.3368898533922202 -0.9415440651830207 2.6262450211448256e-19
    outer loop
      vertex -13.325280917510327 24.785297602634593 1
      vertex -13.246741975666293 24.813399285372377 1
      vertex -13.246741975666293 24.813399285372377 5
    endloop
  endfacet
  facet normal 0.24298017990325374 -0.9700312531945465 4.9706114091570533e-20
    outer loop
      vertex -13.246741975666293 24.813399285372377 1
      vertex -13.16582677371371 24.833667488342744 1
      vertex -13.16582677371371 24.833667488342744 5
    endloop
  endfacet
  facet normal 0.14673047445539858 -0.9891765099647755 1.6395241303661689e-19
    outer loop
      vertex -13.16582677371371 24.833667488342744 1
      vertex -13.083314569280127 24.84590701767137 1
      vertex -13.083314569280127 24.84590701767137 5
    endloop
  endfacet
  facet normal -0.14673047445539858 -0.9891765099647755 -1.6395241303661689e-19
    outer loop
      vertex -12.916685430719873 24.84590701767137 1
      vertex -12.83417322628629 24.833667488342744 1
      vertex -12.83417322628629 24.833667488342744 5
    endloop
  endfacet
  facet normal 0.04906767432741787 -0.9987954562051724 2.5439007554363023e-20
    outer loop
      vertex -13.083314569280127 24.84590701767137 1
      vertex -13 24.85 1
      vertex -13 24.85 5
    endloop
  endfacet
  facet normal -0.04906767432741787 -0.9987954562051724 -2.5439007554363023e-20
    outer loop
      vertex -13 24.85 1
      vertex -12.916685430719873 24.84590701767137 1
      vertex -12.916685430719873 24.84590701767137 5
    endloop
  endfacet
  facet normal -0.24298017990325374 -0.9700312531945465 -4.9706114091570533e-20
    outer loop
      vertex -12.83417322628629 24.833667488342744 1
      vertex -12.753258024333707 24.813399285372377 1
      vertex -12.753258024333707 24.813399285372377 5
    endloop
  endfacet
  facet normal -0.3368898533922202 -0.9415440651830207 -2.6262450211448256e-19
    outer loop
      vertex -12.753258024333707 24.813399285372377 1
      vertex -12.674719082489673 24.785297602634593 1
      vertex -12.674719082489673 24.785297602634593 5
    endloop
  endfacet
  facet normal -0.4275550934302619 -0.9039892931234528 1.9209646299321967e-19
    outer loop
      vertex -12.674719082489673 24.785297602634593 1
      vertex -12.599312773697902 24.749633074696103 1
      vertex -12.599312773697902 24.749633074696103 5
    endloop
  endfacet
  facet normal -0.5141027441932153 -0.8577286100002759 0
    outer loop
      vertex -12.527765301933337 24.706749170457165 1
      vertex -12.527765301933337 24.706749170457165 5
      vertex -12.599312773697902 24.749633074696103 1
    endloop
  endfacet
  facet normal 0.9039892931234408 0.4275550934302876 0
    outer loop
      vertex -13.749633074696101 23.599312773697903 1
      vertex -13.785297602634593 23.674719082489673 5
      vertex -13.749633074696101 23.599312773697903 5
    endloop
  endfacet
  facet normal 0.9891765099647811 0.14673047445536 0
    outer loop
      vertex -13.833667488342746 23.834173226286293 1
      vertex -13.845907017671367 23.916685430719873 5
      vertex -13.833667488342746 23.834173226286293 5
    endloop
  endfacet
  facet normal 0.9415440651830207 0.3368898533922202 0
    outer loop
      vertex -13.785297602634593 23.674719082489673 1
      vertex -13.813399285372377 23.753258024333707 5
      vertex -13.785297602634593 23.674719082489673 5
    endloop
  endfacet
  facet normal 0.9700312531945428 0.24298017990326878 0
    outer loop
      vertex -13.813399285372377 23.753258024333707 1
      vertex -13.833667488342746 23.834173226286293 5
      vertex -13.813399285372377 23.753258024333707 5
    endloop
  endfacet
  facet normal 0.9987954562051724 0.04906767432741787 0
    outer loop
      vertex -13.845907017671367 23.916685430719873 1
      vertex -13.85 24 5
      vertex -13.845907017671367 23.916685430719873 5
    endloop
  endfacet
  facet normal 0.9987954562051724 -0.04906767432741787 0
    outer loop
      vertex -13.85 24 1
      vertex -13.845907017671367 24.083314569280127 5
      vertex -13.85 24 5
    endloop
  endfacet
  facet normal 0.9891765099647811 -0.14673047445536 0
    outer loop
      vertex -13.845907017671367 24.083314569280127 1
      vertex -13.833667488342746 24.165826773713707 5
      vertex -13.845907017671367 24.083314569280127 5
    endloop
  endfacet
  facet normal 0.9700312531945428 -0.24298017990326878 0
    outer loop
      vertex -13.833667488342746 24.165826773713707 1
      vertex -13.813399285372377 24.246741975666293 5
      vertex -13.833667488342746 24.165826773713707 5
    endloop
  endfacet
  facet normal 0.9415440651830207 -0.3368898533922202 0
    outer loop
      vertex -13.813399285372377 24.246741975666293 1
      vertex -13.785297602634593 24.325280917510327 5
      vertex -13.813399285372377 24.246741975666293 5
    endloop
  endfacet
  facet normal 0.9039892931234408 -0.4275550934302876 0
    outer loop
      vertex -13.785297602634593 24.325280917510327 1
      vertex -13.749633074696101 24.400687226302097 5
      vertex -13.785297602634593 24.325280917510327 5
    endloop
  endfacet
  facet normal 0.7409511253549641 0.671558954847013 0
    outer loop
      vertex -13.601040764008566 23.398959235991434 1
      vertex -13.657058885358326 23.4607657084609 5
      vertex -13.601040764008566 23.398959235991434 5
    endloop
  endfacet
  facet normal 0.6715589548470247 0.7409511253549534 0
    outer loop
      vertex -13.539234291539099 23.342941114641672 1
      vertex -13.601040764008566 23.398959235991434 5
      vertex -13.539234291539099 23.342941114641672 5
    endloop
  endfacet
  facet normal 0.5956993044924344 0.8032075314806443 0
    outer loop
      vertex -13.472234698066663 23.293250829542835 1
      vertex -13.539234291539099 23.342941114641672 5
      vertex -13.472234698066663 23.293250829542835 5
    endloop
  endfacet
  facet normal 0.5141027441932153 0.8577286100002759 0
    outer loop
      vertex -13.400687226302098 23.250366925303897 1
      vertex -13.472234698066663 23.293250829542835 5
      vertex -13.400687226302098 23.250366925303897 5
    endloop
  endfacet
  facet normal 0.4275550934302619 0.9039892931234528 0
    outer loop
      vertex -13.325280917510327 23.214702397365407 1
      vertex -13.400687226302098 23.250366925303897 5
      vertex -13.325280917510327 23.214702397365407 5
    endloop
  endfacet
  facet normal 0.3368898533922202 0.9415440651830207 0
    outer loop
      vertex -13.246741975666293 23.186600714627623 1
      vertex -13.325280917510327 23.214702397365407 5
      vertex -13.246741975666293 23.186600714627623 5
    endloop
  endfacet
  facet normal 0.24298017990325374 0.9700312531945465 0
    outer loop
      vertex -13.16582677371371 23.166332511657256 1
      vertex -13.246741975666293 23.186600714627623 5
      vertex -13.16582677371371 23.166332511657256 5
    endloop
  endfacet
  facet normal 0.8577286100002759 0.5141027441932153 0
    outer loop
      vertex -13.706749170457163 23.52776530193334 1
      vertex -13.749633074696101 23.599312773697903 5
      vertex -13.706749170457163 23.52776530193334 5
    endloop
  endfacet
  facet normal 0.8032075314806518 0.5956993044924241 0
    outer loop
      vertex -13.657058885358326 23.4607657084609 1
      vertex -13.706749170457163 23.52776530193334 5
      vertex -13.657058885358326 23.4607657084609 5
    endloop
  endfacet
  facet normal 0.14673047445539858 0.9891765099647755 0
    outer loop
      vertex -13.083314569280127 23.15409298232863 1
      vertex -13.16582677371371 23.166332511657256 5
      vertex -13.083314569280127 23.15409298232863 5
    endloop
  endfacet
  facet normal 0.04906767432741787 0.9987954562051724 0
    outer loop
      vertex -13 23.15 1
      vertex -13.083314569280127 23.15409298232863 5
      vertex -13 23.15 5
    endloop
  endfacet
  facet normal -0.04906767432741787 0.9987954562051724 0
    outer loop
      vertex -12.916685430719873 23.15409298232863 1
      vertex -13 23.15 5
      vertex -12.916685430719873 23.15409298232863 5
    endloop
  endfacet
  facet normal -0.14673047445539858 0.9891765099647755 0
    outer loop
      vertex -12.83417322628629 23.166332511657256 1
      vertex -12.916685430719873 23.15409298232863 5
      vertex -12.83417322628629 23.166332511657256 5
    endloop
  endfacet
  facet normal -0.24298017990325374 0.9700312531945465 0
    outer loop
      vertex -12.753258024333707 23.186600714627623 1
      vertex -12.83417322628629 23.166332511657256 5
      vertex -12.753258024333707 23.186600714627623 5
    endloop
  endfacet
  facet normal -0.3368898533922202 0.9415440651830207 0
    outer loop
      vertex -12.674719082489673 23.214702397365407 1
      vertex -12.753258024333707 23.186600714627623 5
      vertex -12.674719082489673 23.214702397365407 5
    endloop
  endfacet
  facet normal -0.4275550934302619 0.9039892931234528 0
    outer loop
      vertex -12.599312773697902 23.250366925303897 1
      vertex -12.674719082489673 23.214702397365407 5
      vertex -12.599312773697902 23.250366925303897 5
    endloop
  endfacet
  facet normal -0.5141027441932153 0.8577286100002759 0
    outer loop
      vertex -12.527765301933337 23.293250829542835 1
      vertex -12.599312773697902 23.250366925303897 5
      vertex -12.527765301933337 23.293250829542835 5
    endloop
  endfacet
  facet normal 0.8577286100002759 -0.5141027441932153 0
    outer loop
      vertex -13.749633074696101 24.400687226302097 1
      vertex -13.706749170457163 24.47223469806666 5
      vertex -13.749633074696101 24.400687226302097 5
    endloop
  endfacet
  facet normal 0.8032075314806518 -0.5956993044924241 0
    outer loop
      vertex -13.706749170457163 24.47223469806666 1
      vertex -13.657058885358326 24.5392342915391 5
      vertex -13.706749170457163 24.47223469806666 5
    endloop
  endfacet
  facet normal 0.7409511253549641 -0.671558954847013 0
    outer loop
      vertex -13.657058885358326 24.5392342915391 1
      vertex -13.601040764008566 24.601040764008566 5
      vertex -13.657058885358326 24.5392342915391 5
    endloop
  endfacet
  facet normal 0.6715589548470247 -0.7409511253549534 0
    outer loop
      vertex -13.601040764008566 24.601040764008566 1
      vertex -13.539234291539099 24.657058885358328 5
      vertex -13.601040764008566 24.601040764008566 5
    endloop
  endfacet
  facet normal 0.5956993044924344 -0.8032075314806443 0
    outer loop
      vertex -13.539234291539099 24.657058885358328 1
      vertex -13.472234698066663 24.706749170457165 5
      vertex -13.539234291539099 24.657058885358328 5
    endloop
  endfacet
  facet normal 0.5141027441932153 -0.8577286100002759 0
    outer loop
      vertex -13.472234698066663 24.706749170457165 1
      vertex -13.400687226302098 24.749633074696103 5
      vertex -13.472234698066663 24.706749170457165 5
    endloop
  endfacet
  facet normal 0.4275550934302619 -0.9039892931234528 0
    outer loop
      vertex -13.400687226302098 24.749633074696103 1
      vertex -13.325280917510327 24.785297602634593 5
      vertex -13.400687226302098 24.749633074696103 5
    endloop
  endfacet
  facet normal 0.3368898533922202 -0.9415440651830207 0
    outer loop
      vertex -13.325280917510327 24.785297602634593 1
      vertex -13.246741975666293 24.813399285372377 5
      vertex -13.325280917510327 24.785297602634593 5
    endloop
  endfacet
  facet normal 0.24298017990325374 -0.9700312531945465 0
    outer loop
      vertex -13.246741975666293 24.813399285372377 1
      vertex -13.16582677371371 24.833667488342744 5
      vertex -13.246741975666293 24.813399285372377 5
    endloop
  endfacet
  facet normal 0.14673047445539858 -0.9891765099647755 0
    outer loop
      vertex -13.16582677371371 24.833667488342744 1
      vertex -13.083314569280127 24.84590701767137 5
      vertex -13.16582677371371 24.833667488342744 5
    endloop
  endfacet
  facet normal -0.14673047445539858 -0.9891765099647755 0
    outer loop
      vertex -12.916685430719873 24.84590701767137 1
      vertex -12.83417322628629 24.833667488342744 5
      vertex -12.916685430719873 24.84590701767137 5
    endloop
  endfacet
  facet normal 0.04906767432741787 -0.9987954562051724 0
    outer loop
      vertex -13.083314569280127 24.84590701767137 1
      vertex -13 24.85 5
      vertex -13.083314569280127 24.84590701767137 5
    endloop
  endfacet
  facet normal -0.04906767432741787 -0.9987954562051724 0
    outer loop
      vertex -13 24.85 1
      vertex -12.916685430719873 24.84590701767137 5
      vertex -13 24.85 5
    endloop
  endfacet
  facet normal -0.24298017990325374 -0.9700312531945465 0
    outer loop
      vertex -12.83417322628629 24.833667488342744 1
      vertex -12.753258024333707 24.813399285372377 5
      vertex -12.83417322628629 24.833667488342744 5
    endloop
  endfacet
  facet normal -0.3368898533922202 -0.9415440651830207 0
    outer loop
      vertex -12.753258024333707 24.813399285372377 1
      vertex -12.674719082489673 24.785297602634593 5
      vertex -12.753258024333707 24.813399285372377 5
    endloop
  endfacet
  facet normal -0.4275550934302619 -0.9039892931234528 0
    outer loop
      vertex -12.674719082489673 24.785297602634593 1
      vertex -12.599312773697902 24.749633074696103 5
      vertex -12.674719082489673 24.785297602634593 5
    endloop
  endfacet
  facet normal -0.5956993044924344 -0.8032075314806443 0
    outer loop
      vertex -12.527765301933337 24.706749170457165 1
      vertex -12.460765708460901 24.657058885358328 5
      vertex -12.527765301933337 24.706749170457165 5
    endloop
  endfacet
  facet normal -0.5141027441932153 -0.8577286100002759 0
    outer loop
      vertex -12.599312773697902 24.749633074696103 1
      vertex -12.527765301933337 24.706749170457165 5
      vertex -12.599312773697902 24.749633074696103 5
    endloop
  endfacet
  facet normal -0.6715589548470247 0.7409511253549534 0
    outer loop
      vertex -12.460765708460901 23.342941114641672 1
      vertex -12.460765708460901 23.342941114641672 5
      vertex -12.398959235991434 23.398959235991434 1
    endloop
  endfacet
  facet normal -0.7409511253549641 0.671558954847013 0
    outer loop
      vertex -12.398959235991434 23.398959235991434 1
      vertex -12.398959235991434 23.398959235991434 5
      vertex -12.342941114641674 23.4607657084609 1
    endloop
  endfacet
  facet normal -0.8032075314806518 0.5956993044924241 0
    outer loop
      vertex -12.342941114641674 23.4607657084609 1
      vertex -12.342941114641674 23.4607657084609 5
      vertex -12.293250829542837 23.52776530193334 1
    endloop
  endfacet
  facet normal -0.8577286100002759 0.5141027441932153 0
    outer loop
      vertex -12.293250829542837 23.52776530193334 1
      vertex -12.293250829542837 23.52776530193334 5
      vertex -12.250366925303899 23.599312773697903 1
    endloop
  endfacet
  facet normal -0.9039892931234408 0.4275550934302876 0
    outer loop
      vertex -12.250366925303899 23.599312773697903 1
      vertex -12.250366925303899 23.599312773697903 5
      vertex -12.214702397365407 23.674719082489673 1
    endloop
  endfacet
  facet normal -0.9415440651830207 0.3368898533922202 0
    outer loop
      vertex -12.214702397365407 23.674719082489673 1
      vertex -12.214702397365407 23.674719082489673 5
      vertex -12.186600714627623 23.753258024333707 1
    endloop
  endfacet
  facet normal -0.9039892931234408 -0.4275550934302876 0
    outer loop
      vertex -12.214702397365407 24.325280917510327 1
      vertex -12.214702397365407 24.325280917510327 5
      vertex -12.250366925303899 24.400687226302097 1
    endloop
  endfacet
  facet normal -0.9415440651830207 -0.3368898533922202 -2.6262450211448256e-19
    outer loop
      vertex -12.214702397365407 24.325280917510327 1
      vertex -12.186600714627623 24.246741975666293 1
      vertex -12.186600714627623 24.246741975666293 5
    endloop
  endfacet
  facet normal -0.9700312531945428 0.24298017990326878 0
    outer loop
      vertex -12.186600714627623 23.753258024333707 1
      vertex -12.186600714627623 23.753258024333707 5
      vertex -12.166332511657254 23.834173226286293 1
    endloop
  endfacet
  facet normal -0.9891765099647811 0.14673047445536 0
    outer loop
      vertex -12.166332511657254 23.834173226286293 1
      vertex -12.166332511657254 23.834173226286293 5
      vertex -12.154092982328633 23.916685430719873 1
    endloop
  endfacet
  facet normal -0.9987954562051724 0.04906767432741787 0
    outer loop
      vertex -12.154092982328633 23.916685430719873 1
      vertex -12.154092982328633 23.916685430719873 5
      vertex -12.15 24 1
    endloop
  endfacet
  facet normal -0.9987954562051724 -0.04906767432741787 0
    outer loop
      vertex -12.15 24 1
      vertex -12.15 24 5
      vertex -12.154092982328633 24.083314569280127 1
    endloop
  endfacet
  facet normal -0.9891765099647811 -0.14673047445536 0
    outer loop
      vertex -12.154092982328633 24.083314569280127 1
      vertex -12.154092982328633 24.083314569280127 5
      vertex -12.166332511657254 24.165826773713707 1
    endloop
  endfacet
  facet normal -0.9700312531945428 -0.24298017990326878 0
    outer loop
      vertex -12.166332511657254 24.165826773713707 1
      vertex -12.166332511657254 24.165826773713707 5
      vertex -12.186600714627623 24.246741975666293 1
    endloop
  endfacet
  facet normal -0.7409511253549641 -0.671558954847013 0
    outer loop
      vertex -12.342941114641674 24.5392342915391 1
      vertex -12.342941114641674 24.5392342915391 5
      vertex -12.398959235991434 24.601040764008566 1
    endloop
  endfacet
  facet normal -0.5956993044924344 -0.8032075314806443 -4.0518417295730683e-19
    outer loop
      vertex -12.527765301933337 24.706749170457165 1
      vertex -12.460765708460901 24.657058885358328 1
      vertex -12.460765708460901 24.657058885358328 5
    endloop
  endfacet
  facet normal -0.6715589548470247 -0.7409511253549534 0
    outer loop
      vertex -12.398959235991434 24.601040764008566 1
      vertex -12.398959235991434 24.601040764008566 5
      vertex -12.460765708460901 24.657058885358328 1
    endloop
  endfacet
  facet normal -0.8032075314806518 -0.5956993044924241 2.0387707146412487e-19
    outer loop
      vertex -12.342941114641674 24.5392342915391 1
      vertex -12.293250829542837 24.47223469806666 1
      vertex -12.293250829542837 24.47223469806666 5
    endloop
  endfacet
  facet normal -0.8577286100002759 -0.5141027441932153 5.23198328237003e-19
    outer loop
      vertex -12.293250829542837 24.47223469806666 1
      vertex -12.250366925303899 24.400687226302097 1
      vertex -12.250366925303899 24.400687226302097 5
    endloop
  endfacet
  facet normal -0.5956993044924344 0.8032075314806443 0
    outer loop
      vertex -12.460765708460901 23.342941114641672 1
      vertex -12.527765301933337 23.293250829542835 5
      vertex -12.460765708460901 23.342941114641672 5
    endloop
  endfacet
  facet normal -0.6715589548470247 0.7409511253549534 0
    outer loop
      vertex -12.398959235991434 23.398959235991434 1
      vertex -12.460765708460901 23.342941114641672 5
      vertex -12.398959235991434 23.398959235991434 5
    endloop
  endfacet
  facet normal -0.7409511253549641 0.671558954847013 0
    outer loop
      vertex -12.342941114641674 23.4607657084609 1
      vertex -12.398959235991434 23.398959235991434 5
      vertex -12.342941114641674 23.4607657084609 5
    endloop
  endfacet
  facet normal -0.8032075314806518 0.5956993044924241 0
    outer loop
      vertex -12.293250829542837 23.52776530193334 1
      vertex -12.342941114641674 23.4607657084609 5
      vertex -12.293250829542837 23.52776530193334 5
    endloop
  endfacet
  facet normal -0.8577286100002759 0.5141027441932153 0
    outer loop
      vertex -12.250366925303899 23.599312773697903 1
      vertex -12.293250829542837 23.52776530193334 5
      vertex -12.250366925303899 23.599312773697903 5
    endloop
  endfacet
  facet normal -0.9039892931234408 0.4275550934302876 0
    outer loop
      vertex -12.214702397365407 23.674719082489673 1
      vertex -12.250366925303899 23.599312773697903 5
      vertex -12.214702397365407 23.674719082489673 5
    endloop
  endfacet
  facet normal -0.9415440651830207 0.3368898533922202 0
    outer loop
      vertex -12.186600714627623 23.753258024333707 1
      vertex -12.214702397365407 23.674719082489673 5
      vertex -12.186600714627623 23.753258024333707 5
    endloop
  endfacet
  facet normal -0.9415440651830207 -0.3368898533922202 0
    outer loop
      vertex -12.214702397365407 24.325280917510327 1
      vertex -12.186600714627623 24.246741975666293 5
      vertex -12.214702397365407 24.325280917510327 5
    endloop
  endfacet
  facet normal -0.9700312531945428 0.24298017990326878 0
    outer loop
      vertex -12.166332511657254 23.834173226286293 1
      vertex -12.186600714627623 23.753258024333707 5
      vertex -12.166332511657254 23.834173226286293 5
    endloop
  endfacet
  facet normal -0.9891765099647811 0.14673047445536 0
    outer loop
      vertex -12.154092982328633 23.916685430719873 1
      vertex -12.166332511657254 23.834173226286293 5
      vertex -12.154092982328633 23.916685430719873 5
    endloop
  endfacet
  facet normal -0.9987954562051724 0.04906767432741787 0
    outer loop
      vertex -12.15 24 1
      vertex -12.154092982328633 23.916685430719873 5
      vertex -12.15 24 5
    endloop
  endfacet
  facet normal -0.9987954562051724 -0.04906767432741787 0
    outer loop
      vertex -12.154092982328633 24.083314569280127 1
      vertex -12.15 24 5
      vertex -12.154092982328633 24.083314569280127 5
    endloop
  endfacet
  facet normal -0.9891765099647811 -0.14673047445536 0
    outer loop
      vertex -12.166332511657254 24.165826773713707 1
      vertex -12.154092982328633 24.083314569280127 5
      vertex -12.166332511657254 24.165826773713707 5
    endloop
  endfacet
  facet normal -0.9700312531945428 -0.24298017990326878 0
    outer loop
      vertex -12.186600714627623 24.246741975666293 1
      vertex -12.166332511657254 24.165826773713707 5
      vertex -12.186600714627623 24.246741975666293 5
    endloop
  endfacet
  facet normal -0.7409511253549641 -0.671558954847013 0
    outer loop
      vertex -12.398959235991434 24.601040764008566 1
      vertex -12.342941114641674 24.5392342915391 5
      vertex -12.398959235991434 24.601040764008566 5
    endloop
  endfacet
  facet normal -0.6715589548470247 -0.7409511253549534 0
    outer loop
      vertex -12.460765708460901 24.657058885358328 1
      vertex -12.398959235991434 24.601040764008566 5
      vertex -12.460765708460901 24.657058885358328 5
    endloop
  endfacet
  facet normal -0.8577286100002759 -0.5141027441932153 0
    outer loop
      vertex -12.293250829542837 24.47223469806666 1
      vertex -12.250366925303899 24.400687226302097 5
      vertex -12.293250829542837 24.47223469806666 5
    endloop
  endfacet
  facet normal -0.8032075314806518 -0.5956993044924241 0
    outer loop
      vertex -12.342941114641674 24.5392342915391 1
      vertex -12.293250829542837 24.47223469806666 5
      vertex -12.342941114641674 24.5392342915391 5
    endloop
  endfacet
  facet normal -0.9039892931234408 -0.4275550934302876 0
    outer loop
      vertex -12.250366925303899 24.400687226302097 1
      vertex -12.214702397365407 24.325280917510327 5
      vertex -12.250366925303899 24.400687226302097 5
    endloop
  endfacet
  facet normal 0 0 1
    outer loop
      vertex 12.186600714627623 23.753258024333707 1
      vertex 12.186600714627623 24.246741975666293 1
      vertex 12.166332511657254 23.834173226286293 1
    endloop
  endfacet
  facet normal 0 0 1
    outer loop
      vertex 12.154092982328633 23.916685430719873 1
      vertex 12.154092982328633 24.083314569280127 1
      vertex 12.15 24 1
    endloop
  endfacet
  facet normal 0 0 1
    outer loop
      vertex 12.166332511657254 23.834173226286293 1
      vertex 12.166332511657254 24.165826773713707 1
      vertex 12.154092982328633 23.916685430719873 1
    endloop
  endfacet
  facet normal 0 0 1
    outer loop
      vertex 12.154092982328633 23.916685430719873 1
      vertex 12.166332511657254 24.165826773713707 1
      vertex 12.154092982328633 24.083314569280127 1
    endloop
  endfacet
  facet normal 0 0 1
    outer loop
      vertex 12.166332511657254 23.834173226286293 1
      vertex 12.186600714627623 24.246741975666293 1
      vertex 12.166332511657254 24.165826773713707 1
    endloop
  endfacet
  facet normal 0 0 1
    outer loop
      vertex 12.250366925303899 23.599312773697903 1
      vertex 12.250366925303899 24.400687226302097 1
      vertex 12.214702397365407 23.674719082489673 1
    endloop
  endfacet
  facet normal 0 0 1
    outer loop
      vertex 12.293250829542837 23.52776530193334 1
      vertex 12.293250829542837 24.47223469806666 1
      vertex 12.250366925303899 23.599312773697903 1
    endloop
  endfacet
  facet normal 0 0 1
    outer loop
      vertex 12.293250829542837 23.52776530193334 1
      vertex 12.342941114641674 23.4607657084609 1
      vertex 12.342941114641674 24.5392342915391 1
    endloop
  endfacet
  facet normal 0 0 1
    outer loop
      vertex 12.398959235991434 23.398959235991434 1
      vertex 12.398959235991434 24.601040764008566 1
      vertex 12.342941114641674 23.4607657084609 1
    endloop
  endfacet
  facet normal 0 0 1
    outer loop
      vertex 12.398959235991434 23.398959235991434 1
      vertex 12.460765708460901 23.342941114641672 1
      vertex 12.460765708460901 24.657058885358328 1
    endloop
  endfacet
  facet normal 0 0 1
    outer loop
      vertex 12.186600714627623 23.753258024333707 1
      vertex 12.214702397365407 23.674719082489673 1
      vertex 12.214702397365407 24.325280917510327 1
    endloop
  endfacet
  facet normal 0 0 1
    outer loop
      vertex 12.186600714627623 23.753258024333707 1
      vertex 12.214702397365407 24.325280917510327 1
      vertex 12.186600714627623 24.246741975666293 1
    endloop
  endfacet
  facet normal 0 0 1
    outer loop
      vertex 12.214702397365407 23.674719082489673 1
      vertex 12.250366925303899 24.400687226302097 1
      vertex 12.214702397365407 24.325280917510327 1
    endloop
  endfacet
  facet normal 0 0 1
    outer loop
      vertex 12.250366925303899 23.599312773697903 1
      vertex 12.293250829542837 24.47223469806666 1
      vertex 12.250366925303899 24.400687226302097 1
    endloop
  endfacet
  facet normal 0 0 1
    outer loop
      vertex 12.293250829542837 23.52776530193334 1
      vertex 12.342941114641674 24.5392342915391 1
      vertex 12.293250829542837 24.47223469806666 1
    endloop
  endfacet
  facet normal 0 0 1
    outer loop
      vertex 12.342941114641674 23.4607657084609 1
      vertex 12.398959235991434 24.601040764008566 1
      vertex 12.342941114641674 24.5392342915391 1
    endloop
  endfacet
  facet normal 0 0 1
    outer loop
      vertex 12.398959235991434 23.398959235991434 1
      vertex 12.460765708460901 24.657058885358328 1
      vertex 12.398959235991434 24.601040764008566 1
    endloop
  endfacet
  facet normal 0 0 1
    outer loop
      vertex 12.460765708460901 23.342941114641672 1
      vertex 12.527765301933337 24.706749170457165 1
      vertex 12.460765708460901 24.657058885358328 1
    endloop
  endfacet
  facet normal 0 0 1
    outer loop
      vertex 12.460765708460901 23.342941114641672 1
      vertex 12.527765301933337 23.293250829542835 1
      vertex 12.527765301933337 24.706749170457165 1
    endloop
  endfacet
  facet normal 0 0 1
    outer loop
      vertex 12.527765301933337 23.293250829542835 1
      vertex 12.599312773697902 23.250366925303897 1
      vertex 12.599312773697902 24.749633074696103 1
    endloop
  endfacet
  facet normal 0 0 1
    outer loop
      vertex 12.599312773697902 23.250366925303897 1
      vertex 12.674719082489673 23.214702397365407 1
      vertex 12.674719082489673 24.785297602634593 1
    endloop
  endfacet
  facet normal 0 0 1
    outer loop
      vertex 12.674719082489673 23.214702397365407 1
      vertex 12.753258024333707 23.186600714627623 1
      vertex 12.753258024333707 24.813399285372377 1
    endloop
  endfacet
  facet normal 0 0 1
    outer loop
      vertex 12.83417322628629 23.166332511657256 1
      vertex 12.83417322628629 24.833667488342744 1
      vertex 12.753258024333707 23.186600714627623 1
    endloop
  endfacet
  facet normal 0 0 1
    outer loop
      vertex 12.527765301933337 23.293250829542835 1
      vertex 12.599312773697902 24.749633074696103 1
      vertex 12.527765301933337 24.706749170457165 1
    endloop
  endfacet
  facet normal 0 0 1
    outer loop
      vertex 12.599312773697902 23.250366925303897 1
      vertex 12.674719082489673 24.785297602634593 1
      vertex 12.599312773697902 24.749633074696103 1
    endloop
  endfacet
  facet normal 0 0 1
    outer loop
      vertex 12.674719082489673 23.214702397365407 1
      vertex 12.753258024333707 24.813399285372377 1
      vertex 12.674719082489673 24.785297602634593 1
    endloop
  endfacet
  facet normal 0 0 1
    outer loop
      vertex 12.753258024333707 23.186600714627623 1
      vertex 12.83417322628629 24.833667488342744 1
      vertex 12.753258024333707 24.813399285372377 1
    endloop
  endfacet
  facet normal 0 0 1
    outer loop
      vertex 12.83417322628629 23.166332511657256 1
      vertex 12.916685430719873 23.15409298232863 1
      vertex 12.916685430719873 24.84590701767137 1
    endloop
  endfacet
  facet normal 0 0 1
    outer loop
      vertex 12.916685430719873 23.15409298232863 1
      vertex 13 23.15 1
      vertex 13 24.85 1
    endloop
  endfacet
  facet normal 0 0 1
    outer loop
      vertex 13 23.15 1
      vertex 13.083314569280127 23.15409298232863 1
      vertex 13.083314569280127 24.84590701767137 1
    endloop
  endfacet
  facet normal 0 0 1
    outer loop
      vertex 12.83417322628629 23.166332511657256 1
      vertex 12.916685430719873 24.84590701767137 1
      vertex 12.83417322628629 24.833667488342744 1
    endloop
  endfacet
  facet normal 0 0 1
    outer loop
      vertex 12.916685430719873 23.15409298232863 1
      vertex 13 24.85 1
      vertex 12.916685430719873 24.84590701767137 1
    endloop
  endfacet
  facet normal 0 0 1
    outer loop
      vertex 13 23.15 1
      vertex 13.083314569280127 24.84590701767137 1
      vertex 13 24.85 1
    endloop
  endfacet
  facet normal 0 0 1
    outer loop
      vertex 13.083314569280127 23.15409298232863 1
      vertex 13.16582677371371 24.833667488342744 1
      vertex 13.083314569280127 24.84590701767137 1
    endloop
  endfacet
  facet normal 0 0 1
    outer loop
      vertex 13.083314569280127 23.15409298232863 1
      vertex 13.16582677371371 23.166332511657256 1
      vertex 13.16582677371371 24.833667488342744 1
    endloop
  endfacet
  facet normal 0 0 1
    outer loop
      vertex 13.16582677371371 23.166332511657256 1
      vertex 13.246741975666293 23.186600714627623 1
      vertex 13.246741975666293 24.813399285372377 1
    endloop
  endfacet
  facet normal 0 0 1
    outer loop
      vertex 13.246741975666293 23.186600714627623 1
      vertex 13.325280917510327 23.214702397365407 1
      vertex 13.325280917510327 24.785297602634593 1
    endloop
  endfacet
  facet normal 0 0 1
    outer loop
      vertex 13.325280917510327 23.214702397365407 1
      vertex 13.400687226302098 23.250366925303897 1
      vertex 13.400687226302098 24.749633074696103 1
    endloop
  endfacet
  facet normal 0 0 1
    outer loop
      vertex 13.16582677371371 23.166332511657256 1
      vertex 13.246741975666293 24.813399285372377 1
      vertex 13.16582677371371 24.833667488342744 1
    endloop
  endfacet
  facet normal 0 0 1
    outer loop
      vertex 13.246741975666293 23.186600714627623 1
      vertex 13.325280917510327 24.785297602634593 1
      vertex 13.246741975666293 24.813399285372377 1
    endloop
  endfacet
  facet normal 0 0 1
    outer loop
      vertex 13.325280917510327 23.214702397365407 1
      vertex 13.400687226302098 24.749633074696103 1
      vertex 13.325280917510327 24.785297602634593 1
    endloop
  endfacet
  facet normal 0 0 1
    outer loop
      vertex 13.400687226302098 23.250366925303897 1
      vertex 13.472234698066663 24.706749170457165 1
      vertex 13.400687226302098 24.749633074696103 1
    endloop
  endfacet
  facet normal 0 0 1
    outer loop
      vertex 13.400687226302098 23.250366925303897 1
      vertex 13.472234698066663 23.293250829542835 1
      vertex 13.472234698066663 24.706749170457165 1
    endloop
  endfacet
  facet normal 0 0 1
    outer loop
      vertex 13.472234698066663 23.293250829542835 1
      vertex 13.539234291539099 23.342941114641672 1
      vertex 13.539234291539099 24.657058885358328 1
    endloop
  endfacet
  facet normal 0 0 1
    outer loop
      vertex 13.539234291539099 23.342941114641672 1
      vertex 13.601040764008566 23.398959235991434 1
      vertex 13.601040764008566 24.601040764008566 1
    endloop
  endfacet
  facet normal 0 0 1
    outer loop
      vertex 13.601040764008566 23.398959235991434 1
      vertex 13.657058885358326 23.4607657084609 1
      vertex 13.657058885358326 24.5392342915391 1
    endloop
  endfacet
  facet normal 0 0 1
    outer loop
      vertex 13.657058885358326 23.4607657084609 1
      vertex 13.706749170457163 23.52776530193334 1
      vertex 13.706749170457163 24.47223469806666 1
    endloop
  endfacet
  facet normal 0 0 1
    outer loop
      vertex 13.706749170457163 23.52776530193334 1
      vertex 13.749633074696101 23.599312773697903 1
      vertex 13.749633074696101 24.400687226302097 1
    endloop
  endfacet
  facet normal 0 0 1
    outer loop
      vertex 13.472234698066663 23.293250829542835 1
      vertex 13.539234291539099 24.657058885358328 1
      vertex 13.472234698066663 24.706749170457165 1
    endloop
  endfacet
  facet normal 0 0 1
    outer loop
      vertex 13.539234291539099 23.342941114641672 1
      vertex 13.601040764008566 24.601040764008566 1
      vertex 13.539234291539099 24.657058885358328 1
    endloop
  endfacet
  facet normal 0 0 1
    outer loop
      vertex 13.706749170457163 23.52776530193334 1
      vertex 13.749633074696101 24.400687226302097 1
      vertex 13.706749170457163 24.47223469806666 1
    endloop
  endfacet
  facet normal 0 0 1
    outer loop
      vertex 13.601040764008566 23.398959235991434 1
      vertex 13.657058885358326 24.5392342915391 1
      vertex 13.601040764008566 24.601040764008566 1
    endloop
  endfacet
  facet normal 0 0 1
    outer loop
      vertex 13.657058885358326 23.4607657084609 1
      vertex 13.706749170457163 24.47223469806666 1
      vertex 13.657058885358326 24.5392342915391 1
    endloop
  endfacet
  facet normal 0 0 1
    outer loop
      vertex 13.749633074696101 23.599312773697903 1
      vertex 13.785297602634593 23.674719082489673 1
      vertex 13.785297602634593 24.325280917510327 1
    endloop
  endfacet
  facet normal 0 0 1
    outer loop
      vertex 13.785297602634593 23.674719082489673 1
      vertex 13.813399285372377 23.753258024333707 1
      vertex 13.813399285372377 24.246741975666293 1
    endloop
  endfacet
  facet normal 0 0 1
    outer loop
      vertex 13.813399285372377 23.753258024333707 1
      vertex 13.833667488342746 23.834173226286293 1
      vertex 13.833667488342746 24.165826773713707 1
    endloop
  endfacet
  facet normal 0 0 1
    outer loop
      vertex 13.749633074696101 23.599312773697903 1
      vertex 13.785297602634593 24.325280917510327 1
      vertex 13.749633074696101 24.400687226302097 1
    endloop
  endfacet
  facet normal 0 0 1
    outer loop
      vertex 13.813399285372377 23.753258024333707 1
      vertex 13.833667488342746 24.165826773713707 1
      vertex 13.813399285372377 24.246741975666293 1
    endloop
  endfacet
  facet normal 0 0 1
    outer loop
      vertex 13.785297602634593 23.674719082489673 1
      vertex 13.813399285372377 24.246741975666293 1
      vertex 13.785297602634593 24.325280917510327 1
    endloop
  endfacet
  facet normal 0 0 1
    outer loop
      vertex 13.833667488342746 23.834173226286293 1
      vertex 13.845907017671367 23.916685430719873 1
      vertex 13.845907017671367 24.083314569280127 1
    endloop
  endfacet
  facet normal 0 0 1
    outer loop
      vertex 13.845907017671367 23.916685430719873 1
      vertex 13.85 24 1
      vertex 13.845907017671367 24.083314569280127 1
    endloop
  endfacet
  facet normal 0 0 1
    outer loop
      vertex 13.833667488342746 23.834173226286293 1
      vertex 13.845907017671367 24.083314569280127 1
      vertex 13.833667488342746 24.165826773713707 1
    endloop
  endfacet
  facet normal 0.6715589548470247 0.7409511253549534 0
    outer loop
      vertex 12.398959235991434 23.398959235991434 1
      vertex 12.398959235991434 23.398959235991434 5
      vertex 12.460765708460901 23.342941114641672 1
    endloop
  endfacet
  facet normal 0.5956993044924344 0.8032075314806443 0
    outer loop
      vertex 12.460765708460901 23.342941114641672 1
      vertex 12.460765708460901 23.342941114641672 5
      vertex 12.527765301933337 23.293250829542835 1
    endloop
  endfacet
  facet normal 0.9700312531945428 0.24298017990326878 1.8887114600968262e-20
    outer loop
      vertex 12.186600714627623 23.753258024333707 1
      vertex 12.166332511657254 23.834173226286293 1
      vertex 12.166332511657254 23.834173226286293 5
    endloop
  endfacet
  facet normal 0.9891765099647811 0.14673047445536 -6.895125706539333e-20
    outer loop
      vertex 12.166332511657254 23.834173226286293 1
      vertex 12.154092982328633 23.916685430719873 1
      vertex 12.154092982328633 23.916685430719873 5
    endloop
  endfacet
  facet normal 0.9987954562051724 0.04906767432741787 -2.5439007554363023e-20
    outer loop
      vertex 12.154092982328633 23.916685430719873 1
      vertex 12.15 24 1
      vertex 12.15 24 5
    endloop
  endfacet
  facet normal 0.9987954562051724 -0.04906767432741787 2.5439007554363023e-20
    outer loop
      vertex 12.15 24 1
      vertex 12.154092982328633 24.083314569280127 1
      vertex 12.154092982328633 24.083314569280127 5
    endloop
  endfacet
  facet normal 0.9891765099647811 -0.14673047445536 6.895125706539333e-20
    outer loop
      vertex 12.154092982328633 24.083314569280127 1
      vertex 12.166332511657254 24.165826773713707 1
      vertex 12.166332511657254 24.165826773713707 5
    endloop
  endfacet
  facet normal 0.9700312531945428 -0.24298017990326878 -1.8887114600968262e-20
    outer loop
      vertex 12.166332511657254 24.165826773713707 1
      vertex 12.186600714627623 24.246741975666293 1
      vertex 12.186600714627623 24.246741975666293 5
    endloop
  endfacet
  facet normal 0.8577286100002759 0.5141027441932153 5.23198328237003e-19
    outer loop
      vertex 12.293250829542837 23.52776530193334 1
      vertex 12.250366925303899 23.599312773697903 1
      vertex 12.250366925303899 23.599312773697903 5
    endloop
  endfacet
  facet normal 0.9039892931234408 0.4275550934302876 4.750113012268694e-19
    outer loop
      vertex 12.250366925303899 23.599312773697903 1
      vertex 12.214702397365407 23.674719082489673 1
      vertex 12.214702397365407 23.674719082489673 5
    endloop
  endfacet
  facet normal 0.8032075314806518 0.5956993044924241 0
    outer loop
      vertex 12.293250829542837 23.52776530193334 1
      vertex 12.293250829542837 23.52776530193334 5
      vertex 12.342941114641674 23.4607657084609 1
    endloop
  endfacet
  facet normal 0.9415440651830207 0.3368898533922202 0
    outer loop
      vertex 12.186600714627623 23.753258024333707 1
      vertex 12.186600714627623 23.753258024333707 5
      vertex 12.214702397365407 23.674719082489673 1
    endloop
  endfacet
  facet normal 0.7409511253549641 0.671558954847013 -4.483971984017106e-19
    outer loop
      vertex 12.398959235991434 23.398959235991434 1
      vertex 12.342941114641674 23.4607657084609 1
      vertex 12.342941114641674 23.4607657084609 5
    endloop
  endfacet
  facet normal 0.9415440651830207 -0.3368898533922202 2.6262450211448256e-19
    outer loop
      vertex 12.186600714627623 24.246741975666293 1
      vertex 12.214702397365407 24.325280917510327 1
      vertex 12.214702397365407 24.325280917510327 5
    endloop
  endfacet
  facet normal 0.9039892931234408 -0.4275550934302876 -4.750113012268694e-19
    outer loop
      vertex 12.214702397365407 24.325280917510327 1
      vertex 12.250366925303899 24.400687226302097 1
      vertex 12.250366925303899 24.400687226302097 5
    endloop
  endfacet
  facet normal 0.8577286100002759 -0.5141027441932153 -5.23198328237003e-19
    outer loop
      vertex 12.250366925303899 24.400687226302097 1
      vertex 12.293250829542837 24.47223469806666 1
      vertex 12.293250829542837 24.47223469806666 5
    endloop
  endfacet
  facet normal 0.8032075314806518 -0.5956993044924241 -2.0387707146412487e-19
    outer loop
      vertex 12.293250829542837 24.47223469806666 1
      vertex 12.342941114641674 24.5392342915391 1
      vertex 12.342941114641674 24.5392342915391 5
    endloop
  endfacet
  facet normal 0.7409511253549641 -0.671558954847013 4.483971984017106e-19
    outer loop
      vertex 12.342941114641674 24.5392342915391 1
      vertex 12.398959235991434 24.601040764008566 1
      vertex 12.398959235991434 24.601040764008566 5
    endloop
  endfacet
  facet normal 0.6715589548470247 -0.7409511253549534 -6.443032498715513e-19
    outer loop
      vertex 12.398959235991434 24.601040764008566 1
      vertex 12.460765708460901 24.657058885358328 1
      vertex 12.460765708460901 24.657058885358328 5
    endloop
  endfacet
  facet normal 0.7409511253549641 0.671558954847013 0
    outer loop
      vertex 12.398959235991434 23.398959235991434 1
      vertex 12.342941114641674 23.4607657084609 5
      vertex 12.398959235991434 23.398959235991434 5
    endloop
  endfacet
  facet normal 0.6715589548470247 0.7409511253549534 0
    outer loop
      vertex 12.460765708460901 23.342941114641672 1
      vertex 12.398959235991434 23.398959235991434 5
      vertex 12.460765708460901 23.342941114641672 5
    endloop
  endfacet
  facet normal 0.9700312531945428 0.24298017990326878 0
    outer loop
      vertex 12.186600714627623 23.753258024333707 1
      vertex 12.166332511657254 23.834173226286293 5
      vertex 12.186600714627623 23.753258024333707 5
    endloop
  endfacet
  facet normal 0.9891765099647811 0.14673047445536 0
    outer loop
      vertex 12.166332511657254 23.834173226286293 1
      vertex 12.154092982328633 23.916685430719873 5
      vertex 12.166332511657254 23.834173226286293 5
    endloop
  endfacet
  facet normal 0.9987954562051724 0.04906767432741787 0
    outer loop
      vertex 12.154092982328633 23.916685430719873 1
      vertex 12.15 24 5
      vertex 12.154092982328633 23.916685430719873 5
    endloop
  endfacet
  facet normal 0.9987954562051724 -0.04906767432741787 0
    outer loop
      vertex 12.15 24 1
      vertex 12.154092982328633 24.083314569280127 5
      vertex 12.15 24 5
    endloop
  endfacet
  facet normal 0.9891765099647811 -0.14673047445536 0
    outer loop
      vertex 12.154092982328633 24.083314569280127 1
      vertex 12.166332511657254 24.165826773713707 5
      vertex 12.154092982328633 24.083314569280127 5
    endloop
  endfacet
  facet normal 0.9700312531945428 -0.24298017990326878 0
    outer loop
      vertex 12.166332511657254 24.165826773713707 1
      vertex 12.186600714627623 24.246741975666293 5
      vertex 12.166332511657254 24.165826773713707 5
    endloop
  endfacet
  facet normal 0.9039892931234408 0.4275550934302876 0
    outer loop
      vertex 12.250366925303899 23.599312773697903 1
      vertex 12.214702397365407 23.674719082489673 5
      vertex 12.250366925303899 23.599312773697903 5
    endloop
  endfacet
  facet normal 0.8577286100002759 0.5141027441932153 0
    outer loop
      vertex 12.293250829542837 23.52776530193334 1
      vertex 12.250366925303899 23.599312773697903 5
      vertex 12.293250829542837 23.52776530193334 5
    endloop
  endfacet
  facet normal 0.8032075314806518 0.5956993044924241 0
    outer loop
      vertex 12.342941114641674 23.4607657084609 1
      vertex 12.293250829542837 23.52776530193334 5
      vertex 12.342941114641674 23.4607657084609 5
    endloop
  endfacet
  facet normal 0.9415440651830207 0.3368898533922202 0
    outer loop
      vertex 12.214702397365407 23.674719082489673 1
      vertex 12.186600714627623 23.753258024333707 5
      vertex 12.214702397365407 23.674719082489673 5
    endloop
  endfacet
  facet normal 0.9415440651830207 -0.3368898533922202 0
    outer loop
      vertex 12.186600714627623 24.246741975666293 1
      vertex 12.214702397365407 24.325280917510327 5
      vertex 12.186600714627623 24.246741975666293 5
    endloop
  endfacet
  facet normal 0.9039892931234408 -0.4275550934302876 0
    outer loop
      vertex 12.214702397365407 24.325280917510327 1
      vertex 12.250366925303899 24.400687226302097 5
      vertex 12.214702397365407 24.325280917510327 5
    endloop
  endfacet
  facet normal 0.8577286100002759 -0.5141027441932153 0
    outer loop
      vertex 12.250366925303899 24.400687226302097 1
      vertex 12.293250829542837 24.47223469806666 5
      vertex 12.250366925303899 24.400687226302097 5
    endloop
  endfacet
  facet normal 0.8032075314806518 -0.5956993044924241 0
    outer loop
      vertex 12.293250829542837 24.47223469806666 1
      vertex 12.342941114641674 24.5392342915391 5
      vertex 12.293250829542837 24.47223469806666 5
    endloop
  endfacet
  facet normal 0.7409511253549641 -0.671558954847013 0
    outer loop
      vertex 12.342941114641674 24.5392342915391 1
      vertex 12.398959235991434 24.601040764008566 5
      vertex 12.342941114641674 24.5392342915391 5
    endloop
  endfacet
  facet normal 0.6715589548470247 -0.7409511253549534 0
    outer loop
      vertex 12.398959235991434 24.601040764008566 1
      vertex 12.460765708460901 24.657058885358328 5
      vertex 12.398959235991434 24.601040764008566 5
    endloop
  endfacet
  facet normal 0.5956993044924344 -0.8032075314806443 0
    outer loop
      vertex 12.460765708460901 24.657058885358328 1
      vertex 12.527765301933337 24.706749170457165 5
      vertex 12.460765708460901 24.657058885358328 5
    endloop
  endfacet
  facet normal 0.5141027441932153 0.8577286100002759 0
    outer loop
      vertex 12.527765301933337 23.293250829542835 1
      vertex 12.527765301933337 23.293250829542835 5
      vertex 12.599312773697902 23.250366925303897 1
    endloop
  endfacet
  facet normal 0.4275550934302619 0.9039892931234528 0
    outer loop
      vertex 12.599312773697902 23.250366925303897 1
      vertex 12.599312773697902 23.250366925303897 5
      vertex 12.674719082489673 23.214702397365407 1
    endloop
  endfacet
  facet normal 0.24298017990325374 0.9700312531945465 -4.9706114091570533e-20
    outer loop
      vertex 12.83417322628629 23.166332511657256 1
      vertex 12.753258024333707 23.186600714627623 1
      vertex 12.753258024333707 23.186600714627623 5
    endloop
  endfacet
  facet normal 0.3368898533922202 0.9415440651830207 0
    outer loop
      vertex 12.674719082489673 23.214702397365407 1
      vertex 12.674719082489673 23.214702397365407 5
      vertex 12.753258024333707 23.186600714627623 1
    endloop
  endfacet
  facet normal 0.14673047445539858 0.9891765099647755 0
    outer loop
      vertex 12.83417322628629 23.166332511657256 1
      vertex 12.83417322628629 23.166332511657256 5
      vertex 12.916685430719873 23.15409298232863 1
    endloop
  endfacet
  facet normal 0.04906767432741787 0.9987954562051724 0
    outer loop
      vertex 12.916685430719873 23.15409298232863 1
      vertex 12.916685430719873 23.15409298232863 5
      vertex 13 23.15 1
    endloop
  endfacet
  facet normal -0.04906767432741787 0.9987954562051724 0
    outer loop
      vertex 13 23.15 1
      vertex 13 23.15 5
      vertex 13.083314569280127 23.15409298232863 1
    endloop
  endfacet
  facet normal -0.14673047445539858 0.9891765099647755 0
    outer loop
      vertex 13.083314569280127 23.15409298232863 1
      vertex 13.083314569280127 23.15409298232863 5
      vertex 13.16582677371371 23.166332511657256 1
    endloop
  endfacet
  facet normal -0.24298017990325374 0.9700312531945465 0
    outer loop
      vertex 13.16582677371371 23.166332511657256 1
      vertex 13.16582677371371 23.166332511657256 5
      vertex 13.246741975666293 23.186600714627623 1
    endloop
  endfacet
  facet normal -0.3368898533922202 0.9415440651830207 0
    outer loop
      vertex 13.246741975666293 23.186600714627623 1
      vertex 13.246741975666293 23.186600714627623 5
      vertex 13.325280917510327 23.214702397365407 1
    endloop
  endfacet
  facet normal -0.4275550934302619 0.9039892931234528 0
    outer loop
      vertex 13.325280917510327 23.214702397365407 1
      vertex 13.325280917510327 23.214702397365407 5
      vertex 13.400687226302098 23.250366925303897 1
    endloop
  endfacet
  facet normal -0.5141027441932153 0.8577286100002759 0
    outer loop
      vertex 13.400687226302098 23.250366925303897 1
      vertex 13.400687226302098 23.250366925303897 5
      vertex 13.472234698066663 23.293250829542835 1
    endloop
  endfacet
  facet normal -0.5956993044924344 0.8032075314806443 0
    outer loop
      vertex 13.472234698066663 23.293250829542835 1
      vertex 13.472234698066663 23.293250829542835 5
      vertex 13.539234291539099 23.342941114641672 1
    endloop
  endfacet
  facet normal -0.6715589548470247 0.7409511253549534 0
    outer loop
      vertex 13.539234291539099 23.342941114641672 1
      vertex 13.539234291539099 23.342941114641672 5
      vertex 13.601040764008566 23.398959235991434 1
    endloop
  endfacet
  facet normal -0.7409511253549641 0.671558954847013 0
    outer loop
      vertex 13.601040764008566 23.398959235991434 1
      vertex 13.601040764008566 23.398959235991434 5
      vertex 13.657058885358326 23.4607657084609 1
    endloop
  endfacet
  facet normal -0.8032075314806518 0.5956993044924241 0
    outer loop
      vertex 13.657058885358326 23.4607657084609 1
      vertex 13.657058885358326 23.4607657084609 5
      vertex 13.706749170457163 23.52776530193334 1
    endloop
  endfacet
  facet normal -0.8577286100002759 0.5141027441932153 0
    outer loop
      vertex 13.706749170457163 23.52776530193334 1
      vertex 13.706749170457163 23.52776530193334 5
      vertex 13.749633074696101 23.599312773697903 1
    endloop
  endfacet
  facet normal 0.5956993044924344 -0.8032075314806443 4.0518417295730683e-19
    outer loop
      vertex 12.460765708460901 24.657058885358328 1
      vertex 12.527765301933337 24.706749170457165 1
      vertex 12.527765301933337 24.706749170457165 5
    endloop
  endfacet
  facet normal 0.5141027441932153 -0.8577286100002759 -5.23198328237003e-19
    outer loop
      vertex 12.527765301933337 24.706749170457165 1
      vertex 12.599312773697902 24.749633074696103 1
      vertex 12.599312773697902 24.749633074696103 5
    endloop
  endfacet
  facet normal 0.4275550934302619 -0.9039892931234528 -1.9209646299321967e-19
    outer loop
      vertex 12.599312773697902 24.749633074696103 1
      vertex 12.674719082489673 24.785297602634593 1
      vertex 12.674719082489673 24.785297602634593 5
    endloop
  endfacet
  facet normal 0.3368898533922202 -0.9415440651830207 2.6262450211448256e-19
    outer loop
      vertex 12.674719082489673 24.785297602634593 1
      vertex 12.753258024333707 24.813399285372377 1
      vertex 12.753258024333707 24.813399285372377 5
    endloop
  endfacet
  facet normal 0.24298017990325374 -0.9700312531945465 4.9706114091570533e-20
    outer loop
      vertex 12.753258024333707 24.813399285372377 1
      vertex 12.83417322628629 24.833667488342744 1
      vertex 12.83417322628629 24.833667488342744 5
    endloop
  endfacet
  facet normal 0.14673047445539858 -0.9891765099647755 1.6395241303661689e-19
    outer loop
      vertex 12.83417322628629 24.833667488342744 1
      vertex 12.916685430719873 24.84590701767137 1
      vertex 12.916685430719873 24.84590701767137 5
    endloop
  endfacet
  facet normal 0.04906767432741787 -0.9987954562051724 2.5439007554363023e-20
    outer loop
      vertex 12.916685430719873 24.84590701767137 1
      vertex 13 24.85 1
      vertex 13 24.85 5
    endloop
  endfacet
  facet normal -0.04906767432741787 -0.9987954562051724 -2.5439007554363023e-20
    outer loop
      vertex 13 24.85 1
      vertex 13.083314569280127 24.84590701767137 1
      vertex 13.083314569280127 24.84590701767137 5
    endloop
  endfacet
  facet normal -0.14673047445539858 -0.9891765099647755 -1.6395241303661689e-19
    outer loop
      vertex 13.083314569280127 24.84590701767137 1
      vertex 13.16582677371371 24.833667488342744 1
      vertex 13.16582677371371 24.833667488342744 5
    endloop
  endfacet
  facet normal -0.24298017990325374 -0.9700312531945465 -4.9706114091570533e-20
    outer loop
      vertex 13.16582677371371 24.833667488342744 1
      vertex 13.246741975666293 24.813399285372377 1
      vertex 13.246741975666293 24.813399285372377 5
    endloop
  endfacet
  facet normal -0.3368898533922202 -0.9415440651830207 -2.6262450211448256e-19
    outer loop
      vertex 13.246741975666293 24.813399285372377 1
      vertex 13.325280917510327 24.785297602634593 1
      vertex 13.325280917510327 24.785297602634593 5
    endloop
  endfacet
  facet normal -0.4275550934302619 -0.9039892931234528 1.9209646299321967e-19
    outer loop
      vertex 13.325280917510327 24.785297602634593 1
      vertex 13.400687226302098 24.749633074696103 1
      vertex 13.400687226302098 24.749633074696103 5
    endloop
  endfacet
  facet normal -0.5141027441932153 -0.8577286100002759 0
    outer loop
      vertex 13.472234698066663 24.706749170457165 1
      vertex 13.472234698066663 24.706749170457165 5
      vertex 13.400687226302098 24.749633074696103 1
    endloop
  endfacet
  facet normal -0.5956993044924344 -0.8032075314806443 -4.0518417295730683e-19
    outer loop
      vertex 13.472234698066663 24.706749170457165 1
      vertex 13.539234291539099 24.657058885358328 1
      vertex 13.539234291539099 24.657058885358328 5
    endloop
  endfacet
  facet normal -0.6715589548470247 -0.7409511253549534 0
    outer loop
      vertex 13.601040764008566 24.601040764008566 1
      vertex 13.601040764008566 24.601040764008566 5
      vertex 13.539234291539099 24.657058885358328 1
    endloop
  endfacet
  facet normal -0.7409511253549641 -0.671558954847013 0
    outer loop
      vertex 13.657058885358326 24.5392342915391 1
      vertex 13.657058885358326 24.5392342915391 5
      vertex 13.601040764008566 24.601040764008566 1
    endloop
  endfacet
  facet normal -0.8577286100002759 -0.5141027441932153 5.23198328237003e-19
    outer loop
      vertex 13.706749170457163 24.47223469806666 1
      vertex 13.749633074696101 24.400687226302097 1
      vertex 13.749633074696101 24.400687226302097 5
    endloop
  endfacet
  facet normal -0.8032075314806518 -0.5956993044924241 2.0387707146412487e-19
    outer loop
      vertex 13.657058885358326 24.5392342915391 1
      vertex 13.706749170457163 24.47223469806666 1
      vertex 13.706749170457163 24.47223469806666 5
    endloop
  endfacet
  facet normal -0.9039892931234408 0.4275550934302876 0
    outer loop
      vertex 13.749633074696101 23.599312773697903 1
      vertex 13.749633074696101 23.599312773697903 5
      vertex 13.785297602634593 23.674719082489673 1
    endloop
  endfacet
  facet normal -0.9415440651830207 0.3368898533922202 0
    outer loop
      vertex 13.785297602634593 23.674719082489673 1
      vertex 13.785297602634593 23.674719082489673 5
      vertex 13.813399285372377 23.753258024333707 1
    endloop
  endfacet
  facet normal -0.9700312531945428 0.24298017990326878 0
    outer loop
      vertex 13.813399285372377 23.753258024333707 1
      vertex 13.813399285372377 23.753258024333707 5
      vertex 13.833667488342746 23.834173226286293 1
    endloop
  endfacet
  facet normal -0.9891765099647811 0.14673047445536 0
    outer loop
      vertex 13.833667488342746 23.834173226286293 1
      vertex 13.833667488342746 23.834173226286293 5
      vertex 13.845907017671367 23.916685430719873 1
    endloop
  endfacet
  facet normal -0.9987954562051724 0.04906767432741787 0
    outer loop
      vertex 13.845907017671367 23.916685430719873 1
      vertex 13.845907017671367 23.916685430719873 5
      vertex 13.85 24 1
    endloop
  endfacet
  facet normal -0.9987954562051724 -0.04906767432741787 0
    outer loop
      vertex 13.85 24 1
      vertex 13.85 24 5
      vertex 13.845907017671367 24.083314569280127 1
    endloop
  endfacet
  facet normal -0.9891765099647811 -0.14673047445536 0
    outer loop
      vertex 13.845907017671367 24.083314569280127 1
      vertex 13.845907017671367 24.083314569280127 5
      vertex 13.833667488342746 24.165826773713707 1
    endloop
  endfacet
  facet normal -0.9700312531945428 -0.24298017990326878 1.8887114600968262e-20
    outer loop
      vertex 13.813399285372377 24.246741975666293 1
      vertex 13.833667488342746 24.165826773713707 1
      vertex 13.833667488342746 24.165826773713707 5
    endloop
  endfacet
  facet normal -0.9039892931234408 -0.4275550934302876 0
    outer loop
      vertex 13.785297602634593 24.325280917510327 1
      vertex 13.785297602634593 24.325280917510327 5
      vertex 13.749633074696101 24.400687226302097 1
    endloop
  endfacet
  facet normal -0.9415440651830207 -0.3368898533922202 0
    outer loop
      vertex 13.813399285372377 24.246741975666293 1
      vertex 13.813399285372377 24.246741975666293 5
      vertex 13.785297602634593 24.325280917510327 1
    endloop
  endfacet
  facet normal 0.5956993044924344 0.8032075314806443 0
    outer loop
      vertex 12.527765301933337 23.293250829542835 1
      vertex 12.460765708460901 23.342941114641672 5
      vertex 12.527765301933337 23.293250829542835 5
    endloop
  endfacet
  facet normal 0.5141027441932153 0.8577286100002759 0
    outer loop
      vertex 12.599312773697902 23.250366925303897 1
      vertex 12.527765301933337 23.293250829542835 5
      vertex 12.599312773697902 23.250366925303897 5
    endloop
  endfacet
  facet normal 0.4275550934302619 0.9039892931234528 0
    outer loop
      vertex 12.674719082489673 23.214702397365407 1
      vertex 12.599312773697902 23.250366925303897 5
      vertex 12.674719082489673 23.214702397365407 5
    endloop
  endfacet
  facet normal 0.3368898533922202 0.9415440651830207 0
    outer loop
      vertex 12.753258024333707 23.186600714627623 1
      vertex 12.674719082489673 23.214702397365407 5
      vertex 12.753258024333707 23.186600714627623 5
    endloop
  endfacet
  facet normal 0.24298017990325374 0.9700312531945465 0
    outer loop
      vertex 12.83417322628629 23.166332511657256 1
      vertex 12.753258024333707 23.186600714627623 5
      vertex 12.83417322628629 23.166332511657256 5
    endloop
  endfacet
  facet normal 0.14673047445539858 0.9891765099647755 0
    outer loop
      vertex 12.916685430719873 23.15409298232863 1
      vertex 12.83417322628629 23.166332511657256 5
      vertex 12.916685430719873 23.15409298232863 5
    endloop
  endfacet
  facet normal 0.04906767432741787 0.9987954562051724 0
    outer loop
      vertex 13 23.15 1
      vertex 12.916685430719873 23.15409298232863 5
      vertex 13 23.15 5
    endloop
  endfacet
  facet normal -0.04906767432741787 0.9987954562051724 0
    outer loop
      vertex 13.083314569280127 23.15409298232863 1
      vertex 13 23.15 5
      vertex 13.083314569280127 23.15409298232863 5
    endloop
  endfacet
  facet normal -0.14673047445539858 0.9891765099647755 0
    outer loop
      vertex 13.16582677371371 23.166332511657256 1
      vertex 13.083314569280127 23.15409298232863 5
      vertex 13.16582677371371 23.166332511657256 5
    endloop
  endfacet
  facet normal -0.24298017990325374 0.9700312531945465 0
    outer loop
      vertex 13.246741975666293 23.186600714627623 1
      vertex 13.16582677371371 23.166332511657256 5
      vertex 13.246741975666293 23.186600714627623 5
    endloop
  endfacet
  facet normal -0.3368898533922202 0.9415440651830207 0
    outer loop
      vertex 13.325280917510327 23.214702397365407 1
      vertex 13.246741975666293 23.186600714627623 5
      vertex 13.325280917510327 23.214702397365407 5
    endloop
  endfacet
  facet normal -0.4275550934302619 0.9039892931234528 0
    outer loop
      vertex 13.400687226302098 23.250366925303897 1
      vertex 13.325280917510327 23.214702397365407 5
      vertex 13.400687226302098 23.250366925303897 5
    endloop
  endfacet
  facet normal -0.5141027441932153 0.8577286100002759 0
    outer loop
      vertex 13.472234698066663 23.293250829542835 1
      vertex 13.400687226302098 23.250366925303897 5
      vertex 13.472234698066663 23.293250829542835 5
    endloop
  endfacet
  facet normal -0.5956993044924344 0.8032075314806443 0
    outer loop
      vertex 13.539234291539099 23.342941114641672 1
      vertex 13.472234698066663 23.293250829542835 5
      vertex 13.539234291539099 23.342941114641672 5
    endloop
  endfacet
  facet normal -0.6715589548470247 0.7409511253549534 0
    outer loop
      vertex 13.601040764008566 23.398959235991434 1
      vertex 13.539234291539099 23.342941114641672 5
      vertex 13.601040764008566 23.398959235991434 5
    endloop
  endfacet
  facet normal -0.7409511253549641 0.671558954847013 0
    outer loop
      vertex 13.657058885358326 23.4607657084609 1
      vertex 13.601040764008566 23.398959235991434 5
      vertex 13.657058885358326 23.4607657084609 5
    endloop
  endfacet
  facet normal -0.8032075314806518 0.5956993044924241 0
    outer loop
      vertex 13.706749170457163 23.52776530193334 1
      vertex 13.657058885358326 23.4607657084609 5
      vertex 13.706749170457163 23.52776530193334 5
    endloop
  endfacet
  facet normal -0.8577286100002759 0.5141027441932153 0
    outer loop
      vertex 13.749633074696101 23.599312773697903 1
      vertex 13.706749170457163 23.52776530193334 5
      vertex 13.749633074696101 23.599312773697903 5
    endloop
  endfacet
  facet normal 0.5141027441932153 -0.8577286100002759 0
    outer loop
      vertex 12.527765301933337 24.706749170457165 1
      vertex 12.599312773697902 24.749633074696103 5
      vertex 12.527765301933337 24.706749170457165 5
    endloop
  endfacet
  facet normal 0.4275550934302619 -0.9039892931234528 0
    outer loop
      vertex 12.599312773697902 24.749633074696103 1
      vertex 12.674719082489673 24.785297602634593 5
      vertex 12.599312773697902 24.749633074696103 5
    endloop
  endfacet
  facet normal 0.3368898533922202 -0.9415440651830207 0
    outer loop
      vertex 12.674719082489673 24.785297602634593 1
      vertex 12.753258024333707 24.813399285372377 5
      vertex 12.674719082489673 24.785297602634593 5
    endloop
  endfacet
  facet normal 0.24298017990325374 -0.9700312531945465 0
    outer loop
      vertex 12.753258024333707 24.813399285372377 1
      vertex 12.83417322628629 24.833667488342744 5
      vertex 12.753258024333707 24.813399285372377 5
    endloop
  endfacet
  facet normal 0.14673047445539858 -0.9891765099647755 0
    outer loop
      vertex 12.83417322628629 24.833667488342744 1
      vertex 12.916685430719873 24.84590701767137 5
      vertex 12.83417322628629 24.833667488342744 5
    endloop
  endfacet
  facet normal -0.14673047445539858 -0.9891765099647755 0
    outer loop
      vertex 13.083314569280127 24.84590701767137 1
      vertex 13.16582677371371 24.833667488342744 5
      vertex 13.083314569280127 24.84590701767137 5
    endloop
  endfacet
  facet normal 0.04906767432741787 -0.9987954562051724 0
    outer loop
      vertex 12.916685430719873 24.84590701767137 1
      vertex 13 24.85 5
      vertex 12.916685430719873 24.84590701767137 5
    endloop
  endfacet
  facet normal -0.04906767432741787 -0.9987954562051724 0
    outer loop
      vertex 13 24.85 1
      vertex 13.083314569280127 24.84590701767137 5
      vertex 13 24.85 5
    endloop
  endfacet
  facet normal -0.24298017990325374 -0.9700312531945465 0
    outer loop
      vertex 13.16582677371371 24.833667488342744 1
      vertex 13.246741975666293 24.813399285372377 5
      vertex 13.16582677371371 24.833667488342744 5
    endloop
  endfacet
  facet normal -0.3368898533922202 -0.9415440651830207 0
    outer loop
      vertex 13.246741975666293 24.813399285372377 1
      vertex 13.325280917510327 24.785297602634593 5
      vertex 13.246741975666293 24.813399285372377 5
    endloop
  endfacet
  facet normal -0.4275550934302619 -0.9039892931234528 0
    outer loop
      vertex 13.325280917510327 24.785297602634593 1
      vertex 13.400687226302098 24.749633074696103 5
      vertex 13.325280917510327 24.785297602634593 5
    endloop
  endfacet
  facet normal -0.5141027441932153 -0.8577286100002759 0
    outer loop
      vertex 13.400687226302098 24.749633074696103 1
      vertex 13.472234698066663 24.706749170457165 5
      vertex 13.400687226302098 24.749633074696103 5
    endloop
  endfacet
  facet normal -0.5956993044924344 -0.8032075314806443 0
    outer loop
      vertex 13.472234698066663 24.706749170457165 1
      vertex 13.539234291539099 24.657058885358328 5
      vertex 13.472234698066663 24.706749170457165 5
    endloop
  endfacet
  facet normal -0.6715589548470247 -0.7409511253549534 0
    outer loop
      vertex 13.539234291539099 24.657058885358328 1
      vertex 13.601040764008566 24.601040764008566 5
      vertex 13.539234291539099 24.657058885358328 5
    endloop
  endfacet
  facet normal -0.7409511253549641 -0.671558954847013 0
    outer loop
      vertex 13.601040764008566 24.601040764008566 1
      vertex 13.657058885358326 24.5392342915391 5
      vertex 13.601040764008566 24.601040764008566 5
    endloop
  endfacet
  facet normal -0.8577286100002759 -0.5141027441932153 0
    outer loop
      vertex 13.706749170457163 24.47223469806666 1
      vertex 13.749633074696101 24.400687226302097 5
      vertex 13.706749170457163 24.47223469806666 5
    endloop
  endfacet
  facet normal -0.8032075314806518 -0.5956993044924241 0
    outer loop
      vertex 13.657058885358326 24.5392342915391 1
      vertex 13.706749170457163 24.47223469806666 5
      vertex 13.657058885358326 24.5392342915391 5
    endloop
  endfacet
  facet normal -0.9039892931234408 0.4275550934302876 0
    outer loop
      vertex 13.785297602634593 23.674719082489673 1
      vertex 13.749633074696101 23.599312773697903 5
      vertex 13.785297602634593 23.674719082489673 5
    endloop
  endfacet
  facet normal -0.9415440651830207 0.3368898533922202 0
    outer loop
      vertex 13.813399285372377 23.753258024333707 1
      vertex 13.785297602634593 23.674719082489673 5
      vertex 13.813399285372377 23.753258024333707 5
    endloop
  endfacet
  facet normal -0.9700312531945428 0.24298017990326878 0
    outer loop
      vertex 13.833667488342746 23.834173226286293 1
      vertex 13.813399285372377 23.753258024333707 5
      vertex 13.833667488342746 23.834173226286293 5
    endloop
  endfacet
  facet normal -0.9891765099647811 0.14673047445536 0
    outer loop
      vertex 13.845907017671367 23.916685430719873 1
      vertex 13.833667488342746 23.834173226286293 5
      vertex 13.845907017671367 23.916685430719873 5
    endloop
  endfacet
  facet normal -0.9987954562051724 0.04906767432741787 0
    outer loop
      vertex 13.85 24 1
      vertex 13.845907017671367 23.916685430719873 5
      vertex 13.85 24 5
    endloop
  endfacet
  facet normal -0.9987954562051724 -0.04906767432741787 0
    outer loop
      vertex 13.845907017671367 24.083314569280127 1
      vertex 13.85 24 5
      vertex 13.845907017671367 24.083314569280127 5
    endloop
  endfacet
  facet normal -0.9891765099647811 -0.14673047445536 0
    outer loop
      vertex 13.833667488342746 24.165826773713707 1
      vertex 13.845907017671367 24.083314569280127 5
      vertex 13.833667488342746 24.165826773713707 5
    endloop
  endfacet
  facet normal -0.9700312531945428 -0.24298017990326878 0
    outer loop
      vertex 13.813399285372377 24.246741975666293 1
      vertex 13.833667488342746 24.165826773713707 5
      vertex 13.813399285372377 24.246741975666293 5
    endloop
  endfacet
  facet normal -0.9415440651830207 -0.3368898533922202 0
    outer loop
      vertex 13.785297602634593 24.325280917510327 1
      vertex 13.813399285372377 24.246741975666293 5
      vertex 13.785297602634593 24.325280917510327 5
    endloop
  endfacet
  facet normal -0.9039892931234408 -0.4275550934302876 0
    outer loop
      vertex 13.749633074696101 24.400687226302097 1
      vertex 13.785297602634593 24.325280917510327 5
      vertex 13.749633074696101 24.400687226302097 5
    endloop
  endfacet
  facet normal 0.9415440651830221 0.3368898533922164 -7.369958674062194e-19
    outer loop
      vertex -16.071899445600028 14.727577587386076 1
      vertex -16.181826616309593 15.034803448128912 1
      vertex -16.181826616309593 15.034803448128912 4.7
    endloop
  endfacet
  facet normal 0.9039892931234444 0.4275550934302799 0
    outer loop
      vertex -16.071899445600028 14.727577587386076 1
      vertex -16.071899445600028 14.727577587386076 4.7
      vertex -15.932388203958281 14.432605850053557 1
    endloop
  endfacet
  facet normal 0.857728610000272 0.5141027441932217 -1.0759301732897485e-18
    outer loop
      vertex -15.764636460905963 14.152728975209822 1
      vertex -15.932388203958281 14.432605850053557 1
      vertex -15.932388203958281 14.432605850053557 4.7
    endloop
  endfacet
  facet normal 0.8032075314806437 0.5956993044924349 0
    outer loop
      vertex -15.764636460905963 14.152728975209822 1
      vertex -15.764636460905963 14.152728975209822 4.7
      vertex -15.570259757431101 13.89064233015588 1
    endloop
  endfacet
  facet normal 0.7409511253549582 0.6715589548470192 1.160728368620153e-18
    outer loop
      vertex -15.35113004744527 13.64886995255473 1
      vertex -15.570259757431101 13.89064233015588 1
      vertex -15.570259757431101 13.89064233015588 4.7
    endloop
  endfacet
  facet normal 0.6715589548470192 0.7409511253549582 0
    outer loop
      vertex -15.35113004744527 13.64886995255473 1
      vertex -15.35113004744527 13.64886995255473 4.7
      vertex -15.10935766984412 13.429740242568899 1
    endloop
  endfacet
  facet normal 0.5956993044924349 0.8032075314806437 2.7098242738205014e-18
    outer loop
      vertex -14.847271024790178 13.235363539094037 1
      vertex -15.10935766984412 13.429740242568899 1
      vertex -15.10935766984412 13.429740242568899 4.7
    endloop
  endfacet
  facet normal 0.8032075314806437 0.5956993044924349 0
    outer loop
      vertex -15.570259757431101 13.89064233015588 1
      vertex -15.764636460905963 14.152728975209822 4.7
      vertex -15.570259757431101 13.89064233015588 4.7
    endloop
  endfacet
  facet normal 0.9039892931234444 0.4275550934302799 0
    outer loop
      vertex -15.932388203958281 14.432605850053557 1
      vertex -16.071899445600028 14.727577587386076 4.7
      vertex -15.932388203958281 14.432605850053557 4.7
    endloop
  endfacet
  facet normal 0.9415440651830221 0.3368898533922164 0
    outer loop
      vertex -16.071899445600028 14.727577587386076 1
      vertex -16.181826616309593 15.034803448128912 4.7
      vertex -16.071899445600028 14.727577587386076 4.7
    endloop
  endfacet
  facet normal 0.857728610000272 0.5141027441932217 0
    outer loop
      vertex -15.764636460905963 14.152728975209822 1
      vertex -15.932388203958281 14.432605850053557 4.7
      vertex -15.764636460905963 14.152728975209822 4.7
    endloop
  endfacet
  facet normal 0.7409511253549582 0.6715589548470192 0
    outer loop
      vertex -15.35113004744527 13.64886995255473 1
      vertex -15.570259757431101 13.89064233015588 4.7
      vertex -15.35113004744527 13.64886995255473 4.7
    endloop
  endfacet
  facet normal 0.6715589548470192 0.7409511253549582 0
    outer loop
      vertex -15.10935766984412 13.429740242568899 1
      vertex -15.35113004744527 13.64886995255473 4.7
      vertex -15.10935766984412 13.429740242568899 4.7
    endloop
  endfacet
  facet normal 0 0 1
    outer loop
      vertex -14.272422412613924 12.928100554399972 1
      vertex -13.965196551871088 12.818173383690405 1
      vertex -13.965196551871088 19.181826616309593 1
    endloop
  endfacet
  facet normal 0 0 1
    outer loop
      vertex -13.965196551871088 12.818173383690405 1
      vertex -13.648675320703626 12.738888942659258 1
      vertex -13.648675320703626 19.26111105734074 1
    endloop
  endfacet
  facet normal 0 0 1
    outer loop
      vertex -13.648675320703626 12.738888942659258 1
      vertex -13.325906991595788 12.691010783814946 1
      vertex -13.325906991595788 19.308989216185054 1
    endloop
  endfacet
  facet normal 0 0 1
    outer loop
      vertex -13.325906991595788 12.691010783814946 1
      vertex -13 12.675 1
      vertex -13 19.325 1
    endloop
  endfacet
  facet normal 0 0 1
    outer loop
      vertex -13 12.675 1
      vertex -12.674093008404212 12.691010783814946 1
      vertex -12.674093008404212 19.308989216185054 1
    endloop
  endfacet
  facet normal 0 0 1
    outer loop
      vertex -12.674093008404212 12.691010783814946 1
      vertex -12.351324679296374 12.738888942659258 1
      vertex -12.351324679296374 19.26111105734074 1
    endloop
  endfacet
  facet normal 0 0 1
    outer loop
      vertex -12.351324679296374 12.738888942659258 1
      vertex -12.034803448128912 12.818173383690405 1
      vertex -12.034803448128912 19.181826616309593 1
    endloop
  endfacet
  facet normal 0 0 1
    outer loop
      vertex -12.034803448128912 12.818173383690405 1
      vertex -11.727577587386076 12.928100554399972 1
      vertex -11.727577587386076 19.071899445600028 1
    endloop
  endfacet
  facet normal 0 0 1
    outer loop
      vertex -11.727577587386076 12.928100554399972 1
      vertex -11.432605850053557 13.067611796041719 1
      vertex -11.432605850053557 18.93238820395828 1
    endloop
  endfacet
  facet normal 0.4275550934302799 0.9039892931234444 7.375667047809903e-19
    outer loop
      vertex -14.272422412613924 12.928100554399972 1
      vertex -14.567394149946443 13.067611796041719 1
      vertex -14.567394149946443 13.067611796041719 4.7
    endloop
  endfacet
  facet normal 0.33688985339222116 0.9415440651830204 0
    outer loop
      vertex -14.272422412613924 12.928100554399972 1
      vertex -14.272422412613924 12.928100554399972 4.7
      vertex -13.965196551871088 12.818173383690405 1
    endloop
  endfacet
  facet normal 0.242980179903264 0.9700312531945439 0
    outer loop
      vertex -13.965196551871088 12.818173383690405 1
      vertex -13.965196551871088 12.818173383690405 4.7
      vertex -13.648675320703626 12.738888942659258 1
    endloop
  endfacet
  facet normal 0.5141027441932217 0.857728610000272 -1.0759301732897485e-18
    outer loop
      vertex -14.567394149946443 13.067611796041719 1
      vertex -14.847271024790178 13.235363539094037 1
      vertex -14.847271024790178 13.235363539094037 4.7
    endloop
  endfacet
  facet normal 0.14673047445535944 0.9891765099647812 0
    outer loop
      vertex -13.648675320703626 12.738888942659258 1
      vertex -13.648675320703626 12.738888942659258 4.7
      vertex -13.325906991595788 12.691010783814946 1
    endloop
  endfacet
  facet normal 0.049067674327417106 0.9987954562051724 0
    outer loop
      vertex -13.325906991595788 12.691010783814946 1
      vertex -13.325906991595788 12.691010783814946 4.7
      vertex -13 12.675 1
    endloop
  endfacet
  facet normal -0.049067674327417106 0.9987954562051724 0
    outer loop
      vertex -13 12.675 1
      vertex -13 12.675 4.7
      vertex -12.674093008404212 12.691010783814946 1
    endloop
  endfacet
  facet normal -0.14673047445535944 0.9891765099647812 0
    outer loop
      vertex -12.674093008404212 12.691010783814946 1
      vertex -12.674093008404212 12.691010783814946 4.7
      vertex -12.351324679296374 12.738888942659258 1
    endloop
  endfacet
  facet normal 0.5141027441932217 0.857728610000272 0
    outer loop
      vertex -14.567394149946443 13.067611796041719 1
      vertex -14.847271024790178 13.235363539094037 4.7
      vertex -14.567394149946443 13.067611796041719 4.7
    endloop
  endfacet
  facet normal 0.4275550934302799 0.9039892931234444 0
    outer loop
      vertex -14.272422412613924 12.928100554399972 1
      vertex -14.567394149946443 13.067611796041719 4.7
      vertex -14.272422412613924 12.928100554399972 4.7
    endloop
  endfacet
  facet normal 0.33688985339222116 0.9415440651830204 0
    outer loop
      vertex -13.965196551871088 12.818173383690405 1
      vertex -14.272422412613924 12.928100554399972 4.7
      vertex -13.965196551871088 12.818173383690405 4.7
    endloop
  endfacet
  facet normal 0.242980179903264 0.9700312531945439 0
    outer loop
      vertex -13.648675320703626 12.738888942659258 1
      vertex -13.965196551871088 12.818173383690405 4.7
      vertex -13.648675320703626 12.738888942659258 4.7
    endloop
  endfacet
  facet normal 0.5956993044924349 0.8032075314806437 0
    outer loop
      vertex -14.847271024790178 13.235363539094037 1
      vertex -15.10935766984412 13.429740242568899 4.7
      vertex -14.847271024790178 13.235363539094037 4.7
    endloop
  endfacet
  facet normal 0.14673047445535944 0.9891765099647812 0
    outer loop
      vertex -13.325906991595788 12.691010783814946 1
      vertex -13.648675320703626 12.738888942659258 4.7
      vertex -13.325906991595788 12.691010783814946 4.7
    endloop
  endfacet
  facet normal 0.049067674327417106 0.9987954562051724 0
    outer loop
      vertex -13 12.675 1
      vertex -13.325906991595788 12.691010783814946 4.7
      vertex -13 12.675 4.7
    endloop
  endfacet
  facet normal -0.049067674327417106 0.9987954562051724 0
    outer loop
      vertex -12.674093008404212 12.691010783814946 1
      vertex -13 12.675 4.7
      vertex -12.674093008404212 12.691010783814946 4.7
    endloop
  endfacet
  facet normal -0.242980179903264 0.9700312531945439 0
    outer loop
      vertex -12.351324679296374 12.738888942659258 1
      vertex -12.351324679296374 12.738888942659258 4.7
      vertex -12.034803448128912 12.818173383690405 1
    endloop
  endfacet
  facet normal -0.33688985339222116 0.9415440651830204 0
    outer loop
      vertex -12.034803448128912 12.818173383690405 1
      vertex -12.034803448128912 12.818173383690405 4.7
      vertex -11.727577587386076 12.928100554399972 1
    endloop
  endfacet
  facet normal -0.4275550934302799 0.9039892931234444 0
    outer loop
      vertex -11.727577587386076 12.928100554399972 1
      vertex -11.727577587386076 12.928100554399972 4.7
      vertex -11.432605850053557 13.067611796041719 1
    endloop
  endfacet
  facet normal -0.5141027441932217 0.857728610000272 0
    outer loop
      vertex -11.432605850053557 13.067611796041719 1
      vertex -11.432605850053557 13.067611796041719 4.7
      vertex -11.152728975209822 13.235363539094037 1
    endloop
  endfacet
  facet normal -0.5956993044924349 0.8032075314806437 0
    outer loop
      vertex -11.152728975209822 13.235363539094037 1
      vertex -11.152728975209822 13.235363539094037 4.7
      vertex -10.89064233015588 13.429740242568899 1
    endloop
  endfacet
  facet normal -0.6715589548470192 0.7409511253549582 0
    outer loop
      vertex -10.89064233015588 13.429740242568899 1
      vertex -10.89064233015588 13.429740242568899 4.7
      vertex -10.64886995255473 13.64886995255473 1
    endloop
  endfacet
  facet normal -0.7409511253549582 0.6715589548470192 0
    outer loop
      vertex -10.64886995255473 13.64886995255473 1
      vertex -10.64886995255473 13.64886995255473 4.7
      vertex -10.429740242568899 13.89064233015588 1
    endloop
  endfacet
  facet normal -0.8032075314806437 0.5956993044924349 0
    outer loop
      vertex -10.429740242568899 13.89064233015588 1
      vertex -10.429740242568899 13.89064233015588 4.7
      vertex -10.235363539094037 14.152728975209822 1
    endloop
  endfacet
  facet normal -0.857728610000272 0.5141027441932217 0
    outer loop
      vertex -10.235363539094037 14.152728975209822 1
      vertex -10.235363539094037 14.152728975209822 4.7
      vertex -10.067611796041719 14.432605850053557 1
    endloop
  endfacet
  facet normal -0.9039892931234444 0.4275550934302799 0
    outer loop
      vertex -10.067611796041719 14.432605850053557 1
      vertex -10.067611796041719 14.432605850053557 4.7
      vertex -9.928100554399972 14.727577587386076 1
    endloop
  endfacet
  facet normal -0.14673047445535944 0.9891765099647812 0
    outer loop
      vertex -12.351324679296374 12.738888942659258 1
      vertex -12.674093008404212 12.691010783814946 4.7
      vertex -12.351324679296374 12.738888942659258 4.7
    endloop
  endfacet
  facet normal -0.242980179903264 0.9700312531945439 0
    outer loop
      vertex -12.034803448128912 12.818173383690405 1
      vertex -12.351324679296374 12.738888942659258 4.7
      vertex -12.034803448128912 12.818173383690405 4.7
    endloop
  endfacet
  facet normal -0.33688985339222116 0.9415440651830204 0
    outer loop
      vertex -11.727577587386076 12.928100554399972 1
      vertex -12.034803448128912 12.818173383690405 4.7
      vertex -11.727577587386076 12.928100554399972 4.7
    endloop
  endfacet
  facet normal -0.4275550934302799 0.9039892931234444 0
    outer loop
      vertex -11.432605850053557 13.067611796041719 1
      vertex -11.727577587386076 12.928100554399972 4.7
      vertex -11.432605850053557 13.067611796041719 4.7
    endloop
  endfacet
  facet normal -0.5141027441932217 0.857728610000272 0
    outer loop
      vertex -11.152728975209822 13.235363539094037 1
      vertex -11.432605850053557 13.067611796041719 4.7
      vertex -11.152728975209822 13.235363539094037 4.7
    endloop
  endfacet
  facet normal -0.5956993044924349 0.8032075314806437 0
    outer loop
      vertex -10.89064233015588 13.429740242568899 1
      vertex -11.152728975209822 13.235363539094037 4.7
      vertex -10.89064233015588 13.429740242568899 4.7
    endloop
  endfacet
  facet normal -0.6715589548470192 0.7409511253549582 0
    outer loop
      vertex -10.64886995255473 13.64886995255473 1
      vertex -10.89064233015588 13.429740242568899 4.7
      vertex -10.64886995255473 13.64886995255473 4.7
    endloop
  endfacet
  facet normal -0.7409511253549582 0.6715589548470192 0
    outer loop
      vertex -10.429740242568899 13.89064233015588 1
      vertex -10.64886995255473 13.64886995255473 4.7
      vertex -10.429740242568899 13.89064233015588 4.7
    endloop
  endfacet
  facet normal -0.8032075314806437 0.5956993044924349 0
    outer loop
      vertex -10.235363539094037 14.152728975209822 1
      vertex -10.429740242568899 13.89064233015588 4.7
      vertex -10.235363539094037 14.152728975209822 4.7
    endloop
  endfacet
  facet normal -0.857728610000272 0.5141027441932217 0
    outer loop
      vertex -10.067611796041719 14.432605850053557 1
      vertex -10.235363539094037 14.152728975209822 4.7
      vertex -10.067611796041719 14.432605850053557 4.7
    endloop
  endfacet
  facet normal 0 0 1
    outer loop
      vertex -16.26111105734074 15.351324679296374 1
      vertex -16.26111105734074 16.648675320703628 1
      vertex -16.308989216185054 15.674093008404212 1
    endloop
  endfacet
  facet normal 0 0 1
    outer loop
      vertex -16.308989216185054 15.674093008404212 1
      vertex -16.308989216185054 16.32590699159579 1
      vertex -16.325 16 1
    endloop
  endfacet
  facet normal 0 0 1
    outer loop
      vertex -16.308989216185054 15.674093008404212 1
      vertex -16.26111105734074 16.648675320703628 1
      vertex -16.308989216185054 16.32590699159579 1
    endloop
  endfacet
  facet normal 0 0 1
    outer loop
      vertex -16.071899445600028 14.727577587386076 1
      vertex -16.071899445600028 17.272422412613924 1
      vertex -16.181826616309593 15.034803448128912 1
    endloop
  endfacet
  facet normal 0 0 1
    outer loop
      vertex -16.181826616309593 15.034803448128912 1
      vertex -16.181826616309593 16.965196551871088 1
      vertex -16.26111105734074 15.351324679296374 1
    endloop
  endfacet
  facet normal 0 0 1
    outer loop
      vertex -16.071899445600028 14.727577587386076 1
      vertex -15.932388203958281 14.432605850053557 1
      vertex -15.932388203958281 17.56739414994644 1
    endloop
  endfacet
  facet normal 0 0 1
    outer loop
      vertex -15.764636460905963 14.152728975209822 1
      vertex -15.570259757431101 13.89064233015588 1
      vertex -15.570259757431101 18.109357669844123 1
    endloop
  endfacet
  facet normal 0 0 1
    outer loop
      vertex -15.764636460905963 14.152728975209822 1
      vertex -15.764636460905963 17.847271024790178 1
      vertex -15.932388203958281 14.432605850053557 1
    endloop
  endfacet
  facet normal 0 0 1
    outer loop
      vertex -16.26111105734074 15.351324679296374 1
      vertex -16.181826616309593 16.965196551871088 1
      vertex -16.26111105734074 16.648675320703628 1
    endloop
  endfacet
  facet normal 0 0 1
    outer loop
      vertex -16.181826616309593 15.034803448128912 1
      vertex -16.071899445600028 17.272422412613924 1
      vertex -16.181826616309593 16.965196551871088 1
    endloop
  endfacet
  facet normal 0 0 1
    outer loop
      vertex -16.071899445600028 14.727577587386076 1
      vertex -15.932388203958281 17.56739414994644 1
      vertex -16.071899445600028 17.272422412613924 1
    endloop
  endfacet
  facet normal 0 0 1
    outer loop
      vertex -15.932388203958281 14.432605850053557 1
      vertex -15.764636460905963 17.847271024790178 1
      vertex -15.932388203958281 17.56739414994644 1
    endloop
  endfacet
  facet normal 0 0 1
    outer loop
      vertex -15.764636460905963 14.152728975209822 1
      vertex -15.570259757431101 18.109357669844123 1
      vertex -15.764636460905963 17.847271024790178 1
    endloop
  endfacet
  facet normal 0 0 1
    outer loop
      vertex -15.35113004744527 13.64886995255473 1
      vertex -15.35113004744527 18.35113004744527 1
      vertex -15.570259757431101 13.89064233015588 1
    endloop
  endfacet
  facet normal 0 0 1
    outer loop
      vertex -15.35113004744527 13.64886995255473 1
      vertex -15.10935766984412 13.429740242568899 1
      vertex -15.10935766984412 18.5702597574311 1
    endloop
  endfacet
  facet normal 0 0 1
    outer loop
      vertex -15.570259757431101 13.89064233015588 1
      vertex -15.35113004744527 18.35113004744527 1
      vertex -15.570259757431101 18.109357669844123 1
    endloop
  endfacet
  facet normal 0 0 1
    outer loop
      vertex -15.35113004744527 13.64886995255473 1
      vertex -15.10935766984412 18.5702597574311 1
      vertex -15.35113004744527 18.35113004744527 1
    endloop
  endfacet
  facet normal 0 0 1
    outer loop
      vertex -15.10935766984412 13.429740242568899 1
      vertex -14.847271024790178 18.76463646090596 1
      vertex -15.10935766984412 18.5702597574311 1
    endloop
  endfacet
  facet normal 0.9891765099647812 0.14673047445535944 -2.853525874680314e-19
    outer loop
      vertex -16.26111105734074 15.351324679296374 1
      vertex -16.308989216185054 15.674093008404212 1
      vertex -16.308989216185054 15.674093008404212 4.7
    endloop
  endfacet
  facet normal 0.9987954562051724 0.049067674327417106 -1.7604673853378576e-19
    outer loop
      vertex -16.308989216185054 15.674093008404212 1
      vertex -16.325 16 1
      vertex -16.325 16 4.7
    endloop
  endfacet
  facet normal 0.9987954562051724 -0.04906767432741685 2.523874335898505e-20
    outer loop
      vertex -16.325 16 1
      vertex -16.308989216185054 16.32590699159579 1
      vertex -16.308989216185054 16.32590699159579 4.7
    endloop
  endfacet
  facet normal 0.9891765099647812 -0.14673047445535944 2.853525874680314e-19
    outer loop
      vertex -16.308989216185054 16.32590699159579 1
      vertex -16.26111105734074 16.648675320703628 1
      vertex -16.26111105734074 16.648675320703628 4.7
    endloop
  endfacet
  facet normal 0.9700312531945426 0.24298017990326912 -1.312845369103414e-18
    outer loop
      vertex -16.181826616309593 15.034803448128912 1
      vertex -16.26111105734074 15.351324679296374 1
      vertex -16.26111105734074 15.351324679296374 4.7
    endloop
  endfacet
  facet normal 0.9700312531945424 -0.24298017990327045 -3.930800263680245e-19
    outer loop
      vertex -16.26111105734074 16.648675320703628 1
      vertex -16.181826616309593 16.965196551871088 1
      vertex -16.181826616309593 16.965196551871088 4.7
    endloop
  endfacet
  facet normal 0.9415440651830221 -0.3368898533922164 7.369958674062194e-19
    outer loop
      vertex -16.181826616309593 16.965196551871088 1
      vertex -16.071899445600028 17.272422412613924 1
      vertex -16.071899445600028 17.272422412613924 4.7
    endloop
  endfacet
  facet normal 0.9039892931234434 -0.4275550934302819 9.011442056646957e-19
    outer loop
      vertex -16.071899445600028 17.272422412613924 1
      vertex -15.932388203958281 17.56739414994644 1
      vertex -15.932388203958281 17.56739414994644 4.7
    endloop
  endfacet
  facet normal 0.8577286100002735 -0.5141027441932192 7.566404008046246e-19
    outer loop
      vertex -15.932388203958281 17.56739414994644 1
      vertex -15.764636460905963 17.847271024790178 1
      vertex -15.764636460905963 17.847271024790178 4.7
    endloop
  endfacet
  facet normal 0.8032075314806457 -0.5956993044924322 1.660705906410593e-18
    outer loop
      vertex -15.764636460905963 17.847271024790178 1
      vertex -15.570259757431101 18.109357669844123 1
      vertex -15.570259757431101 18.109357669844123 4.7
    endloop
  endfacet
  facet normal 0.7409511253549559 -0.671558954847022 -1.7194087071112483e-18
    outer loop
      vertex -15.570259757431101 18.109357669844123 1
      vertex -15.35113004744527 18.35113004744527 1
      vertex -15.35113004744527 18.35113004744527 4.7
    endloop
  endfacet
  facet normal 0.6715589548470163 -0.740951125354961 -5.499445310615526e-19
    outer loop
      vertex -15.35113004744527 18.35113004744527 1
      vertex -15.10935766984412 18.5702597574311 1
      vertex -15.10935766984412 18.5702597574311 4.7
    endloop
  endfacet
  facet normal 0.9891765099647812 0.14673047445535944 0
    outer loop
      vertex -16.26111105734074 15.351324679296374 1
      vertex -16.308989216185054 15.674093008404212 4.7
      vertex -16.26111105734074 15.351324679296374 4.7
    endloop
  endfacet
  facet normal 0.9987954562051724 0.049067674327417106 0
    outer loop
      vertex -16.308989216185054 15.674093008404212 1
      vertex -16.325 16 4.7
      vertex -16.308989216185054 15.674093008404212 4.7
    endloop
  endfacet
  facet normal 0.9987954562051724 -0.04906767432741685 0
    outer loop
      vertex -16.325 16 1
      vertex -16.308989216185054 16.32590699159579 4.7
      vertex -16.325 16 4.7
    endloop
  endfacet
  facet normal 0.9891765099647812 -0.14673047445535944 0
    outer loop
      vertex -16.308989216185054 16.32590699159579 1
      vertex -16.26111105734074 16.648675320703628 4.7
      vertex -16.308989216185054 16.32590699159579 4.7
    endloop
  endfacet
  facet normal 0.9700312531945426 0.24298017990326912 0
    outer loop
      vertex -16.181826616309593 15.034803448128912 1
      vertex -16.26111105734074 15.351324679296374 4.7
      vertex -16.181826616309593 15.034803448128912 4.7
    endloop
  endfacet
  facet normal 0.9700312531945424 -0.24298017990327045 0
    outer loop
      vertex -16.26111105734074 16.648675320703628 1
      vertex -16.181826616309593 16.965196551871088 4.7
      vertex -16.26111105734074 16.648675320703628 4.7
    endloop
  endfacet
  facet normal 0.9415440651830221 -0.3368898533922164 0
    outer loop
      vertex -16.181826616309593 16.965196551871088 1
      vertex -16.071899445600028 17.272422412613924 4.7
      vertex -16.181826616309593 16.965196551871088 4.7
    endloop
  endfacet
  facet normal 0.9039892931234434 -0.4275550934302819 0
    outer loop
      vertex -16.071899445600028 17.272422412613924 1
      vertex -15.932388203958281 17.56739414994644 4.7
      vertex -16.071899445600028 17.272422412613924 4.7
    endloop
  endfacet
  facet normal 0.8577286100002735 -0.5141027441932192 0
    outer loop
      vertex -15.932388203958281 17.56739414994644 1
      vertex -15.764636460905963 17.847271024790178 4.7
      vertex -15.932388203958281 17.56739414994644 4.7
    endloop
  endfacet
  facet normal 0.8032075314806457 -0.5956993044924322 0
    outer loop
      vertex -15.764636460905963 17.847271024790178 1
      vertex -15.570259757431101 18.109357669844123 4.7
      vertex -15.764636460905963 17.847271024790178 4.7
    endloop
  endfacet
  facet normal 0.7409511253549559 -0.671558954847022 0
    outer loop
      vertex -15.570259757431101 18.109357669844123 1
      vertex -15.35113004744527 18.35113004744527 4.7
      vertex -15.570259757431101 18.109357669844123 4.7
    endloop
  endfacet
  facet normal 0.6715589548470163 -0.740951125354961 0
    outer loop
      vertex -15.35113004744527 18.35113004744527 1
      vertex -15.10935766984412 18.5702597574311 4.7
      vertex -15.35113004744527 18.35113004744527 4.7
    endloop
  endfacet
  facet normal 0.5956993044924349 -0.8032075314806437 0
    outer loop
      vertex -15.10935766984412 18.5702597574311 1
      vertex -14.847271024790178 18.76463646090596 4.7
      vertex -15.10935766984412 18.5702597574311 4.7
    endloop
  endfacet
  facet normal 0 0 1
    outer loop
      vertex -14.847271024790178 13.235363539094037 1
      vertex -14.847271024790178 18.76463646090596 1
      vertex -15.10935766984412 13.429740242568899 1
    endloop
  endfacet
  facet normal 0 0 1
    outer loop
      vertex -14.567394149946443 13.067611796041719 1
      vertex -14.567394149946443 18.93238820395828 1
      vertex -14.847271024790178 13.235363539094037 1
    endloop
  endfacet
  facet normal 0 0 1
    outer loop
      vertex -14.272422412613924 12.928100554399972 1
      vertex -14.272422412613924 19.071899445600028 1
      vertex -14.567394149946443 13.067611796041719 1
    endloop
  endfacet
  facet normal 0 0 1
    outer loop
      vertex -14.847271024790178 13.235363539094037 1
      vertex -14.567394149946443 18.93238820395828 1
      vertex -14.847271024790178 18.76463646090596 1
    endloop
  endfacet
  facet normal 0 0 1
    outer loop
      vertex -14.567394149946443 13.067611796041719 1
      vertex -14.272422412613924 19.071899445600028 1
      vertex -14.567394149946443 18.93238820395828 1
    endloop
  endfacet
  facet normal 0 0 1
    outer loop
      vertex -14.272422412613924 12.928100554399972 1
      vertex -13.965196551871088 19.181826616309593 1
      vertex -14.272422412613924 19.071899445600028 1
    endloop
  endfacet
  facet normal 0 0 1
    outer loop
      vertex -13.965196551871088 12.818173383690405 1
      vertex -13.648675320703626 19.26111105734074 1
      vertex -13.965196551871088 19.181826616309593 1
    endloop
  endfacet
  facet normal 0 0 1
    outer loop
      vertex -13.648675320703626 12.738888942659258 1
      vertex -13.325906991595788 19.308989216185054 1
      vertex -13.648675320703626 19.26111105734074 1
    endloop
  endfacet
  facet normal 0 0 1
    outer loop
      vertex -13.325906991595788 12.691010783814946 1
      vertex -13 19.325 1
      vertex -13.325906991595788 19.308989216185054 1
    endloop
  endfacet
  facet normal 0 0 1
    outer loop
      vertex -13 12.675 1
      vertex -12.674093008404212 19.308989216185054 1
      vertex -13 19.325 1
    endloop
  endfacet
  facet normal 0 0 1
    outer loop
      vertex -12.674093008404212 12.691010783814946 1
      vertex -12.351324679296374 19.26111105734074 1
      vertex -12.674093008404212 19.308989216185054 1
    endloop
  endfacet
  facet normal 0 0 1
    outer loop
      vertex -12.351324679296374 12.738888942659258 1
      vertex -12.034803448128912 19.181826616309593 1
      vertex -12.351324679296374 19.26111105734074 1
    endloop
  endfacet
  facet normal 0 0 1
    outer loop
      vertex -12.034803448128912 12.818173383690405 1
      vertex -11.727577587386076 19.071899445600028 1
      vertex -12.034803448128912 19.181826616309593 1
    endloop
  endfacet
  facet normal 0 0 1
    outer loop
      vertex -11.727577587386076 12.928100554399972 1
      vertex -11.432605850053557 18.93238820395828 1
      vertex -11.727577587386076 19.071899445600028 1
    endloop
  endfacet
  facet normal 0 0 1
    outer loop
      vertex -11.432605850053557 13.067611796041719 1
      vertex -11.152728975209822 18.76463646090596 1
      vertex -11.432605850053557 18.93238820395828 1
    endloop
  endfacet
  facet normal 0 0 1
    outer loop
      vertex -11.432605850053557 13.067611796041719 1
      vertex -11.152728975209822 13.235363539094037 1
      vertex -11.152728975209822 18.76463646090596 1
    endloop
  endfacet
  facet normal 0 0 1
    outer loop
      vertex -11.152728975209822 13.235363539094037 1
      vertex -10.89064233015588 13.429740242568899 1
      vertex -10.89064233015588 18.5702597574311 1
    endloop
  endfacet
  facet normal 0 0 1
    outer loop
      vertex -10.89064233015588 13.429740242568899 1
      vertex -10.64886995255473 13.64886995255473 1
      vertex -10.64886995255473 18.35113004744527 1
    endloop
  endfacet
  facet normal 0 0 1
    outer loop
      vertex -11.152728975209822 13.235363539094037 1
      vertex -10.89064233015588 18.5702597574311 1
      vertex -11.152728975209822 18.76463646090596 1
    endloop
  endfacet
  facet normal 0 0 1
    outer loop
      vertex -10.89064233015588 13.429740242568899 1
      vertex -10.64886995255473 18.35113004744527 1
      vertex -10.89064233015588 18.5702597574311 1
    endloop
  endfacet
  facet normal 0 0 1
    outer loop
      vertex -10.64886995255473 13.64886995255473 1
      vertex -10.429740242568899 13.89064233015588 1
      vertex -10.429740242568899 18.109357669844123 1
    endloop
  endfacet
  facet normal 0 0 1
    outer loop
      vertex -10.429740242568899 13.89064233015588 1
      vertex -10.235363539094037 14.152728975209822 1
      vertex -10.235363539094037 17.847271024790178 1
    endloop
  endfacet
  facet normal 0 0 1
    outer loop
      vertex -10.235363539094037 14.152728975209822 1
      vertex -10.067611796041719 14.432605850053557 1
      vertex -10.067611796041719 17.56739414994644 1
    endloop
  endfacet
  facet normal 0 0 1
    outer loop
      vertex -10.64886995255473 13.64886995255473 1
      vertex -10.429740242568899 18.109357669844123 1
      vertex -10.64886995255473 18.35113004744527 1
    endloop
  endfacet
  facet normal 0 0 1
    outer loop
      vertex -10.429740242568899 13.89064233015588 1
      vertex -10.235363539094037 17.847271024790178 1
      vertex -10.429740242568899 18.109357669844123 1
    endloop
  endfacet
  facet normal 0 0 1
    outer loop
      vertex -10.235363539094037 14.152728975209822 1
      vertex -10.067611796041719 17.56739414994644 1
      vertex -10.235363539094037 17.847271024790178 1
    endloop
  endfacet
  facet normal 0 0 1
    outer loop
      vertex -10.067611796041719 14.432605850053557 1
      vertex -9.928100554399972 17.272422412613924 1
      vertex -10.067611796041719 17.56739414994644 1
    endloop
  endfacet
  facet normal 0.5956993044924349 -0.8032075314806437 -2.7098242738205014e-18
    outer loop
      vertex -15.10935766984412 18.5702597574311 1
      vertex -14.847271024790178 18.76463646090596 1
      vertex -14.847271024790178 18.76463646090596 4.7
    endloop
  endfacet
  facet normal 0.5141027441932217 -0.857728610000272 1.0759301732897485e-18
    outer loop
      vertex -14.847271024790178 18.76463646090596 1
      vertex -14.567394149946443 18.93238820395828 1
      vertex -14.567394149946443 18.93238820395828 4.7
    endloop
  endfacet
  facet normal 0.4275550934302844 -0.9039892931234422 2.209497324828085e-18
    outer loop
      vertex -14.567394149946443 18.93238820395828 1
      vertex -14.272422412613924 19.071899445600028 1
      vertex -14.272422412613924 19.071899445600028 4.7
    endloop
  endfacet
  facet normal 0.3368898533922164 -0.9415440651830221 7.369958674062194e-19
    outer loop
      vertex -14.272422412613924 19.071899445600028 1
      vertex -13.965196551871088 19.181826616309593 1
      vertex -13.965196551871088 19.181826616309593 4.7
    endloop
  endfacet
  facet normal 0.24298017990326912 -0.9700312531945426 1.312845369103414e-18
    outer loop
      vertex -13.965196551871088 19.181826616309593 1
      vertex -13.648675320703626 19.26111105734074 1
      vertex -13.648675320703626 19.26111105734074 4.7
    endloop
  endfacet
  facet normal 0.14673047445535944 -0.9891765099647812 2.853525874680314e-19
    outer loop
      vertex -13.648675320703626 19.26111105734074 1
      vertex -13.325906991595788 19.308989216185054 1
      vertex -13.325906991595788 19.308989216185054 4.7
    endloop
  endfacet
  facet normal 0.049067674327417106 -0.9987954562051724 1.7604673853378576e-19
    outer loop
      vertex -13.325906991595788 19.308989216185054 1
      vertex -13 19.325 1
      vertex -13 19.325 4.7
    endloop
  endfacet
  facet normal -0.049067674327417106 -0.9987954562051724 -1.7604673853378576e-19
    outer loop
      vertex -13 19.325 1
      vertex -12.674093008404212 19.308989216185054 1
      vertex -12.674093008404212 19.308989216185054 4.7
    endloop
  endfacet
  facet normal 0.5141027441932217 -0.857728610000272 0
    outer loop
      vertex -14.847271024790178 18.76463646090596 1
      vertex -14.567394149946443 18.93238820395828 4.7
      vertex -14.847271024790178 18.76463646090596 4.7
    endloop
  endfacet
  facet normal 0.4275550934302844 -0.9039892931234422 0
    outer loop
      vertex -14.567394149946443 18.93238820395828 1
      vertex -14.272422412613924 19.071899445600028 4.7
      vertex -14.567394149946443 18.93238820395828 4.7
    endloop
  endfacet
  facet normal 0.3368898533922164 -0.9415440651830221 0
    outer loop
      vertex -14.272422412613924 19.071899445600028 1
      vertex -13.965196551871088 19.181826616309593 4.7
      vertex -14.272422412613924 19.071899445600028 4.7
    endloop
  endfacet
  facet normal 0.24298017990326912 -0.9700312531945426 0
    outer loop
      vertex -13.965196551871088 19.181826616309593 1
      vertex -13.648675320703626 19.26111105734074 4.7
      vertex -13.965196551871088 19.181826616309593 4.7
    endloop
  endfacet
  facet normal 0.14673047445535944 -0.9891765099647812 0
    outer loop
      vertex -13.648675320703626 19.26111105734074 1
      vertex -13.325906991595788 19.308989216185054 4.7
      vertex -13.648675320703626 19.26111105734074 4.7
    endloop
  endfacet
  facet normal 0.049067674327417106 -0.9987954562051724 0
    outer loop
      vertex -13.325906991595788 19.308989216185054 1
      vertex -13 19.325 4.7
      vertex -13.325906991595788 19.308989216185054 4.7
    endloop
  endfacet
  facet normal -0.049067674327417106 -0.9987954562051724 0
    outer loop
      vertex -13 19.325 1
      vertex -12.674093008404212 19.308989216185054 4.7
      vertex -13 19.325 4.7
    endloop
  endfacet
  facet normal -0.14673047445535944 -0.9891765099647812 0
    outer loop
      vertex -12.674093008404212 19.308989216185054 1
      vertex -12.351324679296374 19.26111105734074 4.7
      vertex -12.674093008404212 19.308989216185054 4.7
    endloop
  endfacet
  facet normal -0.5956993044924349 -0.8032075314806437 0
    outer loop
      vertex -10.89064233015588 18.5702597574311 1
      vertex -10.89064233015588 18.5702597574311 4.7
      vertex -11.152728975209822 18.76463646090596 1
    endloop
  endfacet
  facet normal -0.6715589548470163 -0.740951125354961 5.499445310615526e-19
    outer loop
      vertex -10.89064233015588 18.5702597574311 1
      vertex -10.64886995255473 18.35113004744527 1
      vertex -10.64886995255473 18.35113004744527 4.7
    endloop
  endfacet
  facet normal -0.8577286100002735 -0.5141027441932192 0
    outer loop
      vertex -10.067611796041719 17.56739414994644 1
      vertex -10.067611796041719 17.56739414994644 4.7
      vertex -10.235363539094037 17.847271024790178 1
    endloop
  endfacet
  facet normal -0.7409511253549559 -0.671558954847022 0
    outer loop
      vertex -10.429740242568899 18.109357669844123 1
      vertex -10.429740242568899 18.109357669844123 4.7
      vertex -10.64886995255473 18.35113004744527 1
    endloop
  endfacet
  facet normal -0.8032075314806457 -0.5956993044924322 -1.660705906410593e-18
    outer loop
      vertex -10.429740242568899 18.109357669844123 1
      vertex -10.235363539094037 17.847271024790178 1
      vertex -10.235363539094037 17.847271024790178 4.7
    endloop
  endfacet
  facet normal -0.5956993044924349 -0.8032075314806437 0
    outer loop
      vertex -11.152728975209822 18.76463646090596 1
      vertex -10.89064233015588 18.5702597574311 4.7
      vertex -11.152728975209822 18.76463646090596 4.7
    endloop
  endfacet
  facet normal -0.6715589548470163 -0.740951125354961 0
    outer loop
      vertex -10.89064233015588 18.5702597574311 1
      vertex -10.64886995255473 18.35113004744527 4.7
      vertex -10.89064233015588 18.5702597574311 4.7
    endloop
  endfacet
  facet normal -0.8577286100002735 -0.5141027441932192 0
    outer loop
      vertex -10.235363539094037 17.847271024790178 1
      vertex -10.067611796041719 17.56739414994644 4.7
      vertex -10.235363539094037 17.847271024790178 4.7
    endloop
  endfacet
  facet normal -0.9039892931234434 -0.4275550934302819 0
    outer loop
      vertex -10.067611796041719 17.56739414994644 1
      vertex -9.928100554399972 17.272422412613924 4.7
      vertex -10.067611796041719 17.56739414994644 4.7
    endloop
  endfacet
  facet normal -0.7409511253549559 -0.671558954847022 0
    outer loop
      vertex -10.64886995255473 18.35113004744527 1
      vertex -10.429740242568899 18.109357669844123 4.7
      vertex -10.64886995255473 18.35113004744527 4.7
    endloop
  endfacet
  facet normal -0.8032075314806457 -0.5956993044924322 0
    outer loop
      vertex -10.429740242568899 18.109357669844123 1
      vertex -10.235363539094037 17.847271024790178 4.7
      vertex -10.429740242568899 18.109357669844123 4.7
    endloop
  endfacet
  facet normal -0.14673047445535944 -0.9891765099647812 -2.853525874680314e-19
    outer loop
      vertex -12.674093008404212 19.308989216185054 1
      vertex -12.351324679296374 19.26111105734074 1
      vertex -12.351324679296374 19.26111105734074 4.7
    endloop
  endfacet
  facet normal -0.24298017990326912 -0.9700312531945426 -1.312845369103414e-18
    outer loop
      vertex -12.351324679296374 19.26111105734074 1
      vertex -12.034803448128912 19.181826616309593 1
      vertex -12.034803448128912 19.181826616309593 4.7
    endloop
  endfacet
  facet normal -0.3368898533922164 -0.9415440651830221 0
    outer loop
      vertex -11.727577587386076 19.071899445600028 1
      vertex -11.727577587386076 19.071899445600028 4.7
      vertex -12.034803448128912 19.181826616309593 1
    endloop
  endfacet
  facet normal -0.4275550934302844 -0.9039892931234422 -2.209497324828085e-18
    outer loop
      vertex -11.727577587386076 19.071899445600028 1
      vertex -11.432605850053557 18.93238820395828 1
      vertex -11.432605850053557 18.93238820395828 4.7
    endloop
  endfacet
  facet normal -0.5141027441932217 -0.857728610000272 -1.0759301732897485e-18
    outer loop
      vertex -11.432605850053557 18.93238820395828 1
      vertex -11.152728975209822 18.76463646090596 1
      vertex -11.152728975209822 18.76463646090596 4.7
    endloop
  endfacet
  facet normal -0.24298017990326912 -0.9700312531945426 0
    outer loop
      vertex -12.351324679296374 19.26111105734074 1
      vertex -12.034803448128912 19.181826616309593 4.7
      vertex -12.351324679296374 19.26111105734074 4.7
    endloop
  endfacet
  facet normal -0.3368898533922164 -0.9415440651830221 0
    outer loop
      vertex -12.034803448128912 19.181826616309593 1
      vertex -11.727577587386076 19.071899445600028 4.7
      vertex -12.034803448128912 19.181826616309593 4.7
    endloop
  endfacet
  facet normal -0.4275550934302844 -0.9039892931234422 0
    outer loop
      vertex -11.727577587386076 19.071899445600028 1
      vertex -11.432605850053557 18.93238820395828 4.7
      vertex -11.727577587386076 19.071899445600028 4.7
    endloop
  endfacet
  facet normal -0.5141027441932217 -0.857728610000272 0
    outer loop
      vertex -11.432605850053557 18.93238820395828 1
      vertex -11.152728975209822 18.76463646090596 4.7
      vertex -11.432605850053557 18.93238820395828 4.7
    endloop
  endfacet
  facet normal -0.9415440651830204 0.33688985339222116 0
    outer loop
      vertex -9.928100554399972 14.727577587386076 1
      vertex -9.928100554399972 14.727577587386076 4.7
      vertex -9.818173383690405 15.034803448128912 1
    endloop
  endfacet
  facet normal -0.9039892931234444 0.4275550934302799 0
    outer loop
      vertex -9.928100554399972 14.727577587386076 1
      vertex -10.067611796041719 14.432605850053557 4.7
      vertex -9.928100554399972 14.727577587386076 4.7
    endloop
  endfacet
  facet normal -0.9415440651830204 0.33688985339222116 0
    outer loop
      vertex -9.818173383690405 15.034803448128912 1
      vertex -9.928100554399972 14.727577587386076 4.7
      vertex -9.818173383690405 15.034803448128912 4.7
    endloop
  endfacet
  facet normal 0 0 1
    outer loop
      vertex -10.067611796041719 14.432605850053557 1
      vertex -9.928100554399972 14.727577587386076 1
      vertex -9.928100554399972 17.272422412613924 1
    endloop
  endfacet
  facet normal 0 0 1
    outer loop
      vertex -9.928100554399972 14.727577587386076 1
      vertex -9.818173383690405 15.034803448128912 1
      vertex -9.818173383690405 16.965196551871088 1
    endloop
  endfacet
  facet normal 0 0 1
    outer loop
      vertex -9.818173383690405 15.034803448128912 1
      vertex -9.738888942659258 15.351324679296374 1
      vertex -9.738888942659258 16.648675320703628 1
    endloop
  endfacet
  facet normal 0 0 1
    outer loop
      vertex -9.738888942659258 15.351324679296374 1
      vertex -9.691010783814946 15.674093008404212 1
      vertex -9.691010783814946 16.32590699159579 1
    endloop
  endfacet
  facet normal 0 0 1
    outer loop
      vertex -9.928100554399972 14.727577587386076 1
      vertex -9.818173383690405 16.965196551871088 1
      vertex -9.928100554399972 17.272422412613924 1
    endloop
  endfacet
  facet normal 0 0 1
    outer loop
      vertex -9.738888942659258 15.351324679296374 1
      vertex -9.691010783814946 16.32590699159579 1
      vertex -9.738888942659258 16.648675320703628 1
    endloop
  endfacet
  facet normal 0 0 1
    outer loop
      vertex -9.818173383690405 15.034803448128912 1
      vertex -9.738888942659258 16.648675320703628 1
      vertex -9.818173383690405 16.965196551871088 1
    endloop
  endfacet
  facet normal 0 0 1
    outer loop
      vertex -9.691010783814946 15.674093008404212 1
      vertex -9.675 16 1
      vertex -9.691010783814946 16.32590699159579 1
    endloop
  endfacet
  facet normal -0.9700312531945439 0.242980179903264 0
    outer loop
      vertex -9.818173383690405 15.034803448128912 1
      vertex -9.818173383690405 15.034803448128912 4.7
      vertex -9.738888942659258 15.351324679296374 1
    endloop
  endfacet
  facet normal -0.9891765099647812 0.14673047445535944 0
    outer loop
      vertex -9.738888942659258 15.351324679296374 1
      vertex -9.738888942659258 15.351324679296374 4.7
      vertex -9.691010783814946 15.674093008404212 1
    endloop
  endfacet
  facet normal -0.9987954562051724 0.049067674327417106 0
    outer loop
      vertex -9.691010783814946 15.674093008404212 1
      vertex -9.691010783814946 15.674093008404212 4.7
      vertex -9.675 16 1
    endloop
  endfacet
  facet normal -0.9891765099647812 -0.14673047445535944 0
    outer loop
      vertex -9.691010783814946 16.32590699159579 1
      vertex -9.691010783814946 16.32590699159579 4.7
      vertex -9.738888942659258 16.648675320703628 1
    endloop
  endfacet
  facet normal -0.9700312531945438 -0.24298017990326534 0
    outer loop
      vertex -9.738888942659258 16.648675320703628 1
      vertex -9.738888942659258 16.648675320703628 4.7
      vertex -9.818173383690405 16.965196551871088 1
    endloop
  endfacet
  facet normal -0.9987954562051724 -0.04906767432741685 0
    outer loop
      vertex -9.675 16 1
      vertex -9.675 16 4.7
      vertex -9.691010783814946 16.32590699159579 1
    endloop
  endfacet
  facet normal -0.9415440651830204 -0.33688985339222116 1.2756265595200454e-18
    outer loop
      vertex -9.928100554399972 17.272422412613924 1
      vertex -9.818173383690405 16.965196551871088 1
      vertex -9.818173383690405 16.965196551871088 4.7
    endloop
  endfacet
  facet normal -0.9039892931234434 -0.4275550934302819 0
    outer loop
      vertex -9.928100554399972 17.272422412613924 1
      vertex -9.928100554399972 17.272422412613924 4.7
      vertex -10.067611796041719 17.56739414994644 1
    endloop
  endfacet
  facet normal -0.9700312531945439 0.242980179903264 0
    outer loop
      vertex -9.738888942659258 15.351324679296374 1
      vertex -9.818173383690405 15.034803448128912 4.7
      vertex -9.738888942659258 15.351324679296374 4.7
    endloop
  endfacet
  facet normal -0.9891765099647812 0.14673047445535944 0
    outer loop
      vertex -9.691010783814946 15.674093008404212 1
      vertex -9.738888942659258 15.351324679296374 4.7
      vertex -9.691010783814946 15.674093008404212 4.7
    endloop
  endfacet
  facet normal -0.9987954562051724 0.049067674327417106 0
    outer loop
      vertex -9.675 16 1
      vertex -9.691010783814946 15.674093008404212 4.7
      vertex -9.675 16 4.7
    endloop
  endfacet
  facet normal -0.9891765099647812 -0.14673047445535944 0
    outer loop
      vertex -9.738888942659258 16.648675320703628 1
      vertex -9.691010783814946 16.32590699159579 4.7
      vertex -9.738888942659258 16.648675320703628 4.7
    endloop
  endfacet
  facet normal -0.9700312531945438 -0.24298017990326534 0
    outer loop
      vertex -9.818173383690405 16.965196551871088 1
      vertex -9.738888942659258 16.648675320703628 4.7
      vertex -9.818173383690405 16.965196551871088 4.7
    endloop
  endfacet
  facet normal -0.9987954562051724 -0.04906767432741685 0
    outer loop
      vertex -9.691010783814946 16.32590699159579 1
      vertex -9.675 16 4.7
      vertex -9.691010783814946 16.32590699159579 4.7
    endloop
  endfacet
  facet normal -0.9415440651830204 -0.33688985339222116 0
    outer loop
      vertex -9.928100554399972 17.272422412613924 1
      vertex -9.818173383690405 16.965196551871088 4.7
      vertex -9.928100554399972 17.272422412613924 4.7
    endloop
  endfacet
  facet normal 0.9039892931234444 0.4275550934302799 0
    outer loop
      vertex 9.928100554399972 14.727577587386076 1
      vertex 9.928100554399972 14.727577587386076 4.7
      vertex 10.067611796041719 14.432605850053557 1
    endloop
  endfacet
  facet normal 0.9415440651830204 0.33688985339222116 1.2756265595200454e-18
    outer loop
      vertex 9.928100554399972 14.727577587386076 1
      vertex 9.818173383690405 15.034803448128912 1
      vertex 9.818173383690405 15.034803448128912 4.7
    endloop
  endfacet
  facet normal 0.9415440651830204 0.33688985339222116 0
    outer loop
      vertex 9.928100554399972 14.727577587386076 1
      vertex 9.818173383690405 15.034803448128912 4.7
      vertex 9.928100554399972 14.727577587386076 4.7
    endloop
  endfacet
  facet normal 0 0 1
    outer loop
      vertex 9.738888942659258 15.351324679296374 1
      vertex 9.738888942659258 16.648675320703628 1
      vertex 9.691010783814946 15.674093008404212 1
    endloop
  endfacet
  facet normal 0 0 1
    outer loop
      vertex 9.818173383690405 15.034803448128912 1
      vertex 9.818173383690405 16.965196551871088 1
      vertex 9.738888942659258 15.351324679296374 1
    endloop
  endfacet
  facet normal 0 0 1
    outer loop
      vertex 9.928100554399972 14.727577587386076 1
      vertex 9.928100554399972 17.272422412613924 1
      vertex 9.818173383690405 15.034803448128912 1
    endloop
  endfacet
  facet normal 0 0 1
    outer loop
      vertex 9.675 16 1
      vertex 9.691010783814946 15.674093008404212 1
      vertex 9.691010783814946 16.32590699159579 1
    endloop
  endfacet
  facet normal 0 0 1
    outer loop
      vertex 9.691010783814946 15.674093008404212 1
      vertex 9.738888942659258 16.648675320703628 1
      vertex 9.691010783814946 16.32590699159579 1
    endloop
  endfacet
  facet normal 0 0 1
    outer loop
      vertex 9.738888942659258 15.351324679296374 1
      vertex 9.818173383690405 16.965196551871088 1
      vertex 9.738888942659258 16.648675320703628 1
    endloop
  endfacet
  facet normal 0 0 1
    outer loop
      vertex 9.818173383690405 15.034803448128912 1
      vertex 9.928100554399972 17.272422412613924 1
      vertex 9.818173383690405 16.965196551871088 1
    endloop
  endfacet
  facet normal 0 0 1
    outer loop
      vertex 9.928100554399972 14.727577587386076 1
      vertex 10.067611796041719 17.56739414994644 1
      vertex 9.928100554399972 17.272422412613924 1
    endloop
  endfacet
  facet normal 0.9987954562051724 0.049067674327417106 0
    outer loop
      vertex 9.675 16 1
      vertex 9.675 16 4.7
      vertex 9.691010783814946 15.674093008404212 1
    endloop
  endfacet
  facet normal 0.9700312531945439 0.242980179903264 -1.1436696298423696e-18
    outer loop
      vertex 9.818173383690405 15.034803448128912 1
      vertex 9.738888942659258 15.351324679296374 1
      vertex 9.738888942659258 15.351324679296374 4.7
    endloop
  endfacet
  facet normal 0.9891765099647812 0.14673047445535944 -2.853525874680314e-19
    outer loop
      vertex 9.738888942659258 15.351324679296374 1
      vertex 9.691010783814946 15.674093008404212 1
      vertex 9.691010783814946 15.674093008404212 4.7
    endloop
  endfacet
  facet normal 0.9987954562051724 -0.04906767432741685 2.523874335898505e-20
    outer loop
      vertex 9.675 16 1
      vertex 9.691010783814946 16.32590699159579 1
      vertex 9.691010783814946 16.32590699159579 4.7
    endloop
  endfacet
  facet normal 0.9891765099647812 -0.14673047445535944 2.853525874680314e-19
    outer loop
      vertex 9.691010783814946 16.32590699159579 1
      vertex 9.738888942659258 16.648675320703628 1
      vertex 9.738888942659258 16.648675320703628 4.7
    endloop
  endfacet
  facet normal 0.9700312531945438 -0.24298017990326534 -5.622557656264583e-19
    outer loop
      vertex 9.738888942659258 16.648675320703628 1
      vertex 9.818173383690405 16.965196551871088 1
      vertex 9.818173383690405 16.965196551871088 4.7
    endloop
  endfacet
  facet normal 0.9415440651830204 -0.33688985339222116 -1.2756265595200454e-18
    outer loop
      vertex 9.818173383690405 16.965196551871088 1
      vertex 9.928100554399972 17.272422412613924 1
      vertex 9.928100554399972 17.272422412613924 4.7
    endloop
  endfacet
  facet normal 0.9987954562051724 0.049067674327417106 0
    outer loop
      vertex 9.691010783814946 15.674093008404212 1
      vertex 9.675 16 4.7
      vertex 9.691010783814946 15.674093008404212 4.7
    endloop
  endfacet
  facet normal 0.9700312531945439 0.242980179903264 0
    outer loop
      vertex 9.818173383690405 15.034803448128912 1
      vertex 9.738888942659258 15.351324679296374 4.7
      vertex 9.818173383690405 15.034803448128912 4.7
    endloop
  endfacet
  facet normal 0.9891765099647812 0.14673047445535944 0
    outer loop
      vertex 9.738888942659258 15.351324679296374 1
      vertex 9.691010783814946 15.674093008404212 4.7
      vertex 9.738888942659258 15.351324679296374 4.7
    endloop
  endfacet
  facet normal 0.9987954562051724 -0.04906767432741685 0
    outer loop
      vertex 9.675 16 1
      vertex 9.691010783814946 16.32590699159579 4.7
      vertex 9.675 16 4.7
    endloop
  endfacet
  facet normal 0.9891765099647812 -0.14673047445535944 0
    outer loop
      vertex 9.691010783814946 16.32590699159579 1
      vertex 9.738888942659258 16.648675320703628 4.7
      vertex 9.691010783814946 16.32590699159579 4.7
    endloop
  endfacet
  facet normal 0.9700312531945438 -0.24298017990326534 0
    outer loop
      vertex 9.738888942659258 16.648675320703628 1
      vertex 9.818173383690405 16.965196551871088 4.7
      vertex 9.738888942659258 16.648675320703628 4.7
    endloop
  endfacet
  facet normal 0.9415440651830204 -0.33688985339222116 0
    outer loop
      vertex 9.818173383690405 16.965196551871088 1
      vertex 9.928100554399972 17.272422412613924 4.7
      vertex 9.818173383690405 16.965196551871088 4.7
    endloop
  endfacet
  facet normal 0.9039892931234434 -0.4275550934302819 0
    outer loop
      vertex 9.928100554399972 17.272422412613924 1
      vertex 10.067611796041719 17.56739414994644 4.7
      vertex 9.928100554399972 17.272422412613924 4.7
    endloop
  endfacet
  facet normal 0 0 1
    outer loop
      vertex 11.727577587386076 12.928100554399972 1
      vertex 12.034803448128912 12.818173383690405 1
      vertex 12.034803448128912 19.181826616309593 1
    endloop
  endfacet
  facet normal 0 0 1
    outer loop
      vertex 12.034803448128912 12.818173383690405 1
      vertex 12.351324679296374 12.738888942659258 1
      vertex 12.351324679296374 19.26111105734074 1
    endloop
  endfacet
  facet normal 0 0 1
    outer loop
      vertex 12.351324679296374 12.738888942659258 1
      vertex 12.674093008404212 12.691010783814946 1
      vertex 12.674093008404212 19.308989216185054 1
    endloop
  endfacet
  facet normal 0 0 1
    outer loop
      vertex 12.674093008404212 12.691010783814946 1
      vertex 13 12.675 1
      vertex 13 19.325 1
    endloop
  endfacet
  facet normal 0 0 1
    outer loop
      vertex 13 12.675 1
      vertex 13.325906991595788 12.691010783814946 1
      vertex 13.325906991595788 19.308989216185054 1
    endloop
  endfacet
  facet normal 0 0 1
    outer loop
      vertex 13.325906991595788 12.691010783814946 1
      vertex 13.648675320703626 12.738888942659258 1
      vertex 13.648675320703626 19.26111105734074 1
    endloop
  endfacet
  facet normal 0 0 1
    outer loop
      vertex 13.648675320703626 12.738888942659258 1
      vertex 13.965196551871088 12.818173383690405 1
      vertex 13.965196551871088 19.181826616309593 1
    endloop
  endfacet
  facet normal 0 0 1
    outer loop
      vertex 13.965196551871088 12.818173383690405 1
      vertex 14.272422412613924 12.928100554399972 1
      vertex 14.272422412613924 19.071899445600028 1
    endloop
  endfacet
  facet normal 0 0 1
    outer loop
      vertex 14.272422412613924 12.928100554399972 1
      vertex 14.567394149946443 13.067611796041719 1
      vertex 14.567394149946443 18.93238820395828 1
    endloop
  endfacet
  facet normal 0.7409511253549582 0.6715589548470192 1.160728368620153e-18
    outer loop
      vertex 10.64886995255473 13.64886995255473 1
      vertex 10.429740242568899 13.89064233015588 1
      vertex 10.429740242568899 13.89064233015588 4.7
    endloop
  endfacet
  facet normal 0.857728610000272 0.5141027441932217 -1.0759301732897485e-18
    outer loop
      vertex 10.235363539094037 14.152728975209822 1
      vertex 10.067611796041719 14.432605850053557 1
      vertex 10.067611796041719 14.432605850053557 4.7
    endloop
  endfacet
  facet normal 0.8032075314806437 0.5956993044924349 0
    outer loop
      vertex 10.235363539094037 14.152728975209822 1
      vertex 10.235363539094037 14.152728975209822 4.7
      vertex 10.429740242568899 13.89064233015588 1
    endloop
  endfacet
  facet normal 0.6715589548470192 0.7409511253549582 0
    outer loop
      vertex 10.64886995255473 13.64886995255473 1
      vertex 10.64886995255473 13.64886995255473 4.7
      vertex 10.89064233015588 13.429740242568899 1
    endloop
  endfacet
  facet normal 0.5956993044924349 0.8032075314806437 2.7098242738205014e-18
    outer loop
      vertex 11.152728975209822 13.235363539094037 1
      vertex 10.89064233015588 13.429740242568899 1
      vertex 10.89064233015588 13.429740242568899 4.7
    endloop
  endfacet
  facet normal 0.5141027441932217 0.857728610000272 0
    outer loop
      vertex 11.152728975209822 13.235363539094037 1
      vertex 11.152728975209822 13.235363539094037 4.7
      vertex 11.432605850053557 13.067611796041719 1
    endloop
  endfacet
  facet normal 0.4275550934302799 0.9039892931234444 7.375667047809903e-19
    outer loop
      vertex 11.727577587386076 12.928100554399972 1
      vertex 11.432605850053557 13.067611796041719 1
      vertex 11.432605850053557 13.067611796041719 4.7
    endloop
  endfacet
  facet normal 0.33688985339222116 0.9415440651830204 0
    outer loop
      vertex 11.727577587386076 12.928100554399972 1
      vertex 11.727577587386076 12.928100554399972 4.7
      vertex 12.034803448128912 12.818173383690405 1
    endloop
  endfacet
  facet normal 0.242980179903264 0.9700312531945439 0
    outer loop
      vertex 12.034803448128912 12.818173383690405 1
      vertex 12.034803448128912 12.818173383690405 4.7
      vertex 12.351324679296374 12.738888942659258 1
    endloop
  endfacet
  facet normal 0.14673047445535944 0.9891765099647812 0
    outer loop
      vertex 12.351324679296374 12.738888942659258 1
      vertex 12.351324679296374 12.738888942659258 4.7
      vertex 12.674093008404212 12.691010783814946 1
    endloop
  endfacet
  facet normal 0.8032075314806437 0.5956993044924349 0
    outer loop
      vertex 10.429740242568899 13.89064233015588 1
      vertex 10.235363539094037 14.152728975209822 4.7
      vertex 10.429740242568899 13.89064233015588 4.7
    endloop
  endfacet
  facet normal 0.7409511253549582 0.6715589548470192 0
    outer loop
      vertex 10.64886995255473 13.64886995255473 1
      vertex 10.429740242568899 13.89064233015588 4.7
      vertex 10.64886995255473 13.64886995255473 4.7
    endloop
  endfacet
  facet normal 0.9039892931234444 0.4275550934302799 0
    outer loop
      vertex 10.067611796041719 14.432605850053557 1
      vertex 9.928100554399972 14.727577587386076 4.7
      vertex 10.067611796041719 14.432605850053557 4.7
    endloop
  endfacet
  facet normal 0.857728610000272 0.5141027441932217 0
    outer loop
      vertex 10.235363539094037 14.152728975209822 1
      vertex 10.067611796041719 14.432605850053557 4.7
      vertex 10.235363539094037 14.152728975209822 4.7
    endloop
  endfacet
  facet normal 0.6715589548470192 0.7409511253549582 0
    outer loop
      vertex 10.89064233015588 13.429740242568899 1
      vertex 10.64886995255473 13.64886995255473 4.7
      vertex 10.89064233015588 13.429740242568899 4.7
    endloop
  endfacet
  facet normal 0.5956993044924349 0.8032075314806437 0
    outer loop
      vertex 11.152728975209822 13.235363539094037 1
      vertex 10.89064233015588 13.429740242568899 4.7
      vertex 11.152728975209822 13.235363539094037 4.7
    endloop
  endfacet
  facet normal 0.5141027441932217 0.857728610000272 0
    outer loop
      vertex 11.432605850053557 13.067611796041719 1
      vertex 11.152728975209822 13.235363539094037 4.7
      vertex 11.432605850053557 13.067611796041719 4.7
    endloop
  endfacet
  facet normal 0.4275550934302799 0.9039892931234444 0
    outer loop
      vertex 11.727577587386076 12.928100554399972 1
      vertex 11.432605850053557 13.067611796041719 4.7
      vertex 11.727577587386076 12.928100554399972 4.7
    endloop
  endfacet
  facet normal 0.33688985339222116 0.9415440651830204 0
    outer loop
      vertex 12.034803448128912 12.818173383690405 1
      vertex 11.727577587386076 12.928100554399972 4.7
      vertex 12.034803448128912 12.818173383690405 4.7
    endloop
  endfacet
  facet normal 0.242980179903264 0.9700312531945439 0
    outer loop
      vertex 12.351324679296374 12.738888942659258 1
      vertex 12.034803448128912 12.818173383690405 4.7
      vertex 12.351324679296374 12.738888942659258 4.7
    endloop
  endfacet
  facet normal 0.049067674327417106 0.9987954562051724 0
    outer loop
      vertex 12.674093008404212 12.691010783814946 1
      vertex 12.674093008404212 12.691010783814946 4.7
      vertex 13 12.675 1
    endloop
  endfacet
  facet normal -0.049067674327417106 0.9987954562051724 0
    outer loop
      vertex 13 12.675 1
      vertex 13 12.675 4.7
      vertex 13.325906991595788 12.691010783814946 1
    endloop
  endfacet
  facet normal -0.14673047445535944 0.9891765099647812 0
    outer loop
      vertex 13.325906991595788 12.691010783814946 1
      vertex 13.325906991595788 12.691010783814946 4.7
      vertex 13.648675320703626 12.738888942659258 1
    endloop
  endfacet
  facet normal -0.242980179903264 0.9700312531945439 0
    outer loop
      vertex 13.648675320703626 12.738888942659258 1
      vertex 13.648675320703626 12.738888942659258 4.7
      vertex 13.965196551871088 12.818173383690405 1
    endloop
  endfacet
  facet normal -0.33688985339222116 0.9415440651830204 0
    outer loop
      vertex 13.965196551871088 12.818173383690405 1
      vertex 13.965196551871088 12.818173383690405 4.7
      vertex 14.272422412613924 12.928100554399972 1
    endloop
  endfacet
  facet normal -0.4275550934302799 0.9039892931234444 0
    outer loop
      vertex 14.272422412613924 12.928100554399972 1
      vertex 14.272422412613924 12.928100554399972 4.7
      vertex 14.567394149946443 13.067611796041719 1
    endloop
  endfacet
  facet normal -0.5141027441932217 0.857728610000272 0
    outer loop
      vertex 14.567394149946443 13.067611796041719 1
      vertex 14.567394149946443 13.067611796041719 4.7
      vertex 14.847271024790178 13.235363539094037 1
    endloop
  endfacet
  facet normal -0.5956993044924349 0.8032075314806437 0
    outer loop
      vertex 14.847271024790178 13.235363539094037 1
      vertex 14.847271024790178 13.235363539094037 4.7
      vertex 15.10935766984412 13.429740242568899 1
    endloop
  endfacet
  facet normal 0.14673047445535944 0.9891765099647812 0
    outer loop
      vertex 12.674093008404212 12.691010783814946 1
      vertex 12.351324679296374 12.738888942659258 4.7
      vertex 12.674093008404212 12.691010783814946 4.7
    endloop
  endfacet
  facet normal 0.049067674327417106 0.9987954562051724 0
    outer loop
      vertex 13 12.675 1
      vertex 12.674093008404212 12.691010783814946 4.7
      vertex 13 12.675 4.7
    endloop
  endfacet
  facet normal -0.049067674327417106 0.9987954562051724 0
    outer loop
      vertex 13.325906991595788 12.691010783814946 1
      vertex 13 12.675 4.7
      vertex 13.325906991595788 12.691010783814946 4.7
    endloop
  endfacet
  facet normal -0.14673047445535944 0.9891765099647812 0
    outer loop
      vertex 13.648675320703626 12.738888942659258 1
      vertex 13.325906991595788 12.691010783814946 4.7
      vertex 13.648675320703626 12.738888942659258 4.7
    endloop
  endfacet
  facet normal -0.242980179903264 0.9700312531945439 0
    outer loop
      vertex 13.965196551871088 12.818173383690405 1
      vertex 13.648675320703626 12.738888942659258 4.7
      vertex 13.965196551871088 12.818173383690405 4.7
    endloop
  endfacet
  facet normal -0.33688985339222116 0.9415440651830204 0
    outer loop
      vertex 14.272422412613924 12.928100554399972 1
      vertex 13.965196551871088 12.818173383690405 4.7
      vertex 14.272422412613924 12.928100554399972 4.7
    endloop
  endfacet
  facet normal -0.4275550934302799 0.9039892931234444 0
    outer loop
      vertex 14.567394149946443 13.067611796041719 1
      vertex 14.272422412613924 12.928100554399972 4.7
      vertex 14.567394149946443 13.067611796041719 4.7
    endloop
  endfacet
  facet normal -0.5141027441932217 0.857728610000272 0
    outer loop
      vertex 14.847271024790178 13.235363539094037 1
      vertex 14.567394149946443 13.067611796041719 4.7
      vertex 14.847271024790178 13.235363539094037 4.7
    endloop
  endfacet
  facet normal -0.6715589548470192 0.7409511253549582 0
    outer loop
      vertex 15.10935766984412 13.429740242568899 1
      vertex 15.10935766984412 13.429740242568899 4.7
      vertex 15.35113004744527 13.64886995255473 1
    endloop
  endfacet
  facet normal -0.7409511253549582 0.6715589548470192 0
    outer loop
      vertex 15.35113004744527 13.64886995255473 1
      vertex 15.35113004744527 13.64886995255473 4.7
      vertex 15.570259757431101 13.89064233015588 1
    endloop
  endfacet
  facet normal -0.8032075314806437 0.5956993044924349 0
    outer loop
      vertex 15.570259757431101 13.89064233015588 1
      vertex 15.570259757431101 13.89064233015588 4.7
      vertex 15.764636460905963 14.152728975209822 1
    endloop
  endfacet
  facet normal -0.857728610000272 0.5141027441932217 0
    outer loop
      vertex 15.764636460905963 14.152728975209822 1
      vertex 15.764636460905963 14.152728975209822 4.7
      vertex 15.932388203958281 14.432605850053557 1
    endloop
  endfacet
  facet normal -0.9039892931234444 0.4275550934302799 0
    outer loop
      vertex 15.932388203958281 14.432605850053557 1
      vertex 15.932388203958281 14.432605850053557 4.7
      vertex 16.071899445600028 14.727577587386076 1
    endloop
  endfacet
  facet normal -0.9415440651830221 0.3368898533922164 0
    outer loop
      vertex 16.071899445600028 14.727577587386076 1
      vertex 16.071899445600028 14.727577587386076 4.7
      vertex 16.181826616309593 15.034803448128912 1
    endloop
  endfacet
  facet normal -0.5956993044924349 0.8032075314806437 0
    outer loop
      vertex 15.10935766984412 13.429740242568899 1
      vertex 14.847271024790178 13.235363539094037 4.7
      vertex 15.10935766984412 13.429740242568899 4.7
    endloop
  endfacet
  facet normal -0.6715589548470192 0.7409511253549582 0
    outer loop
      vertex 15.35113004744527 13.64886995255473 1
      vertex 15.10935766984412 13.429740242568899 4.7
      vertex 15.35113004744527 13.64886995255473 4.7
    endloop
  endfacet
  facet normal -0.7409511253549582 0.6715589548470192 0
    outer loop
      vertex 15.570259757431101 13.89064233015588 1
      vertex 15.35113004744527 13.64886995255473 4.7
      vertex 15.570259757431101 13.89064233015588 4.7
    endloop
  endfacet
  facet normal -0.8032075314806437 0.5956993044924349 0
    outer loop
      vertex 15.764636460905963 14.152728975209822 1
      vertex 15.570259757431101 13.89064233015588 4.7
      vertex 15.764636460905963 14.152728975209822 4.7
    endloop
  endfacet
  facet normal -0.857728610000272 0.5141027441932217 0
    outer loop
      vertex 15.932388203958281 14.432605850053557 1
      vertex 15.764636460905963 14.152728975209822 4.7
      vertex 15.932388203958281 14.432605850053557 4.7
    endloop
  endfacet
  facet normal -0.9039892931234444 0.4275550934302799 0
    outer loop
      vertex 16.071899445600028 14.727577587386076 1
      vertex 15.932388203958281 14.432605850053557 4.7
      vertex 16.071899445600028 14.727577587386076 4.7
    endloop
  endfacet
  facet normal -0.9415440651830221 0.3368898533922164 0
    outer loop
      vertex 16.181826616309593 15.034803448128912 1
      vertex 16.071899445600028 14.727577587386076 4.7
      vertex 16.181826616309593 15.034803448128912 4.7
    endloop
  endfacet
  facet normal 0 0 1
    outer loop
      vertex 9.928100554399972 14.727577587386076 1
      vertex 10.067611796041719 14.432605850053557 1
      vertex 10.067611796041719 17.56739414994644 1
    endloop
  endfacet
  facet normal 0 0 1
    outer loop
      vertex 10.235363539094037 14.152728975209822 1
      vertex 10.235363539094037 17.847271024790178 1
      vertex 10.067611796041719 14.432605850053557 1
    endloop
  endfacet
  facet normal 0 0 1
    outer loop
      vertex 10.235363539094037 14.152728975209822 1
      vertex 10.429740242568899 13.89064233015588 1
      vertex 10.429740242568899 18.109357669844123 1
    endloop
  endfacet
  facet normal 0 0 1
    outer loop
      vertex 10.64886995255473 13.64886995255473 1
      vertex 10.64886995255473 18.35113004744527 1
      vertex 10.429740242568899 13.89064233015588 1
    endloop
  endfacet
  facet normal 0 0 1
    outer loop
      vertex 10.067611796041719 14.432605850053557 1
      vertex 10.235363539094037 17.847271024790178 1
      vertex 10.067611796041719 17.56739414994644 1
    endloop
  endfacet
  facet normal 0 0 1
    outer loop
      vertex 10.235363539094037 14.152728975209822 1
      vertex 10.429740242568899 18.109357669844123 1
      vertex 10.235363539094037 17.847271024790178 1
    endloop
  endfacet
  facet normal 0 0 1
    outer loop
      vertex 10.429740242568899 13.89064233015588 1
      vertex 10.64886995255473 18.35113004744527 1
      vertex 10.429740242568899 18.109357669844123 1
    endloop
  endfacet
  facet normal 0 0 1
    outer loop
      vertex 10.64886995255473 13.64886995255473 1
      vertex 10.89064233015588 13.429740242568899 1
      vertex 10.89064233015588 18.5702597574311 1
    endloop
  endfacet
  facet normal 0 0 1
    outer loop
      vertex 11.152728975209822 13.235363539094037 1
      vertex 11.152728975209822 18.76463646090596 1
      vertex 10.89064233015588 13.429740242568899 1
    endloop
  endfacet
  facet normal 0 0 1
    outer loop
      vertex 10.64886995255473 13.64886995255473 1
      vertex 10.89064233015588 18.5702597574311 1
      vertex 10.64886995255473 18.35113004744527 1
    endloop
  endfacet
  facet normal 0 0 1
    outer loop
      vertex 10.89064233015588 13.429740242568899 1
      vertex 11.152728975209822 18.76463646090596 1
      vertex 10.89064233015588 18.5702597574311 1
    endloop
  endfacet
  facet normal 0 0 1
    outer loop
      vertex 11.152728975209822 13.235363539094037 1
      vertex 11.432605850053557 18.93238820395828 1
      vertex 11.152728975209822 18.76463646090596 1
    endloop
  endfacet
  facet normal 0 0 1
    outer loop
      vertex 11.152728975209822 13.235363539094037 1
      vertex 11.432605850053557 13.067611796041719 1
      vertex 11.432605850053557 18.93238820395828 1
    endloop
  endfacet
  facet normal 0 0 1
    outer loop
      vertex 11.727577587386076 12.928100554399972 1
      vertex 11.727577587386076 19.071899445600028 1
      vertex 11.432605850053557 13.067611796041719 1
    endloop
  endfacet
  facet normal 0 0 1
    outer loop
      vertex 11.432605850053557 13.067611796041719 1
      vertex 11.727577587386076 19.071899445600028 1
      vertex 11.432605850053557 18.93238820395828 1
    endloop
  endfacet
  facet normal 0 0 1
    outer loop
      vertex 11.727577587386076 12.928100554399972 1
      vertex 12.034803448128912 19.181826616309593 1
      vertex 11.727577587386076 19.071899445600028 1
    endloop
  endfacet
  facet normal 0 0 1
    outer loop
      vertex 12.034803448128912 12.818173383690405 1
      vertex 12.351324679296374 19.26111105734074 1
      vertex 12.034803448128912 19.181826616309593 1
    endloop
  endfacet
  facet normal 0 0 1
    outer loop
      vertex 12.351324679296374 12.738888942659258 1
      vertex 12.674093008404212 19.308989216185054 1
      vertex 12.351324679296374 19.26111105734074 1
    endloop
  endfacet
  facet normal 0 0 1
    outer loop
      vertex 12.674093008404212 12.691010783814946 1
      vertex 13 19.325 1
      vertex 12.674093008404212 19.308989216185054 1
    endloop
  endfacet
  facet normal 0 0 1
    outer loop
      vertex 13 12.675 1
      vertex 13.325906991595788 19.308989216185054 1
      vertex 13 19.325 1
    endloop
  endfacet
  facet normal 0 0 1
    outer loop
      vertex 13.325906991595788 12.691010783814946 1
      vertex 13.648675320703626 19.26111105734074 1
      vertex 13.325906991595788 19.308989216185054 1
    endloop
  endfacet
  facet normal 0 0 1
    outer loop
      vertex 14.567394149946443 13.067611796041719 1
      vertex 14.847271024790178 13.235363539094037 1
      vertex 14.847271024790178 18.76463646090596 1
    endloop
  endfacet
  facet normal 0 0 1
    outer loop
      vertex 14.847271024790178 13.235363539094037 1
      vertex 15.10935766984412 18.5702597574311 1
      vertex 14.847271024790178 18.76463646090596 1
    endloop
  endfacet
  facet normal 0 0 1
    outer loop
      vertex 13.648675320703626 12.738888942659258 1
      vertex 13.965196551871088 19.181826616309593 1
      vertex 13.648675320703626 19.26111105734074 1
    endloop
  endfacet
  facet normal 0 0 1
    outer loop
      vertex 13.965196551871088 12.818173383690405 1
      vertex 14.272422412613924 19.071899445600028 1
      vertex 13.965196551871088 19.181826616309593 1
    endloop
  endfacet
  facet normal 0 0 1
    outer loop
      vertex 14.272422412613924 12.928100554399972 1
      vertex 14.567394149946443 18.93238820395828 1
      vertex 14.272422412613924 19.071899445600028 1
    endloop
  endfacet
  facet normal 0 0 1
    outer loop
      vertex 14.567394149946443 13.067611796041719 1
      vertex 14.847271024790178 18.76463646090596 1
      vertex 14.567394149946443 18.93238820395828 1
    endloop
  endfacet
  facet normal 0.9039892931234434 -0.4275550934302819 9.011442056646957e-19
    outer loop
      vertex 9.928100554399972 17.272422412613924 1
      vertex 10.067611796041719 17.56739414994644 1
      vertex 10.067611796041719 17.56739414994644 4.7
    endloop
  endfacet
  facet normal 0.8577286100002735 -0.5141027441932192 7.566404008046246e-19
    outer loop
      vertex 10.067611796041719 17.56739414994644 1
      vertex 10.235363539094037 17.847271024790178 1
      vertex 10.235363539094037 17.847271024790178 4.7
    endloop
  endfacet
  facet normal 0.8032075314806457 -0.5956993044924322 1.660705906410593e-18
    outer loop
      vertex 10.235363539094037 17.847271024790178 1
      vertex 10.429740242568899 18.109357669844123 1
      vertex 10.429740242568899 18.109357669844123 4.7
    endloop
  endfacet
  facet normal 0.7409511253549559 -0.671558954847022 -1.7194087071112483e-18
    outer loop
      vertex 10.429740242568899 18.109357669844123 1
      vertex 10.64886995255473 18.35113004744527 1
      vertex 10.64886995255473 18.35113004744527 4.7
    endloop
  endfacet
  facet normal 0.6715589548470163 -0.740951125354961 -5.499445310615526e-19
    outer loop
      vertex 10.64886995255473 18.35113004744527 1
      vertex 10.89064233015588 18.5702597574311 1
      vertex 10.89064233015588 18.5702597574311 4.7
    endloop
  endfacet
  facet normal 0.5956993044924349 -0.8032075314806437 -2.7098242738205014e-18
    outer loop
      vertex 10.89064233015588 18.5702597574311 1
      vertex 11.152728975209822 18.76463646090596 1
      vertex 11.152728975209822 18.76463646090596 4.7
    endloop
  endfacet
  facet normal 0.8577286100002735 -0.5141027441932192 0
    outer loop
      vertex 10.067611796041719 17.56739414994644 1
      vertex 10.235363539094037 17.847271024790178 4.7
      vertex 10.067611796041719 17.56739414994644 4.7
    endloop
  endfacet
  facet normal 0.8032075314806457 -0.5956993044924322 0
    outer loop
      vertex 10.235363539094037 17.847271024790178 1
      vertex 10.429740242568899 18.109357669844123 4.7
      vertex 10.235363539094037 17.847271024790178 4.7
    endloop
  endfacet
  facet normal 0.7409511253549559 -0.671558954847022 0
    outer loop
      vertex 10.429740242568899 18.109357669844123 1
      vertex 10.64886995255473 18.35113004744527 4.7
      vertex 10.429740242568899 18.109357669844123 4.7
    endloop
  endfacet
  facet normal 0.6715589548470163 -0.740951125354961 0
    outer loop
      vertex 10.64886995255473 18.35113004744527 1
      vertex 10.89064233015588 18.5702597574311 4.7
      vertex 10.64886995255473 18.35113004744527 4.7
    endloop
  endfacet
  facet normal 0.5956993044924349 -0.8032075314806437 0
    outer loop
      vertex 10.89064233015588 18.5702597574311 1
      vertex 11.152728975209822 18.76463646090596 4.7
      vertex 10.89064233015588 18.5702597574311 4.7
    endloop
  endfacet
  facet normal 0.5141027441932217 -0.857728610000272 1.0759301732897485e-18
    outer loop
      vertex 11.152728975209822 18.76463646090596 1
      vertex 11.432605850053557 18.93238820395828 1
      vertex 11.432605850053557 18.93238820395828 4.7
    endloop
  endfacet
  facet normal 0.4275550934302844 -0.9039892931234422 2.209497324828085e-18
    outer loop
      vertex 11.432605850053557 18.93238820395828 1
      vertex 11.727577587386076 19.071899445600028 1
      vertex 11.727577587386076 19.071899445600028 4.7
    endloop
  endfacet
  facet normal 0.3368898533922164 -0.9415440651830221 7.369958674062194e-19
    outer loop
      vertex 11.727577587386076 19.071899445600028 1
      vertex 12.034803448128912 19.181826616309593 1
      vertex 12.034803448128912 19.181826616309593 4.7
    endloop
  endfacet
  facet normal 0.24298017990326912 -0.9700312531945426 1.312845369103414e-18
    outer loop
      vertex 12.034803448128912 19.181826616309593 1
      vertex 12.351324679296374 19.26111105734074 1
      vertex 12.351324679296374 19.26111105734074 4.7
    endloop
  endfacet
  facet normal 0.5141027441932217 -0.857728610000272 0
    outer loop
      vertex 11.152728975209822 18.76463646090596 1
      vertex 11.432605850053557 18.93238820395828 4.7
      vertex 11.152728975209822 18.76463646090596 4.7
    endloop
  endfacet
  facet normal 0.4275550934302844 -0.9039892931234422 0
    outer loop
      vertex 11.432605850053557 18.93238820395828 1
      vertex 11.727577587386076 19.071899445600028 4.7
      vertex 11.432605850053557 18.93238820395828 4.7
    endloop
  endfacet
  facet normal 0.3368898533922164 -0.9415440651830221 0
    outer loop
      vertex 11.727577587386076 19.071899445600028 1
      vertex 12.034803448128912 19.181826616309593 4.7
      vertex 11.727577587386076 19.071899445600028 4.7
    endloop
  endfacet
  facet normal 0.24298017990326912 -0.9700312531945426 0
    outer loop
      vertex 12.034803448128912 19.181826616309593 1
      vertex 12.351324679296374 19.26111105734074 4.7
      vertex 12.034803448128912 19.181826616309593 4.7
    endloop
  endfacet
  facet normal 0.14673047445535944 -0.9891765099647812 0
    outer loop
      vertex 12.351324679296374 19.26111105734074 1
      vertex 12.674093008404212 19.308989216185054 4.7
      vertex 12.351324679296374 19.26111105734074 4.7
    endloop
  endfacet
  facet normal -0.5956993044924349 -0.8032075314806437 0
    outer loop
      vertex 14.847271024790178 18.76463646090596 1
      vertex 15.10935766984412 18.5702597574311 4.7
      vertex 14.847271024790178 18.76463646090596 4.7
    endloop
  endfacet
  facet normal 0.14673047445535944 -0.9891765099647812 2.853525874680314e-19
    outer loop
      vertex 12.351324679296374 19.26111105734074 1
      vertex 12.674093008404212 19.308989216185054 1
      vertex 12.674093008404212 19.308989216185054 4.7
    endloop
  endfacet
  facet normal 0.049067674327417106 -0.9987954562051724 1.7604673853378576e-19
    outer loop
      vertex 12.674093008404212 19.308989216185054 1
      vertex 13 19.325 1
      vertex 13 19.325 4.7
    endloop
  endfacet
  facet normal -0.049067674327417106 -0.9987954562051724 -1.7604673853378576e-19
    outer loop
      vertex 13 19.325 1
      vertex 13.325906991595788 19.308989216185054 1
      vertex 13.325906991595788 19.308989216185054 4.7
    endloop
  endfacet
  facet normal -0.14673047445535944 -0.9891765099647812 -2.853525874680314e-19
    outer loop
      vertex 13.325906991595788 19.308989216185054 1
      vertex 13.648675320703626 19.26111105734074 1
      vertex 13.648675320703626 19.26111105734074 4.7
    endloop
  endfacet
  facet normal -0.24298017990326912 -0.9700312531945426 -1.312845369103414e-18
    outer loop
      vertex 13.648675320703626 19.26111105734074 1
      vertex 13.965196551871088 19.181826616309593 1
      vertex 13.965196551871088 19.181826616309593 4.7
    endloop
  endfacet
  facet normal -0.3368898533922164 -0.9415440651830221 0
    outer loop
      vertex 14.272422412613924 19.071899445600028 1
      vertex 14.272422412613924 19.071899445600028 4.7
      vertex 13.965196551871088 19.181826616309593 1
    endloop
  endfacet
  facet normal -0.4275550934302844 -0.9039892931234422 -2.209497324828085e-18
    outer loop
      vertex 14.272422412613924 19.071899445600028 1
      vertex 14.567394149946443 18.93238820395828 1
      vertex 14.567394149946443 18.93238820395828 4.7
    endloop
  endfacet
  facet normal -0.5141027441932217 -0.857728610000272 -1.0759301732897485e-18
    outer loop
      vertex 14.567394149946443 18.93238820395828 1
      vertex 14.847271024790178 18.76463646090596 1
      vertex 14.847271024790178 18.76463646090596 4.7
    endloop
  endfacet
  facet normal 0.049067674327417106 -0.9987954562051724 0
    outer loop
      vertex 12.674093008404212 19.308989216185054 1
      vertex 13 19.325 4.7
      vertex 12.674093008404212 19.308989216185054 4.7
    endloop
  endfacet
  facet normal -0.049067674327417106 -0.9987954562051724 0
    outer loop
      vertex 13 19.325 1
      vertex 13.325906991595788 19.308989216185054 4.7
      vertex 13 19.325 4.7
    endloop
  endfacet
  facet normal -0.14673047445535944 -0.9891765099647812 0
    outer loop
      vertex 13.325906991595788 19.308989216185054 1
      vertex 13.648675320703626 19.26111105734074 4.7
      vertex 13.325906991595788 19.308989216185054 4.7
    endloop
  endfacet
  facet normal -0.24298017990326912 -0.9700312531945426 0
    outer loop
      vertex 13.648675320703626 19.26111105734074 1
      vertex 13.965196551871088 19.181826616309593 4.7
      vertex 13.648675320703626 19.26111105734074 4.7
    endloop
  endfacet
  facet normal -0.3368898533922164 -0.9415440651830221 0
    outer loop
      vertex 13.965196551871088 19.181826616309593 1
      vertex 14.272422412613924 19.071899445600028 4.7
      vertex 13.965196551871088 19.181826616309593 4.7
    endloop
  endfacet
  facet normal -0.4275550934302844 -0.9039892931234422 0
    outer loop
      vertex 14.272422412613924 19.071899445600028 1
      vertex 14.567394149946443 18.93238820395828 4.7
      vertex 14.272422412613924 19.071899445600028 4.7
    endloop
  endfacet
  facet normal -0.5141027441932217 -0.857728610000272 0
    outer loop
      vertex 14.567394149946443 18.93238820395828 1
      vertex 14.847271024790178 18.76463646090596 4.7
      vertex 14.567394149946443 18.93238820395828 4.7
    endloop
  endfacet
  facet normal 0 0 1
    outer loop
      vertex 14.847271024790178 13.235363539094037 1
      vertex 15.10935766984412 13.429740242568899 1
      vertex 15.10935766984412 18.5702597574311 1
    endloop
  endfacet
  facet normal 0 0 1
    outer loop
      vertex 15.10935766984412 13.429740242568899 1
      vertex 15.35113004744527 13.64886995255473 1
      vertex 15.35113004744527 18.35113004744527 1
    endloop
  endfacet
  facet normal 0 0 1
    outer loop
      vertex 15.35113004744527 13.64886995255473 1
      vertex 15.570259757431101 13.89064233015588 1
      vertex 15.570259757431101 18.109357669844123 1
    endloop
  endfacet
  facet normal 0 0 1
    outer loop
      vertex 15.10935766984412 13.429740242568899 1
      vertex 15.35113004744527 18.35113004744527 1
      vertex 15.10935766984412 18.5702597574311 1
    endloop
  endfacet
  facet normal 0 0 1
    outer loop
      vertex 15.35113004744527 13.64886995255473 1
      vertex 15.570259757431101 18.109357669844123 1
      vertex 15.35113004744527 18.35113004744527 1
    endloop
  endfacet
  facet normal 0 0 1
    outer loop
      vertex 15.570259757431101 13.89064233015588 1
      vertex 15.764636460905963 14.152728975209822 1
      vertex 15.764636460905963 17.847271024790178 1
    endloop
  endfacet
  facet normal 0 0 1
    outer loop
      vertex 15.764636460905963 14.152728975209822 1
      vertex 15.932388203958281 14.432605850053557 1
      vertex 15.932388203958281 17.56739414994644 1
    endloop
  endfacet
  facet normal 0 0 1
    outer loop
      vertex 15.932388203958281 14.432605850053557 1
      vertex 16.071899445600028 14.727577587386076 1
      vertex 16.071899445600028 17.272422412613924 1
    endloop
  endfacet
  facet normal 0 0 1
    outer loop
      vertex 16.071899445600028 14.727577587386076 1
      vertex 16.181826616309593 15.034803448128912 1
      vertex 16.181826616309593 16.965196551871088 1
    endloop
  endfacet
  facet normal 0 0 1
    outer loop
      vertex 16.181826616309593 15.034803448128912 1
      vertex 16.26111105734074 15.351324679296374 1
      vertex 16.26111105734074 16.648675320703628 1
    endloop
  endfacet
  facet normal 0 0 1
    outer loop
      vertex 15.570259757431101 13.89064233015588 1
      vertex 15.764636460905963 17.847271024790178 1
      vertex 15.570259757431101 18.109357669844123 1
    endloop
  endfacet
  facet normal 0 0 1
    outer loop
      vertex 15.764636460905963 14.152728975209822 1
      vertex 15.932388203958281 17.56739414994644 1
      vertex 15.764636460905963 17.847271024790178 1
    endloop
  endfacet
  facet normal 0 0 1
    outer loop
      vertex 16.071899445600028 14.727577587386076 1
      vertex 16.181826616309593 16.965196551871088 1
      vertex 16.071899445600028 17.272422412613924 1
    endloop
  endfacet
  facet normal 0 0 1
    outer loop
      vertex 16.181826616309593 15.034803448128912 1
      vertex 16.26111105734074 16.648675320703628 1
      vertex 16.181826616309593 16.965196551871088 1
    endloop
  endfacet
  facet normal 0 0 1
    outer loop
      vertex 15.932388203958281 14.432605850053557 1
      vertex 16.071899445600028 17.272422412613924 1
      vertex 15.932388203958281 17.56739414994644 1
    endloop
  endfacet
  facet normal 0 0 1
    outer loop
      vertex 16.26111105734074 15.351324679296374 1
      vertex 16.308989216185054 15.674093008404212 1
      vertex 16.308989216185054 16.32590699159579 1
    endloop
  endfacet
  facet normal 0 0 1
    outer loop
      vertex 16.308989216185054 15.674093008404212 1
      vertex 16.325 16 1
      vertex 16.308989216185054 16.32590699159579 1
    endloop
  endfacet
  facet normal 0 0 1
    outer loop
      vertex 16.26111105734074 15.351324679296374 1
      vertex 16.308989216185054 16.32590699159579 1
      vertex 16.26111105734074 16.648675320703628 1
    endloop
  endfacet
  facet normal -0.9700312531945426 0.24298017990326912 0
    outer loop
      vertex 16.181826616309593 15.034803448128912 1
      vertex 16.181826616309593 15.034803448128912 4.7
      vertex 16.26111105734074 15.351324679296374 1
    endloop
  endfacet
  facet normal -0.9700312531945424 -0.24298017990327045 0
    outer loop
      vertex 16.26111105734074 16.648675320703628 1
      vertex 16.26111105734074 16.648675320703628 4.7
      vertex 16.181826616309593 16.965196551871088 1
    endloop
  endfacet
  facet normal -0.5956993044924349 -0.8032075314806437 0
    outer loop
      vertex 15.10935766984412 18.5702597574311 1
      vertex 15.10935766984412 18.5702597574311 4.7
      vertex 14.847271024790178 18.76463646090596 1
    endloop
  endfacet
  facet normal -0.6715589548470163 -0.740951125354961 5.499445310615526e-19
    outer loop
      vertex 15.10935766984412 18.5702597574311 1
      vertex 15.35113004744527 18.35113004744527 1
      vertex 15.35113004744527 18.35113004744527 4.7
    endloop
  endfacet
  facet normal -0.7409511253549559 -0.671558954847022 0
    outer loop
      vertex 15.570259757431101 18.109357669844123 1
      vertex 15.570259757431101 18.109357669844123 4.7
      vertex 15.35113004744527 18.35113004744527 1
    endloop
  endfacet
  facet normal -0.8577286100002735 -0.5141027441932192 0
    outer loop
      vertex 15.932388203958281 17.56739414994644 1
      vertex 15.932388203958281 17.56739414994644 4.7
      vertex 15.764636460905963 17.847271024790178 1
    endloop
  endfacet
  facet normal -0.9415440651830221 -0.3368898533922164 -7.369958674062194e-19
    outer loop
      vertex 16.071899445600028 17.272422412613924 1
      vertex 16.181826616309593 16.965196551871088 1
      vertex 16.181826616309593 16.965196551871088 4.7
    endloop
  endfacet
  facet normal -0.9039892931234434 -0.4275550934302819 0
    outer loop
      vertex 16.071899445600028 17.272422412613924 1
      vertex 16.071899445600028 17.272422412613924 4.7
      vertex 15.932388203958281 17.56739414994644 1
    endloop
  endfacet
  facet normal -0.8032075314806457 -0.5956993044924322 -1.660705906410593e-18
    outer loop
      vertex 15.570259757431101 18.109357669844123 1
      vertex 15.764636460905963 17.847271024790178 1
      vertex 15.764636460905963 17.847271024790178 4.7
    endloop
  endfacet
  facet normal -0.9891765099647812 0.14673047445535944 0
    outer loop
      vertex 16.26111105734074 15.351324679296374 1
      vertex 16.26111105734074 15.351324679296374 4.7
      vertex 16.308989216185054 15.674093008404212 1
    endloop
  endfacet
  facet normal -0.9987954562051724 0.049067674327417106 0
    outer loop
      vertex 16.308989216185054 15.674093008404212 1
      vertex 16.308989216185054 15.674093008404212 4.7
      vertex 16.325 16 1
    endloop
  endfacet
  facet normal -0.9987954562051724 -0.04906767432741685 0
    outer loop
      vertex 16.325 16 1
      vertex 16.325 16 4.7
      vertex 16.308989216185054 16.32590699159579 1
    endloop
  endfacet
  facet normal -0.9891765099647812 -0.14673047445535944 0
    outer loop
      vertex 16.308989216185054 16.32590699159579 1
      vertex 16.308989216185054 16.32590699159579 4.7
      vertex 16.26111105734074 16.648675320703628 1
    endloop
  endfacet
  facet normal -0.9700312531945426 0.24298017990326912 0
    outer loop
      vertex 16.26111105734074 15.351324679296374 1
      vertex 16.181826616309593 15.034803448128912 4.7
      vertex 16.26111105734074 15.351324679296374 4.7
    endloop
  endfacet
  facet normal -0.9700312531945424 -0.24298017990327045 0
    outer loop
      vertex 16.181826616309593 16.965196551871088 1
      vertex 16.26111105734074 16.648675320703628 4.7
      vertex 16.181826616309593 16.965196551871088 4.7
    endloop
  endfacet
  facet normal -0.6715589548470163 -0.740951125354961 0
    outer loop
      vertex 15.10935766984412 18.5702597574311 1
      vertex 15.35113004744527 18.35113004744527 4.7
      vertex 15.10935766984412 18.5702597574311 4.7
    endloop
  endfacet
  facet normal -0.7409511253549559 -0.671558954847022 0
    outer loop
      vertex 15.35113004744527 18.35113004744527 1
      vertex 15.570259757431101 18.109357669844123 4.7
      vertex 15.35113004744527 18.35113004744527 4.7
    endloop
  endfacet
  facet normal -0.8577286100002735 -0.5141027441932192 0
    outer loop
      vertex 15.764636460905963 17.847271024790178 1
      vertex 15.932388203958281 17.56739414994644 4.7
      vertex 15.764636460905963 17.847271024790178 4.7
    endloop
  endfacet
  facet normal -0.9415440651830221 -0.3368898533922164 0
    outer loop
      vertex 16.071899445600028 17.272422412613924 1
      vertex 16.181826616309593 16.965196551871088 4.7
      vertex 16.071899445600028 17.272422412613924 4.7
    endloop
  endfacet
  facet normal -0.9039892931234434 -0.4275550934302819 0
    outer loop
      vertex 15.932388203958281 17.56739414994644 1
      vertex 16.071899445600028 17.272422412613924 4.7
      vertex 15.932388203958281 17.56739414994644 4.7
    endloop
  endfacet
  facet normal -0.8032075314806457 -0.5956993044924322 0
    outer loop
      vertex 15.570259757431101 18.109357669844123 1
      vertex 15.764636460905963 17.847271024790178 4.7
      vertex 15.570259757431101 18.109357669844123 4.7
    endloop
  endfacet
  facet normal -0.9891765099647812 0.14673047445535944 0
    outer loop
      vertex 16.308989216185054 15.674093008404212 1
      vertex 16.26111105734074 15.351324679296374 4.7
      vertex 16.308989216185054 15.674093008404212 4.7
    endloop
  endfacet
  facet normal -0.9987954562051724 0.049067674327417106 0
    outer loop
      vertex 16.325 16 1
      vertex 16.308989216185054 15.674093008404212 4.7
      vertex 16.325 16 4.7
    endloop
  endfacet
  facet normal -0.9987954562051724 -0.04906767432741685 0
    outer loop
      vertex 16.308989216185054 16.32590699159579 1
      vertex 16.325 16 4.7
      vertex 16.308989216185054 16.32590699159579 4.7
    endloop
  endfacet
  facet normal -0.9891765099647812 -0.14673047445535944 0
    outer loop
      vertex 16.26111105734074 16.648675320703628 1
      vertex 16.308989216185054 16.32590699159579 4.7
      vertex 16.26111105734074 16.648675320703628 4.7
    endloop
  endfacet
  facet normal 0 0 1
    outer loop
      vertex 6 30 3.25
      vertex -6 30 3.25
      vertex -6 28.799999997019768 3.25
    endloop
  endfacet
  facet normal 1 0 0
    outer loop
      vertex -6 28.799999997019768 12.75
      vertex -6 28.799999997019768 3.25
      vertex -6 30 3.25
    endloop
  endfacet
  facet normal 1 0 0
    outer loop
      vertex -6 30 3.25
      vertex -6 30 12.75
      vertex -6 28.799999997019768 12.75
    endloop
  endfacet
  facet normal 0 0 -1
    outer loop
      vertex -6 28.799999997019768 12.75
      vertex -6 30 12.75
      vertex 6 28.799999997019768 12.75
    endloop
  endfacet
  facet normal 0 0 1
    outer loop
      vertex 6 30 3.25
      vertex -6 28.799999997019768 3.25
      vertex 6 28.799999997019768 3.25
    endloop
  endfacet
  facet normal -1 0 0
    outer loop
      vertex 6 30 12.75
      vertex 6 30 3.25
      vertex 6 28.799999997019768 3.25
    endloop
  endfacet
  facet normal -1 0 0
    outer loop
      vertex 6 28.799999997019768 3.25
      vertex 6 28.799999997019768 12.75
      vertex 6 30 12.75
    endloop
  endfacet
  facet normal 0 0 -1
    outer loop
      vertex -6 30 12.75
      vertex 6 30 12.75
      vertex 6 28.799999997019768 12.75
    endloop
  endfacet
  facet normal 0 0 1
    outer loop
      vertex 18.799999997019768 8.5 5.4
      vertex 18.799999997019768 1.5 5.4
      vertex 20 1.5 5.4
    endloop
  endfacet
  facet normal 0 0 1
    outer loop
      vertex 20 1.5 5.4
      vertex 20 8.5 5.4
      vertex 18.799999997019768 8.5 5.4
    endloop
  endfacet
  facet normal 0 1 0
    outer loop
      vertex 20 1.5 8.6
      vertex 20 1.5 5.4
      vertex 18.799999997019768 1.5 5.4
    endloop
  endfacet
  facet normal 0 1 0
    outer loop
      vertex 18.799999997019768 1.5 5.4
      vertex 18.799999997019768 1.5 8.6
      vertex 20 1.5 8.6
    endloop
  endfacet
  facet normal 0 -1 0
    outer loop
      vertex 18.799999997019768 8.5 8.6
      vertex 18.799999997019768 8.5 5.4
      vertex 20 8.5 5.4
    endloop
  endfacet
  facet normal 0 -1 0
    outer loop
      vertex 20 8.5 5.4
      vertex 20 8.5 8.6
      vertex 18.799999997019768 8.5 8.6
    endloop
  endfacet
  facet normal 0 0 -1
    outer loop
      vertex 20 1.5 8.6
      vertex 18.799999997019768 1.5 8.6
      vertex 20 8.5 8.6
    endloop
  endfacet
  facet normal 0 0 -1
    outer loop
      vertex 20 8.5 8.6
      vertex 18.799999997019768 1.5 8.6
      vertex 18.799999997019768 8.5 8.6
    endloop
  endfacet
endsolid OpenSCAD_Model
