solid OpenSCAD_Model
  facet normal 0 0 -1
    outer loop
      vertex -2.537573136654582 -1.4004160682862334 6.6
      vertex -2.537573136654582 -0.9599711077358735 6.6
      vertex -2.4607643837603526 -1.5285637305968252 6.6
    endloop
  endfacet
  facet normal 0 0 -1
    outer loop
      vertex -2.1540255309382625 -1.9365078410714232 6.6
      vertex -2.2222809320784087 -1.8611996109877873 6.6
      vertex -2.2222809320784087 -1.4438392447375725 6.6
    endloop
  endfacet
  facet normal 0 0 -1
    outer loop
      vertex -2.4607643837603526 -1.5285637305968252 6.6
      vertex -2.537573136654582 -0.9599711077358735 6.6
      vertex -2.411261875677381 -0.5209170299582264 6.6
    endloop
  endfacet
  facet normal 0 0 -1
    outer loop
      vertex -2.1540255309382625 -1.9365078410714232 6.6
      vertex -2.2222809320784087 -1.4438392447375725 6.6
      vertex -2.0506096654409878 0.16857046096838602 6.6
    endloop
  endfacet
  facet normal -0.9039892931234436 -0.42755509343028153 0
    outer loop
      vertex -2.5575716666102295 -1.3670505367953931 7.3999999999999995
      vertex -2.5575716666102295 -1.3670505367953931 9.3
      vertex -2.6792506442827313 -1.1097819538587603 7.3999999999999995
    endloop
  endfacet
  facet normal -0.9415440651830207 -0.3368898533922207 0
    outer loop
      vertex -2.6792506442827313 -1.1097819538587603 7.3999999999999995
      vertex -2.6792506442827313 -1.1097819538587603 9.3
      vertex -2.7751269736234057 -0.8418255640379407 7.3999999999999995
    endloop
  endfacet
  facet normal -0.8032075314806458 -0.5956993044924321 5.862990326750188e-19
    outer loop
      vertex -2.411261875677381 -1.6111536757568463 7.3999999999999995
      vertex -2.2417303147519374 -1.839740524074572 7.3999999999999995
      vertex -2.2417303147519374 -1.839740524074572 9.3
    endloop
  endfacet
  facet normal -0.8577286100002718 -0.5141027441932222 3.3918552524459856e-18
    outer loop
      vertex -2.5575716666102295 -1.3670505367953931 7.3999999999999995
      vertex -2.411261875677381 -1.6111536757568463 7.3999999999999995
      vertex -2.411261875677381 -1.6111536757568463 9.3
    endloop
  endfacet
  facet normal -0.7409511253549587 -0.6715589548470189 0
    outer loop
      vertex -2.0506096654409878 -2.0506096654409878 7.3999999999999995
      vertex -2.0506096654409878 -2.0506096654409878 9.3
      vertex -2.2417303147519374 -1.839740524074572 7.3999999999999995
    endloop
  endfacet
  facet normal -0.8577286100002718 -0.5141027441932222 0
    outer loop
      vertex -2.5575716666102295 -1.3670505367953931 7.3999999999999995
      vertex -2.411261875677381 -1.6111536757568463 9.3
      vertex -2.5575716666102295 -1.3670505367953931 9.3
    endloop
  endfacet
  facet normal -0.9039892931234436 -0.42755509343028153 0
    outer loop
      vertex -2.6792506442827313 -1.1097819538587603 7.3999999999999995
      vertex -2.5575716666102295 -1.3670505367953931 9.3
      vertex -2.6792506442827313 -1.1097819538587603 9.3
    endloop
  endfacet
  facet normal -0.8032075314806458 -0.5956993044924321 0
    outer loop
      vertex -2.411261875677381 -1.6111536757568463 7.3999999999999995
      vertex -2.2417303147519374 -1.839740524074572 9.3
      vertex -2.411261875677381 -1.6111536757568463 9.3
    endloop
  endfacet
  facet normal -0.7409511253549587 -0.6715589548470189 -1.4045038077355678e-18
    outer loop
      vertex -2.0506096654409878 -2.0506096654409878 9.3
      vertex -2.2417303147519374 -1.839740524074572 9.3
      vertex -2.2417303147519374 -1.839740524074572 7.3999999999999995
    endloop
  endfacet
  facet normal -0.970031253194544 -0.2429801799032636 0
    outer loop
      vertex -2.7751269736234057 -0.8418255640379407 7.3999999999999995
      vertex -2.7751269736234057 -0.8418255640379407 9.3
      vertex -2.844277313169368 -0.5657619338467719 7.3999999999999995
    endloop
  endfacet
  facet normal -0.9891765099647808 -0.14673047445536314 0
    outer loop
      vertex -2.844277313169368 -0.5657619338467719 7.3999999999999995
      vertex -2.844277313169368 -0.5657619338467719 9.3
      vertex -2.886035707349371 -0.28424970695572577 7.3999999999999995
    endloop
  endfacet
  facet normal -0.9987954562051723 -0.04906767432741688 0
    outer loop
      vertex -2.886035707349371 -0.28424970695572577 7.3999999999999995
      vertex -2.886035707349371 -0.28424970695572577 9.3
      vertex -2.9 0 7.3999999999999995
    endloop
  endfacet
  facet normal -0.970031253194544 -0.2429801799032636 0
    outer loop
      vertex -2.844277313169368 -0.5657619338467719 7.3999999999999995
      vertex -2.7751269736234057 -0.8418255640379407 9.3
      vertex -2.844277313169368 -0.5657619338467719 9.3
    endloop
  endfacet
  facet normal -0.9415440651830207 -0.3368898533922207 -9.912892515566492e-19
    outer loop
      vertex -2.6792506442827313 -1.1097819538587603 9.3
      vertex -2.7751269736234057 -0.8418255640379407 9.3
      vertex -2.7751269736234057 -0.8418255640379407 7.3999999999999995
    endloop
  endfacet
  facet normal 0 0 1
    outer loop
      vertex -2.5575716666102295 -1.3670505367953931 9.3
      vertex -2.411261875677381 -1.6111536757568463 9.3
      vertex -2.5575716666102295 1.3670505367953931 9.3
    endloop
  endfacet
  facet normal -0.9891765099647808 -0.14673047445536314 0
    outer loop
      vertex -2.886035707349371 -0.28424970695572577 7.3999999999999995
      vertex -2.844277313169368 -0.5657619338467719 9.3
      vertex -2.886035707349371 -0.28424970695572577 9.3
    endloop
  endfacet
  facet normal -0.9987954562051723 -0.04906767432741688 -3.3131702950749253e-19
    outer loop
      vertex -2.886035707349371 -0.28424970695572577 9.3
      vertex -2.9 0 9.3
      vertex -2.9 0 7.3999999999999995
    endloop
  endfacet
  facet normal 0 0 1
    outer loop
      vertex -2.7751269736234057 -0.8418255640379407 9.3
      vertex -2.844277313169368 0.5657619338467719 9.3
      vertex -2.844277313169368 -0.5657619338467719 9.3
    endloop
  endfacet
  facet normal 0 0 1
    outer loop
      vertex -2.844277313169368 -0.5657619338467719 9.3
      vertex -2.886035707349371 0.28424970695572577 9.3
      vertex -2.886035707349371 -0.28424970695572577 9.3
    endloop
  endfacet
  facet normal 0 0 1
    outer loop
      vertex -2.5575716666102295 -1.3670505367953931 9.3
      vertex -2.6792506442827313 1.1097819538587603 9.3
      vertex -2.6792506442827313 -1.1097819538587603 9.3
    endloop
  endfacet
  facet normal 0 0 1
    outer loop
      vertex -2.6792506442827313 -1.1097819538587603 9.3
      vertex -2.7751269736234057 0.8418255640379407 9.3
      vertex -2.7751269736234057 -0.8418255640379407 9.3
    endloop
  endfacet
  facet normal 0 0 1
    outer loop
      vertex -2.411261875677381 -1.6111536757568463 9.3
      vertex -2.2417303147519374 -1.839740524074572 9.3
      vertex -2.411261875677381 1.6111536757568463 9.3
    endloop
  endfacet
  facet normal 0 0 1
    outer loop
      vertex -2.0506096654409878 -2.0506096654409878 9.3
      vertex -2.2417303147519374 1.839740524074572 9.3
      vertex -2.2417303147519374 -1.839740524074572 9.3
    endloop
  endfacet
  facet normal 0 0 -1
    outer loop
      vertex -0.780361288064513 -2.790522973272349 6.6
      vertex -0.780361288064513 -1.8516253991876286 6.6
      vertex -0.7253957127664268 -2.804291133143933 6.6
    endloop
  endfacet
  facet normal 0 0 -1
    outer loop
      vertex -0.7253957127664268 -2.804291133143933 6.6
      vertex -0.780361288064513 -1.8516253991876286 6.6
      vertex -0.6691295123525597 -1.65896631223842 6.6
    endloop
  endfacet
  facet normal 0 0 -1
    outer loop
      vertex -0.3920685613182424 -2.870042291112254 6.6
      vertex -0.28424970695572577 -1.7860357073493716 6.6
      vertex -0.33789828947180206 -2.8780776918818165 6.6
    endloop
  endfacet
  facet normal -0.6715589548470189 -0.7409511253549587 -1.4045038077355678e-18
    outer loop
      vertex -2.0506096654409878 -2.0506096654409878 7.3999999999999995
      vertex -1.839740524074572 -2.2417303147519374 7.3999999999999995
      vertex -1.839740524074572 -2.2417303147519374 9.3
    endloop
  endfacet
  facet normal -0.5956993044924321 -0.8032075314806458 5.862990326750188e-19
    outer loop
      vertex -1.839740524074572 -2.2417303147519374 7.3999999999999995
      vertex -1.6111536757568463 -2.411261875677381 7.3999999999999995
      vertex -1.6111536757568463 -2.411261875677381 9.3
    endloop
  endfacet
  facet normal -0.5141027441932222 -0.8577286100002718 3.3918552524459856e-18
    outer loop
      vertex -1.6111536757568463 -2.411261875677381 7.3999999999999995
      vertex -1.3670505367953931 -2.5575716666102295 7.3999999999999995
      vertex -1.3670505367953931 -2.5575716666102295 9.3
    endloop
  endfacet
  facet normal -0.42755509343028153 -0.9039892931234436 -1.938854800360167e-18
    outer loop
      vertex -1.3670505367953931 -2.5575716666102295 7.3999999999999995
      vertex -1.1097819538587603 -2.6792506442827313 7.3999999999999995
      vertex -1.1097819538587603 -2.6792506442827313 9.3
    endloop
  endfacet
  facet normal -0.5956993044924321 -0.8032075314806458 0
    outer loop
      vertex -1.839740524074572 -2.2417303147519374 7.3999999999999995
      vertex -1.6111536757568463 -2.411261875677381 9.3
      vertex -1.839740524074572 -2.2417303147519374 9.3
    endloop
  endfacet
  facet normal -0.6715589548470189 -0.7409511253549587 0
    outer loop
      vertex -2.0506096654409878 -2.0506096654409878 7.3999999999999995
      vertex -1.839740524074572 -2.2417303147519374 9.3
      vertex -2.0506096654409878 -2.0506096654409878 9.3
    endloop
  endfacet
  facet normal -0.5141027441932222 -0.8577286100002718 0
    outer loop
      vertex -1.6111536757568463 -2.411261875677381 7.3999999999999995
      vertex -1.3670505367953931 -2.5575716666102295 9.3
      vertex -1.6111536757568463 -2.411261875677381 9.3
    endloop
  endfacet
  facet normal -0.42755509343028153 -0.9039892931234436 0
    outer loop
      vertex -1.3670505367953931 -2.5575716666102295 7.3999999999999995
      vertex -1.1097819538587603 -2.6792506442827313 9.3
      vertex -1.3670505367953931 -2.5575716666102295 9.3
    endloop
  endfacet
  facet normal -0.3368898533922207 -0.9415440651830207 0
    outer loop
      vertex -1.1097819538587603 -2.6792506442827313 7.3999999999999995
      vertex -0.8418255640379407 -2.7751269736234057 9.3
      vertex -1.1097819538587603 -2.6792506442827313 9.3
    endloop
  endfacet
  facet normal -0.3368898533922207 -0.9415440651830207 -9.912892515566492e-19
    outer loop
      vertex -1.1097819538587603 -2.6792506442827313 7.3999999999999995
      vertex -0.8418255640379407 -2.7751269736234057 7.3999999999999995
      vertex -0.8418255640379407 -2.7751269736234057 9.3
    endloop
  endfacet
  facet normal -0.2429801799032636 -0.970031253194544 -7.740399621237633e-19
    outer loop
      vertex -0.8418255640379407 -2.7751269736234057 7.3999999999999995
      vertex -0.5657619338467719 -2.844277313169368 7.3999999999999995
      vertex -0.5657619338467719 -2.844277313169368 9.3
    endloop
  endfacet
  facet normal -0.14673047445536314 -0.9891765099647808 5.566246429061251e-19
    outer loop
      vertex -0.5657619338467719 -2.844277313169368 7.3999999999999995
      vertex -0.28424970695572577 -2.886035707349371 7.3999999999999995
      vertex -0.28424970695572577 -2.886035707349371 9.3
    endloop
  endfacet
  facet normal -0.04906767432741688 -0.9987954562051723 -3.3131702950749253e-19
    outer loop
      vertex -0.28424970695572577 -2.886035707349371 7.3999999999999995
      vertex 0 -2.9 7.3999999999999995
      vertex 0 -2.9 9.3
    endloop
  endfacet
  facet normal -0.2429801799032636 -0.970031253194544 0
    outer loop
      vertex -0.8418255640379407 -2.7751269736234057 7.3999999999999995
      vertex -0.5657619338467719 -2.844277313169368 9.3
      vertex -0.8418255640379407 -2.7751269736234057 9.3
    endloop
  endfacet
  facet normal -0.14673047445536314 -0.9891765099647808 0
    outer loop
      vertex -0.5657619338467719 -2.844277313169368 7.3999999999999995
      vertex -0.28424970695572577 -2.886035707349371 9.3
      vertex -0.5657619338467719 -2.844277313169368 9.3
    endloop
  endfacet
  facet normal -0.04906767432741688 -0.9987954562051723 0
    outer loop
      vertex -0.28424970695572577 -2.886035707349371 7.3999999999999995
      vertex 0 -2.9 9.3
      vertex -0.28424970695572577 -2.886035707349371 9.3
    endloop
  endfacet
  facet normal 0 0 -1
    outer loop
      vertex -1.5307337294603591 -0.7742762624360271 6.6
      vertex -1.447816101997061 -2.007691048675233 6.6
      vertex -1.5307337294603591 -2.151308592284734 6.6
    endloop
  endfacet
  facet normal 0 0 -1
    outer loop
      vertex -1.5307337294603591 -0.7742762624360271 6.6
      vertex -1.3670505367953931 -0.363670200998893 6.6
      vertex -1.447816101997061 -2.007691048675233 6.6
    endloop
  endfacet
  facet normal 0 0 -1
    outer loop
      vertex -0.3920685613182424 -2.870042291112254 6.6
      vertex -0.3920685613182424 -1.1790826682536295 6.6
      vertex -0.28424970695572577 -1.7860357073493716 6.6
    endloop
  endfacet
  facet normal 0 0 -1
    outer loop
      vertex -0.28424970695572577 -1.7860357073493716 6.6
      vertex -0.3920685613182424 -1.1790826682536295 6.6
      vertex -0.38349364905389033 -1.1642304845413263 6.6
    endloop
  endfacet
  facet normal 0 0 -1
    outer loop
      vertex -0.3920685613182424 -0.6965756239358176 6.6
      vertex -0.38349364905389033 -1.1642304845413263 6.6
      vertex -0.3920685613182424 -1.1592797566372253 6.6
    endloop
  endfacet
  facet normal 0 0 -1
    outer loop
      vertex -0.28424970695572577 -1.7860357073493716 6.6
      vertex -0.38349364905389033 -1.1642304845413263 6.6
      vertex -0.3920685613182424 -0.6965756239358176 6.6
    endloop
  endfacet
  facet normal 0 0 -1
    outer loop
      vertex -0.28424970695572577 -1.7860357073493716 6.6
      vertex -0.3920685613182424 -0.6965756239358176 6.6
      vertex -0.37711738946079815 -0.7055370114786841 6.6
    endloop
  endfacet
  facet normal 0 0 -1
    outer loop
      vertex -0.28424970695572577 -1.7860357073493716 6.6
      vertex -0.37711738946079815 -0.7055370114786841 6.6
      vertex -0.33031119733384634 -0.7276746916483339 6.6
    endloop
  endfacet
  facet normal 0 0 -1
    outer loop
      vertex -0.6128628998330814 -0.5136331027304806 6.6
      vertex -0.6376169002619393 -1.0175123570490163 6.6
      vertex -0.7199814429172828 -0.9699591661752732 6.6
    endloop
  endfacet
  facet normal 0 0 -1
    outer loop
      vertex -0.6184083626901896 -0.5075146273309165 6.6
      vertex -0.7199814429172828 -0.9699591661752732 6.6
      vertex -0.6630267240207729 -0.4473537314010731 6.6
    endloop
  endfacet
  facet normal 0 0 -1
    outer loop
      vertex -0.6184083626901896 -0.5075146273309165 6.6
      vertex -0.6128628998330814 -0.5136331027304806 6.6
      vertex -0.7199814429172828 -0.9699591661752732 6.6
    endloop
  endfacet
  facet normal 0 0 1
    outer loop
      vertex -1.839740524074572 -2.2417303147519374 9.3
      vertex -1.6111536757568463 -2.411261875677381 9.3
      vertex -1.839740524074572 2.2417303147519374 9.3
    endloop
  endfacet
  facet normal 0 0 1
    outer loop
      vertex -2.0506096654409878 -2.0506096654409878 9.3
      vertex -1.839740524074572 -2.2417303147519374 9.3
      vertex -2.0506096654409878 2.0506096654409878 9.3
    endloop
  endfacet
  facet normal 0 0 1
    outer loop
      vertex -1.6111536757568463 -2.411261875677381 9.3
      vertex -1.3670505367953931 -2.5575716666102295 9.3
      vertex -1.6111536757568463 2.411261875677381 9.3
    endloop
  endfacet
  facet normal 0 0 1
    outer loop
      vertex -1.3670505367953931 -2.5575716666102295 9.3
      vertex -1.1097819538587603 -2.6792506442827313 9.3
      vertex -1.3670505367953931 2.5575716666102295 9.3
    endloop
  endfacet
  facet normal 0 0 1
    outer loop
      vertex -1.1097819538587603 -2.6792506442827313 9.3
      vertex -0.8418255640379407 -2.7751269736234057 9.3
      vertex -1.1097819538587603 2.6792506442827313 9.3
    endloop
  endfacet
  facet normal 0 0 1
    outer loop
      vertex -0.8418255640379407 -2.7751269736234057 9.3
      vertex -0.5657619338467719 -2.844277313169368 9.3
      vertex -0.8418255640379407 2.7751269736234057 9.3
    endloop
  endfacet
  facet normal 0 0 1
    outer loop
      vertex -0.5657619338467719 -2.844277313169368 9.3
      vertex -0.28424970695572577 -2.886035707349371 9.3
      vertex -0.5657619338467719 2.844277313169368 9.3
    endloop
  endfacet
  facet normal 0 0 1
    outer loop
      vertex -0.28424970695572577 -2.886035707349371 9.3
      vertex 0 -2.9 9.3
      vertex -0.28424970695572577 2.886035707349371 9.3
    endloop
  endfacet
  facet normal -0.9987954562051723 0.04906767432741688 0
    outer loop
      vertex -2.9 0 7.3999999999999995
      vertex -2.9 0 9.3
      vertex -2.886035707349371 0.28424970695572577 7.3999999999999995
    endloop
  endfacet
  facet normal -0.9891765099647808 0.14673047445536314 0
    outer loop
      vertex -2.886035707349371 0.28424970695572577 7.3999999999999995
      vertex -2.886035707349371 0.28424970695572577 9.3
      vertex -2.844277313169368 0.5657619338467719 7.3999999999999995
    endloop
  endfacet
  facet normal -0.970031253194544 0.2429801799032636 0
    outer loop
      vertex -2.844277313169368 0.5657619338467719 7.3999999999999995
      vertex -2.844277313169368 0.5657619338467719 9.3
      vertex -2.7751269736234057 0.8418255640379407 7.3999999999999995
    endloop
  endfacet
  facet normal -0.9415440651830207 0.3368898533922207 0
    outer loop
      vertex -2.7751269736234057 0.8418255640379407 7.3999999999999995
      vertex -2.7751269736234057 0.8418255640379407 9.3
      vertex -2.6792506442827313 1.1097819538587603 7.3999999999999995
    endloop
  endfacet
  facet normal -0.9987954562051723 0.04906767432741688 0
    outer loop
      vertex -2.886035707349371 0.28424970695572577 7.3999999999999995
      vertex -2.9 0 9.3
      vertex -2.886035707349371 0.28424970695572577 9.3
    endloop
  endfacet
  facet normal -0.9891765099647808 0.14673047445536314 0
    outer loop
      vertex -2.844277313169368 0.5657619338467719 7.3999999999999995
      vertex -2.886035707349371 0.28424970695572577 9.3
      vertex -2.844277313169368 0.5657619338467719 9.3
    endloop
  endfacet
  facet normal 0 0 1
    outer loop
      vertex -2.886035707349371 -0.28424970695572577 9.3
      vertex -2.886035707349371 0.28424970695572577 9.3
      vertex -2.9 0 9.3
    endloop
  endfacet
  facet normal 0 0 1
    outer loop
      vertex -2.844277313169368 -0.5657619338467719 9.3
      vertex -2.844277313169368 0.5657619338467719 9.3
      vertex -2.886035707349371 0.28424970695572577 9.3
    endloop
  endfacet
  facet normal 0 0 1
    outer loop
      vertex -2.7751269736234057 -0.8418255640379407 9.3
      vertex -2.7751269736234057 0.8418255640379407 9.3
      vertex -2.844277313169368 0.5657619338467719 9.3
    endloop
  endfacet
  facet normal 0 0 1
    outer loop
      vertex -2.6792506442827313 -1.1097819538587603 9.3
      vertex -2.6792506442827313 1.1097819538587603 9.3
      vertex -2.7751269736234057 0.8418255640379407 9.3
    endloop
  endfacet
  facet normal 0 0 1
    outer loop
      vertex -2.5575716666102295 -1.3670505367953931 9.3
      vertex -2.5575716666102295 1.3670505367953931 9.3
      vertex -2.6792506442827313 1.1097819538587603 9.3
    endloop
  endfacet
  facet normal -0.970031253194544 0.2429801799032636 0
    outer loop
      vertex -2.7751269736234057 0.8418255640379407 7.3999999999999995
      vertex -2.844277313169368 0.5657619338467719 9.3
      vertex -2.7751269736234057 0.8418255640379407 9.3
    endloop
  endfacet
  facet normal 0 0 1
    outer loop
      vertex -2.411261875677381 -1.6111536757568463 9.3
      vertex -2.411261875677381 1.6111536757568463 9.3
      vertex -2.5575716666102295 1.3670505367953931 9.3
    endloop
  endfacet
  facet normal 0 0 1
    outer loop
      vertex -2.2417303147519374 -1.839740524074572 9.3
      vertex -2.2417303147519374 1.839740524074572 9.3
      vertex -2.411261875677381 1.6111536757568463 9.3
    endloop
  endfacet
  facet normal 0 0 1
    outer loop
      vertex -2.0506096654409878 -2.0506096654409878 9.3
      vertex -2.0506096654409878 2.0506096654409878 9.3
      vertex -2.2417303147519374 1.839740524074572 9.3
    endloop
  endfacet
  facet normal -0.9039892931234436 0.42755509343028153 0
    outer loop
      vertex -2.6792506442827313 1.1097819538587603 7.3999999999999995
      vertex -2.6792506442827313 1.1097819538587603 9.3
      vertex -2.5575716666102295 1.3670505367953931 7.3999999999999995
    endloop
  endfacet
  facet normal -0.8577286100002718 0.5141027441932222 0
    outer loop
      vertex -2.5575716666102295 1.3670505367953931 7.3999999999999995
      vertex -2.5575716666102295 1.3670505367953931 9.3
      vertex -2.411261875677381 1.6111536757568463 7.3999999999999995
    endloop
  endfacet
  facet normal -0.8032075314806458 0.5956993044924321 0
    outer loop
      vertex -2.411261875677381 1.6111536757568463 7.3999999999999995
      vertex -2.411261875677381 1.6111536757568463 9.3
      vertex -2.2417303147519374 1.839740524074572 7.3999999999999995
    endloop
  endfacet
  facet normal -0.7409511253549587 0.6715589548470189 0
    outer loop
      vertex -2.2417303147519374 1.839740524074572 7.3999999999999995
      vertex -2.2417303147519374 1.839740524074572 9.3
      vertex -2.0506096654409878 2.0506096654409878 7.3999999999999995
    endloop
  endfacet
  facet normal -0.9415440651830207 0.3368898533922207 9.912892515566492e-19
    outer loop
      vertex -2.7751269736234057 0.8418255640379407 9.3
      vertex -2.6792506442827313 1.1097819538587603 9.3
      vertex -2.6792506442827313 1.1097819538587603 7.3999999999999995
    endloop
  endfacet
  facet normal -0.9039892931234436 0.42755509343028153 0
    outer loop
      vertex -2.5575716666102295 1.3670505367953931 7.3999999999999995
      vertex -2.6792506442827313 1.1097819538587603 9.3
      vertex -2.5575716666102295 1.3670505367953931 9.3
    endloop
  endfacet
  facet normal -0.8577286100002718 0.5141027441932222 0
    outer loop
      vertex -2.411261875677381 1.6111536757568463 7.3999999999999995
      vertex -2.5575716666102295 1.3670505367953931 9.3
      vertex -2.411261875677381 1.6111536757568463 9.3
    endloop
  endfacet
  facet normal -0.8032075314806458 0.5956993044924321 0
    outer loop
      vertex -2.2417303147519374 1.839740524074572 7.3999999999999995
      vertex -2.411261875677381 1.6111536757568463 9.3
      vertex -2.2417303147519374 1.839740524074572 9.3
    endloop
  endfacet
  facet normal -0.7409511253549587 0.6715589548470189 1.4045038077355678e-18
    outer loop
      vertex -2.2417303147519374 1.839740524074572 9.3
      vertex -2.0506096654409878 2.0506096654409878 9.3
      vertex -2.0506096654409878 2.0506096654409878 7.3999999999999995
    endloop
  endfacet
  facet normal 0 0 -1
    outer loop
      vertex -1.3670505367953931 -0.363670200998893 6.6
      vertex -1.2660219312480299 1.6928143084180594 6.6
      vertex -1.1718716019741457 1.5297411545663528 6.6
    endloop
  endfacet
  facet normal 0 0 -1
    outer loop
      vertex -2.0506096654409878 0.16857046096838602 6.6
      vertex -1.9538423484441367 2.1383144492546626 6.6
      vertex -1.8855869473039906 1.308504930984045 6.6
    endloop
  endfacet
  facet normal 0 0 -1
    outer loop
      vertex -0.559566949549674 0.5712308878063463 6.6
      vertex -0.5347241588806922 1.0769175089831378 6.6
      vertex -0.5075146273309165 0.6184083626901896 6.6
    endloop
  endfacet
  facet normal 0 0 -1
    outer loop
      vertex -0.5075146273309165 0.6184083626901896 6.6
      vertex -0.4037477590568297 1.152536768678933 6.6
      vertex -0.44445618641568174 0.6651756898420362 6.6
    endloop
  endfacet
  facet normal 0 0 -1
    outer loop
      vertex -0.44445618641568174 0.6651756898420362 6.6
      vertex -0.4037477590568297 1.152536768678933 6.6
      vertex -0.39219934901325804 0.6964972328082158 6.6
    endloop
  endfacet
  facet normal 0 0 -1
    outer loop
      vertex -0.5075146273309165 0.6184083626901896 6.6
      vertex -0.5347241588806922 1.0769175089831378 6.6
      vertex -0.4037477590568297 1.152536768678933 6.6
    endloop
  endfacet
  facet normal 0 0 -1
    outer loop
      vertex -0.44703413661632857 2.861888918219799 6.6
      vertex -0.40498658781525343 1.2014573464799736 6.6
      vertex -0.5189119750312847 1.3987819054100976 6.6
    endloop
  endfacet
  facet normal 0 0 1
    outer loop
      vertex -1.839740524074572 -2.2417303147519374 9.3
      vertex -1.839740524074572 2.2417303147519374 9.3
      vertex -2.0506096654409878 2.0506096654409878 9.3
    endloop
  endfacet
  facet normal 0 0 1
    outer loop
      vertex -1.6111536757568463 -2.411261875677381 9.3
      vertex -1.6111536757568463 2.411261875677381 9.3
      vertex -1.839740524074572 2.2417303147519374 9.3
    endloop
  endfacet
  facet normal 0 0 1
    outer loop
      vertex -1.3670505367953931 -2.5575716666102295 9.3
      vertex -1.3670505367953931 2.5575716666102295 9.3
      vertex -1.6111536757568463 2.411261875677381 9.3
    endloop
  endfacet
  facet normal 0 0 1
    outer loop
      vertex -1.1097819538587603 -2.6792506442827313 9.3
      vertex -1.1097819538587603 2.6792506442827313 9.3
      vertex -1.3670505367953931 2.5575716666102295 9.3
    endloop
  endfacet
  facet normal 0 0 1
    outer loop
      vertex -0.8418255640379407 -2.7751269736234057 9.3
      vertex -0.8418255640379407 2.7751269736234057 9.3
      vertex -1.1097819538587603 2.6792506442827313 9.3
    endloop
  endfacet
  facet normal 0 0 1
    outer loop
      vertex -0.5657619338467719 -2.844277313169368 9.3
      vertex -0.5657619338467719 2.844277313169368 9.3
      vertex -0.8418255640379407 2.7751269736234057 9.3
    endloop
  endfacet
  facet normal 0 0 1
    outer loop
      vertex -0.28424970695572577 -2.886035707349371 9.3
      vertex -0.28424970695572577 2.886035707349371 9.3
      vertex -0.5657619338467719 2.844277313169368 9.3
    endloop
  endfacet
  facet normal 0 0 1
    outer loop
      vertex -0.28424970695572577 2.886035707349371 9.3
      vertex 0 -2.9 9.3
      vertex 0 2.9 9.3
    endloop
  endfacet
  facet normal 0 0 -1
    outer loop
      vertex -1.220125278452379 2.6270621384952073 6.6
      vertex -1.219215479661992 2.611743156149029 6.6
      vertex -1.2207474925167852 2.614396680251379 6.6
    endloop
  endfacet
  facet normal -0.6715589548470189 0.7409511253549587 0
    outer loop
      vertex -2.0506096654409878 2.0506096654409878 7.3999999999999995
      vertex -2.0506096654409878 2.0506096654409878 9.3
      vertex -1.839740524074572 2.2417303147519374 7.3999999999999995
    endloop
  endfacet
  facet normal -0.5956993044924321 0.8032075314806458 0
    outer loop
      vertex -1.839740524074572 2.2417303147519374 7.3999999999999995
      vertex -1.839740524074572 2.2417303147519374 9.3
      vertex -1.6111536757568463 2.411261875677381 7.3999999999999995
    endloop
  endfacet
  facet normal -0.5141027441932222 0.8577286100002718 0
    outer loop
      vertex -1.6111536757568463 2.411261875677381 7.3999999999999995
      vertex -1.6111536757568463 2.411261875677381 9.3
      vertex -1.3670505367953931 2.5575716666102295 7.3999999999999995
    endloop
  endfacet
  facet normal -0.42755509343028153 0.9039892931234436 0
    outer loop
      vertex -1.3670505367953931 2.5575716666102295 7.3999999999999995
      vertex -1.3670505367953931 2.5575716666102295 9.3
      vertex -1.1097819538587603 2.6792506442827313 7.3999999999999995
    endloop
  endfacet
  facet normal -0.3368898533922207 0.9415440651830207 0
    outer loop
      vertex -1.1097819538587603 2.6792506442827313 7.3999999999999995
      vertex -1.1097819538587603 2.6792506442827313 9.3
      vertex -0.8418255640379407 2.7751269736234057 7.3999999999999995
    endloop
  endfacet
  facet normal -0.6715589548470189 0.7409511253549587 1.4045038077355678e-18
    outer loop
      vertex -2.0506096654409878 2.0506096654409878 9.3
      vertex -1.839740524074572 2.2417303147519374 9.3
      vertex -1.839740524074572 2.2417303147519374 7.3999999999999995
    endloop
  endfacet
  facet normal -0.5956993044924321 0.8032075314806458 0
    outer loop
      vertex -1.6111536757568463 2.411261875677381 7.3999999999999995
      vertex -1.839740524074572 2.2417303147519374 9.3
      vertex -1.6111536757568463 2.411261875677381 9.3
    endloop
  endfacet
  facet normal -0.5141027441932222 0.8577286100002718 0
    outer loop
      vertex -1.3670505367953931 2.5575716666102295 7.3999999999999995
      vertex -1.6111536757568463 2.411261875677381 9.3
      vertex -1.3670505367953931 2.5575716666102295 9.3
    endloop
  endfacet
  facet normal -0.42755509343028153 0.9039892931234436 0
    outer loop
      vertex -1.1097819538587603 2.6792506442827313 7.3999999999999995
      vertex -1.3670505367953931 2.5575716666102295 9.3
      vertex -1.1097819538587603 2.6792506442827313 9.3
    endloop
  endfacet
  facet normal -0.2429801799032636 0.970031253194544 0
    outer loop
      vertex -0.8418255640379407 2.7751269736234057 7.3999999999999995
      vertex -0.8418255640379407 2.7751269736234057 9.3
      vertex -0.5657619338467719 2.844277313169368 7.3999999999999995
    endloop
  endfacet
  facet normal -0.14673047445536314 0.9891765099647808 0
    outer loop
      vertex -0.5657619338467719 2.844277313169368 7.3999999999999995
      vertex -0.5657619338467719 2.844277313169368 9.3
      vertex -0.28424970695572577 2.886035707349371 7.3999999999999995
    endloop
  endfacet
  facet normal -0.04906767432741688 0.9987954562051723 0
    outer loop
      vertex -0.28424970695572577 2.886035707349371 7.3999999999999995
      vertex -0.28424970695572577 2.886035707349371 9.3
      vertex 0 2.9 7.3999999999999995
    endloop
  endfacet
  facet normal -0.3368898533922207 0.9415440651830207 9.912892515566492e-19
    outer loop
      vertex -1.1097819538587603 2.6792506442827313 9.3
      vertex -0.8418255640379407 2.7751269736234057 9.3
      vertex -0.8418255640379407 2.7751269736234057 7.3999999999999995
    endloop
  endfacet
  facet normal -0.2429801799032636 0.970031253194544 0
    outer loop
      vertex -0.5657619338467719 2.844277313169368 7.3999999999999995
      vertex -0.8418255640379407 2.7751269736234057 9.3
      vertex -0.5657619338467719 2.844277313169368 9.3
    endloop
  endfacet
  facet normal -0.14673047445536314 0.9891765099647808 0
    outer loop
      vertex -0.28424970695572577 2.886035707349371 7.3999999999999995
      vertex -0.5657619338467719 2.844277313169368 9.3
      vertex -0.28424970695572577 2.886035707349371 9.3
    endloop
  endfacet
  facet normal -0.04906767432741688 0.9987954562051723 3.3131702950749253e-19
    outer loop
      vertex -0.28424970695572577 2.886035707349371 9.3
      vertex 0 2.9 9.3
      vertex 0 2.9 7.3999999999999995
    endloop
  endfacet
  facet normal 0 0 -1
    outer loop
      vertex 0.3920685613182424 -2.870042291112254 6.6
      vertex 0.3920685613182424 -0.6965756239358176 6.6
      vertex 0.44703413661632857 -2.861888918219799 6.6
    endloop
  endfacet
  facet normal 0 0 -1
    outer loop
      vertex 1.1611387090178493 -2.6549607080884075 6.6
      vertex 1.1611387090178493 -1.6338598773175013 6.6
      vertex 1.220125278452379 -2.6270621384952073 6.6
    endloop
  endfacet
  facet normal 0 0 -1
    outer loop
      vertex 1.5307337294603591 -2.4594637364954344 6.6
      vertex 1.6111536757568463 -2.058532516803793 6.6
      vertex 1.593299467432685 -2.421963276316035 6.6
    endloop
  endfacet
  facet normal 0.04906767432741688 -0.9987954562051723 3.3131702950749253e-19
    outer loop
      vertex 0 -2.9 7.3999999999999995
      vertex 0.28424970695572577 -2.886035707349371 7.3999999999999995
      vertex 0.28424970695572577 -2.886035707349371 9.3
    endloop
  endfacet
  facet normal 0.14673047445536314 -0.9891765099647808 -5.566246429061251e-19
    outer loop
      vertex 0.28424970695572577 -2.886035707349371 7.3999999999999995
      vertex 0.5657619338467719 -2.844277313169368 7.3999999999999995
      vertex 0.5657619338467719 -2.844277313169368 9.3
    endloop
  endfacet
  facet normal 0.2429801799032636 -0.970031253194544 7.740399621237633e-19
    outer loop
      vertex 0.5657619338467719 -2.844277313169368 7.3999999999999995
      vertex 0.8418255640379407 -2.7751269736234057 7.3999999999999995
      vertex 0.8418255640379407 -2.7751269736234057 9.3
    endloop
  endfacet
  facet normal 0.04906767432741688 -0.9987954562051723 0
    outer loop
      vertex 0 -2.9 7.3999999999999995
      vertex 0.28424970695572577 -2.886035707349371 9.3
      vertex 0 -2.9 9.3
    endloop
  endfacet
  facet normal 0.14673047445536314 -0.9891765099647808 0
    outer loop
      vertex 0.28424970695572577 -2.886035707349371 7.3999999999999995
      vertex 0.5657619338467719 -2.844277313169368 9.3
      vertex 0.28424970695572577 -2.886035707349371 9.3
    endloop
  endfacet
  facet normal 0.2429801799032636 -0.970031253194544 0
    outer loop
      vertex 0.5657619338467719 -2.844277313169368 7.3999999999999995
      vertex 0.8418255640379407 -2.7751269736234057 9.3
      vertex 0.5657619338467719 -2.844277313169368 9.3
    endloop
  endfacet
  facet normal 0.3368898533922207 -0.9415440651830207 0
    outer loop
      vertex 0.8418255640379407 -2.7751269736234057 7.3999999999999995
      vertex 1.1097819538587603 -2.6792506442827313 9.3
      vertex 0.8418255640379407 -2.7751269736234057 9.3
    endloop
  endfacet
  facet normal 0.3368898533922207 -0.9415440651830207 9.912892515566492e-19
    outer loop
      vertex 0.8418255640379407 -2.7751269736234057 7.3999999999999995
      vertex 1.1097819538587603 -2.6792506442827313 7.3999999999999995
      vertex 1.1097819538587603 -2.6792506442827313 9.3
    endloop
  endfacet
  facet normal 0.42755509343028153 -0.9039892931234436 1.938854800360167e-18
    outer loop
      vertex 1.1097819538587603 -2.6792506442827313 7.3999999999999995
      vertex 1.3670505367953931 -2.5575716666102295 7.3999999999999995
      vertex 1.3670505367953931 -2.5575716666102295 9.3
    endloop
  endfacet
  facet normal 0.5141027441932222 -0.8577286100002718 -3.3918552524459856e-18
    outer loop
      vertex 1.3670505367953931 -2.5575716666102295 7.3999999999999995
      vertex 1.6111536757568463 -2.411261875677381 7.3999999999999995
      vertex 1.6111536757568463 -2.411261875677381 9.3
    endloop
  endfacet
  facet normal 0.5956993044924321 -0.8032075314806458 -5.862990326750188e-19
    outer loop
      vertex 1.6111536757568463 -2.411261875677381 7.3999999999999995
      vertex 1.839740524074572 -2.2417303147519374 7.3999999999999995
      vertex 1.839740524074572 -2.2417303147519374 9.3
    endloop
  endfacet
  facet normal 0.6715589548470189 -0.7409511253549587 1.4045038077355678e-18
    outer loop
      vertex 1.839740524074572 -2.2417303147519374 7.3999999999999995
      vertex 2.0506096654409878 -2.0506096654409878 7.3999999999999995
      vertex 2.0506096654409878 -2.0506096654409878 9.3
    endloop
  endfacet
  facet normal 0.42755509343028153 -0.9039892931234436 0
    outer loop
      vertex 1.1097819538587603 -2.6792506442827313 7.3999999999999995
      vertex 1.3670505367953931 -2.5575716666102295 9.3
      vertex 1.1097819538587603 -2.6792506442827313 9.3
    endloop
  endfacet
  facet normal 0.5141027441932222 -0.8577286100002718 0
    outer loop
      vertex 1.3670505367953931 -2.5575716666102295 7.3999999999999995
      vertex 1.6111536757568463 -2.411261875677381 9.3
      vertex 1.3670505367953931 -2.5575716666102295 9.3
    endloop
  endfacet
  facet normal 0.5956993044924321 -0.8032075314806458 0
    outer loop
      vertex 1.6111536757568463 -2.411261875677381 7.3999999999999995
      vertex 1.839740524074572 -2.2417303147519374 9.3
      vertex 1.6111536757568463 -2.411261875677381 9.3
    endloop
  endfacet
  facet normal 0.6715589548470189 -0.7409511253549587 0
    outer loop
      vertex 1.839740524074572 -2.2417303147519374 7.3999999999999995
      vertex 2.0506096654409878 -2.0506096654409878 9.3
      vertex 1.839740524074572 -2.2417303147519374 9.3
    endloop
  endfacet
  facet normal 0 0 -1
    outer loop
      vertex 0.44703413661632857 -2.861888918219799 6.6
      vertex 0.3920685613182424 -0.6965756239358176 6.6
      vertex 0.44445618641568174 -0.6651756898420362 6.6
    endloop
  endfacet
  facet normal 0 0 -1
    outer loop
      vertex 0.44703413661632857 -2.861888918219799 6.6
      vertex 0.44445618641568174 -0.6651756898420362 6.6
      vertex 0.5075146273309165 -0.6184083626901896 6.6
    endloop
  endfacet
  facet normal 0 0 -1
    outer loop
      vertex 0.780361288064513 -2.790522973272349 6.6
      vertex 0.780361288064513 -0.17310682202620611 6.6
      vertex 0.8366964901333119 -2.776411739754373 6.6
    endloop
  endfacet
  facet normal 0 0 -1
    outer loop
      vertex 0.44703413661632857 -2.861888918219799 6.6
      vertex 0.5075146273309165 -0.6184083626901896 6.6
      vertex 0.559566949549674 -0.5712308878063463 6.6
    endloop
  endfacet
  facet normal 0 0 -1
    outer loop
      vertex 0.8366964901333119 -2.776411739754373 6.6
      vertex 0.780361288064513 1.5239928939530194 6.6
      vertex 0.8418255640379407 -2.6720070419425355 6.6
    endloop
  endfacet
  facet normal 0 0 -1
    outer loop
      vertex 0.8366964901333119 -2.776411739754373 6.6
      vertex 0.780361288064513 -0.17310682202620611 6.6
      vertex 0.7846282243225844 -0.1560722576129026 6.6
    endloop
  endfacet
  facet normal 0 0 -1
    outer loop
      vertex 0.8366964901333119 -2.776411739754373 6.6
      vertex 0.7846282243225844 -0.1560722576129026 6.6
      vertex 0.7961477813377575 -0.07841371226364849 6.6
    endloop
  endfacet
  facet normal 0 0 -1
    outer loop
      vertex 0.8366964901333119 -2.776411739754373 6.6
      vertex 0.7961477813377575 -0.07841371226364849 6.6
      vertex 0.8 0 6.6
    endloop
  endfacet
  facet normal 0 0 -1
    outer loop
      vertex 0.8366964901333119 -2.776411739754373 6.6
      vertex 0.8 0 6.6
      vertex 0.780361288064513 1.5239928939530194 6.6
    endloop
  endfacet
  facet normal 0 0 -1
    outer loop
      vertex 1.220125278452379 -2.6270621384952073 6.6
      vertex 1.1611387090178493 -1.6338598773175013 6.6
      vertex 1.3369028530229217 -0.25 6.6
    endloop
  endfacet
  facet normal 0 0 -1
    outer loop
      vertex 1.5307337294603591 -2.4594637364954344 6.6
      vertex 1.5307337294603591 -0.25 6.6
      vertex 1.6111536757568463 -2.058532516803793 6.6
    endloop
  endfacet
  facet normal 0 0 -1
    outer loop
      vertex 1.8855869473039906 -2.2001775388483003 6.6
      vertex 1.8855869473039906 -1.308504930984045 6.6
      vertex 1.9538423484441367 -2.1383144492546626 6.6
    endloop
  endfacet
  facet normal 0 0 -1
    outer loop
      vertex 1.9538423484441367 -2.1383144492546626 6.6
      vertex 1.8855869473039906 -1.308504930984045 6.6
      vertex 2.0466092887101848 -0.25 6.6
    endloop
  endfacet
  facet normal 0 0 -1
    outer loop
      vertex 1.1611387090178493 -1.6338598773175013 6.6
      vertex 1.303791437915241 -0.25 6.6
      vertex 1.3369028530229217 -0.25 6.6
    endloop
  endfacet
  facet normal 0 0 -1
    outer loop
      vertex 1.6111536757568463 -2.058532516803793 6.6
      vertex 1.5307337294603591 -0.25 6.6
      vertex 1.559811668861541 -0.25 6.6
    endloop
  endfacet
  facet normal 0 0 -1
    outer loop
      vertex 1.8855869473039906 -1.308504930984045 6.6
      vertex 2.038821510752188 -0.25 6.6
      vertex 2.0466092887101848 -0.25 6.6
    endloop
  endfacet
  facet normal 0 0 1
    outer loop
      vertex 0 -2.9 9.3
      vertex 0.28424970695572577 -2.886035707349371 9.3
      vertex 0 2.9 9.3
    endloop
  endfacet
  facet normal 0 0 1
    outer loop
      vertex 0.28424970695572577 -2.886035707349371 9.3
      vertex 0.5657619338467719 -2.844277313169368 9.3
      vertex 0.28424970695572577 2.886035707349371 9.3
    endloop
  endfacet
  facet normal 0 0 1
    outer loop
      vertex 0.5657619338467719 -2.844277313169368 9.3
      vertex 0.8418255640379407 -2.7751269736234057 9.3
      vertex 0.5657619338467719 2.844277313169368 9.3
    endloop
  endfacet
  facet normal 0 0 1
    outer loop
      vertex 0.8418255640379407 -2.7751269736234057 9.3
      vertex 1.1097819538587603 -2.6792506442827313 9.3
      vertex 0.8418255640379407 2.7751269736234057 9.3
    endloop
  endfacet
  facet normal 0 0 1
    outer loop
      vertex 1.1097819538587603 -2.6792506442827313 9.3
      vertex 1.3670505367953931 -2.5575716666102295 9.3
      vertex 1.1097819538587603 2.6792506442827313 9.3
    endloop
  endfacet
  facet normal 0 0 1
    outer loop
      vertex 1.3670505367953931 -2.5575716666102295 9.3
      vertex 1.6111536757568463 -2.411261875677381 9.3
      vertex 1.3670505367953931 2.5575716666102295 9.3
    endloop
  endfacet
  facet normal 0 0 1
    outer loop
      vertex 1.6111536757568463 -2.411261875677381 9.3
      vertex 1.839740524074572 -2.2417303147519374 9.3
      vertex 1.6111536757568463 2.411261875677381 9.3
    endloop
  endfacet
  facet normal 0 0 1
    outer loop
      vertex 1.839740524074572 -2.2417303147519374 9.3
      vertex 2.0506096654409878 -2.0506096654409878 9.3
      vertex 1.839740524074572 2.2417303147519374 9.3
    endloop
  endfacet
  facet normal 0.7409511253549587 -0.6715589548470189 1.4045038077355678e-18
    outer loop
      vertex 2.0506096654409878 -2.0506096654409878 7.3999999999999995
      vertex 2.2417303147519374 -1.839740524074572 7.3999999999999995
      vertex 2.2417303147519374 -1.839740524074572 9.3
    endloop
  endfacet
  facet normal 0.8032075314806458 -0.5956993044924321 -5.862990326750188e-19
    outer loop
      vertex 2.2417303147519374 -1.839740524074572 7.3999999999999995
      vertex 2.411261875677381 -1.6111536757568463 7.3999999999999995
      vertex 2.411261875677381 -1.6111536757568463 9.3
    endloop
  endfacet
  facet normal 0.8577286100002718 -0.5141027441932222 -3.3918552524459856e-18
    outer loop
      vertex 2.411261875677381 -1.6111536757568463 7.3999999999999995
      vertex 2.5575716666102295 -1.3670505367953931 7.3999999999999995
      vertex 2.5575716666102295 -1.3670505367953931 9.3
    endloop
  endfacet
  facet normal 0.9039892931234436 -0.42755509343028153 1.938854800360167e-18
    outer loop
      vertex 2.5575716666102295 -1.3670505367953931 7.3999999999999995
      vertex 2.6792506442827313 -1.1097819538587603 7.3999999999999995
      vertex 2.6792506442827313 -1.1097819538587603 9.3
    endloop
  endfacet
  facet normal 0.7409511253549587 -0.6715589548470189 0
    outer loop
      vertex 2.0506096654409878 -2.0506096654409878 7.3999999999999995
      vertex 2.2417303147519374 -1.839740524074572 9.3
      vertex 2.0506096654409878 -2.0506096654409878 9.3
    endloop
  endfacet
  facet normal 0.8032075314806458 -0.5956993044924321 0
    outer loop
      vertex 2.2417303147519374 -1.839740524074572 7.3999999999999995
      vertex 2.411261875677381 -1.6111536757568463 9.3
      vertex 2.2417303147519374 -1.839740524074572 9.3
    endloop
  endfacet
  facet normal 0.8577286100002718 -0.5141027441932222 0
    outer loop
      vertex 2.411261875677381 -1.6111536757568463 7.3999999999999995
      vertex 2.5575716666102295 -1.3670505367953931 9.3
      vertex 2.411261875677381 -1.6111536757568463 9.3
    endloop
  endfacet
  facet normal 0.9039892931234436 -0.42755509343028153 0
    outer loop
      vertex 2.5575716666102295 -1.3670505367953931 7.3999999999999995
      vertex 2.6792506442827313 -1.1097819538587603 9.3
      vertex 2.5575716666102295 -1.3670505367953931 9.3
    endloop
  endfacet
  facet normal 0.9415440651830207 -0.3368898533922207 0
    outer loop
      vertex 2.6792506442827313 -1.1097819538587603 7.3999999999999995
      vertex 2.7751269736234057 -0.8418255640379407 9.3
      vertex 2.6792506442827313 -1.1097819538587603 9.3
    endloop
  endfacet
  facet normal 0.9415440651830207 -0.3368898533922207 9.912892515566492e-19
    outer loop
      vertex 2.6792506442827313 -1.1097819538587603 7.3999999999999995
      vertex 2.7751269736234057 -0.8418255640379407 7.3999999999999995
      vertex 2.7751269736234057 -0.8418255640379407 9.3
    endloop
  endfacet
  facet normal 0.970031253194544 -0.2429801799032636 7.740399621237633e-19
    outer loop
      vertex 2.7751269736234057 -0.8418255640379407 7.3999999999999995
      vertex 2.844277313169368 -0.5657619338467719 7.3999999999999995
      vertex 2.844277313169368 -0.5657619338467719 9.3
    endloop
  endfacet
  facet normal 0.9891765099647808 -0.14673047445536314 -5.566246429061251e-19
    outer loop
      vertex 2.844277313169368 -0.5657619338467719 7.3999999999999995
      vertex 2.886035707349371 -0.28424970695572577 7.3999999999999995
      vertex 2.886035707349371 -0.28424970695572577 9.3
    endloop
  endfacet
  facet normal 0.9987954562051723 -0.04906767432741688 3.3131702950749253e-19
    outer loop
      vertex 2.886035707349371 -0.28424970695572577 7.3999999999999995
      vertex 2.9 0 7.3999999999999995
      vertex 2.9 0 9.3
    endloop
  endfacet
  facet normal 0 0 1
    outer loop
      vertex 2.0506096654409878 -2.0506096654409878 9.3
      vertex 2.2417303147519374 -1.839740524074572 9.3
      vertex 2.0506096654409878 2.0506096654409878 9.3
    endloop
  endfacet
  facet normal 0 0 1
    outer loop
      vertex 2.2417303147519374 -1.839740524074572 9.3
      vertex 2.411261875677381 -1.6111536757568463 9.3
      vertex 2.2417303147519374 1.839740524074572 9.3
    endloop
  endfacet
  facet normal 0 0 1
    outer loop
      vertex 2.411261875677381 -1.6111536757568463 9.3
      vertex 2.5575716666102295 -1.3670505367953931 9.3
      vertex 2.411261875677381 1.6111536757568463 9.3
    endloop
  endfacet
  facet normal 0.970031253194544 -0.2429801799032636 0
    outer loop
      vertex 2.7751269736234057 -0.8418255640379407 7.3999999999999995
      vertex 2.844277313169368 -0.5657619338467719 9.3
      vertex 2.7751269736234057 -0.8418255640379407 9.3
    endloop
  endfacet
  facet normal 0.9891765099647808 -0.14673047445536314 0
    outer loop
      vertex 2.844277313169368 -0.5657619338467719 7.3999999999999995
      vertex 2.886035707349371 -0.28424970695572577 9.3
      vertex 2.844277313169368 -0.5657619338467719 9.3
    endloop
  endfacet
  facet normal 0.9987954562051723 -0.04906767432741688 0
    outer loop
      vertex 2.886035707349371 -0.28424970695572577 7.3999999999999995
      vertex 2.9 0 9.3
      vertex 2.886035707349371 -0.28424970695572577 9.3
    endloop
  endfacet
  facet normal 0 0 1
    outer loop
      vertex 2.5575716666102295 -1.3670505367953931 9.3
      vertex 2.6792506442827313 -1.1097819538587603 9.3
      vertex 2.5575716666102295 1.3670505367953931 9.3
    endloop
  endfacet
  facet normal 0 0 1
    outer loop
      vertex 2.6792506442827313 -1.1097819538587603 9.3
      vertex 2.7751269736234057 -0.8418255640379407 9.3
      vertex 2.6792506442827313 1.1097819538587603 9.3
    endloop
  endfacet
  facet normal 0 0 1
    outer loop
      vertex 2.7751269736234057 -0.8418255640379407 9.3
      vertex 2.844277313169368 -0.5657619338467719 9.3
      vertex 2.7751269736234057 0.8418255640379407 9.3
    endloop
  endfacet
  facet normal 0 0 1
    outer loop
      vertex 2.844277313169368 -0.5657619338467719 9.3
      vertex 2.886035707349371 -0.28424970695572577 9.3
      vertex 2.844277313169368 0.5657619338467719 9.3
    endloop
  endfacet
  facet normal 0 0 -1
    outer loop
      vertex 0.6630267240207729 0.4473537314010731 6.6
      vertex 0.6184083626901896 0.5075146273309165 6.6
      vertex 0.780361288064513 1.5239928939530194 6.6
    endloop
  endfacet
  facet normal 0 0 -1
    outer loop
      vertex 0.6128628998330814 0.5136331027304806 6.6
      vertex 0.780361288064513 1.5239928939530194 6.6
      vertex 0.6184083626901896 0.5075146273309165 6.6
    endloop
  endfacet
  facet normal 0 0 -1
    outer loop
      vertex 0.8 0 6.6
      vertex 0.7961477813377575 0.07841371226364849 6.6
      vertex 0.780361288064513 1.5239928939530194 6.6
    endloop
  endfacet
  facet normal 0 0 -1
    outer loop
      vertex 0.7961477813377575 0.07841371226364849 6.6
      vertex 0.7846282243225844 0.1560722576129026 6.6
      vertex 0.780361288064513 1.5239928939530194 6.6
    endloop
  endfacet
  facet normal 0 0 -1
    outer loop
      vertex 0.780361288064513 0.17310682202620611 6.6
      vertex 0.780361288064513 1.5239928939530194 6.6
      vertex 0.7846282243225844 0.1560722576129026 6.6
    endloop
  endfacet
  facet normal 0 0 -1
    outer loop
      vertex 0.6128628998330814 0.5136331027304806 6.6
      vertex 0.7253957127664268 2.804291133143933 6.6
      vertex 0.780361288064513 1.5239928939530194 6.6
    endloop
  endfacet
  facet normal 0 0 -1
    outer loop
      vertex 1.3670505367953931 0.363670200998893 6.6
      vertex 1.3614662779076554 0.25 6.6
      vertex 1.3553330467282345 0.25 6.6
    endloop
  endfacet
  facet normal 0 0 -1
    outer loop
      vertex 1.5307337294603591 0.7742762624360271 6.6
      vertex 1.545617285730946 0.25 6.6
      vertex 1.5307337294603591 0.25 6.6
    endloop
  endfacet
  facet normal 0 0 -1
    outer loop
      vertex 1.3670505367953931 0.363670200998893 6.6
      vertex 1.4717471600258294 2.494818925611519 6.6
      vertex 1.5307337294603591 0.7742762624360271 6.6
    endloop
  endfacet
  facet normal 0 0 1
    outer loop
      vertex 0.28424970695572577 -2.886035707349371 9.3
      vertex 0.28424970695572577 2.886035707349371 9.3
      vertex 0 2.9 9.3
    endloop
  endfacet
  facet normal 0 0 1
    outer loop
      vertex 0.5657619338467719 -2.844277313169368 9.3
      vertex 0.5657619338467719 2.844277313169368 9.3
      vertex 0.28424970695572577 2.886035707349371 9.3
    endloop
  endfacet
  facet normal 0 0 1
    outer loop
      vertex 0.8418255640379407 -2.7751269736234057 9.3
      vertex 0.8418255640379407 2.7751269736234057 9.3
      vertex 0.5657619338467719 2.844277313169368 9.3
    endloop
  endfacet
  facet normal 0 0 1
    outer loop
      vertex 1.1097819538587603 -2.6792506442827313 9.3
      vertex 1.1097819538587603 2.6792506442827313 9.3
      vertex 0.8418255640379407 2.7751269736234057 9.3
    endloop
  endfacet
  facet normal 0 0 1
    outer loop
      vertex 1.3670505367953931 -2.5575716666102295 9.3
      vertex 1.3670505367953931 2.5575716666102295 9.3
      vertex 1.1097819538587603 2.6792506442827313 9.3
    endloop
  endfacet
  facet normal 0 0 1
    outer loop
      vertex 1.6111536757568463 -2.411261875677381 9.3
      vertex 1.6111536757568463 2.411261875677381 9.3
      vertex 1.3670505367953931 2.5575716666102295 9.3
    endloop
  endfacet
  facet normal 0 0 1
    outer loop
      vertex 2.0506096654409878 -2.0506096654409878 9.3
      vertex 2.0506096654409878 2.0506096654409878 9.3
      vertex 1.839740524074572 2.2417303147519374 9.3
    endloop
  endfacet
  facet normal 0 0 1
    outer loop
      vertex 1.839740524074572 -2.2417303147519374 9.3
      vertex 1.839740524074572 2.2417303147519374 9.3
      vertex 1.6111536757568463 2.411261875677381 9.3
    endloop
  endfacet
  facet normal 0.04906767432741688 0.9987954562051723 0
    outer loop
      vertex 0 2.9 7.3999999999999995
      vertex 0 2.9 9.3
      vertex 0.28424970695572577 2.886035707349371 7.3999999999999995
    endloop
  endfacet
  facet normal 0.14673047445536314 0.9891765099647808 0
    outer loop
      vertex 0.28424970695572577 2.886035707349371 7.3999999999999995
      vertex 0.28424970695572577 2.886035707349371 9.3
      vertex 0.5657619338467719 2.844277313169368 7.3999999999999995
    endloop
  endfacet
  facet normal 0.2429801799032636 0.970031253194544 0
    outer loop
      vertex 0.5657619338467719 2.844277313169368 7.3999999999999995
      vertex 0.5657619338467719 2.844277313169368 9.3
      vertex 0.8418255640379407 2.7751269736234057 7.3999999999999995
    endloop
  endfacet
  facet normal 0.3368898533922207 0.9415440651830207 0
    outer loop
      vertex 0.8418255640379407 2.7751269736234057 7.3999999999999995
      vertex 0.8418255640379407 2.7751269736234057 9.3
      vertex 1.1097819538587603 2.6792506442827313 7.3999999999999995
    endloop
  endfacet
  facet normal 0.04906767432741688 0.9987954562051723 0
    outer loop
      vertex 0.28424970695572577 2.886035707349371 7.3999999999999995
      vertex 0 2.9 9.3
      vertex 0.28424970695572577 2.886035707349371 9.3
    endloop
  endfacet
  facet normal 0.14673047445536314 0.9891765099647808 0
    outer loop
      vertex 0.5657619338467719 2.844277313169368 7.3999999999999995
      vertex 0.28424970695572577 2.886035707349371 9.3
      vertex 0.5657619338467719 2.844277313169368 9.3
    endloop
  endfacet
  facet normal 0.2429801799032636 0.970031253194544 0
    outer loop
      vertex 0.8418255640379407 2.7751269736234057 7.3999999999999995
      vertex 0.5657619338467719 2.844277313169368 9.3
      vertex 0.8418255640379407 2.7751269736234057 9.3
    endloop
  endfacet
  facet normal 0.42755509343028153 0.9039892931234436 0
    outer loop
      vertex 1.1097819538587603 2.6792506442827313 7.3999999999999995
      vertex 1.1097819538587603 2.6792506442827313 9.3
      vertex 1.3670505367953931 2.5575716666102295 7.3999999999999995
    endloop
  endfacet
  facet normal 0.5141027441932222 0.8577286100002718 0
    outer loop
      vertex 1.3670505367953931 2.5575716666102295 7.3999999999999995
      vertex 1.3670505367953931 2.5575716666102295 9.3
      vertex 1.6111536757568463 2.411261875677381 7.3999999999999995
    endloop
  endfacet
  facet normal 0.5956993044924321 0.8032075314806458 0
    outer loop
      vertex 1.6111536757568463 2.411261875677381 7.3999999999999995
      vertex 1.6111536757568463 2.411261875677381 9.3
      vertex 1.839740524074572 2.2417303147519374 7.3999999999999995
    endloop
  endfacet
  facet normal 0.6715589548470189 0.7409511253549587 0
    outer loop
      vertex 1.839740524074572 2.2417303147519374 7.3999999999999995
      vertex 1.839740524074572 2.2417303147519374 9.3
      vertex 2.0506096654409878 2.0506096654409878 7.3999999999999995
    endloop
  endfacet
  facet normal 0.3368898533922207 0.9415440651830207 -9.912892515566492e-19
    outer loop
      vertex 0.8418255640379407 2.7751269736234057 9.3
      vertex 1.1097819538587603 2.6792506442827313 9.3
      vertex 1.1097819538587603 2.6792506442827313 7.3999999999999995
    endloop
  endfacet
  facet normal 0.42755509343028153 0.9039892931234436 0
    outer loop
      vertex 1.3670505367953931 2.5575716666102295 7.3999999999999995
      vertex 1.1097819538587603 2.6792506442827313 9.3
      vertex 1.3670505367953931 2.5575716666102295 9.3
    endloop
  endfacet
  facet normal 0.5141027441932222 0.8577286100002718 0
    outer loop
      vertex 1.6111536757568463 2.411261875677381 7.3999999999999995
      vertex 1.3670505367953931 2.5575716666102295 9.3
      vertex 1.6111536757568463 2.411261875677381 9.3
    endloop
  endfacet
  facet normal 0.6715589548470189 0.7409511253549587 -1.4045038077355678e-18
    outer loop
      vertex 1.839740524074572 2.2417303147519374 9.3
      vertex 2.0506096654409878 2.0506096654409878 9.3
      vertex 2.0506096654409878 2.0506096654409878 7.3999999999999995
    endloop
  endfacet
  facet normal 0.5956993044924321 0.8032075314806458 0
    outer loop
      vertex 1.839740524074572 2.2417303147519374 7.3999999999999995
      vertex 1.6111536757568463 2.411261875677381 9.3
      vertex 1.839740524074572 2.2417303147519374 9.3
    endloop
  endfacet
  facet normal 0 0 -1
    outer loop
      vertex 2.2222809320784087 1.4438392447375725 6.6
      vertex 2.09517434460235 0.25 6.6
      vertex 2.0711727135949185 0.25 6.6
    endloop
  endfacet
  facet normal 0 0 -1
    outer loop
      vertex 2.2222809320784087 1.4438392447375725 6.6
      vertex 2.0711727135949185 0.25 6.6
      vertex 2.1540255309382625 1.9365078410714232 6.6
    endloop
  endfacet
  facet normal 0 0 -1
    outer loop
      vertex 2.411261875677381 0.5209170299582264 6.6
      vertex 2.4607643837603526 1.5285637305968252 6.6
      vertex 2.537573136654582 0.9599711077358735 6.6
    endloop
  endfacet
  facet normal 0.9987954562051723 0.04906767432741688 -3.3131702950749253e-19
    outer loop
      vertex 2.9 0 7.3999999999999995
      vertex 2.886035707349371 0.28424970695572577 7.3999999999999995
      vertex 2.886035707349371 0.28424970695572577 9.3
    endloop
  endfacet
  facet normal 0.9891765099647808 0.14673047445536314 5.566246429061251e-19
    outer loop
      vertex 2.886035707349371 0.28424970695572577 7.3999999999999995
      vertex 2.844277313169368 0.5657619338467719 7.3999999999999995
      vertex 2.844277313169368 0.5657619338467719 9.3
    endloop
  endfacet
  facet normal 0.970031253194544 0.2429801799032636 -7.740399621237633e-19
    outer loop
      vertex 2.844277313169368 0.5657619338467719 7.3999999999999995
      vertex 2.7751269736234057 0.8418255640379407 7.3999999999999995
      vertex 2.7751269736234057 0.8418255640379407 9.3
    endloop
  endfacet
  facet normal 0 0 1
    outer loop
      vertex 2.2417303147519374 -1.839740524074572 9.3
      vertex 2.2417303147519374 1.839740524074572 9.3
      vertex 2.0506096654409878 2.0506096654409878 9.3
    endloop
  endfacet
  facet normal 0 0 1
    outer loop
      vertex 2.411261875677381 -1.6111536757568463 9.3
      vertex 2.411261875677381 1.6111536757568463 9.3
      vertex 2.2417303147519374 1.839740524074572 9.3
    endloop
  endfacet
  facet normal 0.9987954562051723 0.04906767432741688 0
    outer loop
      vertex 2.9 0 7.3999999999999995
      vertex 2.886035707349371 0.28424970695572577 9.3
      vertex 2.9 0 9.3
    endloop
  endfacet
  facet normal 0.9891765099647808 0.14673047445536314 0
    outer loop
      vertex 2.886035707349371 0.28424970695572577 7.3999999999999995
      vertex 2.844277313169368 0.5657619338467719 9.3
      vertex 2.886035707349371 0.28424970695572577 9.3
    endloop
  endfacet
  facet normal 0 0 1
    outer loop
      vertex 2.7751269736234057 -0.8418255640379407 9.3
      vertex 2.7751269736234057 0.8418255640379407 9.3
      vertex 2.6792506442827313 1.1097819538587603 9.3
    endloop
  endfacet
  facet normal 0 0 1
    outer loop
      vertex 2.6792506442827313 -1.1097819538587603 9.3
      vertex 2.6792506442827313 1.1097819538587603 9.3
      vertex 2.5575716666102295 1.3670505367953931 9.3
    endloop
  endfacet
  facet normal 0 0 1
    outer loop
      vertex 2.886035707349371 -0.28424970695572577 9.3
      vertex 2.886035707349371 0.28424970695572577 9.3
      vertex 2.844277313169368 0.5657619338467719 9.3
    endloop
  endfacet
  facet normal 0 0 1
    outer loop
      vertex 2.886035707349371 -0.28424970695572577 9.3
      vertex 2.9 0 9.3
      vertex 2.886035707349371 0.28424970695572577 9.3
    endloop
  endfacet
  facet normal 0 0 1
    outer loop
      vertex 2.844277313169368 -0.5657619338467719 9.3
      vertex 2.844277313169368 0.5657619338467719 9.3
      vertex 2.7751269736234057 0.8418255640379407 9.3
    endloop
  endfacet
  facet normal 0.9415440651830207 0.3368898533922207 0
    outer loop
      vertex 2.7751269736234057 0.8418255640379407 7.3999999999999995
      vertex 2.6792506442827313 1.1097819538587603 9.3
      vertex 2.7751269736234057 0.8418255640379407 9.3
    endloop
  endfacet
  facet normal 0.970031253194544 0.2429801799032636 0
    outer loop
      vertex 2.844277313169368 0.5657619338467719 7.3999999999999995
      vertex 2.7751269736234057 0.8418255640379407 9.3
      vertex 2.844277313169368 0.5657619338467719 9.3
    endloop
  endfacet
  facet normal 0 0 1
    outer loop
      vertex 2.5575716666102295 -1.3670505367953931 9.3
      vertex 2.5575716666102295 1.3670505367953931 9.3
      vertex 2.411261875677381 1.6111536757568463 9.3
    endloop
  endfacet
  facet normal 0.7409511253549587 0.6715589548470189 -1.4045038077355678e-18
    outer loop
      vertex 2.2417303147519374 1.839740524074572 7.3999999999999995
      vertex 2.0506096654409878 2.0506096654409878 7.3999999999999995
      vertex 2.0506096654409878 2.0506096654409878 9.3
    endloop
  endfacet
  facet normal 0.8577286100002718 0.5141027441932222 0
    outer loop
      vertex 2.411261875677381 1.6111536757568463 7.3999999999999995
      vertex 2.411261875677381 1.6111536757568463 9.3
      vertex 2.5575716666102295 1.3670505367953931 7.3999999999999995
    endloop
  endfacet
  facet normal 0.8032075314806458 0.5956993044924321 0
    outer loop
      vertex 2.2417303147519374 1.839740524074572 7.3999999999999995
      vertex 2.2417303147519374 1.839740524074572 9.3
      vertex 2.411261875677381 1.6111536757568463 7.3999999999999995
    endloop
  endfacet
  facet normal 0.9415440651830207 0.3368898533922207 -9.912892515566492e-19
    outer loop
      vertex 2.7751269736234057 0.8418255640379407 7.3999999999999995
      vertex 2.6792506442827313 1.1097819538587603 7.3999999999999995
      vertex 2.6792506442827313 1.1097819538587603 9.3
    endloop
  endfacet
  facet normal 0.9039892931234436 0.42755509343028153 -1.938854800360167e-18
    outer loop
      vertex 2.6792506442827313 1.1097819538587603 7.3999999999999995
      vertex 2.5575716666102295 1.3670505367953931 7.3999999999999995
      vertex 2.5575716666102295 1.3670505367953931 9.3
    endloop
  endfacet
  facet normal 0.7409511253549587 0.6715589548470189 0
    outer loop
      vertex 2.2417303147519374 1.839740524074572 7.3999999999999995
      vertex 2.0506096654409878 2.0506096654409878 9.3
      vertex 2.2417303147519374 1.839740524074572 9.3
    endloop
  endfacet
  facet normal 0.8032075314806458 0.5956993044924321 0
    outer loop
      vertex 2.411261875677381 1.6111536757568463 7.3999999999999995
      vertex 2.2417303147519374 1.839740524074572 9.3
      vertex 2.411261875677381 1.6111536757568463 9.3
    endloop
  endfacet
  facet normal 0.9039892931234436 0.42755509343028153 0
    outer loop
      vertex 2.6792506442827313 1.1097819538587603 7.3999999999999995
      vertex 2.5575716666102295 1.3670505367953931 9.3
      vertex 2.6792506442827313 1.1097819538587603 9.3
    endloop
  endfacet
  facet normal 0.8577286100002718 0.5141027441932222 0
    outer loop
      vertex 2.5575716666102295 1.3670505367953931 7.3999999999999995
      vertex 2.411261875677381 1.6111536757568463 9.3
      vertex 2.5575716666102295 1.3670505367953931 9.3
    endloop
  endfacet
  facet normal -0.7409511253549594 -0.6715589548470181 0
    outer loop
      vertex -3.092041813450948 -2.537573136654582 6.6
      vertex -2.8284271247461903 -2.8284271247461903 6.6
      vertex -3.092041813450948 -2.537573136654582 7.3999999999999995
    endloop
  endfacet
  facet normal -0.8032075314806453 -0.595699304492433 -1.2219814190726483e-17
    outer loop
      vertex -3.092041813450948 -2.537573136654582 6.6
      vertex -3.325878449210181 -2.2222809320784087 7.3999999999999995
      vertex -3.325878449210181 -2.2222809320784087 6.6
    endloop
  endfacet
  facet normal -0.6715589548470181 -0.7409511253549594 0
    outer loop
      vertex -2.537573136654582 -3.092041813450948 6.6
      vertex -2.537573136654582 -3.092041813450948 7.3999999999999995
      vertex -2.8284271247461903 -2.8284271247461903 6.6
    endloop
  endfacet
  facet normal -0.595699304492433 -0.8032075314806453 -1.2219814190726483e-17
    outer loop
      vertex -2.537573136654582 -3.092041813450948 6.6
      vertex -2.2222809320784087 -3.325878449210181 6.6
      vertex -2.2222809320784087 -3.325878449210181 7.3999999999999995
    endloop
  endfacet
  facet normal 0 0 -1
    outer loop
      vertex -3.092041813450948 -2.537573136654582 6.6
      vertex -2.537573136654582 -0.9599711077358735 6.6
      vertex -2.8284271247461903 -2.8284271247461903 6.6
    endloop
  endfacet
  facet normal 0 0 -1
    outer loop
      vertex -2.537573136654582 -3.092041813450948 6.6
      vertex -2.8284271247461903 -2.8284271247461903 6.6
      vertex -2.537573136654582 -1.4004160682862334 6.6
    endloop
  endfacet
  facet normal 0 0 -1
    outer loop
      vertex -2.537573136654582 -3.092041813450948 6.6
      vertex -2.537573136654582 -1.4004160682862334 6.6
      vertex -2.4607643837603526 -1.5285637305968252 6.6
    endloop
  endfacet
  facet normal 0 0 -1
    outer loop
      vertex -2.537573136654582 -3.092041813450948 6.6
      vertex -2.2222809320784087 -1.8611996109877873 6.6
      vertex -2.2222809320784087 -3.325878449210181 6.6
    endloop
  endfacet
  facet normal 0 0 -1
    outer loop
      vertex -2.2222809320784087 -3.325878449210181 6.6
      vertex -2.1540255309382625 -1.9365078410714232 6.6
      vertex -2.06650635094611 -3.079293994002423 6.6
    endloop
  endfacet
  facet normal 0 0 -1
    outer loop
      vertex -2.537573136654582 -3.092041813450948 6.6
      vertex -2.4607643837603526 -1.5285637305968252 6.6
      vertex -2.2222809320784087 -1.8611996109877873 6.6
    endloop
  endfacet
  facet normal 0 0 -1
    outer loop
      vertex -2.2222809320784087 -3.325878449210181 6.6
      vertex -2.2222809320784087 -1.8611996109877873 6.6
      vertex -2.1540255309382625 -1.9365078410714232 6.6
    endloop
  endfacet
  facet normal -0.8577286100002718 -0.5141027441932221 0
    outer loop
      vertex -3.325878449210181 -2.2222809320784087 6.6
      vertex -3.325878449210181 -2.2222809320784087 7.3999999999999995
      vertex -3.52768505739342 -1.8855869473039906 7.3999999999999995
    endloop
  endfacet
  facet normal -0.8032075314806453 -0.595699304492433 0
    outer loop
      vertex -3.092041813450948 -2.537573136654582 6.6
      vertex -3.092041813450948 -2.537573136654582 7.3999999999999995
      vertex -3.325878449210181 -2.2222809320784087 7.3999999999999995
    endloop
  endfacet
  facet normal -0.595699304492433 -0.8032075314806453 0
    outer loop
      vertex -2.537573136654582 -3.092041813450948 6.6
      vertex -2.2222809320784087 -3.325878449210181 7.3999999999999995
      vertex -2.537573136654582 -3.092041813450948 7.3999999999999995
    endloop
  endfacet
  facet normal -0.5141027441932221 -0.8577286100002718 0
    outer loop
      vertex -2.2222809320784087 -3.325878449210181 6.6
      vertex -1.8855869473039906 -3.52768505739342 7.3999999999999995
      vertex -2.2222809320784087 -3.325878449210181 7.3999999999999995
    endloop
  endfacet
  facet normal -0.7409511253549594 -0.6715589548470181 0
    outer loop
      vertex -2.8284271247461903 -2.8284271247461903 6.6
      vertex -2.8284271247461903 -2.8284271247461903 7.3999999999999995
      vertex -3.092041813450948 -2.537573136654582 7.3999999999999995
    endloop
  endfacet
  facet normal -0.6715589548470181 -0.7409511253549594 0
    outer loop
      vertex -2.8284271247461903 -2.8284271247461903 6.6
      vertex -2.537573136654582 -3.092041813450948 7.3999999999999995
      vertex -2.8284271247461903 -2.8284271247461903 7.3999999999999995
    endloop
  endfacet
  facet normal 0 0 1
    outer loop
      vertex -2.537573136654582 -3.092041813450948 7.3999999999999995
      vertex -2.6792506442827313 -1.1097819538587603 7.3999999999999995
      vertex -2.8284271247461903 -2.8284271247461903 7.3999999999999995
    endloop
  endfacet
  facet normal 0 0 1
    outer loop
      vertex -2.537573136654582 -3.092041813450948 7.3999999999999995
      vertex -2.411261875677381 -1.6111536757568463 7.3999999999999995
      vertex -2.5575716666102295 -1.3670505367953931 7.3999999999999995
    endloop
  endfacet
  facet normal 0 0 1
    outer loop
      vertex -2.537573136654582 -3.092041813450948 7.3999999999999995
      vertex -2.2222809320784087 -3.325878449210181 7.3999999999999995
      vertex -2.411261875677381 -1.6111536757568463 7.3999999999999995
    endloop
  endfacet
  facet normal 0 0 1
    outer loop
      vertex -2.2222809320784087 -3.325878449210181 7.3999999999999995
      vertex -1.8855869473039906 -3.52768505739342 7.3999999999999995
      vertex -2.0506096654409878 -2.0506096654409878 7.3999999999999995
    endloop
  endfacet
  facet normal 0 0 1
    outer loop
      vertex -2.2222809320784087 -3.325878449210181 7.3999999999999995
      vertex -2.2417303147519374 -1.839740524074572 7.3999999999999995
      vertex -2.411261875677381 -1.6111536757568463 7.3999999999999995
    endloop
  endfacet
  facet normal 0 0 1
    outer loop
      vertex -2.2222809320784087 -3.325878449210181 7.3999999999999995
      vertex -2.0506096654409878 -2.0506096654409878 7.3999999999999995
      vertex -2.2417303147519374 -1.839740524074572 7.3999999999999995
    endloop
  endfacet
  facet normal -0.9039892931234436 -0.4275550934302819 5.695839843273487e-18
    outer loop
      vertex -3.52768505739342 -1.8855869473039906 6.6
      vertex -3.695518130045147 -1.5307337294603591 7.3999999999999995
      vertex -3.695518130045147 -1.5307337294603591 6.6
    endloop
  endfacet
  facet normal -0.9415440651830209 -0.3368898533922197 -2.9932453333915392e-18
    outer loop
      vertex -3.695518130045147 -1.5307337294603591 6.6
      vertex -3.8277613429288353 -1.1611387090178493 7.3999999999999995
      vertex -3.8277613429288353 -1.1611387090178493 6.6
    endloop
  endfacet
  facet normal -0.8577286100002718 -0.5141027441932221 7.011947377000148e-18
    outer loop
      vertex -3.325878449210181 -2.2222809320784087 6.6
      vertex -3.52768505739342 -1.8855869473039906 7.3999999999999995
      vertex -3.52768505739342 -1.8855869473039906 6.6
    endloop
  endfacet
  facet normal -0.970031253194544 -0.24298017990326412 -4.9546743234561854e-18
    outer loop
      vertex -3.8277613429288353 -1.1611387090178493 6.6
      vertex -3.9231411216129217 -0.780361288064513 7.3999999999999995
      vertex -3.9231411216129217 -0.780361288064513 6.6
    endloop
  endfacet
  facet normal -0.9891765099647809 -0.14673047445536241 -2.362621890985336e-18
    outer loop
      vertex -3.9231411216129217 -0.780361288064513 6.6
      vertex -3.9807389066887877 -0.3920685613182424 7.3999999999999995
      vertex -3.9807389066887877 -0.3920685613182424 6.6
    endloop
  endfacet
  facet normal 0 0 -1
    outer loop
      vertex -3.52768505739342 -1.8855869473039906 6.6
      vertex -3.695518130045147 -1.5307337294603591 6.6
      vertex -3.52768505739342 1.8855869473039906 6.6
    endloop
  endfacet
  facet normal 0 0 -1
    outer loop
      vertex -3.8277613429288353 -1.1611387090178493 6.6
      vertex -3.9231411216129217 -0.780361288064513 6.6
      vertex -3.8277613429288353 1.1611387090178493 6.6
    endloop
  endfacet
  facet normal 0 0 -1
    outer loop
      vertex -3.9231411216129217 -0.780361288064513 6.6
      vertex -3.9807389066887877 -0.3920685613182424 6.6
      vertex -3.9231411216129217 0.780361288064513 6.6
    endloop
  endfacet
  facet normal -0.9987954562051724 -0.049067674327417585 3.40553267971595e-19
    outer loop
      vertex -3.9807389066887877 -0.3920685613182424 6.6
      vertex -4 0 7.3999999999999995
      vertex -4 0 6.6
    endloop
  endfacet
  facet normal 0 0 -1
    outer loop
      vertex -3.695518130045147 -1.5307337294603591 6.6
      vertex -3.8277613429288353 -1.1611387090178493 6.6
      vertex -3.695518130045147 1.5307337294603591 6.6
    endloop
  endfacet
  facet normal 0 0 -1
    outer loop
      vertex -3.325878449210181 -2.2222809320784087 6.6
      vertex -3.52768505739342 -1.8855869473039906 6.6
      vertex -3.325878449210181 2.2222809320784087 6.6
    endloop
  endfacet
  facet normal 0 0 -1
    outer loop
      vertex -3.092041813450948 -2.537573136654582 6.6
      vertex -3.325878449210181 -2.2222809320784087 6.6
      vertex -3.092041813450948 2.537573136654582 6.6
    endloop
  endfacet
  facet normal 0 0 -1
    outer loop
      vertex -2.8284271247461903 -2.8284271247461903 6.6
      vertex -2.537573136654582 -0.9599711077358735 6.6
      vertex -2.537573136654582 -1.4004160682862334 6.6
    endloop
  endfacet
  facet normal 0 0 -1
    outer loop
      vertex -2.4607643837603526 -1.5285637305968252 6.6
      vertex -2.2222809320784087 -1.4438392447375725 6.6
      vertex -2.2222809320784087 -1.8611996109877873 6.6
    endloop
  endfacet
  facet normal 0 0 -1
    outer loop
      vertex -2.1540255309382625 -1.9365078410714232 6.6
      vertex -2.0506096654409878 0.16857046096838602 6.6
      vertex -2.06650635094611 -3.079293994002423 6.6
    endloop
  endfacet
  facet normal 0 0 -1
    outer loop
      vertex -2.4607643837603526 -1.5285637305968252 6.6
      vertex -2.411261875677381 -0.5209170299582264 6.6
      vertex -2.2222809320784087 -1.4438392447375725 6.6
    endloop
  endfacet
  facet normal 0 0 -1
    outer loop
      vertex -3.092041813450948 -2.537573136654582 6.6
      vertex -2.537573136654582 3.092041813450948 6.6
      vertex -2.537573136654582 -0.9599711077358735 6.6
    endloop
  endfacet
  facet normal 0 0 -1
    outer loop
      vertex -2.0506096654409878 0.16857046096838602 6.6
      vertex -1.8855869473039906 1.308504930984045 6.6
      vertex -2.06650635094611 -3.079293994002423 6.6
    endloop
  endfacet
  facet normal -0.9039892931234436 -0.4275550934302819 0
    outer loop
      vertex -3.52768505739342 -1.8855869473039906 6.6
      vertex -3.52768505739342 -1.8855869473039906 7.3999999999999995
      vertex -3.695518130045147 -1.5307337294603591 7.3999999999999995
    endloop
  endfacet
  facet normal -0.970031253194544 -0.24298017990326412 0
    outer loop
      vertex -3.8277613429288353 -1.1611387090178493 6.6
      vertex -3.8277613429288353 -1.1611387090178493 7.3999999999999995
      vertex -3.9231411216129217 -0.780361288064513 7.3999999999999995
    endloop
  endfacet
  facet normal -0.9415440651830209 -0.3368898533922197 0
    outer loop
      vertex -3.695518130045147 -1.5307337294603591 6.6
      vertex -3.695518130045147 -1.5307337294603591 7.3999999999999995
      vertex -3.8277613429288353 -1.1611387090178493 7.3999999999999995
    endloop
  endfacet
  facet normal -0.9891765099647809 -0.14673047445536241 0
    outer loop
      vertex -3.9231411216129217 -0.780361288064513 6.6
      vertex -3.9231411216129217 -0.780361288064513 7.3999999999999995
      vertex -3.9807389066887877 -0.3920685613182424 7.3999999999999995
    endloop
  endfacet
  facet normal 0 0 1
    outer loop
      vertex -3.695518130045147 -1.5307337294603591 7.3999999999999995
      vertex -3.8277613429288353 1.1611387090178493 7.3999999999999995
      vertex -3.8277613429288353 -1.1611387090178493 7.3999999999999995
    endloop
  endfacet
  facet normal 0 0 1
    outer loop
      vertex -3.52768505739342 -1.8855869473039906 7.3999999999999995
      vertex -3.695518130045147 1.5307337294603591 7.3999999999999995
      vertex -3.695518130045147 -1.5307337294603591 7.3999999999999995
    endloop
  endfacet
  facet normal -0.9987954562051724 -0.049067674327417585 0
    outer loop
      vertex -3.9807389066887877 -0.3920685613182424 6.6
      vertex -3.9807389066887877 -0.3920685613182424 7.3999999999999995
      vertex -4 0 7.3999999999999995
    endloop
  endfacet
  facet normal 0 0 1
    outer loop
      vertex -3.8277613429288353 -1.1611387090178493 7.3999999999999995
      vertex -3.9231411216129217 0.780361288064513 7.3999999999999995
      vertex -3.9231411216129217 -0.780361288064513 7.3999999999999995
    endloop
  endfacet
  facet normal 0 0 1
    outer loop
      vertex -3.9231411216129217 -0.780361288064513 7.3999999999999995
      vertex -3.9807389066887877 0.3920685613182424 7.3999999999999995
      vertex -3.9807389066887877 -0.3920685613182424 7.3999999999999995
    endloop
  endfacet
  facet normal 0 0 1
    outer loop
      vertex -3.325878449210181 -2.2222809320784087 7.3999999999999995
      vertex -3.52768505739342 1.8855869473039906 7.3999999999999995
      vertex -3.52768505739342 -1.8855869473039906 7.3999999999999995
    endloop
  endfacet
  facet normal 0 0 1
    outer loop
      vertex -3.092041813450948 -2.537573136654582 7.3999999999999995
      vertex -3.325878449210181 2.2222809320784087 7.3999999999999995
      vertex -3.325878449210181 -2.2222809320784087 7.3999999999999995
    endloop
  endfacet
  facet normal 0 0 1
    outer loop
      vertex -3.092041813450948 -2.537573136654582 7.3999999999999995
      vertex -2.8284271247461903 -2.8284271247461903 7.3999999999999995
      vertex -3.092041813450948 2.537573136654582 7.3999999999999995
    endloop
  endfacet
  facet normal 0 0 1
    outer loop
      vertex -2.8284271247461903 -2.8284271247461903 7.3999999999999995
      vertex -2.6792506442827313 -1.1097819538587603 7.3999999999999995
      vertex -2.7751269736234057 -0.8418255640379407 7.3999999999999995
    endloop
  endfacet
  facet normal 0 0 1
    outer loop
      vertex -2.537573136654582 -3.092041813450948 7.3999999999999995
      vertex -2.5575716666102295 -1.3670505367953931 7.3999999999999995
      vertex -2.6792506442827313 -1.1097819538587603 7.3999999999999995
    endloop
  endfacet
  facet normal 0 0 1
    outer loop
      vertex -2.8284271247461903 -2.8284271247461903 7.3999999999999995
      vertex -2.7751269736234057 -0.8418255640379407 7.3999999999999995
      vertex -2.844277313169368 -0.5657619338467719 7.3999999999999995
    endloop
  endfacet
  facet normal 0 0 1
    outer loop
      vertex -2.8284271247461903 -2.8284271247461903 7.3999999999999995
      vertex -2.844277313169368 -0.5657619338467719 7.3999999999999995
      vertex -2.886035707349371 -0.28424970695572577 7.3999999999999995
    endloop
  endfacet
  facet normal 0 0 1
    outer loop
      vertex -2.8284271247461903 -2.8284271247461903 7.3999999999999995
      vertex -2.886035707349371 -0.28424970695572577 7.3999999999999995
      vertex -3.092041813450948 2.537573136654582 7.3999999999999995
    endloop
  endfacet
  facet normal 0 0 -1
    outer loop
      vertex -1.8855869473039906 -3.52768505739342 6.6
      vertex -1.6334936490538905 -3.329293994002423 6.6
      vertex -1.5307337294603591 -3.695518130045147 6.6
    endloop
  endfacet
  facet normal -0.4275550934302819 -0.9039892931234436 5.695839843273487e-18
    outer loop
      vertex -1.8855869473039906 -3.52768505739342 6.6
      vertex -1.5307337294603591 -3.695518130045147 6.6
      vertex -1.5307337294603591 -3.695518130045147 7.3999999999999995
    endloop
  endfacet
  facet normal 0 0 -1
    outer loop
      vertex -2.2222809320784087 -3.325878449210181 6.6
      vertex -1.6334936490538905 -3.329293994002423 6.6
      vertex -1.8855869473039906 -3.52768505739342 6.6
    endloop
  endfacet
  facet normal -0.5141027441932221 -0.8577286100002718 7.011947377000148e-18
    outer loop
      vertex -2.2222809320784087 -3.325878449210181 6.6
      vertex -1.8855869473039906 -3.52768505739342 6.6
      vertex -1.8855869473039906 -3.52768505739342 7.3999999999999995
    endloop
  endfacet
  facet normal 0 0 -1
    outer loop
      vertex -2.2222809320784087 -3.325878449210181 6.6
      vertex -2.06650635094611 -3.079293994002423 6.6
      vertex -1.6334936490538905 -3.329293994002423 6.6
    endloop
  endfacet
  facet normal -0.3368898533922197 -0.9415440651830209 -2.9932453333915392e-18
    outer loop
      vertex -1.5307337294603591 -3.695518130045147 6.6
      vertex -1.1611387090178493 -3.8277613429288353 6.6
      vertex -1.1611387090178493 -3.8277613429288353 7.3999999999999995
    endloop
  endfacet
  facet normal 0 0 -1
    outer loop
      vertex -1.5307337294603591 -3.695518130045147 6.6
      vertex -0.780361288064513 -1.8516253991876286 6.6
      vertex -1.1611387090178493 -3.8277613429288353 6.6
    endloop
  endfacet
  facet normal 0 0 -1
    outer loop
      vertex -1.5307337294603591 -0.7742762624360271 6.6
      vertex -1.5307337294603591 -2.151308592284734 6.6
      vertex -2.06650635094611 -3.079293994002423 6.6
    endloop
  endfacet
  facet normal 0 0 -1
    outer loop
      vertex -1.5307337294603591 -3.695518130045147 6.6
      vertex -1.6334936490538905 -3.329293994002423 6.6
      vertex -0.780361288064513 -1.8516253991876286 6.6
    endloop
  endfacet
  facet normal -0.24298017990326412 -0.970031253194544 -4.9546743234561854e-18
    outer loop
      vertex -1.1611387090178493 -3.8277613429288353 6.6
      vertex -0.780361288064513 -3.9231411216129217 6.6
      vertex -0.780361288064513 -3.9231411216129217 7.3999999999999995
    endloop
  endfacet
  facet normal 0 0 -1
    outer loop
      vertex -1.1611387090178493 -3.8277613429288353 6.6
      vertex -0.780361288064513 -2.790522973272349 6.6
      vertex -0.780361288064513 -3.9231411216129217 6.6
    endloop
  endfacet
  facet normal -0.14673047445536241 -0.9891765099647809 -2.362621890985336e-18
    outer loop
      vertex -0.780361288064513 -3.9231411216129217 6.6
      vertex -0.3920685613182424 -3.9807389066887877 6.6
      vertex -0.3920685613182424 -3.9807389066887877 7.3999999999999995
    endloop
  endfacet
  facet normal 0 0 -1
    outer loop
      vertex -0.780361288064513 -3.9231411216129217 6.6
      vertex -0.3920685613182424 -2.870042291112254 6.6
      vertex -0.3920685613182424 -3.9807389066887877 6.6
    endloop
  endfacet
  facet normal 0 0 -1
    outer loop
      vertex -0.780361288064513 -3.9231411216129217 6.6
      vertex -0.780361288064513 -2.790522973272349 6.6
      vertex -0.7253957127664268 -2.804291133143933 6.6
    endloop
  endfacet
  facet normal 0 0 -1
    outer loop
      vertex -0.780361288064513 -3.9231411216129217 6.6
      vertex -0.7253957127664268 -2.804291133143933 6.6
      vertex -0.3920685613182424 -2.870042291112254 6.6
    endloop
  endfacet
  facet normal -0.049067674327417585 -0.9987954562051724 3.40553267971595e-19
    outer loop
      vertex -0.3920685613182424 -3.9807389066887877 6.6
      vertex 0 -4 6.6
      vertex 0 -4 7.3999999999999995
    endloop
  endfacet
  facet normal 0 0 -1
    outer loop
      vertex -0.3920685613182424 -3.9807389066887877 6.6
      vertex -0.33789828947180206 -2.8780776918818165 6.6
      vertex 0 -4 6.6
    endloop
  endfacet
  facet normal 0 0 -1
    outer loop
      vertex -0.3920685613182424 -3.9807389066887877 6.6
      vertex -0.3920685613182424 -2.870042291112254 6.6
      vertex -0.33789828947180206 -2.8780776918818165 6.6
    endloop
  endfacet
  facet normal 0 0 -1
    outer loop
      vertex -1.1611387090178493 -3.8277613429288353 6.6
      vertex -0.780361288064513 -1.8516253991876286 6.6
      vertex -0.780361288064513 -2.790522973272349 6.6
    endloop
  endfacet
  facet normal 0 0 -1
    outer loop
      vertex -0.7253957127664268 -2.804291133143933 6.6
      vertex -0.3920685613182424 -1.1790826682536295 6.6
      vertex -0.3920685613182424 -2.870042291112254 6.6
    endloop
  endfacet
  facet normal 0 0 -1
    outer loop
      vertex -0.33789828947180206 -2.8780776918818165 6.6
      vertex -0.28424970695572577 -1.7860357073493716 6.6
      vertex 0 -4 6.6
    endloop
  endfacet
  facet normal 0 0 -1
    outer loop
      vertex -0.28424970695572577 -1.7860357073493716 6.6
      vertex -0.23222774180356986 -0.7655522685857671 6.6
      vertex 0 -4 6.6
    endloop
  endfacet
  facet normal -0.4275550934302819 -0.9039892931234436 0
    outer loop
      vertex -1.8855869473039906 -3.52768505739342 6.6
      vertex -1.5307337294603591 -3.695518130045147 7.3999999999999995
      vertex -1.8855869473039906 -3.52768505739342 7.3999999999999995
    endloop
  endfacet
  facet normal 0 0 1
    outer loop
      vertex -1.8855869473039906 -3.52768505739342 7.3999999999999995
      vertex -1.5307337294603591 -3.695518130045147 7.3999999999999995
      vertex -1.6111536757568463 -2.411261875677381 7.3999999999999995
    endloop
  endfacet
  facet normal -0.3368898533922197 -0.9415440651830209 0
    outer loop
      vertex -1.5307337294603591 -3.695518130045147 6.6
      vertex -1.1611387090178493 -3.8277613429288353 7.3999999999999995
      vertex -1.5307337294603591 -3.695518130045147 7.3999999999999995
    endloop
  endfacet
  facet normal -0.24298017990326412 -0.970031253194544 0
    outer loop
      vertex -1.1611387090178493 -3.8277613429288353 6.6
      vertex -0.780361288064513 -3.9231411216129217 7.3999999999999995
      vertex -1.1611387090178493 -3.8277613429288353 7.3999999999999995
    endloop
  endfacet
  facet normal 0 0 1
    outer loop
      vertex -1.5307337294603591 -3.695518130045147 7.3999999999999995
      vertex -1.1611387090178493 -3.8277613429288353 7.3999999999999995
      vertex -1.3670505367953931 -2.5575716666102295 7.3999999999999995
    endloop
  endfacet
  facet normal 0 0 1
    outer loop
      vertex -1.1611387090178493 -3.8277613429288353 7.3999999999999995
      vertex -1.1097819538587603 -2.6792506442827313 7.3999999999999995
      vertex -1.3670505367953931 -2.5575716666102295 7.3999999999999995
    endloop
  endfacet
  facet normal 0 0 1
    outer loop
      vertex -1.1611387090178493 -3.8277613429288353 7.3999999999999995
      vertex -0.8418255640379407 -2.7751269736234057 7.3999999999999995
      vertex -1.1097819538587603 -2.6792506442827313 7.3999999999999995
    endloop
  endfacet
  facet normal 0 0 1
    outer loop
      vertex -2.0506096654409878 -2.0506096654409878 7.3999999999999995
      vertex -1.8855869473039906 -3.52768505739342 7.3999999999999995
      vertex -1.839740524074572 -2.2417303147519374 7.3999999999999995
    endloop
  endfacet
  facet normal 0 0 1
    outer loop
      vertex -1.8855869473039906 -3.52768505739342 7.3999999999999995
      vertex -1.6111536757568463 -2.411261875677381 7.3999999999999995
      vertex -1.839740524074572 -2.2417303147519374 7.3999999999999995
    endloop
  endfacet
  facet normal 0 0 1
    outer loop
      vertex -1.5307337294603591 -3.695518130045147 7.3999999999999995
      vertex -1.3670505367953931 -2.5575716666102295 7.3999999999999995
      vertex -1.6111536757568463 -2.411261875677381 7.3999999999999995
    endloop
  endfacet
  facet normal 0 0 1
    outer loop
      vertex -1.1611387090178493 -3.8277613429288353 7.3999999999999995
      vertex -0.780361288064513 -3.9231411216129217 7.3999999999999995
      vertex -0.8418255640379407 -2.7751269736234057 7.3999999999999995
    endloop
  endfacet
  facet normal -0.14673047445536241 -0.9891765099647809 0
    outer loop
      vertex -0.780361288064513 -3.9231411216129217 6.6
      vertex -0.3920685613182424 -3.9807389066887877 7.3999999999999995
      vertex -0.780361288064513 -3.9231411216129217 7.3999999999999995
    endloop
  endfacet
  facet normal 0 0 1
    outer loop
      vertex -0.780361288064513 -3.9231411216129217 7.3999999999999995
      vertex -0.3920685613182424 -3.9807389066887877 7.3999999999999995
      vertex -0.5657619338467719 -2.844277313169368 7.3999999999999995
    endloop
  endfacet
  facet normal 0 0 1
    outer loop
      vertex -0.780361288064513 -3.9231411216129217 7.3999999999999995
      vertex -0.5657619338467719 -2.844277313169368 7.3999999999999995
      vertex -0.8418255640379407 -2.7751269736234057 7.3999999999999995
    endloop
  endfacet
  facet normal -0.049067674327417585 -0.9987954562051724 0
    outer loop
      vertex -0.3920685613182424 -3.9807389066887877 6.6
      vertex 0 -4 7.3999999999999995
      vertex -0.3920685613182424 -3.9807389066887877 7.3999999999999995
    endloop
  endfacet
  facet normal 0 0 1
    outer loop
      vertex -0.3920685613182424 -3.9807389066887877 7.3999999999999995
      vertex 0 -4 7.3999999999999995
      vertex -0.28424970695572577 -2.886035707349371 7.3999999999999995
    endloop
  endfacet
  facet normal 0 0 1
    outer loop
      vertex -0.3920685613182424 -3.9807389066887877 7.3999999999999995
      vertex -0.28424970695572577 -2.886035707349371 7.3999999999999995
      vertex -0.5657619338467719 -2.844277313169368 7.3999999999999995
    endloop
  endfacet
  facet normal 0 0 1
    outer loop
      vertex -0.28424970695572577 -2.886035707349371 7.3999999999999995
      vertex 0 -4 7.3999999999999995
      vertex 0 -2.9 7.3999999999999995
    endloop
  endfacet
  facet normal 0 0 -1
    outer loop
      vertex -1.5307337294603591 -0.7742762624360271 6.6
      vertex -2.06650635094611 -3.079293994002423 6.6
      vertex -1.8855869473039906 1.308504930984045 6.6
    endloop
  endfacet
  facet normal 0 0 -1
    outer loop
      vertex -0.8 0 6.6
      vertex -0.8165063509461097 -0.9142304845413263 6.6
      vertex -1.447816101997061 -2.007691048675233 6.6
    endloop
  endfacet
  facet normal 0 0 -1
    outer loop
      vertex -1.3670505367953931 -0.363670200998893 6.6
      vertex -0.8165063509461097 0.9142304845413263 6.6
      vertex -1.447816101997061 -2.007691048675233 6.6
    endloop
  endfacet
  facet normal 0 0 -1
    outer loop
      vertex -0.8 0 6.6
      vertex -1.447816101997061 -2.007691048675233 6.6
      vertex -0.8165063509461097 0.9142304845413263 6.6
    endloop
  endfacet
  facet normal 0 0 -1
    outer loop
      vertex -0.7253957127664268 -2.804291133143933 6.6
      vertex -0.6691295123525597 -1.65896631223842 6.6
      vertex -0.3920685613182424 -1.1790826682536295 6.6
    endloop
  endfacet
  facet normal 0 0 -1
    outer loop
      vertex -0.23222774180356986 -0.7655522685857671 6.6
      vertex -0.1560722576129026 -0.7846282243225844 6.6
      vertex 0 -4 6.6
    endloop
  endfacet
  facet normal 0 0 -1
    outer loop
      vertex -0.1560722576129026 -0.7846282243225844 6.6
      vertex -0.07841371226364849 -0.7961477813377575 6.6
      vertex 0 -4 6.6
    endloop
  endfacet
  facet normal 0 0 -1
    outer loop
      vertex -0.07841371226364849 -0.7961477813377575 6.6
      vertex 0 -0.8 6.6
      vertex 0 -4 6.6
    endloop
  endfacet
  facet normal 0 0 -1
    outer loop
      vertex -0.28424970695572577 -1.7860357073493716 6.6
      vertex -0.33031119733384634 -0.7276746916483339 6.6
      vertex -0.30614674589207186 -0.7391036260090295 6.6
    endloop
  endfacet
  facet normal 0 0 -1
    outer loop
      vertex -0.28424970695572577 -1.7860357073493716 6.6
      vertex -0.30614674589207186 -0.7391036260090295 6.6
      vertex -0.23222774180356986 -0.7655522685857671 6.6
    endloop
  endfacet
  facet normal 0 0 -1
    outer loop
      vertex -0.7055370114786841 -0.37711738946079815 6.6
      vertex -0.8165063509461097 -0.9142304845413263 6.6
      vertex -0.7391036260090295 -0.30614674589207186 6.6
    endloop
  endfacet
  facet normal 0 0 -1
    outer loop
      vertex -0.6630267240207729 -0.4473537314010731 6.6
      vertex -0.7199814429172828 -0.9699591661752732 6.6
      vertex -0.8165063509461097 -0.9142304845413263 6.6
    endloop
  endfacet
  facet normal 0 0 -1
    outer loop
      vertex -0.5075146273309165 -0.6184083626901896 6.6
      vertex -0.44445618641568174 -0.6651756898420362 6.6
      vertex -0.6376169002619393 -1.0175123570490163 6.6
    endloop
  endfacet
  facet normal 0 0 -1
    outer loop
      vertex -0.7055370114786841 -0.37711738946079815 6.6
      vertex -0.6651756898420362 -0.44445618641568174 6.6
      vertex -0.8165063509461097 -0.9142304845413263 6.6
    endloop
  endfacet
  facet normal 0 0 -1
    outer loop
      vertex -0.6651756898420362 -0.44445618641568174 6.6
      vertex -0.6630267240207729 -0.4473537314010731 6.6
      vertex -0.8165063509461097 -0.9142304845413263 6.6
    endloop
  endfacet
  facet normal 0 0 -1
    outer loop
      vertex -0.5656854249492381 -0.5656854249492381 6.6
      vertex -0.6376169002619393 -1.0175123570490163 6.6
      vertex -0.6128628998330814 -0.5136331027304806 6.6
    endloop
  endfacet
  facet normal 0 0 -1
    outer loop
      vertex -0.5656854249492381 -0.5656854249492381 6.6
      vertex -0.5075146273309165 -0.6184083626901896 6.6
      vertex -0.6376169002619393 -1.0175123570490163 6.6
    endloop
  endfacet
  facet normal 0 0 -1
    outer loop
      vertex -0.7655522685857671 -0.23222774180356986 6.6
      vertex -0.7391036260090295 -0.30614674589207186 6.6
      vertex -0.8165063509461097 -0.9142304845413263 6.6
    endloop
  endfacet
  facet normal 0 0 -1
    outer loop
      vertex -0.7655522685857671 -0.23222774180356986 6.6
      vertex -0.8165063509461097 -0.9142304845413263 6.6
      vertex -0.7846282243225844 -0.1560722576129026 6.6
    endloop
  endfacet
  facet normal 0 0 -1
    outer loop
      vertex -0.7846282243225844 -0.1560722576129026 6.6
      vertex -0.8165063509461097 -0.9142304845413263 6.6
      vertex -0.7961477813377575 -0.07841371226364849 6.6
    endloop
  endfacet
  facet normal 0 0 -1
    outer loop
      vertex -0.7961477813377575 -0.07841371226364849 6.6
      vertex -0.8165063509461097 -0.9142304845413263 6.6
      vertex -0.8 0 6.6
    endloop
  endfacet
  facet normal 0 0 -1
    outer loop
      vertex -0.3920685613182424 -0.6965756239358176 6.6
      vertex -0.3920685613182424 -1.1592797566372253 6.6
      vertex -0.6376169002619393 -1.0175123570490163 6.6
    endloop
  endfacet
  facet normal 0 0 -1
    outer loop
      vertex -0.44445618641568174 -0.6651756898420362 6.6
      vertex -0.3920685613182424 -0.6965756239358176 6.6
      vertex -0.6376169002619393 -1.0175123570490163 6.6
    endloop
  endfacet
  facet normal 0 0 -1
    outer loop
      vertex -3.9807389066887877 -0.3920685613182424 6.6
      vertex -4 0 6.6
      vertex -3.9807389066887877 0.3920685613182424 6.6
    endloop
  endfacet
  facet normal 0 0 -1
    outer loop
      vertex -3.9807389066887877 -0.3920685613182424 6.6
      vertex -3.9807389066887877 0.3920685613182424 6.6
      vertex -3.9231411216129217 0.780361288064513 6.6
    endloop
  endfacet
  facet normal 0 0 -1
    outer loop
      vertex -3.9231411216129217 -0.780361288064513 6.6
      vertex -3.9231411216129217 0.780361288064513 6.6
      vertex -3.8277613429288353 1.1611387090178493 6.6
    endloop
  endfacet
  facet normal -0.9987954562051724 0.049067674327417585 -3.40553267971595e-19
    outer loop
      vertex -4 0 6.6
      vertex -3.9807389066887877 0.3920685613182424 7.3999999999999995
      vertex -3.9807389066887877 0.3920685613182424 6.6
    endloop
  endfacet
  facet normal 0 0 -1
    outer loop
      vertex -3.8277613429288353 -1.1611387090178493 6.6
      vertex -3.8277613429288353 1.1611387090178493 6.6
      vertex -3.695518130045147 1.5307337294603591 6.6
    endloop
  endfacet
  facet normal -0.9891765099647809 0.14673047445536241 2.362621890985336e-18
    outer loop
      vertex -3.9807389066887877 0.3920685613182424 6.6
      vertex -3.9231411216129217 0.780361288064513 7.3999999999999995
      vertex -3.9231411216129217 0.780361288064513 6.6
    endloop
  endfacet
  facet normal 0 0 -1
    outer loop
      vertex -3.695518130045147 -1.5307337294603591 6.6
      vertex -3.695518130045147 1.5307337294603591 6.6
      vertex -3.52768505739342 1.8855869473039906 6.6
    endloop
  endfacet
  facet normal 0 0 -1
    outer loop
      vertex -3.52768505739342 -1.8855869473039906 6.6
      vertex -3.52768505739342 1.8855869473039906 6.6
      vertex -3.325878449210181 2.2222809320784087 6.6
    endloop
  endfacet
  facet normal 0 0 -1
    outer loop
      vertex -3.325878449210181 -2.2222809320784087 6.6
      vertex -3.325878449210181 2.2222809320784087 6.6
      vertex -3.092041813450948 2.537573136654582 6.6
    endloop
  endfacet
  facet normal 0 0 -1
    outer loop
      vertex -3.092041813450948 -2.537573136654582 6.6
      vertex -3.092041813450948 2.537573136654582 6.6
      vertex -2.8284271247461903 2.8284271247461903 6.6
    endloop
  endfacet
  facet normal -0.970031253194544 0.24298017990326412 4.9546743234561854e-18
    outer loop
      vertex -3.9231411216129217 0.780361288064513 6.6
      vertex -3.8277613429288353 1.1611387090178493 7.3999999999999995
      vertex -3.8277613429288353 1.1611387090178493 6.6
    endloop
  endfacet
  facet normal -0.9415440651830209 0.3368898533922197 2.9932453333915392e-18
    outer loop
      vertex -3.8277613429288353 1.1611387090178493 6.6
      vertex -3.695518130045147 1.5307337294603591 7.3999999999999995
      vertex -3.695518130045147 1.5307337294603591 6.6
    endloop
  endfacet
  facet normal -0.9039892931234436 0.4275550934302819 -5.695839843273487e-18
    outer loop
      vertex -3.695518130045147 1.5307337294603591 6.6
      vertex -3.52768505739342 1.8855869473039906 7.3999999999999995
      vertex -3.52768505739342 1.8855869473039906 6.6
    endloop
  endfacet
  facet normal 0 0 -1
    outer loop
      vertex -2.2222809320784087 -1.4438392447375725 6.6
      vertex -2.411261875677381 -0.5209170299582264 6.6
      vertex -2.2222809320784087 3.325878449210181 6.6
    endloop
  endfacet
  facet normal 0 0 -1
    outer loop
      vertex -2.537573136654582 -0.9599711077358735 6.6
      vertex -2.2222809320784087 3.325878449210181 6.6
      vertex -2.411261875677381 -0.5209170299582264 6.6
    endloop
  endfacet
  facet normal 0 0 -1
    outer loop
      vertex -2.2222809320784087 -1.4438392447375725 6.6
      vertex -2.2222809320784087 3.325878449210181 6.6
      vertex -2.0506096654409878 0.16857046096838602 6.6
    endloop
  endfacet
  facet normal 0 0 -1
    outer loop
      vertex -3.092041813450948 -2.537573136654582 6.6
      vertex -2.8284271247461903 2.8284271247461903 6.6
      vertex -2.537573136654582 3.092041813450948 6.6
    endloop
  endfacet
  facet normal 0 0 -1
    outer loop
      vertex -2.537573136654582 -0.9599711077358735 6.6
      vertex -2.537573136654582 3.092041813450948 6.6
      vertex -2.2222809320784087 3.325878449210181 6.6
    endloop
  endfacet
  facet normal 0 0 -1
    outer loop
      vertex -2.0506096654409878 0.16857046096838602 6.6
      vertex -2.2222809320784087 3.325878449210181 6.6
      vertex -1.9538423484441367 2.1383144492546626 6.6
    endloop
  endfacet
  facet normal -0.9987954562051724 0.049067674327417585 0
    outer loop
      vertex -4 0 6.6
      vertex -4 0 7.3999999999999995
      vertex -3.9807389066887877 0.3920685613182424 7.3999999999999995
    endloop
  endfacet
  facet normal 0 0 1
    outer loop
      vertex -3.9807389066887877 -0.3920685613182424 7.3999999999999995
      vertex -3.9807389066887877 0.3920685613182424 7.3999999999999995
      vertex -4 0 7.3999999999999995
    endloop
  endfacet
  facet normal 0 0 1
    outer loop
      vertex -3.9231411216129217 -0.780361288064513 7.3999999999999995
      vertex -3.9231411216129217 0.780361288064513 7.3999999999999995
      vertex -3.9807389066887877 0.3920685613182424 7.3999999999999995
    endloop
  endfacet
  facet normal 0 0 1
    outer loop
      vertex -3.8277613429288353 -1.1611387090178493 7.3999999999999995
      vertex -3.8277613429288353 1.1611387090178493 7.3999999999999995
      vertex -3.9231411216129217 0.780361288064513 7.3999999999999995
    endloop
  endfacet
  facet normal 0 0 1
    outer loop
      vertex -3.695518130045147 -1.5307337294603591 7.3999999999999995
      vertex -3.695518130045147 1.5307337294603591 7.3999999999999995
      vertex -3.8277613429288353 1.1611387090178493 7.3999999999999995
    endloop
  endfacet
  facet normal -0.9891765099647809 0.14673047445536241 0
    outer loop
      vertex -3.9807389066887877 0.3920685613182424 6.6
      vertex -3.9807389066887877 0.3920685613182424 7.3999999999999995
      vertex -3.9231411216129217 0.780361288064513 7.3999999999999995
    endloop
  endfacet
  facet normal -0.970031253194544 0.24298017990326412 0
    outer loop
      vertex -3.9231411216129217 0.780361288064513 6.6
      vertex -3.9231411216129217 0.780361288064513 7.3999999999999995
      vertex -3.8277613429288353 1.1611387090178493 7.3999999999999995
    endloop
  endfacet
  facet normal 0 0 1
    outer loop
      vertex -3.52768505739342 -1.8855869473039906 7.3999999999999995
      vertex -3.52768505739342 1.8855869473039906 7.3999999999999995
      vertex -3.695518130045147 1.5307337294603591 7.3999999999999995
    endloop
  endfacet
  facet normal 0 0 1
    outer loop
      vertex -3.325878449210181 -2.2222809320784087 7.3999999999999995
      vertex -3.325878449210181 2.2222809320784087 7.3999999999999995
      vertex -3.52768505739342 1.8855869473039906 7.3999999999999995
    endloop
  endfacet
  facet normal 0 0 1
    outer loop
      vertex -3.092041813450948 -2.537573136654582 7.3999999999999995
      vertex -3.092041813450948 2.537573136654582 7.3999999999999995
      vertex -3.325878449210181 2.2222809320784087 7.3999999999999995
    endloop
  endfacet
  facet normal -0.9415440651830209 0.3368898533922197 0
    outer loop
      vertex -3.8277613429288353 1.1611387090178493 6.6
      vertex -3.8277613429288353 1.1611387090178493 7.3999999999999995
      vertex -3.695518130045147 1.5307337294603591 7.3999999999999995
    endloop
  endfacet
  facet normal -0.9039892931234436 0.4275550934302819 0
    outer loop
      vertex -3.695518130045147 1.5307337294603591 6.6
      vertex -3.695518130045147 1.5307337294603591 7.3999999999999995
      vertex -3.52768505739342 1.8855869473039906 7.3999999999999995
    endloop
  endfacet
  facet normal -0.8577286100002718 0.5141027441932221 0
    outer loop
      vertex -3.52768505739342 1.8855869473039906 6.6
      vertex -3.52768505739342 1.8855869473039906 7.3999999999999995
      vertex -3.325878449210181 2.2222809320784087 7.3999999999999995
    endloop
  endfacet
  facet normal 0 0 1
    outer loop
      vertex -2.886035707349371 -0.28424970695572577 7.3999999999999995
      vertex -2.9 0 7.3999999999999995
      vertex -3.092041813450948 2.537573136654582 7.3999999999999995
    endloop
  endfacet
  facet normal 0 0 1
    outer loop
      vertex -2.9 0 7.3999999999999995
      vertex -2.886035707349371 0.28424970695572577 7.3999999999999995
      vertex -3.092041813450948 2.537573136654582 7.3999999999999995
    endloop
  endfacet
  facet normal 0 0 1
    outer loop
      vertex -2.886035707349371 0.28424970695572577 7.3999999999999995
      vertex -2.844277313169368 0.5657619338467719 7.3999999999999995
      vertex -3.092041813450948 2.537573136654582 7.3999999999999995
    endloop
  endfacet
  facet normal 0 0 1
    outer loop
      vertex -2.844277313169368 0.5657619338467719 7.3999999999999995
      vertex -2.7751269736234057 0.8418255640379407 7.3999999999999995
      vertex -3.092041813450948 2.537573136654582 7.3999999999999995
    endloop
  endfacet
  facet normal 0 0 1
    outer loop
      vertex -2.7751269736234057 0.8418255640379407 7.3999999999999995
      vertex -2.6792506442827313 1.1097819538587603 7.3999999999999995
      vertex -2.8284271247461903 2.8284271247461903 7.3999999999999995
    endloop
  endfacet
  facet normal 0 0 1
    outer loop
      vertex -2.6792506442827313 1.1097819538587603 7.3999999999999995
      vertex -2.5575716666102295 1.3670505367953931 7.3999999999999995
      vertex -2.8284271247461903 2.8284271247461903 7.3999999999999995
    endloop
  endfacet
  facet normal 0 0 1
    outer loop
      vertex -2.5575716666102295 1.3670505367953931 7.3999999999999995
      vertex -2.411261875677381 1.6111536757568463 7.3999999999999995
      vertex -2.8284271247461903 2.8284271247461903 7.3999999999999995
    endloop
  endfacet
  facet normal -0.8577286100002718 0.5141027441932221 -7.011947377000148e-18
    outer loop
      vertex -3.52768505739342 1.8855869473039906 6.6
      vertex -3.325878449210181 2.2222809320784087 7.3999999999999995
      vertex -3.325878449210181 2.2222809320784087 6.6
    endloop
  endfacet
  facet normal -0.8032075314806453 0.595699304492433 1.2219814190726483e-17
    outer loop
      vertex -3.325878449210181 2.2222809320784087 6.6
      vertex -3.092041813450948 2.537573136654582 7.3999999999999995
      vertex -3.092041813450948 2.537573136654582 6.6
    endloop
  endfacet
  facet normal -0.7409511253549594 0.6715589548470181 2.0626064476563033e-17
    outer loop
      vertex -3.092041813450948 2.537573136654582 6.6
      vertex -2.8284271247461903 2.8284271247461903 7.3999999999999995
      vertex -2.8284271247461903 2.8284271247461903 6.6
    endloop
  endfacet
  facet normal -0.6715589548470181 0.7409511253549594 0
    outer loop
      vertex -2.8284271247461903 2.8284271247461903 6.6
      vertex -2.8284271247461903 2.8284271247461903 7.3999999999999995
      vertex -2.537573136654582 3.092041813450948 6.6
    endloop
  endfacet
  facet normal 0 0 -1
    outer loop
      vertex -2.2222809320784087 3.325878449210181 6.6
      vertex -2.06650635094611 3.079293994002423 6.6
      vertex -1.9538423484441367 2.1383144492546626 6.6
    endloop
  endfacet
  facet normal -0.595699304492433 0.8032075314806453 0
    outer loop
      vertex -2.537573136654582 3.092041813450948 6.6
      vertex -2.537573136654582 3.092041813450948 7.3999999999999995
      vertex -2.2222809320784087 3.325878449210181 6.6
    endloop
  endfacet
  facet normal 0 0 -1
    outer loop
      vertex -2.2222809320784087 3.325878449210181 6.6
      vertex -1.8855869473039906 3.52768505739342 6.6
      vertex -2.06650635094611 3.079293994002423 6.6
    endloop
  endfacet
  facet normal -0.5141027441932221 0.8577286100002718 0
    outer loop
      vertex -2.2222809320784087 3.325878449210181 6.6
      vertex -2.2222809320784087 3.325878449210181 7.3999999999999995
      vertex -1.8855869473039906 3.52768505739342 6.6
    endloop
  endfacet
  facet normal -0.8032075314806453 0.595699304492433 0
    outer loop
      vertex -3.325878449210181 2.2222809320784087 6.6
      vertex -3.325878449210181 2.2222809320784087 7.3999999999999995
      vertex -3.092041813450948 2.537573136654582 7.3999999999999995
    endloop
  endfacet
  facet normal -0.7409511253549594 0.6715589548470181 0
    outer loop
      vertex -3.092041813450948 2.537573136654582 6.6
      vertex -3.092041813450948 2.537573136654582 7.3999999999999995
      vertex -2.8284271247461903 2.8284271247461903 7.3999999999999995
    endloop
  endfacet
  facet normal 0 0 1
    outer loop
      vertex -2.7751269736234057 0.8418255640379407 7.3999999999999995
      vertex -2.8284271247461903 2.8284271247461903 7.3999999999999995
      vertex -3.092041813450948 2.537573136654582 7.3999999999999995
    endloop
  endfacet
  facet normal 0 0 1
    outer loop
      vertex -2.411261875677381 1.6111536757568463 7.3999999999999995
      vertex -2.537573136654582 3.092041813450948 7.3999999999999995
      vertex -2.8284271247461903 2.8284271247461903 7.3999999999999995
    endloop
  endfacet
  facet normal 0 0 1
    outer loop
      vertex -2.411261875677381 1.6111536757568463 7.3999999999999995
      vertex -2.2417303147519374 1.839740524074572 7.3999999999999995
      vertex -2.537573136654582 3.092041813450948 7.3999999999999995
    endloop
  endfacet
  facet normal 0 0 1
    outer loop
      vertex -2.2417303147519374 1.839740524074572 7.3999999999999995
      vertex -2.0506096654409878 2.0506096654409878 7.3999999999999995
      vertex -2.537573136654582 3.092041813450948 7.3999999999999995
    endloop
  endfacet
  facet normal 0 0 1
    outer loop
      vertex -2.0506096654409878 2.0506096654409878 7.3999999999999995
      vertex -2.2222809320784087 3.325878449210181 7.3999999999999995
      vertex -2.537573136654582 3.092041813450948 7.3999999999999995
    endloop
  endfacet
  facet normal 0 0 1
    outer loop
      vertex -2.0506096654409878 2.0506096654409878 7.3999999999999995
      vertex -1.839740524074572 2.2417303147519374 7.3999999999999995
      vertex -2.2222809320784087 3.325878449210181 7.3999999999999995
    endloop
  endfacet
  facet normal -0.6715589548470181 0.7409511253549594 0
    outer loop
      vertex -2.537573136654582 3.092041813450948 6.6
      vertex -2.8284271247461903 2.8284271247461903 7.3999999999999995
      vertex -2.537573136654582 3.092041813450948 7.3999999999999995
    endloop
  endfacet
  facet normal -0.595699304492433 0.8032075314806453 0
    outer loop
      vertex -2.2222809320784087 3.325878449210181 6.6
      vertex -2.537573136654582 3.092041813450948 7.3999999999999995
      vertex -2.2222809320784087 3.325878449210181 7.3999999999999995
    endloop
  endfacet
  facet normal 0 0 -1
    outer loop
      vertex -1.5307337294603591 -0.7742762624360271 6.6
      vertex -1.8855869473039906 1.308504930984045 6.6
      vertex -1.2660219312480299 1.6928143084180594 6.6
    endloop
  endfacet
  facet normal 0 0 -1
    outer loop
      vertex -1.5307337294603591 -0.7742762624360271 6.6
      vertex -1.2660219312480299 1.6928143084180594 6.6
      vertex -1.3670505367953931 -0.363670200998893 6.6
    endloop
  endfacet
  facet normal 0 0 -1
    outer loop
      vertex -1.3670505367953931 -0.363670200998893 6.6
      vertex -1.1718716019741457 1.5297411545663528 6.6
      vertex -0.8165063509461097 0.9142304845413263 6.6
    endloop
  endfacet
  facet normal 0 0 -1
    outer loop
      vertex -1.8855869473039906 1.308504930984045 6.6
      vertex -1.9538423484441367 2.1383144492546626 6.6
      vertex -1.2660219312480299 1.6928143084180594 6.6
    endloop
  endfacet
  facet normal 0 0 -1
    outer loop
      vertex -0.8 0 6.6
      vertex -0.8165063509461097 0.9142304845413263 6.6
      vertex -0.7961477813377575 0.07841371226364849 6.6
    endloop
  endfacet
  facet normal 0 0 -1
    outer loop
      vertex -0.7961477813377575 0.07841371226364849 6.6
      vertex -0.8165063509461097 0.9142304845413263 6.6
      vertex -0.7846282243225844 0.1560722576129026 6.6
    endloop
  endfacet
  facet normal 0 0 -1
    outer loop
      vertex -0.7846282243225844 0.1560722576129026 6.6
      vertex -0.8165063509461097 0.9142304845413263 6.6
      vertex -0.7655522685857671 0.23222774180356986 6.6
    endloop
  endfacet
  facet normal 0 0 -1
    outer loop
      vertex -0.7655522685857671 0.23222774180356986 6.6
      vertex -0.8165063509461097 0.9142304845413263 6.6
      vertex -0.7391036260090295 0.30614674589207186 6.6
    endloop
  endfacet
  facet normal 0 0 -1
    outer loop
      vertex -0.7391036260090295 0.30614674589207186 6.6
      vertex -0.8165063509461097 0.9142304845413263 6.6
      vertex -0.7055370114786841 0.37711738946079815 6.6
    endloop
  endfacet
  facet normal 0 0 -1
    outer loop
      vertex -0.7055370114786841 0.37711738946079815 6.6
      vertex -0.8165063509461097 0.9142304845413263 6.6
      vertex -0.6651756898420362 0.44445618641568174 6.6
    endloop
  endfacet
  facet normal 0 0 -1
    outer loop
      vertex -0.6651756898420362 0.44445618641568174 6.6
      vertex -0.8165063509461097 0.9142304845413263 6.6
      vertex -0.6184083626901896 0.5075146273309165 6.6
    endloop
  endfacet
  facet normal 0 0 -1
    outer loop
      vertex -0.6184083626901896 0.5075146273309165 6.6
      vertex -0.5347241588806922 1.0769175089831378 6.6
      vertex -0.5656854249492381 0.5656854249492381 6.6
    endloop
  endfacet
  facet normal 0 0 -1
    outer loop
      vertex -0.5656854249492381 0.5656854249492381 6.6
      vertex -0.5347241588806922 1.0769175089831378 6.6
      vertex -0.559566949549674 0.5712308878063463 6.6
    endloop
  endfacet
  facet normal 0 0 -1
    outer loop
      vertex -0.6184083626901896 0.5075146273309165 6.6
      vertex -0.8165063509461097 0.9142304845413263 6.6
      vertex -0.5347241588806922 1.0769175089831378 6.6
    endloop
  endfacet
  facet normal 0 0 -1
    outer loop
      vertex -0.39219934901325804 0.6964972328082158 6.6
      vertex -0.38349364905389033 1.1642304845413263 6.6
      vertex -0.37711738946079815 0.7055370114786841 6.6
    endloop
  endfacet
  facet normal 0 0 -1
    outer loop
      vertex -0.39219934901325804 0.6964972328082158 6.6
      vertex -0.4037477590568297 1.152536768678933 6.6
      vertex -0.38349364905389033 1.1642304845413263 6.6
    endloop
  endfacet
  facet normal 0 0 -1
    outer loop
      vertex -0.37711738946079815 0.7055370114786841 6.6
      vertex -0.38349364905389033 1.1642304845413263 6.6
      vertex -0.3920685613182424 3.9807389066887877 6.6
    endloop
  endfacet
  facet normal 0 0 -1
    outer loop
      vertex -0.37711738946079815 0.7055370114786841 6.6
      vertex -0.3920685613182424 3.9807389066887877 6.6
      vertex -0.30614674589207186 0.7391036260090295 6.6
    endloop
  endfacet
  facet normal 0 0 -1
    outer loop
      vertex -0.30614674589207186 0.7391036260090295 6.6
      vertex -0.3920685613182424 3.9807389066887877 6.6
      vertex -0.23222774180356986 0.7655522685857671 6.6
    endloop
  endfacet
  facet normal 0 0 -1
    outer loop
      vertex -0.23222774180356986 0.7655522685857671 6.6
      vertex -0.3920685613182424 3.9807389066887877 6.6
      vertex -0.1560722576129026 0.7846282243225844 6.6
    endloop
  endfacet
  facet normal 0 0 -1
    outer loop
      vertex -0.1560722576129026 0.7846282243225844 6.6
      vertex -0.3920685613182424 3.9807389066887877 6.6
      vertex -0.07841371226364849 0.7961477813377575 6.6
    endloop
  endfacet
  facet normal 0 0 -1
    outer loop
      vertex -0.07841371226364849 0.7961477813377575 6.6
      vertex -0.3920685613182424 3.9807389066887877 6.6
      vertex 0 0.8 6.6
    endloop
  endfacet
  facet normal 0 0 -1
    outer loop
      vertex -1.9538423484441367 2.1383144492546626 6.6
      vertex -2.06650635094611 3.079293994002423 6.6
      vertex -1.2660219312480299 1.6928143084180594 6.6
    endloop
  endfacet
  facet normal 0 0 -1
    outer loop
      vertex -1.220125278452379 2.6270621384952073 6.6
      vertex -1.2207474925167852 2.614396680251379 6.6
      vertex -1.6334936490538905 3.329293994002423 6.6
    endloop
  endfacet
  facet normal 0 0 -1
    outer loop
      vertex -1.8855869473039906 3.52768505739342 6.6
      vertex -1.5307337294603591 3.695518130045147 6.6
      vertex -2.06650635094611 3.079293994002423 6.6
    endloop
  endfacet
  facet normal 0 0 -1
    outer loop
      vertex -1.5307337294603591 3.695518130045147 6.6
      vertex -1.6334936490538905 3.329293994002423 6.6
      vertex -2.06650635094611 3.079293994002423 6.6
    endloop
  endfacet
  facet normal -0.4275550934302819 0.9039892931234436 0
    outer loop
      vertex -1.8855869473039906 3.52768505739342 6.6
      vertex -1.8855869473039906 3.52768505739342 7.3999999999999995
      vertex -1.5307337294603591 3.695518130045147 6.6
    endloop
  endfacet
  facet normal 0 0 -1
    outer loop
      vertex -1.220125278452379 2.6270621384952073 6.6
      vertex -1.6334936490538905 3.329293994002423 6.6
      vertex -1.5307337294603591 3.695518130045147 6.6
    endloop
  endfacet
  facet normal 0 0 -1
    outer loop
      vertex -1.220125278452379 2.6270621384952073 6.6
      vertex -1.5307337294603591 3.695518130045147 6.6
      vertex -1.1611387090178493 3.8277613429288353 6.6
    endloop
  endfacet
  facet normal 0 0 -1
    outer loop
      vertex -1.220125278452379 2.6270621384952073 6.6
      vertex -1.1611387090178493 3.8277613429288353 6.6
      vertex -1.219215479661992 2.611743156149029 6.6
    endloop
  endfacet
  facet normal 0 0 -1
    outer loop
      vertex -1.1611387090178493 3.8277613429288353 6.6
      vertex -0.780361288064513 3.9231411216129217 6.6
      vertex -1.219215479661992 2.611743156149029 6.6
    endloop
  endfacet
  facet normal -0.3368898533922197 0.9415440651830209 0
    outer loop
      vertex -1.5307337294603591 3.695518130045147 6.6
      vertex -1.5307337294603591 3.695518130045147 7.3999999999999995
      vertex -1.1611387090178493 3.8277613429288353 6.6
    endloop
  endfacet
  facet normal -0.24298017990326412 0.970031253194544 0
    outer loop
      vertex -1.1611387090178493 3.8277613429288353 6.6
      vertex -1.1611387090178493 3.8277613429288353 7.3999999999999995
      vertex -0.780361288064513 3.9231411216129217 6.6
    endloop
  endfacet
  facet normal 0 0 -1
    outer loop
      vertex -0.44703413661632857 2.861888918219799 6.6
      vertex -0.5189119750312847 1.3987819054100976 6.6
      vertex -1.219215479661992 2.611743156149029 6.6
    endloop
  endfacet
  facet normal 0 0 -1
    outer loop
      vertex -0.3920685613182424 3.9807389066887877 6.6
      vertex -0.38349364905389033 1.1642304845413263 6.6
      vertex -0.40498658781525343 1.2014573464799736 6.6
    endloop
  endfacet
  facet normal 0 0 -1
    outer loop
      vertex -0.44703413661632857 2.861888918219799 6.6
      vertex -0.3920685613182424 3.9807389066887877 6.6
      vertex -0.40498658781525343 1.2014573464799736 6.6
    endloop
  endfacet
  facet normal 0 0 -1
    outer loop
      vertex -0.3920685613182424 3.9807389066887877 6.6
      vertex 0 4 6.6
      vertex 0 0.8 6.6
    endloop
  endfacet
  facet normal 0 0 -1
    outer loop
      vertex -0.44703413661632857 2.861888918219799 6.6
      vertex -1.219215479661992 2.611743156149029 6.6
      vertex -0.780361288064513 3.9231411216129217 6.6
    endloop
  endfacet
  facet normal 0 0 -1
    outer loop
      vertex -0.44703413661632857 2.861888918219799 6.6
      vertex -0.780361288064513 3.9231411216129217 6.6
      vertex -0.3920685613182424 3.9807389066887877 6.6
    endloop
  endfacet
  facet normal -0.14673047445536241 0.9891765099647809 0
    outer loop
      vertex -0.780361288064513 3.9231411216129217 6.6
      vertex -0.780361288064513 3.9231411216129217 7.3999999999999995
      vertex -0.3920685613182424 3.9807389066887877 6.6
    endloop
  endfacet
  facet normal -0.049067674327417585 0.9987954562051724 0
    outer loop
      vertex -0.3920685613182424 3.9807389066887877 6.6
      vertex -0.3920685613182424 3.9807389066887877 7.3999999999999995
      vertex 0 4 6.6
    endloop
  endfacet
  facet normal 0 0 1
    outer loop
      vertex -1.839740524074572 2.2417303147519374 7.3999999999999995
      vertex -1.6111536757568463 2.411261875677381 7.3999999999999995
      vertex -1.8855869473039906 3.52768505739342 7.3999999999999995
    endloop
  endfacet
  facet normal 0 0 1
    outer loop
      vertex -1.6111536757568463 2.411261875677381 7.3999999999999995
      vertex -1.3670505367953931 2.5575716666102295 7.3999999999999995
      vertex -1.8855869473039906 3.52768505739342 7.3999999999999995
    endloop
  endfacet
  facet normal 0 0 1
    outer loop
      vertex -1.3670505367953931 2.5575716666102295 7.3999999999999995
      vertex -1.1097819538587603 2.6792506442827313 7.3999999999999995
      vertex -1.5307337294603591 3.695518130045147 7.3999999999999995
    endloop
  endfacet
  facet normal 0 0 1
    outer loop
      vertex -2.2222809320784087 3.325878449210181 7.3999999999999995
      vertex -1.839740524074572 2.2417303147519374 7.3999999999999995
      vertex -1.8855869473039906 3.52768505739342 7.3999999999999995
    endloop
  endfacet
  facet normal -0.5141027441932221 0.8577286100002718 -7.011947377000148e-18
    outer loop
      vertex -2.2222809320784087 3.325878449210181 7.3999999999999995
      vertex -1.8855869473039906 3.52768505739342 7.3999999999999995
      vertex -1.8855869473039906 3.52768505739342 6.6
    endloop
  endfacet
  facet normal 0 0 1
    outer loop
      vertex -1.3670505367953931 2.5575716666102295 7.3999999999999995
      vertex -1.5307337294603591 3.695518130045147 7.3999999999999995
      vertex -1.8855869473039906 3.52768505739342 7.3999999999999995
    endloop
  endfacet
  facet normal -0.4275550934302819 0.9039892931234436 0
    outer loop
      vertex -1.5307337294603591 3.695518130045147 6.6
      vertex -1.8855869473039906 3.52768505739342 7.3999999999999995
      vertex -1.5307337294603591 3.695518130045147 7.3999999999999995
    endloop
  endfacet
  facet normal 0 0 1
    outer loop
      vertex -1.1097819538587603 2.6792506442827313 7.3999999999999995
      vertex -1.1611387090178493 3.8277613429288353 7.3999999999999995
      vertex -1.5307337294603591 3.695518130045147 7.3999999999999995
    endloop
  endfacet
  facet normal 0 0 1
    outer loop
      vertex -1.1097819538587603 2.6792506442827313 7.3999999999999995
      vertex -0.8418255640379407 2.7751269736234057 7.3999999999999995
      vertex -1.1611387090178493 3.8277613429288353 7.3999999999999995
    endloop
  endfacet
  facet normal -0.3368898533922197 0.9415440651830209 0
    outer loop
      vertex -1.1611387090178493 3.8277613429288353 6.6
      vertex -1.5307337294603591 3.695518130045147 7.3999999999999995
      vertex -1.1611387090178493 3.8277613429288353 7.3999999999999995
    endloop
  endfacet
  facet normal 0 0 1
    outer loop
      vertex -1.1611387090178493 3.8277613429288353 7.3999999999999995
      vertex -0.8418255640379407 2.7751269736234057 7.3999999999999995
      vertex -0.5657619338467719 2.844277313169368 7.3999999999999995
    endloop
  endfacet
  facet normal 0 0 1
    outer loop
      vertex -0.5657619338467719 2.844277313169368 7.3999999999999995
      vertex -0.28424970695572577 2.886035707349371 7.3999999999999995
      vertex -0.780361288064513 3.9231411216129217 7.3999999999999995
    endloop
  endfacet
  facet normal 0 0 1
    outer loop
      vertex -1.1611387090178493 3.8277613429288353 7.3999999999999995
      vertex -0.5657619338467719 2.844277313169368 7.3999999999999995
      vertex -0.780361288064513 3.9231411216129217 7.3999999999999995
    endloop
  endfacet
  facet normal -0.24298017990326412 0.970031253194544 0
    outer loop
      vertex -0.780361288064513 3.9231411216129217 6.6
      vertex -1.1611387090178493 3.8277613429288353 7.3999999999999995
      vertex -0.780361288064513 3.9231411216129217 7.3999999999999995
    endloop
  endfacet
  facet normal -0.14673047445536241 0.9891765099647809 0
    outer loop
      vertex -0.3920685613182424 3.9807389066887877 6.6
      vertex -0.780361288064513 3.9231411216129217 7.3999999999999995
      vertex -0.3920685613182424 3.9807389066887877 7.3999999999999995
    endloop
  endfacet
  facet normal 0 0 1
    outer loop
      vertex -0.28424970695572577 2.886035707349371 7.3999999999999995
      vertex 0 2.9 7.3999999999999995
      vertex -0.3920685613182424 3.9807389066887877 7.3999999999999995
    endloop
  endfacet
  facet normal 0 0 1
    outer loop
      vertex -0.28424970695572577 2.886035707349371 7.3999999999999995
      vertex -0.3920685613182424 3.9807389066887877 7.3999999999999995
      vertex -0.780361288064513 3.9231411216129217 7.3999999999999995
    endloop
  endfacet
  facet normal 0 0 1
    outer loop
      vertex -0.3920685613182424 3.9807389066887877 7.3999999999999995
      vertex 0 2.9 7.3999999999999995
      vertex 0 4 7.3999999999999995
    endloop
  endfacet
  facet normal -0.049067674327417585 0.9987954562051724 -3.40553267971595e-19
    outer loop
      vertex -0.3920685613182424 3.9807389066887877 7.3999999999999995
      vertex 0 4 7.3999999999999995
      vertex 0 4 6.6
    endloop
  endfacet
  facet normal 0.049067674327417585 -0.9987954562051724 -3.40553267971595e-19
    outer loop
      vertex 0 -4 6.6
      vertex 0.3920685613182424 -3.9807389066887877 6.6
      vertex 0.3920685613182424 -3.9807389066887877 7.3999999999999995
    endloop
  endfacet
  facet normal 0 0 -1
    outer loop
      vertex 0 -4 6.6
      vertex 0.3920685613182424 -2.870042291112254 6.6
      vertex 0.3920685613182424 -3.9807389066887877 6.6
    endloop
  endfacet
  facet normal 0 0 -1
    outer loop
      vertex 0.3920685613182424 -3.9807389066887877 6.6
      vertex 0.3920685613182424 -2.870042291112254 6.6
      vertex 0.44703413661632857 -2.861888918219799 6.6
    endloop
  endfacet
  facet normal 0.14673047445536241 -0.9891765099647809 2.362621890985336e-18
    outer loop
      vertex 0.3920685613182424 -3.9807389066887877 6.6
      vertex 0.780361288064513 -3.9231411216129217 6.6
      vertex 0.780361288064513 -3.9231411216129217 7.3999999999999995
    endloop
  endfacet
  facet normal 0 0 -1
    outer loop
      vertex 0.3920685613182424 -3.9807389066887877 6.6
      vertex 0.44703413661632857 -2.861888918219799 6.6
      vertex 0.780361288064513 -3.9231411216129217 6.6
    endloop
  endfacet
  facet normal 0 0 -1
    outer loop
      vertex 0.780361288064513 -3.9231411216129217 6.6
      vertex 0.8366964901333119 -2.776411739754373 6.6
      vertex 1.1611387090178493 -3.8277613429288353 6.6
    endloop
  endfacet
  facet normal 0 0 -1
    outer loop
      vertex 0.780361288064513 -3.9231411216129217 6.6
      vertex 0.44703413661632857 -2.861888918219799 6.6
      vertex 0.780361288064513 -2.790522973272349 6.6
    endloop
  endfacet
  facet normal 0 0 -1
    outer loop
      vertex 0.780361288064513 -3.9231411216129217 6.6
      vertex 0.780361288064513 -2.790522973272349 6.6
      vertex 0.8366964901333119 -2.776411739754373 6.6
    endloop
  endfacet
  facet normal 0 0 -1
    outer loop
      vertex 0 -4 6.6
      vertex 0.3920685613182424 -0.6965756239358176 6.6
      vertex 0.3920685613182424 -2.870042291112254 6.6
    endloop
  endfacet
  facet normal 0 0 -1
    outer loop
      vertex 0.8366964901333119 -2.776411739754373 6.6
      vertex 0.8418255640379407 -2.6720070419425355 6.6
      vertex 1.1611387090178493 -2.6549607080884075 6.6
    endloop
  endfacet
  facet normal 0 0 -1
    outer loop
      vertex 0.44703413661632857 -2.861888918219799 6.6
      vertex 0.559566949549674 -0.5712308878063463 6.6
      vertex 0.780361288064513 -2.790522973272349 6.6
    endloop
  endfacet
  facet normal 0.24298017990326412 -0.970031253194544 4.9546743234561854e-18
    outer loop
      vertex 0.780361288064513 -3.9231411216129217 6.6
      vertex 1.1611387090178493 -3.8277613429288353 6.6
      vertex 1.1611387090178493 -3.8277613429288353 7.3999999999999995
    endloop
  endfacet
  facet normal 0.3368898533922197 -0.9415440651830209 2.9932453333915392e-18
    outer loop
      vertex 1.1611387090178493 -3.8277613429288353 6.6
      vertex 1.5307337294603591 -3.695518130045147 6.6
      vertex 1.5307337294603591 -3.695518130045147 7.3999999999999995
    endloop
  endfacet
  facet normal 0 0 -1
    outer loop
      vertex 0.8366964901333119 -2.776411739754373 6.6
      vertex 1.1611387090178493 -2.6549607080884075 6.6
      vertex 1.1611387090178493 -3.8277613429288353 6.6
    endloop
  endfacet
  facet normal 0 0 -1
    outer loop
      vertex 1.1611387090178493 -3.8277613429288353 6.6
      vertex 1.1611387090178493 -2.6549607080884075 6.6
      vertex 1.220125278452379 -2.6270621384952073 6.6
    endloop
  endfacet
  facet normal 0 0 -1
    outer loop
      vertex 1.1611387090178493 -3.8277613429288353 6.6
      vertex 1.220125278452379 -2.6270621384952073 6.6
      vertex 1.5307337294603591 -3.695518130045147 6.6
    endloop
  endfacet
  facet normal 0.4275550934302819 -0.9039892931234436 -5.695839843273487e-18
    outer loop
      vertex 1.5307337294603591 -3.695518130045147 6.6
      vertex 1.8855869473039906 -3.52768505739342 6.6
      vertex 1.8855869473039906 -3.52768505739342 7.3999999999999995
    endloop
  endfacet
  facet normal 0 0 -1
    outer loop
      vertex 1.5307337294603591 -3.695518130045147 6.6
      vertex 1.593299467432685 -2.421963276316035 6.6
      vertex 1.8855869473039906 -3.52768505739342 6.6
    endloop
  endfacet
  facet normal 0 0 -1
    outer loop
      vertex 1.5307337294603591 -3.695518130045147 6.6
      vertex 1.220125278452379 -2.6270621384952073 6.6
      vertex 1.5307337294603591 -2.4594637364954344 6.6
    endloop
  endfacet
  facet normal 0 0 -1
    outer loop
      vertex 0.8418255640379407 -2.6720070419425355 6.6
      vertex 1.1611387090178493 -1.6338598773175013 6.6
      vertex 1.1611387090178493 -2.6549607080884075 6.6
    endloop
  endfacet
  facet normal 0 0 -1
    outer loop
      vertex 1.5307337294603591 -3.695518130045147 6.6
      vertex 1.5307337294603591 -2.4594637364954344 6.6
      vertex 1.593299467432685 -2.421963276316035 6.6
    endloop
  endfacet
  facet normal 0 0 -1
    outer loop
      vertex 1.8855869473039906 -3.52768505739342 6.6
      vertex 1.593299467432685 -2.421963276316035 6.6
      vertex 1.8855869473039906 -2.2001775388483003 6.6
    endloop
  endfacet
  facet normal 0 0 -1
    outer loop
      vertex 1.8855869473039906 -3.52768505739342 6.6
      vertex 1.8855869473039906 -2.2001775388483003 6.6
      vertex 1.9538423484441367 -2.1383144492546626 6.6
    endloop
  endfacet
  facet normal 0 0 -1
    outer loop
      vertex 1.593299467432685 -2.421963276316035 6.6
      vertex 1.6111536757568463 -2.058532516803793 6.6
      vertex 1.8855869473039906 -2.2001775388483003 6.6
    endloop
  endfacet
  facet normal 0.049067674327417585 -0.9987954562051724 0
    outer loop
      vertex 0 -4 6.6
      vertex 0.3920685613182424 -3.9807389066887877 7.3999999999999995
      vertex 0 -4 7.3999999999999995
    endloop
  endfacet
  facet normal 0 0 1
    outer loop
      vertex 0 -4 7.3999999999999995
      vertex 0.3920685613182424 -3.9807389066887877 7.3999999999999995
      vertex 0 -2.9 7.3999999999999995
    endloop
  endfacet
  facet normal 0 0 1
    outer loop
      vertex 0.3920685613182424 -3.9807389066887877 7.3999999999999995
      vertex 0.780361288064513 -3.9231411216129217 7.3999999999999995
      vertex 0.28424970695572577 -2.886035707349371 7.3999999999999995
    endloop
  endfacet
  facet normal 0 0 1
    outer loop
      vertex 0.3920685613182424 -3.9807389066887877 7.3999999999999995
      vertex 0.28424970695572577 -2.886035707349371 7.3999999999999995
      vertex 0 -2.9 7.3999999999999995
    endloop
  endfacet
  facet normal 0.14673047445536241 -0.9891765099647809 0
    outer loop
      vertex 0.3920685613182424 -3.9807389066887877 6.6
      vertex 0.780361288064513 -3.9231411216129217 7.3999999999999995
      vertex 0.3920685613182424 -3.9807389066887877 7.3999999999999995
    endloop
  endfacet
  facet normal 0.24298017990326412 -0.970031253194544 0
    outer loop
      vertex 0.780361288064513 -3.9231411216129217 6.6
      vertex 1.1611387090178493 -3.8277613429288353 7.3999999999999995
      vertex 0.780361288064513 -3.9231411216129217 7.3999999999999995
    endloop
  endfacet
  facet normal 0 0 1
    outer loop
      vertex 0.780361288064513 -3.9231411216129217 7.3999999999999995
      vertex 1.1611387090178493 -3.8277613429288353 7.3999999999999995
      vertex 0.5657619338467719 -2.844277313169368 7.3999999999999995
    endloop
  endfacet
  facet normal 0 0 1
    outer loop
      vertex 0.780361288064513 -3.9231411216129217 7.3999999999999995
      vertex 0.5657619338467719 -2.844277313169368 7.3999999999999995
      vertex 0.28424970695572577 -2.886035707349371 7.3999999999999995
    endloop
  endfacet
  facet normal 0 0 1
    outer loop
      vertex 0.5657619338467719 -2.844277313169368 7.3999999999999995
      vertex 1.1611387090178493 -3.8277613429288353 7.3999999999999995
      vertex 0.8418255640379407 -2.7751269736234057 7.3999999999999995
    endloop
  endfacet
  facet normal 0.3368898533922197 -0.9415440651830209 0
    outer loop
      vertex 1.1611387090178493 -3.8277613429288353 6.6
      vertex 1.5307337294603591 -3.695518130045147 7.3999999999999995
      vertex 1.1611387090178493 -3.8277613429288353 7.3999999999999995
    endloop
  endfacet
  facet normal 0 0 1
    outer loop
      vertex 0.8418255640379407 -2.7751269736234057 7.3999999999999995
      vertex 1.1611387090178493 -3.8277613429288353 7.3999999999999995
      vertex 1.1097819538587603 -2.6792506442827313 7.3999999999999995
    endloop
  endfacet
  facet normal 0 0 1
    outer loop
      vertex 1.1611387090178493 -3.8277613429288353 7.3999999999999995
      vertex 1.5307337294603591 -3.695518130045147 7.3999999999999995
      vertex 1.1097819538587603 -2.6792506442827313 7.3999999999999995
    endloop
  endfacet
  facet normal 0.4275550934302819 -0.9039892931234436 0
    outer loop
      vertex 1.5307337294603591 -3.695518130045147 6.6
      vertex 1.8855869473039906 -3.52768505739342 7.3999999999999995
      vertex 1.5307337294603591 -3.695518130045147 7.3999999999999995
    endloop
  endfacet
  facet normal 0 0 1
    outer loop
      vertex 1.5307337294603591 -3.695518130045147 7.3999999999999995
      vertex 1.8855869473039906 -3.52768505739342 7.3999999999999995
      vertex 1.3670505367953931 -2.5575716666102295 7.3999999999999995
    endloop
  endfacet
  facet normal 0.5141027441932221 -0.8577286100002718 0
    outer loop
      vertex 1.8855869473039906 -3.52768505739342 6.6
      vertex 2.2222809320784087 -3.325878449210181 7.3999999999999995
      vertex 1.8855869473039906 -3.52768505739342 7.3999999999999995
    endloop
  endfacet
  facet normal 0 0 1
    outer loop
      vertex 1.8855869473039906 -3.52768505739342 7.3999999999999995
      vertex 2.2222809320784087 -3.325878449210181 7.3999999999999995
      vertex 1.839740524074572 -2.2417303147519374 7.3999999999999995
    endloop
  endfacet
  facet normal 0 0 1
    outer loop
      vertex 1.5307337294603591 -3.695518130045147 7.3999999999999995
      vertex 1.3670505367953931 -2.5575716666102295 7.3999999999999995
      vertex 1.1097819538587603 -2.6792506442827313 7.3999999999999995
    endloop
  endfacet
  facet normal 0 0 1
    outer loop
      vertex 1.8855869473039906 -3.52768505739342 7.3999999999999995
      vertex 1.6111536757568463 -2.411261875677381 7.3999999999999995
      vertex 1.3670505367953931 -2.5575716666102295 7.3999999999999995
    endloop
  endfacet
  facet normal 0 0 1
    outer loop
      vertex 1.8855869473039906 -3.52768505739342 7.3999999999999995
      vertex 1.839740524074572 -2.2417303147519374 7.3999999999999995
      vertex 1.6111536757568463 -2.411261875677381 7.3999999999999995
    endloop
  endfacet
  facet normal 0 0 -1
    outer loop
      vertex 0 -4 6.6
      vertex 0 -0.8 6.6
      vertex 0.07841371226364849 -0.7961477813377575 6.6
    endloop
  endfacet
  facet normal 0 0 -1
    outer loop
      vertex 0 -4 6.6
      vertex 0.07841371226364849 -0.7961477813377575 6.6
      vertex 0.1560722576129026 -0.7846282243225844 6.6
    endloop
  endfacet
  facet normal 0 0 -1
    outer loop
      vertex 0 -4 6.6
      vertex 0.1560722576129026 -0.7846282243225844 6.6
      vertex 0.23222774180356986 -0.7655522685857671 6.6
    endloop
  endfacet
  facet normal 0 0 -1
    outer loop
      vertex 0 -4 6.6
      vertex 0.23222774180356986 -0.7655522685857671 6.6
      vertex 0.30614674589207186 -0.7391036260090295 6.6
    endloop
  endfacet
  facet normal 0 0 -1
    outer loop
      vertex 0 -4 6.6
      vertex 0.30614674589207186 -0.7391036260090295 6.6
      vertex 0.37711738946079815 -0.7055370114786841 6.6
    endloop
  endfacet
  facet normal 0 0 -1
    outer loop
      vertex 0 -4 6.6
      vertex 0.37711738946079815 -0.7055370114786841 6.6
      vertex 0.3920685613182424 -0.6965756239358176 6.6
    endloop
  endfacet
  facet normal 0 0 -1
    outer loop
      vertex 0.780361288064513 -2.790522973272349 6.6
      vertex 0.559566949549674 -0.5712308878063463 6.6
      vertex 0.5656854249492381 -0.5656854249492381 6.6
    endloop
  endfacet
  facet normal 0 0 -1
    outer loop
      vertex 0.780361288064513 -2.790522973272349 6.6
      vertex 0.5656854249492381 -0.5656854249492381 6.6
      vertex 0.6184083626901896 -0.5075146273309165 6.6
    endloop
  endfacet
  facet normal 0 0 -1
    outer loop
      vertex 0.780361288064513 -2.790522973272349 6.6
      vertex 0.6184083626901896 -0.5075146273309165 6.6
      vertex 0.6651756898420362 -0.44445618641568174 6.6
    endloop
  endfacet
  facet normal 0 0 -1
    outer loop
      vertex 0.780361288064513 -2.790522973272349 6.6
      vertex 0.6651756898420362 -0.44445618641568174 6.6
      vertex 0.7055370114786841 -0.37711738946079815 6.6
    endloop
  endfacet
  facet normal 0 0 -1
    outer loop
      vertex 0.780361288064513 -2.790522973272349 6.6
      vertex 0.7055370114786841 -0.37711738946079815 6.6
      vertex 0.7391036260090295 -0.30614674589207186 6.6
    endloop
  endfacet
  facet normal 0 0 -1
    outer loop
      vertex 0.780361288064513 -2.790522973272349 6.6
      vertex 0.7391036260090295 -0.30614674589207186 6.6
      vertex 0.7655522685857671 -0.23222774180356986 6.6
    endloop
  endfacet
  facet normal 0 0 -1
    outer loop
      vertex 0.780361288064513 -2.790522973272349 6.6
      vertex 0.7655522685857671 -0.23222774180356986 6.6
      vertex 0.780361288064513 -0.17310682202620611 6.6
    endloop
  endfacet
  facet normal 0 0 -1
    outer loop
      vertex 1.220125278452379 -2.6270621384952073 6.6
      vertex 1.3369028530229217 -0.25 6.6
      vertex 1.5307337294603591 -2.4594637364954344 6.6
    endloop
  endfacet
  facet normal 0 0 -1
    outer loop
      vertex 1.6111536757568463 -2.058532516803793 6.6
      vertex 1.8855869473039906 -1.308504930984045 6.6
      vertex 1.8855869473039906 -2.2001775388483003 6.6
    endloop
  endfacet
  facet normal 0 0 -1
    outer loop
      vertex 1.6111536757568463 -2.058532516803793 6.6
      vertex 2.038821510752188 -0.25 6.6
      vertex 1.8855869473039906 -1.308504930984045 6.6
    endloop
  endfacet
  facet normal 0 0 -1
    outer loop
      vertex 1.1611387090178493 -1.6338598773175013 6.6
      vertex 1.2 -0.25 6.6
      vertex 1.303791437915241 -0.25 6.6
    endloop
  endfacet
  facet normal 0 0 -1
    outer loop
      vertex 1.5307337294603591 -2.4594637364954344 6.6
      vertex 1.3369028530229217 -0.25 6.6
      vertex 1.5307337294603591 -0.25 6.6
    endloop
  endfacet
  facet normal 0 0 -1
    outer loop
      vertex 0.8418255640379407 -2.6720070419425355 6.6
      vertex 1.1611387090178493 3.8277613429288353 6.6
      vertex 1.1611387090178493 -1.6338598773175013 6.6
    endloop
  endfacet
  facet normal 0 0 -1
    outer loop
      vertex 1.6111536757568463 -2.058532516803793 6.6
      vertex 1.559811668861541 -0.25 6.6
      vertex 2.038821510752188 -0.25 6.6
    endloop
  endfacet
  facet normal 0.5141027441932221 -0.8577286100002718 -7.011947377000148e-18
    outer loop
      vertex 1.8855869473039906 -3.52768505739342 6.6
      vertex 2.2222809320784087 -3.325878449210181 6.6
      vertex 2.2222809320784087 -3.325878449210181 7.3999999999999995
    endloop
  endfacet
  facet normal 0.595699304492433 -0.8032075314806453 1.2219814190726483e-17
    outer loop
      vertex 2.2222809320784087 -3.325878449210181 6.6
      vertex 2.537573136654582 -3.092041813450948 6.6
      vertex 2.537573136654582 -3.092041813450948 7.3999999999999995
    endloop
  endfacet
  facet normal 0 0 -1
    outer loop
      vertex 1.8855869473039906 -3.52768505739342 6.6
      vertex 1.9538423484441367 -2.1383144492546626 6.6
      vertex 2.2222809320784087 -3.325878449210181 6.6
    endloop
  endfacet
  facet normal 0.6715589548470181 -0.7409511253549594 2.0626064476563033e-17
    outer loop
      vertex 2.537573136654582 -3.092041813450948 6.6
      vertex 2.8284271247461903 -2.8284271247461903 6.6
      vertex 2.8284271247461903 -2.8284271247461903 7.3999999999999995
    endloop
  endfacet
  facet normal 0.7409511253549594 -0.6715589548470181 0
    outer loop
      vertex 2.8284271247461903 -2.8284271247461903 6.6
      vertex 3.092041813450948 -2.537573136654582 6.6
      vertex 2.8284271247461903 -2.8284271247461903 7.3999999999999995
    endloop
  endfacet
  facet normal 0 0 -1
    outer loop
      vertex 2.2222809320784087 -3.325878449210181 6.6
      vertex 3.7 -0.25 6.6
      vertex 2.537573136654582 -3.092041813450948 6.6
    endloop
  endfacet
  facet normal 0.8032075314806453 -0.595699304492433 0
    outer loop
      vertex 3.092041813450948 -2.537573136654582 6.6
      vertex 3.325878449210181 -2.2222809320784087 6.6
      vertex 3.092041813450948 -2.537573136654582 7.3999999999999995
    endloop
  endfacet
  facet normal 0 0 -1
    outer loop
      vertex 2.537573136654582 -3.092041813450948 6.6
      vertex 3.7 -0.25 6.6
      vertex 2.8284271247461903 -2.8284271247461903 6.6
    endloop
  endfacet
  facet normal 0.8577286100002718 -0.5141027441932221 0
    outer loop
      vertex 3.325878449210181 -2.2222809320784087 6.6
      vertex 3.52768505739342 -1.8855869473039906 6.6
      vertex 3.325878449210181 -2.2222809320784087 7.3999999999999995
    endloop
  endfacet
  facet normal 0.595699304492433 -0.8032075314806453 0
    outer loop
      vertex 2.2222809320784087 -3.325878449210181 6.6
      vertex 2.537573136654582 -3.092041813450948 7.3999999999999995
      vertex 2.2222809320784087 -3.325878449210181 7.3999999999999995
    endloop
  endfacet
  facet normal 0.6715589548470181 -0.7409511253549594 0
    outer loop
      vertex 2.537573136654582 -3.092041813450948 6.6
      vertex 2.8284271247461903 -2.8284271247461903 7.3999999999999995
      vertex 2.537573136654582 -3.092041813450948 7.3999999999999995
    endloop
  endfacet
  facet normal 0 0 1
    outer loop
      vertex 1.839740524074572 -2.2417303147519374 7.3999999999999995
      vertex 2.2222809320784087 -3.325878449210181 7.3999999999999995
      vertex 2.0506096654409878 -2.0506096654409878 7.3999999999999995
    endloop
  endfacet
  facet normal 0 0 1
    outer loop
      vertex 2.2222809320784087 -3.325878449210181 7.3999999999999995
      vertex 2.537573136654582 -3.092041813450948 7.3999999999999995
      vertex 2.0506096654409878 -2.0506096654409878 7.3999999999999995
    endloop
  endfacet
  facet normal 0 0 1
    outer loop
      vertex 2.537573136654582 -3.092041813450948 7.3999999999999995
      vertex 2.2417303147519374 -1.839740524074572 7.3999999999999995
      vertex 2.0506096654409878 -2.0506096654409878 7.3999999999999995
    endloop
  endfacet
  facet normal 0 0 1
    outer loop
      vertex 2.537573136654582 -3.092041813450948 7.3999999999999995
      vertex 2.411261875677381 -1.6111536757568463 7.3999999999999995
      vertex 2.2417303147519374 -1.839740524074572 7.3999999999999995
    endloop
  endfacet
  facet normal 0 0 1
    outer loop
      vertex 2.537573136654582 -3.092041813450948 7.3999999999999995
      vertex 2.8284271247461903 -2.8284271247461903 7.3999999999999995
      vertex 2.411261875677381 -1.6111536757568463 7.3999999999999995
    endloop
  endfacet
  facet normal 0 0 1
    outer loop
      vertex 2.8284271247461903 -2.8284271247461903 7.3999999999999995
      vertex 3.092041813450948 -2.537573136654582 7.3999999999999995
      vertex 2.7751269736234057 -0.8418255640379407 7.3999999999999995
    endloop
  endfacet
  facet normal 0.7409511253549594 -0.6715589548470181 0
    outer loop
      vertex 3.092041813450948 -2.537573136654582 6.6
      vertex 3.092041813450948 -2.537573136654582 7.3999999999999995
      vertex 2.8284271247461903 -2.8284271247461903 7.3999999999999995
    endloop
  endfacet
  facet normal 0.8032075314806453 -0.595699304492433 0
    outer loop
      vertex 3.325878449210181 -2.2222809320784087 6.6
      vertex 3.325878449210181 -2.2222809320784087 7.3999999999999995
      vertex 3.092041813450948 -2.537573136654582 7.3999999999999995
    endloop
  endfacet
  facet normal 0 0 -1
    outer loop
      vertex 1.9538423484441367 -2.1383144492546626 6.6
      vertex 3.7 -0.25 6.6
      vertex 2.2222809320784087 -3.325878449210181 6.6
    endloop
  endfacet
  facet normal 0 0 -1
    outer loop
      vertex 1.9538423484441367 -2.1383144492546626 6.6
      vertex 2.0466092887101848 -0.25 6.6
      vertex 3.7 -0.25 6.6
    endloop
  endfacet
  facet normal 0 0 -1
    outer loop
      vertex 2.8284271247461903 -2.8284271247461903 6.6
      vertex 3.7 -0.25 6.6
      vertex 3.092041813450948 -2.537573136654582 6.6
    endloop
  endfacet
  facet normal 0 0 -1
    outer loop
      vertex 3.092041813450948 -2.537573136654582 6.6
      vertex 3.7 -0.25 6.6
      vertex 3.325878449210181 -2.2222809320784087 6.6
    endloop
  endfacet
  facet normal 0.9039892931234436 -0.4275550934302819 0
    outer loop
      vertex 3.52768505739342 -1.8855869473039906 6.6
      vertex 3.695518130045147 -1.5307337294603591 6.6
      vertex 3.52768505739342 -1.8855869473039906 7.3999999999999995
    endloop
  endfacet
  facet normal 0 0 -1
    outer loop
      vertex 3.325878449210181 -2.2222809320784087 6.6
      vertex 3.7 -0.25 6.6
      vertex 3.52768505739342 -1.8855869473039906 6.6
    endloop
  endfacet
  facet normal 0.9415440651830209 -0.3368898533922197 0
    outer loop
      vertex 3.695518130045147 -1.5307337294603591 6.6
      vertex 3.8277613429288353 -1.1611387090178493 6.6
      vertex 3.695518130045147 -1.5307337294603591 7.3999999999999995
    endloop
  endfacet
  facet normal 0 0 -1
    outer loop
      vertex 3.52768505739342 -1.8855869473039906 6.6
      vertex 3.7 -0.25 6.6
      vertex 3.695518130045147 -1.5307337294603591 6.6
    endloop
  endfacet
  facet normal 0.970031253194544 -0.24298017990326412 0
    outer loop
      vertex 3.8277613429288353 -1.1611387090178493 6.6
      vertex 3.9231411216129217 -0.780361288064513 6.6
      vertex 3.8277613429288353 -1.1611387090178493 7.3999999999999995
    endloop
  endfacet
  facet normal 0 0 -1
    outer loop
      vertex 3.695518130045147 -1.5307337294603591 6.6
      vertex 3.8277613429288353 1.1611387090178493 6.6
      vertex 3.8277613429288353 -1.1611387090178493 6.6
    endloop
  endfacet
  facet normal 0.9891765099647809 -0.14673047445536241 0
    outer loop
      vertex 3.9231411216129217 -0.780361288064513 6.6
      vertex 3.9807389066887877 -0.3920685613182424 6.6
      vertex 3.9231411216129217 -0.780361288064513 7.3999999999999995
    endloop
  endfacet
  facet normal 0 0 -1
    outer loop
      vertex 3.695518130045147 -1.5307337294603591 6.6
      vertex 3.7 -0.25 6.6
      vertex 3.8277613429288353 1.1611387090178493 6.6
    endloop
  endfacet
  facet normal 0 0 -1
    outer loop
      vertex 3.8277613429288353 -1.1611387090178493 6.6
      vertex 3.9231411216129217 0.780361288064513 6.6
      vertex 3.9231411216129217 -0.780361288064513 6.6
    endloop
  endfacet
  facet normal 0 0 -1
    outer loop
      vertex 3.9231411216129217 -0.780361288064513 6.6
      vertex 3.9807389066887877 0.3920685613182424 6.6
      vertex 3.9807389066887877 -0.3920685613182424 6.6
    endloop
  endfacet
  facet normal 0.9987954562051724 -0.049067674327417585 0
    outer loop
      vertex 3.9807389066887877 -0.3920685613182424 6.6
      vertex 4 0 6.6
      vertex 3.9807389066887877 -0.3920685613182424 7.3999999999999995
    endloop
  endfacet
  facet normal 0 0 1
    outer loop
      vertex 2.8284271247461903 -2.8284271247461903 7.3999999999999995
      vertex 2.5575716666102295 -1.3670505367953931 7.3999999999999995
      vertex 2.411261875677381 -1.6111536757568463 7.3999999999999995
    endloop
  endfacet
  facet normal 0 0 1
    outer loop
      vertex 2.8284271247461903 -2.8284271247461903 7.3999999999999995
      vertex 2.6792506442827313 -1.1097819538587603 7.3999999999999995
      vertex 2.5575716666102295 -1.3670505367953931 7.3999999999999995
    endloop
  endfacet
  facet normal 0 0 1
    outer loop
      vertex 2.8284271247461903 -2.8284271247461903 7.3999999999999995
      vertex 2.7751269736234057 -0.8418255640379407 7.3999999999999995
      vertex 2.6792506442827313 -1.1097819538587603 7.3999999999999995
    endloop
  endfacet
  facet normal 0 0 1
    outer loop
      vertex 3.092041813450948 -2.537573136654582 7.3999999999999995
      vertex 2.844277313169368 -0.5657619338467719 7.3999999999999995
      vertex 2.7751269736234057 -0.8418255640379407 7.3999999999999995
    endloop
  endfacet
  facet normal 0 0 1
    outer loop
      vertex 3.092041813450948 -2.537573136654582 7.3999999999999995
      vertex 2.886035707349371 -0.28424970695572577 7.3999999999999995
      vertex 2.844277313169368 -0.5657619338467719 7.3999999999999995
    endloop
  endfacet
  facet normal 0 0 1
    outer loop
      vertex 3.092041813450948 -2.537573136654582 7.3999999999999995
      vertex 2.9 0 7.3999999999999995
      vertex 2.886035707349371 -0.28424970695572577 7.3999999999999995
    endloop
  endfacet
  facet normal 0 0 1
    outer loop
      vertex 3.092041813450948 -2.537573136654582 7.3999999999999995
      vertex 2.886035707349371 0.28424970695572577 7.3999999999999995
      vertex 2.9 0 7.3999999999999995
    endloop
  endfacet
  facet normal 0.8577286100002718 -0.5141027441932221 -7.011947377000148e-18
    outer loop
      vertex 3.325878449210181 -2.2222809320784087 7.3999999999999995
      vertex 3.52768505739342 -1.8855869473039906 6.6
      vertex 3.52768505739342 -1.8855869473039906 7.3999999999999995
    endloop
  endfacet
  facet normal 0.9039892931234436 -0.4275550934302819 0
    outer loop
      vertex 3.695518130045147 -1.5307337294603591 6.6
      vertex 3.695518130045147 -1.5307337294603591 7.3999999999999995
      vertex 3.52768505739342 -1.8855869473039906 7.3999999999999995
    endloop
  endfacet
  facet normal 0.9415440651830209 -0.3368898533922197 0
    outer loop
      vertex 3.8277613429288353 -1.1611387090178493 6.6
      vertex 3.8277613429288353 -1.1611387090178493 7.3999999999999995
      vertex 3.695518130045147 -1.5307337294603591 7.3999999999999995
    endloop
  endfacet
  facet normal 0 0 1
    outer loop
      vertex 3.092041813450948 -2.537573136654582 7.3999999999999995
      vertex 3.325878449210181 -2.2222809320784087 7.3999999999999995
      vertex 3.092041813450948 2.537573136654582 7.3999999999999995
    endloop
  endfacet
  facet normal 0 0 1
    outer loop
      vertex 3.325878449210181 -2.2222809320784087 7.3999999999999995
      vertex 3.52768505739342 -1.8855869473039906 7.3999999999999995
      vertex 3.325878449210181 2.2222809320784087 7.3999999999999995
    endloop
  endfacet
  facet normal 0 0 1
    outer loop
      vertex 3.52768505739342 -1.8855869473039906 7.3999999999999995
      vertex 3.695518130045147 -1.5307337294603591 7.3999999999999995
      vertex 3.52768505739342 1.8855869473039906 7.3999999999999995
    endloop
  endfacet
  facet normal 0.970031253194544 -0.24298017990326412 0
    outer loop
      vertex 3.9231411216129217 -0.780361288064513 6.6
      vertex 3.9231411216129217 -0.780361288064513 7.3999999999999995
      vertex 3.8277613429288353 -1.1611387090178493 7.3999999999999995
    endloop
  endfacet
  facet normal 0.9891765099647809 -0.14673047445536241 0
    outer loop
      vertex 3.9807389066887877 -0.3920685613182424 6.6
      vertex 3.9807389066887877 -0.3920685613182424 7.3999999999999995
      vertex 3.9231411216129217 -0.780361288064513 7.3999999999999995
    endloop
  endfacet
  facet normal 0 0 1
    outer loop
      vertex 3.695518130045147 -1.5307337294603591 7.3999999999999995
      vertex 3.8277613429288353 -1.1611387090178493 7.3999999999999995
      vertex 3.695518130045147 1.5307337294603591 7.3999999999999995
    endloop
  endfacet
  facet normal 0 0 1
    outer loop
      vertex 3.8277613429288353 -1.1611387090178493 7.3999999999999995
      vertex 3.9231411216129217 -0.780361288064513 7.3999999999999995
      vertex 3.8277613429288353 1.1611387090178493 7.3999999999999995
    endloop
  endfacet
  facet normal 0.9987954562051724 -0.049067674327417585 -3.40553267971595e-19
    outer loop
      vertex 3.9807389066887877 -0.3920685613182424 7.3999999999999995
      vertex 4 0 6.6
      vertex 4 0 7.3999999999999995
    endloop
  endfacet
  facet normal 0 0 1
    outer loop
      vertex 3.9231411216129217 -0.780361288064513 7.3999999999999995
      vertex 3.9807389066887877 -0.3920685613182424 7.3999999999999995
      vertex 3.9231411216129217 0.780361288064513 7.3999999999999995
    endloop
  endfacet
  facet normal 0 0 -1
    outer loop
      vertex 0.7391036260090295 0.30614674589207186 6.6
      vertex 0.7055370114786841 0.37711738946079815 6.6
      vertex 0.780361288064513 1.5239928939530194 6.6
    endloop
  endfacet
  facet normal 0 0 -1
    outer loop
      vertex 0.6630267240207729 0.4473537314010731 6.6
      vertex 0.780361288064513 1.5239928939530194 6.6
      vertex 0.6651756898420362 0.44445618641568174 6.6
    endloop
  endfacet
  facet normal 0 0 -1
    outer loop
      vertex 0.6651756898420362 0.44445618641568174 6.6
      vertex 0.780361288064513 1.5239928939530194 6.6
      vertex 0.7055370114786841 0.37711738946079815 6.6
    endloop
  endfacet
  facet normal 0 0 -1
    outer loop
      vertex 0.780361288064513 0.17310682202620611 6.6
      vertex 0.7655522685857671 0.23222774180356986 6.6
      vertex 0.780361288064513 1.5239928939530194 6.6
    endloop
  endfacet
  facet normal 0 0 -1
    outer loop
      vertex 0.7391036260090295 0.30614674589207186 6.6
      vertex 0.780361288064513 1.5239928939530194 6.6
      vertex 0.7655522685857671 0.23222774180356986 6.6
    endloop
  endfacet
  facet normal 0 0 -1
    outer loop
      vertex 0.8418255640379407 -2.6720070419425355 6.6
      vertex 0.780361288064513 1.5239928939530194 6.6
      vertex 1.1611387090178493 3.8277613429288353 6.6
    endloop
  endfacet
  facet normal 0 0 -1
    outer loop
      vertex 0 0.8 6.6
      vertex 0.3920685613182424 3.9807389066887877 6.6
      vertex 0.07841371226364849 0.7961477813377575 6.6
    endloop
  endfacet
  facet normal 0 0 -1
    outer loop
      vertex 0.07841371226364849 0.7961477813377575 6.6
      vertex 0.3920685613182424 3.9807389066887877 6.6
      vertex 0.1560722576129026 0.7846282243225844 6.6
    endloop
  endfacet
  facet normal 0 0 -1
    outer loop
      vertex 0.1560722576129026 0.7846282243225844 6.6
      vertex 0.3920685613182424 3.9807389066887877 6.6
      vertex 0.23222774180356986 0.7655522685857671 6.6
    endloop
  endfacet
  facet normal 0 0 -1
    outer loop
      vertex 0.23222774180356986 0.7655522685857671 6.6
      vertex 0.3920685613182424 3.9807389066887877 6.6
      vertex 0.30614674589207186 0.7391036260090295 6.6
    endloop
  endfacet
  facet normal 0 0 -1
    outer loop
      vertex 0.30614674589207186 0.7391036260090295 6.6
      vertex 0.3920685613182424 3.9807389066887877 6.6
      vertex 0.37711738946079815 0.7055370114786841 6.6
    endloop
  endfacet
  facet normal 0 0 -1
    outer loop
      vertex 0.44445618641568174 0.6651756898420362 6.6
      vertex 0.7253957127664268 2.804291133143933 6.6
      vertex 0.5075146273309165 0.6184083626901896 6.6
    endloop
  endfacet
  facet normal 0 0 -1
    outer loop
      vertex 0.5075146273309165 0.6184083626901896 6.6
      vertex 0.7253957127664268 2.804291133143933 6.6
      vertex 0.5656854249492381 0.5656854249492381 6.6
    endloop
  endfacet
  facet normal 0 0 -1
    outer loop
      vertex 0.37711738946079815 0.7055370114786841 6.6
      vertex 0.7253957127664268 2.804291133143933 6.6
      vertex 0.44445618641568174 0.6651756898420362 6.6
    endloop
  endfacet
  facet normal 0 0 -1
    outer loop
      vertex 0.6128628998330814 0.5136331027304806 6.6
      vertex 0.5656854249492381 0.5656854249492381 6.6
      vertex 0.7253957127664268 2.804291133143933 6.6
    endloop
  endfacet
  facet normal 0 0 -1
    outer loop
      vertex 1.3670505367953931 0.363670200998893 6.6
      vertex 1.3553330467282345 0.25 6.6
      vertex 1.2 0.25 6.6
    endloop
  endfacet
  facet normal 0 0 -1
    outer loop
      vertex 1.3670505367953931 0.363670200998893 6.6
      vertex 1.5307337294603591 0.25 6.6
      vertex 1.3614662779076554 0.25 6.6
    endloop
  endfacet
  facet normal 0 0 -1
    outer loop
      vertex 1.3670505367953931 0.363670200998893 6.6
      vertex 1.5307337294603591 0.7742762624360271 6.6
      vertex 1.5307337294603591 0.25 6.6
    endloop
  endfacet
  facet normal 0 0 -1
    outer loop
      vertex 1.1611387090178493 -1.6338598773175013 6.6
      vertex 1.1611387090178493 3.8277613429288353 6.6
      vertex 1.2 -0.25 6.6
    endloop
  endfacet
  facet normal 0 0 -1
    outer loop
      vertex 2.1540255309382625 1.9365078410714232 6.6
      vertex 2.0711727135949185 0.25 6.6
      vertex 1.545617285730946 0.25 6.6
    endloop
  endfacet
  facet normal 0 0 -1
    outer loop
      vertex 1.1611387090178493 3.8277613429288353 6.6
      vertex 1.2 0.25 6.6
      vertex 1.2 -0.25 6.6
    endloop
  endfacet
  facet normal 0 0 -1
    outer loop
      vertex 1.3670505367953931 0.363670200998893 6.6
      vertex 1.2 0.25 6.6
      vertex 1.1611387090178493 3.8277613429288353 6.6
    endloop
  endfacet
  facet normal 0 0 -1
    outer loop
      vertex 1.5307337294603591 0.7742762624360271 6.6
      vertex 1.8855869473039906 3.52768505739342 6.6
      vertex 1.545617285730946 0.25 6.6
    endloop
  endfacet
  facet normal 0 0 -1
    outer loop
      vertex 1.8855869473039906 3.52768505739342 6.6
      vertex 2.1540255309382625 1.9365078410714232 6.6
      vertex 1.545617285730946 0.25 6.6
    endloop
  endfacet
  facet normal 0 0 -1
    outer loop
      vertex 0.37711738946079815 0.7055370114786841 6.6
      vertex 0.3920685613182424 3.9807389066887877 6.6
      vertex 0.7253957127664268 2.804291133143933 6.6
    endloop
  endfacet
  facet normal 0 0 -1
    outer loop
      vertex 0 0.8 6.6
      vertex 0 4 6.6
      vertex 0.3920685613182424 3.9807389066887877 6.6
    endloop
  endfacet
  facet normal 0 0 -1
    outer loop
      vertex 0.780361288064513 1.5239928939530194 6.6
      vertex 0.7253957127664268 2.804291133143933 6.6
      vertex 0.780361288064513 3.9231411216129217 6.6
    endloop
  endfacet
  facet normal 0.049067674327417585 0.9987954562051724 0
    outer loop
      vertex 0 4 6.6
      vertex 0 4 7.3999999999999995
      vertex 0.3920685613182424 3.9807389066887877 6.6
    endloop
  endfacet
  facet normal 0 0 -1
    outer loop
      vertex 0.780361288064513 1.5239928939530194 6.6
      vertex 0.780361288064513 3.9231411216129217 6.6
      vertex 1.1611387090178493 3.8277613429288353 6.6
    endloop
  endfacet
  facet normal 0 0 -1
    outer loop
      vertex 0.7253957127664268 2.804291133143933 6.6
      vertex 0.3920685613182424 3.9807389066887877 6.6
      vertex 0.780361288064513 3.9231411216129217 6.6
    endloop
  endfacet
  facet normal 0.14673047445536241 0.9891765099647809 0
    outer loop
      vertex 0.3920685613182424 3.9807389066887877 6.6
      vertex 0.3920685613182424 3.9807389066887877 7.3999999999999995
      vertex 0.780361288064513 3.9231411216129217 6.6
    endloop
  endfacet
  facet normal 0.24298017990326412 0.970031253194544 0
    outer loop
      vertex 0.780361288064513 3.9231411216129217 6.6
      vertex 0.780361288064513 3.9231411216129217 7.3999999999999995
      vertex 1.1611387090178493 3.8277613429288353 6.6
    endloop
  endfacet
  facet normal 0 0 -1
    outer loop
      vertex 1.3670505367953931 0.363670200998893 6.6
      vertex 1.1611387090178493 3.8277613429288353 6.6
      vertex 1.4717471600258294 2.494818925611519 6.6
    endloop
  endfacet
  facet normal 0 0 -1
    outer loop
      vertex 1.5307337294603591 0.7742762624360271 6.6
      vertex 1.4717471600258294 2.494818925611519 6.6
      vertex 1.5307337294603591 3.695518130045147 6.6
    endloop
  endfacet
  facet normal 0 0 -1
    outer loop
      vertex 1.5307337294603591 0.7742762624360271 6.6
      vertex 1.5307337294603591 3.695518130045147 6.6
      vertex 1.8855869473039906 3.52768505739342 6.6
    endloop
  endfacet
  facet normal 0 0 -1
    outer loop
      vertex 1.4717471600258294 2.494818925611519 6.6
      vertex 1.1611387090178493 3.8277613429288353 6.6
      vertex 1.5307337294603591 3.695518130045147 6.6
    endloop
  endfacet
  facet normal 0.3368898533922197 0.9415440651830209 0
    outer loop
      vertex 1.1611387090178493 3.8277613429288353 6.6
      vertex 1.1611387090178493 3.8277613429288353 7.3999999999999995
      vertex 1.5307337294603591 3.695518130045147 6.6
    endloop
  endfacet
  facet normal 0.5141027441932221 0.8577286100002718 0
    outer loop
      vertex 1.8855869473039906 3.52768505739342 6.6
      vertex 1.8855869473039906 3.52768505739342 7.3999999999999995
      vertex 2.2222809320784087 3.325878449210181 6.6
    endloop
  endfacet
  facet normal 0.4275550934302819 0.9039892931234436 0
    outer loop
      vertex 1.5307337294603591 3.695518130045147 6.6
      vertex 1.5307337294603591 3.695518130045147 7.3999999999999995
      vertex 1.8855869473039906 3.52768505739342 6.6
    endloop
  endfacet
  facet normal 0 0 1
    outer loop
      vertex 0 2.9 7.3999999999999995
      vertex 0.28424970695572577 2.886035707349371 7.3999999999999995
      vertex 0 4 7.3999999999999995
    endloop
  endfacet
  facet normal 0 0 1
    outer loop
      vertex 0.28424970695572577 2.886035707349371 7.3999999999999995
      vertex 0.5657619338467719 2.844277313169368 7.3999999999999995
      vertex 0.3920685613182424 3.9807389066887877 7.3999999999999995
    endloop
  endfacet
  facet normal 0 0 1
    outer loop
      vertex 0.28424970695572577 2.886035707349371 7.3999999999999995
      vertex 0.3920685613182424 3.9807389066887877 7.3999999999999995
      vertex 0 4 7.3999999999999995
    endloop
  endfacet
  facet normal 0.049067674327417585 0.9987954562051724 0
    outer loop
      vertex 0.3920685613182424 3.9807389066887877 6.6
      vertex 0 4 7.3999999999999995
      vertex 0.3920685613182424 3.9807389066887877 7.3999999999999995
    endloop
  endfacet
  facet normal 0 0 1
    outer loop
      vertex 0.5657619338467719 2.844277313169368 7.3999999999999995
      vertex 0.8418255640379407 2.7751269736234057 7.3999999999999995
      vertex 0.780361288064513 3.9231411216129217 7.3999999999999995
    endloop
  endfacet
  facet normal 0 0 1
    outer loop
      vertex 0.5657619338467719 2.844277313169368 7.3999999999999995
      vertex 0.780361288064513 3.9231411216129217 7.3999999999999995
      vertex 0.3920685613182424 3.9807389066887877 7.3999999999999995
    endloop
  endfacet
  facet normal 0.14673047445536241 0.9891765099647809 0
    outer loop
      vertex 0.780361288064513 3.9231411216129217 6.6
      vertex 0.3920685613182424 3.9807389066887877 7.3999999999999995
      vertex 0.780361288064513 3.9231411216129217 7.3999999999999995
    endloop
  endfacet
  facet normal 0 0 1
    outer loop
      vertex 0.8418255640379407 2.7751269736234057 7.3999999999999995
      vertex 1.1611387090178493 3.8277613429288353 7.3999999999999995
      vertex 0.780361288064513 3.9231411216129217 7.3999999999999995
    endloop
  endfacet
  facet normal 0 0 1
    outer loop
      vertex 1.3670505367953931 2.5575716666102295 7.3999999999999995
      vertex 1.6111536757568463 2.411261875677381 7.3999999999999995
      vertex 1.5307337294603591 3.695518130045147 7.3999999999999995
    endloop
  endfacet
  facet normal 0 0 1
    outer loop
      vertex 1.6111536757568463 2.411261875677381 7.3999999999999995
      vertex 1.839740524074572 2.2417303147519374 7.3999999999999995
      vertex 1.8855869473039906 3.52768505739342 7.3999999999999995
    endloop
  endfacet
  facet normal 0 0 1
    outer loop
      vertex 1.839740524074572 2.2417303147519374 7.3999999999999995
      vertex 2.0506096654409878 2.0506096654409878 7.3999999999999995
      vertex 1.8855869473039906 3.52768505739342 7.3999999999999995
    endloop
  endfacet
  facet normal 0 0 1
    outer loop
      vertex 0.8418255640379407 2.7751269736234057 7.3999999999999995
      vertex 1.1097819538587603 2.6792506442827313 7.3999999999999995
      vertex 1.1611387090178493 3.8277613429288353 7.3999999999999995
    endloop
  endfacet
  facet normal 0 0 1
    outer loop
      vertex 1.1097819538587603 2.6792506442827313 7.3999999999999995
      vertex 1.3670505367953931 2.5575716666102295 7.3999999999999995
      vertex 1.1611387090178493 3.8277613429288353 7.3999999999999995
    endloop
  endfacet
  facet normal 0 0 1
    outer loop
      vertex 1.3670505367953931 2.5575716666102295 7.3999999999999995
      vertex 1.5307337294603591 3.695518130045147 7.3999999999999995
      vertex 1.1611387090178493 3.8277613429288353 7.3999999999999995
    endloop
  endfacet
  facet normal 0.24298017990326412 0.970031253194544 0
    outer loop
      vertex 1.1611387090178493 3.8277613429288353 6.6
      vertex 0.780361288064513 3.9231411216129217 7.3999999999999995
      vertex 1.1611387090178493 3.8277613429288353 7.3999999999999995
    endloop
  endfacet
  facet normal 0.3368898533922197 0.9415440651830209 0
    outer loop
      vertex 1.5307337294603591 3.695518130045147 6.6
      vertex 1.1611387090178493 3.8277613429288353 7.3999999999999995
      vertex 1.5307337294603591 3.695518130045147 7.3999999999999995
    endloop
  endfacet
  facet normal 0 0 1
    outer loop
      vertex 1.6111536757568463 2.411261875677381 7.3999999999999995
      vertex 1.8855869473039906 3.52768505739342 7.3999999999999995
      vertex 1.5307337294603591 3.695518130045147 7.3999999999999995
    endloop
  endfacet
  facet normal 0.4275550934302819 0.9039892931234436 0
    outer loop
      vertex 1.8855869473039906 3.52768505739342 6.6
      vertex 1.5307337294603591 3.695518130045147 7.3999999999999995
      vertex 1.8855869473039906 3.52768505739342 7.3999999999999995
    endloop
  endfacet
  facet normal 0 0 -1
    outer loop
      vertex 2.411261875677381 0.5209170299582264 6.6
      vertex 2.09517434460235 0.25 6.6
      vertex 2.2222809320784087 1.4438392447375725 6.6
    endloop
  endfacet
  facet normal 0 0 -1
    outer loop
      vertex 2.411261875677381 0.5209170299582264 6.6
      vertex 3.7 0.25 6.6
      vertex 2.09517434460235 0.25 6.6
    endloop
  endfacet
  facet normal 0 0 -1
    outer loop
      vertex 2.411261875677381 0.5209170299582264 6.6
      vertex 2.537573136654582 0.9599711077358735 6.6
      vertex 3.7 0.25 6.6
    endloop
  endfacet
  facet normal 0 0 -1
    outer loop
      vertex 2.411261875677381 0.5209170299582264 6.6
      vertex 2.2222809320784087 1.4438392447375725 6.6
      vertex 2.4607643837603526 1.5285637305968252 6.6
    endloop
  endfacet
  facet normal 0 0 -1
    outer loop
      vertex 2.537573136654582 0.9599711077358735 6.6
      vertex 2.4607643837603526 1.5285637305968252 6.6
      vertex 2.537573136654582 3.092041813450948 6.6
    endloop
  endfacet
  facet normal 0 0 -1
    outer loop
      vertex 3.8277613429288353 1.1611387090178493 6.6
      vertex 3.7 -0.25 6.6
      vertex 3.7 0.25 6.6
    endloop
  endfacet
  facet normal 0 0 -1
    outer loop
      vertex 3.9807389066887877 -0.3920685613182424 6.6
      vertex 3.9807389066887877 0.3920685613182424 6.6
      vertex 4 0 6.6
    endloop
  endfacet
  facet normal 0 0 -1
    outer loop
      vertex 3.9231411216129217 -0.780361288064513 6.6
      vertex 3.9231411216129217 0.780361288064513 6.6
      vertex 3.9807389066887877 0.3920685613182424 6.6
    endloop
  endfacet
  facet normal 0.9987954562051724 0.049067674327417585 0
    outer loop
      vertex 4 0 6.6
      vertex 3.9807389066887877 0.3920685613182424 6.6
      vertex 4 0 7.3999999999999995
    endloop
  endfacet
  facet normal 0 0 -1
    outer loop
      vertex 3.8277613429288353 -1.1611387090178493 6.6
      vertex 3.8277613429288353 1.1611387090178493 6.6
      vertex 3.9231411216129217 0.780361288064513 6.6
    endloop
  endfacet
  facet normal 0 0 -1
    outer loop
      vertex 3.8277613429288353 1.1611387090178493 6.6
      vertex 3.7 0.25 6.6
      vertex 3.695518130045147 1.5307337294603591 6.6
    endloop
  endfacet
  facet normal 0.9891765099647809 0.14673047445536241 0
    outer loop
      vertex 3.9807389066887877 0.3920685613182424 6.6
      vertex 3.9231411216129217 0.780361288064513 6.6
      vertex 3.9807389066887877 0.3920685613182424 7.3999999999999995
    endloop
  endfacet
  facet normal 0.970031253194544 0.24298017990326412 0
    outer loop
      vertex 3.9231411216129217 0.780361288064513 6.6
      vertex 3.8277613429288353 1.1611387090178493 6.6
      vertex 3.9231411216129217 0.780361288064513 7.3999999999999995
    endloop
  endfacet
  facet normal 0 0 -1
    outer loop
      vertex 2.537573136654582 0.9599711077358735 6.6
      vertex 3.092041813450948 2.537573136654582 6.6
      vertex 3.7 0.25 6.6
    endloop
  endfacet
  facet normal 0 0 -1
    outer loop
      vertex 3.325878449210181 2.2222809320784087 6.6
      vertex 3.7 0.25 6.6
      vertex 3.092041813450948 2.537573136654582 6.6
    endloop
  endfacet
  facet normal 0.8577286100002718 0.5141027441932221 0
    outer loop
      vertex 3.52768505739342 1.8855869473039906 6.6
      vertex 3.325878449210181 2.2222809320784087 6.6
      vertex 3.52768505739342 1.8855869473039906 7.3999999999999995
    endloop
  endfacet
  facet normal 0 0 -1
    outer loop
      vertex 3.695518130045147 1.5307337294603591 6.6
      vertex 3.7 0.25 6.6
      vertex 3.52768505739342 1.8855869473039906 6.6
    endloop
  endfacet
  facet normal 0 0 -1
    outer loop
      vertex 3.52768505739342 1.8855869473039906 6.6
      vertex 3.7 0.25 6.6
      vertex 3.325878449210181 2.2222809320784087 6.6
    endloop
  endfacet
  facet normal 0.9415440651830209 0.3368898533922197 0
    outer loop
      vertex 3.8277613429288353 1.1611387090178493 6.6
      vertex 3.695518130045147 1.5307337294603591 6.6
      vertex 3.8277613429288353 1.1611387090178493 7.3999999999999995
    endloop
  endfacet
  facet normal 0.9039892931234436 0.4275550934302819 0
    outer loop
      vertex 3.695518130045147 1.5307337294603591 6.6
      vertex 3.52768505739342 1.8855869473039906 6.6
      vertex 3.695518130045147 1.5307337294603591 7.3999999999999995
    endloop
  endfacet
  facet normal 0 0 1
    outer loop
      vertex 3.092041813450948 -2.537573136654582 7.3999999999999995
      vertex 2.8284271247461903 2.8284271247461903 7.3999999999999995
      vertex 2.886035707349371 0.28424970695572577 7.3999999999999995
    endloop
  endfacet
  facet normal 0 0 1
    outer loop
      vertex 2.886035707349371 0.28424970695572577 7.3999999999999995
      vertex 2.8284271247461903 2.8284271247461903 7.3999999999999995
      vertex 2.844277313169368 0.5657619338467719 7.3999999999999995
    endloop
  endfacet
  facet normal 0 0 1
    outer loop
      vertex 2.844277313169368 0.5657619338467719 7.3999999999999995
      vertex 2.8284271247461903 2.8284271247461903 7.3999999999999995
      vertex 2.7751269736234057 0.8418255640379407 7.3999999999999995
    endloop
  endfacet
  facet normal 0 0 1
    outer loop
      vertex 2.6792506442827313 1.1097819538587603 7.3999999999999995
      vertex 2.537573136654582 3.092041813450948 7.3999999999999995
      vertex 2.5575716666102295 1.3670505367953931 7.3999999999999995
    endloop
  endfacet
  facet normal 0 0 1
    outer loop
      vertex 2.7751269736234057 0.8418255640379407 7.3999999999999995
      vertex 2.8284271247461903 2.8284271247461903 7.3999999999999995
      vertex 2.6792506442827313 1.1097819538587603 7.3999999999999995
    endloop
  endfacet
  facet normal 0 0 1
    outer loop
      vertex 3.092041813450948 -2.537573136654582 7.3999999999999995
      vertex 3.092041813450948 2.537573136654582 7.3999999999999995
      vertex 2.8284271247461903 2.8284271247461903 7.3999999999999995
    endloop
  endfacet
  facet normal 0 0 1
    outer loop
      vertex 3.325878449210181 -2.2222809320784087 7.3999999999999995
      vertex 3.325878449210181 2.2222809320784087 7.3999999999999995
      vertex 3.092041813450948 2.537573136654582 7.3999999999999995
    endloop
  endfacet
  facet normal 0 0 1
    outer loop
      vertex 3.52768505739342 -1.8855869473039906 7.3999999999999995
      vertex 3.52768505739342 1.8855869473039906 7.3999999999999995
      vertex 3.325878449210181 2.2222809320784087 7.3999999999999995
    endloop
  endfacet
  facet normal 0 0 1
    outer loop
      vertex 3.9807389066887877 -0.3920685613182424 7.3999999999999995
      vertex 4 0 7.3999999999999995
      vertex 3.9807389066887877 0.3920685613182424 7.3999999999999995
    endloop
  endfacet
  facet normal 0.9987954562051724 0.049067674327417585 0
    outer loop
      vertex 3.9807389066887877 0.3920685613182424 6.6
      vertex 3.9807389066887877 0.3920685613182424 7.3999999999999995
      vertex 4 0 7.3999999999999995
    endloop
  endfacet
  facet normal 0 0 1
    outer loop
      vertex 3.9807389066887877 -0.3920685613182424 7.3999999999999995
      vertex 3.9807389066887877 0.3920685613182424 7.3999999999999995
      vertex 3.9231411216129217 0.780361288064513 7.3999999999999995
    endloop
  endfacet
  facet normal 0 0 1
    outer loop
      vertex 3.9231411216129217 -0.780361288064513 7.3999999999999995
      vertex 3.9231411216129217 0.780361288064513 7.3999999999999995
      vertex 3.8277613429288353 1.1611387090178493 7.3999999999999995
    endloop
  endfacet
  facet normal 0 0 1
    outer loop
      vertex 3.695518130045147 -1.5307337294603591 7.3999999999999995
      vertex 3.695518130045147 1.5307337294603591 7.3999999999999995
      vertex 3.52768505739342 1.8855869473039906 7.3999999999999995
    endloop
  endfacet
  facet normal 0.9891765099647809 0.14673047445536241 0
    outer loop
      vertex 3.9231411216129217 0.780361288064513 6.6
      vertex 3.9231411216129217 0.780361288064513 7.3999999999999995
      vertex 3.9807389066887877 0.3920685613182424 7.3999999999999995
    endloop
  endfacet
  facet normal 0 0 1
    outer loop
      vertex 3.8277613429288353 -1.1611387090178493 7.3999999999999995
      vertex 3.8277613429288353 1.1611387090178493 7.3999999999999995
      vertex 3.695518130045147 1.5307337294603591 7.3999999999999995
    endloop
  endfacet
  facet normal 0.9415440651830209 0.3368898533922197 0
    outer loop
      vertex 3.695518130045147 1.5307337294603591 6.6
      vertex 3.695518130045147 1.5307337294603591 7.3999999999999995
      vertex 3.8277613429288353 1.1611387090178493 7.3999999999999995
    endloop
  endfacet
  facet normal 0.970031253194544 0.24298017990326412 0
    outer loop
      vertex 3.8277613429288353 1.1611387090178493 6.6
      vertex 3.8277613429288353 1.1611387090178493 7.3999999999999995
      vertex 3.9231411216129217 0.780361288064513 7.3999999999999995
    endloop
  endfacet
  facet normal 0.9039892931234436 0.4275550934302819 0
    outer loop
      vertex 3.52768505739342 1.8855869473039906 6.6
      vertex 3.52768505739342 1.8855869473039906 7.3999999999999995
      vertex 3.695518130045147 1.5307337294603591 7.3999999999999995
    endloop
  endfacet
  facet normal 0 0 -1
    outer loop
      vertex 2.2222809320784087 1.4438392447375725 6.6
      vertex 2.1540255309382625 1.9365078410714232 6.6
      vertex 2.2222809320784087 3.325878449210181 6.6
    endloop
  endfacet
  facet normal 0 0 -1
    outer loop
      vertex 2.2222809320784087 1.4438392447375725 6.6
      vertex 2.537573136654582 3.092041813450948 6.6
      vertex 2.4607643837603526 1.5285637305968252 6.6
    endloop
  endfacet
  facet normal 0 0 -1
    outer loop
      vertex 1.8855869473039906 3.52768505739342 6.6
      vertex 2.2222809320784087 3.325878449210181 6.6
      vertex 2.1540255309382625 1.9365078410714232 6.6
    endloop
  endfacet
  facet normal 0 0 -1
    outer loop
      vertex 2.2222809320784087 1.4438392447375725 6.6
      vertex 2.2222809320784087 3.325878449210181 6.6
      vertex 2.537573136654582 3.092041813450948 6.6
    endloop
  endfacet
  facet normal 0 0 -1
    outer loop
      vertex 2.537573136654582 0.9599711077358735 6.6
      vertex 2.537573136654582 3.092041813450948 6.6
      vertex 2.8284271247461903 2.8284271247461903 6.6
    endloop
  endfacet
  facet normal 0 0 -1
    outer loop
      vertex 2.537573136654582 0.9599711077358735 6.6
      vertex 2.8284271247461903 2.8284271247461903 6.6
      vertex 3.092041813450948 2.537573136654582 6.6
    endloop
  endfacet
  facet normal 0.595699304492433 0.8032075314806453 0
    outer loop
      vertex 2.2222809320784087 3.325878449210181 6.6
      vertex 2.2222809320784087 3.325878449210181 7.3999999999999995
      vertex 2.537573136654582 3.092041813450948 6.6
    endloop
  endfacet
  facet normal 0.6715589548470181 0.7409511253549594 -2.0626064476563033e-17
    outer loop
      vertex 2.8284271247461903 2.8284271247461903 6.6
      vertex 2.537573136654582 3.092041813450948 6.6
      vertex 2.537573136654582 3.092041813450948 7.3999999999999995
    endloop
  endfacet
  facet normal 0.8032075314806453 0.595699304492433 0
    outer loop
      vertex 3.325878449210181 2.2222809320784087 6.6
      vertex 3.092041813450948 2.537573136654582 6.6
      vertex 3.325878449210181 2.2222809320784087 7.3999999999999995
    endloop
  endfacet
  facet normal 0.7409511253549594 0.6715589548470181 -2.0626064476563033e-17
    outer loop
      vertex 2.8284271247461903 2.8284271247461903 6.6
      vertex 3.092041813450948 2.537573136654582 7.3999999999999995
      vertex 3.092041813450948 2.537573136654582 6.6
    endloop
  endfacet
  facet normal 0 0 1
    outer loop
      vertex 2.2417303147519374 1.839740524074572 7.3999999999999995
      vertex 2.2222809320784087 3.325878449210181 7.3999999999999995
      vertex 2.0506096654409878 2.0506096654409878 7.3999999999999995
    endloop
  endfacet
  facet normal 0 0 1
    outer loop
      vertex 2.2417303147519374 1.839740524074572 7.3999999999999995
      vertex 2.411261875677381 1.6111536757568463 7.3999999999999995
      vertex 2.2222809320784087 3.325878449210181 7.3999999999999995
    endloop
  endfacet
  facet normal 0 0 1
    outer loop
      vertex 1.8855869473039906 3.52768505739342 7.3999999999999995
      vertex 2.0506096654409878 2.0506096654409878 7.3999999999999995
      vertex 2.2222809320784087 3.325878449210181 7.3999999999999995
    endloop
  endfacet
  facet normal 0 0 1
    outer loop
      vertex 2.411261875677381 1.6111536757568463 7.3999999999999995
      vertex 2.537573136654582 3.092041813450948 7.3999999999999995
      vertex 2.2222809320784087 3.325878449210181 7.3999999999999995
    endloop
  endfacet
  facet normal 0 0 1
    outer loop
      vertex 2.411261875677381 1.6111536757568463 7.3999999999999995
      vertex 2.5575716666102295 1.3670505367953931 7.3999999999999995
      vertex 2.537573136654582 3.092041813450948 7.3999999999999995
    endloop
  endfacet
  facet normal 0 0 1
    outer loop
      vertex 2.6792506442827313 1.1097819538587603 7.3999999999999995
      vertex 2.8284271247461903 2.8284271247461903 7.3999999999999995
      vertex 2.537573136654582 3.092041813450948 7.3999999999999995
    endloop
  endfacet
  facet normal 0.6715589548470181 0.7409511253549594 0
    outer loop
      vertex 2.8284271247461903 2.8284271247461903 6.6
      vertex 2.537573136654582 3.092041813450948 7.3999999999999995
      vertex 2.8284271247461903 2.8284271247461903 7.3999999999999995
    endloop
  endfacet
  facet normal 0.7409511253549594 0.6715589548470181 0
    outer loop
      vertex 2.8284271247461903 2.8284271247461903 6.6
      vertex 2.8284271247461903 2.8284271247461903 7.3999999999999995
      vertex 3.092041813450948 2.537573136654582 7.3999999999999995
    endloop
  endfacet
  facet normal 0.5141027441932221 0.8577286100002718 7.011947377000148e-18
    outer loop
      vertex 1.8855869473039906 3.52768505739342 7.3999999999999995
      vertex 2.2222809320784087 3.325878449210181 7.3999999999999995
      vertex 2.2222809320784087 3.325878449210181 6.6
    endloop
  endfacet
  facet normal 0.595699304492433 0.8032075314806453 0
    outer loop
      vertex 2.537573136654582 3.092041813450948 6.6
      vertex 2.2222809320784087 3.325878449210181 7.3999999999999995
      vertex 2.537573136654582 3.092041813450948 7.3999999999999995
    endloop
  endfacet
  facet normal 0.8032075314806453 0.595699304492433 0
    outer loop
      vertex 3.092041813450948 2.537573136654582 6.6
      vertex 3.092041813450948 2.537573136654582 7.3999999999999995
      vertex 3.325878449210181 2.2222809320784087 7.3999999999999995
    endloop
  endfacet
  facet normal 0.8577286100002718 0.5141027441932221 7.011947377000148e-18
    outer loop
      vertex 3.52768505739342 1.8855869473039906 7.3999999999999995
      vertex 3.325878449210181 2.2222809320784087 6.6
      vertex 3.325878449210181 2.2222809320784087 7.3999999999999995
    endloop
  endfacet
  facet normal 0 0 -1
    outer loop
      vertex -0.7846282243225844 -0.1560722576129026 0
      vertex -0.7961477813377575 -0.07841371226364849 0
      vertex -0.7846282243225844 0.1560722576129026 0
    endloop
  endfacet
  facet normal 0 0 -1
    outer loop
      vertex -0.7655522685857671 -0.23222774180356986 0
      vertex -0.7846282243225844 -0.1560722576129026 0
      vertex -0.7655522685857671 0.23222774180356986 0
    endloop
  endfacet
  facet normal 0 0 -1
    outer loop
      vertex -0.7055370114786841 -0.37711738946079815 0
      vertex -0.6651756898420362 0.44445618641568174 0
      vertex -0.6651756898420362 -0.44445618641568174 0
    endloop
  endfacet
  facet normal 0 0 -1
    outer loop
      vertex -0.6184083626901896 -0.5075146273309165 0
      vertex -0.6651756898420362 -0.44445618641568174 0
      vertex -0.6184083626901896 0.5075146273309165 0
    endloop
  endfacet
  facet normal 0 0 -1
    outer loop
      vertex -0.7655522685857671 -0.23222774180356986 0
      vertex -0.7391036260090295 0.30614674589207186 0
      vertex -0.7391036260090295 -0.30614674589207186 0
    endloop
  endfacet
  facet normal 0 0 -1
    outer loop
      vertex -0.7055370114786841 -0.37711738946079815 0
      vertex -0.7391036260090295 -0.30614674589207186 0
      vertex -0.7055370114786841 0.37711738946079815 0
    endloop
  endfacet
  facet normal 0 0 -1
    outer loop
      vertex -0.5656854249492381 -0.5656854249492381 0
      vertex -0.6184083626901896 -0.5075146273309165 0
      vertex -0.5656854249492381 0.5656854249492381 0
    endloop
  endfacet
  facet normal 0 0 -1
    outer loop
      vertex -0.5656854249492381 -0.5656854249492381 0
      vertex -0.5075146273309165 0.6184083626901896 0
      vertex -0.5075146273309165 -0.6184083626901896 0
    endloop
  endfacet
  facet normal 0 0 -1
    outer loop
      vertex -0.5075146273309165 -0.6184083626901896 0
      vertex -0.44445618641568174 0.6651756898420362 0
      vertex -0.44445618641568174 -0.6651756898420362 0
    endloop
  endfacet
  facet normal 0 0 -1
    outer loop
      vertex -0.44445618641568174 -0.6651756898420362 0
      vertex -0.37711738946079815 0.7055370114786841 0
      vertex -0.37711738946079815 -0.7055370114786841 0
    endloop
  endfacet
  facet normal 0 0 -1
    outer loop
      vertex -0.37711738946079815 -0.7055370114786841 0
      vertex -0.30614674589207186 0.7391036260090295 0
      vertex -0.30614674589207186 -0.7391036260090295 0
    endloop
  endfacet
  facet normal 0 0 -1
    outer loop
      vertex -0.30614674589207186 -0.7391036260090295 0
      vertex -0.23222774180356986 0.7655522685857671 0
      vertex -0.23222774180356986 -0.7655522685857671 0
    endloop
  endfacet
  facet normal 0 0 -1
    outer loop
      vertex -0.23222774180356986 -0.7655522685857671 0
      vertex -0.1560722576129026 0.7846282243225844 0
      vertex -0.1560722576129026 -0.7846282243225844 0
    endloop
  endfacet
  facet normal 0 0 -1
    outer loop
      vertex -0.1560722576129026 -0.7846282243225844 0
      vertex -0.07841371226364849 0.7961477813377575 0
      vertex -0.07841371226364849 -0.7961477813377575 0
    endloop
  endfacet
  facet normal 0 0 -1
    outer loop
      vertex -0.07841371226364849 -0.7961477813377575 0
      vertex 0 0.8 0
      vertex 0 -0.8 0
    endloop
  endfacet
  facet normal -0.7409511253549598 -0.6715589548470177 -1.6800769761429894e-19
    outer loop
      vertex -0.5656854249492381 -0.5656854249492381 0
      vertex -0.6184083626901896 -0.5075146273309165 6.6
      vertex -0.6184083626901896 -0.5075146273309165 0
    endloop
  endfacet
  facet normal -0.6715589548470177 -0.7409511253549598 -1.6800769761429894e-19
    outer loop
      vertex -0.5656854249492381 -0.5656854249492381 0
      vertex -0.5075146273309165 -0.6184083626901896 0
      vertex -0.5075146273309165 -0.6184083626901896 6.6
    endloop
  endfacet
  facet normal -0.9415440651830211 -0.33688985339221905 0
    outer loop
      vertex -0.7655522685857671 -0.23222774180356986 0
      vertex -0.7391036260090295 -0.30614674589207186 0
      vertex -0.7655522685857671 -0.23222774180356986 6.6
    endloop
  endfacet
  facet normal -0.9700312531945439 -0.24298017990326448 2.148866434204655e-20
    outer loop
      vertex -0.7655522685857671 -0.23222774180356986 0
      vertex -0.7846282243225844 -0.1560722576129026 6.6
      vertex -0.7846282243225844 -0.1560722576129026 0
    endloop
  endfacet
  facet normal -0.9891765099647809 -0.14673047445536183 7.227477235549422e-20
    outer loop
      vertex -0.7846282243225844 -0.1560722576129026 0
      vertex -0.7961477813377575 -0.07841371226364849 6.6
      vertex -0.7961477813377575 -0.07841371226364849 0
    endloop
  endfacet
  facet normal -0.9987954562051724 -0.04906767432741815 -2.0094522558939257e-20
    outer loop
      vertex -0.7961477813377575 -0.07841371226364849 0
      vertex -0.8 0 6.6
      vertex -0.8 0 0
    endloop
  endfacet
  facet normal -0.8577286100002717 -0.5141027441932222 0
    outer loop
      vertex -0.7055370114786841 -0.37711738946079815 0
      vertex -0.6651756898420362 -0.44445618641568174 0
      vertex -0.7055370114786841 -0.37711738946079815 6.6
    endloop
  endfacet
  facet normal -0.8032075314806454 -0.5956993044924327 1.6237779288969563e-19
    outer loop
      vertex -0.6184083626901896 -0.5075146273309165 0
      vertex -0.6651756898420362 -0.44445618641568174 6.6
      vertex -0.6651756898420362 -0.44445618641568174 0
    endloop
  endfacet
  facet normal -0.9039892931234433 -0.42755509343028203 7.639868978285634e-20
    outer loop
      vertex -0.7055370114786841 -0.37711738946079815 0
      vertex -0.7391036260090295 -0.30614674589207186 6.6
      vertex -0.7391036260090295 -0.30614674589207186 0
    endloop
  endfacet
  facet normal -0.33688985339221905 -0.9415440651830211 -3.9224471158586676e-19
    outer loop
      vertex -0.30614674589207186 -0.7391036260090295 0
      vertex -0.23222774180356986 -0.7655522685857671 0
      vertex -0.23222774180356986 -0.7655522685857671 6.6
    endloop
  endfacet
  facet normal -0.5956993044924327 -0.8032075314806454 1.6237779288969563e-19
    outer loop
      vertex -0.5075146273309165 -0.6184083626901896 0
      vertex -0.44445618641568174 -0.6651756898420362 0
      vertex -0.44445618641568174 -0.6651756898420362 6.6
    endloop
  endfacet
  facet normal -0.5141027441932222 -0.8577286100002717 -4.7835748306070176e-20
    outer loop
      vertex -0.44445618641568174 -0.6651756898420362 0
      vertex -0.37711738946079815 -0.7055370114786841 0
      vertex -0.37711738946079815 -0.7055370114786841 6.6
    endloop
  endfacet
  facet normal -0.42755509343028203 -0.9039892931234433 7.639868978285634e-20
    outer loop
      vertex -0.37711738946079815 -0.7055370114786841 0
      vertex -0.30614674589207186 -0.7391036260090295 0
      vertex -0.30614674589207186 -0.7391036260090295 6.6
    endloop
  endfacet
  facet normal -0.24298017990326448 -0.9700312531945439 2.148866434204655e-20
    outer loop
      vertex -0.23222774180356986 -0.7655522685857671 0
      vertex -0.1560722576129026 -0.7846282243225844 0
      vertex -0.1560722576129026 -0.7846282243225844 6.6
    endloop
  endfacet
  facet normal -0.14673047445536183 -0.9891765099647809 7.227477235549422e-20
    outer loop
      vertex -0.1560722576129026 -0.7846282243225844 0
      vertex -0.07841371226364849 -0.7961477813377575 0
      vertex -0.07841371226364849 -0.7961477813377575 6.6
    endloop
  endfacet
  facet normal -0.04906767432741815 -0.9987954562051724 -2.0094522558939257e-20
    outer loop
      vertex -0.07841371226364849 -0.7961477813377575 0
      vertex 0 -0.8 0
      vertex 0 -0.8 6.6
    endloop
  endfacet
  facet normal -0.7409511253549601 -0.6715589548470173 -5.913566840940616e-18
    outer loop
      vertex -0.5656854249492381 -0.5656854249492381 0
      vertex -0.6128628998330814 -0.5136331027304806 6.6
      vertex -0.6184083626901896 -0.5075146273309165 6.6
    endloop
  endfacet
  facet normal -0.7409511253549597 -0.6715589548470178 0
    outer loop
      vertex -0.5656854249492381 -0.5656854249492381 0
      vertex -0.5656854249492381 -0.5656854249492381 6.6
      vertex -0.6128628998330814 -0.5136331027304806 6.6
    endloop
  endfacet
  facet normal -0.6715589548470177 -0.7409511253549598 0
    outer loop
      vertex -0.5656854249492381 -0.5656854249492381 0
      vertex -0.5075146273309165 -0.6184083626901896 6.6
      vertex -0.5656854249492381 -0.5656854249492381 6.6
    endloop
  endfacet
  facet normal -0.9700312531945439 -0.24298017990326448 0
    outer loop
      vertex -0.7655522685857671 -0.23222774180356986 0
      vertex -0.7655522685857671 -0.23222774180356986 6.6
      vertex -0.7846282243225844 -0.1560722576129026 6.6
    endloop
  endfacet
  facet normal -0.9891765099647809 -0.14673047445536183 0
    outer loop
      vertex -0.7846282243225844 -0.1560722576129026 0
      vertex -0.7846282243225844 -0.1560722576129026 6.6
      vertex -0.7961477813377575 -0.07841371226364849 6.6
    endloop
  endfacet
  facet normal -0.9987954562051724 -0.04906767432741815 0
    outer loop
      vertex -0.7961477813377575 -0.07841371226364849 0
      vertex -0.7961477813377575 -0.07841371226364849 6.6
      vertex -0.8 0 6.6
    endloop
  endfacet
  facet normal -0.8032075314806456 -0.5956993044924324 0
    outer loop
      vertex -0.6184083626901896 -0.5075146273309165 0
      vertex -0.6184083626901896 -0.5075146273309165 6.6
      vertex -0.6630267240207729 -0.4473537314010731 6.6
    endloop
  endfacet
  facet normal -0.8032075314806398 -0.5956993044924401 1.1948869616478568e-16
    outer loop
      vertex -0.6184083626901896 -0.5075146273309165 0
      vertex -0.6630267240207729 -0.4473537314010731 6.6
      vertex -0.6651756898420362 -0.44445618641568174 6.6
    endloop
  endfacet
  facet normal -0.8577286100002717 -0.5141027441932222 0
    outer loop
      vertex -0.6651756898420362 -0.44445618641568174 0
      vertex -0.6651756898420362 -0.44445618641568174 6.6
      vertex -0.7055370114786841 -0.37711738946079815 6.6
    endloop
  endfacet
  facet normal -0.9039892931234433 -0.42755509343028203 0
    outer loop
      vertex -0.7055370114786841 -0.37711738946079815 0
      vertex -0.7055370114786841 -0.37711738946079815 6.6
      vertex -0.7391036260090295 -0.30614674589207186 6.6
    endloop
  endfacet
  facet normal -0.9415440651830211 -0.33688985339221905 0
    outer loop
      vertex -0.7391036260090295 -0.30614674589207186 0
      vertex -0.7391036260090295 -0.30614674589207186 6.6
      vertex -0.7655522685857671 -0.23222774180356986 6.6
    endloop
  endfacet
  facet normal -0.5956993044924327 -0.8032075314806454 0
    outer loop
      vertex -0.5075146273309165 -0.6184083626901896 0
      vertex -0.44445618641568174 -0.6651756898420362 6.6
      vertex -0.5075146273309165 -0.6184083626901896 6.6
    endloop
  endfacet
  facet normal -0.5141027441932235 -0.857728610000271 1.8151846416579388e-17
    outer loop
      vertex -0.44445618641568174 -0.6651756898420362 0
      vertex -0.37711738946079815 -0.7055370114786841 6.6
      vertex -0.3920685613182424 -0.6965756239358176 6.6
    endloop
  endfacet
  facet normal -0.5141027441932219 -0.857728610000272 0
    outer loop
      vertex -0.44445618641568174 -0.6651756898420362 0
      vertex -0.3920685613182424 -0.6965756239358176 6.6
      vertex -0.44445618641568174 -0.6651756898420362 6.6
    endloop
  endfacet
  facet normal -0.4275550934302815 -0.9039892931234437 0
    outer loop
      vertex -0.37711738946079815 -0.7055370114786841 0
      vertex -0.33031119733384634 -0.7276746916483339 6.6
      vertex -0.37711738946079815 -0.7055370114786841 6.6
    endloop
  endfacet
  facet normal -0.42755509343028314 -0.9039892931234428 1.484639026846365e-17
    outer loop
      vertex -0.37711738946079815 -0.7055370114786841 0
      vertex -0.30614674589207186 -0.7391036260090295 6.6
      vertex -0.33031119733384634 -0.7276746916483339 6.6
    endloop
  endfacet
  facet normal -0.33688985339221905 -0.9415440651830211 0
    outer loop
      vertex -0.30614674589207186 -0.7391036260090295 0
      vertex -0.23222774180356986 -0.7655522685857671 6.6
      vertex -0.30614674589207186 -0.7391036260090295 6.6
    endloop
  endfacet
  facet normal -0.24298017990326448 -0.9700312531945439 0
    outer loop
      vertex -0.23222774180356986 -0.7655522685857671 0
      vertex -0.1560722576129026 -0.7846282243225844 6.6
      vertex -0.23222774180356986 -0.7655522685857671 6.6
    endloop
  endfacet
  facet normal -0.14673047445536183 -0.9891765099647809 0
    outer loop
      vertex -0.1560722576129026 -0.7846282243225844 0
      vertex -0.07841371226364849 -0.7961477813377575 6.6
      vertex -0.1560722576129026 -0.7846282243225844 6.6
    endloop
  endfacet
  facet normal -0.04906767432741815 -0.9987954562051724 0
    outer loop
      vertex -0.07841371226364849 -0.7961477813377575 0
      vertex 0 -0.8 6.6
      vertex -0.07841371226364849 -0.7961477813377575 6.6
    endloop
  endfacet
  facet normal 0 0 -1
    outer loop
      vertex -0.7961477813377575 -0.07841371226364849 0
      vertex -0.8 0 0
      vertex -0.7961477813377575 0.07841371226364849 0
    endloop
  endfacet
  facet normal 0 0 -1
    outer loop
      vertex -0.7961477813377575 -0.07841371226364849 0
      vertex -0.7961477813377575 0.07841371226364849 0
      vertex -0.7846282243225844 0.1560722576129026 0
    endloop
  endfacet
  facet normal 0 0 -1
    outer loop
      vertex -0.7846282243225844 -0.1560722576129026 0
      vertex -0.7846282243225844 0.1560722576129026 0
      vertex -0.7655522685857671 0.23222774180356986 0
    endloop
  endfacet
  facet normal 0 0 -1
    outer loop
      vertex -0.7655522685857671 -0.23222774180356986 0
      vertex -0.7655522685857671 0.23222774180356986 0
      vertex -0.7391036260090295 0.30614674589207186 0
    endloop
  endfacet
  facet normal 0 0 -1
    outer loop
      vertex -0.7391036260090295 -0.30614674589207186 0
      vertex -0.7391036260090295 0.30614674589207186 0
      vertex -0.7055370114786841 0.37711738946079815 0
    endloop
  endfacet
  facet normal 0 0 -1
    outer loop
      vertex -0.7055370114786841 -0.37711738946079815 0
      vertex -0.7055370114786841 0.37711738946079815 0
      vertex -0.6651756898420362 0.44445618641568174 0
    endloop
  endfacet
  facet normal 0 0 -1
    outer loop
      vertex -0.6651756898420362 -0.44445618641568174 0
      vertex -0.6651756898420362 0.44445618641568174 0
      vertex -0.6184083626901896 0.5075146273309165 0
    endloop
  endfacet
  facet normal 0 0 -1
    outer loop
      vertex -0.6184083626901896 -0.5075146273309165 0
      vertex -0.6184083626901896 0.5075146273309165 0
      vertex -0.5656854249492381 0.5656854249492381 0
    endloop
  endfacet
  facet normal 0 0 -1
    outer loop
      vertex -0.5656854249492381 -0.5656854249492381 0
      vertex -0.5656854249492381 0.5656854249492381 0
      vertex -0.5075146273309165 0.6184083626901896 0
    endloop
  endfacet
  facet normal 0 0 -1
    outer loop
      vertex -0.5075146273309165 -0.6184083626901896 0
      vertex -0.5075146273309165 0.6184083626901896 0
      vertex -0.44445618641568174 0.6651756898420362 0
    endloop
  endfacet
  facet normal 0 0 -1
    outer loop
      vertex -0.44445618641568174 -0.6651756898420362 0
      vertex -0.44445618641568174 0.6651756898420362 0
      vertex -0.37711738946079815 0.7055370114786841 0
    endloop
  endfacet
  facet normal 0 0 -1
    outer loop
      vertex -0.37711738946079815 -0.7055370114786841 0
      vertex -0.37711738946079815 0.7055370114786841 0
      vertex -0.30614674589207186 0.7391036260090295 0
    endloop
  endfacet
  facet normal 0 0 -1
    outer loop
      vertex -0.30614674589207186 -0.7391036260090295 0
      vertex -0.30614674589207186 0.7391036260090295 0
      vertex -0.23222774180356986 0.7655522685857671 0
    endloop
  endfacet
  facet normal 0 0 -1
    outer loop
      vertex -0.23222774180356986 -0.7655522685857671 0
      vertex -0.23222774180356986 0.7655522685857671 0
      vertex -0.1560722576129026 0.7846282243225844 0
    endloop
  endfacet
  facet normal 0 0 -1
    outer loop
      vertex -0.1560722576129026 -0.7846282243225844 0
      vertex -0.1560722576129026 0.7846282243225844 0
      vertex -0.07841371226364849 0.7961477813377575 0
    endloop
  endfacet
  facet normal 0 0 -1
    outer loop
      vertex -0.07841371226364849 -0.7961477813377575 0
      vertex -0.07841371226364849 0.7961477813377575 0
      vertex 0 0.8 0
    endloop
  endfacet
  facet normal -0.9987954562051724 0.04906767432741815 2.0094522558939257e-20
    outer loop
      vertex -0.8 0 0
      vertex -0.7961477813377575 0.07841371226364849 6.6
      vertex -0.7961477813377575 0.07841371226364849 0
    endloop
  endfacet
  facet normal -0.9891765099647809 0.14673047445536183 -7.227477235549422e-20
    outer loop
      vertex -0.7961477813377575 0.07841371226364849 0
      vertex -0.7846282243225844 0.1560722576129026 6.6
      vertex -0.7846282243225844 0.1560722576129026 0
    endloop
  endfacet
  facet normal -0.9700312531945439 0.24298017990326448 -2.148866434204655e-20
    outer loop
      vertex -0.7846282243225844 0.1560722576129026 0
      vertex -0.7655522685857671 0.23222774180356986 6.6
      vertex -0.7655522685857671 0.23222774180356986 0
    endloop
  endfacet
  facet normal -0.9415440651830211 0.33688985339221905 3.9224471158586676e-19
    outer loop
      vertex -0.7655522685857671 0.23222774180356986 0
      vertex -0.7391036260090295 0.30614674589207186 6.6
      vertex -0.7391036260090295 0.30614674589207186 0
    endloop
  endfacet
  facet normal -0.9039892931234433 0.42755509343028203 -7.639868978285634e-20
    outer loop
      vertex -0.7391036260090295 0.30614674589207186 0
      vertex -0.7055370114786841 0.37711738946079815 6.6
      vertex -0.7055370114786841 0.37711738946079815 0
    endloop
  endfacet
  facet normal -0.8577286100002717 0.5141027441932222 4.7835748306070176e-20
    outer loop
      vertex -0.7055370114786841 0.37711738946079815 0
      vertex -0.6651756898420362 0.44445618641568174 6.6
      vertex -0.6651756898420362 0.44445618641568174 0
    endloop
  endfacet
  facet normal -0.8032075314806454 0.5956993044924327 -1.6237779288969563e-19
    outer loop
      vertex -0.6651756898420362 0.44445618641568174 0
      vertex -0.6184083626901896 0.5075146273309165 6.6
      vertex -0.6184083626901896 0.5075146273309165 0
    endloop
  endfacet
  facet normal -0.7409511253549598 0.6715589548470177 1.6800769761429894e-19
    outer loop
      vertex -0.6184083626901896 0.5075146273309165 0
      vertex -0.5656854249492381 0.5656854249492381 6.6
      vertex -0.5656854249492381 0.5656854249492381 0
    endloop
  endfacet
  facet normal -0.6715589548470177 0.7409511253549598 0
    outer loop
      vertex -0.5656854249492381 0.5656854249492381 0
      vertex -0.5656854249492381 0.5656854249492381 6.6
      vertex -0.5075146273309165 0.6184083626901896 0
    endloop
  endfacet
  facet normal -0.5956993044924327 0.8032075314806454 0
    outer loop
      vertex -0.5075146273309165 0.6184083626901896 0
      vertex -0.5075146273309165 0.6184083626901896 6.6
      vertex -0.44445618641568174 0.6651756898420362 0
    endloop
  endfacet
  facet normal -0.5141027441932222 0.8577286100002717 0
    outer loop
      vertex -0.44445618641568174 0.6651756898420362 0
      vertex -0.44445618641568174 0.6651756898420362 6.6
      vertex -0.37711738946079815 0.7055370114786841 0
    endloop
  endfacet
  facet normal -0.42755509343028203 0.9039892931234433 0
    outer loop
      vertex -0.37711738946079815 0.7055370114786841 0
      vertex -0.37711738946079815 0.7055370114786841 6.6
      vertex -0.30614674589207186 0.7391036260090295 0
    endloop
  endfacet
  facet normal -0.33688985339221905 0.9415440651830211 0
    outer loop
      vertex -0.30614674589207186 0.7391036260090295 0
      vertex -0.30614674589207186 0.7391036260090295 6.6
      vertex -0.23222774180356986 0.7655522685857671 0
    endloop
  endfacet
  facet normal -0.24298017990326448 0.9700312531945439 0
    outer loop
      vertex -0.23222774180356986 0.7655522685857671 0
      vertex -0.23222774180356986 0.7655522685857671 6.6
      vertex -0.1560722576129026 0.7846282243225844 0
    endloop
  endfacet
  facet normal -0.14673047445536183 0.9891765099647809 0
    outer loop
      vertex -0.1560722576129026 0.7846282243225844 0
      vertex -0.1560722576129026 0.7846282243225844 6.6
      vertex -0.07841371226364849 0.7961477813377575 0
    endloop
  endfacet
  facet normal -0.04906767432741815 0.9987954562051724 0
    outer loop
      vertex -0.07841371226364849 0.7961477813377575 0
      vertex -0.07841371226364849 0.7961477813377575 6.6
      vertex 0 0.8 0
    endloop
  endfacet
  facet normal -0.9987954562051724 0.04906767432741815 0
    outer loop
      vertex -0.8 0 0
      vertex -0.8 0 6.6
      vertex -0.7961477813377575 0.07841371226364849 6.6
    endloop
  endfacet
  facet normal -0.9891765099647809 0.14673047445536183 0
    outer loop
      vertex -0.7961477813377575 0.07841371226364849 0
      vertex -0.7961477813377575 0.07841371226364849 6.6
      vertex -0.7846282243225844 0.1560722576129026 6.6
    endloop
  endfacet
  facet normal -0.9700312531945439 0.24298017990326448 0
    outer loop
      vertex -0.7846282243225844 0.1560722576129026 0
      vertex -0.7846282243225844 0.1560722576129026 6.6
      vertex -0.7655522685857671 0.23222774180356986 6.6
    endloop
  endfacet
  facet normal -0.9415440651830211 0.33688985339221905 0
    outer loop
      vertex -0.7655522685857671 0.23222774180356986 0
      vertex -0.7655522685857671 0.23222774180356986 6.6
      vertex -0.7391036260090295 0.30614674589207186 6.6
    endloop
  endfacet
  facet normal -0.9039892931234433 0.42755509343028203 0
    outer loop
      vertex -0.7391036260090295 0.30614674589207186 0
      vertex -0.7391036260090295 0.30614674589207186 6.6
      vertex -0.7055370114786841 0.37711738946079815 6.6
    endloop
  endfacet
  facet normal -0.8577286100002717 0.5141027441932222 0
    outer loop
      vertex -0.7055370114786841 0.37711738946079815 0
      vertex -0.7055370114786841 0.37711738946079815 6.6
      vertex -0.6651756898420362 0.44445618641568174 6.6
    endloop
  endfacet
  facet normal -0.8032075314806454 0.5956993044924327 0
    outer loop
      vertex -0.6651756898420362 0.44445618641568174 0
      vertex -0.6651756898420362 0.44445618641568174 6.6
      vertex -0.6184083626901896 0.5075146273309165 6.6
    endloop
  endfacet
  facet normal -0.7409511253549598 0.6715589548470177 0
    outer loop
      vertex -0.6184083626901896 0.5075146273309165 0
      vertex -0.6184083626901896 0.5075146273309165 6.6
      vertex -0.5656854249492381 0.5656854249492381 6.6
    endloop
  endfacet
  facet normal -0.6715589548470173 0.7409511253549601 5.913566840940616e-18
    outer loop
      vertex -0.5075146273309165 0.6184083626901896 0
      vertex -0.5656854249492381 0.5656854249492381 6.6
      vertex -0.559566949549674 0.5712308878063463 6.6
    endloop
  endfacet
  facet normal -0.6715589548470178 0.7409511253549597 0
    outer loop
      vertex -0.5075146273309165 0.6184083626901896 0
      vertex -0.559566949549674 0.5712308878063463 6.6
      vertex -0.5075146273309165 0.6184083626901896 6.6
    endloop
  endfacet
  facet normal -0.5956993044924327 0.8032075314806454 0
    outer loop
      vertex -0.44445618641568174 0.6651756898420362 0
      vertex -0.5075146273309165 0.6184083626901896 6.6
      vertex -0.44445618641568174 0.6651756898420362 6.6
    endloop
  endfacet
  facet normal -0.5141027441932221 0.8577286100002719 2.4922243204965184e-18
    outer loop
      vertex -0.37711738946079815 0.7055370114786841 0
      vertex -0.44445618641568174 0.6651756898420362 6.6
      vertex -0.39219934901325804 0.6964972328082158 6.6
    endloop
  endfacet
  facet normal -0.5141027441932229 0.8577286100002713 0
    outer loop
      vertex -0.37711738946079815 0.7055370114786841 0
      vertex -0.39219934901325804 0.6964972328082158 6.6
      vertex -0.37711738946079815 0.7055370114786841 6.6
    endloop
  endfacet
  facet normal -0.42755509343028203 0.9039892931234433 0
    outer loop
      vertex -0.30614674589207186 0.7391036260090295 0
      vertex -0.37711738946079815 0.7055370114786841 6.6
      vertex -0.30614674589207186 0.7391036260090295 6.6
    endloop
  endfacet
  facet normal -0.33688985339221905 0.9415440651830211 0
    outer loop
      vertex -0.23222774180356986 0.7655522685857671 0
      vertex -0.30614674589207186 0.7391036260090295 6.6
      vertex -0.23222774180356986 0.7655522685857671 6.6
    endloop
  endfacet
  facet normal -0.24298017990326448 0.9700312531945439 0
    outer loop
      vertex -0.1560722576129026 0.7846282243225844 0
      vertex -0.23222774180356986 0.7655522685857671 6.6
      vertex -0.1560722576129026 0.7846282243225844 6.6
    endloop
  endfacet
  facet normal -0.14673047445536183 0.9891765099647809 0
    outer loop
      vertex -0.07841371226364849 0.7961477813377575 0
      vertex -0.1560722576129026 0.7846282243225844 6.6
      vertex -0.07841371226364849 0.7961477813377575 6.6
    endloop
  endfacet
  facet normal -0.04906767432741815 0.9987954562051724 2.0094522558939257e-20
    outer loop
      vertex -0.07841371226364849 0.7961477813377575 6.6
      vertex 0 0.8 6.6
      vertex 0 0.8 0
    endloop
  endfacet
  facet normal 0 0 -1
    outer loop
      vertex 0 -0.8 0
      vertex 0.07841371226364849 0.7961477813377575 0
      vertex 0.07841371226364849 -0.7961477813377575 0
    endloop
  endfacet
  facet normal 0 0 -1
    outer loop
      vertex 0.07841371226364849 -0.7961477813377575 0
      vertex 0.1560722576129026 0.7846282243225844 0
      vertex 0.1560722576129026 -0.7846282243225844 0
    endloop
  endfacet
  facet normal 0 0 -1
    outer loop
      vertex 0.1560722576129026 -0.7846282243225844 0
      vertex 0.23222774180356986 0.7655522685857671 0
      vertex 0.23222774180356986 -0.7655522685857671 0
    endloop
  endfacet
  facet normal 0 0 -1
    outer loop
      vertex 0.23222774180356986 -0.7655522685857671 0
      vertex 0.30614674589207186 0.7391036260090295 0
      vertex 0.30614674589207186 -0.7391036260090295 0
    endloop
  endfacet
  facet normal 0 0 -1
    outer loop
      vertex 0.30614674589207186 -0.7391036260090295 0
      vertex 0.37711738946079815 0.7055370114786841 0
      vertex 0.37711738946079815 -0.7055370114786841 0
    endloop
  endfacet
  facet normal 0 0 -1
    outer loop
      vertex 0.37711738946079815 -0.7055370114786841 0
      vertex 0.44445618641568174 0.6651756898420362 0
      vertex 0.44445618641568174 -0.6651756898420362 0
    endloop
  endfacet
  facet normal 0 0 -1
    outer loop
      vertex 0.44445618641568174 -0.6651756898420362 0
      vertex 0.5075146273309165 0.6184083626901896 0
      vertex 0.5075146273309165 -0.6184083626901896 0
    endloop
  endfacet
  facet normal 0 0 -1
    outer loop
      vertex 0.5075146273309165 -0.6184083626901896 0
      vertex 0.5656854249492381 0.5656854249492381 0
      vertex 0.5656854249492381 -0.5656854249492381 0
    endloop
  endfacet
  facet normal 0 0 -1
    outer loop
      vertex 0.5656854249492381 -0.5656854249492381 0
      vertex 0.6184083626901896 0.5075146273309165 0
      vertex 0.6184083626901896 -0.5075146273309165 0
    endloop
  endfacet
  facet normal 0 0 -1
    outer loop
      vertex 0.6184083626901896 -0.5075146273309165 0
      vertex 0.6651756898420362 0.44445618641568174 0
      vertex 0.6651756898420362 -0.44445618641568174 0
    endloop
  endfacet
  facet normal 0 0 -1
    outer loop
      vertex 0.6651756898420362 -0.44445618641568174 0
      vertex 0.7055370114786841 0.37711738946079815 0
      vertex 0.7055370114786841 -0.37711738946079815 0
    endloop
  endfacet
  facet normal 0 0 -1
    outer loop
      vertex 0.7055370114786841 -0.37711738946079815 0
      vertex 0.7391036260090295 0.30614674589207186 0
      vertex 0.7391036260090295 -0.30614674589207186 0
    endloop
  endfacet
  facet normal 0 0 -1
    outer loop
      vertex 0.7391036260090295 -0.30614674589207186 0
      vertex 0.7655522685857671 0.23222774180356986 0
      vertex 0.7655522685857671 -0.23222774180356986 0
    endloop
  endfacet
  facet normal 0 0 -1
    outer loop
      vertex 0.7655522685857671 -0.23222774180356986 0
      vertex 0.7846282243225844 0.1560722576129026 0
      vertex 0.7846282243225844 -0.1560722576129026 0
    endloop
  endfacet
  facet normal 0 0 -1
    outer loop
      vertex 0.7846282243225844 -0.1560722576129026 0
      vertex 0.7961477813377575 0.07841371226364849 0
      vertex 0.7961477813377575 -0.07841371226364849 0
    endloop
  endfacet
  facet normal 0.04906767432741815 -0.9987954562051724 2.0094522558939257e-20
    outer loop
      vertex 0 -0.8 0
      vertex 0.07841371226364849 -0.7961477813377575 0
      vertex 0.07841371226364849 -0.7961477813377575 6.6
    endloop
  endfacet
  facet normal 0.14673047445536183 -0.9891765099647809 -7.227477235549422e-20
    outer loop
      vertex 0.07841371226364849 -0.7961477813377575 0
      vertex 0.1560722576129026 -0.7846282243225844 0
      vertex 0.1560722576129026 -0.7846282243225844 6.6
    endloop
  endfacet
  facet normal 0.24298017990326448 -0.9700312531945439 -2.148866434204655e-20
    outer loop
      vertex 0.1560722576129026 -0.7846282243225844 0
      vertex 0.23222774180356986 -0.7655522685857671 0
      vertex 0.23222774180356986 -0.7655522685857671 6.6
    endloop
  endfacet
  facet normal 0.33688985339221905 -0.9415440651830211 3.9224471158586676e-19
    outer loop
      vertex 0.23222774180356986 -0.7655522685857671 0
      vertex 0.30614674589207186 -0.7391036260090295 0
      vertex 0.30614674589207186 -0.7391036260090295 6.6
    endloop
  endfacet
  facet normal 0.42755509343028203 -0.9039892931234433 -7.639868978285634e-20
    outer loop
      vertex 0.30614674589207186 -0.7391036260090295 0
      vertex 0.37711738946079815 -0.7055370114786841 0
      vertex 0.37711738946079815 -0.7055370114786841 6.6
    endloop
  endfacet
  facet normal 0.5141027441932222 -0.8577286100002717 4.7835748306070176e-20
    outer loop
      vertex 0.37711738946079815 -0.7055370114786841 0
      vertex 0.44445618641568174 -0.6651756898420362 0
      vertex 0.44445618641568174 -0.6651756898420362 6.6
    endloop
  endfacet
  facet normal 0.5956993044924327 -0.8032075314806454 -1.6237779288969563e-19
    outer loop
      vertex 0.44445618641568174 -0.6651756898420362 0
      vertex 0.5075146273309165 -0.6184083626901896 0
      vertex 0.5075146273309165 -0.6184083626901896 6.6
    endloop
  endfacet
  facet normal 0.6715589548470177 -0.7409511253549598 1.6800769761429894e-19
    outer loop
      vertex 0.5075146273309165 -0.6184083626901896 0
      vertex 0.5656854249492381 -0.5656854249492381 0
      vertex 0.5656854249492381 -0.5656854249492381 6.6
    endloop
  endfacet
  facet normal 0.7409511253549598 -0.6715589548470177 0
    outer loop
      vertex 0.5656854249492381 -0.5656854249492381 0
      vertex 0.6184083626901896 -0.5075146273309165 0
      vertex 0.5656854249492381 -0.5656854249492381 6.6
    endloop
  endfacet
  facet normal 0.8032075314806454 -0.5956993044924327 0
    outer loop
      vertex 0.6184083626901896 -0.5075146273309165 0
      vertex 0.6651756898420362 -0.44445618641568174 0
      vertex 0.6184083626901896 -0.5075146273309165 6.6
    endloop
  endfacet
  facet normal 0.8577286100002717 -0.5141027441932222 0
    outer loop
      vertex 0.6651756898420362 -0.44445618641568174 0
      vertex 0.7055370114786841 -0.37711738946079815 0
      vertex 0.6651756898420362 -0.44445618641568174 6.6
    endloop
  endfacet
  facet normal 0.9039892931234433 -0.42755509343028203 0
    outer loop
      vertex 0.7055370114786841 -0.37711738946079815 0
      vertex 0.7391036260090295 -0.30614674589207186 0
      vertex 0.7055370114786841 -0.37711738946079815 6.6
    endloop
  endfacet
  facet normal 0.9415440651830211 -0.33688985339221905 0
    outer loop
      vertex 0.7391036260090295 -0.30614674589207186 0
      vertex 0.7655522685857671 -0.23222774180356986 0
      vertex 0.7391036260090295 -0.30614674589207186 6.6
    endloop
  endfacet
  facet normal 0.9700312531945439 -0.24298017990326448 0
    outer loop
      vertex 0.7655522685857671 -0.23222774180356986 0
      vertex 0.7846282243225844 -0.1560722576129026 0
      vertex 0.7655522685857671 -0.23222774180356986 6.6
    endloop
  endfacet
  facet normal 0.9891765099647809 -0.14673047445536183 0
    outer loop
      vertex 0.7846282243225844 -0.1560722576129026 0
      vertex 0.7961477813377575 -0.07841371226364849 0
      vertex 0.7846282243225844 -0.1560722576129026 6.6
    endloop
  endfacet
  facet normal 0.9987954562051724 -0.04906767432741815 0
    outer loop
      vertex 0.7961477813377575 -0.07841371226364849 0
      vertex 0.8 0 0
      vertex 0.7961477813377575 -0.07841371226364849 6.6
    endloop
  endfacet
  facet normal 0.04906767432741815 -0.9987954562051724 0
    outer loop
      vertex 0 -0.8 0
      vertex 0.07841371226364849 -0.7961477813377575 6.6
      vertex 0 -0.8 6.6
    endloop
  endfacet
  facet normal 0.14673047445536183 -0.9891765099647809 0
    outer loop
      vertex 0.07841371226364849 -0.7961477813377575 0
      vertex 0.1560722576129026 -0.7846282243225844 6.6
      vertex 0.07841371226364849 -0.7961477813377575 6.6
    endloop
  endfacet
  facet normal 0.24298017990326448 -0.9700312531945439 0
    outer loop
      vertex 0.1560722576129026 -0.7846282243225844 0
      vertex 0.23222774180356986 -0.7655522685857671 6.6
      vertex 0.1560722576129026 -0.7846282243225844 6.6
    endloop
  endfacet
  facet normal 0.33688985339221905 -0.9415440651830211 0
    outer loop
      vertex 0.23222774180356986 -0.7655522685857671 0
      vertex 0.30614674589207186 -0.7391036260090295 6.6
      vertex 0.23222774180356986 -0.7655522685857671 6.6
    endloop
  endfacet
  facet normal 0.42755509343028203 -0.9039892931234433 0
    outer loop
      vertex 0.30614674589207186 -0.7391036260090295 0
      vertex 0.37711738946079815 -0.7055370114786841 6.6
      vertex 0.30614674589207186 -0.7391036260090295 6.6
    endloop
  endfacet
  facet normal 0.5141027441932235 -0.857728610000271 0
    outer loop
      vertex 0.37711738946079815 -0.7055370114786841 0
      vertex 0.3920685613182424 -0.6965756239358176 6.6
      vertex 0.37711738946079815 -0.7055370114786841 6.6
    endloop
  endfacet
  facet normal 0.5141027441932219 -0.857728610000272 5.241935982702201e-18
    outer loop
      vertex 0.37711738946079815 -0.7055370114786841 0
      vertex 0.44445618641568174 -0.6651756898420362 6.6
      vertex 0.3920685613182424 -0.6965756239358176 6.6
    endloop
  endfacet
  facet normal 0.5956993044924327 -0.8032075314806454 0
    outer loop
      vertex 0.44445618641568174 -0.6651756898420362 0
      vertex 0.5075146273309165 -0.6184083626901896 6.6
      vertex 0.44445618641568174 -0.6651756898420362 6.6
    endloop
  endfacet
  facet normal 0.6715589548470178 -0.7409511253549597 0
    outer loop
      vertex 0.5075146273309165 -0.6184083626901896 0
      vertex 0.559566949549674 -0.5712308878063463 6.6
      vertex 0.5075146273309165 -0.6184083626901896 6.6
    endloop
  endfacet
  facet normal 0.6715589548470173 -0.7409511253549601 5.913566840940616e-18
    outer loop
      vertex 0.5075146273309165 -0.6184083626901896 0
      vertex 0.5656854249492381 -0.5656854249492381 6.6
      vertex 0.559566949549674 -0.5712308878063463 6.6
    endloop
  endfacet
  facet normal 0.7409511253549598 -0.6715589548470177 0
    outer loop
      vertex 0.6184083626901896 -0.5075146273309165 0
      vertex 0.6184083626901896 -0.5075146273309165 6.6
      vertex 0.5656854249492381 -0.5656854249492381 6.6
    endloop
  endfacet
  facet normal 0.8032075314806454 -0.5956993044924327 0
    outer loop
      vertex 0.6651756898420362 -0.44445618641568174 0
      vertex 0.6651756898420362 -0.44445618641568174 6.6
      vertex 0.6184083626901896 -0.5075146273309165 6.6
    endloop
  endfacet
  facet normal 0.8577286100002717 -0.5141027441932222 0
    outer loop
      vertex 0.7055370114786841 -0.37711738946079815 0
      vertex 0.7055370114786841 -0.37711738946079815 6.6
      vertex 0.6651756898420362 -0.44445618641568174 6.6
    endloop
  endfacet
  facet normal 0.9039892931234433 -0.42755509343028203 0
    outer loop
      vertex 0.7391036260090295 -0.30614674589207186 0
      vertex 0.7391036260090295 -0.30614674589207186 6.6
      vertex 0.7055370114786841 -0.37711738946079815 6.6
    endloop
  endfacet
  facet normal 0.9415440651830211 -0.33688985339221905 0
    outer loop
      vertex 0.7655522685857671 -0.23222774180356986 0
      vertex 0.7655522685857671 -0.23222774180356986 6.6
      vertex 0.7391036260090295 -0.30614674589207186 6.6
    endloop
  endfacet
  facet normal 0.9700312531945438 -0.24298017990326443 5.1118342572406585e-19
    outer loop
      vertex 0.7846282243225844 -0.1560722576129026 0
      vertex 0.780361288064513 -0.17310682202620611 6.6
      vertex 0.7655522685857671 -0.23222774180356986 6.6
    endloop
  endfacet
  facet normal 0.9700312531945439 -0.2429801799032646 0
    outer loop
      vertex 0.7846282243225844 -0.1560722576129026 0
      vertex 0.7846282243225844 -0.1560722576129026 6.6
      vertex 0.780361288064513 -0.17310682202620611 6.6
    endloop
  endfacet
  facet normal 0.9891765099647809 -0.14673047445536183 0
    outer loop
      vertex 0.7961477813377575 -0.07841371226364849 0
      vertex 0.7961477813377575 -0.07841371226364849 6.6
      vertex 0.7846282243225844 -0.1560722576129026 6.6
    endloop
  endfacet
  facet normal 0.9987954562051724 -0.04906767432741815 2.0094522558939257e-20
    outer loop
      vertex 0.7961477813377575 -0.07841371226364849 6.6
      vertex 0.8 0 0
      vertex 0.8 0 6.6
    endloop
  endfacet
  facet normal 0 0 -1
    outer loop
      vertex 0 -0.8 0
      vertex 0 0.8 0
      vertex 0.07841371226364849 0.7961477813377575 0
    endloop
  endfacet
  facet normal 0 0 -1
    outer loop
      vertex 0.07841371226364849 -0.7961477813377575 0
      vertex 0.07841371226364849 0.7961477813377575 0
      vertex 0.1560722576129026 0.7846282243225844 0
    endloop
  endfacet
  facet normal 0 0 -1
    outer loop
      vertex 0.1560722576129026 -0.7846282243225844 0
      vertex 0.1560722576129026 0.7846282243225844 0
      vertex 0.23222774180356986 0.7655522685857671 0
    endloop
  endfacet
  facet normal 0 0 -1
    outer loop
      vertex 0.23222774180356986 -0.7655522685857671 0
      vertex 0.23222774180356986 0.7655522685857671 0
      vertex 0.30614674589207186 0.7391036260090295 0
    endloop
  endfacet
  facet normal 0 0 -1
    outer loop
      vertex 0.30614674589207186 -0.7391036260090295 0
      vertex 0.30614674589207186 0.7391036260090295 0
      vertex 0.37711738946079815 0.7055370114786841 0
    endloop
  endfacet
  facet normal 0 0 -1
    outer loop
      vertex 0.37711738946079815 -0.7055370114786841 0
      vertex 0.37711738946079815 0.7055370114786841 0
      vertex 0.44445618641568174 0.6651756898420362 0
    endloop
  endfacet
  facet normal 0 0 -1
    outer loop
      vertex 0.44445618641568174 -0.6651756898420362 0
      vertex 0.44445618641568174 0.6651756898420362 0
      vertex 0.5075146273309165 0.6184083626901896 0
    endloop
  endfacet
  facet normal 0 0 -1
    outer loop
      vertex 0.5075146273309165 -0.6184083626901896 0
      vertex 0.5075146273309165 0.6184083626901896 0
      vertex 0.5656854249492381 0.5656854249492381 0
    endloop
  endfacet
  facet normal 0 0 -1
    outer loop
      vertex 0.5656854249492381 -0.5656854249492381 0
      vertex 0.5656854249492381 0.5656854249492381 0
      vertex 0.6184083626901896 0.5075146273309165 0
    endloop
  endfacet
  facet normal 0 0 -1
    outer loop
      vertex 0.7055370114786841 -0.37711738946079815 0
      vertex 0.7055370114786841 0.37711738946079815 0
      vertex 0.7391036260090295 0.30614674589207186 0
    endloop
  endfacet
  facet normal 0 0 -1
    outer loop
      vertex 0.7391036260090295 -0.30614674589207186 0
      vertex 0.7391036260090295 0.30614674589207186 0
      vertex 0.7655522685857671 0.23222774180356986 0
    endloop
  endfacet
  facet normal 0 0 -1
    outer loop
      vertex 0.6184083626901896 -0.5075146273309165 0
      vertex 0.6184083626901896 0.5075146273309165 0
      vertex 0.6651756898420362 0.44445618641568174 0
    endloop
  endfacet
  facet normal 0 0 -1
    outer loop
      vertex 0.6651756898420362 -0.44445618641568174 0
      vertex 0.6651756898420362 0.44445618641568174 0
      vertex 0.7055370114786841 0.37711738946079815 0
    endloop
  endfacet
  facet normal 0 0 -1
    outer loop
      vertex 0.7655522685857671 -0.23222774180356986 0
      vertex 0.7655522685857671 0.23222774180356986 0
      vertex 0.7846282243225844 0.1560722576129026 0
    endloop
  endfacet
  facet normal 0 0 -1
    outer loop
      vertex 0.7846282243225844 -0.1560722576129026 0
      vertex 0.7846282243225844 0.1560722576129026 0
      vertex 0.7961477813377575 0.07841371226364849 0
    endloop
  endfacet
  facet normal 0 0 -1
    outer loop
      vertex 0.7961477813377575 -0.07841371226364849 0
      vertex 0.7961477813377575 0.07841371226364849 0
      vertex 0.8 0 0
    endloop
  endfacet
  facet normal 0.04906767432741815 0.9987954562051724 0
    outer loop
      vertex 0 0.8 0
      vertex 0 0.8 6.6
      vertex 0.07841371226364849 0.7961477813377575 0
    endloop
  endfacet
  facet normal 0.14673047445536183 0.9891765099647809 0
    outer loop
      vertex 0.07841371226364849 0.7961477813377575 0
      vertex 0.07841371226364849 0.7961477813377575 6.6
      vertex 0.1560722576129026 0.7846282243225844 0
    endloop
  endfacet
  facet normal 0.24298017990326448 0.9700312531945439 0
    outer loop
      vertex 0.1560722576129026 0.7846282243225844 0
      vertex 0.1560722576129026 0.7846282243225844 6.6
      vertex 0.23222774180356986 0.7655522685857671 0
    endloop
  endfacet
  facet normal 0.42755509343028203 0.9039892931234433 0
    outer loop
      vertex 0.30614674589207186 0.7391036260090295 0
      vertex 0.30614674589207186 0.7391036260090295 6.6
      vertex 0.37711738946079815 0.7055370114786841 0
    endloop
  endfacet
  facet normal 0.5141027441932222 0.8577286100002717 0
    outer loop
      vertex 0.37711738946079815 0.7055370114786841 0
      vertex 0.37711738946079815 0.7055370114786841 6.6
      vertex 0.44445618641568174 0.6651756898420362 0
    endloop
  endfacet
  facet normal 0.5956993044924327 0.8032075314806454 0
    outer loop
      vertex 0.44445618641568174 0.6651756898420362 0
      vertex 0.44445618641568174 0.6651756898420362 6.6
      vertex 0.5075146273309165 0.6184083626901896 0
    endloop
  endfacet
  facet normal 0.33688985339221905 0.9415440651830211 0
    outer loop
      vertex 0.23222774180356986 0.7655522685857671 0
      vertex 0.23222774180356986 0.7655522685857671 6.6
      vertex 0.30614674589207186 0.7391036260090295 0
    endloop
  endfacet
  facet normal 0.9039892931234433 0.42755509343028203 0
    outer loop
      vertex 0.7391036260090295 0.30614674589207186 0
      vertex 0.7055370114786841 0.37711738946079815 0
      vertex 0.7391036260090295 0.30614674589207186 6.6
    endloop
  endfacet
  facet normal 0.8032075314806454 0.5956993044924327 0
    outer loop
      vertex 0.6651756898420362 0.44445618641568174 0
      vertex 0.6184083626901896 0.5075146273309165 0
      vertex 0.6651756898420362 0.44445618641568174 6.6
    endloop
  endfacet
  facet normal 0.8577286100002717 0.5141027441932222 -4.7835748306070176e-20
    outer loop
      vertex 0.6651756898420362 0.44445618641568174 0
      vertex 0.7055370114786841 0.37711738946079815 6.6
      vertex 0.7055370114786841 0.37711738946079815 0
    endloop
  endfacet
  facet normal 0.9987954562051724 0.04906767432741815 0
    outer loop
      vertex 0.8 0 0
      vertex 0.7961477813377575 0.07841371226364849 0
      vertex 0.8 0 6.6
    endloop
  endfacet
  facet normal 0.9891765099647809 0.14673047445536183 0
    outer loop
      vertex 0.7961477813377575 0.07841371226364849 0
      vertex 0.7846282243225844 0.1560722576129026 0
      vertex 0.7961477813377575 0.07841371226364849 6.6
    endloop
  endfacet
  facet normal 0.9700312531945439 0.24298017990326448 0
    outer loop
      vertex 0.7846282243225844 0.1560722576129026 0
      vertex 0.7655522685857671 0.23222774180356986 0
      vertex 0.7846282243225844 0.1560722576129026 6.6
    endloop
  endfacet
  facet normal 0.9415440651830211 0.33688985339221905 -3.9224471158586676e-19
    outer loop
      vertex 0.7391036260090295 0.30614674589207186 0
      vertex 0.7655522685857671 0.23222774180356986 6.6
      vertex 0.7655522685857671 0.23222774180356986 0
    endloop
  endfacet
  facet normal 0.6715589548470177 0.7409511253549598 0
    outer loop
      vertex 0.5075146273309165 0.6184083626901896 0
      vertex 0.5075146273309165 0.6184083626901896 6.6
      vertex 0.5656854249492381 0.5656854249492381 0
    endloop
  endfacet
  facet normal 0.7409511253549598 0.6715589548470177 0
    outer loop
      vertex 0.6184083626901896 0.5075146273309165 0
      vertex 0.5656854249492381 0.5656854249492381 0
      vertex 0.6184083626901896 0.5075146273309165 6.6
    endloop
  endfacet
  facet normal 0.04906767432741815 0.9987954562051724 0
    outer loop
      vertex 0.07841371226364849 0.7961477813377575 0
      vertex 0 0.8 6.6
      vertex 0.07841371226364849 0.7961477813377575 6.6
    endloop
  endfacet
  facet normal 0.14673047445536183 0.9891765099647809 0
    outer loop
      vertex 0.1560722576129026 0.7846282243225844 0
      vertex 0.07841371226364849 0.7961477813377575 6.6
      vertex 0.1560722576129026 0.7846282243225844 6.6
    endloop
  endfacet
  facet normal 0.24298017990326448 0.9700312531945439 0
    outer loop
      vertex 0.23222774180356986 0.7655522685857671 0
      vertex 0.1560722576129026 0.7846282243225844 6.6
      vertex 0.23222774180356986 0.7655522685857671 6.6
    endloop
  endfacet
  facet normal 0.33688985339221905 0.9415440651830211 0
    outer loop
      vertex 0.30614674589207186 0.7391036260090295 0
      vertex 0.23222774180356986 0.7655522685857671 6.6
      vertex 0.30614674589207186 0.7391036260090295 6.6
    endloop
  endfacet
  facet normal 0.42755509343028203 0.9039892931234433 0
    outer loop
      vertex 0.37711738946079815 0.7055370114786841 0
      vertex 0.30614674589207186 0.7391036260090295 6.6
      vertex 0.37711738946079815 0.7055370114786841 6.6
    endloop
  endfacet
  facet normal 0.5141027441932222 0.8577286100002717 0
    outer loop
      vertex 0.44445618641568174 0.6651756898420362 0
      vertex 0.37711738946079815 0.7055370114786841 6.6
      vertex 0.44445618641568174 0.6651756898420362 6.6
    endloop
  endfacet
  facet normal 0.5956993044924327 0.8032075314806454 0
    outer loop
      vertex 0.5075146273309165 0.6184083626901896 0
      vertex 0.44445618641568174 0.6651756898420362 6.6
      vertex 0.5075146273309165 0.6184083626901896 6.6
    endloop
  endfacet
  facet normal 0.9415440651830211 0.33688985339221905 0
    outer loop
      vertex 0.7391036260090295 0.30614674589207186 0
      vertex 0.7391036260090295 0.30614674589207186 6.6
      vertex 0.7655522685857671 0.23222774180356986 6.6
    endloop
  endfacet
  facet normal 0.9039892931234433 0.42755509343028203 0
    outer loop
      vertex 0.7055370114786841 0.37711738946079815 0
      vertex 0.7055370114786841 0.37711738946079815 6.6
      vertex 0.7391036260090295 0.30614674589207186 6.6
    endloop
  endfacet
  facet normal 0.8577286100002717 0.5141027441932222 0
    outer loop
      vertex 0.6651756898420362 0.44445618641568174 0
      vertex 0.6651756898420362 0.44445618641568174 6.6
      vertex 0.7055370114786841 0.37711738946079815 6.6
    endloop
  endfacet
  facet normal 0.8032075314806398 0.5956993044924401 1.1948869616478568e-16
    outer loop
      vertex 0.6184083626901896 0.5075146273309165 0
      vertex 0.6630267240207729 0.4473537314010731 6.6
      vertex 0.6651756898420362 0.44445618641568174 6.6
    endloop
  endfacet
  facet normal 0.8032075314806456 0.5956993044924324 0
    outer loop
      vertex 0.6184083626901896 0.5075146273309165 0
      vertex 0.6184083626901896 0.5075146273309165 6.6
      vertex 0.6630267240207729 0.4473537314010731 6.6
    endloop
  endfacet
  facet normal 0.9987954562051724 0.04906767432741815 0
    outer loop
      vertex 0.7961477813377575 0.07841371226364849 0
      vertex 0.7961477813377575 0.07841371226364849 6.6
      vertex 0.8 0 6.6
    endloop
  endfacet
  facet normal 0.9700312531945439 0.24298017990326462 1.870204201784549e-18
    outer loop
      vertex 0.7655522685857671 0.23222774180356986 0
      vertex 0.780361288064513 0.17310682202620611 6.6
      vertex 0.7846282243225844 0.1560722576129026 6.6
    endloop
  endfacet
  facet normal 0.9891765099647809 0.14673047445536183 0
    outer loop
      vertex 0.7846282243225844 0.1560722576129026 0
      vertex 0.7846282243225844 0.1560722576129026 6.6
      vertex 0.7961477813377575 0.07841371226364849 6.6
    endloop
  endfacet
  facet normal 0.9700312531945439 0.2429801799032644 0
    outer loop
      vertex 0.7655522685857671 0.23222774180356986 0
      vertex 0.7655522685857671 0.23222774180356986 6.6
      vertex 0.780361288064513 0.17310682202620611 6.6
    endloop
  endfacet
  facet normal 0.6715589548470177 0.7409511253549598 0
    outer loop
      vertex 0.5656854249492381 0.5656854249492381 0
      vertex 0.5075146273309165 0.6184083626901896 6.6
      vertex 0.5656854249492381 0.5656854249492381 6.6
    endloop
  endfacet
  facet normal 0.7409511253549597 0.6715589548470178 0
    outer loop
      vertex 0.5656854249492381 0.5656854249492381 0
      vertex 0.5656854249492381 0.5656854249492381 6.6
      vertex 0.6128628998330814 0.5136331027304806 6.6
    endloop
  endfacet
  facet normal 0.7409511253549601 0.6715589548470173 -5.913566840940616e-18
    outer loop
      vertex 0.5656854249492381 0.5656854249492381 0
      vertex 0.6128628998330814 0.5136331027304806 6.6
      vertex 0.6184083626901896 0.5075146273309165 6.6
    endloop
  endfacet
  facet normal 0 1 0
    outer loop
      vertex 1.2 -0.25 7.14
      vertex 1.303791437915241 -0.25 6.6
      vertex 1.2 -0.25 6.6
    endloop
  endfacet
  facet normal 1 0 0
    outer loop
      vertex 1.2 -0.25 7.14
      vertex 1.2 -0.25 6.6
      vertex 1.2 0.25 7.14
    endloop
  endfacet
  facet normal 0 1 0
    outer loop
      vertex 3.7 -0.25 7.14
      vertex 1.3369028530229217 -0.25 6.6
      vertex 1.303791437915241 -0.25 6.6
    endloop
  endfacet
  facet normal 0 1 0
    outer loop
      vertex 1.2 -0.25 7.14
      vertex 3.7 -0.25 7.14
      vertex 1.303791437915241 -0.25 6.6
    endloop
  endfacet
  facet normal 0 1 0
    outer loop
      vertex 3.7 -0.25 7.14
      vertex 1.5307337294603591 -0.25 6.6
      vertex 1.3369028530229217 -0.25 6.6
    endloop
  endfacet
  facet normal 0 1 0
    outer loop
      vertex 3.7 -0.25 7.14
      vertex 1.559811668861541 -0.25 6.6
      vertex 1.5307337294603591 -0.25 6.6
    endloop
  endfacet
  facet normal 0 1 0
    outer loop
      vertex 3.7 -0.25 7.14
      vertex 2.038821510752188 -0.25 6.6
      vertex 1.559811668861541 -0.25 6.6
    endloop
  endfacet
  facet normal 0 1 0
    outer loop
      vertex 3.7 -0.25 7.14
      vertex 2.0466092887101848 -0.25 6.6
      vertex 2.038821510752188 -0.25 6.6
    endloop
  endfacet
  facet normal 0 1 0
    outer loop
      vertex 3.7 -0.25 7.14
      vertex 3.7 -0.25 6.6
      vertex 2.0466092887101848 -0.25 6.6
    endloop
  endfacet
  facet normal -1 0 0
    outer loop
      vertex 3.7 -0.25 7.14
      vertex 3.7 0.25 6.6
      vertex 3.7 -0.25 6.6
    endloop
  endfacet
  facet normal 0 0 -1
    outer loop
      vertex 1.2 -0.25 7.14
      vertex 1.2 0.25 7.14
      vertex 3.7 -0.25 7.14
    endloop
  endfacet
  facet normal 1 0 0
    outer loop
      vertex 1.2 0.25 7.14
      vertex 1.2 -0.25 6.6
      vertex 1.2 0.25 6.6
    endloop
  endfacet
  facet normal 0 -1 0
    outer loop
      vertex 1.2 0.25 7.14
      vertex 1.2 0.25 6.6
      vertex 1.3553330467282345 0.25 6.6
    endloop
  endfacet
  facet normal 0 -1 0
    outer loop
      vertex 1.2 0.25 7.14
      vertex 1.3553330467282345 0.25 6.6
      vertex 1.3614662779076554 0.25 6.6
    endloop
  endfacet
  facet normal 0 -1 0
    outer loop
      vertex 1.2 0.25 7.14
      vertex 1.3614662779076554 0.25 6.6
      vertex 1.5307337294603591 0.25 6.6
    endloop
  endfacet
  facet normal 0 -1 0
    outer loop
      vertex 1.2 0.25 7.14
      vertex 1.5307337294603591 0.25 6.6
      vertex 1.545617285730946 0.25 6.6
    endloop
  endfacet
  facet normal 0 -1 0
    outer loop
      vertex 1.2 0.25 7.14
      vertex 1.545617285730946 0.25 6.6
      vertex 2.0711727135949185 0.25 6.6
    endloop
  endfacet
  facet normal 0 -1 0
    outer loop
      vertex 1.2 0.25 7.14
      vertex 2.0711727135949185 0.25 6.6
      vertex 2.09517434460235 0.25 6.6
    endloop
  endfacet
  facet normal 0 -1 0
    outer loop
      vertex 1.2 0.25 7.14
      vertex 2.09517434460235 0.25 6.6
      vertex 3.7 0.25 6.6
    endloop
  endfacet
  facet normal 0 -1 0
    outer loop
      vertex 1.2 0.25 7.14
      vertex 3.7 0.25 6.6
      vertex 3.7 0.25 7.14
    endloop
  endfacet
  facet normal -1 0 0
    outer loop
      vertex 3.7 -0.25 7.14
      vertex 3.7 0.25 7.14
      vertex 3.7 0.25 6.6
    endloop
  endfacet
  facet normal 0 0 -1
    outer loop
      vertex 3.7 -0.25 7.14
      vertex 1.2 0.25 7.14
      vertex 3.7 0.25 7.14
    endloop
  endfacet
  facet normal 0.8660254037844386 0.5000000000000002 -7.51857357342886e-16
    outer loop
      vertex -2.06650635094611 3.079293994002423 7.14
      vertex -0.8165063509461097 0.9142304845413263 6.6
      vertex -1.1718716019741457 1.5297411545663528 6.6
    endloop
  endfacet
  facet normal 0.8660254037844386 0.5000000000000001 0
    outer loop
      vertex -0.8165063509461097 0.9142304845413263 7.14
      vertex -0.8165063509461097 0.9142304845413263 6.6
      vertex -2.06650635094611 3.079293994002423 7.14
    endloop
  endfacet
  facet normal -0.5 0.8660254037844387 0
    outer loop
      vertex -0.8165063509461097 0.9142304845413263 7.14
      vertex -0.38349364905389033 1.1642304845413263 7.14
      vertex -0.8165063509461097 0.9142304845413263 6.6
    endloop
  endfacet
  facet normal -0.49999999999999983 0.8660254037844388 -1.9746202209184375e-16
    outer loop
      vertex -0.38349364905389033 1.1642304845413263 7.14
      vertex -0.5347241588806922 1.0769175089831378 6.6
      vertex -0.8165063509461097 0.9142304845413263 6.6
    endloop
  endfacet
  facet normal -0.8660254037844386 -0.5000000000000001 5.820548109312885e-18
    outer loop
      vertex -0.38349364905389033 1.1642304845413263 7.14
      vertex -1.219215479661992 2.611743156149029 6.6
      vertex -0.5189119750312847 1.3987819054100976 6.6
    endloop
  endfacet
  facet normal -0.5000000000000006 0.8660254037844384 4.931997249632184e-17
    outer loop
      vertex -0.38349364905389033 1.1642304845413263 7.14
      vertex -0.4037477590568297 1.152536768678933 6.6
      vertex -0.5347241588806922 1.0769175089831378 6.6
    endloop
  endfacet
  facet normal -0.8660254037844384 -0.5000000000000006 0
    outer loop
      vertex -0.38349364905389033 1.1642304845413263 7.14
      vertex -0.40498658781525343 1.2014573464799736 6.6
      vertex -0.38349364905389033 1.1642304845413263 6.6
    endloop
  endfacet
  facet normal -0.4999999999999995 0.8660254037844389 0
    outer loop
      vertex -0.38349364905389033 1.1642304845413263 7.14
      vertex -0.38349364905389033 1.1642304845413263 6.6
      vertex -0.4037477590568297 1.152536768678933 6.6
    endloop
  endfacet
  facet normal -0.8660254037844386 -0.5 4.827568633802729e-17
    outer loop
      vertex -0.38349364905389033 1.1642304845413263 7.14
      vertex -0.5189119750312847 1.3987819054100976 6.6
      vertex -0.40498658781525343 1.2014573464799736 6.6
    endloop
  endfacet
  facet normal 0 0 -1
    outer loop
      vertex -0.8165063509461097 0.9142304845413263 7.14
      vertex -1.6334936490538905 3.329293994002423 7.14
      vertex -0.38349364905389033 1.1642304845413263 7.14
    endloop
  endfacet
  facet normal 0.8660254037844383 0.5000000000000004 -1.4437315006547252e-15
    outer loop
      vertex -2.06650635094611 3.079293994002423 7.14
      vertex -1.1718716019741457 1.5297411545663528 6.6
      vertex -1.2660219312480299 1.6928143084180594 6.6
    endloop
  endfacet
  facet normal 0.8660254037844386 0.5 0
    outer loop
      vertex -2.06650635094611 3.079293994002423 7.14
      vertex -1.2660219312480299 1.6928143084180594 6.6
      vertex -2.06650635094611 3.079293994002423 6.6
    endloop
  endfacet
  facet normal -0.8660254037844387 -0.4999999999999999 8.965320848309743e-16
    outer loop
      vertex -0.38349364905389033 1.1642304845413263 7.14
      vertex -1.6334936490538905 3.329293994002423 6.6
      vertex -1.2207474925167852 2.614396680251379 6.6
    endloop
  endfacet
  facet normal -0.8660254037844386 -0.5000000000000001 0
    outer loop
      vertex -1.6334936490538905 3.329293994002423 7.14
      vertex -1.6334936490538905 3.329293994002423 6.6
      vertex -0.38349364905389033 1.1642304845413263 7.14
    endloop
  endfacet
  facet normal 0.4999999999999999 -0.8660254037844387 0
    outer loop
      vertex -2.06650635094611 3.079293994002423 7.14
      vertex -2.06650635094611 3.079293994002423 6.6
      vertex -1.6334936490538905 3.329293994002423 7.14
    endloop
  endfacet
  facet normal 0.4999999999999999 -0.8660254037844387 0
    outer loop
      vertex -1.6334936490538905 3.329293994002423 7.14
      vertex -2.06650635094611 3.079293994002423 6.6
      vertex -1.6334936490538905 3.329293994002423 6.6
    endloop
  endfacet
  facet normal -0.8660254037844158 -0.5000000000000394 -1.9918353776572492e-13
    outer loop
      vertex -0.38349364905389033 1.1642304845413263 7.14
      vertex -1.2207474925167852 2.614396680251379 6.6
      vertex -1.219215479661992 2.611743156149029 6.6
    endloop
  endfacet
  facet normal 0 0 -1
    outer loop
      vertex -0.8165063509461097 0.9142304845413263 7.14
      vertex -2.06650635094611 3.079293994002423 7.14
      vertex -1.6334936490538905 3.329293994002423 7.14
    endloop
  endfacet
  facet normal 0.4999999999999999 0.8660254037844387 0
    outer loop
      vertex -2.06650635094611 -3.079293994002423 7.14
      vertex -1.6334936490538905 -3.329293994002423 6.6
      vertex -2.06650635094611 -3.079293994002423 6.6
    endloop
  endfacet
  facet normal 0.4999999999999999 0.8660254037844387 0
    outer loop
      vertex -2.06650635094611 -3.079293994002423 7.14
      vertex -1.6334936490538905 -3.329293994002423 7.14
      vertex -1.6334936490538905 -3.329293994002423 6.6
    endloop
  endfacet
  facet normal 0.8660254037844386 -0.5000000000000001 0
    outer loop
      vertex -2.06650635094611 -3.079293994002423 7.14
      vertex -2.06650635094611 -3.079293994002423 6.6
      vertex -0.8165063509461097 -0.9142304845413263 7.14
    endloop
  endfacet
  facet normal -0.8660254037844387 0.5 0
    outer loop
      vertex -1.6334936490538905 -3.329293994002423 7.14
      vertex -0.780361288064513 -1.8516253991876286 6.6
      vertex -1.6334936490538905 -3.329293994002423 6.6
    endloop
  endfacet
  facet normal 0.8660254037844386 -0.5000000000000001 1.869108718199882e-16
    outer loop
      vertex -0.8165063509461097 -0.9142304845413263 7.14
      vertex -2.06650635094611 -3.079293994002423 6.6
      vertex -1.5307337294603591 -2.151308592284734 6.6
    endloop
  endfacet
  facet normal -0.8660254037844384 0.5000000000000003 2.2794013825624356e-15
    outer loop
      vertex -1.6334936490538905 -3.329293994002423 7.14
      vertex -0.6691295123525597 -1.65896631223842 6.6
      vertex -0.780361288064513 -1.8516253991876286 6.6
    endloop
  endfacet
  facet normal -0.8660254037844386 0.4999999999999999 2.1070944225933156e-16
    outer loop
      vertex -1.6334936490538905 -3.329293994002423 7.14
      vertex -0.3920685613182424 -1.1790826682536295 6.6
      vertex -0.6691295123525597 -1.65896631223842 6.6
    endloop
  endfacet
  facet normal 0 0 -1
    outer loop
      vertex -2.06650635094611 -3.079293994002423 7.14
      vertex -0.8165063509461097 -0.9142304845413263 7.14
      vertex -1.6334936490538905 -3.329293994002423 7.14
    endloop
  endfacet
  facet normal 0.8660254037844388 -0.49999999999999983 1.4617270243040904e-17
    outer loop
      vertex -0.8165063509461097 -0.9142304845413263 7.14
      vertex -1.5307337294603591 -2.151308592284734 6.6
      vertex -1.447816101997061 -2.007691048675233 6.6
    endloop
  endfacet
  facet normal 0.8660254037844386 -0.5000000000000001 0
    outer loop
      vertex -0.8165063509461097 -0.9142304845413263 7.14
      vertex -1.447816101997061 -2.007691048675233 6.6
      vertex -0.8165063509461097 -0.9142304845413263 6.6
    endloop
  endfacet
  facet normal -0.8660254037844386 0.5000000000000001 2.7142260879163184e-16
    outer loop
      vertex -1.6334936490538905 -3.329293994002423 7.14
      vertex -0.38349364905389033 -1.1642304845413263 7.14
      vertex -0.3920685613182424 -1.1790826682536295 6.6
    endloop
  endfacet
  facet normal -0.5000000000000002 -0.8660254037844385 -1.188501942626443e-16
    outer loop
      vertex -0.8165063509461097 -0.9142304845413263 7.14
      vertex -0.6376169002619393 -1.0175123570490163 6.6
      vertex -0.3920685613182424 -1.1592797566372253 6.6
    endloop
  endfacet
  facet normal -0.5 -0.8660254037844387 1.5419764230904951e-16
    outer loop
      vertex -0.8165063509461097 -0.9142304845413263 7.14
      vertex -0.3920685613182424 -1.1592797566372253 6.6
      vertex -0.38349364905389033 -1.1642304845413263 7.14
    endloop
  endfacet
  facet normal -0.8660254037844377 0.5000000000000017 0
    outer loop
      vertex -0.38349364905389033 -1.1642304845413263 7.14
      vertex -0.38349364905389033 -1.1642304845413263 6.6
      vertex -0.3920685613182424 -1.1790826682536295 6.6
    endloop
  endfacet
  facet normal -0.4999999999999928 -0.8660254037844429 0
    outer loop
      vertex -0.38349364905389033 -1.1642304845413263 7.14
      vertex -0.3920685613182424 -1.1592797566372253 6.6
      vertex -0.38349364905389033 -1.1642304845413263 6.6
    endloop
  endfacet
  facet normal -0.4999999999999994 -0.866025403784439 0
    outer loop
      vertex -0.8165063509461097 -0.9142304845413263 7.14
      vertex -0.8165063509461097 -0.9142304845413263 6.6
      vertex -0.7199814429172828 -0.9699591661752732 6.6
    endloop
  endfacet
  facet normal -0.5000000000000008 -0.8660254037844383 -3.408286910722082e-16
    outer loop
      vertex -0.8165063509461097 -0.9142304845413263 7.14
      vertex -0.7199814429172828 -0.9699591661752732 6.6
      vertex -0.6376169002619393 -1.0175123570490163 6.6
    endloop
  endfacet
  facet normal 0 0 -1
    outer loop
      vertex -1.6334936490538905 -3.329293994002423 7.14
      vertex -0.8165063509461097 -0.9142304845413263 7.14
      vertex -0.38349364905389033 -1.1642304845413263 7.14
    endloop
  endfacet
endsolid OpenSCAD_Model
