v 7.4 4.0 0.8
v 8.0 4.0 0.8
v 6.8 5.5 0.8
newmtl 1
Ka 0.0 0.4 1.0
Kd 0.0 0.4 1.0
Ks 0.0 0.2 0.5019607843137255
d 0.0
endmtl
v 7.4 -10.0 0.8
v 8.0 -10.0 0.8
v 8.0 -9.0 0.8
v -8.0 -11.0 0.8
v -8.0 -12.0 0.8
v -7.4 -11.0 0.8
v 8.0 -12.0 0.8
v 7.4 -11.0 0.8
v 8.0 -11.0 0.8
v 6.8 -10.5 0.8
v 7.4 -8.0 0.8
v 7.4 -9.0 0.8
v 7.4 -6.0 0.8
v 8.0 -6.0 0.8
v 8.0 -5.0 0.8
v -6.523293 3.122706 0.8
v -6.523293 3.872706 0.8
v -6.673293 3.872706 0.8
v 7.4 -5.0 0.8
v 7.4 -4.0 0.8
v 7.4 -2.0 0.8
v 8.0 -2.0 0.8
v 8.0 -1.0 0.8
v -8.0 1.0 0.8
v -8.0 -0.0 0.8
v -7.4 1.0 0.8
v -7.4 -0.0 0.8
v -7.4 -1.0 0.8
v -6.8 -10.5 0.8
v -8.0 3.0 0.8
v -8.0 2.0 0.8
v -7.4 3.0 0.8
v -7.4 2.0 0.8
v 7.4 -7.0 0.8
v 8.0 -7.0 0.8
v 8.0 -8.0 0.8
v 7.4 -1.0 0.8
v 7.4 -0.0 0.8
v -1.961215 10.841991 0.8
v 8.0 12.0 0.8
v -8.0 12.0 0.8
v -6.673293 4.672706 0.8
v -6.523293 4.672706 0.8
v -7.307908 6.269656 0.8
v -6.523293 5.422706 0.8
v -6.807908 6.269656 0.8
v 7.4 -3.0 0.8
v 8.0 -3.0 0.8
v 8.0 -4.0 0.8
v -3.3 2.3 0.8
v -4.223293 3.122706 0.8
v -6.5 2.3 0.8
v -6.577646 2.289778 0.8
v -6.65 2.259808 0.8
v -7.4 -3.0 0.8
v -8.0 -3.0 0.8
v -8.0 -4.0 0.8
v -7.4 4.0 0.8
v -8.0 4.0 0.8
v -7.307908 10.841991 0.8
v 0.246094 8.471946 0.8
v -2.461215 8.471946 0.8
v 4.20278 10.841991 0.8
v 7.05584 10.841991 0.8
v 7.05584 8.084589 0.8
v 7.4 2.0 0.8
v 8.0 2.0 0.8
v 8.0 3.0 0.8
v -6.8 2.0 0.8
v -6.789778 2.077646 0.8
v -6.759808 2.15 0.8
v -6.712132 2.212132 0.8
v -7.4 -4.0 0.8
v -7.4 -5.0 0.8
v 2.440417 10.841991 0.8
v 2.440417 8.971946 0.8
v 4.20278 8.971946 0.8
v 7.4 3.0 0.8
v -7.4 -2.0 0.8
v -8.0 -2.0 0.8
v -8.0 -1.0 0.8
v -0.253906 10.841991 0.8
v -0.253906 8.971946 0.8
v -1.961215 8.971946 0.8
v 7.4 1.0 0.8
v 8.0 1.0 0.8
v 8.0 -0.0 0.8
v -2.461215 10.341991 0.8
v -5.414393 10.341991 0.8
v -5.414393 6.843575 0.8
v -5.656868 6.843575 0.8
v -5.656868 10.341991 0.8
v -6.807908 10.341991 0.8
v 6.566756 5.792479 0.8
v 6.630165 5.770291 0.8
v 6.687047 5.73455 0.8
v 6.55584 8.084589 0.8
v -3.077646 5.789778 0.8
v -3.0 5.8 0.8
v 6.5 5.8 0.8
v 1.940417 10.341991 0.8
v 0.246094 10.341991 0.8
v 1.940417 8.471946 0.8
v 6.73455 5.687047 0.8
v 6.77029 5.630165 0.8
v 6.792478 5.566756 0.8
v -4.223293 5.422706 0.8
v -4.223293 4.672706 0.8
v -4.073293 4.672706 0.8
v -6.792478 -10.566756 0.8
v -7.4 -6.0 0.8
v -7.4 -7.0 0.8
v -8.0 -5.0 0.8
v -8.0 -6.0 0.8
v -8.0 -9.0 0.8
v -8.0 -10.0 0.8
v -7.4 -9.0 0.8
v -7.4 -10.0 0.8
v -3.289778 5.577646 0.8
v -3.3 5.5 0.8
v -4.073293 3.872706 0.8
v -4.223293 3.872706 0.8
v -3.259808 5.65 0.8
v -3.212132 5.712132 0.8
v -3.15 5.759808 0.8
v 4.70278 8.471946 0.8
v 4.70278 10.341991 0.8
v 6.55584 10.341991 0.8
v 6.789778 -10.577646 0.8
v 6.759808 -10.65 0.8
v 6.712132 -10.712132 0.8
v 6.65 -10.759808 0.8
v -6.566756 -10.792478 0.8
v -6.630165 -10.770291 0.8
v -6.687047 -10.73455 0.8
v -6.73455 -10.687047 0.8
v -6.77029 -10.630165 0.8
v -8.0 -7.0 0.8
v -8.0 -8.0 0.8
v -7.4 -8.0 0.8
v 6.577646 -10.789778 0.8
v 6.5 -10.8 0.8
v -6.5 -10.8 0.8
v -6.807908 10.341991 0.81
v -5.656868 10.341991 0.81
newmtl 2
Ka 0.5019607843137255 0.5019607843137255 0.0
Kd 0.5019607843137255 0.5019607843137255 0.0
Ks 0.25098039215686274 0.25098039215686274 0.0
d 0.0
endmtl
v -2.461215 10.341991 0.81
v -5.414393 10.341991 0.81
v 5.133821 -9.501648 2.7
v 5.127324 -9.502339 2.7
v 5.192919 -9.502339 2.7
newmtl 3
Ka 0.7529411764705882 0.7529411764705882 0.7529411764705882
Kd 0.7529411764705882 0.7529411764705882 0.7529411764705882
Ks 0.3764705882352941 0.3764705882352941 0.3764705882352941
d 0.0
endmtl
v -3.0 2.0 2.7
v -6.5 2.0 2.7
v -6.5 -8.796412 2.7
v 4.928967 -8.798381 2.7
v 4.94616 -8.796412 2.7
v 4.839506 -8.796412 2.7
v 4.326878 -9.009975 2.7
v 4.379232 -9.054148 2.7
v 4.562242 -8.796412 2.7
v 4.562242 -9.072157 2.7
v 4.070234 -8.768387 2.7
v 4.111918 -8.796412 2.7
v 4.156219 -8.826198 2.7
v 4.21991 -8.899853 2.7
v 4.260331 -8.978509 2.7
v 4.269474 -8.981576 2.7
v 3.709685 -8.771998 2.7
v 3.798583 -8.737703 2.7
v -1.639426 5.5 2.7
v 4.562242 5.5 2.7
v 3.894014 -8.725943 2.7
v 3.973483 -8.734292 2.7
v 3.670277 -8.796412 2.7
v -1.639426 -8.796412 2.7
v 3.662656 -8.801134 2.7
v 3.457396 -8.891526 2.7
v 3.533481 -8.88211 2.7
v 3.617348 -8.839935 2.7
v 3.555653 -8.883315 2.7
v 3.577825 -8.885965 2.7
v 3.311763 -8.974652 2.7
v 3.324679 -8.962422 2.7
v 3.385985 -8.919288 2.7
v -1.639426 -9.072157 2.7
v -1.639426 -9.151664 2.7
v 3.22604 -9.151664 2.7
v 3.234568 -9.103718 2.7
v 3.24853 -9.072157 2.7
v 3.265286 -9.034279 2.7
v 3.431796 -9.489778 2.7
v 3.362139 -9.455797 2.7
v -1.639426 -9.502339 2.7
v 3.302123 -9.404593 2.7
v 3.258234 -9.341993 2.7
v 3.230544 -9.270232 2.7
v 3.221148 -9.194443 2.7
v 3.221678 -9.176186 2.7
v 3.456362 -9.497136 2.7
v 3.458685 -9.502339 2.7
v 3.472382 -9.53301 2.7
v 3.499718 -9.569224 2.7
v 3.719299 -9.609756 2.7
v 3.686421 -9.622433 2.7
v 4.562242 -10.5 2.7
v 3.63952 -9.628239 2.7
v 3.625314 -9.627731 2.7
v -1.639426 -10.5 2.7
v 3.580096 -9.619069 2.7
v -1.639426 -9.609756 2.7
v 3.559908 -9.609756 2.7
v 3.536438 -9.598929 2.7
v 3.820079 -9.502339 2.7
v 3.819724 -9.503811 2.7
v 4.562242 -9.609756 2.7
v 3.796759 -9.54667 2.7
v 3.767774 -9.579084 2.7
v 3.729403 -9.605861 2.7
v 4.442295 -9.167812 2.7
v 4.451201 -9.231074 2.7
v 4.562242 -9.151664 2.7
v 4.066354 -9.3886 2.7
v 4.079584 -9.383375 2.7
v 4.102236 -9.27349 2.7
v 4.379865 -9.414233 2.7
v 4.327535 -9.458556 2.7
v 4.562242 -9.502339 2.7
v 3.784119 -9.306266 2.7
v 4.042469 -9.171307 2.7
v 3.755373 -9.279211 2.7
v 3.715439 -9.256066 2.7
v 4.054499 -9.397003 2.7
v 4.418252 -9.360707 2.7
v 4.442418 -9.299642 2.7
v 4.094524 -9.381457 2.7
v 4.0964 -9.381593 2.7
v 4.102184 -9.382874 2.7
v 3.345028 -9.221004 2.7
v 3.483743 -9.320631 2.7
v 3.342611 -9.190587 2.7
v 3.516774 -9.285498 2.7
v 3.34743 -9.151664 2.7
v 3.557163 -9.259525 2.7
v 3.359018 -9.268111 2.7
v 3.381573 -9.30639 2.7
v 3.461353 -9.36018 2.7
v 3.416103 -9.341945 2.7
v 3.45829 -9.367962 2.7
v 4.034757 -9.441225 2.7
v 4.035246 -9.433616 2.7
v 3.832318 -9.416162 2.7
v 4.039118 -9.418942 2.7
v 4.046532 -9.405788 2.7
v 3.600216 -9.24483 2.7
v 3.63952 -9.240715 2.7
v 3.669531 -9.243002 2.7
v 4.079807 -9.499242 2.7
v 4.067053 -9.494222 2.7
v 4.05455 -9.485332 2.7
v 4.050068 -9.480771 2.7
v 4.041664 -9.468658 2.7
v 4.036586 -9.455585 2.7
v 3.831193 -9.456264 2.7
v 3.832318 -9.43544 2.7
v 4.294116 -9.333205 2.7
v 4.314843 -9.302818 2.7
v 4.327593 -9.268259 2.7
v 4.331666 -9.233003 2.7
v 4.330947 -9.218248 2.7
v 4.268722 -9.487377 2.7
v 4.204419 -9.500993 2.7
v 4.090668 -9.500993 2.7
v 4.106092 -9.383385 2.7
v 4.192851 -9.383385 2.7
v 4.220459 -9.378787 2.7
v 4.255275 -9.364682 2.7
v 4.284938 -9.342752 2.7
v 4.181283 -9.08262 2.7
v 4.165859 -9.08262 2.7
v 4.30709 -9.151664 2.7
v 4.216039 -9.086676 2.7
v 4.32242 -9.181075 2.7
v 3.348418 -9.143686 2.7
v 3.364989 -9.100704 2.7
v 4.304907 -9.147476 2.7
v 4.279983 -9.119644 2.7
v 4.249842 -9.099184 2.7
v 4.123857 -8.966111 2.7
v 4.080218 -8.914293 2.7
v 3.637592 -9.026708 2.7
v 4.076148 -8.910595 2.7
v 4.02201 -8.872946 2.7
v 3.667145 -8.965568 2.7
v 3.384909 -9.072157 2.7
v 3.624663 -9.0196 2.7
v 4.163542 -9.072157 2.7
v 4.153794 -9.028136 2.7
v 3.581461 -9.003597 2.7
v 3.535409 -8.997788 2.7
v 3.514585 -8.998914 2.7
v 3.710424 -8.913935 2.7
v 3.96157 -8.849721 2.7
v 3.761815 -8.876385 2.7
v 3.895942 -8.841621 2.7
v 3.824768 -8.850817 2.7
v 3.467039 -9.010383 2.7
v 3.42418 -9.033348 2.7
v 3.391765 -9.062332 2.7
v 4.392186 -9.072157 2.7
v 4.41865 -9.10895 2.7
v 4.435808 -9.151664 2.7
v 5.695226 -8.9957 2.7
v 5.595721 -8.9957 2.7
v 5.722884 -9.069869 2.7
v 5.595721 -9.072157 2.7
v 5.761563 -9.069869 2.7
v 6.5 -9.072157 2.7
v 6.5 -8.796412 2.7
v 5.65828 -8.7987 2.7
v 5.595721 -8.796412 2.7
v 5.582308 -8.9957 2.7
v 5.556245 -9.069869 2.7
v 5.510045 -9.072157 2.7
v 5.517566 -9.069869 2.7
v 5.510045 -8.796412 2.7
v 5.595721 -8.864673 2.7
v 5.620849 -8.7987 2.7
v 5.192919 -8.947732 2.7
v 5.119686 -8.947732 2.7
v 5.192919 -9.038954 2.7
v 5.119686 -9.038954 2.7
v 5.256136 -8.796412 2.7
v 5.192919 -8.796412 2.7
v 5.224355 -8.7987 2.7
v 5.192919 -8.7987 2.7
v 5.224355 -8.829893 2.7
v 5.230524 -9.038954 2.7
v 5.256136 -9.072157 2.7
v 5.230524 -9.069869 2.7
v 5.192919 -9.072157 2.7
v 5.21666 -8.947732 2.7
v 5.21666 -8.916677 2.7
v 5.192919 -8.916677 2.7
v 5.192919 -8.829893 2.7
v 5.119686 -8.829893 2.7
v 5.119686 -8.916677 2.7
v 5.084681 -8.7987 2.7
v 5.06898 -8.796412 2.7
v 5.084681 -9.069869 2.7
v 5.030405 -9.02509 2.7
v 5.030405 -9.05864 2.7
v 5.06898 -9.072157 2.7
v 4.993993 -8.796412 2.7
v 5.003711 -8.797285 2.7
v 5.030405 -8.805216 2.7
v 5.030405 -8.841815 2.7
v 4.960394 -9.043251 2.7
v 4.971773 -9.042872 2.7
v 5.027007 -9.060359 2.7
v 4.998364 -9.070126 2.7
v 4.978126 -9.072157 2.7
v 5.192919 -9.069869 2.7
v 5.002648 -9.037399 2.7
v 4.890322 -8.858334 2.7
v 4.877332 -8.877292 2.7
v 4.868369 -8.900897 2.7
v 5.000921 -8.829986 2.7
v 4.966495 -8.825734 2.7
v 4.954485 -8.826287 2.7
v 4.931103 -8.831119 2.7
v 4.864113 -8.937335 2.7
v 4.864131 -8.939867 2.7
v 4.868395 -8.973156 2.7
v 4.897371 -9.021136 2.7
v 4.915441 -9.033352 2.7
v 4.93511 -9.040456 2.7
v 4.909927 -8.841305 2.7
v 4.892602 -8.855818 2.7
v 4.876928 -8.995251 2.7
v 4.890731 -9.014693 2.7
v 4.839506 5.5 2.7
v 4.966148 -8.794126 2.7
v 5.06898 5.5 2.7
v 4.968638 -8.794137 2.7
v 4.846442 -8.860493 2.7
v 4.866539 -8.834052 2.7
v 4.873795 -8.827164 2.7
v 4.900318 -8.808993 2.7
v 4.839506 -9.001374 2.7
v 4.831665 -8.979297 2.7
v 4.823251 -9.072157 2.7
v 4.827375 -8.939414 2.7
v 4.827779 -8.926359 2.7
v 4.823251 -8.796412 2.7
v 4.833744 -8.890746 2.7
v 4.839506 -8.877018 2.7
v 4.908089 -9.067119 2.7
v 4.882702 -9.054723 2.7
v 4.839506 -9.072157 2.7
v 4.862172 -9.037429 2.7
v 4.857578 -9.032262 2.7
v 4.842046 -9.008527 2.7
v 4.931101 -9.072157 2.7
v 4.839506 -9.151664 2.7
v 4.937175 -9.073486 2.7
v 4.955335 -9.074444 2.7
v 5.06898 -9.151664 2.7
v 5.405966 -8.796412 2.7
v 5.405966 -8.805257 2.7
v 5.433311 -8.815266 2.7
v 5.495589 -8.978461 2.7
v 5.482547 -9.006689 2.7
v 5.461627 -9.031883 2.7
v 5.405966 -9.06245 2.7
v 5.405966 -9.072157 2.7
v 5.428991 -9.054404 2.7
v 5.455749 -9.037059 2.7
v 5.461627 -8.834607 2.7
v 5.471804 -8.844634 2.7
v 5.488433 -8.868467 2.7
v 5.498278 -8.894517 2.7
v 5.502524 -8.93082 2.7
v 5.501862 -8.946446 2.7
v 5.359107 -8.7987 2.7
v 5.400595 -8.803292 2.7
v 5.397032 -9.065573 2.7
v 5.356335 -9.069869 2.7
v 5.281749 -9.069869 2.7
v 5.281749 -8.7987 2.7
v 4.944335 -9.497712 2.7
v 4.93153 -9.502339 2.7
v 4.973288 -9.500051 2.7
v 4.865505 -9.407556 2.7
v 4.87056 -9.352961 2.7
v 4.858671 -9.417249 2.7
v 4.853962 -9.429191 2.7
v 4.956368 -9.489712 2.7
v 4.892733 -9.502268 2.7
v 4.87971 -9.497357 2.7
v 4.839506 -9.502339 2.7
v 4.857416 -9.47509 2.7
v 4.853308 -9.463598 2.7
v 4.87056 -9.319965 2.7
v 4.877358 -9.316018 2.7
v 4.972052 -9.308149 2.7
v 5.058873 -9.335565 2.7
v 5.065184 -9.326384 2.7
v 4.875991 -9.398556 2.7
v 4.890601 -9.391163 2.7
v 4.892291 -9.339031 2.7
v 4.915893 -9.384985 2.7
v 4.94556 -9.330736 2.7
v 4.934054 -9.329532 2.7
v 4.913513 -9.331701 2.7
v 4.868272 -9.489377 2.7
v 4.864474 -9.485527 2.7
v 4.973288 -9.470107 2.7
v 4.972387 -9.470107 2.7
v 4.967095 -9.478161 2.7
v 4.902575 -9.306183 2.7
v 4.937243 -9.301943 2.7
v 4.957744 -9.303798 2.7
v 4.851636 -9.448202 2.7
v 4.851747 -9.44378 2.7
v 4.983332 -9.314605 2.7
v 4.992385 -9.323275 2.7
v 5.054828 -9.3465 2.7
v 4.999328 -9.334264 2.7
v 5.00464 -9.349744 2.7
v 4.973288 -9.376944 2.7
v 4.972106 -9.361925 2.7
v 4.968594 -9.349832 2.7
v 4.964603 -9.342837 2.7
v 5.068679 -9.395095 2.7
v 5.05328 -9.458184 2.7
v 5.06898 -9.395293 2.7
v 5.066559 -9.466396 2.7
v 5.06898 -9.467307 2.7
v 5.063123 -9.389283 2.7
v 5.058694 -9.382204 2.7
v 5.007253 -9.37542 2.7
v 5.054948 -9.371832 2.7
v 5.053488 -9.358644 2.7
v 4.959469 -9.337375 2.7
v 4.953439 -9.333488 2.7
v 4.930564 -9.502688 2.7
v 5.06898 -9.609756 2.7
v 4.839506 -9.609756 2.7
v 4.913051 -9.504626 2.7
v 4.893353 -9.502339 2.7
v 5.05328 -9.493258 2.7
v 5.007253 -9.500051 2.7
v 5.06898 -9.498737 2.7
v 5.06898 -9.502339 2.7
v 5.077583 -9.50174 2.7
v 5.083442 -9.502339 2.7
v 5.105823 -9.504626 2.7
v 5.192919 -9.609756 2.7
v 5.174793 -9.310539 2.7
v 5.174793 -9.343534 2.7
v 5.075253 -9.317332 2.7
v 5.085274 -9.31134 2.7
v 5.182466 -9.461019 2.7
v 5.178295 -9.471782 2.7
v 5.171964 -9.48074 2.7
v 5.06898 -9.322971 2.7
v 5.103895 -9.304667 2.7
v 5.128905 -9.301943 2.7
v 5.192919 -9.151664 2.7
v 5.14763 -9.303223 2.7
v 5.172713 -9.415346 2.7
v 5.179053 -9.424703 2.7
v 5.182677 -9.434717 2.7
v 5.184082 -9.447371 2.7
v 5.162247 -9.489239 2.7
v 5.152335 -9.495126 2.7
v 5.125577 -9.329532 2.7
v 5.115523 -9.330286 2.7
v 5.088493 -9.355595 2.7
v 5.106437 -9.33269 2.7
v 5.098821 -9.33674 2.7
v 5.088802 -9.360113 2.7
v 5.09015 -9.365389 2.7
v 5.092597 -9.369971 2.7
v 5.09591 -9.373617 2.7
v 5.107884 -9.381104 2.7
v 5.147883 -9.332067 2.7
v 5.128905 -9.390254 2.7
v 5.167039 -9.339091 2.7
v 5.142056 -9.395575 2.7
v 5.164614 -9.40812 2.7
v 5.093697 -9.341269 2.7
v 5.090784 -9.345592 2.7
v 5.089108 -9.350178 2.7
v 5.087854 -9.474411 2.7
v 5.104921 -9.41493 2.7
v 5.084675 -9.40565 2.7
v 5.109149 -9.4769 2.7
v 5.11065 -9.476891 2.7
v 5.127223 -9.424271 2.7
v 5.128061 -9.474938 2.7
v 5.149215 -9.450698 2.7
v 5.148882 -9.446473 2.7
v 5.136825 -9.471731 2.7
v 5.139922 -9.469851 2.7
v 5.14382 -9.466393 2.7
v 5.146785 -9.462008 2.7
v 5.148511 -9.457177 2.7
v 5.147339 -9.441169 2.7
v 5.144713 -9.436666 2.7
v 5.140481 -9.43226 2.7
v 5.352453 -9.306379 2.7
v 5.387666 -9.306379 2.7
v 5.405966 -9.151664 2.7
v 5.290344 -9.451945 2.7
v 5.294504 -9.467889 2.7
v 5.295405 -9.467889 2.7
v 5.256136 -9.151664 2.7
v 5.256136 -9.353539 2.7
v 5.299563 -9.452223 2.7
v 5.296964 -9.461251 2.7
v 5.256136 -9.44471 2.7
v 5.201757 -9.306379 2.7
v 5.239743 -9.306379 2.7
v 5.276585 -9.502339 2.7
v 5.277729 -9.499636 2.7
v 5.256136 -9.547091 2.7
v 5.256182 -9.54704 2.7
v 5.256136 -9.502339 2.7
v 5.262825 -9.534849 2.7
v 5.208758 -9.558278 2.7
v 5.208758 -9.5885 2.7
v 5.215707 -9.560555 2.7
v 5.228028 -9.56216 2.7
v 5.236184 -9.561246 2.7
v 5.256136 -9.585218 2.7
v 5.244384 -9.589695 2.7
v 5.256136 -9.609756 2.7
v 5.230662 -9.591273 2.7
v 5.223165 -9.591003 2.7
v 5.243622 -9.558457 2.7
v 5.249856 -9.554129 2.7
v 5.299772 -9.529304 2.7
v 5.284396 -9.559249 2.7
v 5.405966 -9.609756 2.7
v 5.310403 -9.502339 2.7
v 5.271966 -9.574176 2.7
v 5.26965 -9.576299 2.7
v 5.257788 -9.58459 2.7
v 5.510045 -9.377914 2.7
v 5.45927 -9.377914 2.7
v 5.510045 -9.469136 2.7
v 5.45927 -9.469136 2.7
v 5.56394 -9.228884 2.7
v 5.56394 -9.260076 2.7
v 5.595721 -9.151664 2.7
v 5.570108 -9.469136 2.7
v 5.595721 -9.502339 2.7
v 5.570108 -9.500051 2.7
v 5.510045 -9.502339 2.7
v 5.556245 -9.377914 2.7
v 5.556245 -9.346861 2.7
v 5.510045 -9.346861 2.7
v 5.510045 -9.260076 2.7
v 5.45927 -9.260076 2.7
v 5.45927 -9.346861 2.7
v 5.510045 -9.500051 2.7
v 5.424265 -9.500051 2.7
v 5.405966 -9.502339 2.7
v 5.424265 -9.228884 2.7
v 5.510045 -9.228884 2.7
v 5.510045 -9.151664 2.7
v 5.192919 5.5 2.7
v 5.256136 5.5 2.7
v 5.405966 5.5 2.7
v 5.510045 5.5 2.7
v 5.595721 5.5 2.7
v 6.5 5.5 2.7
v 4.823251 5.5 2.7
v 4.816284 -9.038954 2.7
v 4.816284 -9.069869 2.7
v 4.673283 -9.069869 2.7
v 4.673283 -8.7987 2.7
v 4.708288 -8.7987 2.7
v 4.708288 -9.038954 2.7
v 4.823251 -9.151664 2.7
v 6.034811 -9.425882 2.7
v 5.921893 -9.425882 2.7
v 6.062469 -9.500051 2.7
v 5.89583 -9.500051 2.7
v 6.5 -9.502339 2.7
v 5.857151 -9.500051 2.7
v 6.5 -9.151664 2.7
v 5.997865 -9.228884 2.7
v 6.101148 -9.500051 2.7
v 5.960434 -9.228884 2.7
v 5.841446 -9.376629 2.7
v 5.835174 -9.408643 2.7
v 5.822132 -9.436872 2.7
v 5.801212 -9.462066 2.7
v 5.795333 -9.467241 2.7
v 5.768576 -9.484587 2.7
v 5.621334 -9.228884 2.7
v 5.621334 -9.500051 2.7
v 5.69592 -9.500051 2.7
v 5.736617 -9.495755 2.7
v 5.811389 -9.274817 2.7
v 5.828018 -9.29865 2.7
v 5.801212 -9.26479 2.7
v 5.837863 -9.324699 2.7
v 5.842109 -9.361002 2.7
v 5.698692 -9.228884 2.7
v 5.74018 -9.233475 2.7
v 5.772896 -9.245447 2.7
v 4.823251 -9.502339 2.7
v 4.673283 -9.500051 2.7
v 4.819126 -9.500051 2.7
v 4.819126 -9.469136 2.7
v 4.812957 -9.260076 2.7
v 4.673283 -9.228884 2.7
v 4.812957 -9.228884 2.7
v 4.708288 -9.377914 2.7
v 4.708288 -9.469136 2.7
v 4.805263 -9.377914 2.7
v 4.805263 -9.346861 2.7
v 4.708288 -9.346861 2.7
v 4.708288 -9.260076 2.7
v 5.510045 -9.609756 2.7
v 5.595721 -9.609756 2.7
v 6.5 -9.609756 2.7
v 4.823251 -9.609756 2.7
v 4.823251 -10.5 2.7
v 4.839506 -10.5 2.7
v 5.06898 -10.5 2.7
v 5.192919 -10.5 2.7
v 5.256136 -10.5 2.7
v 5.405966 -10.5 2.7
v 5.510045 -10.5 2.7
v 5.595721 -10.5 2.7
v 6.5 -10.5 2.7
v -6.5 -10.5 2.7
v -6.5 -9.609756 2.7
v -6.5 -9.502339 2.7
v -6.5 -9.151664 2.7
v -6.5 -9.072157 2.7
v -3.0 5.5 2.7
v -8.0 -10.0 0.81
newmtl 4
Ka 1.0 1.0 0.0
Kd 1.0 1.0 0.0
Ks 0.5019607843137255 0.5019607843137255 0.0
d 0.0
endmtl
v -7.4 -10.0 0.81
v -8.0 -11.0 0.81
v -7.4 -11.0 0.81
v -7.825 -10.196891 0.81
v -7.752512 -10.252513 0.81
v -7.909413 -10.161926 0.81
v -8.0 -10.150001 0.81
v -7.661926 -10.590587 0.81
v -7.696891 -10.675 0.81
v -7.752512 -10.747488 0.81
v -7.825 -10.803109 0.81
v -7.909413 -10.838074 0.81
v -8.0 -10.85 0.81
v -7.696891 -10.325 0.81
v -7.661926 -10.409413 0.81
v -7.65 -10.5 0.81
v -8.0 -8.0 0.81
v -7.4 -8.0 0.81
v -8.0 -9.0 0.81
v -7.4 -9.0 0.81
v -7.825 -8.196891 0.81
v -7.752512 -8.252513 0.81
v -7.909413 -8.161925 0.81
v -8.0 -8.150001 0.81
v -7.661926 -8.590587 0.81
v -7.696891 -8.674999 0.81
v -7.752512 -8.747487 0.81
v -7.825 -8.803109 0.81
v -7.909413 -8.838075 0.81
v -8.0 -8.849999 0.81
v -7.696891 -8.325001 0.81
v -7.661926 -8.409413 0.81
v -7.65 -8.5 0.81
v -8.0 -6.0 0.81
v -7.4 -6.0 0.81
v -8.0 -7.0 0.81
v -7.4 -7.0 0.81
v -7.825 -6.196891 0.81
v -7.752512 -6.252513 0.81
v -7.909413 -6.161926 0.81
v -8.0 -6.15 0.81
v -7.661926 -6.590587 0.81
v -7.696891 -6.675 0.81
v -7.752512 -6.747488 0.81
v -7.825 -6.803109 0.81
v -7.909413 -6.838074 0.81
v -8.0 -6.85 0.81
v -7.696891 -6.325 0.81
v -7.661926 -6.409413 0.81
v -7.65 -6.5 0.81
v -8.0 -4.0 0.81
v -7.4 -4.0 0.81
v -8.0 -5.0 0.81
v -7.4 -5.0 0.81
v -7.825 -4.196891 0.81
v -7.752512 -4.252512 0.81
v -7.909413 -4.161926 0.81
v -8.0 -4.15 0.81
v -7.661926 -4.590587 0.81
v -7.696891 -4.675 0.81
v -7.752512 -4.747488 0.81
v -7.825 -4.803109 0.81
v -7.909413 -4.838074 0.81
v -8.0 -4.85 0.81
v -7.696891 -4.325 0.81
v -7.661926 -4.409413 0.81
v -7.65 -4.5 0.81
v -8.0 -2.0 0.81
v -7.4 -2.0 0.81
v -8.0 -3.0 0.81
v -7.4 -3.0 0.81
v -7.752512 -2.252513 0.81
v -7.696891 -2.325 0.81
v -7.825 -2.196891 0.81
v -7.909413 -2.161926 0.81
v -8.0 -2.15 0.81
v -7.661926 -2.409413 0.81
v -7.65 -2.5 0.81
v -7.661926 -2.590587 0.81
v -7.696891 -2.675 0.81
v -7.752512 -2.747487 0.81
v -7.825 -2.803109 0.81
v -7.909413 -2.838074 0.81
v -8.0 -2.85 0.81
v -8.0 -0.0 0.81
v -7.4 -0.0 0.81
v -8.0 -1.0 0.81
v -7.4 -1.0 0.81
v -7.825 -0.196891 0.81
v -7.752512 -0.252513 0.81
v -7.661926 -0.590587 0.81
v -7.696891 -0.675 0.81
v -7.909413 -0.161926 0.81
v -8.0 -0.15 0.81
v -7.696891 -0.325 0.81
v -7.661926 -0.409413 0.81
v -7.65 -0.5 0.81
v -7.752512 -0.747487 0.81
v -7.825 -0.803109 0.81
v -7.909413 -0.838074 0.81
v -8.0 -0.85 0.81
v -8.0 2.0 0.81
v -7.4 2.0 0.81
v -8.0 1.0 0.81
v -7.4 1.0 0.81
v -7.825 1.803109 0.81
v -7.752512 1.747487 0.81
v -7.661926 1.409413 0.81
v -7.696891 1.325 0.81
v -7.909413 1.838074 0.81
v -8.0 1.85 0.81
v -7.696891 1.675 0.81
v -7.661926 1.590587 0.81
v -7.65 1.5 0.81
v -7.752512 1.252513 0.81
v -7.825 1.196891 0.81
v -7.909413 1.161926 0.81
v -8.0 1.15 0.81
v -8.0 4.0 0.81
v -7.4 4.0 0.81
v -8.0 3.0 0.81
v -7.4 3.0 0.81
v -7.752512 3.747488 0.81
v -7.696891 3.675 0.81
v -7.825 3.803109 0.81
v -7.909413 3.838074 0.81
v -8.0 3.85 0.81
v -7.661926 3.590587 0.81
v -7.65 3.5 0.81
v -7.661926 3.409413 0.81
v -7.696891 3.325 0.81
v -7.752512 3.252512 0.81
v -7.825 3.196891 0.81
v -7.909413 3.161926 0.81
v -8.0 3.15 0.81
v -8.0 -10.150001 -0.21
v -8.0 -8.849999 -0.21
v -8.0 -9.0 -0.21
v -8.0 -9.0 0.0
v -8.0 -10.0 -0.21
v -8.0 -10.0 0.0
v -8.0 -10.85 -0.21
v -8.0 -11.0 0.0
v -8.0 -11.0 -0.21
v -8.0 -12.0 0.0
v -8.0 -8.150001 -0.21
v -8.0 -6.85 -0.21
v -8.0 -7.0 -0.21
v -8.0 -7.0 0.0
v -8.0 -8.0 -0.21
v -8.0 -8.0 0.0
v -8.0 -6.15 -0.21
v -8.0 -4.85 -0.21
v -8.0 -5.0 -0.21
v -8.0 -5.0 0.0
v -8.0 -6.0 -0.21
v -8.0 -6.0 0.0
v -8.0 -4.15 -0.21
v -8.0 -2.85 -0.21
v -8.0 -3.0 -0.21
v -8.0 -3.0 0.0
v -8.0 -4.0 -0.21
v -8.0 -4.0 0.0
v -8.0 -2.15 -0.21
v -8.0 -0.85 -0.21
v -8.0 -1.0 -0.21
v -8.0 -1.0 0.0
v -8.0 -2.0 -0.21
v -8.0 -2.0 0.0
v -8.0 -0.15 -0.21
v -8.0 1.15 -0.21
v -8.0 1.0 -0.21
v -8.0 1.0 0.0
v -8.0 -0.0 -0.21
v -8.0 -0.0 0.0
v -8.0 1.85 -0.21
v -8.0 3.15 -0.21
v -8.0 3.0 -0.21
v -8.0 3.0 0.0
v -8.0 2.0 -0.21
v -8.0 2.0 0.0
v -8.0 3.85 -0.21
v -8.0 4.0 -0.21
v -8.0 4.0 0.0
v -8.0 12.0 0.0
v 7.0 1.0 0.0
v 8.0 1.0 0.0
v 8.0 -0.0 0.0
v -7.0 -9.0 0.0
v -7.0 -8.0 0.0
v 7.0 -8.0 0.0
v 8.0 12.0 0.0
v 8.0 4.0 0.0
v 7.0 4.0 0.0
v 7.0 3.0 0.0
v 8.0 3.0 0.0
v 8.0 2.0 0.0
v 7.0 2.0 0.0
v 7.0 0.0 0.0
v 7.0 -5.0 0.0
v 8.0 -5.0 0.0
v 8.0 -6.0 0.0
v -7.0 -7.0 0.0
v -7.0 -1.0 0.0
v -7.0 -0.0 0.0
v -7.0 -2.0 0.0
v 7.0 -6.0 0.0
v 7.0 -7.0 0.0
v 7.01 -11.0 0.0
v 8.0 -11.0 0.0
v 8.0 -12.0 0.0
v -7.0 -4.0 0.0
v -7.0 -5.0 0.0
v -7.0 -6.0 0.0
v 8.0 -7.0 0.0
v 8.0 -8.0 0.0
v -7.0 -10.0 0.0
v -7.0 -3.0 0.0
v 7.0 -1.0 0.0
v 7.007411 -10.00034 0.0
v 7.005 -10.00134 0.0
v 7.0 -9.0 0.0
v 8.0 -1.0 0.0
v 8.0 -2.0 0.0
v 7.0 -2.0 0.0
v 7.0 -3.0 0.0
v -7.0 -11.0 0.0
v -7.0 1.0 0.0
v -7.0 2.0 0.0
v 8.0 -3.0 0.0
v 8.0 -4.0 0.0
v 7.0 -4.0 0.0
v 7.00134 -10.005 0.0
v 7.00034 -10.007412 0.0
v -7.0 4.0 0.0
v -7.0 3.0 0.0
v 8.0 -9.0 0.0
v 8.0 -10.0 0.0
v 7.01 -10.0 0.0
v 7.002929 -10.002929 0.0
v 7.00034 -10.992588 0.0
v 7.00134 -10.995 0.0
v 7.0 -10.01 0.0
v 7.0 -10.990001 0.0
v 7.002929 -10.997071 0.0
v 7.005 -10.998661 0.0
v 7.007411 -10.99966 0.0
v 8.0 -10.0 0.81
v 8.0 -10.150001 0.81
v 8.0 -9.0 -0.21
v 8.0 -8.849999 -0.21
v 8.0 -10.150001 -0.21
v 8.0 -10.0 -0.21
v 8.0 -8.849999 0.81
v 8.0 -9.0 0.81
v 8.0 -7.0 -0.21
v 8.0 -6.85 -0.21
v 8.0 -8.150001 0.81
v 8.0 -8.150001 -0.21
v 8.0 -8.0 -0.21
v 8.0 -6.85 0.81
v 8.0 -7.0 0.81
v 8.0 -8.0 0.81
v 8.0 -5.0 -0.21
v 8.0 -4.85 -0.21
v 8.0 -6.15 0.81
v 8.0 -6.15 -0.21
v 8.0 -6.0 -0.21
v 8.0 -4.85 0.81
v 8.0 -5.0 0.81
v 8.0 -6.0 0.81
v 8.0 -3.0 -0.21
v 8.0 -2.85 -0.21
v 8.0 -4.15 0.81
v 8.0 -4.15 -0.21
v 8.0 -4.0 -0.21
v 8.0 -2.85 0.81
v 8.0 -3.0 0.81
v 8.0 -4.0 0.81
v 8.0 -1.0 -0.21
v 8.0 -0.85 -0.21
v 8.0 -2.15 0.81
v 8.0 -2.15 -0.21
v 8.0 -2.0 -0.21
v 8.0 -0.85 0.81
v 8.0 -1.0 0.81
v 8.0 -2.0 0.81
v 8.0 1.0 -0.21
v 8.0 1.15 -0.21
v 8.0 -0.15 0.81
v 8.0 -0.15 -0.21
v 8.0 -0.0 -0.21
v 8.0 1.15 0.81
v 8.0 1.0 0.81
v 8.0 -0.0 0.81
v 8.0 3.0 -0.21
v 8.0 3.15 -0.21
v 8.0 1.85 0.81
v 8.0 1.85 -0.21
v 8.0 2.0 -0.21
v 8.0 3.15 0.81
v 8.0 3.0 0.81
v 8.0 2.0 0.81
v 8.0 -10.85 -0.21
v 8.0 -10.85 0.81
v 8.0 -11.0 0.81
v 8.0 -11.0 -0.21
v -4.223293 4.672706 0.85
newmtl 5
Ka 1.0 1.0 1.0
Kd 1.0 1.0 1.0
Ks 0.5019607843137255 0.5019607843137255 0.5019607843137255
d 0.0
endmtl
v -4.223293 5.422706 1.0
v -4.223293 3.872706 0.85
v -4.223293 3.122706 1.0
v -6.523293 3.872706 0.85
v -6.523293 3.122706 1.0
v -6.523293 4.672706 0.85
v -6.523293 5.422706 1.0
v 8.0 3.85 0.81
v 8.0 3.85 -0.21
v 8.0 4.0 -0.21
v 8.0 4.0 0.81
v -6.8 -10.5 2.4
v -6.8 2.0 2.4
v 6.5 -10.8 2.4
v -6.5 -10.8 2.4
v 6.8 -10.5 2.4
v 6.8 5.5 2.4
v 6.5 5.8 2.4
v -3.0 5.8 2.4
v -3.3 5.5 2.4
v -3.3 2.3 2.4
v -6.5 2.3 2.4
v -4.97334 4.965445 1.0
v -4.807674 4.838325 1.0
v -4.680554 4.672659 1.0
v -5.580324 3.500056 1.0
v -5.773246 3.579967 1.0
v -5.938912 3.707087 1.0
v -6.066032 3.872753 1.0
v -5.773246 4.965445 1.0
v -5.938912 4.838325 1.0
v -6.066032 4.672659 1.0
v -5.580324 5.045356 1.0
v -5.373293 5.072612 1.0
v -5.166262 5.045356 1.0
v -4.600643 4.479737 1.0
v -4.573387 4.272706 1.0
v -4.600643 4.065675 1.0
v -4.680554 3.872753 1.0
v -5.373293 3.4728 1.0
v -5.166262 3.500056 1.0
v -6.145943 4.065675 1.0
v -6.173199 4.272706 1.0
v -6.145943 4.479737 1.0
v -4.807674 3.707087 1.0
v -4.97334 3.579967 1.0
v -6.673293 4.672706 0.85
v -6.673293 3.872706 0.85
v -4.073293 4.672706 0.85
v -4.073293 3.872706 0.85
v -5.723246 4.878842 1.6
v -5.773246 4.965445 1.6
v -5.868201 4.767614 1.6
v -5.938912 4.838325 1.6
v -5.979429 4.622659 1.6
v -6.066032 4.672659 1.6
v -6.04935 4.453855 1.6
v -6.145943 4.479737 1.6
v -6.073199 4.272706 1.6
v -6.173199 4.272706 1.6
v -6.04935 4.091557 1.6
v -6.145943 4.065675 1.6
v -5.979429 3.922753 1.6
v -6.066032 3.872753 1.6
v -5.868201 3.777797 1.6
v -5.938912 3.707087 1.6
v -5.723246 3.666569 1.6
v -5.773246 3.579967 1.6
v -5.554442 3.596648 1.6
v -5.580324 3.500056 1.6
v -5.373293 3.5728 1.6
v -5.373293 3.4728 1.6
v -5.192144 3.596648 1.6
v -5.166262 3.500056 1.6
v -5.02334 3.666569 1.6
v -4.97334 3.579967 1.6
v -4.878385 3.777797 1.6
v -4.807674 3.707087 1.6
v -4.767156 3.922753 1.6
v -4.680554 3.872753 1.6
v -4.697235 4.091557 1.6
v -4.600643 4.065675 1.6
v -4.673387 4.272706 1.6
v -4.573387 4.272706 1.6
v -4.697235 4.453855 1.6
v -4.600643 4.479737 1.6
v -4.767156 4.622659 1.6
v -4.680554 4.672659 1.6
v -4.878385 4.767614 1.6
v -4.807674 4.838325 1.6
v -5.02334 4.878842 1.6
v -4.97334 4.965445 1.6
v -5.192144 4.948763 1.6
v -5.166262 5.045356 1.6
v -5.373293 4.972612 1.6
v -5.373293 5.072612 1.6
v -5.554442 4.948763 1.6
v -5.580324 5.045356 1.6
v -6.073199 4.272706 1.0
v -6.04935 4.453855 1.0
v -5.979429 4.622659 1.0
v -5.868201 4.767614 1.0
v -5.723246 4.878842 1.0
v -5.554442 4.948763 1.0
v -5.373293 4.972612 1.0
v -5.192144 4.948763 1.0
v -5.02334 4.878842 1.0
v -4.878385 4.767614 1.0
v -4.767156 4.622659 1.0
v -4.697235 4.453855 1.0
v -4.673387 4.272706 1.0
v -4.697235 4.091557 1.0
v -4.767156 3.922753 1.0
v -4.878385 3.777797 1.0
v -5.02334 3.666569 1.0
v -5.192144 3.596648 1.0
v -5.373293 3.5728 1.0
v -5.554442 3.596648 1.0
v -5.723246 3.666569 1.0
v -5.868201 3.777797 1.0
v -5.979429 3.922753 1.0
v -6.04935 4.091557 1.0
v -5.190127 4.321785 1.0
v -5.209071 4.367519 1.0
v -5.239206 4.406793 1.0
v -5.278479 4.436928 1.0
v -5.324214 4.455872 1.0
v -5.373293 4.462333 1.0
v -5.422372 4.455872 1.0
v -5.468106 4.436928 1.0
v -5.50738 4.406793 1.0
v -5.537515 4.367519 1.0
v -5.556458 4.321785 1.0
v -5.56292 4.272706 1.0
v -5.556458 4.223627 1.0
v -5.537515 4.177893 1.0
v -5.50738 4.138619 1.0
v -5.468106 4.108484 1.0
v -5.422372 4.08954 1.0
v -5.373293 4.083079 1.0
v -5.324214 4.08954 1.0
v -5.278479 4.108484 1.0
v -5.239206 4.138619 1.0
v -5.209071 4.177893 1.0
v -5.190127 4.223627 1.0
v -5.183666 4.272706 1.0
v -5.556458 4.321785 1.5
v -5.537515 4.367519 1.5
v -5.50738 4.406793 1.5
v -5.468106 4.436928 1.5
v -5.422372 4.455872 1.5
v -5.373293 4.462333 1.5
v -5.324214 4.455872 1.5
v -5.278479 4.436928 1.5
v -5.239206 4.406793 1.5
v -5.209071 4.367519 1.5
v -5.190127 4.321785 1.5
v -5.183666 4.272706 1.5
v -5.190127 4.223627 1.5
v -5.209071 4.177893 1.5
v -5.239206 4.138619 1.5
v -5.278479 4.108484 1.5
v -5.324214 4.08954 1.5
v -5.373293 4.083079 1.5
v -5.422372 4.08954 1.5
v -5.468106 4.108484 1.5
v -5.50738 4.138619 1.5
v -5.537515 4.177893 1.5
v -5.556458 4.223627 1.5
v -5.56292 4.272706 1.5
v -5.295674 4.227892 1.6
v -5.28672 4.249508 1.6
v -5.373293 4.272706 1.6
v -5.283666 4.272706 1.6
v -5.28672 4.295903 1.6
v -5.350096 4.186133 1.6
v -5.328479 4.195086 1.6
v -5.309917 4.20933 1.6
v -5.418107 4.195086 1.6
v -5.39649 4.186133 1.6
v -5.373293 4.183079 1.6
v -5.459866 4.249508 1.6
v -5.450912 4.227892 1.6
v -5.436669 4.20933 1.6
v -5.450912 4.317519 1.6
v -5.459866 4.295903 1.6
v -5.46292 4.272706 1.6
v -5.39649 4.359279 1.6
v -5.418107 4.350325 1.6
v -5.436669 4.336082 1.6
v -5.328479 4.350325 1.6
v -5.350096 4.359279 1.6
v -5.373293 4.362333 1.6
v -5.295674 4.317519 1.6
v -5.309917 4.336082 1.6
v -5.26172 4.302602 1.596593
v -5.273259 4.330461 1.596593
v -5.291615 4.354383 1.596593
v -5.315538 4.37274 1.596593
v -5.343397 4.384279 1.596593
v -5.373293 4.388215 1.596593
v -5.403189 4.384279 1.596593
v -5.431047 4.37274 1.596593
v -5.45497 4.354383 1.596593
v -5.473326 4.330461 1.596593
v -5.484866 4.302602 1.596593
v -5.488802 4.272706 1.596593
v -5.484866 4.24281 1.596593
v -5.473326 4.214952 1.596593
v -5.45497 4.191029 1.596593
v -5.431047 4.172672 1.596593
v -5.403189 4.161133 1.596593
v -5.373293 4.157197 1.596593
v -5.343397 4.161133 1.596593
v -5.315538 4.172672 1.596593
v -5.291615 4.191029 1.596593
v -5.273259 4.214952 1.596593
v -5.26172 4.24281 1.596593
v -5.257784 4.272706 1.596593
v -5.238424 4.308844 1.586603
v -5.252372 4.342519 1.586603
v -5.274562 4.371437 1.586603
v -5.303479 4.393627 1.586603
v -5.337155 4.407575 1.586603
v -5.373293 4.412333 1.586603
v -5.409431 4.407575 1.586603
v -5.443106 4.393627 1.586603
v -5.472024 4.371437 1.586603
v -5.494214 4.342519 1.586603
v -5.508162 4.308844 1.586603
v -5.51292 4.272706 1.586603
v -5.508162 4.236568 1.586603
v -5.494214 4.202892 1.586603
v -5.472024 4.173975 1.586603
v -5.443106 4.151785 1.586603
v -5.409431 4.137836 1.586603
v -5.373293 4.133079 1.586603
v -5.337155 4.137836 1.586603
v -5.303479 4.151785 1.586603
v -5.274562 4.173975 1.586603
v -5.252372 4.202892 1.586603
v -5.238424 4.236568 1.586603
v -5.233666 4.272706 1.586603
v -5.218419 4.314204 1.570711
v -5.234437 4.352875 1.570711
v -5.259917 4.386082 1.570711
v -5.293124 4.411562 1.570711
v -5.331794 4.42758 1.570711
v -5.373293 4.433044 1.570711
v -5.414792 4.42758 1.570711
v -5.453462 4.411562 1.570711
v -5.486669 4.386082 1.570711
v -5.512149 4.352875 1.570711
v -5.528167 4.314204 1.570711
v -5.53363 4.272706 1.570711
v -5.528167 4.231207 1.570711
v -5.512149 4.192537 1.570711
v -5.486669 4.15933 1.570711
v -5.453462 4.13385 1.570711
v -5.414792 4.117832 1.570711
v -5.373293 4.112368 1.570711
v -5.331794 4.117832 1.570711
v -5.293124 4.13385 1.570711
v -5.259917 4.15933 1.570711
v -5.234437 4.192537 1.570711
v -5.218419 4.231207 1.570711
v -5.212955 4.272706 1.570711
v -5.203068 4.318317 1.55
v -5.220674 4.360821 1.55
v -5.24868 4.397319 1.55
v -5.285178 4.425325 1.55
v -5.327682 4.442931 1.55
v -5.373293 4.448936 1.55
v -5.418905 4.442931 1.55
v -5.461408 4.425325 1.55
v -5.497906 4.397319 1.55
v -5.525912 4.360821 1.55
v -5.543518 4.318317 1.55
v -5.549522 4.272706 1.55
v -5.543518 4.227094 1.55
v -5.525912 4.184591 1.55
v -5.497906 4.148093 1.55
v -5.461408 4.120087 1.55
v -5.418905 4.102481 1.55
v -5.373293 4.096477 1.55
v -5.327682 4.102481 1.55
v -5.285178 4.120087 1.55
v -5.24868 4.148093 1.55
v -5.220674 4.184591 1.55
v -5.203068 4.227094 1.55
v -5.197063 4.272706 1.55
v -5.193419 4.320903 1.525882
v -5.212022 4.365816 1.525882
v -5.241616 4.404383 1.525882
v -5.280183 4.433977 1.525882
v -5.325096 4.45258 1.525882
v -5.373293 4.458926 1.525882
v -5.42149 4.45258 1.525882
v -5.466403 4.433977 1.525882
v -5.50497 4.404383 1.525882
v -5.534564 4.365816 1.525882
v -5.553167 4.320903 1.525882
v -5.559513 4.272706 1.525882
v -5.553167 4.224509 1.525882
v -5.534564 4.179596 1.525882
v -5.50497 4.141028 1.525882
v -5.466403 4.111435 1.525882
v -5.42149 4.092832 1.525882
v -5.373293 4.086486 1.525882
v -5.325096 4.092832 1.525882
v -5.280183 4.111435 1.525882
v -5.241616 4.141028 1.525882
v -5.212022 4.179596 1.525882
v -5.193419 4.224509 1.525882
v -5.187073 4.272706 1.525882
v -6.789778 -10.577646 0.8
v -6.789778 -10.577646 2.4
v -6.759808 -10.65 0.8
v -6.759808 -10.65 2.4
v -6.712132 -10.712132 0.8
v -6.712132 -10.712132 2.4
v -6.65 -10.759808 0.8
v -6.65 -10.759808 2.4
v -6.577646 -10.789778 0.8
v -6.577646 -10.789778 2.4
v -6.5 -10.789778 2.477646
v -6.575 -10.779904 2.477646
v -6.575 -10.629904 2.659808
v -6.538823 -10.567244 2.689778
v -6.554904 -10.554904 2.689778
v -6.577646 -10.5 2.689778
v -6.575 -10.520096 2.689778
v -6.520096 -10.575 2.689778
v -6.538823 -10.644889 2.659808
v -6.554904 -10.704904 2.612132
v -6.5 -10.577646 2.689778
v -6.606066 -10.606067 2.659808
v -6.567243 -10.538823 2.689778
v -6.629904 -10.575 2.659808
v -6.644889 -10.538823 2.659808
v -6.65 -10.5 2.659808
v -6.5 -10.65 2.659808
v -6.5 -10.712132 2.612132
v -6.5 -10.759808 2.55
v -6.606066 -10.683712 2.612132
v -6.65 -10.65 2.612132
v -6.683712 -10.606067 2.612132
v -6.704904 -10.554904 2.612132
v -6.712132 -10.5 2.612132
v -6.567243 -10.750955 2.55
v -6.629904 -10.725 2.55
v -6.683712 -10.683712 2.55
v -6.725 -10.629904 2.55
v -6.750955 -10.567244 2.55
v -6.759808 -10.5 2.55
v -6.644889 -10.750955 2.477646
v -6.704904 -10.704904 2.477646
v -6.750955 -10.644889 2.477646
v -6.779904 -10.575 2.477646
v -6.789778 -10.5 2.477646
v -6.577646 2.0 2.689778
v -6.65 2.0 2.659808
v -6.712132 2.0 2.612132
v -6.759808 2.0 2.55
v -6.789778 2.0 2.477646
v -6.789778 2.077646 2.4
v -6.759808 2.15 2.4
v -6.712132 2.212132 2.4
v -6.65 2.259808 2.4
v -6.577646 2.289778 2.4
v 6.577646 -10.789778 2.4
v 6.65 -10.759808 2.4
v 6.712132 -10.712132 2.4
v 6.759808 -10.65 2.4
v 6.789778 -10.577646 2.4
v 6.5 -10.577646 2.689778
v 6.5 -10.65 2.659808
v 6.5 -10.712132 2.612132
v 6.5 -10.759808 2.55
v 6.5 -10.789778 2.477646
v -6.779904 2.075 2.477646
v -6.629904 2.075 2.659808
v -6.567243 2.038823 2.689778
v -6.554904 2.054904 2.689778
v -6.5 2.077646 2.689778
v -6.520096 2.075 2.689778
v -6.575 2.020096 2.689778
v -6.644889 2.038823 2.659808
v -6.704904 2.054904 2.612132
v -6.606066 2.106066 2.659808
v -6.538823 2.067243 2.689778
v -6.575 2.129904 2.659808
v -6.538823 2.144889 2.659808
v -6.5 2.15 2.659808
v -6.683712 2.106066 2.612132
v -6.65 2.15 2.612132
v -6.606066 2.183712 2.612132
v -6.554904 2.204904 2.612132
v -6.5 2.212132 2.612132
v -6.750955 2.067243 2.55
v -6.725 2.129904 2.55
v -6.683712 2.183712 2.55
v -6.629904 2.225 2.55
v -6.567243 2.250955 2.55
v -6.5 2.259808 2.55
v -6.750955 2.144889 2.477646
v -6.704904 2.204904 2.477646
v -6.644889 2.250955 2.477646
v -6.575 2.279904 2.477646
v -6.5 2.289778 2.477646
v 6.789778 -10.5 2.477646
v 6.779904 -10.575 2.477646
v 6.629904 -10.575 2.659808
v 6.567243 -10.538823 2.689778
v 6.554904 -10.554904 2.689778
v 6.520096 -10.575 2.689778
v 6.575 -10.520096 2.689778
v 6.644889 -10.538823 2.659808
v 6.704904 -10.554904 2.612132
v 6.577646 -10.5 2.689778
v 6.606066 -10.606067 2.659808
v 6.538823 -10.567244 2.689778
v 6.575 -10.629904 2.659808
v 6.538823 -10.644889 2.659808
v 6.65 -10.5 2.659808
v 6.712132 -10.5 2.612132
v 6.759808 -10.5 2.55
v 6.683712 -10.606067 2.612132
v 6.65 -10.65 2.612132
v 6.606066 -10.683712 2.612132
v 6.554904 -10.704904 2.612132
v 6.750955 -10.567244 2.55
v 6.725 -10.629904 2.55
v 6.683712 -10.683712 2.55
v 6.629904 -10.725 2.55
v 6.567243 -10.750955 2.55
v 6.750955 -10.644889 2.477646
v 6.704904 -10.704904 2.477646
v 6.644889 -10.750955 2.477646
v 6.575 -10.779904 2.477646
v -3.297433 2.297434 2.439158
v -3.289778 2.289778 2.477646
v -3.277164 2.277164 2.514805
v -3.259808 2.259808 2.55
v -3.238006 2.238006 2.582628
v -3.212132 2.212132 2.612132
v -3.15 2.15 2.659808
v -3.077646 2.077646 2.689778
v 6.789778 5.577646 0.8
v 6.789778 5.577646 2.4
v 6.759808 5.65 0.8
v 6.759808 5.65 2.4
v 6.712132 5.712132 0.8
v 6.712132 5.712132 2.4
v 6.65 5.759808 0.8
v 6.65 5.759808 2.4
v 6.577646 5.789778 0.8
v 6.577646 5.789778 2.4
v 6.577646 5.5 2.689778
v 6.65 5.5 2.659808
v 6.712132 5.5 2.612132
v 6.759808 5.5 2.55
v 6.789778 5.5 2.477646
v -3.077646 5.5 2.689778
v -3.15 5.5 2.659808
v -3.212132 5.5 2.612132
v -3.259808 5.5 2.55
v -3.289778 5.5 2.477646
v -3.289778 5.577646 2.4
v -3.259808 5.65 2.4
v -3.212132 5.712132 2.4
v -3.15 5.759808 2.4
v -3.077646 5.789778 2.4
v 6.5 5.789778 2.477646
v 6.575 5.779904 2.477646
v 6.575 5.629904 2.659808
v 6.538823 5.567243 2.689778
v 6.554904 5.554904 2.689778
v 6.575 5.520096 2.689778
v 6.520096 5.575 2.689778
v 6.538823 5.644889 2.659808
v 6.554904 5.704904 2.612132
v 6.5 5.577646 2.689778
v 6.606066 5.606066 2.659808
v 6.567243 5.538823 2.689778
v 6.629904 5.575 2.659808
v 6.644889 5.538823 2.659808
v 6.5 5.65 2.659808
v 6.5 5.712132 2.612132
v 6.5 5.759808 2.55
v 6.606066 5.683712 2.612132
v 6.65 5.65 2.612132
v 6.683712 5.606066 2.612132
v 6.704904 5.554904 2.612132
v 6.567243 5.750955 2.55
v 6.629904 5.725 2.55
v 6.683712 5.683712 2.55
v 6.725 5.629904 2.55
v 6.750955 5.567243 2.55
v 6.644889 5.750955 2.477646
v 6.704904 5.704904 2.477646
v 6.750955 5.644889 2.477646
v 6.779904 5.575 2.477646
v -3.279904 5.575 2.477646
v -3.129904 5.575 2.659808
v -3.067243 5.538823 2.689778
v -3.054904 5.554904 2.689778
v -3.0 5.577646 2.689778
v -3.020096 5.575 2.689778
v -3.075 5.520096 2.689778
v -3.144889 5.538823 2.659808
v -3.204904 5.554904 2.612132
v -3.106066 5.606066 2.659808
v -3.038823 5.567243 2.689778
v -3.075 5.629904 2.659808
v -3.038823 5.644889 2.659808
v -3.0 5.65 2.659808
v -3.183712 5.606066 2.612132
v -3.15 5.65 2.612132
v -3.106066 5.683712 2.612132
v -3.054904 5.704904 2.612132
v -3.0 5.712132 2.612132
v -3.250955 5.567243 2.55
v -3.225 5.629904 2.55
v -3.183712 5.683712 2.55
v -3.129904 5.725 2.55
v -3.067243 5.750955 2.55
v -3.0 5.759808 2.55
v -3.250955 5.644889 2.477646
v -3.204904 5.704904 2.477646
v -3.144889 5.750955 2.477646
v -3.075 5.779904 2.477646
v -3.0 5.789778 2.477646
v 7.825 -10.196891 -0.21
v 7.01 -10.0 -0.21
v 7.909413 -10.161926 -0.21
v 7.005 -10.998661 -0.21
v 7.002929 -10.997071 -0.21
v 7.661926 -10.590587 -0.21
v 7.00134 -10.995 -0.21
v 7.696891 -10.675 -0.21
v 7.752512 -10.747488 -0.21
v 7.01 -11.0 -0.21
v 7.825 -10.803109 -0.21
v 7.909413 -10.838074 -0.21
v 7.00134 -10.005 -0.21
v 7.002929 -10.002929 -0.21
v 7.661926 -10.409413 -0.21
v 7.007411 -10.99966 -0.21
v 7.00034 -10.992588 -0.21
v 7.0 -10.990001 -0.21
v 7.65 -10.5 -0.21
v 7.0 -10.01 -0.21
v 7.00034 -10.007412 -0.21
v 7.752512 -10.252513 -0.21
v 7.696891 -10.325 -0.21
v 7.007411 -10.00034 -0.21
v 7.005 -10.00134 -0.21
v 7.4 -11.0 0.81
v 7.4 -10.0 0.81
v 7.825 -10.803109 0.81
v 7.752512 -10.747488 0.81
v 7.661926 -10.409413 0.81
v 7.696891 -10.325 0.81
v 7.909413 -10.838074 0.81
v 7.696891 -10.675 0.81
v 7.661926 -10.590587 0.81
v 7.65 -10.5 0.81
v 7.752512 -10.252513 0.81
v 7.825 -10.196891 0.81
v 7.909413 -10.161926 0.81
v 7.825 -8.196891 -0.21
v 7.752512 -8.252513 -0.21
v 7.0 -8.0 -0.21
v 7.696891 -8.325001 -0.21
v 7.909413 -8.161925 -0.21
v 7.661926 -8.409413 -0.21
v 7.65 -8.5 -0.21
v 7.0 -9.0 -0.21
v 7.661926 -8.590587 -0.21
v 7.696891 -8.674999 -0.21
v 7.752512 -8.747487 -0.21
v 7.825 -8.803109 -0.21
v 7.909413 -8.838075 -0.21
v 7.4 -9.0 0.81
v 7.4 -8.0 0.81
v 7.825 -8.803109 0.81
v 7.752512 -8.747487 0.81
v 7.661926 -8.409413 0.81
v 7.696891 -8.325001 0.81
v 7.909413 -8.838075 0.81
v 7.696891 -8.674999 0.81
v 7.661926 -8.590587 0.81
v 7.65 -8.5 0.81
v 7.752512 -8.252513 0.81
v 7.825 -8.196891 0.81
v 7.909413 -8.161925 0.81
v 7.825 -6.196891 -0.21
v 7.752512 -6.252513 -0.21
v 7.0 -6.0 -0.21
v 7.696891 -6.325 -0.21
v 7.696891 -6.675 -0.21
v 7.752512 -6.747488 -0.21
v 7.0 -7.0 -0.21
v 7.825 -6.803109 -0.21
v 7.909413 -6.838074 -0.21
v 7.909413 -6.161926 -0.21
v 7.661926 -6.409413 -0.21
v 7.65 -6.5 -0.21
v 7.661926 -6.590587 -0.21
v 7.4 -7.0 0.81
v 7.4 -6.0 0.81
v 7.825 -6.803109 0.81
v 7.752512 -6.747488 0.81
v 7.909413 -6.838074 0.81
v 7.661926 -6.409413 0.81
v 7.696891 -6.325 0.81
v 7.696891 -6.675 0.81
v 7.661926 -6.590587 0.81
v 7.65 -6.5 0.81
v 7.752512 -6.252513 0.81
v 7.825 -6.196891 0.81
v 7.909413 -6.161926 0.81
v 7.825 -4.196891 -0.21
v 7.752512 -4.252512 -0.21
v 7.0 -4.0 -0.21
v 7.696891 -4.325 -0.21
v 7.696891 -4.675 -0.21
v 7.752512 -4.747488 -0.21
v 7.0 -5.0 -0.21
v 7.825 -4.803109 -0.21
v 7.909413 -4.838074 -0.21
v 7.909413 -4.161926 -0.21
v 7.661926 -4.409413 -0.21
v 7.65 -4.5 -0.21
v 7.661926 -4.590587 -0.21
v 7.4 -5.0 0.81
v 7.4 -4.0 0.81
v 7.825 -4.803109 0.81
v 7.752512 -4.747488 0.81
v 7.909413 -4.838074 0.81
v 7.661926 -4.409413 0.81
v 7.696891 -4.325 0.81
v 7.696891 -4.675 0.81
v 7.661926 -4.590587 0.81
v 7.65 -4.5 0.81
v 7.752512 -4.252512 0.81
v 7.825 -4.196891 0.81
v 7.909413 -4.161926 0.81
v 7.825 -2.196891 -0.21
v 7.752512 -2.252513 -0.21
v 7.0 -2.0 -0.21
v 7.696891 -2.325 -0.21
v 7.696891 -2.675 -0.21
v 7.752512 -2.747487 -0.21
v 7.0 -3.0 -0.21
v 7.825 -2.803109 -0.21
v 7.909413 -2.838074 -0.21
v 7.909413 -2.161926 -0.21
v 7.661926 -2.409413 -0.21
v 7.65 -2.5 -0.21
v 7.661926 -2.590587 -0.21
v 7.4 -3.0 0.81
v 7.4 -2.0 0.81
v 7.909413 -2.838074 0.81
v 7.825 -2.803109 0.81
v 7.752512 -2.747487 0.81
v 7.696891 -2.675 0.81
v 7.696891 -2.325 0.81
v 7.752512 -2.252513 0.81
v 7.825 -2.196891 0.81
v 7.909413 -2.161926 0.81
v 7.661926 -2.590587 0.81
v 7.65 -2.5 0.81
v 7.661926 -2.409413 0.81
v 7.825 -0.196891 -0.21
v 7.752512 -0.252513 -0.21
v 7.0 -0.0 -0.21
v 7.696891 -0.325 -0.21
v 7.909413 -0.161926 -0.21
v 7.661926 -0.409413 -0.21
v 7.65 -0.5 -0.21
v 7.0 -1.0 -0.21
v 7.661926 -0.590587 -0.21
v 7.696891 -0.675 -0.21
v 7.752512 -0.747487 -0.21
v 7.825 -0.803109 -0.21
v 7.909413 -0.838074 -0.21
v 7.4 -1.0 0.81
v 7.4 -0.0 0.81
v 7.752512 -0.747487 0.81
v 7.696891 -0.675 0.81
v 7.825 -0.803109 0.81
v 7.909413 -0.838074 0.81
v 7.696891 -0.325 0.81
v 7.752512 -0.252513 0.81
v 7.825 -0.196891 0.81
v 7.909413 -0.161926 0.81
v 7.661926 -0.590587 0.81
v 7.65 -0.5 0.81
v 7.661926 -0.409413 0.81
v 7.825 1.803109 -0.21
v 7.752512 1.747487 -0.21
v 7.0 2.0 -0.21
v 7.696891 1.675 -0.21
v 7.909413 1.838074 -0.21
v 7.661926 1.590587 -0.21
v 7.65 1.5 -0.21
v 7.0 1.0 -0.21
v 7.661926 1.409413 -0.21
v 7.696891 1.325 -0.21
v 7.752512 1.252513 -0.21
v 7.825 1.196891 -0.21
v 7.909413 1.161926 -0.21
v 7.4 1.0 0.81
v 7.4 2.0 0.81
v 7.752512 1.252513 0.81
v 7.696891 1.325 0.81
v 7.825 1.196891 0.81
v 7.909413 1.161926 0.81
v 7.696891 1.675 0.81
v 7.752512 1.747487 0.81
v 7.825 1.803109 0.81
v 7.909413 1.838074 0.81
v 7.661926 1.409413 0.81
v 7.65 1.5 0.81
v 7.661926 1.590587 0.81
v 7.825 3.803109 -0.21
v 7.752512 3.747488 -0.21
v 7.0 4.0 -0.21
v 7.696891 3.675 -0.21
v 7.696891 3.325 -0.21
v 7.752512 3.252512 -0.21
v 7.0 3.0 -0.21
v 7.825 3.196891 -0.21
v 7.909413 3.161926 -0.21
v 7.909413 3.838074 -0.21
v 7.661926 3.590587 -0.21
v 7.65 3.5 -0.21
v 7.661926 3.409413 -0.21
v 7.4 3.0 0.81
v 7.4 4.0 0.81
v 7.909413 3.161926 0.81
v 7.825 3.196891 0.81
v 7.752512 3.252512 0.81
v 7.696891 3.325 0.81
v 7.696891 3.675 0.81
v 7.752512 3.747488 0.81
v 7.825 3.803109 0.81
v 7.909413 3.838074 0.81
v 7.661926 3.409413 0.81
v 7.65 3.5 0.81
v 7.661926 3.590587 0.81
v -7.825 -10.803109 -0.21
v -7.752512 -10.747488 -0.21
v -7.0 -11.0 -0.21
v -7.909413 -10.838074 -0.21
v -7.661926 -10.409413 -0.21
v -7.696891 -10.325 -0.21
v -7.0 -10.0 -0.21
v -7.752512 -10.252513 -0.21
v -7.825 -10.196891 -0.21
v -7.909413 -10.161926 -0.21
v -7.696891 -10.675 -0.21
v -7.661926 -10.590587 -0.21
v -7.65 -10.5 -0.21
v -7.825 -8.803109 -0.21
v -7.752512 -8.747487 -0.21
v -7.0 -9.0 -0.21
v -7.909413 -8.838075 -0.21
v -7.661926 -8.409413 -0.21
v -7.696891 -8.325001 -0.21
v -7.0 -8.0 -0.21
v -7.752512 -8.252513 -0.21
v -7.825 -8.196891 -0.21
v -7.909413 -8.161925 -0.21
v -7.696891 -8.674999 -0.21
v -7.661926 -8.590587 -0.21
v -7.65 -8.5 -0.21
v -7.825 -6.803109 -0.21
v -7.752512 -6.747488 -0.21
v -7.0 -7.0 -0.21
v -7.661926 -6.409413 -0.21
v -7.696891 -6.325 -0.21
v -7.0 -6.0 -0.21
v -7.752512 -6.252513 -0.21
v -7.825 -6.196891 -0.21
v -7.909413 -6.161926 -0.21
v -7.909413 -6.838074 -0.21
v -7.696891 -6.675 -0.21
v -7.661926 -6.590587 -0.21
v -7.65 -6.5 -0.21
v -7.825 -4.803109 -0.21
v -7.752512 -4.747488 -0.21
v -7.0 -5.0 -0.21
v -7.661926 -4.409413 -0.21
v -7.696891 -4.325 -0.21
v -7.0 -4.0 -0.21
v -7.752512 -4.252512 -0.21
v -7.825 -4.196891 -0.21
v -7.909413 -4.161926 -0.21
v -7.909413 -4.838074 -0.21
v -7.696891 -4.675 -0.21
v -7.661926 -4.590587 -0.21
v -7.65 -4.5 -0.21
v -7.661926 -2.409413 -0.21
v -7.696891 -2.325 -0.21
v -7.0 -2.0 -0.21
v -7.825 -2.803109 -0.21
v -7.752512 -2.747487 -0.21
v -7.0 -3.0 -0.21
v -7.909413 -2.838074 -0.21
v -7.696891 -2.675 -0.21
v -7.661926 -2.590587 -0.21
v -7.65 -2.5 -0.21
v -7.752512 -2.252513 -0.21
v -7.825 -2.196891 -0.21
v -7.909413 -2.161926 -0.21
v -7.661926 -0.409413 -0.21
v -7.696891 -0.325 -0.21
v -7.0 -0.0 -0.21
v -7.825 -0.803109 -0.21
v -7.752512 -0.747487 -0.21
v -7.0 -1.0 -0.21
v -7.909413 -0.838074 -0.21
v -7.752512 -0.252513 -0.21
v -7.825 -0.196891 -0.21
v -7.909413 -0.161926 -0.21
v -7.696891 -0.675 -0.21
v -7.661926 -0.590587 -0.21
v -7.65 -0.5 -0.21
v -7.661926 1.590587 -0.21
v -7.696891 1.675 -0.21
v -7.0 2.0 -0.21
v -7.825 1.196891 -0.21
v -7.752512 1.252513 -0.21
v -7.0 1.0 -0.21
v -7.909413 1.161926 -0.21
v -7.752512 1.747487 -0.21
v -7.825 1.803109 -0.21
v -7.909413 1.838074 -0.21
v -7.696891 1.325 -0.21
v -7.661926 1.409413 -0.21
v -7.65 1.5 -0.21
v -7.661926 3.590587 -0.21
v -7.696891 3.675 -0.21
v -7.0 4.0 -0.21
v -7.825 3.196891 -0.21
v -7.752512 3.252512 -0.21
v -7.0 3.0 -0.21
v -7.909413 3.161926 -0.21
v -7.696891 3.325 -0.21
v -7.661926 3.409413 -0.21
v -7.65 3.5 -0.21
v -7.752512 3.747488 -0.21
v -7.825 3.803109 -0.21
v -7.909413 3.838074 -0.21
v 4.816284 -9.038954 2.71
v 4.816284 -9.069869 2.71
newmtl 6
Ka 0.0 0.0 0.0
Kd 0.0 0.0 0.0
Ks 0.0 0.0 0.0
d 0.0
endmtl
v 4.708288 -9.038954 2.71
v 4.708288 -8.7987 2.71
v 4.673283 -8.7987 2.71
v 4.673283 -9.069869 2.71
v 4.955335 -9.074444 2.71
v 4.998364 -9.070126 2.71
v 5.027007 -9.060359 2.71
v 5.030405 -9.05864 2.71
v 5.030405 -9.02509 2.71
v 5.002648 -9.037399 2.71
v 4.971773 -9.042872 2.71
v 4.960394 -9.043251 2.71
v 4.93511 -9.040456 2.71
v 4.915441 -9.033352 2.71
v 4.897371 -9.021136 2.71
v 4.890731 -9.014693 2.71
v 4.876928 -8.995251 2.71
v 4.868395 -8.973156 2.71
v 4.864131 -8.939867 2.71
v 4.864113 -8.937335 2.71
v 4.868369 -8.900897 2.71
v 4.877332 -8.877292 2.71
v 4.890322 -8.858334 2.71
v 4.892602 -8.855818 2.71
v 4.909927 -8.841305 2.71
v 4.931103 -8.831119 2.71
v 4.954485 -8.826287 2.71
v 4.966495 -8.825734 2.71
v 5.000921 -8.829986 2.71
v 5.030405 -8.841815 2.71
v 5.030405 -8.805216 2.71
v 4.966148 -8.794126 2.71
v 4.968638 -8.794137 2.71
v 5.003711 -8.797285 2.71
v 4.928967 -8.798381 2.71
v 4.900318 -8.808993 2.71
v 4.873795 -8.827164 2.71
v 4.866539 -8.834052 2.71
v 4.833744 -8.890746 2.71
v 4.846442 -8.860493 2.71
v 4.827779 -8.926359 2.71
v 4.827375 -8.939414 2.71
v 4.842046 -9.008527 2.71
v 4.831665 -8.979297 2.71
v 4.857578 -9.032262 2.71
v 4.862172 -9.037429 2.71
v 4.882702 -9.054723 2.71
v 4.937175 -9.073486 2.71
v 4.908089 -9.067119 2.71
v 5.230524 -9.038954 2.71
v 5.230524 -9.069869 2.71
v 5.119686 -9.038954 2.71
v 5.119686 -8.947732 2.71
v 5.21666 -8.947732 2.71
v 5.21666 -8.916677 2.71
v 5.119686 -8.916677 2.71
v 5.119686 -8.829893 2.71
v 5.224355 -8.829893 2.71
v 5.224355 -8.7987 2.71
v 5.084681 -8.7987 2.71
v 5.084681 -9.069869 2.71
v 5.433062 -9.014078 2.71
v 5.455749 -9.037059 2.71
v 5.436742 -9.010673 2.71
v 5.461627 -9.031883 2.71
v 5.450907 -8.992828 2.71
v 5.482547 -9.006689 2.71
v 5.459999 -8.972451 2.71
v 5.495589 -8.978461 2.71
v 5.465001 -8.947206 2.71
v 5.501862 -8.946446 2.71
v 5.465717 -8.931789 2.71
v 5.502524 -8.93082 2.71
v 5.462377 -8.900586 2.71
v 5.498278 -8.894517 2.71
v 5.455078 -8.880048 2.71
v 5.488433 -8.868467 2.71
v 5.444902 -8.864435 2.71
v 5.471804 -8.844634 2.71
v 5.43598 -8.855402 2.71
v 5.461627 -8.834607 2.71
v 5.415133 -8.841725 2.71
v 5.433311 -8.815266 2.71
v 5.391391 -8.833455 2.71
v 5.400595 -8.803292 2.71
v 5.357721 -8.829893 2.71
v 5.359107 -8.7987 2.71
v 5.316754 -8.829893 2.71
v 5.281749 -8.7987 2.71
v 5.316754 -9.038954 2.71
v 5.281749 -9.069869 2.71
v 5.356126 -9.038954 2.71
v 5.356335 -9.069869 2.71
v 5.392828 -9.034692 2.71
v 5.397032 -9.065573 2.71
v 5.415441 -9.02612 2.71
v 5.428991 -9.054404 2.71
v 5.357721 -8.829893 2.7
v 5.316754 -8.829893 2.7
v 5.316754 -9.038954 2.7
v 5.356126 -9.038954 2.7
v 5.436742 -9.010673 2.7
v 5.433062 -9.014078 2.7
v 5.415441 -9.02612 2.7
v 5.392828 -9.034692 2.7
v 5.465717 -8.931789 2.7
v 5.465001 -8.947206 2.7
v 5.459999 -8.972451 2.7
v 5.450907 -8.992828 2.7
v 5.43598 -8.855402 2.7
v 5.444902 -8.864435 2.7
v 5.455078 -8.880048 2.7
v 5.462377 -8.900586 2.7
v 5.391391 -8.833455 2.7
v 5.415133 -8.841725 2.7
v 5.593399 -8.965062 2.71
v 5.582308 -8.9957 2.71
v 5.684412 -8.965062 2.71
v 5.695226 -8.9957 2.71
v 5.63395 -8.852351 2.71
v 5.620849 -8.7987 2.71
v 5.517566 -9.069869 2.71
v 5.556245 -9.069869 2.71
v 5.636298 -8.844259 2.71
v 5.638386 -8.833359 2.71
v 5.65828 -8.7987 2.71
v 5.639218 -8.833359 2.71
v 5.64141 -8.844831 2.71
v 5.643446 -8.852351 2.71
v 5.761563 -9.069869 2.71
v 5.722884 -9.069869 2.71
v 5.593399 -8.965062 2.7
v 5.684412 -8.965062 2.7
v 5.643446 -8.852351 2.7
v 5.639218 -8.833359 2.7
v 5.64141 -8.844831 2.7
v 5.638386 -8.833359 2.7
v 5.63395 -8.852351 2.7
v 5.636298 -8.844259 2.7
v 4.819126 -9.469136 2.71
v 4.819126 -9.500051 2.71
v 4.708288 -9.469136 2.71
v 4.708288 -9.377914 2.71
v 4.805263 -9.377914 2.71
v 4.805263 -9.346861 2.71
v 4.708288 -9.346861 2.71
v 4.708288 -9.260076 2.71
v 4.812957 -9.260076 2.71
v 4.812957 -9.228884 2.71
v 4.673283 -9.228884 2.71
v 4.673283 -9.500051 2.71
v 4.973288 -9.500051 2.71
v 5.007253 -9.500051 2.71
v 4.973288 -9.470107 2.71
v 5.007253 -9.37542 2.71
v 4.973288 -9.376944 2.71
v 4.900489 -9.416916 2.71
v 4.909201 -9.413103 2.71
v 4.927954 -9.408969 2.71
v 4.973288 -9.402869 2.71
v 4.973288 -9.421447 2.71
v 4.972387 -9.470107 2.71
v 4.954472 -9.465118 2.71
v 4.967095 -9.478161 2.71
v 4.944873 -9.471596 2.71
v 4.973255 -9.4237 2.71
v 4.971068 -9.438854 2.71
v 4.966086 -9.450973 2.71
v 4.958731 -9.460957 2.71
v 4.972106 -9.361925 2.71
v 5.00464 -9.349744 2.71
v 4.968594 -9.349832 2.71
v 4.999328 -9.334264 2.71
v 4.964603 -9.342837 2.71
v 4.992385 -9.323275 2.71
v 4.959469 -9.337375 2.71
v 4.983332 -9.314605 2.71
v 4.953439 -9.333488 2.71
v 4.972052 -9.308149 2.71
v 4.94556 -9.330736 2.71
v 4.957744 -9.303798 2.71
v 4.934054 -9.329532 2.71
v 4.937243 -9.301943 2.71
v 4.913513 -9.331701 2.71
v 4.902575 -9.306183 2.71
v 4.892291 -9.339031 2.71
v 4.877358 -9.316018 2.71
v 4.87056 -9.352961 2.71
v 4.87056 -9.319965 2.71
v 4.893042 -9.465124 2.71
v 4.868272 -9.489377 2.71
v 4.89593 -9.468027 2.71
v 4.87971 -9.497357 2.71
v 4.902698 -9.47265 2.71
v 4.892733 -9.502268 2.71
v 4.910382 -9.475469 2.71
v 4.913051 -9.504626 2.71
v 4.921854 -9.476761 2.71
v 4.930564 -9.502688 2.71
v 4.934568 -9.475339 2.71
v 4.944335 -9.497712 2.71
v 4.956368 -9.489712 2.71
v 4.886374 -9.440039 2.71
v 4.851747 -9.44378 2.71
v 4.886086 -9.44543 2.71
v 4.851636 -9.448202 2.71
v 4.88695 -9.453228 2.71
v 4.853308 -9.463598 2.71
v 4.889181 -9.459398 2.71
v 4.857416 -9.47509 2.71
v 4.864474 -9.485527 2.71
v 4.915893 -9.384985 2.71
v 4.890601 -9.391163 2.71
v 4.895098 -9.420892 2.71
v 4.875991 -9.398556 2.71
v 4.891032 -9.425925 2.71
v 4.865505 -9.407556 2.71
v 4.888051 -9.43226 2.71
v 4.858671 -9.417249 2.71
v 4.853962 -9.429191 2.71
v 4.895098 -9.420892 2.7
v 4.900489 -9.416916 2.7
v 4.909201 -9.413103 2.7
v 4.927954 -9.408969 2.7
v 4.886086 -9.44543 2.7
v 4.886374 -9.440039 2.7
v 4.888051 -9.43226 2.7
v 4.891032 -9.425925 2.7
v 4.89593 -9.468027 2.7
v 4.893042 -9.465124 2.7
v 4.889181 -9.459398 2.7
v 4.88695 -9.453228 2.7
v 4.921854 -9.476761 2.7
v 4.910382 -9.475469 2.7
v 4.902698 -9.47265 2.7
v 4.958731 -9.460957 2.7
v 4.954472 -9.465118 2.7
v 4.944873 -9.471596 2.7
v 4.934568 -9.475339 2.7
v 4.973288 -9.421447 2.7
v 4.973255 -9.4237 2.7
v 4.971068 -9.438854 2.7
v 4.966086 -9.450973 2.7
v 4.973288 -9.402869 2.7
v 5.05328 -9.458184 2.71
v 5.066559 -9.466396 2.71
v 5.109149 -9.4769 2.71
v 5.087854 -9.474411 2.71
v 5.05328 -9.493258 2.71
v 5.077583 -9.50174 2.71
v 5.105823 -9.504626 2.71
v 5.133821 -9.501648 2.71
v 5.152335 -9.495126 2.71
v 5.162247 -9.489239 2.71
v 5.171964 -9.48074 2.71
v 5.178295 -9.471782 2.71
v 5.182466 -9.461019 2.71
v 5.184082 -9.447371 2.71
v 5.182677 -9.434717 2.71
v 5.179053 -9.424703 2.71
v 5.172713 -9.415346 2.71
v 5.164614 -9.40812 2.71
v 5.142056 -9.395575 2.71
v 5.128905 -9.390254 2.71
v 5.107884 -9.381104 2.71
v 5.09591 -9.373617 2.71
v 5.092597 -9.369971 2.71
v 5.09015 -9.365389 2.71
v 5.088802 -9.360113 2.71
v 5.088493 -9.355595 2.71
v 5.089108 -9.350178 2.71
v 5.090784 -9.345592 2.71
v 5.093697 -9.341269 2.71
v 5.098821 -9.33674 2.71
v 5.106437 -9.33269 2.71
v 5.115523 -9.330286 2.71
v 5.125577 -9.329532 2.71
v 5.147883 -9.332067 2.71
v 5.167039 -9.339091 2.71
v 5.174793 -9.343534 2.71
v 5.174793 -9.310539 2.71
v 5.14763 -9.303223 2.71
v 5.128905 -9.301943 2.71
v 5.103895 -9.304667 2.71
v 5.085274 -9.31134 2.71
v 5.075253 -9.317332 2.71
v 5.065184 -9.326384 2.71
v 5.058873 -9.335565 2.71
v 5.054828 -9.3465 2.71
v 5.053488 -9.358644 2.71
v 5.054948 -9.371832 2.71
v 5.058694 -9.382204 2.71
v 5.063123 -9.389283 2.71
v 5.104921 -9.41493 2.71
v 5.084675 -9.40565 2.71
v 5.068679 -9.395095 2.71
v 5.127223 -9.424271 2.71
v 5.140481 -9.43226 2.71
v 5.144713 -9.436666 2.71
v 5.147339 -9.441169 2.71
v 5.148882 -9.446473 2.71
v 5.149215 -9.450698 2.71
v 5.148511 -9.457177 2.71
v 5.146785 -9.462008 2.71
v 5.14382 -9.466393 2.71
v 5.139922 -9.469851 2.71
v 5.136825 -9.471731 2.71
v 5.128061 -9.474938 2.71
v 5.11065 -9.476891 2.71
v 5.352453 -9.306379 2.71
v 5.387666 -9.306379 2.71
v 5.299563 -9.452223 2.71
v 5.296964 -9.461251 2.71
v 5.295405 -9.467889 2.71
v 5.294504 -9.467889 2.71
v 5.290344 -9.451945 2.71
v 5.239743 -9.306379 2.71
v 5.201757 -9.306379 2.71
v 5.277729 -9.499636 2.71
v 5.262825 -9.534849 2.71
v 5.256182 -9.54704 2.71
v 5.249856 -9.554129 2.71
v 5.243622 -9.558457 2.71
v 5.236184 -9.561246 2.71
v 5.228028 -9.56216 2.71
v 5.215707 -9.560555 2.71
v 5.208758 -9.558278 2.71
v 5.208758 -9.5885 2.71
v 5.223165 -9.591003 2.71
v 5.230662 -9.591273 2.71
v 5.244384 -9.589695 2.71
v 5.257788 -9.58459 2.71
v 5.26965 -9.576299 2.71
v 5.271966 -9.574176 2.71
v 5.284396 -9.559249 2.71
v 5.299772 -9.529304 2.71
v 5.570108 -9.469136 2.71
v 5.570108 -9.500051 2.71
v 5.45927 -9.469136 2.71
v 5.45927 -9.377914 2.71
v 5.556245 -9.377914 2.71
v 5.556245 -9.346861 2.71
v 5.45927 -9.346861 2.71
v 5.45927 -9.260076 2.71
v 5.56394 -9.260076 2.71
v 5.56394 -9.228884 2.71
v 5.424265 -9.228884 2.71
v 5.424265 -9.500051 2.71
v 5.772646 -9.444261 2.71
v 5.795333 -9.467241 2.71
v 5.776328 -9.440855 2.71
v 5.801212 -9.462066 2.71
v 5.790492 -9.423011 2.71
v 5.822132 -9.436872 2.71
v 5.799583 -9.402634 2.71
v 5.835174 -9.408643 2.71
v 5.804585 -9.377389 2.71
v 5.841446 -9.376629 2.71
v 5.805302 -9.361972 2.71
v 5.842109 -9.361002 2.71
v 5.801962 -9.33077 2.71
v 5.837863 -9.324699 2.71
v 5.794663 -9.31023 2.71
v 5.828018 -9.29865 2.71
v 5.784487 -9.294618 2.71
v 5.811389 -9.274817 2.71
v 5.775565 -9.285584 2.71
v 5.801212 -9.26479 2.71
v 5.754718 -9.271908 2.71
v 5.772896 -9.245447 2.71
v 5.730977 -9.263638 2.71
v 5.74018 -9.233475 2.71
v 5.697306 -9.260076 2.71
v 5.698692 -9.228884 2.71
v 5.656339 -9.260076 2.71
v 5.621334 -9.228884 2.71
v 5.656339 -9.469136 2.71
v 5.621334 -9.500051 2.71
v 5.695711 -9.469136 2.71
v 5.69592 -9.500051 2.71
v 5.732413 -9.464874 2.71
v 5.736617 -9.495755 2.71
v 5.755026 -9.456303 2.71
v 5.768576 -9.484587 2.71
v 5.697306 -9.260076 2.7
v 5.656339 -9.260076 2.7
v 5.656339 -9.469136 2.7
v 5.695711 -9.469136 2.7
v 5.776328 -9.440855 2.7
v 5.772646 -9.444261 2.7
v 5.755026 -9.456303 2.7
v 5.732413 -9.464874 2.7
v 5.805302 -9.361972 2.7
v 5.804585 -9.377389 2.7
v 5.799583 -9.402634 2.7
v 5.790492 -9.423011 2.7
v 5.775565 -9.285584 2.7
v 5.784487 -9.294618 2.7
v 5.794663 -9.31023 2.7
v 5.801962 -9.33077 2.7
v 5.730977 -9.263638 2.7
v 5.754718 -9.271908 2.7
v 5.932984 -9.395245 2.71
v 5.921893 -9.425882 2.71
v 6.023998 -9.395245 2.71
v 6.034811 -9.425882 2.71
v 5.973535 -9.282534 2.71
v 5.960434 -9.228884 2.71
v 5.857151 -9.500051 2.71
v 5.89583 -9.500051 2.71
v 5.975883 -9.274442 2.71
v 5.977971 -9.263541 2.71
v 5.997865 -9.228884 2.71
v 5.978803 -9.263541 2.71
v 5.980995 -9.275014 2.71
v 5.983031 -9.282534 2.71
v 6.101148 -9.500051 2.71
v 6.062469 -9.500051 2.71
v 5.932984 -9.395245 2.7
v 6.023998 -9.395245 2.7
v 5.983031 -9.282534 2.7
v 5.978803 -9.263541 2.7
v 5.980995 -9.275014 2.7
v 5.977971 -9.263541 2.7
v 5.973535 -9.282534 2.7
v 5.975883 -9.274442 2.7
v 3.562599 -9.442903 2.71
v 3.563558 -9.424111 2.71
v 3.45829 -9.367962 2.71
v 3.42418 -9.033348 2.71
v 3.467039 -9.010383 2.71
v 3.457396 -8.891526 2.71
v 3.577825 -8.885965 2.71
v 3.637592 -9.026708 2.71
v 3.667145 -8.965568 2.71
v 3.536438 -9.598929 2.71
v 3.499718 -9.569224 2.71
v 3.472382 -9.53301 2.71
v 3.669531 -9.243002 2.71
v 3.63952 -9.240715 2.71
v 3.618737 -9.364595 2.71
v 4.249842 -9.099184 2.71
v 4.279983 -9.119644 2.71
v 4.379232 -9.054148 2.71
v 3.416103 -9.341945 2.71
v 3.431796 -9.489778 2.71
v 3.456362 -9.497136 2.71
v 3.533481 -8.88211 2.71
v 3.653643 -9.363921 2.71
v 3.671547 -9.370331 2.71
v 3.832318 -9.416162 2.71
v 3.687057 -9.3808 2.71
v 3.699478 -9.394664 2.71
v 4.102236 -9.27349 2.71
v 4.042469 -9.171307 2.71
v 3.784119 -9.306266 2.71
v 3.637592 -9.362178 2.71
v 3.461353 -9.36018 2.71
v 3.56924 -9.405966 2.71
v 3.483743 -9.320631 2.71
v 3.579204 -9.390018 2.71
v 3.516774 -9.285498 2.71
v 3.586826 -9.381961 2.71
v 3.557163 -9.259525 2.71
v 3.715439 -9.256066 2.71
v 3.6019 -9.371242 2.71
v 3.600216 -9.24483 2.71
v 3.707852 -9.410492 2.71
v 3.712255 -9.428369 2.71
v 3.832318 -9.43544 2.71
v 3.712283 -9.44601 2.71
v 4.41865 -9.10895 2.71
v 4.304907 -9.147476 2.71
v 4.442295 -9.167812 2.71
v 4.32242 -9.181075 2.71
v 4.451201 -9.231074 2.71
v 3.617348 -8.839935 2.71
v 3.710424 -8.913935 2.71
v 3.662656 -8.801134 2.71
v 3.761815 -8.876385 2.71
v 3.709685 -8.771998 2.71
v 3.514585 -8.998914 2.71
v 3.535409 -8.997788 2.71
v 3.555653 -8.883315 2.71
v 3.581461 -9.003597 2.71
v 3.624663 -9.0196 2.71
v 3.755373 -9.279211 2.71
v 4.165859 -9.08262 2.71
v 4.181283 -9.08262 2.71
v 4.260331 -8.978509 2.71
v 4.216039 -9.086676 2.71
v 4.269474 -8.981576 2.71
v 4.326878 -9.009975 2.71
v 4.379865 -9.414233 2.71
v 4.284938 -9.342752 2.71
v 4.327535 -9.458556 2.71
v 4.255275 -9.364682 2.71
v 4.268722 -9.487377 2.71
v 4.220459 -9.378787 2.71
v 4.204419 -9.500993 2.71
v 4.192851 -9.383385 2.71
v 4.090668 -9.500993 2.71
v 4.106092 -9.383385 2.71
v 4.079807 -9.499242 2.71
v 4.330947 -9.218248 2.71
v 4.331666 -9.233003 2.71
v 4.442418 -9.299642 2.71
v 4.327593 -9.268259 2.71
v 4.418252 -9.360707 2.71
v 4.314843 -9.302818 2.71
v 4.294116 -9.333205 2.71
v 4.156219 -8.826198 2.71
v 4.080218 -8.914293 2.71
v 4.21991 -8.899853 2.71
v 4.123857 -8.966111 2.71
v 4.153794 -9.028136 2.71
v 3.348418 -9.143686 2.71
v 3.221678 -9.176186 2.71
v 3.342611 -9.190587 2.71
v 3.221148 -9.194443 2.71
v 3.345028 -9.221004 2.71
v 3.230544 -9.270232 2.71
v 3.359018 -9.268111 2.71
v 3.258234 -9.341993 2.71
v 3.381573 -9.30639 2.71
v 3.302123 -9.404593 2.71
v 3.362139 -9.455797 2.71
v 3.385985 -8.919288 2.71
v 3.324679 -8.962422 2.71
v 3.391765 -9.062332 2.71
v 3.311763 -8.974652 2.71
v 3.364989 -9.100704 2.71
v 3.265286 -9.034279 2.71
v 3.234568 -9.103718 2.71
v 3.599571 -9.502182 2.71
v 3.616999 -9.509665 2.71
v 3.580096 -9.619069 2.71
v 3.634307 -9.512487 2.71
v 3.625314 -9.627731 2.71
v 3.637592 -9.512561 2.71
v 3.63952 -9.628239 2.71
v 3.656903 -9.51007 2.71
v 3.686421 -9.622433 2.71
v 3.673603 -9.503399 2.71
v 3.729403 -9.605861 2.71
v 3.688248 -9.492896 2.71
v 3.767774 -9.579084 2.71
v 3.698713 -9.481073 2.71
v 3.796759 -9.54667 2.71
v 3.707679 -9.464514 2.71
v 3.819724 -9.503811 2.71
v 3.831193 -9.456264 2.71
v 3.798583 -8.737703 2.71
v 3.824768 -8.850817 2.71
v 3.894014 -8.725943 2.71
v 3.895942 -8.841621 2.71
v 3.973483 -8.734292 2.71
v 3.96157 -8.849721 2.71
v 4.070234 -8.768387 2.71
v 4.02201 -8.872946 2.71
v 4.076148 -8.910595 2.71
v 3.584814 -9.49087 2.71
v 3.5738 -9.47719 2.71
v 3.566169 -9.460983 2.71
v 4.0964 -9.381593 2.71
v 4.050068 -9.480771 2.71
v 4.05455 -9.485332 2.71
v 4.102184 -9.382874 2.71
v 4.067053 -9.494222 2.71
v 4.034757 -9.441225 2.71
v 4.036586 -9.455585 2.71
v 4.041664 -9.468658 2.71
v 4.079584 -9.383375 2.71
v 4.066354 -9.3886 2.71
v 4.035246 -9.433616 2.71
v 4.054499 -9.397003 2.71
v 4.046532 -9.405788 2.71
v 4.039118 -9.418942 2.71
v 4.094524 -9.381457 2.71
v 3.637592 -9.362178 2.7
v 3.653643 -9.363921 2.7
v 3.671547 -9.370331 2.7
v 3.687057 -9.3808 2.7
v 3.699478 -9.394664 2.7
v 3.707852 -9.410492 2.7
v 3.712255 -9.428369 2.7
v 3.712283 -9.44601 2.7
v 3.707679 -9.464514 2.7
v 3.698713 -9.481073 2.7
v 3.688248 -9.492896 2.7
v 3.673603 -9.503399 2.7
v 3.656903 -9.51007 2.7
v 3.637592 -9.512561 2.7
v 3.634307 -9.512487 2.7
v 3.616999 -9.509665 2.7
v 3.599571 -9.502182 2.7
v 3.584814 -9.49087 2.7
v 3.5738 -9.47719 2.7
v 3.566169 -9.460983 2.7
v 3.562599 -9.442903 2.7
v 3.563558 -9.424111 2.7
v 3.56924 -9.405966 2.7
v 3.579204 -9.390018 2.7
v 3.586826 -9.381961 2.7
v 3.6019 -9.371242 2.7
v 3.618737 -9.364595 2.7
v 6.55584 8.084589 0.81
v 6.55584 10.341991 0.81
v 7.05584 8.084589 0.81
v 7.05584 10.841991 0.81
v 4.20278 10.841991 0.81
v 4.20278 8.971946 0.81
v 2.440417 8.971946 0.81
v 2.440417 10.841991 0.81
v -0.253906 10.841991 0.81
v -0.253906 8.971946 0.81
v -1.961215 8.971946 0.81
v -1.961215 10.841991 0.81
v -7.307908 10.841991 0.81
v -7.307908 6.269656 0.81
v -6.807908 6.269656 0.81
v -2.461215 8.471946 0.81
v 0.246094 8.471946 0.81
v 0.246094 10.341991 0.81
v 1.940417 10.341991 0.81
v 1.940417 8.471946 0.81
v 4.70278 8.471946 0.81
v 4.70278 10.341991 0.81
v -5.414393 6.843575 0.81
v -5.656868 6.843575 0.81
usemtl 1
f 1// 2// 3//
f 4// 5// 6//
f 7// 8// 9//
f 9// 8// 10//
f 9// 10// 11//
f 11// 10// 12//
f 3// 13// 14//
f 14// 13// 15//
f 16// 17// 18//
f 19// 20// 21//
f 22// 23// 3//
f 24// 25// 26//
f 27// 28// 29//
f 29// 28// 30//
f 30// 31// 32//
f 33// 34// 35//
f 35// 34// 36//
f 18// 22// 16//
f 16// 22// 3//
f 16// 3// 37//
f 37// 3// 14//
f 37// 14// 38//
f 38// 14// 39//
f 40// 41// 3//
f 42// 43// 44//
f 45// 46// 47//
f 47// 46// 48//
f 47// 48// 49//
f 26// 40// 24//
f 24// 40// 3//
f 24// 3// 50//
f 50// 3// 23//
f 50// 23// 51//
f 51// 23// 52//
f 53// 54// 55//
f 55// 54// 19//
f 55// 19// 56//
f 56// 19// 57//
f 58// 59// 60//
f 36// 19// 35//
f 35// 19// 21//
f 35// 21// 61//
f 61// 21// 45//
f 61// 45// 62//
f 62// 45// 47//
f 62// 47// 44//
f 44// 47// 63//
f 44// 63// 42//
f 64// 65// 48//
f 66// 67// 43//
f 43// 67// 68//
f 43// 68// 2//
f 69// 70// 71//
f 30// 32// 29//
f 29// 32// 72//
f 29// 72// 36//
f 72// 73// 36//
f 36// 73// 74//
f 36// 74// 19//
f 19// 74// 75//
f 19// 75// 57//
f 76// 77// 32//
f 78// 79// 80//
f 1// 3// 81//
f 60// 76// 58//
f 58// 76// 32//
f 58// 32// 82//
f 82// 32// 31//
f 82// 31// 83//
f 83// 31// 84//
f 80// 66// 78//
f 78// 66// 43//
f 78// 43// 85//
f 85// 43// 42//
f 85// 42// 86//
f 86// 42// 87//
f 71// 81// 69//
f 69// 81// 3//
f 69// 3// 88//
f 88// 3// 41//
f 88// 41// 89//
f 89// 41// 90//
f 91// 92// 65//
f 65// 92// 93//
f 65// 93// 48//
f 48// 93// 94//
f 48// 94// 49//
f 49// 94// 95//
f 49// 95// 96//
f 97// 98// 68//
f 68// 98// 99//
f 100// 101// 102//
f 100// 102// 68//
f 68// 102// 103//
f 68// 103// 97//
f 104// 105// 106//
f 106// 105// 64//
f 99// 107// 68//
f 68// 107// 108//
f 68// 108// 2//
f 2// 108// 109//
f 2// 109// 3//
f 110// 111// 112//
f 113// 114// 115//
f 116// 117// 77//
f 77// 117// 114//
f 77// 114// 32//
f 32// 114// 113//
f 118// 119// 120//
f 120// 119// 121//
f 122// 110// 123//
f 123// 110// 112//
f 123// 112// 53//
f 53// 112// 124//
f 53// 124// 54//
f 54// 124// 125//
f 122// 126// 110//
f 110// 126// 127//
f 110// 127// 128//
f 48// 110// 64//
f 64// 110// 128//
f 64// 128// 106//
f 106// 128// 101//
f 106// 101// 129//
f 129// 101// 100//
f 129// 100// 130//
f 130// 100// 131//
f 6// 15// 4//
f 4// 15// 13//
f 4// 13// 11//
f 11// 13// 132//
f 132// 133// 11//
f 11// 133// 134//
f 11// 134// 135//
f 9// 136// 137//
f 137// 138// 9//
f 9// 138// 139//
f 9// 139// 140//
f 141// 142// 115//
f 115// 142// 143//
f 115// 143// 113//
f 113// 143// 120//
f 113// 120// 140//
f 140// 120// 121//
f 140// 121// 9//
f 135// 144// 11//
f 11// 144// 145//
f 11// 145// 9//
f 9// 145// 146//
f 9// 146// 136//
usemtl 2
f 147// 96// 148//
f 148// 96// 95//
f 91// 149// 92//
f 92// 149// 150//
usemtl 3
f 151// 152// 153//
f 154// 155// 156//
f 157// 158// 159//
f 160// 161// 162//
f 162// 161// 163//
f 164// 165// 162//
f 162// 165// 166//
f 162// 166// 167//
f 167// 168// 162//
f 162// 168// 169//
f 162// 169// 160//
f 170// 171// 172//
f 172// 171// 173//
f 173// 171// 174//
f 173// 174// 175//
f 170// 172// 176//
f 176// 172// 177//
f 176// 177// 178//
f 177// 179// 178//
f 178// 179// 180//
f 178// 180// 181//
f 181// 180// 182//
f 181// 182// 183//
f 184// 185// 177//
f 177// 185// 186//
f 177// 186// 179//
f 187// 188// 189//
f 189// 190// 187//
f 187// 190// 191//
f 187// 191// 177//
f 177// 191// 192//
f 177// 192// 184//
f 193// 194// 195//
f 195// 194// 196//
f 195// 196// 197//
f 197// 198// 195//
f 195// 198// 199//
f 195// 199// 188//
f 188// 199// 200//
f 188// 200// 189//
f 201// 193// 202//
f 202// 193// 195//
f 202// 195// 203//
f 203// 195// 204//
f 205// 206// 207//
f 206// 208// 207//
f 207// 208// 209//
f 207// 209// 210//
f 210// 209// 211//
f 210// 211// 212//
f 212// 211// 213//
f 212// 213// 195//
f 195// 213// 214//
f 195// 214// 204//
f 215// 216// 217//
f 217// 216// 218//
f 218// 219// 217//
f 217// 219// 220//
f 217// 220// 205//
f 221// 222// 223//
f 224// 225// 226//
f 227// 228// 229//
f 230// 231// 232//
f 232// 231// 233//
f 224// 226// 234//
f 227// 229// 235//
f 223// 222// 229//
f 229// 222// 236//
f 229// 236// 235//
f 225// 237// 226//
f 226// 237// 238//
f 226// 238// 239//
f 240// 241// 242//
f 242// 241// 243//
f 242// 243// 244//
f 244// 243// 245//
f 240// 246// 241//
f 241// 246// 247//
f 241// 247// 248//
f 248// 247// 249//
f 248// 249// 250//
f 251// 252// 253//
f 253// 252// 254//
f 253// 254// 226//
f 226// 254// 255//
f 226// 255// 234//
f 245// 256// 244//
f 244// 256// 257//
f 244// 257// 231//
f 231// 257// 258//
f 231// 258// 233//
f 259// 260// 215//
f 215// 260// 261//
f 215// 261// 262//
f 262// 263// 215//
f 215// 263// 264//
f 215// 264// 265//
f 265// 264// 251//
f 265// 251// 266//
f 266// 251// 253//
f 267// 268// 226//
f 226// 268// 269//
f 226// 269// 231//
f 231// 269// 270//
f 231// 270// 271//
f 228// 272// 229//
f 229// 272// 273//
f 229// 273// 215//
f 215// 273// 274//
f 215// 274// 259//
f 239// 275// 226//
f 226// 275// 276//
f 226// 276// 277//
f 277// 278// 226//
f 226// 278// 279//
f 226// 279// 267//
f 280// 281// 282//
f 280// 282// 283//
f 271// 284// 231//
f 231// 284// 282//
f 231// 282// 244//
f 244// 282// 281//
f 244// 281// 285//
f 285// 281// 286//
f 287// 288// 282//
f 282// 288// 289//
f 282// 289// 283//
f 290// 291// 292//
f 291// 293// 292//
f 292// 293// 294//
f 292// 294// 295//
f 296// 292// 297//
f 286// 281// 296//
f 296// 281// 298//
f 296// 298// 292//
f 292// 298// 299//
f 292// 299// 290//
f 297// 300// 296//
f 296// 300// 301//
f 296// 301// 302//
f 295// 294// 303//
f 303// 294// 304//
f 303// 304// 305//
f 305// 304// 306//
f 305// 306// 307//
f 308// 309// 302//
f 302// 309// 310//
f 302// 310// 296//
f 161// 311// 163//
f 163// 311// 312//
f 163// 312// 223//
f 223// 312// 313//
f 223// 313// 221//
f 314// 315// 316//
f 316// 315// 317//
f 316// 317// 318//
f 319// 320// 321//
f 321// 320// 322//
f 315// 323// 317//
f 317// 323// 324//
f 317// 324// 325//
f 325// 324// 326//
f 325// 326// 327//
f 327// 326// 328//
f 327// 328// 322//
f 322// 328// 329//
f 322// 329// 321//
f 330// 331// 332//
f 332// 331// 333//
f 334// 335// 336//
f 336// 335// 337//
f 336// 338// 334//
f 334// 338// 339//
f 334// 339// 340//
f 340// 339// 341//
f 340// 341// 342//
f 330// 332// 343//
f 343// 332// 339//
f 343// 339// 344//
f 344// 339// 338//
f 344// 338// 345//
f 338// 346// 345//
f 345// 346// 347//
f 345// 347// 348//
f 337// 335// 349//
f 349// 335// 350//
f 349// 350// 351//
f 352// 353// 354//
f 355// 356// 350//
f 350// 356// 357//
f 350// 357// 358//
f 359// 360// 358//
f 353// 361// 354//
f 354// 361// 362//
f 354// 362// 363//
f 341// 364// 342//
f 342// 364// 351//
f 342// 351// 354//
f 354// 351// 350//
f 354// 350// 352//
f 352// 350// 358//
f 352// 358// 365//
f 365// 358// 360//
f 366// 367// 358//
f 358// 367// 368//
f 369// 370// 358//
f 358// 370// 371//
f 358// 371// 372//
f 368// 373// 358//
f 358// 373// 374//
f 358// 374// 375//
f 376// 377// 358//
f 358// 377// 378//
f 358// 378// 359//
f 372// 379// 358//
f 358// 379// 380//
f 358// 380// 366//
f 375// 381// 358//
f 358// 381// 382//
f 358// 382// 376//
f 383// 384// 385//
f 385// 384// 386//
f 385// 386// 355//
f 159// 387// 388//
f 388// 389// 159//
f 159// 389// 390//
f 159// 390// 157//
f 391// 392// 393//
f 393// 392// 394//
f 394// 395// 396//
f 396// 395// 397//
f 396// 397// 159//
f 159// 397// 398//
f 159// 398// 387//
f 399// 400// 401//
f 400// 402// 401//
f 401// 402// 403//
f 401// 403// 404//
f 399// 401// 405//
f 405// 401// 406//
f 405// 406// 407//
f 407// 406// 408//
f 408// 406// 409//
f 408// 409// 363//
f 410// 411// 327//
f 327// 411// 412//
f 413// 414// 325//
f 325// 414// 415//
f 416// 417// 418//
f 418// 417// 325//
f 418// 325// 419//
f 419// 325// 415//
f 412// 420// 327//
f 327// 420// 421//
f 327// 421// 422//
f 422// 423// 327//
f 327// 423// 424//
f 327// 424// 325//
f 325// 424// 425//
f 325// 425// 413//
f 334// 426// 410//
f 410// 426// 427//
f 410// 427// 411//
f 416// 428// 417//
f 417// 428// 429//
f 417// 429// 340//
f 340// 429// 430//
f 340// 430// 334//
f 334// 430// 431//
f 334// 431// 426//
f 432// 433// 434//
f 435// 436// 437//
f 437// 436// 438//
f 432// 434// 439//
f 440// 441// 442//
f 442// 443// 444//
f 406// 445// 446//
f 447// 448// 449//
f 435// 450// 436//
f 436// 450// 451//
f 436// 451// 452//
f 452// 451// 453//
f 454// 455// 453//
f 453// 455// 456//
f 453// 456// 452//
f 441// 457// 442//
f 442// 457// 458//
f 442// 458// 443//
f 459// 460// 434//
f 434// 460// 461//
f 434// 461// 439//
f 446// 462// 406//
f 406// 462// 463//
f 406// 463// 464//
f 444// 465// 442//
f 442// 465// 466//
f 442// 466// 406//
f 406// 466// 438//
f 406// 438// 445//
f 445// 438// 436//
f 447// 467// 448//
f 448// 467// 468//
f 448// 468// 469//
f 469// 468// 470//
f 469// 470// 471//
f 472// 473// 453//
f 453// 473// 474//
f 453// 474// 475//
f 476// 477// 478//
f 478// 477// 479//
f 478// 479// 480//
f 481// 482// 483//
f 483// 482// 484//
f 483// 484// 471//
f 471// 484// 485//
f 471// 485// 469//
f 475// 486// 453//
f 453// 486// 487//
f 453// 487// 454//
f 433// 488// 489//
f 489// 488// 490//
f 490// 488// 491//
f 490// 491// 492//
f 476// 481// 477//
f 477// 481// 483//
f 477// 483// 493//
f 493// 483// 494//
f 493// 494// 495//
f 495// 494// 496//
f 495// 496// 497//
f 497// 496// 498//
f 499// 498// 489//
f 489// 498// 496//
f 489// 496// 433//
f 433// 496// 494//
f 433// 494// 434//
f 499// 489// 152//
f 152// 489// 500//
f 152// 500// 153//
f 501// 502// 153//
f 503// 504// 409//
f 505// 506// 153//
f 153// 506// 507//
f 464// 447// 406//
f 406// 447// 449//
f 406// 449// 409//
f 409// 449// 508//
f 409// 508// 503//
f 504// 509// 409//
f 409// 509// 510//
f 409// 510// 511//
f 511// 510// 512//
f 511// 512// 501//
f 513// 514// 502//
f 502// 514// 515//
f 502// 515// 153//
f 153// 515// 516//
f 153// 516// 505//
f 507// 517// 153//
f 153// 517// 518//
f 153// 518// 151//
f 519// 520// 521//
f 521// 520// 522//
f 521// 522// 523//
f 521// 524// 519//
f 519// 524// 525//
f 519// 525// 526//
f 526// 527// 519//
f 519// 527// 528//
f 519// 528// 529//
f 529// 528// 530//
f 529// 530// 531//
f 531// 530// 532//
f 531// 532// 502//
f 502// 532// 533//
f 502// 533// 513//
f 534// 535// 523//
f 523// 535// 536//
f 523// 536// 521//
f 537// 538// 480//
f 480// 538// 539//
f 480// 539// 478//
f 537// 540// 538//
f 538// 540// 541//
f 538// 541// 542//
f 542// 541// 543//
f 542// 544// 545//
f 543// 546// 542//
f 542// 546// 547//
f 542// 547// 548//
f 548// 549// 542//
f 542// 549// 550//
f 542// 550// 544//
f 545// 551// 542//
f 542// 551// 552//
f 542// 552// 553//
f 554// 555// 556//
f 557// 558// 559//
f 556// 560// 554//
f 554// 560// 561//
f 554// 561// 562//
f 562// 561// 557//
f 562// 557// 563//
f 563// 557// 559//
f 564// 565// 153//
f 501// 153// 511//
f 511// 153// 565//
f 511// 565// 560//
f 560// 565// 566//
f 560// 566// 561//
f 567// 568// 564//
f 569// 570// 571//
f 571// 570// 572//
f 571// 572// 567//
f 567// 564// 571//
f 571// 564// 153//
f 571// 153// 573//
f 573// 153// 500//
f 573// 500// 574//
f 573// 575// 571//
f 571// 575// 576//
f 571// 576// 577//
f 578// 579// 580//
f 580// 579// 581//
f 580// 581// 500//
f 500// 581// 582//
f 500// 582// 574//
f 577// 583// 571//
f 571// 583// 584//
f 571// 584// 569//
f 585// 586// 587//
f 585// 587// 588//
f 586// 589// 587//
f 587// 589// 590//
f 587// 590// 580//
f 580// 590// 591//
f 580// 591// 578//
f 592// 593// 594//
f 594// 593// 595//
f 596// 597// 598//
f 598// 597// 599//
f 598// 599// 600//
f 600// 599// 601//
f 600// 601// 602//
f 592// 594// 603//
f 603// 594// 599//
f 603// 599// 604//
f 604// 599// 597//
f 604// 597// 605//
f 597// 606// 605//
f 605// 606// 607//
f 605// 607// 608//
f 601// 609// 602//
f 602// 609// 610//
f 602// 610// 611//
f 611// 610// 612//
f 596// 598// 613//
f 613// 598// 614//
f 613// 614// 612//
f 612// 614// 556//
f 612// 556// 611//
f 611// 556// 555//
f 611// 555// 588//
f 355// 350// 385//
f 385// 350// 335//
f 385// 335// 615//
f 615// 335// 334//
f 615// 334// 616//
f 616// 334// 410//
f 616// 410// 617//
f 617// 410// 327//
f 617// 327// 618//
f 618// 327// 322//
f 618// 322// 619//
f 619// 322// 320//
f 619// 320// 620//
f 173// 396// 621//
f 621// 396// 159//
f 621// 159// 383//
f 383// 159// 158//
f 383// 158// 384//
f 394// 396// 393//
f 393// 396// 622//
f 393// 622// 623//
f 163// 624// 162//
f 162// 624// 625//
f 162// 625// 626//
f 627// 622// 626//
f 626// 622// 396//
f 626// 396// 162//
f 162// 396// 173//
f 162// 173// 164//
f 164// 173// 175//
f 363// 409// 354//
f 354// 409// 511//
f 354// 511// 342//
f 342// 511// 560//
f 342// 560// 340//
f 340// 560// 556//
f 340// 556// 417//
f 417// 556// 614//
f 417// 614// 325//
f 325// 614// 598//
f 325// 598// 317//
f 623// 624// 393//
f 393// 624// 163//
f 393// 163// 628//
f 628// 163// 223//
f 629// 630// 631//
f 631// 630// 632//
f 633// 631// 600//
f 600// 631// 632//
f 600// 632// 634//
f 635// 636// 633//
f 633// 636// 637//
f 633// 637// 631//
f 638// 639// 634//
f 634// 639// 640//
f 634// 640// 641//
f 641// 642// 634//
f 634// 642// 643//
f 634// 643// 644//
f 321// 318// 319//
f 319// 318// 317//
f 319// 317// 635//
f 635// 317// 598//
f 635// 598// 636//
f 636// 598// 638//
f 645// 598// 646//
f 646// 598// 600//
f 646// 600// 647//
f 647// 600// 634//
f 647// 634// 648//
f 648// 634// 644//
f 649// 650// 638//
f 649// 638// 651//
f 650// 652// 638//
f 638// 652// 653//
f 638// 653// 639//
f 645// 654// 598//
f 598// 654// 655//
f 598// 655// 638//
f 638// 655// 656//
f 638// 656// 651//
f 404// 391// 401//
f 401// 391// 393//
f 401// 393// 406//
f 406// 393// 628//
f 406// 628// 442//
f 442// 628// 657//
f 229// 657// 658//
f 658// 657// 659//
f 659// 657// 660//
f 660// 657// 628//
f 660// 628// 661//
f 229// 658// 223//
f 223// 658// 662//
f 223// 662// 628//
f 628// 662// 663//
f 628// 663// 661//
f 664// 665// 666//
f 666// 665// 660//
f 666// 660// 667//
f 667// 660// 661//
f 667// 661// 668//
f 668// 661// 669//
f 588// 587// 611//
f 611// 587// 670//
f 611// 670// 602//
f 602// 670// 671//
f 602// 671// 600//
f 600// 671// 672//
f 600// 672// 633//
f 215// 217// 229//
f 229// 217// 673//
f 229// 673// 657//
f 657// 673// 490//
f 657// 490// 442//
f 442// 490// 492//
f 442// 492// 440//
f 205// 207// 217//
f 217// 207// 674//
f 217// 674// 673//
f 673// 674// 675//
f 673// 675// 490//
f 490// 675// 676//
f 490// 676// 489//
f 489// 676// 677//
f 489// 677// 500//
f 500// 677// 678//
f 500// 678// 580//
f 580// 678// 679//
f 580// 679// 587//
f 587// 679// 680//
f 587// 680// 670//
f 670// 680// 681//
f 670// 681// 671//
f 671// 681// 682//
f 671// 682// 672//
f 683// 210// 684//
f 684// 210// 212//
f 684// 212// 685//
f 685// 212// 195//
f 685// 195// 686//
f 686// 195// 188//
f 686// 188// 687//
f 687// 188// 187//
f 687// 187// 156//
f 156// 187// 177//
f 156// 177// 154//
f 154// 177// 172//
f 154// 172// 688//
usemtl 4
f 119// 689// 121//
f 121// 689// 690//
f 691// 7// 692//
f 692// 7// 9//
f 693// 694// 690//
f 693// 690// 695//
f 695// 690// 689//
f 695// 689// 696//
f 697// 698// 692//
f 698// 699// 692//
f 692// 699// 700//
f 692// 700// 691//
f 691// 700// 701//
f 691// 701// 702//
f 694// 703// 690//
f 690// 703// 704//
f 690// 704// 692//
f 692// 704// 705//
f 692// 705// 697//
f 142// 706// 143//
f 143// 706// 707//
f 708// 118// 709//
f 709// 118// 120//
f 710// 711// 707//
f 710// 707// 712//
f 712// 707// 706//
f 712// 706// 713//
f 714// 715// 709//
f 715// 716// 709//
f 709// 716// 717//
f 709// 717// 708//
f 708// 717// 718//
f 708// 718// 719//
f 711// 720// 707//
f 707// 720// 721//
f 707// 721// 709//
f 709// 721// 722//
f 709// 722// 714//
f 117// 723// 114//
f 114// 723// 724//
f 725// 141// 726//
f 726// 141// 115//
f 727// 728// 724//
f 727// 724// 729//
f 729// 724// 723//
f 729// 723// 730//
f 731// 732// 726//
f 732// 733// 726//
f 726// 733// 734//
f 726// 734// 725//
f 725// 734// 735//
f 725// 735// 736//
f 728// 737// 724//
f 724// 737// 738//
f 724// 738// 726//
f 726// 738// 739//
f 726// 739// 731//
f 60// 740// 76//
f 76// 740// 741//
f 742// 116// 743//
f 743// 116// 77//
f 744// 745// 741//
f 744// 741// 746//
f 746// 741// 740//
f 746// 740// 747//
f 748// 749// 743//
f 749// 750// 743//
f 743// 750// 751//
f 743// 751// 742//
f 742// 751// 752//
f 742// 752// 753//
f 745// 754// 741//
f 741// 754// 755//
f 741// 755// 743//
f 743// 755// 756//
f 743// 756// 748//
f 83// 757// 82//
f 82// 757// 758//
f 759// 59// 760//
f 760// 59// 58//
f 761// 762// 758//
f 761// 758// 763//
f 763// 758// 764//
f 764// 758// 757//
f 764// 757// 765//
f 762// 766// 758//
f 758// 766// 767//
f 758// 767// 760//
f 760// 767// 768//
f 760// 768// 769//
f 769// 770// 760//
f 760// 770// 771//
f 760// 771// 759//
f 759// 771// 772//
f 759// 772// 773//
f 28// 774// 30//
f 30// 774// 775//
f 776// 84// 777//
f 777// 84// 31//
f 778// 779// 775//
f 780// 781// 777//
f 778// 775// 782//
f 782// 775// 774//
f 782// 774// 783//
f 779// 784// 775//
f 775// 784// 785//
f 775// 785// 777//
f 777// 785// 786//
f 777// 786// 780//
f 781// 787// 777//
f 777// 787// 788//
f 777// 788// 776//
f 776// 788// 789//
f 776// 789// 790//
f 34// 791// 36//
f 36// 791// 792//
f 793// 27// 794//
f 794// 27// 29//
f 795// 796// 792//
f 797// 798// 794//
f 795// 792// 799//
f 799// 792// 791//
f 799// 791// 800//
f 796// 801// 792//
f 792// 801// 802//
f 792// 802// 794//
f 794// 802// 803//
f 794// 803// 797//
f 798// 804// 794//
f 794// 804// 805//
f 794// 805// 793//
f 793// 805// 806//
f 793// 806// 807//
f 62// 808// 61//
f 61// 808// 809//
f 810// 33// 811//
f 811// 33// 35//
f 812// 813// 809//
f 812// 809// 814//
f 814// 809// 815//
f 815// 809// 808//
f 815// 808// 816//
f 813// 817// 809//
f 809// 817// 818//
f 809// 818// 811//
f 811// 818// 819//
f 811// 819// 820//
f 820// 821// 811//
f 811// 821// 822//
f 811// 822// 810//
f 810// 822// 823//
f 810// 823// 824//
usemtl 1
f 118// 708// 719//
f 825// 696// 119//
f 119// 696// 689//
f 826// 827// 828//
f 829// 825// 830//
f 830// 825// 119//
f 830// 119// 828//
f 828// 119// 118//
f 828// 118// 826//
f 826// 118// 719//
f 702// 831// 832//
f 832// 831// 833//
f 691// 702// 7//
f 7// 702// 832//
f 7// 832// 8//
f 8// 832// 834//
f 141// 725// 736//
f 835// 713// 142//
f 142// 713// 706//
f 836// 837// 838//
f 839// 835// 840//
f 840// 835// 142//
f 840// 142// 838//
f 838// 142// 141//
f 838// 141// 836//
f 836// 141// 736//
f 116// 742// 753//
f 841// 730// 117//
f 117// 730// 723//
f 842// 843// 844//
f 845// 841// 846//
f 846// 841// 117//
f 846// 117// 844//
f 844// 117// 116//
f 844// 116// 842//
f 842// 116// 753//
f 59// 759// 773//
f 847// 747// 60//
f 60// 747// 740//
f 848// 849// 850//
f 851// 847// 852//
f 852// 847// 60//
f 852// 60// 850//
f 850// 60// 59//
f 850// 59// 848//
f 848// 59// 773//
f 84// 776// 790//
f 853// 765// 83//
f 83// 765// 757//
f 854// 855// 856//
f 857// 853// 858//
f 858// 853// 83//
f 858// 83// 856//
f 856// 83// 84//
f 856// 84// 854//
f 854// 84// 790//
f 27// 793// 807//
f 859// 783// 28//
f 28// 783// 774//
f 860// 861// 862//
f 863// 859// 864//
f 864// 859// 28//
f 864// 28// 862//
f 862// 28// 27//
f 862// 27// 860//
f 860// 27// 807//
f 33// 810// 824//
f 865// 800// 34//
f 34// 800// 791//
f 866// 867// 868//
f 869// 865// 870//
f 870// 865// 34//
f 870// 34// 868//
f 868// 34// 33//
f 868// 33// 866//
f 866// 33// 824//
f 871// 816// 62//
f 62// 816// 808//
f 872// 871// 873//
f 873// 871// 62//
f 873// 62// 874//
f 874// 62// 44//
f 875// 876// 877//
f 878// 879// 880//
f 881// 882// 874//
f 874// 882// 883//
f 874// 883// 884//
f 885// 886// 884//
f 884// 886// 887//
f 884// 887// 874//
f 874// 887// 875//
f 874// 875// 888//
f 888// 875// 877//
f 889// 890// 891//
f 840// 838// 879//
f 879// 838// 892//
f 893// 894// 888//
f 895// 858// 856//
f 896// 897// 879//
f 898// 899// 900//
f 901// 888// 902//
f 902// 888// 903//
f 902// 903// 844//
f 844// 903// 846//
f 879// 897// 880//
f 880// 897// 904//
f 880// 904// 905//
f 906// 830// 828//
f 856// 893// 895//
f 895// 893// 888//
f 895// 888// 907//
f 907// 888// 901//
f 907// 901// 850//
f 850// 901// 852//
f 908// 879// 888//
f 888// 879// 892//
f 888// 892// 903//
f 909// 910// 911//
f 912// 913// 908//
f 908// 913// 914//
f 908// 914// 879//
f 879// 914// 915//
f 834// 832// 916//
f 864// 862// 894//
f 894// 862// 917//
f 894// 917// 888//
f 888// 917// 918//
f 919// 920// 915//
f 915// 920// 921//
f 915// 921// 879//
f 879// 921// 889//
f 879// 889// 896//
f 896// 889// 891//
f 922// 923// 834//
f 873// 874// 924//
f 924// 874// 888//
f 924// 888// 925//
f 925// 888// 918//
f 925// 918// 868//
f 868// 918// 870//
f 926// 927// 911//
f 911// 927// 928//
f 911// 928// 909//
f 922// 834// 929//
f 834// 930// 931//
f 828// 878// 906//
f 906// 878// 880//
f 906// 880// 916//
f 916// 880// 911//
f 916// 911// 834//
f 834// 911// 910//
f 834// 910// 929//
f 923// 932// 834//
f 834// 932// 933//
f 834// 933// 930//
f 931// 934// 834//
f 834// 934// 935//
f 834// 935// 900//
f 900// 935// 936//
f 900// 936// 898//
f 5// 937// 938//
f 926// 939// 940//
f 941// 942// 927//
f 943// 944// 6//
f 938// 941// 5//
f 5// 941// 927//
f 5// 927// 6//
f 6// 927// 926//
f 6// 926// 943//
f 943// 926// 940//
f 904// 945// 946//
f 947// 948// 905//
f 905// 948// 949//
f 950// 951// 38//
f 952// 947// 39//
f 39// 947// 905//
f 39// 905// 38//
f 38// 905// 904//
f 38// 904// 950//
f 950// 904// 946//
f 890// 953// 954//
f 955// 956// 891//
f 891// 956// 957//
f 958// 959// 18//
f 960// 955// 17//
f 17// 955// 891//
f 17// 891// 18//
f 18// 891// 890//
f 18// 890// 958//
f 958// 890// 954//
f 919// 961// 962//
f 963// 964// 920//
f 920// 964// 965//
f 966// 967// 51//
f 968// 963// 52//
f 52// 963// 920//
f 52// 920// 51//
f 51// 920// 919//
f 51// 919// 966//
f 966// 919// 962//
f 912// 969// 970//
f 971// 972// 913//
f 913// 972// 973//
f 974// 975// 26//
f 976// 971// 25//
f 25// 971// 913//
f 25// 913// 26//
f 26// 913// 912//
f 26// 912// 974//
f 974// 912// 970//
f 876// 977// 978//
f 979// 980// 877//
f 877// 980// 981//
f 982// 983// 89//
f 984// 979// 90//
f 90// 979// 877//
f 90// 877// 89//
f 89// 877// 876//
f 89// 876// 982//
f 982// 876// 978//
f 885// 985// 986//
f 987// 988// 886//
f 886// 988// 989//
f 990// 991// 71//
f 992// 987// 70//
f 70// 987// 886//
f 70// 886// 71//
f 71// 886// 885//
f 71// 885// 990//
f 990// 885// 986//
f 993// 994// 12//
f 12// 994// 995//
f 996// 993// 899//
f 899// 993// 12//
f 899// 12// 900//
f 900// 12// 10//
usemtl 5
f 111// 110// 997//
f 997// 110// 998//
f 997// 998// 999//
f 999// 998// 1000//
f 999// 1000// 125//
f 125// 1000// 54//
f 20// 19// 1001//
f 1001// 19// 1002//
f 1001// 1002// 1003//
f 1003// 1002// 1004//
f 1003// 1004// 46//
f 46// 1004// 48//
usemtl 1
f 1005// 1006// 882//
f 882// 1006// 1007//
f 1008// 1005// 2//
f 2// 1005// 882//
f 2// 882// 43//
f 43// 882// 881//
f 44// 43// 874//
f 874// 43// 881//
f 10// 8// 900//
f 900// 8// 834//
usemtl 3
f 1009// 1010// 32//
f 32// 1010// 72//
f 1011// 1012// 145//
f 145// 1012// 146//
f 13// 3// 1013//
f 1013// 3// 1014//
f 103// 102// 1015//
f 1015// 102// 1016//
f 1017// 123// 1018//
f 1018// 123// 53//
f 1018// 53// 1019//
f 1019// 53// 55//
usemtl 5
f 1004// 998// 48//
f 48// 998// 110//
f 1000// 1002// 54//
f 54// 1002// 19//
f 1020// 1021// 998//
f 998// 1021// 1022//
f 1023// 1024// 1002//
f 1002// 1024// 1025//
f 1002// 1025// 1026//
f 1027// 1004// 1028//
f 1028// 1004// 1029//
f 1027// 1030// 1004//
f 1004// 1030// 1031//
f 1004// 1031// 998//
f 998// 1031// 1032//
f 998// 1032// 1020//
f 1022// 1033// 998//
f 998// 1033// 1034//
f 998// 1034// 1000//
f 1000// 1034// 1035//
f 1000// 1035// 1036//
f 1023// 1002// 1037//
f 1037// 1002// 1000//
f 1037// 1000// 1038//
f 1026// 1039// 1002//
f 1002// 1039// 1040//
f 1002// 1040// 1004//
f 1004// 1040// 1041//
f 1004// 1041// 1029//
f 1036// 1042// 1000//
f 1000// 1042// 1043//
f 1000// 1043// 1038//
usemtl 3
f 1044// 1045// 1003//
f 1003// 1045// 1001//
f 1001// 1045// 20//
f 20// 1045// 21//
f 46// 45// 1003//
f 1003// 45// 1044//
f 1045// 1044// 21//
f 21// 1044// 45//
f 997// 1046// 111//
f 111// 1046// 112//
f 125// 124// 999//
f 999// 124// 1047//
f 1047// 1046// 999//
f 999// 1046// 997//
f 1046// 1047// 112//
f 112// 1047// 124//
usemtl 4
f 1048// 1049// 1050//
f 1050// 1049// 1051//
f 1050// 1051// 1052//
f 1052// 1051// 1053//
f 1052// 1053// 1054//
f 1054// 1053// 1055//
f 1054// 1055// 1056//
f 1056// 1055// 1057//
f 1056// 1057// 1058//
f 1058// 1057// 1059//
f 1058// 1059// 1060//
f 1060// 1059// 1061//
f 1060// 1061// 1062//
f 1062// 1061// 1063//
f 1062// 1063// 1064//
f 1064// 1063// 1065//
f 1064// 1065// 1066//
f 1066// 1065// 1067//
f 1066// 1067// 1068//
f 1068// 1067// 1069//
f 1068// 1069// 1070//
f 1070// 1069// 1071//
f 1070// 1071// 1072//
f 1072// 1071// 1073//
f 1072// 1073// 1074//
f 1074// 1073// 1075//
f 1074// 1075// 1076//
f 1076// 1075// 1077//
f 1076// 1077// 1078//
f 1078// 1077// 1079//
f 1078// 1079// 1080//
f 1080// 1079// 1081//
f 1080// 1081// 1082//
f 1082// 1081// 1083//
f 1082// 1083// 1084//
f 1084// 1083// 1085//
f 1084// 1085// 1086//
f 1086// 1085// 1087//
f 1086// 1087// 1088//
f 1088// 1087// 1089//
f 1088// 1089// 1090//
f 1090// 1089// 1091//
f 1090// 1091// 1092//
f 1092// 1091// 1093//
f 1092// 1093// 1094//
f 1094// 1093// 1095//
f 1094// 1095// 1048//
f 1048// 1095// 1049//
f 1040// 1055// 1041//
f 1041// 1055// 1053//
f 1041// 1053// 1029//
f 1029// 1053// 1051//
f 1029// 1051// 1028//
f 1028// 1051// 1049//
f 1028// 1049// 1027//
f 1027// 1049// 1095//
f 1027// 1095// 1030//
f 1030// 1095// 1093//
f 1030// 1093// 1031//
f 1031// 1093// 1091//
f 1031// 1091// 1032//
f 1032// 1091// 1089//
f 1032// 1089// 1020//
f 1020// 1089// 1087//
f 1020// 1087// 1021//
f 1021// 1087// 1085//
f 1021// 1085// 1022//
f 1022// 1085// 1083//
f 1022// 1083// 1033//
f 1033// 1083// 1081//
f 1033// 1081// 1034//
f 1034// 1081// 1079//
f 1034// 1079// 1035//
f 1035// 1079// 1077//
f 1035// 1077// 1036//
f 1036// 1077// 1075//
f 1036// 1075// 1042//
f 1042// 1075// 1073//
f 1042// 1073// 1043//
f 1043// 1073// 1071//
f 1043// 1071// 1038//
f 1038// 1071// 1069//
f 1038// 1069// 1037//
f 1037// 1069// 1067//
f 1037// 1067// 1023//
f 1023// 1067// 1065//
f 1023// 1065// 1024//
f 1024// 1065// 1063//
f 1024// 1063// 1025//
f 1025// 1063// 1061//
f 1025// 1061// 1026//
f 1026// 1061// 1059//
f 1026// 1059// 1039//
f 1039// 1059// 1057//
f 1039// 1057// 1040//
f 1040// 1057// 1055//
f 1056// 1096// 1054//
f 1054// 1096// 1097//
f 1054// 1097// 1052//
f 1052// 1097// 1098//
f 1052// 1098// 1050//
f 1050// 1098// 1099//
f 1050// 1099// 1048//
f 1048// 1099// 1100//
f 1048// 1100// 1094//
f 1094// 1100// 1101//
f 1094// 1101// 1092//
f 1092// 1101// 1102//
f 1092// 1102// 1090//
f 1090// 1102// 1103//
f 1090// 1103// 1088//
f 1088// 1103// 1104//
f 1088// 1104// 1086//
f 1086// 1104// 1105//
f 1086// 1105// 1084//
f 1084// 1105// 1106//
f 1084// 1106// 1082//
f 1082// 1106// 1107//
f 1082// 1107// 1080//
f 1080// 1107// 1108//
f 1080// 1108// 1078//
f 1078// 1108// 1109//
f 1078// 1109// 1076//
f 1076// 1109// 1110//
f 1076// 1110// 1074//
f 1074// 1110// 1111//
f 1074// 1111// 1072//
f 1072// 1111// 1112//
f 1072// 1112// 1070//
f 1070// 1112// 1113//
f 1070// 1113// 1068//
f 1068// 1113// 1114//
f 1068// 1114// 1066//
f 1066// 1114// 1115//
f 1066// 1115// 1064//
f 1064// 1115// 1116//
f 1064// 1116// 1062//
f 1062// 1116// 1117//
f 1062// 1117// 1060//
f 1060// 1117// 1118//
f 1060// 1118// 1058//
f 1058// 1118// 1119//
f 1058// 1119// 1056//
f 1056// 1119// 1096//
usemtl 5
f 1120// 1107// 1121//
f 1121// 1107// 1106//
f 1121// 1106// 1122//
f 1122// 1106// 1105//
f 1122// 1105// 1123//
f 1123// 1105// 1104//
f 1123// 1104// 1124//
f 1124// 1104// 1103//
f 1124// 1103// 1125//
f 1125// 1103// 1102//
f 1125// 1102// 1126//
f 1126// 1102// 1101//
f 1126// 1101// 1127//
f 1127// 1101// 1100//
f 1127// 1100// 1128//
f 1128// 1100// 1099//
f 1128// 1099// 1129//
f 1129// 1099// 1098//
f 1129// 1098// 1130//
f 1130// 1098// 1097//
f 1130// 1097// 1131//
f 1131// 1097// 1096//
f 1131// 1096// 1132//
f 1132// 1096// 1119//
f 1132// 1119// 1133//
f 1133// 1119// 1118//
f 1133// 1118// 1134//
f 1134// 1118// 1117//
f 1134// 1117// 1135//
f 1135// 1117// 1116//
f 1135// 1116// 1136//
f 1136// 1116// 1115//
f 1136// 1115// 1137//
f 1137// 1115// 1114//
f 1137// 1114// 1138//
f 1138// 1114// 1113//
f 1138// 1113// 1139//
f 1139// 1113// 1112//
f 1139// 1112// 1140//
f 1140// 1112// 1111//
f 1140// 1111// 1141//
f 1141// 1111// 1110//
f 1141// 1110// 1142//
f 1142// 1110// 1109//
f 1142// 1109// 1143//
f 1143// 1109// 1108//
f 1143// 1108// 1120//
f 1120// 1108// 1107//
usemtl 4
f 1131// 1144// 1130//
f 1130// 1144// 1145//
f 1130// 1145// 1129//
f 1129// 1145// 1146//
f 1129// 1146// 1128//
f 1128// 1146// 1147//
f 1128// 1147// 1127//
f 1127// 1147// 1148//
f 1127// 1148// 1126//
f 1126// 1148// 1149//
f 1126// 1149// 1125//
f 1125// 1149// 1150//
f 1125// 1150// 1124//
f 1124// 1150// 1151//
f 1124// 1151// 1123//
f 1123// 1151// 1152//
f 1123// 1152// 1122//
f 1122// 1152// 1153//
f 1122// 1153// 1121//
f 1121// 1153// 1154//
f 1121// 1154// 1120//
f 1120// 1154// 1155//
f 1120// 1155// 1143//
f 1143// 1155// 1156//
f 1143// 1156// 1142//
f 1142// 1156// 1157//
f 1142// 1157// 1141//
f 1141// 1157// 1158//
f 1141// 1158// 1140//
f 1140// 1158// 1159//
f 1140// 1159// 1139//
f 1139// 1159// 1160//
f 1139// 1160// 1138//
f 1138// 1160// 1161//
f 1138// 1161// 1137//
f 1137// 1161// 1162//
f 1137// 1162// 1136//
f 1136// 1162// 1163//
f 1136// 1163// 1135//
f 1135// 1163// 1164//
f 1135// 1164// 1134//
f 1134// 1164// 1165//
f 1134// 1165// 1133//
f 1133// 1165// 1166//
f 1133// 1166// 1132//
f 1132// 1166// 1167//
f 1132// 1167// 1131//
f 1131// 1167// 1144//
f 1168// 1169// 1170//
f 1170// 1169// 1171//
f 1170// 1171// 1172//
f 1173// 1174// 1170//
f 1170// 1174// 1175//
f 1170// 1175// 1168//
f 1176// 1177// 1170//
f 1170// 1177// 1178//
f 1170// 1178// 1173//
f 1179// 1180// 1170//
f 1170// 1180// 1181//
f 1170// 1181// 1176//
f 1182// 1183// 1170//
f 1170// 1183// 1184//
f 1170// 1184// 1179//
f 1185// 1186// 1170//
f 1170// 1186// 1187//
f 1170// 1187// 1182//
f 1188// 1189// 1170//
f 1170// 1189// 1190//
f 1170// 1190// 1185//
f 1172// 1191// 1170//
f 1170// 1191// 1192//
f 1170// 1192// 1188//
f 1171// 1193// 1172//
f 1172// 1193// 1194//
f 1172// 1194// 1191//
f 1191// 1194// 1195//
f 1191// 1195// 1192//
f 1192// 1195// 1196//
f 1192// 1196// 1188//
f 1188// 1196// 1197//
f 1188// 1197// 1189//
f 1189// 1197// 1198//
f 1189// 1198// 1190//
f 1190// 1198// 1199//
f 1190// 1199// 1185//
f 1185// 1199// 1200//
f 1185// 1200// 1186//
f 1186// 1200// 1201//
f 1186// 1201// 1187//
f 1187// 1201// 1202//
f 1187// 1202// 1182//
f 1182// 1202// 1203//
f 1182// 1203// 1183//
f 1183// 1203// 1204//
f 1183// 1204// 1184//
f 1184// 1204// 1205//
f 1184// 1205// 1179//
f 1179// 1205// 1206//
f 1179// 1206// 1180//
f 1180// 1206// 1207//
f 1180// 1207// 1181//
f 1181// 1207// 1208//
f 1181// 1208// 1176//
f 1176// 1208// 1209//
f 1176// 1209// 1177//
f 1177// 1209// 1210//
f 1177// 1210// 1178//
f 1178// 1210// 1211//
f 1178// 1211// 1173//
f 1173// 1211// 1212//
f 1173// 1212// 1174//
f 1174// 1212// 1213//
f 1174// 1213// 1175//
f 1175// 1213// 1214//
f 1175// 1214// 1168//
f 1168// 1214// 1215//
f 1168// 1215// 1169//
f 1169// 1215// 1216//
f 1169// 1216// 1171//
f 1171// 1216// 1193//
f 1216// 1217// 1193//
f 1193// 1217// 1218//
f 1193// 1218// 1194//
f 1194// 1218// 1219//
f 1194// 1219// 1195//
f 1195// 1219// 1220//
f 1195// 1220// 1196//
f 1196// 1220// 1221//
f 1196// 1221// 1197//
f 1197// 1221// 1222//
f 1197// 1222// 1198//
f 1198// 1222// 1223//
f 1198// 1223// 1199//
f 1199// 1223// 1224//
f 1199// 1224// 1200//
f 1200// 1224// 1225//
f 1200// 1225// 1201//
f 1201// 1225// 1226//
f 1201// 1226// 1202//
f 1202// 1226// 1227//
f 1202// 1227// 1203//
f 1203// 1227// 1228//
f 1203// 1228// 1204//
f 1204// 1228// 1229//
f 1204// 1229// 1205//
f 1205// 1229// 1230//
f 1205// 1230// 1206//
f 1206// 1230// 1231//
f 1206// 1231// 1207//
f 1207// 1231// 1232//
f 1207// 1232// 1208//
f 1208// 1232// 1233//
f 1208// 1233// 1209//
f 1209// 1233// 1234//
f 1209// 1234// 1210//
f 1210// 1234// 1235//
f 1210// 1235// 1211//
f 1211// 1235// 1236//
f 1211// 1236// 1212//
f 1212// 1236// 1237//
f 1212// 1237// 1213//
f 1213// 1237// 1238//
f 1213// 1238// 1214//
f 1214// 1238// 1239//
f 1214// 1239// 1215//
f 1215// 1239// 1240//
f 1215// 1240// 1216//
f 1216// 1240// 1217//
f 1240// 1241// 1217//
f 1217// 1241// 1242//
f 1217// 1242// 1218//
f 1218// 1242// 1243//
f 1218// 1243// 1219//
f 1219// 1243// 1244//
f 1219// 1244// 1220//
f 1220// 1244// 1245//
f 1220// 1245// 1221//
f 1221// 1245// 1246//
f 1221// 1246// 1222//
f 1222// 1246// 1247//
f 1222// 1247// 1223//
f 1223// 1247// 1248//
f 1223// 1248// 1224//
f 1224// 1248// 1249//
f 1224// 1249// 1225//
f 1225// 1249// 1250//
f 1225// 1250// 1226//
f 1226// 1250// 1251//
f 1226// 1251// 1227//
f 1227// 1251// 1252//
f 1227// 1252// 1228//
f 1228// 1252// 1253//
f 1228// 1253// 1229//
f 1229// 1253// 1254//
f 1229// 1254// 1230//
f 1230// 1254// 1255//
f 1230// 1255// 1231//
f 1231// 1255// 1256//
f 1231// 1256// 1232//
f 1232// 1256// 1257//
f 1232// 1257// 1233//
f 1233// 1257// 1258//
f 1233// 1258// 1234//
f 1234// 1258// 1259//
f 1234// 1259// 1235//
f 1235// 1259// 1260//
f 1235// 1260// 1236//
f 1236// 1260// 1261//
f 1236// 1261// 1237//
f 1237// 1261// 1262//
f 1237// 1262// 1238//
f 1238// 1262// 1263//
f 1238// 1263// 1239//
f 1239// 1263// 1264//
f 1239// 1264// 1240//
f 1240// 1264// 1241//
f 1264// 1265// 1241//
f 1241// 1265// 1266//
f 1241// 1266// 1242//
f 1242// 1266// 1267//
f 1242// 1267// 1243//
f 1243// 1267// 1268//
f 1243// 1268// 1244//
f 1244// 1268// 1269//
f 1244// 1269// 1245//
f 1245// 1269// 1270//
f 1245// 1270// 1246//
f 1246// 1270// 1271//
f 1246// 1271// 1247//
f 1247// 1271// 1272//
f 1247// 1272// 1248//
f 1248// 1272// 1273//
f 1248// 1273// 1249//
f 1249// 1273// 1274//
f 1249// 1274// 1250//
f 1250// 1274// 1275//
f 1250// 1275// 1251//
f 1251// 1275// 1276//
f 1251// 1276// 1252//
f 1252// 1276// 1277//
f 1252// 1277// 1253//
f 1253// 1277// 1278//
f 1253// 1278// 1254//
f 1254// 1278// 1279//
f 1254// 1279// 1255//
f 1255// 1279// 1280//
f 1255// 1280// 1256//
f 1256// 1280// 1281//
f 1256// 1281// 1257//
f 1257// 1281// 1282//
f 1257// 1282// 1258//
f 1258// 1282// 1283//
f 1258// 1283// 1259//
f 1259// 1283// 1284//
f 1259// 1284// 1260//
f 1260// 1284// 1285//
f 1260// 1285// 1261//
f 1261// 1285// 1286//
f 1261// 1286// 1262//
f 1262// 1286// 1287//
f 1262// 1287// 1263//
f 1263// 1287// 1288//
f 1263// 1288// 1264//
f 1264// 1288// 1265//
f 1288// 1289// 1265//
f 1265// 1289// 1290//
f 1265// 1290// 1266//
f 1266// 1290// 1291//
f 1266// 1291// 1267//
f 1267// 1291// 1292//
f 1267// 1292// 1268//
f 1268// 1292// 1293//
f 1268// 1293// 1269//
f 1269// 1293// 1294//
f 1269// 1294// 1270//
f 1270// 1294// 1295//
f 1270// 1295// 1271//
f 1271// 1295// 1296//
f 1271// 1296// 1272//
f 1272// 1296// 1297//
f 1272// 1297// 1273//
f 1273// 1297// 1298//
f 1273// 1298// 1274//
f 1274// 1298// 1299//
f 1274// 1299// 1275//
f 1275// 1299// 1300//
f 1275// 1300// 1276//
f 1276// 1300// 1301//
f 1276// 1301// 1277//
f 1277// 1301// 1302//
f 1277// 1302// 1278//
f 1278// 1302// 1303//
f 1278// 1303// 1279//
f 1279// 1303// 1304//
f 1279// 1304// 1280//
f 1280// 1304// 1305//
f 1280// 1305// 1281//
f 1281// 1305// 1306//
f 1281// 1306// 1282//
f 1282// 1306// 1307//
f 1282// 1307// 1283//
f 1283// 1307// 1308//
f 1283// 1308// 1284//
f 1284// 1308// 1309//
f 1284// 1309// 1285//
f 1285// 1309// 1310//
f 1285// 1310// 1286//
f 1286// 1310// 1311//
f 1286// 1311// 1287//
f 1287// 1311// 1312//
f 1287// 1312// 1288//
f 1288// 1312// 1289//
f 1312// 1154// 1289//
f 1289// 1154// 1153//
f 1289// 1153// 1290//
f 1290// 1153// 1152//
f 1290// 1152// 1291//
f 1291// 1152// 1151//
f 1291// 1151// 1292//
f 1292// 1151// 1150//
f 1292// 1150// 1293//
f 1293// 1150// 1149//
f 1293// 1149// 1294//
f 1294// 1149// 1148//
f 1294// 1148// 1295//
f 1295// 1148// 1147//
f 1295// 1147// 1296//
f 1296// 1147// 1146//
f 1296// 1146// 1297//
f 1297// 1146// 1145//
f 1297// 1145// 1298//
f 1298// 1145// 1144//
f 1298// 1144// 1299//
f 1299// 1144// 1167//
f 1299// 1167// 1300//
f 1300// 1167// 1166//
f 1300// 1166// 1301//
f 1301// 1166// 1165//
f 1301// 1165// 1302//
f 1302// 1165// 1164//
f 1302// 1164// 1303//
f 1303// 1164// 1163//
f 1303// 1163// 1304//
f 1304// 1163// 1162//
f 1304// 1162// 1305//
f 1305// 1162// 1161//
f 1305// 1161// 1306//
f 1306// 1161// 1160//
f 1306// 1160// 1307//
f 1307// 1160// 1159//
f 1307// 1159// 1308//
f 1308// 1159// 1158//
f 1308// 1158// 1309//
f 1309// 1158// 1157//
f 1309// 1157// 1310//
f 1310// 1157// 1156//
f 1310// 1156// 1311//
f 1311// 1156// 1155//
f 1311// 1155// 1312//
f 1312// 1155// 1154//
usemtl 3
f 1009// 32// 1313//
f 1009// 1313// 1314//
f 1314// 1313// 1315//
f 1314// 1315// 1316//
f 1316// 1315// 1317//
f 1316// 1317// 1318//
f 1318// 1317// 1319//
f 1318// 1319// 1320//
f 1320// 1319// 1321//
f 1320// 1321// 1322//
f 1322// 1321// 146//
f 1322// 146// 1012//
f 1012// 1323// 1324//
f 1325// 1326// 1327//
f 683// 1328// 1329//
f 1327// 1326// 683//
f 1330// 683// 1326//
f 1330// 1326// 1331//
f 1331// 1326// 1325//
f 1331// 1325// 1332//
f 1333// 683// 1330//
f 1334// 1335// 1336//
f 1336// 1335// 1329//
f 1336// 1329// 1337//
f 1337// 1329// 1328//
f 1337// 1328// 1338//
f 1333// 1330// 1339//
f 1339// 1330// 1331//
f 1339// 1331// 1340//
f 1340// 1331// 1332//
f 1340// 1332// 1341//
f 1342// 1334// 1343//
f 1343// 1334// 1336//
f 1343// 1336// 1344//
f 1344// 1336// 1337//
f 1344// 1337// 1345//
f 1345// 1337// 1338//
f 1345// 1338// 1346//
f 1347// 1342// 1348//
f 1348// 1342// 1343//
f 1348// 1343// 1349//
f 1349// 1343// 1344//
f 1349// 1344// 1350//
f 1350// 1344// 1345//
f 1350// 1345// 1351//
f 1351// 1345// 1346//
f 1351// 1346// 1352//
f 1323// 1347// 1324//
f 1324// 1347// 1348//
f 1324// 1348// 1353//
f 1353// 1348// 1349//
f 1353// 1349// 1354//
f 1354// 1349// 1350//
f 1354// 1350// 1355//
f 1355// 1350// 1351//
f 1355// 1351// 1356//
f 1356// 1351// 1352//
f 1356// 1352// 1357//
f 1012// 1324// 1322//
f 1322// 1324// 1353//
f 1322// 1353// 1320//
f 1320// 1353// 1354//
f 1320// 1354// 1318//
f 1318// 1354// 1355//
f 1318// 1355// 1316//
f 1316// 1355// 1356//
f 1316// 1356// 1314//
f 1314// 1356// 1357//
f 1314// 1357// 1009//
f 1335// 683// 1329//
f 1323// 1341// 1347//
f 1347// 1341// 1332//
f 1347// 1332// 1342//
f 1342// 1332// 1325//
f 1342// 1325// 1334//
f 1334// 1325// 1327//
f 1334// 1327// 1335//
f 1335// 1327// 683//
f 1328// 683// 684//
f 684// 685// 1328//
f 1328// 685// 686//
f 1328// 686// 687//
f 155// 1358// 156//
f 156// 1358// 687//
f 687// 1358// 1328//
f 1328// 1358// 1359//
f 1328// 1359// 1338//
f 1338// 1359// 1360//
f 1338// 1360// 1346//
f 1346// 1360// 1361//
f 1346// 1361// 1352//
f 1352// 1361// 1362//
f 1352// 1362// 1357//
f 1357// 1362// 1010//
f 1357// 1010// 1009//
f 72// 1010// 1363//
f 72// 1363// 73//
f 73// 1363// 1364//
f 73// 1364// 74//
f 74// 1364// 1365//
f 74// 1365// 75//
f 75// 1365// 1366//
f 75// 1366// 57//
f 57// 1366// 1367//
f 57// 1367// 56//
f 56// 1367// 1019//
f 56// 1019// 55//
f 1011// 145// 144//
f 1011// 144// 1368//
f 1368// 144// 135//
f 1368// 135// 1369//
f 1369// 135// 134//
f 1369// 134// 1370//
f 1370// 134// 133//
f 1370// 133// 1371//
f 1371// 133// 132//
f 1371// 132// 1372//
f 1372// 132// 13//
f 1372// 13// 1013//
f 682// 681// 1373//
f 1373// 681// 680//
f 680// 679// 1373//
f 1373// 679// 678//
f 1373// 678// 677//
f 677// 676// 1333//
f 1333// 676// 675//
f 1333// 675// 674//
f 674// 207// 1333//
f 1333// 207// 210//
f 1333// 210// 683//
f 677// 1333// 1373//
f 1373// 1333// 1339//
f 1373// 1339// 1374//
f 1374// 1339// 1340//
f 1374// 1340// 1375//
f 1375// 1340// 1341//
f 1375// 1341// 1376//
f 1376// 1341// 1323//
f 1376// 1323// 1377//
f 1377// 1323// 1012//
f 1377// 1012// 1011//
f 1010// 1362// 1378//
f 1379// 1380// 1381//
f 155// 1382// 1383//
f 1381// 1380// 155//
f 1384// 155// 1380//
f 1384// 1380// 1385//
f 1385// 1380// 1379//
f 1385// 1379// 1386//
f 1358// 155// 1384//
f 1387// 1388// 1389//
f 1389// 1388// 1383//
f 1389// 1383// 1390//
f 1390// 1383// 1382//
f 1390// 1382// 1391//
f 1358// 1384// 1359//
f 1359// 1384// 1385//
f 1359// 1385// 1360//
f 1360// 1385// 1386//
f 1360// 1386// 1361//
f 1392// 1387// 1393//
f 1393// 1387// 1389//
f 1393// 1389// 1394//
f 1394// 1389// 1390//
f 1394// 1390// 1395//
f 1395// 1390// 1391//
f 1395// 1391// 1396//
f 1397// 1392// 1398//
f 1398// 1392// 1393//
f 1398// 1393// 1399//
f 1399// 1393// 1394//
f 1399// 1394// 1400//
f 1400// 1394// 1395//
f 1400// 1395// 1401//
f 1401// 1395// 1396//
f 1401// 1396// 1402//
f 1362// 1397// 1378//
f 1378// 1397// 1398//
f 1378// 1398// 1403//
f 1403// 1398// 1399//
f 1403// 1399// 1404//
f 1404// 1399// 1400//
f 1404// 1400// 1405//
f 1405// 1400// 1401//
f 1405// 1401// 1406//
f 1406// 1401// 1402//
f 1406// 1402// 1407//
f 1010// 1378// 1363//
f 1363// 1378// 1403//
f 1363// 1403// 1364//
f 1364// 1403// 1404//
f 1364// 1404// 1365//
f 1365// 1404// 1405//
f 1365// 1405// 1366//
f 1366// 1405// 1406//
f 1366// 1406// 1367//
f 1367// 1406// 1407//
f 1367// 1407// 1019//
f 1388// 155// 1383//
f 1362// 1361// 1397//
f 1397// 1361// 1386//
f 1397// 1386// 1392//
f 1392// 1386// 1379//
f 1392// 1379// 1387//
f 1387// 1379// 1381//
f 1387// 1381// 1388//
f 1388// 1381// 155//
f 1013// 1408// 1409//
f 1410// 1411// 1412//
f 682// 1373// 1413//
f 1412// 1411// 682//
f 1414// 682// 1411//
f 1414// 1411// 1415//
f 1415// 1411// 1410//
f 1415// 1410// 1416//
f 1417// 682// 1414//
f 1418// 1419// 1420//
f 1420// 1419// 1413//
f 1420// 1413// 1421//
f 1421// 1413// 1373//
f 1421// 1373// 1374//
f 1417// 1414// 1422//
f 1422// 1414// 1415//
f 1422// 1415// 1423//
f 1423// 1415// 1416//
f 1423// 1416// 1424//
f 1425// 1418// 1426//
f 1426// 1418// 1420//
f 1426// 1420// 1427//
f 1427// 1420// 1421//
f 1427// 1421// 1428//
f 1428// 1421// 1374//
f 1428// 1374// 1375//
f 1429// 1425// 1430//
f 1430// 1425// 1426//
f 1430// 1426// 1431//
f 1431// 1426// 1427//
f 1431// 1427// 1432//
f 1432// 1427// 1428//
f 1432// 1428// 1433//
f 1433// 1428// 1375//
f 1433// 1375// 1376//
f 1408// 1429// 1409//
f 1409// 1429// 1430//
f 1409// 1430// 1434//
f 1434// 1430// 1431//
f 1434// 1431// 1435//
f 1435// 1431// 1432//
f 1435// 1432// 1436//
f 1436// 1432// 1433//
f 1436// 1433// 1437//
f 1437// 1433// 1376//
f 1437// 1376// 1377//
f 1013// 1409// 1372//
f 1372// 1409// 1434//
f 1372// 1434// 1371//
f 1371// 1434// 1435//
f 1371// 1435// 1370//
f 1370// 1435// 1436//
f 1370// 1436// 1369//
f 1369// 1436// 1437//
f 1369// 1437// 1368//
f 1368// 1437// 1377//
f 1368// 1377// 1011//
f 1419// 682// 1413//
f 1408// 1424// 1429//
f 1429// 1424// 1416//
f 1429// 1416// 1425//
f 1425// 1416// 1410//
f 1425// 1410// 1418//
f 1418// 1410// 1412//
f 1418// 1412// 1419//
f 1419// 1412// 682//
f 1018// 1019// 1438//
f 1438// 1019// 1407//
f 1438// 1407// 1439//
f 1439// 1407// 1440//
f 1440// 1407// 1402//
f 1440// 1402// 1441//
f 1441// 1402// 1442//
f 1442// 1402// 1396//
f 1442// 1396// 1443//
f 1443// 1396// 1391//
f 1443// 1391// 1444//
f 1444// 1391// 1382//
f 1444// 1382// 1445//
f 1445// 1382// 155//
f 1445// 155// 154//
f 1014// 3// 1446//
f 1014// 1446// 1447//
f 1447// 1446// 1448//
f 1447// 1448// 1449//
f 1449// 1448// 1450//
f 1449// 1450// 1451//
f 1451// 1450// 1452//
f 1451// 1452// 1453//
f 1453// 1452// 1454//
f 1453// 1454// 1455//
f 1455// 1454// 103//
f 1455// 103// 1015//
f 1456// 620// 320//
f 320// 319// 1417//
f 1417// 319// 635//
f 635// 633// 1417//
f 1417// 633// 672//
f 1417// 672// 682//
f 320// 1417// 1456//
f 1456// 1417// 1422//
f 1456// 1422// 1457//
f 1457// 1422// 1423//
f 1457// 1423// 1458//
f 1458// 1423// 1424//
f 1458// 1424// 1459//
f 1459// 1424// 1408//
f 1459// 1408// 1460//
f 1460// 1408// 1013//
f 1460// 1013// 1014//
f 154// 688// 1461//
f 154// 1461// 1445//
f 1445// 1461// 1462//
f 1445// 1462// 1444//
f 1444// 1462// 1463//
f 1444// 1463// 1443//
f 1464// 1441// 1463//
f 1463// 1441// 1442//
f 1463// 1442// 1443//
f 1465// 1017// 1018//
f 1018// 1438// 1465//
f 1465// 1438// 1439//
f 1465// 1439// 1464//
f 1464// 1439// 1440//
f 1464// 1440// 1441//
f 123// 1017// 1466//
f 123// 1466// 122//
f 122// 1466// 1467//
f 122// 1467// 126//
f 126// 1467// 1468//
f 126// 1468// 127//
f 127// 1468// 1469//
f 127// 1469// 128//
f 128// 1469// 1470//
f 128// 1470// 101//
f 101// 1470// 1016//
f 101// 1016// 102//
f 1015// 1471// 1472//
f 1473// 1474// 1475//
f 620// 1456// 1476//
f 1475// 1474// 620//
f 1477// 620// 1474//
f 1477// 1474// 1478//
f 1478// 1474// 1473//
f 1478// 1473// 1479//
f 1480// 620// 1477//
f 1481// 1482// 1483//
f 1483// 1482// 1476//
f 1483// 1476// 1484//
f 1484// 1476// 1456//
f 1484// 1456// 1457//
f 1480// 1477// 1485//
f 1485// 1477// 1478//
f 1485// 1478// 1486//
f 1486// 1478// 1479//
f 1486// 1479// 1487//
f 1488// 1481// 1489//
f 1489// 1481// 1483//
f 1489// 1483// 1490//
f 1490// 1483// 1484//
f 1490// 1484// 1491//
f 1491// 1484// 1457//
f 1491// 1457// 1458//
f 1492// 1488// 1493//
f 1493// 1488// 1489//
f 1493// 1489// 1494//
f 1494// 1489// 1490//
f 1494// 1490// 1495//
f 1495// 1490// 1491//
f 1495// 1491// 1496//
f 1496// 1491// 1458//
f 1496// 1458// 1459//
f 1471// 1492// 1472//
f 1472// 1492// 1493//
f 1472// 1493// 1497//
f 1497// 1493// 1494//
f 1497// 1494// 1498//
f 1498// 1494// 1495//
f 1498// 1495// 1499//
f 1499// 1495// 1496//
f 1499// 1496// 1500//
f 1500// 1496// 1459//
f 1500// 1459// 1460//
f 1015// 1472// 1455//
f 1455// 1472// 1497//
f 1455// 1497// 1453//
f 1453// 1497// 1498//
f 1453// 1498// 1451//
f 1451// 1498// 1499//
f 1451// 1499// 1449//
f 1449// 1499// 1500//
f 1449// 1500// 1447//
f 1447// 1500// 1460//
f 1447// 1460// 1014//
f 1482// 620// 1476//
f 1471// 1487// 1492//
f 1492// 1487// 1479//
f 1492// 1479// 1488//
f 1488// 1479// 1473//
f 1488// 1473// 1481//
f 1481// 1473// 1475//
f 1481// 1475// 1482//
f 1482// 1475// 620//
f 1017// 1465// 1501//
f 1502// 1503// 1504//
f 688// 1505// 1506//
f 1504// 1503// 688//
f 1507// 688// 1503//
f 1507// 1503// 1508//
f 1508// 1503// 1502//
f 1508// 1502// 1509//
f 1461// 688// 1507//
f 1510// 1511// 1512//
f 1512// 1511// 1506//
f 1512// 1506// 1513//
f 1513// 1506// 1505//
f 1513// 1505// 1514//
f 1461// 1507// 1462//
f 1462// 1507// 1508//
f 1462// 1508// 1463//
f 1463// 1508// 1509//
f 1463// 1509// 1464//
f 1515// 1510// 1516//
f 1516// 1510// 1512//
f 1516// 1512// 1517//
f 1517// 1512// 1513//
f 1517// 1513// 1518//
f 1518// 1513// 1514//
f 1518// 1514// 1519//
f 1520// 1515// 1521//
f 1521// 1515// 1516//
f 1521// 1516// 1522//
f 1522// 1516// 1517//
f 1522// 1517// 1523//
f 1523// 1517// 1518//
f 1523// 1518// 1524//
f 1524// 1518// 1519//
f 1524// 1519// 1525//
f 1465// 1520// 1501//
f 1501// 1520// 1521//
f 1501// 1521// 1526//
f 1526// 1521// 1522//
f 1526// 1522// 1527//
f 1527// 1522// 1523//
f 1527// 1523// 1528//
f 1528// 1523// 1524//
f 1528// 1524// 1529//
f 1529// 1524// 1525//
f 1529// 1525// 1530//
f 1017// 1501// 1466//
f 1466// 1501// 1526//
f 1466// 1526// 1467//
f 1467// 1526// 1527//
f 1467// 1527// 1468//
f 1468// 1527// 1528//
f 1468// 1528// 1469//
f 1469// 1528// 1529//
f 1469// 1529// 1470//
f 1470// 1529// 1530//
f 1470// 1530// 1016//
f 1511// 688// 1506//
f 1465// 1464// 1520//
f 1520// 1464// 1509//
f 1520// 1509// 1515//
f 1515// 1509// 1502//
f 1515// 1502// 1510//
f 1510// 1502// 1504//
f 1510// 1504// 1511//
f 1511// 1504// 688//
f 688// 172// 1505//
f 1505// 172// 173//
f 173// 621// 1480//
f 1480// 621// 383//
f 1480// 383// 385//
f 385// 615// 1480//
f 1480// 615// 616//
f 1480// 616// 617//
f 617// 618// 1480//
f 1480// 618// 619//
f 1480// 619// 620//
f 173// 1480// 1505//
f 1505// 1480// 1485//
f 1505// 1485// 1514//
f 1514// 1485// 1486//
f 1514// 1486// 1519//
f 1519// 1486// 1487//
f 1519// 1487// 1525//
f 1525// 1487// 1471//
f 1525// 1471// 1530//
f 1530// 1471// 1015//
f 1530// 1015// 1016//
usemtl 4
f 1531// 1532// 1533//
f 1533// 1532// 942//
f 1533// 942// 941//
f 1534// 1535// 1536//
f 1536// 1535// 1537//
f 1538// 1539// 1540//
f 1540// 1539// 1541//
f 1540// 1541// 996//
f 996// 1541// 1542//
f 996// 1542// 993//
f 1543// 1544// 1545//
f 1538// 1540// 1536//
f 1536// 1540// 1546//
f 1536// 1546// 1534//
f 1537// 1547// 1536//
f 1536// 1547// 1548//
f 1536// 1548// 1549//
f 1549// 1548// 1550//
f 1549// 1550// 1545//
f 1545// 1550// 1551//
f 1545// 1551// 1543//
f 1531// 1552// 1532//
f 1532// 1552// 1553//
f 1532// 1553// 1554//
f 1554// 1553// 1545//
f 1554// 1545// 1555//
f 1555// 1545// 1544//
f 928// 927// 1532//
f 1532// 927// 942//
f 1550// 1548// 932//
f 932// 1548// 933//
f 1540// 996// 898//
f 898// 996// 899//
f 12// 995// 11//
f 11// 995// 1556//
f 937// 5// 1557//
f 1557// 5// 4//
f 1558// 1559// 1556//
f 1560// 1561// 1557//
f 1558// 1556// 1562//
f 1562// 1556// 995//
f 1562// 995// 994//
f 1559// 1563// 1556//
f 1556// 1563// 1564//
f 1556// 1564// 1557//
f 1557// 1564// 1565//
f 1557// 1565// 1560//
f 1561// 1566// 1557//
f 1557// 1566// 1567//
f 1557// 1567// 937//
f 937// 1567// 1568//
f 937// 1568// 938//
f 941// 938// 1533//
f 1533// 938// 1568//
f 1533// 1568// 1531//
f 1531// 1568// 1567//
f 1531// 1567// 1552//
f 1552// 1567// 1566//
f 1552// 1566// 1553//
f 1553// 1566// 1561//
f 1553// 1561// 1545//
f 1545// 1561// 1560//
f 1545// 1560// 1549//
f 1549// 1560// 1565//
f 1549// 1565// 1536//
f 1536// 1565// 1564//
f 1536// 1564// 1538//
f 1538// 1564// 1563//
f 1538// 1563// 1539//
f 1539// 1563// 1559//
f 1539// 1559// 1541//
f 1541// 1559// 1558//
f 1541// 1558// 1542//
f 1542// 1558// 1562//
f 1542// 1562// 993//
f 993// 1562// 994//
f 4// 11// 1557//
f 1557// 11// 1556//
f 1550// 932// 923//
f 1550// 923// 1551//
f 1551// 923// 922//
f 1551// 922// 1543//
f 1543// 922// 929//
f 1543// 929// 1544//
f 1544// 929// 910//
f 1544// 910// 1555//
f 1555// 910// 909//
f 1555// 909// 1554//
f 1554// 909// 928//
f 1554// 928// 1532//
f 1540// 898// 936//
f 1540// 936// 1546//
f 1546// 936// 935//
f 1546// 935// 1534//
f 1534// 935// 934//
f 1534// 934// 1535//
f 1535// 934// 931//
f 1535// 931// 1537//
f 1537// 931// 930//
f 1537// 930// 1547//
f 1547// 930// 933//
f 1547// 933// 1548//
f 1569// 1570// 1571//
f 1571// 1570// 1572//
f 1569// 1571// 1573//
f 1573// 1571// 949//
f 1573// 949// 948//
f 1572// 1574// 1571//
f 1571// 1574// 1575//
f 1571// 1575// 1576//
f 1576// 1575// 1577//
f 1576// 1577// 1578//
f 1578// 1579// 1576//
f 1576// 1579// 1580//
f 1576// 1580// 939//
f 939// 1580// 1581//
f 939// 1581// 940//
f 949// 1571// 905//
f 905// 1571// 880//
f 1571// 1576// 880//
f 880// 1576// 911//
f 1576// 939// 911//
f 911// 939// 926//
f 6// 944// 15//
f 15// 944// 1582//
f 952// 39// 1583//
f 1583// 39// 14//
f 1584// 1585// 1582//
f 1586// 1587// 1583//
f 1584// 1582// 1588//
f 1588// 1582// 944//
f 1588// 944// 943//
f 1585// 1589// 1582//
f 1582// 1589// 1590//
f 1582// 1590// 1583//
f 1583// 1590// 1591//
f 1583// 1591// 1586//
f 1587// 1592// 1583//
f 1583// 1592// 1593//
f 1583// 1593// 952//
f 952// 1593// 1594//
f 952// 1594// 947//
f 1595// 1596// 1597//
f 1597// 1596// 1598//
f 1599// 1600// 1601//
f 1601// 1600// 1602//
f 1601// 1602// 945//
f 945// 1602// 1603//
f 945// 1603// 946//
f 1595// 1597// 1604//
f 1604// 1597// 957//
f 1604// 957// 956//
f 1598// 1605// 1597//
f 1597// 1605// 1606//
f 1597// 1606// 1601//
f 1601// 1606// 1607//
f 1601// 1607// 1599//
f 957// 1597// 891//
f 891// 1597// 896//
f 1597// 1601// 896//
f 896// 1601// 897//
f 1601// 945// 897//
f 897// 945// 904//
f 38// 951// 37//
f 37// 951// 1608//
f 960// 17// 1609//
f 1609// 17// 16//
f 1610// 1611// 1608//
f 1610// 1608// 1612//
f 1612// 1608// 951//
f 1612// 951// 950//
f 1613// 1614// 1609//
f 1611// 1615// 1608//
f 1608// 1615// 1616//
f 1608// 1616// 1609//
f 1609// 1616// 1617//
f 1609// 1617// 1613//
f 1614// 1618// 1609//
f 1609// 1618// 1619//
f 1609// 1619// 960//
f 960// 1619// 1620//
f 960// 1620// 955//
f 1621// 1622// 1623//
f 1623// 1622// 1624//
f 1625// 1626// 1627//
f 1627// 1626// 1628//
f 1627// 1628// 953//
f 953// 1628// 1629//
f 953// 1629// 954//
f 1621// 1623// 1630//
f 1630// 1623// 965//
f 1630// 965// 964//
f 1624// 1631// 1623//
f 1623// 1631// 1632//
f 1623// 1632// 1627//
f 1627// 1632// 1633//
f 1627// 1633// 1625//
f 965// 1623// 920//
f 920// 1623// 921//
f 1623// 1627// 921//
f 921// 1627// 889//
f 1627// 953// 889//
f 889// 953// 890//
f 18// 959// 22//
f 22// 959// 1634//
f 968// 52// 1635//
f 1635// 52// 23//
f 1636// 1637// 1634//
f 1636// 1634// 1638//
f 1638// 1634// 959//
f 1638// 959// 958//
f 1639// 1640// 1635//
f 1637// 1641// 1634//
f 1634// 1641// 1642//
f 1634// 1642// 1635//
f 1635// 1642// 1643//
f 1635// 1643// 1639//
f 1640// 1644// 1635//
f 1635// 1644// 1645//
f 1635// 1645// 968//
f 968// 1645// 1646//
f 968// 1646// 963//
f 1647// 1648// 1649//
f 1649// 1648// 1650//
f 1651// 1652// 1653//
f 1653// 1652// 1654//
f 1653// 1654// 961//
f 961// 1654// 1655//
f 961// 1655// 962//
f 1647// 1649// 1656//
f 1656// 1649// 973//
f 1656// 973// 972//
f 1650// 1657// 1649//
f 1649// 1657// 1658//
f 1649// 1658// 1653//
f 1653// 1658// 1659//
f 1653// 1659// 1651//
f 973// 1649// 913//
f 913// 1649// 914//
f 1649// 1653// 914//
f 914// 1653// 915//
f 1653// 961// 915//
f 915// 961// 919//
f 51// 967// 50//
f 50// 967// 1660//
f 976// 25// 1661//
f 1661// 25// 24//
f 967// 966// 1662//
f 967// 1662// 1660//
f 1662// 1663// 1660//
f 1660// 1663// 1664//
f 1660// 1664// 1665//
f 1666// 1667// 1661//
f 1661// 1667// 1668//
f 1661// 1668// 976//
f 976// 1668// 1669//
f 976// 1669// 971//
f 1665// 1670// 1660//
f 1660// 1670// 1671//
f 1660// 1671// 1661//
f 1661// 1671// 1672//
f 1661// 1672// 1666//
f 1673// 1674// 1675//
f 1675// 1674// 1676//
f 1673// 1675// 1677//
f 1677// 1675// 981//
f 1677// 981// 980//
f 1676// 1678// 1675//
f 1675// 1678// 1679//
f 1675// 1679// 1680//
f 1680// 1679// 1681//
f 1680// 1681// 1682//
f 1682// 1683// 1680//
f 1680// 1683// 1684//
f 1680// 1684// 969//
f 969// 1684// 1685//
f 969// 1685// 970//
f 981// 1675// 877//
f 877// 1675// 888//
f 1675// 1680// 888//
f 888// 1680// 908//
f 1680// 969// 908//
f 908// 969// 912//
f 26// 975// 40//
f 40// 975// 1686//
f 984// 90// 1687//
f 1687// 90// 41//
f 1688// 1689// 1686//
f 1688// 1686// 1690//
f 1690// 1686// 1691//
f 1691// 1686// 975//
f 1691// 975// 974//
f 1692// 1693// 1687//
f 1687// 1693// 1694//
f 1687// 1694// 984//
f 984// 1694// 1695//
f 984// 1695// 979//
f 1689// 1696// 1686//
f 1686// 1696// 1697//
f 1686// 1697// 1687//
f 1687// 1697// 1698//
f 1687// 1698// 1692//
f 1699// 1700// 1701//
f 1701// 1700// 1702//
f 1699// 1701// 1703//
f 1703// 1701// 989//
f 1703// 989// 988//
f 1702// 1704// 1701//
f 1701// 1704// 1705//
f 1701// 1705// 1706//
f 1706// 1705// 1707//
f 1706// 1707// 1708//
f 1708// 1709// 1706//
f 1706// 1709// 1710//
f 1706// 1710// 977//
f 977// 1710// 1711//
f 977// 1711// 978//
f 989// 1701// 886//
f 886// 1701// 887//
f 1701// 1706// 887//
f 887// 1706// 875//
f 1706// 977// 875//
f 875// 977// 876//
f 89// 983// 88//
f 88// 983// 1712//
f 992// 70// 1713//
f 1713// 70// 69//
f 1714// 1715// 1712//
f 1714// 1712// 1716//
f 1716// 1712// 1717//
f 1717// 1712// 983//
f 1717// 983// 982//
f 1718// 1719// 1713//
f 1713// 1719// 1720//
f 1713// 1720// 992//
f 992// 1720// 1721//
f 992// 1721// 987//
f 1715// 1722// 1712//
f 1712// 1722// 1723//
f 1712// 1723// 1713//
f 1713// 1723// 1724//
f 1713// 1724// 1718//
f 1725// 1726// 1727//
f 1727// 1726// 1728//
f 1729// 1730// 1731//
f 1731// 1730// 1732//
f 1731// 1732// 985//
f 985// 1732// 1733//
f 985// 1733// 986//
f 1725// 1727// 1734//
f 1734// 1727// 1007//
f 1734// 1007// 1006//
f 1728// 1735// 1727//
f 1727// 1735// 1736//
f 1727// 1736// 1731//
f 1731// 1736// 1737//
f 1731// 1737// 1729//
f 1007// 1727// 882//
f 882// 1727// 883//
f 1727// 1731// 883//
f 883// 1731// 884//
f 1731// 985// 884//
f 884// 985// 885//
f 71// 991// 81//
f 81// 991// 1738//
f 1008// 2// 1739//
f 1739// 2// 1//
f 991// 990// 1740//
f 991// 1740// 1738//
f 1740// 1741// 1738//
f 1738// 1741// 1742//
f 1738// 1742// 1743//
f 1744// 1745// 1739//
f 1739// 1745// 1746//
f 1739// 1746// 1008//
f 1008// 1746// 1747//
f 1008// 1747// 1005//
f 1743// 1748// 1738//
f 1738// 1748// 1749//
f 1738// 1749// 1739//
f 1739// 1749// 1750//
f 1739// 1750// 1744//
f 1006// 1005// 1734//
f 1734// 1005// 1747//
f 1734// 1747// 1725//
f 1725// 1747// 1746//
f 1725// 1746// 1726//
f 1726// 1746// 1745//
f 1726// 1745// 1728//
f 1728// 1745// 1744//
f 1728// 1744// 1735//
f 1735// 1744// 1750//
f 1735// 1750// 1736//
f 1736// 1750// 1749//
f 1736// 1749// 1737//
f 1737// 1749// 1748//
f 1737// 1748// 1729//
f 1729// 1748// 1743//
f 1729// 1743// 1730//
f 1730// 1743// 1742//
f 1730// 1742// 1732//
f 1732// 1742// 1741//
f 1732// 1741// 1733//
f 1733// 1741// 1740//
f 1733// 1740// 986//
f 986// 1740// 990//
f 988// 987// 1703//
f 1703// 987// 1721//
f 1703// 1721// 1699//
f 1699// 1721// 1720//
f 1699// 1720// 1700//
f 1700// 1720// 1719//
f 1700// 1719// 1702//
f 1702// 1719// 1718//
f 1702// 1718// 1704//
f 1704// 1718// 1724//
f 1704// 1724// 1705//
f 1705// 1724// 1723//
f 1705// 1723// 1707//
f 1707// 1723// 1722//
f 1707// 1722// 1708//
f 1708// 1722// 1715//
f 1708// 1715// 1709//
f 1709// 1715// 1714//
f 1709// 1714// 1710//
f 1710// 1714// 1716//
f 1710// 1716// 1711//
f 1711// 1716// 1717//
f 1711// 1717// 978//
f 978// 1717// 982//
f 980// 979// 1677//
f 1677// 979// 1695//
f 1677// 1695// 1673//
f 1673// 1695// 1694//
f 1673// 1694// 1674//
f 1674// 1694// 1693//
f 1674// 1693// 1676//
f 1676// 1693// 1692//
f 1676// 1692// 1678//
f 1678// 1692// 1698//
f 1678// 1698// 1679//
f 1679// 1698// 1697//
f 1679// 1697// 1681//
f 1681// 1697// 1696//
f 1681// 1696// 1682//
f 1682// 1696// 1689//
f 1682// 1689// 1683//
f 1683// 1689// 1688//
f 1683// 1688// 1684//
f 1684// 1688// 1690//
f 1684// 1690// 1685//
f 1685// 1690// 1691//
f 1685// 1691// 970//
f 970// 1691// 974//
f 972// 971// 1656//
f 1656// 971// 1669//
f 1656// 1669// 1647//
f 1647// 1669// 1668//
f 1647// 1668// 1648//
f 1648// 1668// 1667//
f 1648// 1667// 1650//
f 1650// 1667// 1666//
f 1650// 1666// 1657//
f 1657// 1666// 1672//
f 1657// 1672// 1658//
f 1658// 1672// 1671//
f 1658// 1671// 1659//
f 1659// 1671// 1670//
f 1659// 1670// 1651//
f 1651// 1670// 1665//
f 1651// 1665// 1652//
f 1652// 1665// 1664//
f 1652// 1664// 1654//
f 1654// 1664// 1663//
f 1654// 1663// 1655//
f 1655// 1663// 1662//
f 1655// 1662// 962//
f 962// 1662// 966//
f 964// 963// 1630//
f 1630// 963// 1646//
f 1630// 1646// 1621//
f 1621// 1646// 1645//
f 1621// 1645// 1622//
f 1622// 1645// 1644//
f 1622// 1644// 1624//
f 1624// 1644// 1640//
f 1624// 1640// 1631//
f 1631// 1640// 1639//
f 1631// 1639// 1632//
f 1632// 1639// 1643//
f 1632// 1643// 1633//
f 1633// 1643// 1642//
f 1633// 1642// 1625//
f 1625// 1642// 1641//
f 1625// 1641// 1626//
f 1626// 1641// 1637//
f 1626// 1637// 1628//
f 1628// 1637// 1636//
f 1628// 1636// 1629//
f 1629// 1636// 1638//
f 1629// 1638// 954//
f 954// 1638// 958//
f 956// 955// 1604//
f 1604// 955// 1620//
f 1604// 1620// 1595//
f 1595// 1620// 1619//
f 1595// 1619// 1596//
f 1596// 1619// 1618//
f 1596// 1618// 1598//
f 1598// 1618// 1614//
f 1598// 1614// 1605//
f 1605// 1614// 1613//
f 1605// 1613// 1606//
f 1606// 1613// 1617//
f 1606// 1617// 1607//
f 1607// 1617// 1616//
f 1607// 1616// 1599//
f 1599// 1616// 1615//
f 1599// 1615// 1600//
f 1600// 1615// 1611//
f 1600// 1611// 1602//
f 1602// 1611// 1610//
f 1602// 1610// 1603//
f 1603// 1610// 1612//
f 1603// 1612// 946//
f 946// 1612// 950//
f 948// 947// 1573//
f 1573// 947// 1594//
f 1573// 1594// 1569//
f 1569// 1594// 1593//
f 1569// 1593// 1570//
f 1570// 1593// 1592//
f 1570// 1592// 1572//
f 1572// 1592// 1587//
f 1572// 1587// 1574//
f 1574// 1587// 1586//
f 1574// 1586// 1575//
f 1575// 1586// 1591//
f 1575// 1591// 1577//
f 1577// 1591// 1590//
f 1577// 1590// 1578//
f 1578// 1590// 1589//
f 1578// 1589// 1579//
f 1579// 1589// 1585//
f 1579// 1585// 1580//
f 1580// 1585// 1584//
f 1580// 1584// 1581//
f 1581// 1584// 1588//
f 1581// 1588// 940//
f 940// 1588// 943//
f 1// 81// 1739//
f 1739// 81// 1738//
f 69// 88// 1713//
f 1713// 88// 1712//
f 41// 40// 1687//
f 1687// 40// 1686//
f 24// 50// 1661//
f 1661// 50// 1660//
f 23// 22// 1635//
f 1635// 22// 1634//
f 16// 37// 1609//
f 1609// 37// 1608//
f 14// 15// 1583//
f 1583// 15// 1582//
f 1751// 1752// 1753//
f 1751// 1753// 1754//
f 1754// 1753// 833//
f 1754// 833// 831//
f 1755// 1756// 1757//
f 1756// 1758// 1757//
f 1757// 1758// 1759//
f 1757// 1759// 829//
f 829// 1759// 1760//
f 829// 1760// 825//
f 1752// 1761// 1753//
f 1753// 1761// 1762//
f 1753// 1762// 1757//
f 1757// 1762// 1763//
f 1757// 1763// 1755//
f 832// 833// 916//
f 916// 833// 1753//
f 916// 1753// 906//
f 906// 1753// 1757//
f 906// 1757// 830//
f 830// 1757// 829//
f 1764// 1765// 1766//
f 1764// 1766// 1767//
f 1767// 1766// 827//
f 1767// 827// 826//
f 1768// 1769// 1770//
f 1769// 1771// 1770//
f 1770// 1771// 1772//
f 1770// 1772// 839//
f 839// 1772// 1773//
f 839// 1773// 835//
f 1765// 1774// 1766//
f 1766// 1774// 1775//
f 1766// 1775// 1770//
f 1770// 1775// 1776//
f 1770// 1776// 1768//
f 828// 827// 878//
f 878// 827// 1766//
f 878// 1766// 879//
f 879// 1766// 1770//
f 879// 1770// 840//
f 840// 1770// 839//
f 1777// 1778// 1779//
f 1780// 1781// 1782//
f 1781// 1783// 1782//
f 1782// 1783// 1784//
f 1782// 1784// 845//
f 845// 1784// 1785//
f 845// 1785// 841//
f 1777// 1779// 1786//
f 1786// 1779// 837//
f 1786// 837// 836//
f 1778// 1787// 1779//
f 1779// 1787// 1788//
f 1779// 1788// 1782//
f 1782// 1788// 1789//
f 1782// 1789// 1780//
f 838// 837// 892//
f 892// 837// 1779//
f 892// 1779// 903//
f 903// 1779// 1782//
f 903// 1782// 846//
f 846// 1782// 845//
f 1790// 1791// 1792//
f 1793// 1794// 1795//
f 1794// 1796// 1795//
f 1795// 1796// 1797//
f 1795// 1797// 851//
f 851// 1797// 1798//
f 851// 1798// 847//
f 1790// 1792// 1799//
f 1799// 1792// 843//
f 1799// 843// 842//
f 1791// 1800// 1792//
f 1792// 1800// 1801//
f 1792// 1801// 1795//
f 1795// 1801// 1802//
f 1795// 1802// 1793//
f 844// 843// 902//
f 902// 843// 1792//
f 902// 1792// 901//
f 901// 1792// 1795//
f 901// 1795// 852//
f 852// 1795// 851//
f 1803// 1804// 1805//
f 1806// 1807// 1808//
f 1806// 1808// 1809//
f 1809// 1808// 849//
f 1809// 849// 848//
f 1807// 1810// 1808//
f 1808// 1810// 1811//
f 1808// 1811// 1805//
f 1805// 1811// 1812//
f 1805// 1812// 1803//
f 1804// 1813// 1805//
f 1805// 1813// 1814//
f 1805// 1814// 857//
f 857// 1814// 1815//
f 857// 1815// 853//
f 850// 849// 907//
f 907// 849// 1808//
f 907// 1808// 895//
f 895// 1808// 1805//
f 895// 1805// 858//
f 858// 1805// 857//
f 1816// 1817// 1818//
f 1819// 1820// 1821//
f 1819// 1821// 1822//
f 1822// 1821// 855//
f 1822// 855// 854//
f 1817// 1823// 1818//
f 1818// 1823// 1824//
f 1818// 1824// 863//
f 863// 1824// 1825//
f 863// 1825// 859//
f 1820// 1826// 1821//
f 1821// 1826// 1827//
f 1821// 1827// 1818//
f 1818// 1827// 1828//
f 1818// 1828// 1816//
f 856// 855// 893//
f 893// 855// 1821//
f 893// 1821// 894//
f 894// 1821// 1818//
f 894// 1818// 864//
f 864// 1818// 863//
f 1829// 1830// 1831//
f 1832// 1833// 1834//
f 1832// 1834// 1835//
f 1835// 1834// 861//
f 1835// 861// 860//
f 1830// 1836// 1831//
f 1831// 1836// 1837//
f 1831// 1837// 869//
f 869// 1837// 1838//
f 869// 1838// 865//
f 1833// 1839// 1834//
f 1834// 1839// 1840//
f 1834// 1840// 1831//
f 1831// 1840// 1841//
f 1831// 1841// 1829//
f 862// 861// 917//
f 917// 861// 1834//
f 917// 1834// 918//
f 918// 1834// 1831//
f 918// 1831// 870//
f 870// 1831// 869//
f 1842// 1843// 1844//
f 1845// 1846// 1847//
f 1845// 1847// 1848//
f 1848// 1847// 867//
f 1848// 867// 866//
f 1846// 1849// 1847//
f 1847// 1849// 1850//
f 1847// 1850// 1844//
f 1844// 1850// 1851//
f 1844// 1851// 1842//
f 1843// 1852// 1844//
f 1844// 1852// 1853//
f 1844// 1853// 872//
f 872// 1853// 1854//
f 872// 1854// 871//
f 868// 867// 925//
f 925// 867// 1847//
f 925// 1847// 924//
f 924// 1847// 1844//
f 924// 1844// 873//
f 873// 1844// 872//
f 866// 824// 1848//
f 1848// 824// 823//
f 1848// 823// 1845//
f 1845// 823// 822//
f 1845// 822// 1846//
f 1846// 822// 821//
f 1846// 821// 1849//
f 1849// 821// 820//
f 1849// 820// 1850//
f 1850// 820// 819//
f 1850// 819// 1851//
f 1851// 819// 818//
f 1851// 818// 1842//
f 1842// 818// 817//
f 1842// 817// 1843//
f 1843// 817// 813//
f 1843// 813// 1852//
f 1852// 813// 812//
f 1852// 812// 1853//
f 1853// 812// 814//
f 1853// 814// 1854//
f 1854// 814// 815//
f 1854// 815// 871//
f 871// 815// 816//
f 860// 807// 1835//
f 1835// 807// 806//
f 1835// 806// 1832//
f 1832// 806// 805//
f 1832// 805// 1833//
f 1833// 805// 804//
f 1833// 804// 1839//
f 1839// 804// 798//
f 1839// 798// 1840//
f 1840// 798// 797//
f 1840// 797// 1841//
f 1841// 797// 803//
f 1841// 803// 1829//
f 1829// 803// 802//
f 1829// 802// 1830//
f 1830// 802// 801//
f 1830// 801// 1836//
f 1836// 801// 796//
f 1836// 796// 1837//
f 1837// 796// 795//
f 1837// 795// 1838//
f 1838// 795// 799//
f 1838// 799// 865//
f 865// 799// 800//
f 854// 790// 1822//
f 1822// 790// 789//
f 1822// 789// 1819//
f 1819// 789// 788//
f 1819// 788// 1820//
f 1820// 788// 787//
f 1820// 787// 1826//
f 1826// 787// 781//
f 1826// 781// 1827//
f 1827// 781// 780//
f 1827// 780// 1828//
f 1828// 780// 786//
f 1828// 786// 1816//
f 1816// 786// 785//
f 1816// 785// 1817//
f 1817// 785// 784//
f 1817// 784// 1823//
f 1823// 784// 779//
f 1823// 779// 1824//
f 1824// 779// 778//
f 1824// 778// 1825//
f 1825// 778// 782//
f 1825// 782// 859//
f 859// 782// 783//
f 848// 773// 1809//
f 1809// 773// 772//
f 1809// 772// 1806//
f 1806// 772// 771//
f 1806// 771// 1807//
f 1807// 771// 770//
f 1807// 770// 1810//
f 1810// 770// 769//
f 1810// 769// 1811//
f 1811// 769// 768//
f 1811// 768// 1812//
f 1812// 768// 767//
f 1812// 767// 1803//
f 1803// 767// 766//
f 1803// 766// 1804//
f 1804// 766// 762//
f 1804// 762// 1813//
f 1813// 762// 761//
f 1813// 761// 1814//
f 1814// 761// 763//
f 1814// 763// 1815//
f 1815// 763// 764//
f 1815// 764// 853//
f 853// 764// 765//
f 842// 753// 1799//
f 1799// 753// 752//
f 1799// 752// 1790//
f 1790// 752// 751//
f 1790// 751// 1791//
f 1791// 751// 750//
f 1791// 750// 1800//
f 1800// 750// 749//
f 1800// 749// 1801//
f 1801// 749// 748//
f 1801// 748// 1802//
f 1802// 748// 756//
f 1802// 756// 1793//
f 1793// 756// 755//
f 1793// 755// 1794//
f 1794// 755// 754//
f 1794// 754// 1796//
f 1796// 754// 745//
f 1796// 745// 1797//
f 1797// 745// 744//
f 1797// 744// 1798//
f 1798// 744// 746//
f 1798// 746// 847//
f 847// 746// 747//
f 836// 736// 1786//
f 1786// 736// 735//
f 1786// 735// 1777//
f 1777// 735// 734//
f 1777// 734// 1778//
f 1778// 734// 733//
f 1778// 733// 1787//
f 1787// 733// 732//
f 1787// 732// 1788//
f 1788// 732// 731//
f 1788// 731// 1789//
f 1789// 731// 739//
f 1789// 739// 1780//
f 1780// 739// 738//
f 1780// 738// 1781//
f 1781// 738// 737//
f 1781// 737// 1783//
f 1783// 737// 728//
f 1783// 728// 1784//
f 1784// 728// 727//
f 1784// 727// 1785//
f 1785// 727// 729//
f 1785// 729// 841//
f 841// 729// 730//
f 826// 719// 1767//
f 1767// 719// 718//
f 1767// 718// 1764//
f 1764// 718// 717//
f 1764// 717// 1765//
f 1765// 717// 716//
f 1765// 716// 1774//
f 1774// 716// 715//
f 1774// 715// 1775//
f 1775// 715// 714//
f 1775// 714// 1776//
f 1776// 714// 722//
f 1776// 722// 1768//
f 1768// 722// 721//
f 1768// 721// 1769//
f 1769// 721// 720//
f 1769// 720// 1771//
f 1771// 720// 711//
f 1771// 711// 1772//
f 1772// 711// 710//
f 1772// 710// 1773//
f 1773// 710// 712//
f 1773// 712// 835//
f 835// 712// 713//
f 831// 702// 1754//
f 1754// 702// 701//
f 1754// 701// 1751//
f 1751// 701// 700//
f 1751// 700// 1752//
f 1752// 700// 699//
f 1752// 699// 1761//
f 1761// 699// 698//
f 1761// 698// 1762//
f 1762// 698// 697//
f 1762// 697// 1763//
f 1763// 697// 705//
f 1763// 705// 1755//
f 1755// 705// 704//
f 1755// 704// 1756//
f 1756// 704// 703//
f 1756// 703// 1758//
f 1758// 703// 694//
f 1758// 694// 1759//
f 1759// 694// 693//
f 1759// 693// 1760//
f 1760// 693// 695//
f 1760// 695// 825//
f 825// 695// 696//
f 35// 61// 811//
f 811// 61// 809//
f 29// 36// 794//
f 794// 36// 792//
f 31// 30// 777//
f 777// 30// 775//
f 58// 82// 760//
f 760// 82// 758//
f 77// 76// 743//
f 743// 76// 741//
f 115// 114// 726//
f 726// 114// 724//
f 120// 143// 709//
f 709// 143// 707//
f 9// 121// 692//
f 692// 121// 690//
usemtl 6
f 1855// 1856// 622//
f 622// 1856// 623//
f 1857// 1855// 627//
f 627// 1855// 622//
f 1858// 1857// 626//
f 626// 1857// 627//
f 1859// 1858// 625//
f 625// 1858// 626//
f 1860// 1859// 624//
f 624// 1859// 625//
f 1856// 1860// 623//
f 623// 1860// 624//
f 1858// 1859// 1857//
f 1857// 1859// 1860//
f 1857// 1860// 1855//
f 1855// 1860// 1856//
f 1861// 408// 1862//
f 1862// 408// 363//
f 363// 362// 1862//
f 1862// 362// 361//
f 1862// 361// 1863//
f 1863// 361// 353//
f 1863// 353// 1864//
f 1865// 1864// 352//
f 352// 1864// 353//
f 1865// 352// 365//
f 1865// 365// 1866//
f 1866// 365// 360//
f 1866// 360// 1867//
f 1867// 360// 359//
f 1867// 359// 1868//
f 1868// 359// 378//
f 1868// 378// 1869//
f 1869// 378// 377//
f 1869// 377// 1870//
f 1870// 377// 376//
f 1870// 376// 1871//
f 1871// 376// 382//
f 1871// 382// 1872//
f 1872// 382// 381//
f 1872// 381// 1873//
f 1873// 381// 375//
f 1873// 375// 1874//
f 1874// 375// 374//
f 1874// 374// 1875//
f 1875// 374// 373//
f 1875// 373// 1876//
f 1876// 373// 368//
f 1876// 368// 1877//
f 1877// 368// 367//
f 1877// 367// 1878//
f 1878// 367// 366//
f 1878// 366// 1879//
f 1879// 366// 380//
f 1879// 380// 1880//
f 1880// 380// 379//
f 1880// 379// 1881//
f 1881// 379// 372//
f 1881// 372// 1882//
f 1882// 372// 371//
f 1882// 371// 1883//
f 1883// 371// 370//
f 1883// 370// 1884//
f 1884// 370// 369//
f 1884// 369// 1885//
f 1885// 369// 358//
f 1885// 358// 1886//
f 1887// 1886// 357//
f 357// 1886// 358//
f 384// 1888// 1889//
f 1887// 357// 356//
f 1887// 356// 1890//
f 1890// 356// 355//
f 1890// 355// 1889//
f 1889// 355// 386//
f 1889// 386// 384//
f 1888// 384// 1891//
f 1891// 384// 158//
f 158// 157// 1891//
f 1891// 157// 390//
f 1891// 390// 1892//
f 1892// 390// 389//
f 1892// 389// 1893//
f 1893// 389// 388//
f 1893// 388// 1894//
f 1894// 388// 387//
f 398// 1895// 387//
f 387// 1895// 1896//
f 387// 1896// 1894//
f 398// 397// 1895//
f 1895// 397// 395//
f 1895// 395// 1897//
f 1897// 395// 394//
f 1897// 394// 1898//
f 1898// 394// 392//
f 391// 1899// 392//
f 392// 1899// 1900//
f 392// 1900// 1898//
f 391// 404// 1899//
f 1899// 404// 403//
f 1899// 403// 1901//
f 1901// 403// 402//
f 1901// 402// 1902//
f 399// 1903// 400//
f 400// 1903// 1902//
f 400// 1902// 402//
f 405// 1904// 399//
f 399// 1904// 1905//
f 399// 1905// 1903//
f 405// 407// 1904//
f 1904// 407// 408//
f 1904// 408// 1861//
f 1873// 1874// 1900//
f 1886// 1887// 1885//
f 1885// 1887// 1890//
f 1885// 1890// 1884//
f 1884// 1890// 1889//
f 1884// 1889// 1883//
f 1883// 1889// 1888//
f 1883// 1888// 1882//
f 1882// 1888// 1891//
f 1882// 1891// 1881//
f 1900// 1874// 1898//
f 1894// 1880// 1893//
f 1893// 1880// 1881//
f 1893// 1881// 1892//
f 1892// 1881// 1891//
f 1864// 1865// 1863//
f 1863// 1865// 1866//
f 1863// 1866// 1862//
f 1862// 1866// 1861//
f 1874// 1875// 1898//
f 1898// 1875// 1876//
f 1898// 1876// 1897//
f 1897// 1876// 1877//
f 1897// 1877// 1895//
f 1895// 1877// 1896//
f 1896// 1877// 1878//
f 1896// 1878// 1894//
f 1894// 1878// 1879//
f 1894// 1879// 1880//
f 1900// 1899// 1873//
f 1873// 1899// 1901//
f 1873// 1901// 1872//
f 1872// 1901// 1902//
f 1872// 1902// 1871//
f 1871// 1902// 1903//
f 1871// 1903// 1870//
f 1870// 1903// 1905//
f 1870// 1905// 1869//
f 1869// 1905// 1904//
f 1869// 1904// 1868//
f 1868// 1904// 1861//
f 1868// 1861// 1867//
f 1867// 1861// 1866//
f 1906// 1907// 339//
f 339// 1907// 341//
f 333// 1908// 332//
f 332// 1908// 1906//
f 332// 1906// 339//
f 1909// 1908// 331//
f 331// 1908// 333//
f 1909// 331// 1910//
f 1910// 331// 330//
f 1910// 330// 343//
f 1911// 1910// 344//
f 344// 1910// 343//
f 348// 1912// 345//
f 345// 1912// 1911//
f 345// 1911// 344//
f 1913// 1912// 347//
f 347// 1912// 348//
f 338// 1914// 346//
f 346// 1914// 1913//
f 346// 1913// 347//
f 1915// 1914// 336//
f 336// 1914// 338//
f 349// 1916// 337//
f 337// 1916// 1915//
f 337// 1915// 336//
f 1917// 1916// 351//
f 351// 1916// 349//
f 341// 1907// 364//
f 364// 1907// 1917//
f 364// 1917// 351//
f 1917// 1907// 1906//
f 1906// 1908// 1917//
f 1917// 1908// 1909//
f 1917// 1909// 1916//
f 1914// 1915// 1913//
f 1913// 1915// 1916//
f 1913// 1916// 1912//
f 1912// 1916// 1909//
f 1912// 1909// 1911//
f 1911// 1909// 1910//
f 1918// 1919// 1920//
f 1920// 1919// 1921//
f 1920// 1921// 1922//
f 1922// 1921// 1923//
f 1922// 1923// 1924//
f 1924// 1923// 1925//
f 1924// 1925// 1926//
f 1926// 1925// 1927//
f 1926// 1927// 1928//
f 1928// 1927// 1929//
f 1928// 1929// 1930//
f 1930// 1929// 1931//
f 1930// 1931// 1932//
f 1932// 1931// 1933//
f 1932// 1933// 1934//
f 1934// 1933// 1935//
f 1934// 1935// 1936//
f 1936// 1935// 1937//
f 1936// 1937// 1938//
f 1938// 1937// 1939//
f 1938// 1939// 1940//
f 1940// 1939// 1941//
f 1940// 1941// 1942//
f 1942// 1941// 1943//
f 1942// 1943// 1944//
f 1944// 1943// 1945//
f 1944// 1945// 1946//
f 1946// 1945// 1947//
f 1946// 1947// 1948//
f 1948// 1947// 1949//
f 1948// 1949// 1950//
f 1950// 1949// 1951//
f 1950// 1951// 1952//
f 1952// 1951// 1953//
f 1952// 1953// 1918//
f 1918// 1953// 1919//
f 1949// 1947// 429//
f 429// 1947// 430//
f 1949// 429// 428//
f 1949// 428// 1951//
f 1951// 428// 416//
f 1951// 416// 1953//
f 416// 418// 1953//
f 1953// 418// 419//
f 1953// 419// 1919//
f 1919// 419// 415//
f 1919// 415// 1921//
f 1921// 415// 414//
f 1921// 414// 1923//
f 1923// 414// 413//
f 1923// 413// 1925//
f 1925// 413// 425//
f 1925// 425// 1927//
f 1927// 425// 424//
f 1927// 424// 1929//
f 1929// 424// 423//
f 1929// 423// 1931//
f 1931// 423// 422//
f 1931// 422// 1933//
f 1933// 422// 421//
f 1933// 421// 1935//
f 1935// 421// 420//
f 1935// 420// 1937//
f 426// 1943// 1941//
f 1937// 420// 412//
f 1937// 412// 1939//
f 1939// 412// 411//
f 1939// 411// 1941//
f 1941// 411// 427//
f 1941// 427// 426//
f 1945// 1943// 431//
f 431// 1943// 426//
f 1947// 1945// 430//
f 430// 1945// 431//
f 1942// 1944// 1954//
f 1954// 1944// 1955//
f 1944// 1946// 1955//
f 1955// 1946// 1956//
f 1946// 1948// 1956//
f 1956// 1948// 1957//
f 1920// 1958// 1959//
f 1920// 1959// 1918//
f 1918// 1959// 1960//
f 1918// 1960// 1952//
f 1952// 1960// 1961//
f 1952// 1961// 1950//
f 1950// 1961// 1957//
f 1950// 1957// 1948//
f 1928// 1962// 1963//
f 1928// 1963// 1926//
f 1926// 1963// 1964//
f 1926// 1964// 1924//
f 1924// 1964// 1965//
f 1924// 1965// 1922//
f 1922// 1965// 1958//
f 1922// 1958// 1920//
f 1936// 1966// 1967//
f 1936// 1967// 1934//
f 1934// 1967// 1968//
f 1934// 1968// 1932//
f 1932// 1968// 1969//
f 1932// 1969// 1930//
f 1930// 1969// 1962//
f 1930// 1962// 1928//
f 1942// 1954// 1970//
f 1942// 1970// 1940//
f 1940// 1970// 1971//
f 1940// 1971// 1938//
f 1938// 1971// 1966//
f 1938// 1966// 1936//
usemtl 3
f 1955// 1956// 1954//
f 1954// 1956// 1957//
f 1954// 1957// 1961//
f 1961// 1960// 1954//
f 1954// 1960// 1959//
f 1954// 1959// 1958//
f 1958// 1965// 1954//
f 1954// 1965// 1964//
f 1954// 1964// 1963//
f 1963// 1962// 1954//
f 1954// 1962// 1969//
f 1954// 1969// 1968//
f 1968// 1967// 1954//
f 1954// 1967// 1966//
f 1954// 1966// 1970//
f 1970// 1966// 1971//
usemtl 6
f 1972// 1973// 1974//
f 1974// 1973// 1975//
f 1976// 1977// 1972//
f 1972// 1977// 1978//
f 1972// 1978// 1973//
f 1973// 1978// 1979//
f 1976// 1980// 1977//
f 1977// 1980// 1981//
f 1977// 1981// 1982//
f 1982// 1981// 1983//
f 1982// 1983// 1984//
f 1984// 1985// 1982//
f 1982// 1985// 1974//
f 1982// 1974// 1986//
f 1986// 1974// 1975//
f 1986// 1975// 1987//
f 1982// 1986// 321//
f 321// 1986// 318//
f 1977// 1982// 329//
f 329// 1982// 321//
f 326// 1978// 328//
f 328// 1978// 1977//
f 328// 1977// 329//
f 1979// 1978// 324//
f 324// 1978// 326//
f 1973// 1979// 323//
f 323// 1979// 324//
f 314// 1975// 315//
f 315// 1975// 1973//
f 315// 1973// 323//
f 1987// 1975// 316//
f 316// 1975// 314//
f 1986// 1987// 318//
f 318// 1987// 316//
f 1972// 1974// 1988//
f 1988// 1974// 1989//
f 1974// 1985// 1989//
f 1989// 1985// 1990//
f 1983// 1991// 1992//
f 1983// 1992// 1984//
f 1984// 1992// 1990//
f 1984// 1990// 1985//
f 1983// 1981// 1991//
f 1991// 1981// 1993//
f 1976// 1994// 1995//
f 1976// 1995// 1980//
f 1980// 1995// 1993//
f 1980// 1993// 1981//
f 1976// 1972// 1994//
f 1994// 1972// 1988//
usemtl 3
f 1991// 1993// 1992//
f 1992// 1993// 1995//
f 1992// 1995// 1990//
f 1990// 1995// 1994//
f 1990// 1994// 1989//
f 1989// 1994// 1988//
usemtl 6
f 1996// 1997// 660//
f 660// 1997// 659//
f 1998// 1996// 665//
f 665// 1996// 660//
f 1999// 1998// 664//
f 664// 1998// 665//
f 2000// 1999// 666//
f 666// 1999// 664//
f 2001// 2000// 667//
f 667// 2000// 666//
f 2002// 2001// 668//
f 668// 2001// 667//
f 2003// 2002// 669//
f 669// 2002// 668//
f 2004// 2003// 661//
f 661// 2003// 669//
f 2005// 2004// 663//
f 663// 2004// 661//
f 2006// 2005// 662//
f 662// 2005// 663//
f 2007// 2006// 658//
f 658// 2006// 662//
f 1997// 2007// 659//
f 659// 2007// 658//
f 2007// 1997// 1996//
f 1996// 1998// 2007//
f 2007// 1998// 1999//
f 2007// 1999// 2006//
f 2004// 2005// 2003//
f 2003// 2005// 2006//
f 2003// 2006// 2002//
f 2002// 2006// 1999//
f 2002// 1999// 2001//
f 2001// 1999// 2000//
f 2008// 2009// 2010//
f 2010// 2009// 2011//
f 2012// 2013// 2014//
f 2015// 2016// 2011//
f 2011// 2016// 2017//
f 2018// 2019// 2020//
f 2020// 2019// 2021//
f 2017// 2022// 2011//
f 2011// 2022// 2023//
f 2011// 2023// 2010//
f 2010// 2023// 2024//
f 2010// 2024// 2018//
f 2018// 2024// 2025//
f 2018// 2025// 2019//
f 2014// 2015// 2012//
f 2012// 2015// 2011//
f 2012// 2011// 2026//
f 2026// 2011// 2027//
f 2026// 2027// 2028//
f 2028// 2027// 2029//
f 2028// 2029// 2030//
f 2030// 2029// 2031//
f 2030// 2031// 2032//
f 2032// 2031// 2033//
f 2032// 2033// 2034//
f 2034// 2033// 2035//
f 2034// 2035// 2036//
f 2036// 2035// 2037//
f 2036// 2037// 2038//
f 2038// 2037// 2039//
f 2038// 2039// 2040//
f 2040// 2039// 2041//
f 2040// 2041// 2042//
f 2042// 2041// 2043//
f 2042// 2043// 2044//
f 2044// 2043// 2045//
f 2046// 2047// 2048//
f 2048// 2047// 2049//
f 2048// 2049// 2050//
f 2050// 2049// 2051//
f 2050// 2051// 2052//
f 2052// 2051// 2053//
f 2052// 2053// 2054//
f 2054// 2053// 2055//
f 2054// 2055// 2056//
f 2056// 2055// 2057//
f 2056// 2057// 2021//
f 2021// 2057// 2058//
f 2021// 2058// 2020//
f 2059// 2060// 2061//
f 2061// 2060// 2062//
f 2061// 2062// 2063//
f 2063// 2062// 2064//
f 2063// 2064// 2065//
f 2065// 2064// 2066//
f 2065// 2066// 2046//
f 2046// 2066// 2067//
f 2046// 2067// 2047//
f 2012// 2068// 2013//
f 2013// 2068// 2069//
f 2013// 2069// 2070//
f 2070// 2069// 2071//
f 2070// 2071// 2072//
f 2072// 2071// 2073//
f 2072// 2073// 2074//
f 2074// 2073// 2075//
f 2074// 2075// 2059//
f 2059// 2075// 2076//
f 2059// 2076// 2060//
f 2039// 463// 462//
f 2039// 462// 2041//
f 2041// 462// 446//
f 2041// 446// 2043//
f 2043// 446// 445//
f 2043// 445// 2045//
f 2044// 2045// 436//
f 436// 2045// 445//
f 2044// 436// 452//
f 2044// 452// 2042//
f 2042// 452// 456//
f 2042// 456// 2040//
f 2040// 456// 455//
f 2040// 455// 2038//
f 2038// 455// 454//
f 2038// 454// 2036//
f 2036// 454// 487//
f 2036// 487// 2034//
f 2034// 487// 486//
f 2034// 486// 2032//
f 2032// 486// 475//
f 2032// 475// 2030//
f 2030// 475// 474//
f 2030// 474// 2028//
f 2028// 474// 473//
f 2028// 473// 2026//
f 2026// 473// 472//
f 2026// 472// 2012//
f 2068// 2012// 453//
f 453// 2012// 472//
f 2068// 453// 451//
f 2068// 451// 2069//
f 2069// 451// 450//
f 2069// 450// 2071//
f 2071// 450// 435//
f 2071// 435// 2073//
f 2073// 435// 437//
f 2073// 437// 2075//
f 2075// 437// 438//
f 2075// 438// 2076//
f 2076// 438// 466//
f 2076// 466// 2060//
f 2060// 466// 465//
f 2060// 465// 2062//
f 2062// 465// 444//
f 2062// 444// 2064//
f 2064// 444// 443//
f 2064// 443// 2066//
f 2066// 443// 458//
f 2066// 458// 2067//
f 2067// 458// 457//
f 2067// 457// 2047//
f 491// 2053// 492//
f 492// 2053// 2051//
f 492// 2051// 440//
f 440// 2051// 2049//
f 440// 2049// 441//
f 441// 2049// 2047//
f 441// 2047// 457//
f 2053// 491// 488//
f 2053// 488// 2055//
f 2055// 488// 433//
f 2055// 433// 2057//
f 433// 432// 2057//
f 2057// 432// 439//
f 2057// 439// 2058//
f 2058// 439// 461//
f 2058// 461// 2020//
f 2020// 461// 460//
f 2020// 460// 2018//
f 2010// 2018// 459//
f 459// 2018// 460//
f 2008// 2010// 434//
f 434// 2010// 459//
f 2009// 2008// 494//
f 494// 2008// 434//
f 2011// 2009// 483//
f 483// 2009// 494//
f 2011// 483// 471//
f 2011// 471// 2027//
f 2027// 471// 470//
f 2027// 470// 2029//
f 2029// 470// 468//
f 2029// 468// 2031//
f 2031// 468// 467//
f 2031// 467// 2033//
f 2033// 467// 447//
f 2033// 447// 2035//
f 2035// 447// 464//
f 2035// 464// 2037//
f 2037// 464// 463//
f 2037// 463// 2039//
f 2070// 2077// 2078//
f 2070// 2078// 2013//
f 2013// 2078// 2079//
f 2013// 2079// 2014//
f 2014// 2079// 2080//
f 2014// 2080// 2015//
f 2061// 2081// 2082//
f 2061// 2082// 2059//
f 2059// 2082// 2083//
f 2059// 2083// 2074//
f 2074// 2083// 2084//
f 2074// 2084// 2072//
f 2072// 2084// 2077//
f 2072// 2077// 2070//
f 2048// 2085// 2086//
f 2048// 2086// 2046//
f 2046// 2086// 2087//
f 2046// 2087// 2065//
f 2065// 2087// 2088//
f 2065// 2088// 2063//
f 2063// 2088// 2081//
f 2063// 2081// 2061//
f 2054// 2089// 2090//
f 2054// 2090// 2052//
f 2052// 2090// 2091//
f 2052// 2091// 2050//
f 2050// 2091// 2085//
f 2050// 2085// 2048//
f 2025// 2092// 2093//
f 2025// 2093// 2019//
f 2019// 2093// 2094//
f 2019// 2094// 2021//
f 2021// 2094// 2095//
f 2021// 2095// 2056//
f 2056// 2095// 2089//
f 2056// 2089// 2054//
f 2017// 2096// 2097//
f 2017// 2097// 2022//
f 2022// 2097// 2098//
f 2022// 2098// 2023//
f 2023// 2098// 2099//
f 2023// 2099// 2024//
f 2024// 2099// 2092//
f 2024// 2092// 2025//
f 2017// 2016// 2096//
f 2096// 2016// 2100//
f 2016// 2015// 2100//
f 2100// 2015// 2080//
usemtl 3
f 2100// 2080// 2096//
f 2096// 2080// 2079//
f 2079// 2078// 2096//
f 2096// 2078// 2077//
f 2096// 2077// 2097//
f 2097// 2077// 2098//
f 2098// 2077// 2084//
f 2098// 2084// 2099//
f 2086// 2085// 2093//
f 2086// 2093// 2087//
f 2094// 2093// 2095//
f 2095// 2093// 2089//
f 2084// 2083// 2099//
f 2099// 2083// 2082//
f 2099// 2082// 2092//
f 2092// 2082// 2081//
f 2092// 2081// 2093//
f 2093// 2081// 2088//
f 2093// 2088// 2087//
f 2085// 2091// 2093//
f 2093// 2091// 2090//
f 2093// 2090// 2089//
usemtl 6
f 477// 2101// 2102//
f 2103// 540// 537//
f 2103// 537// 2104//
f 2104// 537// 480//
f 2104// 480// 2102//
f 2102// 480// 479//
f 2102// 479// 477//
f 2105// 2101// 493//
f 493// 2101// 477//
f 2105// 493// 2106//
f 2106// 493// 495//
f 499// 2107// 498//
f 498// 2107// 2106//
f 498// 2106// 497//
f 497// 2106// 495//
f 2107// 499// 2108//
f 2108// 499// 152//
f 152// 151// 2108//
f 2108// 151// 518//
f 2108// 518// 2109//
f 2109// 518// 517//
f 2109// 517// 2110//
f 2110// 517// 507//
f 2110// 507// 2111//
f 2111// 507// 506//
f 2111// 506// 2112//
f 2112// 506// 505//
f 2112// 505// 2113//
f 2113// 505// 516//
f 2113// 516// 2114//
f 2114// 516// 515//
f 2114// 515// 2115//
f 2115// 515// 514//
f 2115// 514// 2116//
f 2116// 514// 513//
f 2116// 513// 2117//
f 2117// 513// 533//
f 2117// 533// 2118//
f 2118// 533// 532//
f 2118// 532// 2119//
f 2119// 532// 530//
f 2119// 530// 2120//
f 2120// 530// 528//
f 2120// 528// 2121//
f 2121// 528// 527//
f 2121// 527// 2122//
f 2122// 527// 526//
f 2122// 526// 2123//
f 2123// 526// 525//
f 2123// 525// 2124//
f 2124// 525// 524//
f 2124// 524// 2125//
f 2125// 524// 521//
f 2125// 521// 2126//
f 2126// 521// 536//
f 2126// 536// 2127//
f 2127// 536// 535//
f 2127// 535// 2128//
f 2128// 535// 534//
f 2128// 534// 2129//
f 2129// 534// 523//
f 2129// 523// 2130//
f 2130// 523// 522//
f 2130// 522// 2131//
f 2131// 522// 520//
f 2131// 520// 2132//
f 2132// 520// 519//
f 2132// 519// 2133//
f 2133// 519// 529//
f 2133// 529// 2134//
f 2134// 529// 531//
f 2134// 531// 2135//
f 2135// 531// 502//
f 2135// 502// 2136//
f 2137// 2136// 501//
f 501// 2136// 502//
f 2137// 501// 512//
f 2137// 512// 2138//
f 2138// 512// 510//
f 2138// 510// 2139//
f 2139// 510// 509//
f 2139// 509// 2140//
f 2140// 509// 504//
f 2140// 504// 2141//
f 2141// 504// 503//
f 2141// 503// 2142//
f 503// 508// 2142//
f 2142// 508// 2143//
f 508// 449// 2143//
f 2143// 449// 448//
f 2143// 448// 2144//
f 2144// 448// 469//
f 2144// 469// 2145//
f 2145// 469// 485//
f 2145// 485// 2146//
f 2146// 485// 484//
f 2146// 484// 2147//
f 2147// 484// 482//
f 2147// 482// 2148//
f 2148// 482// 481//
f 2148// 481// 2149//
f 538// 2150// 2151//
f 2149// 481// 476//
f 2149// 476// 2152//
f 2152// 476// 478//
f 2152// 478// 2151//
f 2151// 478// 539//
f 2151// 539// 538//
f 2150// 538// 542//
f 2150// 542// 2153//
f 2153// 542// 553//
f 2153// 553// 2154//
f 2154// 553// 552//
f 2154// 552// 2155//
f 2155// 552// 551//
f 2155// 551// 2156//
f 2156// 551// 545//
f 2156// 545// 2157//
f 2157// 545// 544//
f 2157// 544// 2158//
f 2158// 544// 550//
f 2158// 550// 2159//
f 2159// 550// 549//
f 2159// 549// 2160//
f 2160// 549// 548//
f 2160// 548// 2161//
f 2161// 548// 547//
f 2161// 547// 2162//
f 2162// 547// 546//
f 2162// 546// 2163//
f 2163// 546// 543//
f 2163// 543// 2164//
f 2164// 543// 541//
f 2164// 541// 2165//
f 2165// 541// 540//
f 2165// 540// 2103//
f 2129// 2130// 2141//
f 2141// 2130// 2140//
f 2153// 2120// 2150//
f 2150// 2120// 2121//
f 2109// 2110// 2161//
f 2161// 2110// 2111//
f 2161// 2111// 2160//
f 2160// 2111// 2112//
f 2160// 2112// 2159//
f 2159// 2112// 2113//
f 2159// 2113// 2158//
f 2158// 2113// 2114//
f 2158// 2114// 2157//
f 2157// 2114// 2115//
f 2157// 2115// 2156//
f 2156// 2115// 2116//
f 2156// 2116// 2155//
f 2155// 2116// 2117//
f 2155// 2117// 2154//
f 2154// 2117// 2118//
f 2154// 2118// 2153//
f 2153// 2118// 2119//
f 2153// 2119// 2120//
f 2107// 2103// 2106//
f 2106// 2103// 2104//
f 2106// 2104// 2105//
f 2105// 2104// 2102//
f 2105// 2102// 2101//
f 2130// 2131// 2140//
f 2140// 2131// 2132//
f 2140// 2132// 2139//
f 2139// 2132// 2133//
f 2139// 2133// 2138//
f 2138// 2133// 2134//
f 2138// 2134// 2137//
f 2137// 2134// 2135//
f 2137// 2135// 2136//
f 2161// 2162// 2109//
f 2109// 2162// 2163//
f 2109// 2163// 2108//
f 2108// 2163// 2164//
f 2108// 2164// 2107//
f 2107// 2164// 2165//
f 2107// 2165// 2103//
f 2141// 2142// 2129//
f 2129// 2142// 2143//
f 2129// 2143// 2128//
f 2128// 2143// 2144//
f 2128// 2144// 2127//
f 2127// 2144// 2145//
f 2127// 2145// 2126//
f 2126// 2145// 2146//
f 2126// 2146// 2125//
f 2125// 2146// 2147//
f 2125// 2147// 2124//
f 2124// 2147// 2148//
f 2124// 2148// 2123//
f 2123// 2148// 2149//
f 2123// 2149// 2122//
f 2122// 2149// 2152//
f 2122// 2152// 2121//
f 2121// 2152// 2151//
f 2121// 2151// 2150//
f 2166// 2167// 554//
f 554// 2167// 555//
f 2168// 2166// 562//
f 562// 2166// 554//
f 2168// 562// 563//
f 2168// 563// 2169//
f 2169// 563// 559//
f 2169// 559// 2170//
f 2171// 2170// 558//
f 558// 2170// 559//
f 2172// 2171// 557//
f 557// 2171// 558//
f 566// 2173// 561//
f 561// 2173// 2172//
f 561// 2172// 557//
f 2174// 2173// 565//
f 565// 2173// 566//
f 568// 2175// 564//
f 564// 2175// 2174//
f 564// 2174// 565//
f 572// 2176// 567//
f 567// 2176// 2175//
f 567// 2175// 568//
f 2176// 572// 570//
f 2176// 570// 2177//
f 2177// 570// 569//
f 2177// 569// 2178//
f 569// 584// 2178//
f 2178// 584// 583//
f 2178// 583// 2179//
f 2179// 583// 577//
f 2179// 577// 2180//
f 2180// 577// 576//
f 2180// 576// 2181//
f 2181// 576// 575//
f 2181// 575// 2182//
f 2182// 575// 573//
f 2182// 573// 2183//
f 2184// 2183// 574//
f 574// 2183// 573//
f 2184// 574// 582//
f 2184// 582// 2185//
f 2185// 582// 581//
f 2185// 581// 2186//
f 2186// 581// 579//
f 2186// 579// 2187//
f 2187// 579// 578//
f 2187// 578// 2188//
f 578// 591// 2188//
f 2188// 591// 590//
f 2188// 590// 2189//
f 2189// 590// 589//
f 2189// 589// 2190//
f 2190// 589// 586//
f 2190// 586// 2191//
f 2191// 586// 585//
f 2191// 585// 2192//
f 555// 2167// 588//
f 588// 2167// 2192//
f 588// 2192// 585//
f 2169// 2170// 2192//
f 2167// 2166// 2192//
f 2192// 2166// 2168//
f 2192// 2168// 2169//
f 2173// 2174// 2172//
f 2172// 2174// 2175//
f 2172// 2175// 2171//
f 2191// 2177// 2190//
f 2190// 2177// 2178//
f 2183// 2184// 2182//
f 2182// 2184// 2185//
f 2182// 2185// 2181//
f 2181// 2185// 2186//
f 2181// 2186// 2180//
f 2180// 2186// 2187//
f 2180// 2187// 2179//
f 2179// 2187// 2188//
f 2179// 2188// 2178//
f 2178// 2188// 2189//
f 2178// 2189// 2190//
f 2170// 2171// 2192//
f 2192// 2171// 2175//
f 2192// 2175// 2191//
f 2191// 2175// 2176//
f 2191// 2176// 2177//
f 2193// 2194// 599//
f 599// 2194// 601//
f 595// 2195// 594//
f 594// 2195// 2193//
f 594// 2193// 599//
f 2196// 2195// 593//
f 593// 2195// 595//
f 603// 2197// 592//
f 592// 2197// 2196//
f 592// 2196// 593//
f 2198// 2197// 604//
f 604// 2197// 603//
f 608// 2199// 605//
f 605// 2199// 2198//
f 605// 2198// 604//
f 2200// 2199// 607//
f 607// 2199// 608//
f 597// 2201// 606//
f 606// 2201// 2200//
f 606// 2200// 607//
f 2202// 2201// 596//
f 596// 2201// 597//
f 612// 2203// 613//
f 613// 2203// 2202//
f 613// 2202// 596//
f 2204// 2203// 610//
f 610// 2203// 612//
f 601// 2194// 609//
f 609// 2194// 2204//
f 609// 2204// 610//
f 2204// 2194// 2193//
f 2193// 2195// 2204//
f 2204// 2195// 2196//
f 2204// 2196// 2203//
f 2201// 2202// 2200//
f 2200// 2202// 2203//
f 2200// 2203// 2199//
f 2199// 2203// 2196//
f 2199// 2196// 2198//
f 2198// 2196// 2197//
f 2205// 2206// 2207//
f 2207// 2206// 2208//
f 2207// 2208// 2209//
f 2209// 2208// 2210//
f 2209// 2210// 2211//
f 2211// 2210// 2212//
f 2211// 2212// 2213//
f 2213// 2212// 2214//
f 2213// 2214// 2215//
f 2215// 2214// 2216//
f 2215// 2216// 2217//
f 2217// 2216// 2218//
f 2217// 2218// 2219//
f 2219// 2218// 2220//
f 2219// 2220// 2221//
f 2221// 2220// 2222//
f 2221// 2222// 2223//
f 2223// 2222// 2224//
f 2223// 2224// 2225//
f 2225// 2224// 2226//
f 2225// 2226// 2227//
f 2227// 2226// 2228//
f 2227// 2228// 2229//
f 2229// 2228// 2230//
f 2229// 2230// 2231//
f 2231// 2230// 2232//
f 2231// 2232// 2233//
f 2233// 2232// 2234//
f 2233// 2234// 2235//
f 2235// 2234// 2236//
f 2235// 2236// 2237//
f 2237// 2236// 2238//
f 2237// 2238// 2239//
f 2239// 2238// 2240//
f 2239// 2240// 2205//
f 2205// 2240// 2206//
f 2236// 2234// 647//
f 647// 2234// 646//
f 2236// 647// 648//
f 2236// 648// 2238//
f 2238// 648// 644//
f 2238// 644// 2240//
f 2240// 644// 643//
f 2240// 643// 2206//
f 2206// 643// 642//
f 2206// 642// 2208//
f 2208// 642// 641//
f 2208// 641// 2210//
f 2210// 641// 640//
f 2210// 640// 2212//
f 2212// 640// 639//
f 2212// 639// 2214//
f 2214// 639// 653//
f 2214// 653// 2216//
f 2216// 653// 652//
f 2216// 652// 2218//
f 2218// 652// 650//
f 2218// 650// 2220//
f 2220// 650// 649//
f 2220// 649// 2222//
f 2222// 649// 651//
f 2222// 651// 2224//
f 2224// 651// 656//
f 2224// 656// 2226//
f 2226// 656// 655//
f 2226// 655// 2228//
f 2228// 655// 654//
f 2228// 654// 2230//
f 2232// 2230// 645//
f 645// 2230// 654//
f 2234// 2232// 646//
f 646// 2232// 645//
f 2229// 2231// 2241//
f 2241// 2231// 2242//
f 2231// 2233// 2242//
f 2242// 2233// 2243//
f 2233// 2235// 2243//
f 2243// 2235// 2244//
f 2207// 2245// 2246//
f 2207// 2246// 2205//
f 2205// 2246// 2247//
f 2205// 2247// 2239//
f 2239// 2247// 2248//
f 2239// 2248// 2237//
f 2237// 2248// 2244//
f 2237// 2244// 2235//
f 2215// 2249// 2250//
f 2215// 2250// 2213//
f 2213// 2250// 2251//
f 2213// 2251// 2211//
f 2211// 2251// 2252//
f 2211// 2252// 2209//
f 2209// 2252// 2245//
f 2209// 2245// 2207//
f 2223// 2253// 2254//
f 2223// 2254// 2221//
f 2221// 2254// 2255//
f 2221// 2255// 2219//
f 2219// 2255// 2256//
f 2219// 2256// 2217//
f 2217// 2256// 2249//
f 2217// 2249// 2215//
f 2229// 2241// 2257//
f 2229// 2257// 2227//
f 2227// 2257// 2258//
f 2227// 2258// 2225//
f 2225// 2258// 2253//
f 2225// 2253// 2223//
usemtl 3
f 2242// 2243// 2241//
f 2241// 2243// 2244//
f 2241// 2244// 2248//
f 2248// 2247// 2241//
f 2241// 2247// 2246//
f 2241// 2246// 2245//
f 2245// 2252// 2241//
f 2241// 2252// 2251//
f 2241// 2251// 2250//
f 2250// 2249// 2241//
f 2241// 2249// 2256//
f 2241// 2256// 2255//
f 2255// 2254// 2241//
f 2241// 2254// 2253//
f 2241// 2253// 2257//
f 2257// 2253// 2258//
usemtl 6
f 2259// 2260// 2261//
f 2261// 2260// 2262//
f 2263// 2264// 2259//
f 2259// 2264// 2265//
f 2259// 2265// 2260//
f 2260// 2265// 2266//
f 2263// 2267// 2264//
f 2264// 2267// 2268//
f 2264// 2268// 2269//
f 2269// 2268// 2270//
f 2269// 2270// 2271//
f 2271// 2272// 2269//
f 2269// 2272// 2261//
f 2269// 2261// 2273//
f 2273// 2261// 2262//
f 2273// 2262// 2274//
f 2269// 2273// 636//
f 636// 2273// 637//
f 2264// 2269// 638//
f 638// 2269// 636//
f 2265// 2264// 634//
f 634// 2264// 638//
f 2266// 2265// 632//
f 632// 2265// 634//
f 2260// 2266// 630//
f 630// 2266// 632//
f 2262// 2260// 629//
f 629// 2260// 630//
f 2274// 2262// 631//
f 631// 2262// 629//
f 2273// 2274// 637//
f 637// 2274// 631//
f 2259// 2261// 2275//
f 2275// 2261// 2276//
f 2261// 2272// 2276//
f 2276// 2272// 2277//
f 2270// 2278// 2279//
f 2270// 2279// 2271//
f 2271// 2279// 2277//
f 2271// 2277// 2272//
f 2270// 2268// 2278//
f 2278// 2268// 2280//
f 2263// 2281// 2282//
f 2263// 2282// 2267//
f 2267// 2282// 2280//
f 2267// 2280// 2268//
f 2263// 2259// 2281//
f 2281// 2259// 2275//
usemtl 3
f 2278// 2280// 2279//
f 2279// 2280// 2282//
f 2279// 2282// 2277//
f 2277// 2282// 2281//
f 2277// 2281// 2276//
f 2276// 2281// 2275//
usemtl 6
f 2283// 2284// 2285//
f 2286// 2287// 2288//
f 2289// 2290// 2291//
f 2292// 2285// 2293//
f 2293// 2285// 2294//
f 2295// 2296// 2297//
f 2298// 2299// 2300//
f 2301// 2302// 2285//
f 2285// 2302// 2303//
f 2285// 2303// 2294//
f 2288// 2287// 2304//
f 2305// 2306// 2307//
f 2307// 2306// 2308//
f 2307// 2308// 2309//
f 2310// 2311// 2307//
f 2307// 2311// 2312//
f 2307// 2312// 2305//
f 2305// 2312// 2313//
f 2285// 2284// 2314//
f 2314// 2284// 2315//
f 2314// 2315// 2316//
f 2316// 2315// 2317//
f 2316// 2317// 2318//
f 2318// 2317// 2319//
f 2318// 2319// 2320//
f 2295// 2297// 2321//
f 2319// 2322// 2320//
f 2320// 2322// 2297//
f 2320// 2297// 2323//
f 2323// 2297// 2296//
f 2309// 2324// 2307//
f 2307// 2324// 2325//
f 2307// 2325// 2326//
f 2326// 2325// 2327//
f 2300// 2299// 2328//
f 2328// 2299// 2329//
f 2328// 2329// 2330//
f 2330// 2329// 2331//
f 2330// 2331// 2332//
f 2289// 2291// 2333//
f 2333// 2291// 2334//
f 2333// 2334// 2335//
f 2335// 2334// 2336//
f 2335// 2336// 2337//
f 2287// 2338// 2304//
f 2304// 2338// 2339//
f 2304// 2339// 2340//
f 2340// 2339// 2341//
f 2340// 2341// 2289//
f 2289// 2341// 2342//
f 2289// 2342// 2290//
f 2313// 2312// 2297//
f 2297// 2312// 2343//
f 2297// 2343// 2321//
f 2344// 2345// 2346//
f 2346// 2345// 2347//
f 2346// 2347// 2348//
f 2348// 2347// 2298//
f 2348// 2298// 2349//
f 2349// 2298// 2300//
f 2350// 2351// 2352//
f 2352// 2351// 2353//
f 2352// 2353// 2354//
f 2354// 2353// 2355//
f 2354// 2355// 2356//
f 2356// 2355// 2357//
f 2356// 2357// 2358//
f 2358// 2357// 2359//
f 2358// 2359// 2360//
f 2331// 2361// 2332//
f 2332// 2361// 2362//
f 2332// 2362// 2363//
f 2363// 2362// 2364//
f 2363// 2364// 2365//
f 2365// 2364// 2366//
f 2365// 2366// 2350//
f 2350// 2366// 2367//
f 2350// 2367// 2351//
f 2368// 2369// 2370//
f 2370// 2369// 2371//
f 2370// 2371// 2346//
f 2346// 2371// 2372//
f 2346// 2372// 2344//
f 2373// 2374// 2375//
f 2375// 2374// 2376//
f 2375// 2376// 2377//
f 2377// 2376// 2378//
f 2377// 2378// 2379//
f 2379// 2378// 2380//
f 2379// 2380// 2381//
f 2381// 2380// 2382//
f 2381// 2382// 2301//
f 2301// 2382// 2383//
f 2301// 2383// 2302//
f 2288// 2384// 2286//
f 2286// 2384// 2385//
f 2286// 2385// 2386//
f 2386// 2385// 2387//
f 2386// 2387// 2388//
f 2388// 2387// 2389//
f 2388// 2389// 2373//
f 2373// 2389// 2390//
f 2373// 2390// 2374//
f 2391// 2292// 2392//
f 2392// 2292// 2393//
f 2392// 2393// 2394//
f 2394// 2393// 2395//
f 2394// 2395// 2396//
f 2396// 2395// 2397//
f 2396// 2397// 2398//
f 2398// 2397// 2399//
f 2398// 2399// 2400//
f 2400// 2399// 2401//
f 2400// 2401// 2402//
f 2402// 2401// 2403//
f 2402// 2403// 2404//
f 2404// 2403// 2405//
f 2404// 2405// 2406//
f 2406// 2405// 2407//
f 2406// 2407// 2327//
f 2327// 2407// 2408//
f 2327// 2408// 2326//
f 2337// 2336// 2409//
f 2409// 2336// 2410//
f 2409// 2410// 2411//
f 2411// 2410// 2412//
f 2411// 2412// 2413//
f 2413// 2412// 2414//
f 2413// 2414// 2415//
f 2415// 2414// 2416//
f 2415// 2416// 2368//
f 2368// 2416// 2417//
f 2368// 2417// 2369//
f 2391// 2418// 2292//
f 2292// 2418// 2419//
f 2292// 2419// 2285//
f 2285// 2419// 2420//
f 2285// 2420// 2283//
f 2421// 2422// 2423//
f 2359// 2424// 2360//
f 2360// 2424// 2421//
f 2360// 2421// 2425//
f 2425// 2421// 2423//
f 2426// 2427// 2421//
f 2421// 2427// 2428//
f 2421// 2428// 2422//
f 2429// 2430// 2431//
f 2430// 2432// 2431//
f 2431// 2432// 2433//
f 2431// 2433// 2434//
f 2426// 2421// 2431//
f 2431// 2421// 2435//
f 2431// 2435// 2429//
f 311// 2300// 312//
f 312// 2300// 2328//
f 312// 2328// 313//
f 313// 2328// 2330//
f 313// 2330// 221//
f 221// 2330// 2332//
f 221// 2332// 222//
f 311// 161// 2300//
f 2300// 161// 160//
f 2300// 160// 2349//
f 2349// 160// 169//
f 2349// 169// 2348//
f 2348// 169// 168//
f 2348// 168// 2346//
f 2346// 168// 167//
f 2346// 167// 2370//
f 2370// 167// 166//
f 2370// 166// 2368//
f 2415// 2368// 165//
f 165// 2368// 166//
f 165// 164// 2415//
f 2415// 164// 175//
f 2415// 175// 2413//
f 2413// 175// 174//
f 2413// 174// 2411//
f 2411// 174// 171//
f 2411// 171// 2409//
f 2409// 171// 170//
f 2409// 170// 2337//
f 2337// 170// 2335//
f 2335// 170// 176//
f 2335// 176// 178//
f 2335// 178// 181//
f 2335// 181// 2333//
f 2333// 181// 183//
f 2333// 183// 2289//
f 2289// 183// 182//
f 2289// 182// 2340//
f 2340// 182// 180//
f 2340// 180// 2304//
f 2304// 180// 179//
f 2304// 179// 2288//
f 2288// 179// 186//
f 2288// 186// 2384//
f 2384// 186// 185//
f 2384// 185// 2385//
f 2385// 185// 184//
f 2385// 184// 2387//
f 189// 2374// 190//
f 190// 2374// 2390//
f 190// 2390// 191//
f 191// 2390// 2389//
f 191// 2389// 192//
f 192// 2389// 2387//
f 192// 2387// 184//
f 189// 200// 2374//
f 2374// 200// 199//
f 2374// 199// 2376//
f 2376// 199// 198//
f 2376// 198// 2378//
f 2378// 198// 197//
f 2378// 197// 2380//
f 2380// 197// 196//
f 2380// 196// 2382//
f 2382// 196// 194//
f 2382// 194// 2383//
f 2383// 194// 193//
f 2383// 193// 2302//
f 2302// 193// 201//
f 2302// 201// 2303//
f 2303// 201// 202//
f 2303// 202// 2294//
f 202// 203// 2294//
f 2294// 203// 204//
f 2294// 204// 2293//
f 2293// 204// 214//
f 213// 2393// 214//
f 214// 2393// 2292//
f 214// 2292// 2293//
f 213// 211// 2393//
f 2393// 211// 209//
f 2393// 209// 2395//
f 2395// 209// 208//
f 2395// 208// 2397//
f 266// 2326// 2408//
f 2397// 208// 206//
f 205// 2401// 206//
f 206// 2401// 2399//
f 206// 2399// 2397//
f 205// 220// 2401//
f 2401// 220// 219//
f 2401// 219// 2403//
f 2403// 219// 218//
f 2403// 218// 2405//
f 2405// 218// 216//
f 2405// 216// 2407//
f 2407// 216// 215//
f 2407// 215// 2408//
f 2408// 215// 265//
f 2408// 265// 266//
f 2307// 2326// 253//
f 253// 2326// 266//
f 2310// 2307// 226//
f 226// 2307// 253//
f 2311// 2310// 231//
f 231// 2310// 226//
f 2312// 2311// 230//
f 230// 2311// 231//
f 2312// 230// 232//
f 2312// 232// 2343//
f 2343// 232// 233//
f 2343// 233// 2321//
f 2321// 233// 258//
f 2321// 258// 2295//
f 2295// 258// 257//
f 2295// 257// 2296//
f 2296// 257// 256//
f 2296// 256// 2323//
f 2323// 256// 245//
f 2323// 245// 2320//
f 2320// 245// 243//
f 2320// 243// 2318//
f 2318// 243// 241//
f 2318// 241// 2316//
f 2316// 241// 248//
f 2316// 248// 2314//
f 2314// 248// 250//
f 2314// 250// 2285//
f 2285// 250// 249//
f 2285// 249// 2301//
f 2301// 249// 247//
f 2301// 247// 2381//
f 2381// 247// 246//
f 2381// 246// 2379//
f 2379// 246// 240//
f 2379// 240// 2377//
f 2377// 240// 242//
f 2377// 242// 2375//
f 2373// 2375// 242//
f 242// 244// 2373//
f 2373// 244// 285//
f 2373// 285// 286//
f 296// 2386// 286//
f 286// 2386// 2388//
f 286// 2388// 2373//
f 296// 310// 2386//
f 2386// 310// 309//
f 2386// 309// 2286//
f 2286// 309// 308//
f 2286// 308// 2287//
f 2287// 308// 302//
f 2287// 302// 2338//
f 2338// 302// 301//
f 2338// 301// 2339//
f 2339// 301// 300//
f 2339// 300// 2341//
f 2341// 300// 297//
f 2341// 297// 2342//
f 2342// 297// 292//
f 2342// 292// 2290//
f 2290// 292// 295//
f 2290// 295// 2291//
f 2291// 295// 303//
f 2291// 303// 2334//
f 2334// 303// 305//
f 2334// 305// 2336//
f 2336// 305// 307//
f 2336// 307// 2410//
f 2410// 307// 306//
f 2410// 306// 2412//
f 2412// 306// 304//
f 2412// 304// 2414//
f 2414// 304// 294//
f 2414// 294// 2416//
f 2416// 294// 293//
f 2416// 293// 2417//
f 2417// 293// 291//
f 2417// 291// 2369//
f 2369// 291// 290//
f 2369// 290// 2371//
f 2371// 290// 299//
f 2371// 299// 2372//
f 2372// 299// 2344//
f 2344// 299// 298//
f 2344// 298// 281//
f 2345// 2344// 280//
f 280// 2344// 281//
f 2345// 280// 283//
f 2345// 283// 2347//
f 2347// 283// 289//
f 2347// 289// 2298//
f 2298// 289// 288//
f 2298// 288// 2299//
f 2299// 288// 287//
f 2299// 287// 2329//
f 2329// 287// 282//
f 2329// 282// 2331//
f 282// 284// 2331//
f 2331// 284// 271//
f 2331// 271// 2361//
f 2361// 271// 270//
f 2361// 270// 2362//
f 2362// 270// 269//
f 2362// 269// 2364//
f 2364// 269// 268//
f 2364// 268// 2366//
f 2366// 268// 267//
f 2366// 267// 2367//
f 2367// 267// 279//
f 2367// 279// 2351//
f 2351// 279// 278//
f 2351// 278// 2353//
f 2353// 278// 277//
f 2353// 277// 2355//
f 2355// 277// 276//
f 2355// 276// 2357//
f 2359// 2357// 275//
f 275// 2357// 276//
f 2359// 275// 239//
f 2359// 239// 2424//
f 2424// 239// 238//
f 2424// 238// 2421//
f 2421// 238// 237//
f 2421// 237// 2435//
f 2435// 237// 225//
f 2435// 225// 2429//
f 2429// 225// 224//
f 2429// 224// 2430//
f 2430// 224// 234//
f 2430// 234// 2432//
f 2432// 234// 255//
f 2432// 255// 2433//
f 2433// 255// 254//
f 2433// 254// 2434//
f 2434// 254// 252//
f 2434// 252// 2431//
f 2431// 252// 251//
f 2431// 251// 2426//
f 2426// 251// 264//
f 2426// 264// 2427//
f 2427// 264// 263//
f 2427// 263// 2428//
f 2428// 263// 262//
f 2428// 262// 2422//
f 2422// 262// 261//
f 2422// 261// 2423//
f 2423// 261// 260//
f 2423// 260// 2425//
f 2425// 260// 259//
f 2425// 259// 2360//
f 2360// 259// 274//
f 2360// 274// 2358//
f 2356// 2358// 273//
f 273// 2358// 274//
f 2356// 273// 272//
f 2356// 272// 2354//
f 2354// 272// 228//
f 2354// 228// 2352//
f 2352// 228// 227//
f 2352// 227// 2350//
f 2350// 227// 235//
f 2350// 235// 2365//
f 2365// 235// 236//
f 2365// 236// 2363//
f 2363// 236// 222//
f 2363// 222// 2332//
f 2313// 2436// 2437//
f 2313// 2437// 2305//
f 2305// 2437// 2438//
f 2305// 2438// 2306//
f 2306// 2438// 2439//
f 2306// 2439// 2308//
f 2308// 2439// 2440//
f 2308// 2440// 2309//
f 2309// 2440// 2441//
f 2309// 2441// 2324//
f 2324// 2441// 2442//
f 2324// 2442// 2325//
f 2325// 2442// 2443//
f 2325// 2443// 2327//
f 2327// 2443// 2444//
f 2327// 2444// 2406//
f 2406// 2444// 2445//
f 2406// 2445// 2404//
f 2404// 2445// 2446//
f 2404// 2446// 2402//
f 2402// 2446// 2447//
f 2402// 2447// 2400//
f 2400// 2447// 2448//
f 2400// 2448// 2398//
f 2398// 2448// 2449//
f 2398// 2449// 2396//
f 2396// 2449// 2450//
f 2396// 2450// 2394//
f 2394// 2450// 2451//
f 2394// 2451// 2392//
f 2392// 2451// 2452//
f 2392// 2452// 2391//
f 2391// 2452// 2453//
f 2391// 2453// 2418//
f 2418// 2453// 2454//
f 2418// 2454// 2419//
f 2419// 2454// 2455//
f 2419// 2455// 2420//
f 2420// 2455// 2456//
f 2420// 2456// 2283//
f 2283// 2456// 2457//
f 2283// 2457// 2284//
f 2284// 2457// 2458//
f 2284// 2458// 2315//
f 2315// 2458// 2459//
f 2315// 2459// 2317//
f 2317// 2459// 2460//
f 2317// 2460// 2319//
f 2319// 2460// 2461//
f 2319// 2461// 2322//
f 2322// 2461// 2462//
f 2322// 2462// 2297//
f 2297// 2462// 2436//
f 2297// 2436// 2313//
usemtl 3
f 2450// 2460// 2459//
f 2448// 2447// 2437//
f 2436// 2462// 2450//
f 2450// 2462// 2461//
f 2450// 2461// 2460//
f 2455// 2454// 2459//
f 2459// 2454// 2453//
f 2436// 2450// 2437//
f 2437// 2450// 2449//
f 2437// 2449// 2448//
f 2458// 2457// 2459//
f 2459// 2457// 2456//
f 2459// 2456// 2455//
f 2453// 2452// 2459//
f 2459// 2452// 2451//
f 2459// 2451// 2450//
f 2447// 2446// 2437//
f 2437// 2446// 2445//
f 2437// 2445// 2444//
f 2444// 2443// 2437//
f 2437// 2443// 2442//
f 2437// 2442// 2441//
f 2441// 2440// 2437//
f 2437// 2440// 2439//
f 2437// 2439// 2438//
usemtl 2
f 2463// 2464// 100//
f 100// 2464// 131//
f 2465// 2463// 68//
f 68// 2463// 100//
f 2466// 2465// 67//
f 67// 2465// 68//
f 2467// 2466// 66//
f 66// 2466// 67//
f 2468// 2467// 80//
f 80// 2467// 66//
f 2469// 2468// 79//
f 79// 2468// 80//
f 2470// 2469// 78//
f 78// 2469// 79//
f 2471// 2470// 85//
f 85// 2470// 78//
f 2472// 2471// 86//
f 86// 2471// 85//
f 2473// 2472// 87//
f 87// 2472// 86//
f 2474// 2473// 42//
f 42// 2473// 87//
f 2475// 2474// 63//
f 63// 2474// 42//
f 2476// 2475// 47//
f 47// 2475// 63//
f 2477// 2476// 49//
f 49// 2476// 47//
f 147// 2477// 96//
f 96// 2477// 49//
f 2478// 149// 65//
f 65// 149// 91//
f 2479// 2478// 64//
f 64// 2478// 65//
f 2480// 2479// 105//
f 105// 2479// 64//
f 2481// 2480// 104//
f 104// 2480// 105//
f 2482// 2481// 106//
f 106// 2481// 104//
f 2483// 2482// 129//
f 129// 2482// 106//
f 2484// 2483// 130//
f 130// 2483// 129//
f 2464// 2484// 131//
f 131// 2484// 130//
f 2475// 2476// 2477//
f 2477// 147// 2475//
f 2475// 147// 148//
f 2475// 148// 2474//
f 2463// 2465// 2464//
f 2464// 2465// 2466//
f 2464// 2466// 2484//
f 2484// 2466// 2467//
f 2484// 2467// 2483//
f 2483// 2467// 2468//
f 2483// 2468// 2482//
f 2482// 2468// 2469//
f 2482// 2469// 2481//
f 2481// 2469// 2470//
f 2481// 2470// 2480//
f 2480// 2470// 2471//
f 2480// 2471// 2479//
f 2479// 2471// 2472//
f 2479// 2472// 2478//
f 2478// 2472// 2473//
f 2478// 2473// 149//
f 149// 2473// 2474//
f 149// 2474// 150//
f 150// 2474// 148//
f 150// 148// 2485//
f 2485// 148// 2486//
f 95// 94// 148//
f 148// 94// 2486//
f 94// 93// 2486//
f 2486// 93// 2485//
f 93// 92// 2485//
f 2485// 92// 150//
