solid OpenSCAD_Model
  facet normal -0.8577286292631375 -0.5141027120550707 0
    outer loop
      vertex -21.782028733193876 -61.68889915943146 6.5
      vertex -21.817344887554647 -61.62997771054506 9.8
      vertex -21.817344887554647 -61.62997771054506 6.5
    endloop
  endfacet
  facet normal -0.9039892955176116 -0.4275550883682383 0
    outer loop
      vertex -21.817344887554647 -61.62997771054506 6.5
      vertex -21.84671567231417 -61.567878402769566 9.8
      vertex -21.84671567231417 -61.567878402769566 6.5
    endloop
  endfacet
  facet normal -0.9415440733717186 -0.3368898305063418 0
    outer loop
      vertex -21.84671567231417 -61.567878402769566 6.5
      vertex -21.86985823363066 -61.50319927185774 9.8
      vertex -21.86985823363066 -61.50319927185774 6.5
    endloop
  endfacet
  facet normal -0.9700312530630042 -0.2429801804284 0
    outer loop
      vertex -21.86985823363066 -61.50319927185774 6.5
      vertex -21.88654969483614 -61.43656322360039 9.8
      vertex -21.88654969483614 -61.43656322360039 6.5
    endloop
  endfacet
  facet normal -0.9891765040673514 -0.1467305142125974 0
    outer loop
      vertex -21.88654969483614 -61.43656322360039 6.5
      vertex -21.896629309654237 -61.36861199885607 9.8
      vertex -21.896629309654237 -61.36861199885607 6.5
    endloop
  endfacet
  facet normal -0.9987954538440772 -0.04906772238858986 0
    outer loop
      vertex -21.896629309654237 -61.36861199885607 6.5
      vertex -21.90000000447035 -61.29999999701977 9.8
      vertex -21.90000000447035 -61.29999999701977 6.5
    endloop
  endfacet
  facet normal -0.6715589804127751 -0.740951102183507 0
    outer loop
      vertex -21.694974748790266 -61.794974744319916 6.5
      vertex -21.644075302779676 -61.841107316315174 6.5
      vertex -21.694974748790266 -61.794974744319916 9.8
    endloop
  endfacet
  facet normal -0.5956992938650739 -0.8032075393624317 0
    outer loop
      vertex -21.588899163901807 -61.882028728723526 6.5
      vertex -21.644075302779676 -61.841107316315174 9.8
      vertex -21.644075302779676 -61.841107316315174 6.5
    endloop
  endfacet
  facet normal -0.5141027120550707 -0.8577286292631375 0
    outer loop
      vertex -21.588899163901807 -61.882028728723526 6.5
      vertex -21.529977715015413 -61.9173448830843 6.5
      vertex -21.588899163901807 -61.882028728723526 9.8
    endloop
  endfacet
  facet normal -0.8032075393624317 -0.5956992938650739 0
    outer loop
      vertex -21.782028733193876 -61.68889915943146 6.5
      vertex -21.741107320785524 -61.744075298309326 6.5
      vertex -21.782028733193876 -61.68889915943146 9.8
    endloop
  endfacet
  facet normal -0.740951102183507 -0.6715589804127751 0
    outer loop
      vertex -21.694974748790266 -61.794974744319916 6.5
      vertex -21.741107320785524 -61.744075298309326 9.8
      vertex -21.741107320785524 -61.744075298309326 6.5
    endloop
  endfacet
  facet normal -0.4275550883682383 -0.9039892955176116 0
    outer loop
      vertex -21.529977715015413 -61.9173448830843 6.5
      vertex -21.467878407239915 -61.94671566784382 6.5
      vertex -21.529977715015413 -61.9173448830843 9.8
    endloop
  endfacet
  facet normal -0.3368898305063418 -0.9415440733717186 0
    outer loop
      vertex -21.467878407239915 -61.94671566784382 6.5
      vertex -21.40319927632809 -61.96985822916031 6.5
      vertex -21.467878407239915 -61.94671566784382 9.8
    endloop
  endfacet
  facet normal -0.1467305142125974 -0.9891765040673514 0
    outer loop
      vertex -21.336563228070737 -61.98654969036579 6.5
      vertex -21.268612003326417 -61.99662930518389 6.5
      vertex -21.336563228070737 -61.98654969036579 9.8
    endloop
  endfacet
  facet normal -0.2429801804284 -0.9700312530630042 0
    outer loop
      vertex -21.40319927632809 -61.96985822916031 6.5
      vertex -21.336563228070737 -61.98654969036579 6.5
      vertex -21.40319927632809 -61.96985822916031 9.8
    endloop
  endfacet
  facet normal -0.04906772238858986 -0.9987954538440772 0
    outer loop
      vertex -21.268612003326417 -61.99662930518389 6.5
      vertex -21.200000001490118 -62 6.5
      vertex -21.268612003326417 -61.99662930518389 9.8
    endloop
  endfacet
  facet normal 0 -1 0
    outer loop
      vertex -21.200000001490118 -62 6.5
      vertex -20.999999998509885 -62 6.5
      vertex -21.200000001490118 -62 9.8
    endloop
  endfacet
  facet normal 0.04906772238858986 -0.9987954538440772 0
    outer loop
      vertex -20.999999998509885 -62 6.5
      vertex -20.931387996673585 -61.99662930518389 6.5
      vertex -20.999999998509885 -62 9.8
    endloop
  endfacet
  facet normal 0.1467305142125974 -0.9891765040673514 0
    outer loop
      vertex -20.931387996673585 -61.99662930518389 6.5
      vertex -20.863436771929265 -61.98654969036579 6.5
      vertex -20.931387996673585 -61.99662930518389 9.8
    endloop
  endfacet
  facet normal 0.2429801804284 -0.9700312530630042 0
    outer loop
      vertex -20.863436771929265 -61.98654969036579 6.5
      vertex -20.796800723671915 -61.96985822916031 6.5
      vertex -20.863436771929265 -61.98654969036579 9.8
    endloop
  endfacet
  facet normal 0.3368898305063418 -0.9415440733717186 0
    outer loop
      vertex -20.796800723671915 -61.96985822916031 6.5
      vertex -20.732121592760087 -61.94671566784382 6.5
      vertex -20.796800723671915 -61.96985822916031 9.8
    endloop
  endfacet
  facet normal 0.4275550883682383 -0.9039892955176116 0
    outer loop
      vertex -20.732121592760087 -61.94671566784382 6.5
      vertex -20.67002228498459 -61.9173448830843 6.5
      vertex -20.732121592760087 -61.94671566784382 9.8
    endloop
  endfacet
  facet normal 0.5141027120550707 -0.8577286292631375 0
    outer loop
      vertex -20.67002228498459 -61.9173448830843 6.5
      vertex -20.611100836098196 -61.882028728723526 6.5
      vertex -20.67002228498459 -61.9173448830843 9.8
    endloop
  endfacet
  facet normal 0.5956992938650739 -0.8032075393624317 0
    outer loop
      vertex -20.611100836098196 -61.882028728723526 6.5
      vertex -20.555924697220327 -61.841107316315174 6.5
      vertex -20.611100836098196 -61.882028728723526 9.8
    endloop
  endfacet
  facet normal 0.6715589804127751 -0.740951102183507 0
    outer loop
      vertex -20.555924697220327 -61.841107316315174 6.5
      vertex -20.505025251209737 -61.794974744319916 6.5
      vertex -20.555924697220327 -61.841107316315174 9.8
    endloop
  endfacet
  facet normal 0.740951102183507 -0.6715589804127751 0
    outer loop
      vertex -20.505025251209737 -61.794974744319916 6.5
      vertex -20.45889267921448 -61.744075298309326 6.5
      vertex -20.505025251209737 -61.794974744319916 9.8
    endloop
  endfacet
  facet normal 0.8032075393624317 -0.5956992938650739 0
    outer loop
      vertex -20.45889267921448 -61.744075298309326 6.5
      vertex -20.417971266806127 -61.68889915943146 6.5
      vertex -20.45889267921448 -61.744075298309326 9.8
    endloop
  endfacet
  facet normal 0.8577286292631375 -0.5141027120550707 0
    outer loop
      vertex -20.417971266806127 -61.68889915943146 6.5
      vertex -20.382655112445356 -61.62997771054506 6.5
      vertex -20.417971266806127 -61.68889915943146 9.8
    endloop
  endfacet
  facet normal 0.9039892955176116 -0.4275550883682383 0
    outer loop
      vertex -20.382655112445356 -61.62997771054506 6.5
      vertex -20.353284327685834 -61.567878402769566 6.5
      vertex -20.382655112445356 -61.62997771054506 9.8
    endloop
  endfacet
  facet normal 0.9415440733717186 -0.3368898305063418 0
    outer loop
      vertex -20.353284327685834 -61.567878402769566 6.5
      vertex -20.330141766369344 -61.50319927185774 6.5
      vertex -20.353284327685834 -61.567878402769566 9.8
    endloop
  endfacet
  facet normal 0.9700312530630042 -0.2429801804284 0
    outer loop
      vertex -20.330141766369344 -61.50319927185774 6.5
      vertex -20.31345030516386 -61.43656322360039 6.5
      vertex -20.330141766369344 -61.50319927185774 9.8
    endloop
  endfacet
  facet normal 0.9891765040673514 -0.1467305142125974 0
    outer loop
      vertex -20.31345030516386 -61.43656322360039 6.5
      vertex -20.303370690345766 -61.36861199885607 6.5
      vertex -20.31345030516386 -61.43656322360039 9.8
    endloop
  endfacet
  facet normal 0.9987954538440772 -0.04906772238858986 0
    outer loop
      vertex -20.303370690345766 -61.36861199885607 6.5
      vertex -20.299999995529653 -61.29999999701977 6.5
      vertex -20.303370690345766 -61.36861199885607 9.8
    endloop
  endfacet
  facet normal -0.8577286292631375 -0.5141027120550707 0
    outer loop
      vertex -21.782028733193876 -61.68889915943146 6.5
      vertex -21.782028733193876 -61.68889915943146 9.8
      vertex -21.817344887554647 -61.62997771054506 9.8
    endloop
  endfacet
  facet normal -0.9039892955176116 -0.4275550883682383 0
    outer loop
      vertex -21.817344887554647 -61.62997771054506 6.5
      vertex -21.817344887554647 -61.62997771054506 9.8
      vertex -21.84671567231417 -61.567878402769566 9.8
    endloop
  endfacet
  facet normal -0.9415440733717186 -0.3368898305063418 0
    outer loop
      vertex -21.84671567231417 -61.567878402769566 6.5
      vertex -21.84671567231417 -61.567878402769566 9.8
      vertex -21.86985823363066 -61.50319927185774 9.8
    endloop
  endfacet
  facet normal -0.9700312530630042 -0.2429801804284 0
    outer loop
      vertex -21.86985823363066 -61.50319927185774 6.5
      vertex -21.86985823363066 -61.50319927185774 9.8
      vertex -21.88654969483614 -61.43656322360039 9.8
    endloop
  endfacet
  facet normal -0.9891765040673514 -0.1467305142125974 0
    outer loop
      vertex -21.88654969483614 -61.43656322360039 6.5
      vertex -21.88654969483614 -61.43656322360039 9.8
      vertex -21.896629309654237 -61.36861199885607 9.8
    endloop
  endfacet
  facet normal -0.9987954538440772 -0.04906772238858986 0
    outer loop
      vertex -21.896629309654237 -61.36861199885607 6.5
      vertex -21.896629309654237 -61.36861199885607 9.8
      vertex -21.90000000447035 -61.29999999701977 9.8
    endloop
  endfacet
  facet normal -0.6715589804127751 -0.740951102183507 0
    outer loop
      vertex -21.644075302779676 -61.841107316315174 6.5
      vertex -21.644075302779676 -61.841107316315174 9.8
      vertex -21.694974748790266 -61.794974744319916 9.8
    endloop
  endfacet
  facet normal -0.740951102183507 -0.6715589804127751 0
    outer loop
      vertex -21.694974748790266 -61.794974744319916 6.5
      vertex -21.694974748790266 -61.794974744319916 9.8
      vertex -21.741107320785524 -61.744075298309326 9.8
    endloop
  endfacet
  facet normal -0.5956992938650739 -0.8032075393624317 0
    outer loop
      vertex -21.588899163901807 -61.882028728723526 6.5
      vertex -21.588899163901807 -61.882028728723526 9.8
      vertex -21.644075302779676 -61.841107316315174 9.8
    endloop
  endfacet
  facet normal -0.5141027120550707 -0.8577286292631375 0
    outer loop
      vertex -21.529977715015413 -61.9173448830843 6.5
      vertex -21.529977715015413 -61.9173448830843 9.8
      vertex -21.588899163901807 -61.882028728723526 9.8
    endloop
  endfacet
  facet normal -0.8032075393624317 -0.5956992938650739 0
    outer loop
      vertex -21.741107320785524 -61.744075298309326 6.5
      vertex -21.741107320785524 -61.744075298309326 9.8
      vertex -21.782028733193876 -61.68889915943146 9.8
    endloop
  endfacet
  facet normal -0.4275550883682383 -0.9039892955176116 0
    outer loop
      vertex -21.467878407239915 -61.94671566784382 6.5
      vertex -21.467878407239915 -61.94671566784382 9.8
      vertex -21.529977715015413 -61.9173448830843 9.8
    endloop
  endfacet
  facet normal -0.3368898305063418 -0.9415440733717186 0
    outer loop
      vertex -21.40319927632809 -61.96985822916031 6.5
      vertex -21.40319927632809 -61.96985822916031 9.8
      vertex -21.467878407239915 -61.94671566784382 9.8
    endloop
  endfacet
  facet normal -0.2429801804284 -0.9700312530630042 0
    outer loop
      vertex -21.336563228070737 -61.98654969036579 6.5
      vertex -21.336563228070737 -61.98654969036579 9.8
      vertex -21.40319927632809 -61.96985822916031 9.8
    endloop
  endfacet
  facet normal -0.1467305142125974 -0.9891765040673514 0
    outer loop
      vertex -21.268612003326417 -61.99662930518389 6.5
      vertex -21.268612003326417 -61.99662930518389 9.8
      vertex -21.336563228070737 -61.98654969036579 9.8
    endloop
  endfacet
  facet normal 0 0 1
    outer loop
      vertex -21.694974748790266 -61.794974744319916 9.8
      vertex -21.644075302779676 -61.841107316315174 9.8
      vertex -20.417971266806127 -61.68889915943146 9.8
    endloop
  endfacet
  facet normal 0 0 1
    outer loop
      vertex -21.694974748790266 -61.794974744319916 9.8
      vertex -20.382655112445356 -61.62997771054506 9.8
      vertex -21.741107320785524 -61.744075298309326 9.8
    endloop
  endfacet
  facet normal 0 0 1
    outer loop
      vertex -21.782028733193876 -61.68889915943146 9.8
      vertex -21.741107320785524 -61.744075298309326 9.8
      vertex -20.353284327685834 -61.567878402769566 9.8
    endloop
  endfacet
  facet normal 0 0 1
    outer loop
      vertex -21.782028733193876 -61.68889915943146 9.8
      vertex -20.330141766369344 -61.50319927185774 9.8
      vertex -21.817344887554647 -61.62997771054506 9.8
    endloop
  endfacet
  facet normal 0 0 1
    outer loop
      vertex -21.817344887554647 -61.62997771054506 9.8
      vertex -20.31345030516386 -61.43656322360039 9.8
      vertex -21.84671567231417 -61.567878402769566 9.8
    endloop
  endfacet
  facet normal 0 0 1
    outer loop
      vertex -21.84671567231417 -61.567878402769566 9.8
      vertex -20.303370690345766 -61.36861199885607 9.8
      vertex -21.86985823363066 -61.50319927185774 9.8
    endloop
  endfacet
  facet normal 0 0 1
    outer loop
      vertex -21.86985823363066 -61.50319927185774 9.8
      vertex -20.299999995529653 -61.29999999701977 9.8
      vertex -21.88654969483614 -61.43656322360039 9.8
    endloop
  endfacet
  facet normal -0.04906772238858986 -0.9987954538440772 0
    outer loop
      vertex -21.200000001490118 -62 6.5
      vertex -21.200000001490118 -62 9.8
      vertex -21.268612003326417 -61.99662930518389 9.8
    endloop
  endfacet
  facet normal 0 -1 0
    outer loop
      vertex -20.999999998509885 -62 6.5
      vertex -20.999999998509885 -62 9.8
      vertex -21.200000001490118 -62 9.8
    endloop
  endfacet
  facet normal 0.04906772238858986 -0.9987954538440772 0
    outer loop
      vertex -20.931387996673585 -61.99662930518389 6.5
      vertex -20.931387996673585 -61.99662930518389 9.8
      vertex -20.999999998509885 -62 9.8
    endloop
  endfacet
  facet normal 0.1467305142125974 -0.9891765040673514 0
    outer loop
      vertex -20.863436771929265 -61.98654969036579 6.5
      vertex -20.863436771929265 -61.98654969036579 9.8
      vertex -20.931387996673585 -61.99662930518389 9.8
    endloop
  endfacet
  facet normal 0.2429801804284 -0.9700312530630042 0
    outer loop
      vertex -20.796800723671915 -61.96985822916031 6.5
      vertex -20.796800723671915 -61.96985822916031 9.8
      vertex -20.863436771929265 -61.98654969036579 9.8
    endloop
  endfacet
  facet normal 0.3368898305063418 -0.9415440733717186 0
    outer loop
      vertex -20.732121592760087 -61.94671566784382 6.5
      vertex -20.732121592760087 -61.94671566784382 9.8
      vertex -20.796800723671915 -61.96985822916031 9.8
    endloop
  endfacet
  facet normal 0.4275550883682383 -0.9039892955176116 0
    outer loop
      vertex -20.67002228498459 -61.9173448830843 6.5
      vertex -20.67002228498459 -61.9173448830843 9.8
      vertex -20.732121592760087 -61.94671566784382 9.8
    endloop
  endfacet
  facet normal 0.5141027120550707 -0.8577286292631375 0
    outer loop
      vertex -20.611100836098196 -61.882028728723526 6.5
      vertex -20.611100836098196 -61.882028728723526 9.8
      vertex -20.67002228498459 -61.9173448830843 9.8
    endloop
  endfacet
  facet normal 0.5956992938650739 -0.8032075393624317 0
    outer loop
      vertex -20.555924697220327 -61.841107316315174 6.5
      vertex -20.555924697220327 -61.841107316315174 9.8
      vertex -20.611100836098196 -61.882028728723526 9.8
    endloop
  endfacet
  facet normal 0.6715589804127751 -0.740951102183507 0
    outer loop
      vertex -20.505025251209737 -61.794974744319916 6.5
      vertex -20.505025251209737 -61.794974744319916 9.8
      vertex -20.555924697220327 -61.841107316315174 9.8
    endloop
  endfacet
  facet normal 0.740951102183507 -0.6715589804127751 0
    outer loop
      vertex -20.45889267921448 -61.744075298309326 6.5
      vertex -20.45889267921448 -61.744075298309326 9.8
      vertex -20.505025251209737 -61.794974744319916 9.8
    endloop
  endfacet
  facet normal 0.8032075393624317 -0.5956992938650739 0
    outer loop
      vertex -20.417971266806127 -61.68889915943146 6.5
      vertex -20.417971266806127 -61.68889915943146 9.8
      vertex -20.45889267921448 -61.744075298309326 9.8
    endloop
  endfacet
  facet normal 0.8577286292631375 -0.5141027120550707 0
    outer loop
      vertex -20.382655112445356 -61.62997771054506 6.5
      vertex -20.382655112445356 -61.62997771054506 9.8
      vertex -20.417971266806127 -61.68889915943146 9.8
    endloop
  endfacet
  facet normal 0.9039892955176116 -0.4275550883682383 0
    outer loop
      vertex -20.353284327685834 -61.567878402769566 6.5
      vertex -20.353284327685834 -61.567878402769566 9.8
      vertex -20.382655112445356 -61.62997771054506 9.8
    endloop
  endfacet
  facet normal 0.9415440733717186 -0.3368898305063418 0
    outer loop
      vertex -20.330141766369344 -61.50319927185774 6.5
      vertex -20.330141766369344 -61.50319927185774 9.8
      vertex -20.353284327685834 -61.567878402769566 9.8
    endloop
  endfacet
  facet normal 0.9700312530630042 -0.2429801804284 0
    outer loop
      vertex -20.31345030516386 -61.43656322360039 6.5
      vertex -20.31345030516386 -61.43656322360039 9.8
      vertex -20.330141766369344 -61.50319927185774 9.8
    endloop
  endfacet
  facet normal 0.9891765040673514 -0.1467305142125974 0
    outer loop
      vertex -20.303370690345766 -61.36861199885607 6.5
      vertex -20.303370690345766 -61.36861199885607 9.8
      vertex -20.31345030516386 -61.43656322360039 9.8
    endloop
  endfacet
  facet normal 0.9987954538440772 -0.04906772238858986 0
    outer loop
      vertex -20.299999995529653 -61.29999999701977 6.5
      vertex -20.299999995529653 -61.29999999701977 9.8
      vertex -20.303370690345766 -61.36861199885607 9.8
    endloop
  endfacet
  facet normal 0 0 1
    outer loop
      vertex -21.529977715015413 -61.9173448830843 9.8
      vertex -21.467878407239915 -61.94671566784382 9.8
      vertex -20.555924697220327 -61.841107316315174 9.8
    endloop
  endfacet
  facet normal 0 0 1
    outer loop
      vertex -21.588899163901807 -61.882028728723526 9.8
      vertex -20.45889267921448 -61.744075298309326 9.8
      vertex -21.644075302779676 -61.841107316315174 9.8
    endloop
  endfacet
  facet normal 0 0 1
    outer loop
      vertex -21.588899163901807 -61.882028728723526 9.8
      vertex -21.529977715015413 -61.9173448830843 9.8
      vertex -20.505025251209737 -61.794974744319916 9.8
    endloop
  endfacet
  facet normal 0 0 1
    outer loop
      vertex -21.40319927632809 -61.96985822916031 9.8
      vertex -21.336563228070737 -61.98654969036579 9.8
      vertex -20.67002228498459 -61.9173448830843 9.8
    endloop
  endfacet
  facet normal 0 0 1
    outer loop
      vertex -21.467878407239915 -61.94671566784382 9.8
      vertex -21.40319927632809 -61.96985822916031 9.8
      vertex -20.611100836098196 -61.882028728723526 9.8
    endloop
  endfacet
  facet normal 0 0 1
    outer loop
      vertex -21.336563228070737 -61.98654969036579 9.8
      vertex -21.268612003326417 -61.99662930518389 9.8
      vertex -20.732121592760087 -61.94671566784382 9.8
    endloop
  endfacet
  facet normal 0 0 1
    outer loop
      vertex -21.268612003326417 -61.99662930518389 9.8
      vertex -21.200000001490118 -62 9.8
      vertex -20.796800723671915 -61.96985822916031 9.8
    endloop
  endfacet
  facet normal 0 0 1
    outer loop
      vertex -21.200000001490118 -62 9.8
      vertex -20.999999998509885 -62 9.8
      vertex -20.863436771929265 -61.98654969036579 9.8
    endloop
  endfacet
  facet normal 0 0 1
    outer loop
      vertex -21.200000001490118 -62 9.8
      vertex -20.863436771929265 -61.98654969036579 9.8
      vertex -20.796800723671915 -61.96985822916031 9.8
    endloop
  endfacet
  facet normal 0 0 1
    outer loop
      vertex -20.999999998509885 -62 9.8
      vertex -20.931387996673585 -61.99662930518389 9.8
      vertex -20.863436771929265 -61.98654969036579 9.8
    endloop
  endfacet
  facet normal 0 0 1
    outer loop
      vertex -21.268612003326417 -61.99662930518389 9.8
      vertex -20.796800723671915 -61.96985822916031 9.8
      vertex -20.732121592760087 -61.94671566784382 9.8
    endloop
  endfacet
  facet normal 0 0 1
    outer loop
      vertex -21.336563228070737 -61.98654969036579 9.8
      vertex -20.732121592760087 -61.94671566784382 9.8
      vertex -20.67002228498459 -61.9173448830843 9.8
    endloop
  endfacet
  facet normal 0 0 1
    outer loop
      vertex -21.40319927632809 -61.96985822916031 9.8
      vertex -20.67002228498459 -61.9173448830843 9.8
      vertex -20.611100836098196 -61.882028728723526 9.8
    endloop
  endfacet
  facet normal 0 0 1
    outer loop
      vertex -21.467878407239915 -61.94671566784382 9.8
      vertex -20.611100836098196 -61.882028728723526 9.8
      vertex -20.555924697220327 -61.841107316315174 9.8
    endloop
  endfacet
  facet normal 0 0 1
    outer loop
      vertex -21.529977715015413 -61.9173448830843 9.8
      vertex -20.555924697220327 -61.841107316315174 9.8
      vertex -20.505025251209737 -61.794974744319916 9.8
    endloop
  endfacet
  facet normal 0 0 1
    outer loop
      vertex -21.588899163901807 -61.882028728723526 9.8
      vertex -20.505025251209737 -61.794974744319916 9.8
      vertex -20.45889267921448 -61.744075298309326 9.8
    endloop
  endfacet
  facet normal 0 0 1
    outer loop
      vertex -21.644075302779676 -61.841107316315174 9.8
      vertex -20.45889267921448 -61.744075298309326 9.8
      vertex -20.417971266806127 -61.68889915943146 9.8
    endloop
  endfacet
  facet normal 0 0 1
    outer loop
      vertex -21.694974748790266 -61.794974744319916 9.8
      vertex -20.417971266806127 -61.68889915943146 9.8
      vertex -20.382655112445356 -61.62997771054506 9.8
    endloop
  endfacet
  facet normal 0 0 1
    outer loop
      vertex -21.741107320785524 -61.744075298309326 9.8
      vertex -20.382655112445356 -61.62997771054506 9.8
      vertex -20.353284327685834 -61.567878402769566 9.8
    endloop
  endfacet
  facet normal 0 0 1
    outer loop
      vertex -21.782028733193876 -61.68889915943146 9.8
      vertex -20.353284327685834 -61.567878402769566 9.8
      vertex -20.330141766369344 -61.50319927185774 9.8
    endloop
  endfacet
  facet normal 0 0 1
    outer loop
      vertex -21.817344887554647 -61.62997771054506 9.8
      vertex -20.330141766369344 -61.50319927185774 9.8
      vertex -20.31345030516386 -61.43656322360039 9.8
    endloop
  endfacet
  facet normal 0 0 1
    outer loop
      vertex -21.84671567231417 -61.567878402769566 9.8
      vertex -20.31345030516386 -61.43656322360039 9.8
      vertex -20.303370690345766 -61.36861199885607 9.8
    endloop
  endfacet
  facet normal 0 0 1
    outer loop
      vertex -21.86985823363066 -61.50319927185774 9.8
      vertex -20.303370690345766 -61.36861199885607 9.8
      vertex -20.299999995529653 -61.29999999701977 9.8
    endloop
  endfacet
  facet normal 1 0 0
    outer loop
      vertex -20.299999995529653 -61.29999999701977 6.5
      vertex -20.299999995529653 -14.700000002980232 6.5
      vertex -20.299999995529653 -61.29999999701977 9.8
    endloop
  endfacet
  facet normal -1 0 0
    outer loop
      vertex -21.90000000447035 -61.29999999701977 6.5
      vertex -21.90000000447035 -61.29999999701977 9.8
      vertex -21.90000000447035 -14.700000002980232 9.8
    endloop
  endfacet
  facet normal 0 0 1
    outer loop
      vertex -21.88654969483614 -61.43656322360039 9.8
      vertex -20.299999995529653 -14.700000002980232 9.8
      vertex -21.896629309654237 -61.36861199885607 9.8
    endloop
  endfacet
  facet normal 0 0 1
    outer loop
      vertex -21.896629309654237 -61.36861199885607 9.8
      vertex -20.303370690345766 -14.631388001143932 9.8
      vertex -21.90000000447035 -61.29999999701977 9.8
    endloop
  endfacet
  facet normal 0 0 1
    outer loop
      vertex -21.88654969483614 -61.43656322360039 9.8
      vertex -20.299999995529653 -61.29999999701977 9.8
      vertex -20.299999995529653 -14.700000002980232 9.8
    endloop
  endfacet
  facet normal -1 0 0
    outer loop
      vertex -21.90000000447035 -61.29999999701977 6.5
      vertex -21.90000000447035 -14.700000002980232 9.8
      vertex -21.90000000447035 -14.700000002980232 6.5
    endloop
  endfacet
  facet normal 0 0 1
    outer loop
      vertex -21.90000000447035 -61.29999999701977 9.8
      vertex -20.31345030516386 -14.563436776399612 9.8
      vertex -21.90000000447035 -14.700000002980232 9.8
    endloop
  endfacet
  facet normal 1 0 0
    outer loop
      vertex -20.299999995529653 -61.29999999701977 9.8
      vertex -20.299999995529653 -14.700000002980232 6.5
      vertex -20.299999995529653 -14.700000002980232 9.8
    endloop
  endfacet
  facet normal 0 0 1
    outer loop
      vertex -21.896629309654237 -61.36861199885607 9.8
      vertex -20.299999995529653 -14.700000002980232 9.8
      vertex -20.303370690345766 -14.631388001143932 9.8
    endloop
  endfacet
  facet normal 0 0 1
    outer loop
      vertex -21.90000000447035 -61.29999999701977 9.8
      vertex -20.303370690345766 -14.631388001143932 9.8
      vertex -20.31345030516386 -14.563436776399612 9.8
    endloop
  endfacet
  facet normal -0.9987954538440772 0.04906772238858986 0
    outer loop
      vertex -21.90000000447035 -14.700000002980232 6.5
      vertex -21.896629309654237 -14.631388001143932 9.8
      vertex -21.896629309654237 -14.631388001143932 6.5
    endloop
  endfacet
  facet normal -0.9891765040673514 0.1467305142125974 0
    outer loop
      vertex -21.896629309654237 -14.631388001143932 6.5
      vertex -21.88654969483614 -14.563436776399612 9.8
      vertex -21.88654969483614 -14.563436776399612 6.5
    endloop
  endfacet
  facet normal -0.9700312530630042 0.2429801804284 0
    outer loop
      vertex -21.88654969483614 -14.563436776399612 6.5
      vertex -21.86985823363066 -14.496800728142262 9.8
      vertex -21.86985823363066 -14.496800728142262 6.5
    endloop
  endfacet
  facet normal -0.9415440733717186 0.3368898305063418 0
    outer loop
      vertex -21.86985823363066 -14.496800728142262 6.5
      vertex -21.84671567231417 -14.432121597230434 9.8
      vertex -21.84671567231417 -14.432121597230434 6.5
    endloop
  endfacet
  facet normal -0.9039892955176116 0.4275550883682383 0
    outer loop
      vertex -21.84671567231417 -14.432121597230434 6.5
      vertex -21.817344887554647 -14.370022289454937 9.8
      vertex -21.817344887554647 -14.370022289454937 6.5
    endloop
  endfacet
  facet normal -0.8577286292631375 0.5141027120550707 0
    outer loop
      vertex -21.817344887554647 -14.370022289454937 6.5
      vertex -21.782028733193876 -14.311100840568542 9.8
      vertex -21.782028733193876 -14.311100840568542 6.5
    endloop
  endfacet
  facet normal -0.8032075393624317 0.5956992938650739 0
    outer loop
      vertex -21.782028733193876 -14.311100840568542 6.5
      vertex -21.741107320785524 -14.255924701690674 9.8
      vertex -21.741107320785524 -14.255924701690674 6.5
    endloop
  endfacet
  facet normal -0.740951102183507 0.6715589804127751 0
    outer loop
      vertex -21.741107320785524 -14.255924701690674 6.5
      vertex -21.694974748790266 -14.205025255680084 9.8
      vertex -21.694974748790266 -14.205025255680084 6.5
    endloop
  endfacet
  facet normal -0.6715589804127751 0.740951102183507 0
    outer loop
      vertex -21.694974748790266 -14.205025255680084 6.5
      vertex -21.644075302779676 -14.158892683684826 9.8
      vertex -21.644075302779676 -14.158892683684826 6.5
    endloop
  endfacet
  facet normal -0.5956992938650739 0.8032075393624317 0
    outer loop
      vertex -21.644075302779676 -14.158892683684826 6.5
      vertex -21.588899163901807 -14.117971271276474 9.8
      vertex -21.588899163901807 -14.117971271276474 6.5
    endloop
  endfacet
  facet normal -0.5141027120550707 0.8577286292631375 0
    outer loop
      vertex -21.588899163901807 -14.117971271276474 6.5
      vertex -21.529977715015413 -14.082655116915703 9.8
      vertex -21.529977715015413 -14.082655116915703 6.5
    endloop
  endfacet
  facet normal -0.4275550883682383 0.9039892955176116 0
    outer loop
      vertex -21.529977715015413 -14.082655116915703 6.5
      vertex -21.467878407239915 -14.053284332156181 9.8
      vertex -21.467878407239915 -14.053284332156181 6.5
    endloop
  endfacet
  facet normal -0.3368898305063418 0.9415440733717186 0
    outer loop
      vertex -21.467878407239915 -14.053284332156181 6.5
      vertex -21.40319927632809 -14.030141770839691 9.8
      vertex -21.40319927632809 -14.030141770839691 6.5
    endloop
  endfacet
  facet normal -0.2429801804284 0.9700312530630042 0
    outer loop
      vertex -21.40319927632809 -14.030141770839691 6.5
      vertex -21.336563228070737 -14.013450309634209 9.8
      vertex -21.336563228070737 -14.013450309634209 6.5
    endloop
  endfacet
  facet normal -0.1467305142125974 0.9891765040673514 0
    outer loop
      vertex -21.336563228070737 -14.013450309634209 6.5
      vertex -21.268612003326417 -14.003370694816113 9.8
      vertex -21.268612003326417 -14.003370694816113 6.5
    endloop
  endfacet
  facet normal -0.04906772238858986 0.9987954538440772 0
    outer loop
      vertex -21.268612003326417 -14.003370694816113 6.5
      vertex -21.200000001490118 -14 9.8
      vertex -21.200000001490118 -14 6.5
    endloop
  endfacet
  facet normal 0 1 0
    outer loop
      vertex -21.200000001490118 -14 6.5
      vertex -20.999999998509885 -14 9.8
      vertex -20.999999998509885 -14 6.5
    endloop
  endfacet
  facet normal 0.04906772238858986 0.9987954538440772 0
    outer loop
      vertex -20.999999998509885 -14 6.5
      vertex -20.931387996673585 -14.003370694816113 9.8
      vertex -20.931387996673585 -14.003370694816113 6.5
    endloop
  endfacet
  facet normal 0.1467305142125974 0.9891765040673514 0
    outer loop
      vertex -20.931387996673585 -14.003370694816113 6.5
      vertex -20.863436771929265 -14.013450309634209 9.8
      vertex -20.863436771929265 -14.013450309634209 6.5
    endloop
  endfacet
  facet normal 0.2429801804284 0.9700312530630042 0
    outer loop
      vertex -20.863436771929265 -14.013450309634209 6.5
      vertex -20.796800723671915 -14.030141770839691 9.8
      vertex -20.796800723671915 -14.030141770839691 6.5
    endloop
  endfacet
  facet normal 0.3368898305063418 0.9415440733717186 0
    outer loop
      vertex -20.796800723671915 -14.030141770839691 6.5
      vertex -20.732121592760087 -14.053284332156181 9.8
      vertex -20.732121592760087 -14.053284332156181 6.5
    endloop
  endfacet
  facet normal 0.5141027120550707 0.8577286292631375 0
    outer loop
      vertex -20.611100836098196 -14.117971271276474 6.5
      vertex -20.67002228498459 -14.082655116915703 6.5
      vertex -20.611100836098196 -14.117971271276474 9.8
    endloop
  endfacet
  facet normal 0.5956992938650739 0.8032075393624317 0
    outer loop
      vertex -20.611100836098196 -14.117971271276474 6.5
      vertex -20.555924697220327 -14.158892683684826 9.8
      vertex -20.555924697220327 -14.158892683684826 6.5
    endloop
  endfacet
  facet normal 0.6715589804127751 0.740951102183507 0
    outer loop
      vertex -20.555924697220327 -14.158892683684826 6.5
      vertex -20.505025251209737 -14.205025255680084 9.8
      vertex -20.505025251209737 -14.205025255680084 6.5
    endloop
  endfacet
  facet normal 0.740951102183507 0.6715589804127751 0
    outer loop
      vertex -20.505025251209737 -14.205025255680084 6.5
      vertex -20.45889267921448 -14.255924701690674 9.8
      vertex -20.45889267921448 -14.255924701690674 6.5
    endloop
  endfacet
  facet normal 0.9987954538440772 0.04906772238858986 0
    outer loop
      vertex -20.299999995529653 -14.700000002980232 6.5
      vertex -20.303370690345766 -14.631388001143932 6.5
      vertex -20.299999995529653 -14.700000002980232 9.8
    endloop
  endfacet
  facet normal 0.9891765040673514 0.1467305142125974 0
    outer loop
      vertex -20.303370690345766 -14.631388001143932 6.5
      vertex -20.31345030516386 -14.563436776399612 6.5
      vertex -20.303370690345766 -14.631388001143932 9.8
    endloop
  endfacet
  facet normal 0.9700312530630042 0.2429801804284 0
    outer loop
      vertex -20.31345030516386 -14.563436776399612 6.5
      vertex -20.330141766369344 -14.496800728142262 6.5
      vertex -20.31345030516386 -14.563436776399612 9.8
    endloop
  endfacet
  facet normal 0.8577286292631375 0.5141027120550707 0
    outer loop
      vertex -20.417971266806127 -14.311100840568542 6.5
      vertex -20.382655112445356 -14.370022289454937 9.8
      vertex -20.382655112445356 -14.370022289454937 6.5
    endloop
  endfacet
  facet normal 0.9039892955176116 0.4275550883682383 0
    outer loop
      vertex -20.353284327685834 -14.432121597230434 6.5
      vertex -20.382655112445356 -14.370022289454937 6.5
      vertex -20.353284327685834 -14.432121597230434 9.8
    endloop
  endfacet
  facet normal 0.9415440733717186 0.3368898305063418 0
    outer loop
      vertex -20.330141766369344 -14.496800728142262 6.5
      vertex -20.353284327685834 -14.432121597230434 6.5
      vertex -20.330141766369344 -14.496800728142262 9.8
    endloop
  endfacet
  facet normal 0.8032075393624317 0.5956992938650739 0
    outer loop
      vertex -20.45889267921448 -14.255924701690674 6.5
      vertex -20.417971266806127 -14.311100840568542 9.8
      vertex -20.417971266806127 -14.311100840568542 6.5
    endloop
  endfacet
  facet normal 0.4275550883682383 0.9039892955176116 0
    outer loop
      vertex -20.732121592760087 -14.053284332156181 6.5
      vertex -20.67002228498459 -14.082655116915703 9.8
      vertex -20.67002228498459 -14.082655116915703 6.5
    endloop
  endfacet
  facet normal -0.9987954538440772 0.04906772238858986 0
    outer loop
      vertex -21.90000000447035 -14.700000002980232 6.5
      vertex -21.90000000447035 -14.700000002980232 9.8
      vertex -21.896629309654237 -14.631388001143932 9.8
    endloop
  endfacet
  facet normal -0.9891765040673514 0.1467305142125974 0
    outer loop
      vertex -21.896629309654237 -14.631388001143932 6.5
      vertex -21.896629309654237 -14.631388001143932 9.8
      vertex -21.88654969483614 -14.563436776399612 9.8
    endloop
  endfacet
  facet normal -0.9700312530630042 0.2429801804284 0
    outer loop
      vertex -21.88654969483614 -14.563436776399612 6.5
      vertex -21.88654969483614 -14.563436776399612 9.8
      vertex -21.86985823363066 -14.496800728142262 9.8
    endloop
  endfacet
  facet normal -0.9415440733717186 0.3368898305063418 0
    outer loop
      vertex -21.86985823363066 -14.496800728142262 6.5
      vertex -21.86985823363066 -14.496800728142262 9.8
      vertex -21.84671567231417 -14.432121597230434 9.8
    endloop
  endfacet
  facet normal -0.9039892955176116 0.4275550883682383 0
    outer loop
      vertex -21.84671567231417 -14.432121597230434 6.5
      vertex -21.84671567231417 -14.432121597230434 9.8
      vertex -21.817344887554647 -14.370022289454937 9.8
    endloop
  endfacet
  facet normal -0.8577286292631375 0.5141027120550707 0
    outer loop
      vertex -21.817344887554647 -14.370022289454937 6.5
      vertex -21.817344887554647 -14.370022289454937 9.8
      vertex -21.782028733193876 -14.311100840568542 9.8
    endloop
  endfacet
  facet normal -0.8032075393624317 0.5956992938650739 0
    outer loop
      vertex -21.782028733193876 -14.311100840568542 6.5
      vertex -21.782028733193876 -14.311100840568542 9.8
      vertex -21.741107320785524 -14.255924701690674 9.8
    endloop
  endfacet
  facet normal -0.740951102183507 0.6715589804127751 0
    outer loop
      vertex -21.741107320785524 -14.255924701690674 6.5
      vertex -21.741107320785524 -14.255924701690674 9.8
      vertex -21.694974748790266 -14.205025255680084 9.8
    endloop
  endfacet
  facet normal -0.6715589804127751 0.740951102183507 0
    outer loop
      vertex -21.694974748790266 -14.205025255680084 6.5
      vertex -21.694974748790266 -14.205025255680084 9.8
      vertex -21.644075302779676 -14.158892683684826 9.8
    endloop
  endfacet
  facet normal -0.5956992938650739 0.8032075393624317 0
    outer loop
      vertex -21.644075302779676 -14.158892683684826 6.5
      vertex -21.644075302779676 -14.158892683684826 9.8
      vertex -21.588899163901807 -14.117971271276474 9.8
    endloop
  endfacet
  facet normal -0.5141027120550707 0.8577286292631375 0
    outer loop
      vertex -21.588899163901807 -14.117971271276474 6.5
      vertex -21.588899163901807 -14.117971271276474 9.8
      vertex -21.529977715015413 -14.082655116915703 9.8
    endloop
  endfacet
  facet normal -0.4275550883682383 0.9039892955176116 0
    outer loop
      vertex -21.529977715015413 -14.082655116915703 6.5
      vertex -21.529977715015413 -14.082655116915703 9.8
      vertex -21.467878407239915 -14.053284332156181 9.8
    endloop
  endfacet
  facet normal -0.3368898305063418 0.9415440733717186 0
    outer loop
      vertex -21.467878407239915 -14.053284332156181 6.5
      vertex -21.467878407239915 -14.053284332156181 9.8
      vertex -21.40319927632809 -14.030141770839691 9.8
    endloop
  endfacet
  facet normal -0.2429801804284 0.9700312530630042 0
    outer loop
      vertex -21.40319927632809 -14.030141770839691 6.5
      vertex -21.40319927632809 -14.030141770839691 9.8
      vertex -21.336563228070737 -14.013450309634209 9.8
    endloop
  endfacet
  facet normal -0.1467305142125974 0.9891765040673514 0
    outer loop
      vertex -21.336563228070737 -14.013450309634209 6.5
      vertex -21.336563228070737 -14.013450309634209 9.8
      vertex -21.268612003326417 -14.003370694816113 9.8
    endloop
  endfacet
  facet normal 0 0 1
    outer loop
      vertex -21.90000000447035 -14.700000002980232 9.8
      vertex -20.330141766369344 -14.496800728142262 9.8
      vertex -21.896629309654237 -14.631388001143932 9.8
    endloop
  endfacet
  facet normal 0 0 1
    outer loop
      vertex -21.896629309654237 -14.631388001143932 9.8
      vertex -20.353284327685834 -14.432121597230434 9.8
      vertex -21.88654969483614 -14.563436776399612 9.8
    endloop
  endfacet
  facet normal 0 0 1
    outer loop
      vertex -21.88654969483614 -14.563436776399612 9.8
      vertex -20.382655112445356 -14.370022289454937 9.8
      vertex -21.86985823363066 -14.496800728142262 9.8
    endloop
  endfacet
  facet normal 0 0 1
    outer loop
      vertex -21.86985823363066 -14.496800728142262 9.8
      vertex -20.417971266806127 -14.311100840568542 9.8
      vertex -21.84671567231417 -14.432121597230434 9.8
    endloop
  endfacet
  facet normal 0 0 1
    outer loop
      vertex -21.84671567231417 -14.432121597230434 9.8
      vertex -20.45889267921448 -14.255924701690674 9.8
      vertex -21.817344887554647 -14.370022289454937 9.8
    endloop
  endfacet
  facet normal 0 0 1
    outer loop
      vertex -21.817344887554647 -14.370022289454937 9.8
      vertex -20.505025251209737 -14.205025255680084 9.8
      vertex -21.782028733193876 -14.311100840568542 9.8
    endloop
  endfacet
  facet normal 0 0 1
    outer loop
      vertex -21.782028733193876 -14.311100840568542 9.8
      vertex -20.555924697220327 -14.158892683684826 9.8
      vertex -21.741107320785524 -14.255924701690674 9.8
    endloop
  endfacet
  facet normal 0 0 1
    outer loop
      vertex -21.741107320785524 -14.255924701690674 9.8
      vertex -20.611100836098196 -14.117971271276474 9.8
      vertex -21.694974748790266 -14.205025255680084 9.8
    endloop
  endfacet
  facet normal 0 0 1
    outer loop
      vertex -21.694974748790266 -14.205025255680084 9.8
      vertex -20.67002228498459 -14.082655116915703 9.8
      vertex -21.644075302779676 -14.158892683684826 9.8
    endloop
  endfacet
  facet normal 0 0 1
    outer loop
      vertex -21.644075302779676 -14.158892683684826 9.8
      vertex -20.732121592760087 -14.053284332156181 9.8
      vertex -21.588899163901807 -14.117971271276474 9.8
    endloop
  endfacet
  facet normal 0 0 1
    outer loop
      vertex -21.588899163901807 -14.117971271276474 9.8
      vertex -20.796800723671915 -14.030141770839691 9.8
      vertex -21.529977715015413 -14.082655116915703 9.8
    endloop
  endfacet
  facet normal 0 0 1
    outer loop
      vertex -21.529977715015413 -14.082655116915703 9.8
      vertex -20.863436771929265 -14.013450309634209 9.8
      vertex -21.467878407239915 -14.053284332156181 9.8
    endloop
  endfacet
  facet normal 0 0 1
    outer loop
      vertex -21.467878407239915 -14.053284332156181 9.8
      vertex -20.931387996673585 -14.003370694816113 9.8
      vertex -21.40319927632809 -14.030141770839691 9.8
    endloop
  endfacet
  facet normal 0 0 1
    outer loop
      vertex -21.336563228070737 -14.013450309634209 9.8
      vertex -21.200000001490118 -14 9.8
      vertex -21.268612003326417 -14.003370694816113 9.8
    endloop
  endfacet
  facet normal -0.04906772238858986 0.9987954538440772 0
    outer loop
      vertex -21.268612003326417 -14.003370694816113 6.5
      vertex -21.268612003326417 -14.003370694816113 9.8
      vertex -21.200000001490118 -14 9.8
    endloop
  endfacet
  facet normal 0 1 0
    outer loop
      vertex -21.200000001490118 -14 6.5
      vertex -21.200000001490118 -14 9.8
      vertex -20.999999998509885 -14 9.8
    endloop
  endfacet
  facet normal 0.04906772238858986 0.9987954538440772 0
    outer loop
      vertex -20.999999998509885 -14 6.5
      vertex -20.999999998509885 -14 9.8
      vertex -20.931387996673585 -14.003370694816113 9.8
    endloop
  endfacet
  facet normal 0.1467305142125974 0.9891765040673514 0
    outer loop
      vertex -20.931387996673585 -14.003370694816113 6.5
      vertex -20.931387996673585 -14.003370694816113 9.8
      vertex -20.863436771929265 -14.013450309634209 9.8
    endloop
  endfacet
  facet normal 0.2429801804284 0.9700312530630042 0
    outer loop
      vertex -20.863436771929265 -14.013450309634209 6.5
      vertex -20.863436771929265 -14.013450309634209 9.8
      vertex -20.796800723671915 -14.030141770839691 9.8
    endloop
  endfacet
  facet normal 0.3368898305063418 0.9415440733717186 0
    outer loop
      vertex -20.796800723671915 -14.030141770839691 6.5
      vertex -20.796800723671915 -14.030141770839691 9.8
      vertex -20.732121592760087 -14.053284332156181 9.8
    endloop
  endfacet
  facet normal 0.5141027120550707 0.8577286292631375 0
    outer loop
      vertex -20.67002228498459 -14.082655116915703 6.5
      vertex -20.67002228498459 -14.082655116915703 9.8
      vertex -20.611100836098196 -14.117971271276474 9.8
    endloop
  endfacet
  facet normal 0.5956992938650739 0.8032075393624317 0
    outer loop
      vertex -20.611100836098196 -14.117971271276474 6.5
      vertex -20.611100836098196 -14.117971271276474 9.8
      vertex -20.555924697220327 -14.158892683684826 9.8
    endloop
  endfacet
  facet normal 0.6715589804127751 0.740951102183507 0
    outer loop
      vertex -20.555924697220327 -14.158892683684826 6.5
      vertex -20.555924697220327 -14.158892683684826 9.8
      vertex -20.505025251209737 -14.205025255680084 9.8
    endloop
  endfacet
  facet normal 0.740951102183507 0.6715589804127751 0
    outer loop
      vertex -20.505025251209737 -14.205025255680084 6.5
      vertex -20.505025251209737 -14.205025255680084 9.8
      vertex -20.45889267921448 -14.255924701690674 9.8
    endloop
  endfacet
  facet normal 0.9700312530630042 0.2429801804284 0
    outer loop
      vertex -20.330141766369344 -14.496800728142262 6.5
      vertex -20.330141766369344 -14.496800728142262 9.8
      vertex -20.31345030516386 -14.563436776399612 9.8
    endloop
  endfacet
  facet normal 0.9987954538440772 0.04906772238858986 0
    outer loop
      vertex -20.303370690345766 -14.631388001143932 6.5
      vertex -20.303370690345766 -14.631388001143932 9.8
      vertex -20.299999995529653 -14.700000002980232 9.8
    endloop
  endfacet
  facet normal 0.9891765040673514 0.1467305142125974 0
    outer loop
      vertex -20.31345030516386 -14.563436776399612 6.5
      vertex -20.31345030516386 -14.563436776399612 9.8
      vertex -20.303370690345766 -14.631388001143932 9.8
    endloop
  endfacet
  facet normal 0.8577286292631375 0.5141027120550707 0
    outer loop
      vertex -20.417971266806127 -14.311100840568542 6.5
      vertex -20.417971266806127 -14.311100840568542 9.8
      vertex -20.382655112445356 -14.370022289454937 9.8
    endloop
  endfacet
  facet normal 0.9415440733717186 0.3368898305063418 0
    outer loop
      vertex -20.353284327685834 -14.432121597230434 6.5
      vertex -20.353284327685834 -14.432121597230434 9.8
      vertex -20.330141766369344 -14.496800728142262 9.8
    endloop
  endfacet
  facet normal 0.9039892955176116 0.4275550883682383 0
    outer loop
      vertex -20.382655112445356 -14.370022289454937 6.5
      vertex -20.382655112445356 -14.370022289454937 9.8
      vertex -20.353284327685834 -14.432121597230434 9.8
    endloop
  endfacet
  facet normal 0.8032075393624317 0.5956992938650739 0
    outer loop
      vertex -20.45889267921448 -14.255924701690674 6.5
      vertex -20.45889267921448 -14.255924701690674 9.8
      vertex -20.417971266806127 -14.311100840568542 9.8
    endloop
  endfacet
  facet normal 0.4275550883682383 0.9039892955176116 0
    outer loop
      vertex -20.732121592760087 -14.053284332156181 6.5
      vertex -20.732121592760087 -14.053284332156181 9.8
      vertex -20.67002228498459 -14.082655116915703 9.8
    endloop
  endfacet
  facet normal 0 0 1
    outer loop
      vertex -21.644075302779676 -14.158892683684826 9.8
      vertex -20.67002228498459 -14.082655116915703 9.8
      vertex -20.732121592760087 -14.053284332156181 9.8
    endloop
  endfacet
  facet normal 0 0 1
    outer loop
      vertex -21.694974748790266 -14.205025255680084 9.8
      vertex -20.611100836098196 -14.117971271276474 9.8
      vertex -20.67002228498459 -14.082655116915703 9.8
    endloop
  endfacet
  facet normal 0 0 1
    outer loop
      vertex -21.896629309654237 -14.631388001143932 9.8
      vertex -20.330141766369344 -14.496800728142262 9.8
      vertex -20.353284327685834 -14.432121597230434 9.8
    endloop
  endfacet
  facet normal 0 0 1
    outer loop
      vertex -21.90000000447035 -14.700000002980232 9.8
      vertex -20.31345030516386 -14.563436776399612 9.8
      vertex -20.330141766369344 -14.496800728142262 9.8
    endloop
  endfacet
  facet normal 0 0 1
    outer loop
      vertex -21.88654969483614 -14.563436776399612 9.8
      vertex -20.353284327685834 -14.432121597230434 9.8
      vertex -20.382655112445356 -14.370022289454937 9.8
    endloop
  endfacet
  facet normal 0 0 1
    outer loop
      vertex -21.86985823363066 -14.496800728142262 9.8
      vertex -20.382655112445356 -14.370022289454937 9.8
      vertex -20.417971266806127 -14.311100840568542 9.8
    endloop
  endfacet
  facet normal 0 0 1
    outer loop
      vertex -21.84671567231417 -14.432121597230434 9.8
      vertex -20.417971266806127 -14.311100840568542 9.8
      vertex -20.45889267921448 -14.255924701690674 9.8
    endloop
  endfacet
  facet normal 0 0 1
    outer loop
      vertex -21.817344887554647 -14.370022289454937 9.8
      vertex -20.45889267921448 -14.255924701690674 9.8
      vertex -20.505025251209737 -14.205025255680084 9.8
    endloop
  endfacet
  facet normal 0 0 1
    outer loop
      vertex -21.782028733193876 -14.311100840568542 9.8
      vertex -20.505025251209737 -14.205025255680084 9.8
      vertex -20.555924697220327 -14.158892683684826 9.8
    endloop
  endfacet
  facet normal 0 0 1
    outer loop
      vertex -21.741107320785524 -14.255924701690674 9.8
      vertex -20.555924697220327 -14.158892683684826 9.8
      vertex -20.611100836098196 -14.117971271276474 9.8
    endloop
  endfacet
  facet normal 0 0 1
    outer loop
      vertex -21.40319927632809 -14.030141770839691 9.8
      vertex -20.999999998509885 -14 9.8
      vertex -21.336563228070737 -14.013450309634209 9.8
    endloop
  endfacet
  facet normal 0 0 1
    outer loop
      vertex -21.336563228070737 -14.013450309634209 9.8
      vertex -20.999999998509885 -14 9.8
      vertex -21.200000001490118 -14 9.8
    endloop
  endfacet
  facet normal 0 0 1
    outer loop
      vertex -21.40319927632809 -14.030141770839691 9.8
      vertex -20.931387996673585 -14.003370694816113 9.8
      vertex -20.999999998509885 -14 9.8
    endloop
  endfacet
  facet normal 0 0 1
    outer loop
      vertex -21.467878407239915 -14.053284332156181 9.8
      vertex -20.863436771929265 -14.013450309634209 9.8
      vertex -20.931387996673585 -14.003370694816113 9.8
    endloop
  endfacet
  facet normal 0 0 1
    outer loop
      vertex -21.529977715015413 -14.082655116915703 9.8
      vertex -20.796800723671915 -14.030141770839691 9.8
      vertex -20.863436771929265 -14.013450309634209 9.8
    endloop
  endfacet
  facet normal 0 0 1
    outer loop
      vertex -21.588899163901807 -14.117971271276474 9.8
      vertex -20.732121592760087 -14.053284332156181 9.8
      vertex -20.796800723671915 -14.030141770839691 9.8
    endloop
  endfacet
  facet normal -0.9700312530630042 -0.2429801804284 0
    outer loop
      vertex 20.31345030516386 -61.43656322360039 6.5
      vertex 20.330141766369344 -61.50319927185774 6.5
      vertex 20.31345030516386 -61.43656322360039 9.8
    endloop
  endfacet
  facet normal -0.9891765040673514 -0.1467305142125974 0
    outer loop
      vertex 20.31345030516386 -61.43656322360039 6.5
      vertex 20.303370690345766 -61.36861199885607 9.8
      vertex 20.303370690345766 -61.36861199885607 6.5
    endloop
  endfacet
  facet normal -0.9039892955176116 -0.4275550883682383 0
    outer loop
      vertex 20.382655112445356 -61.62997771054506 6.5
      vertex 20.353284327685834 -61.567878402769566 9.8
      vertex 20.353284327685834 -61.567878402769566 6.5
    endloop
  endfacet
  facet normal -0.8032075393624317 -0.5956992938650739 0
    outer loop
      vertex 20.417971266806127 -61.68889915943146 6.5
      vertex 20.45889267921448 -61.744075298309326 6.5
      vertex 20.417971266806127 -61.68889915943146 9.8
    endloop
  endfacet
  facet normal -0.8577286292631375 -0.5141027120550707 0
    outer loop
      vertex 20.382655112445356 -61.62997771054506 6.5
      vertex 20.417971266806127 -61.68889915943146 6.5
      vertex 20.382655112445356 -61.62997771054506 9.8
    endloop
  endfacet
  facet normal -0.9415440733717186 -0.3368898305063418 0
    outer loop
      vertex 20.353284327685834 -61.567878402769566 6.5
      vertex 20.330141766369344 -61.50319927185774 9.8
      vertex 20.330141766369344 -61.50319927185774 6.5
    endloop
  endfacet
  facet normal -0.6715589804127751 -0.740951102183507 0
    outer loop
      vertex 20.505025251209737 -61.794974744319916 6.5
      vertex 20.555924697220327 -61.841107316315174 6.5
      vertex 20.505025251209737 -61.794974744319916 9.8
    endloop
  endfacet
  facet normal -0.5956992938650739 -0.8032075393624317 0
    outer loop
      vertex 20.555924697220327 -61.841107316315174 6.5
      vertex 20.611100836098196 -61.882028728723526 6.5
      vertex 20.555924697220327 -61.841107316315174 9.8
    endloop
  endfacet
  facet normal -0.5141027120550707 -0.8577286292631375 0
    outer loop
      vertex 20.611100836098196 -61.882028728723526 6.5
      vertex 20.67002228498459 -61.9173448830843 6.5
      vertex 20.611100836098196 -61.882028728723526 9.8
    endloop
  endfacet
  facet normal -0.4275550883682383 -0.9039892955176116 0
    outer loop
      vertex 20.67002228498459 -61.9173448830843 6.5
      vertex 20.732121592760087 -61.94671566784382 6.5
      vertex 20.67002228498459 -61.9173448830843 9.8
    endloop
  endfacet
  facet normal -0.740951102183507 -0.6715589804127751 0
    outer loop
      vertex 20.505025251209737 -61.794974744319916 6.5
      vertex 20.45889267921448 -61.744075298309326 9.8
      vertex 20.45889267921448 -61.744075298309326 6.5
    endloop
  endfacet
  facet normal -0.9987954538440772 -0.04906772238858986 0
    outer loop
      vertex 20.303370690345766 -61.36861199885607 6.5
      vertex 20.299999995529653 -61.29999999701977 9.8
      vertex 20.299999995529653 -61.29999999701977 6.5
    endloop
  endfacet
  facet normal -0.3368898305063418 -0.9415440733717186 0
    outer loop
      vertex 20.732121592760087 -61.94671566784382 6.5
      vertex 20.796800723671915 -61.96985822916031 6.5
      vertex 20.732121592760087 -61.94671566784382 9.8
    endloop
  endfacet
  facet normal -0.2429801804284 -0.9700312530630042 0
    outer loop
      vertex 20.796800723671915 -61.96985822916031 6.5
      vertex 20.863436771929265 -61.98654969036579 6.5
      vertex 20.796800723671915 -61.96985822916031 9.8
    endloop
  endfacet
  facet normal -0.1467305142125974 -0.9891765040673514 0
    outer loop
      vertex 20.863436771929265 -61.98654969036579 6.5
      vertex 20.931387996673585 -61.99662930518389 6.5
      vertex 20.863436771929265 -61.98654969036579 9.8
    endloop
  endfacet
  facet normal -0.04906772238858986 -0.9987954538440772 0
    outer loop
      vertex 20.931387996673585 -61.99662930518389 6.5
      vertex 20.999999998509885 -62 6.5
      vertex 20.931387996673585 -61.99662930518389 9.8
    endloop
  endfacet
  facet normal 0 -1 0
    outer loop
      vertex 20.999999998509885 -62 6.5
      vertex 21.200000001490118 -62 6.5
      vertex 20.999999998509885 -62 9.8
    endloop
  endfacet
  facet normal 0.04906772238858986 -0.9987954538440772 0
    outer loop
      vertex 21.200000001490118 -62 6.5
      vertex 21.268612003326417 -61.99662930518389 6.5
      vertex 21.200000001490118 -62 9.8
    endloop
  endfacet
  facet normal 0.1467305142125974 -0.9891765040673514 0
    outer loop
      vertex 21.268612003326417 -61.99662930518389 6.5
      vertex 21.336563228070737 -61.98654969036579 6.5
      vertex 21.268612003326417 -61.99662930518389 9.8
    endloop
  endfacet
  facet normal 0.2429801804284 -0.9700312530630042 0
    outer loop
      vertex 21.336563228070737 -61.98654969036579 6.5
      vertex 21.40319927632809 -61.96985822916031 6.5
      vertex 21.336563228070737 -61.98654969036579 9.8
    endloop
  endfacet
  facet normal 0.3368898305063418 -0.9415440733717186 0
    outer loop
      vertex 21.40319927632809 -61.96985822916031 6.5
      vertex 21.467878407239915 -61.94671566784382 6.5
      vertex 21.40319927632809 -61.96985822916031 9.8
    endloop
  endfacet
  facet normal 0.4275550883682383 -0.9039892955176116 0
    outer loop
      vertex 21.467878407239915 -61.94671566784382 6.5
      vertex 21.529977715015413 -61.9173448830843 6.5
      vertex 21.467878407239915 -61.94671566784382 9.8
    endloop
  endfacet
  facet normal 0.5141027120550707 -0.8577286292631375 0
    outer loop
      vertex 21.529977715015413 -61.9173448830843 6.5
      vertex 21.588899163901807 -61.882028728723526 6.5
      vertex 21.529977715015413 -61.9173448830843 9.8
    endloop
  endfacet
  facet normal 0.5956992938650739 -0.8032075393624317 0
    outer loop
      vertex 21.588899163901807 -61.882028728723526 6.5
      vertex 21.644075302779676 -61.841107316315174 6.5
      vertex 21.588899163901807 -61.882028728723526 9.8
    endloop
  endfacet
  facet normal 0.6715589804127751 -0.740951102183507 0
    outer loop
      vertex 21.644075302779676 -61.841107316315174 6.5
      vertex 21.694974748790266 -61.794974744319916 6.5
      vertex 21.644075302779676 -61.841107316315174 9.8
    endloop
  endfacet
  facet normal 0.740951102183507 -0.6715589804127751 0
    outer loop
      vertex 21.694974748790266 -61.794974744319916 6.5
      vertex 21.741107320785524 -61.744075298309326 6.5
      vertex 21.694974748790266 -61.794974744319916 9.8
    endloop
  endfacet
  facet normal 0.8032075393624317 -0.5956992938650739 0
    outer loop
      vertex 21.741107320785524 -61.744075298309326 6.5
      vertex 21.782028733193876 -61.68889915943146 6.5
      vertex 21.741107320785524 -61.744075298309326 9.8
    endloop
  endfacet
  facet normal 0.8577286292631375 -0.5141027120550707 0
    outer loop
      vertex 21.782028733193876 -61.68889915943146 6.5
      vertex 21.817344887554647 -61.62997771054506 6.5
      vertex 21.782028733193876 -61.68889915943146 9.8
    endloop
  endfacet
  facet normal 0.9039892955176116 -0.4275550883682383 0
    outer loop
      vertex 21.817344887554647 -61.62997771054506 6.5
      vertex 21.84671567231417 -61.567878402769566 6.5
      vertex 21.817344887554647 -61.62997771054506 9.8
    endloop
  endfacet
  facet normal 0.9415440733717186 -0.3368898305063418 0
    outer loop
      vertex 21.84671567231417 -61.567878402769566 6.5
      vertex 21.86985823363066 -61.50319927185774 6.5
      vertex 21.84671567231417 -61.567878402769566 9.8
    endloop
  endfacet
  facet normal 0.9700312530630042 -0.2429801804284 0
    outer loop
      vertex 21.86985823363066 -61.50319927185774 6.5
      vertex 21.88654969483614 -61.43656322360039 6.5
      vertex 21.86985823363066 -61.50319927185774 9.8
    endloop
  endfacet
  facet normal 0.9891765040673514 -0.1467305142125974 0
    outer loop
      vertex 21.88654969483614 -61.43656322360039 6.5
      vertex 21.896629309654237 -61.36861199885607 6.5
      vertex 21.88654969483614 -61.43656322360039 9.8
    endloop
  endfacet
  facet normal 0.9987954538440772 -0.04906772238858986 0
    outer loop
      vertex 21.896629309654237 -61.36861199885607 6.5
      vertex 21.90000000447035 -61.29999999701977 6.5
      vertex 21.896629309654237 -61.36861199885607 9.8
    endloop
  endfacet
  facet normal -0.9891765040673514 -0.1467305142125974 0
    outer loop
      vertex 20.31345030516386 -61.43656322360039 6.5
      vertex 20.31345030516386 -61.43656322360039 9.8
      vertex 20.303370690345766 -61.36861199885607 9.8
    endloop
  endfacet
  facet normal -0.9987954538440772 -0.04906772238858986 0
    outer loop
      vertex 20.303370690345766 -61.36861199885607 6.5
      vertex 20.303370690345766 -61.36861199885607 9.8
      vertex 20.299999995529653 -61.29999999701977 9.8
    endloop
  endfacet
  facet normal -0.9039892955176116 -0.4275550883682383 0
    outer loop
      vertex 20.382655112445356 -61.62997771054506 6.5
      vertex 20.382655112445356 -61.62997771054506 9.8
      vertex 20.353284327685834 -61.567878402769566 9.8
    endloop
  endfacet
  facet normal -0.8032075393624317 -0.5956992938650739 0
    outer loop
      vertex 20.45889267921448 -61.744075298309326 6.5
      vertex 20.45889267921448 -61.744075298309326 9.8
      vertex 20.417971266806127 -61.68889915943146 9.8
    endloop
  endfacet
  facet normal -0.8577286292631375 -0.5141027120550707 0
    outer loop
      vertex 20.417971266806127 -61.68889915943146 6.5
      vertex 20.417971266806127 -61.68889915943146 9.8
      vertex 20.382655112445356 -61.62997771054506 9.8
    endloop
  endfacet
  facet normal -0.9415440733717186 -0.3368898305063418 0
    outer loop
      vertex 20.353284327685834 -61.567878402769566 6.5
      vertex 20.353284327685834 -61.567878402769566 9.8
      vertex 20.330141766369344 -61.50319927185774 9.8
    endloop
  endfacet
  facet normal -0.9700312530630042 -0.2429801804284 0
    outer loop
      vertex 20.330141766369344 -61.50319927185774 6.5
      vertex 20.330141766369344 -61.50319927185774 9.8
      vertex 20.31345030516386 -61.43656322360039 9.8
    endloop
  endfacet
  facet normal -0.740951102183507 -0.6715589804127751 0
    outer loop
      vertex 20.505025251209737 -61.794974744319916 6.5
      vertex 20.505025251209737 -61.794974744319916 9.8
      vertex 20.45889267921448 -61.744075298309326 9.8
    endloop
  endfacet
  facet normal -0.6715589804127751 -0.740951102183507 0
    outer loop
      vertex 20.555924697220327 -61.841107316315174 6.5
      vertex 20.555924697220327 -61.841107316315174 9.8
      vertex 20.505025251209737 -61.794974744319916 9.8
    endloop
  endfacet
  facet normal -0.5141027120550707 -0.8577286292631375 0
    outer loop
      vertex 20.67002228498459 -61.9173448830843 6.5
      vertex 20.67002228498459 -61.9173448830843 9.8
      vertex 20.611100836098196 -61.882028728723526 9.8
    endloop
  endfacet
  facet normal -0.5956992938650739 -0.8032075393624317 0
    outer loop
      vertex 20.611100836098196 -61.882028728723526 6.5
      vertex 20.611100836098196 -61.882028728723526 9.8
      vertex 20.555924697220327 -61.841107316315174 9.8
    endloop
  endfacet
  facet normal -0.4275550883682383 -0.9039892955176116 0
    outer loop
      vertex 20.732121592760087 -61.94671566784382 6.5
      vertex 20.732121592760087 -61.94671566784382 9.8
      vertex 20.67002228498459 -61.9173448830843 9.8
    endloop
  endfacet
  facet normal -0.2429801804284 -0.9700312530630042 0
    outer loop
      vertex 20.863436771929265 -61.98654969036579 6.5
      vertex 20.863436771929265 -61.98654969036579 9.8
      vertex 20.796800723671915 -61.96985822916031 9.8
    endloop
  endfacet
  facet normal -0.3368898305063418 -0.9415440733717186 0
    outer loop
      vertex 20.796800723671915 -61.96985822916031 6.5
      vertex 20.796800723671915 -61.96985822916031 9.8
      vertex 20.732121592760087 -61.94671566784382 9.8
    endloop
  endfacet
  facet normal -0.1467305142125974 -0.9891765040673514 0
    outer loop
      vertex 20.931387996673585 -61.99662930518389 6.5
      vertex 20.931387996673585 -61.99662930518389 9.8
      vertex 20.863436771929265 -61.98654969036579 9.8
    endloop
  endfacet
  facet normal -0.04906772238858986 -0.9987954538440772 0
    outer loop
      vertex 20.999999998509885 -62 6.5
      vertex 20.999999998509885 -62 9.8
      vertex 20.931387996673585 -61.99662930518389 9.8
    endloop
  endfacet
  facet normal 0 -1 0
    outer loop
      vertex 21.200000001490118 -62 6.5
      vertex 21.200000001490118 -62 9.8
      vertex 20.999999998509885 -62 9.8
    endloop
  endfacet
  facet normal 0.04906772238858986 -0.9987954538440772 0
    outer loop
      vertex 21.268612003326417 -61.99662930518389 6.5
      vertex 21.268612003326417 -61.99662930518389 9.8
      vertex 21.200000001490118 -62 9.8
    endloop
  endfacet
  facet normal 0 0 1
    outer loop
      vertex 20.555924697220327 -61.841107316315174 9.8
      vertex 20.611100836098196 -61.882028728723526 9.8
      vertex 21.741107320785524 -61.744075298309326 9.8
    endloop
  endfacet
  facet normal 0 0 1
    outer loop
      vertex 20.505025251209737 -61.794974744319916 9.8
      vertex 20.555924697220327 -61.841107316315174 9.8
      vertex 21.782028733193876 -61.68889915943146 9.8
    endloop
  endfacet
  facet normal 0 0 1
    outer loop
      vertex 20.31345030516386 -61.43656322360039 9.8
      vertex 20.330141766369344 -61.50319927185774 9.8
      vertex 21.90000000447035 -61.29999999701977 9.8
    endloop
  endfacet
  facet normal 0 0 1
    outer loop
      vertex 20.417971266806127 -61.68889915943146 9.8
      vertex 20.45889267921448 -61.744075298309326 9.8
      vertex 21.84671567231417 -61.567878402769566 9.8
    endloop
  endfacet
  facet normal 0 0 1
    outer loop
      vertex 20.382655112445356 -61.62997771054506 9.8
      vertex 20.417971266806127 -61.68889915943146 9.8
      vertex 21.86985823363066 -61.50319927185774 9.8
    endloop
  endfacet
  facet normal 0 0 1
    outer loop
      vertex 20.505025251209737 -61.794974744319916 9.8
      vertex 21.817344887554647 -61.62997771054506 9.8
      vertex 20.45889267921448 -61.744075298309326 9.8
    endloop
  endfacet
  facet normal 0 0 1
    outer loop
      vertex 20.353284327685834 -61.567878402769566 9.8
      vertex 21.896629309654237 -61.36861199885607 9.8
      vertex 20.330141766369344 -61.50319927185774 9.8
    endloop
  endfacet
  facet normal 0 0 1
    outer loop
      vertex 20.382655112445356 -61.62997771054506 9.8
      vertex 21.88654969483614 -61.43656322360039 9.8
      vertex 20.353284327685834 -61.567878402769566 9.8
    endloop
  endfacet
  facet normal 0 0 1
    outer loop
      vertex 20.863436771929265 -61.98654969036579 9.8
      vertex 20.931387996673585 -61.99662930518389 9.8
      vertex 21.467878407239915 -61.94671566784382 9.8
    endloop
  endfacet
  facet normal 0 0 1
    outer loop
      vertex 20.931387996673585 -61.99662930518389 9.8
      vertex 20.999999998509885 -62 9.8
      vertex 21.40319927632809 -61.96985822916031 9.8
    endloop
  endfacet
  facet normal 0 0 1
    outer loop
      vertex 20.732121592760087 -61.94671566784382 9.8
      vertex 20.796800723671915 -61.96985822916031 9.8
      vertex 21.588899163901807 -61.882028728723526 9.8
    endloop
  endfacet
  facet normal 0 0 1
    outer loop
      vertex 20.67002228498459 -61.9173448830843 9.8
      vertex 20.732121592760087 -61.94671566784382 9.8
      vertex 21.644075302779676 -61.841107316315174 9.8
    endloop
  endfacet
  facet normal 0 0 1
    outer loop
      vertex 20.611100836098196 -61.882028728723526 9.8
      vertex 20.67002228498459 -61.9173448830843 9.8
      vertex 21.694974748790266 -61.794974744319916 9.8
    endloop
  endfacet
  facet normal 0 0 1
    outer loop
      vertex 20.796800723671915 -61.96985822916031 9.8
      vertex 20.863436771929265 -61.98654969036579 9.8
      vertex 21.529977715015413 -61.9173448830843 9.8
    endloop
  endfacet
  facet normal 0 0 1
    outer loop
      vertex 20.999999998509885 -62 9.8
      vertex 21.200000001490118 -62 9.8
      vertex 21.336563228070737 -61.98654969036579 9.8
    endloop
  endfacet
  facet normal 0 0 1
    outer loop
      vertex 20.999999998509885 -62 9.8
      vertex 21.336563228070737 -61.98654969036579 9.8
      vertex 21.40319927632809 -61.96985822916031 9.8
    endloop
  endfacet
  facet normal 0.1467305142125974 -0.9891765040673514 0
    outer loop
      vertex 21.336563228070737 -61.98654969036579 6.5
      vertex 21.336563228070737 -61.98654969036579 9.8
      vertex 21.268612003326417 -61.99662930518389 9.8
    endloop
  endfacet
  facet normal 0.2429801804284 -0.9700312530630042 0
    outer loop
      vertex 21.40319927632809 -61.96985822916031 6.5
      vertex 21.40319927632809 -61.96985822916031 9.8
      vertex 21.336563228070737 -61.98654969036579 9.8
    endloop
  endfacet
  facet normal 0.3368898305063418 -0.9415440733717186 0
    outer loop
      vertex 21.467878407239915 -61.94671566784382 6.5
      vertex 21.467878407239915 -61.94671566784382 9.8
      vertex 21.40319927632809 -61.96985822916031 9.8
    endloop
  endfacet
  facet normal 0.4275550883682383 -0.9039892955176116 0
    outer loop
      vertex 21.529977715015413 -61.9173448830843 6.5
      vertex 21.529977715015413 -61.9173448830843 9.8
      vertex 21.467878407239915 -61.94671566784382 9.8
    endloop
  endfacet
  facet normal 0.5141027120550707 -0.8577286292631375 0
    outer loop
      vertex 21.588899163901807 -61.882028728723526 6.5
      vertex 21.588899163901807 -61.882028728723526 9.8
      vertex 21.529977715015413 -61.9173448830843 9.8
    endloop
  endfacet
  facet normal 0.5956992938650739 -0.8032075393624317 0
    outer loop
      vertex 21.644075302779676 -61.841107316315174 6.5
      vertex 21.644075302779676 -61.841107316315174 9.8
      vertex 21.588899163901807 -61.882028728723526 9.8
    endloop
  endfacet
  facet normal 0.6715589804127751 -0.740951102183507 0
    outer loop
      vertex 21.694974748790266 -61.794974744319916 6.5
      vertex 21.694974748790266 -61.794974744319916 9.8
      vertex 21.644075302779676 -61.841107316315174 9.8
    endloop
  endfacet
  facet normal 0.740951102183507 -0.6715589804127751 0
    outer loop
      vertex 21.741107320785524 -61.744075298309326 6.5
      vertex 21.741107320785524 -61.744075298309326 9.8
      vertex 21.694974748790266 -61.794974744319916 9.8
    endloop
  endfacet
  facet normal 0.8032075393624317 -0.5956992938650739 0
    outer loop
      vertex 21.782028733193876 -61.68889915943146 6.5
      vertex 21.782028733193876 -61.68889915943146 9.8
      vertex 21.741107320785524 -61.744075298309326 9.8
    endloop
  endfacet
  facet normal 0.8577286292631375 -0.5141027120550707 0
    outer loop
      vertex 21.817344887554647 -61.62997771054506 6.5
      vertex 21.817344887554647 -61.62997771054506 9.8
      vertex 21.782028733193876 -61.68889915943146 9.8
    endloop
  endfacet
  facet normal 0.9039892955176116 -0.4275550883682383 0
    outer loop
      vertex 21.84671567231417 -61.567878402769566 6.5
      vertex 21.84671567231417 -61.567878402769566 9.8
      vertex 21.817344887554647 -61.62997771054506 9.8
    endloop
  endfacet
  facet normal 0.9415440733717186 -0.3368898305063418 0
    outer loop
      vertex 21.86985823363066 -61.50319927185774 6.5
      vertex 21.86985823363066 -61.50319927185774 9.8
      vertex 21.84671567231417 -61.567878402769566 9.8
    endloop
  endfacet
  facet normal 0.9700312530630042 -0.2429801804284 0
    outer loop
      vertex 21.88654969483614 -61.43656322360039 6.5
      vertex 21.88654969483614 -61.43656322360039 9.8
      vertex 21.86985823363066 -61.50319927185774 9.8
    endloop
  endfacet
  facet normal 0.9891765040673514 -0.1467305142125974 0
    outer loop
      vertex 21.896629309654237 -61.36861199885607 6.5
      vertex 21.896629309654237 -61.36861199885607 9.8
      vertex 21.88654969483614 -61.43656322360039 9.8
    endloop
  endfacet
  facet normal 0.9987954538440772 -0.04906772238858986 0
    outer loop
      vertex 21.90000000447035 -61.29999999701977 6.5
      vertex 21.90000000447035 -61.29999999701977 9.8
      vertex 21.896629309654237 -61.36861199885607 9.8
    endloop
  endfacet
  facet normal 0 0 1
    outer loop
      vertex 21.200000001490118 -62 9.8
      vertex 21.268612003326417 -61.99662930518389 9.8
      vertex 21.336563228070737 -61.98654969036579 9.8
    endloop
  endfacet
  facet normal 0 0 1
    outer loop
      vertex 20.931387996673585 -61.99662930518389 9.8
      vertex 21.40319927632809 -61.96985822916031 9.8
      vertex 21.467878407239915 -61.94671566784382 9.8
    endloop
  endfacet
  facet normal 0 0 1
    outer loop
      vertex 20.863436771929265 -61.98654969036579 9.8
      vertex 21.467878407239915 -61.94671566784382 9.8
      vertex 21.529977715015413 -61.9173448830843 9.8
    endloop
  endfacet
  facet normal 0 0 1
    outer loop
      vertex 20.796800723671915 -61.96985822916031 9.8
      vertex 21.529977715015413 -61.9173448830843 9.8
      vertex 21.588899163901807 -61.882028728723526 9.8
    endloop
  endfacet
  facet normal 0 0 1
    outer loop
      vertex 20.732121592760087 -61.94671566784382 9.8
      vertex 21.588899163901807 -61.882028728723526 9.8
      vertex 21.644075302779676 -61.841107316315174 9.8
    endloop
  endfacet
  facet normal 0 0 1
    outer loop
      vertex 20.67002228498459 -61.9173448830843 9.8
      vertex 21.644075302779676 -61.841107316315174 9.8
      vertex 21.694974748790266 -61.794974744319916 9.8
    endloop
  endfacet
  facet normal 0 0 1
    outer loop
      vertex 20.611100836098196 -61.882028728723526 9.8
      vertex 21.694974748790266 -61.794974744319916 9.8
      vertex 21.741107320785524 -61.744075298309326 9.8
    endloop
  endfacet
  facet normal 0 0 1
    outer loop
      vertex 20.555924697220327 -61.841107316315174 9.8
      vertex 21.741107320785524 -61.744075298309326 9.8
      vertex 21.782028733193876 -61.68889915943146 9.8
    endloop
  endfacet
  facet normal 0 0 1
    outer loop
      vertex 20.505025251209737 -61.794974744319916 9.8
      vertex 21.782028733193876 -61.68889915943146 9.8
      vertex 21.817344887554647 -61.62997771054506 9.8
    endloop
  endfacet
  facet normal 0 0 1
    outer loop
      vertex 20.45889267921448 -61.744075298309326 9.8
      vertex 21.817344887554647 -61.62997771054506 9.8
      vertex 21.84671567231417 -61.567878402769566 9.8
    endloop
  endfacet
  facet normal 0 0 1
    outer loop
      vertex 20.417971266806127 -61.68889915943146 9.8
      vertex 21.84671567231417 -61.567878402769566 9.8
      vertex 21.86985823363066 -61.50319927185774 9.8
    endloop
  endfacet
  facet normal 0 0 1
    outer loop
      vertex 20.382655112445356 -61.62997771054506 9.8
      vertex 21.86985823363066 -61.50319927185774 9.8
      vertex 21.88654969483614 -61.43656322360039 9.8
    endloop
  endfacet
  facet normal 0 0 1
    outer loop
      vertex 20.353284327685834 -61.567878402769566 9.8
      vertex 21.88654969483614 -61.43656322360039 9.8
      vertex 21.896629309654237 -61.36861199885607 9.8
    endloop
  endfacet
  facet normal 0 0 1
    outer loop
      vertex 20.330141766369344 -61.50319927185774 9.8
      vertex 21.896629309654237 -61.36861199885607 9.8
      vertex 21.90000000447035 -61.29999999701977 9.8
    endloop
  endfacet
  facet normal 1 0 0
    outer loop
      vertex 21.90000000447035 -61.29999999701977 6.5
      vertex 21.90000000447035 -14.700000002980232 6.5
      vertex 21.90000000447035 -61.29999999701977 9.8
    endloop
  endfacet
  facet normal -1 0 0
    outer loop
      vertex 20.299999995529653 -61.29999999701977 6.5
      vertex 20.299999995529653 -61.29999999701977 9.8
      vertex 20.299999995529653 -14.700000002980232 9.8
    endloop
  endfacet
  facet normal 0 0 1
    outer loop
      vertex 20.31345030516386 -61.43656322360039 9.8
      vertex 21.90000000447035 -14.700000002980232 9.8
      vertex 20.303370690345766 -61.36861199885607 9.8
    endloop
  endfacet
  facet normal 0 0 1
    outer loop
      vertex 20.303370690345766 -61.36861199885607 9.8
      vertex 21.896629309654237 -14.631388001143932 9.8
      vertex 20.299999995529653 -61.29999999701977 9.8
    endloop
  endfacet
  facet normal 0 0 1
    outer loop
      vertex 20.31345030516386 -61.43656322360039 9.8
      vertex 21.90000000447035 -61.29999999701977 9.8
      vertex 21.90000000447035 -14.700000002980232 9.8
    endloop
  endfacet
  facet normal -1 0 0
    outer loop
      vertex 20.299999995529653 -61.29999999701977 6.5
      vertex 20.299999995529653 -14.700000002980232 9.8
      vertex 20.299999995529653 -14.700000002980232 6.5
    endloop
  endfacet
  facet normal 0 0 1
    outer loop
      vertex 20.299999995529653 -61.29999999701977 9.8
      vertex 21.88654969483614 -14.563436776399612 9.8
      vertex 20.299999995529653 -14.700000002980232 9.8
    endloop
  endfacet
  facet normal 1 0 0
    outer loop
      vertex 21.90000000447035 -61.29999999701977 9.8
      vertex 21.90000000447035 -14.700000002980232 6.5
      vertex 21.90000000447035 -14.700000002980232 9.8
    endloop
  endfacet
  facet normal 0 0 1
    outer loop
      vertex 20.303370690345766 -61.36861199885607 9.8
      vertex 21.90000000447035 -14.700000002980232 9.8
      vertex 21.896629309654237 -14.631388001143932 9.8
    endloop
  endfacet
  facet normal 0 0 1
    outer loop
      vertex 20.299999995529653 -61.29999999701977 9.8
      vertex 21.896629309654237 -14.631388001143932 9.8
      vertex 21.88654969483614 -14.563436776399612 9.8
    endloop
  endfacet
  facet normal -0.9987954538440772 0.04906772238858986 0
    outer loop
      vertex 20.299999995529653 -14.700000002980232 6.5
      vertex 20.303370690345766 -14.631388001143932 9.8
      vertex 20.303370690345766 -14.631388001143932 6.5
    endloop
  endfacet
  facet normal -0.9891765040673514 0.1467305142125974 0
    outer loop
      vertex 20.303370690345766 -14.631388001143932 6.5
      vertex 20.31345030516386 -14.563436776399612 9.8
      vertex 20.31345030516386 -14.563436776399612 6.5
    endloop
  endfacet
  facet normal -0.9700312530630042 0.2429801804284 0
    outer loop
      vertex 20.31345030516386 -14.563436776399612 6.5
      vertex 20.330141766369344 -14.496800728142262 9.8
      vertex 20.330141766369344 -14.496800728142262 6.5
    endloop
  endfacet
  facet normal -0.9415440733717186 0.3368898305063418 0
    outer loop
      vertex 20.330141766369344 -14.496800728142262 6.5
      vertex 20.353284327685834 -14.432121597230434 9.8
      vertex 20.353284327685834 -14.432121597230434 6.5
    endloop
  endfacet
  facet normal -0.9039892955176116 0.4275550883682383 0
    outer loop
      vertex 20.353284327685834 -14.432121597230434 6.5
      vertex 20.382655112445356 -14.370022289454937 9.8
      vertex 20.382655112445356 -14.370022289454937 6.5
    endloop
  endfacet
  facet normal -0.8577286292631375 0.5141027120550707 0
    outer loop
      vertex 20.382655112445356 -14.370022289454937 6.5
      vertex 20.417971266806127 -14.311100840568542 9.8
      vertex 20.417971266806127 -14.311100840568542 6.5
    endloop
  endfacet
  facet normal -0.8032075393624317 0.5956992938650739 0
    outer loop
      vertex 20.417971266806127 -14.311100840568542 6.5
      vertex 20.45889267921448 -14.255924701690674 9.8
      vertex 20.45889267921448 -14.255924701690674 6.5
    endloop
  endfacet
  facet normal -0.740951102183507 0.6715589804127751 0
    outer loop
      vertex 20.45889267921448 -14.255924701690674 6.5
      vertex 20.505025251209737 -14.205025255680084 9.8
      vertex 20.505025251209737 -14.205025255680084 6.5
    endloop
  endfacet
  facet normal -0.6715589804127751 0.740951102183507 0
    outer loop
      vertex 20.505025251209737 -14.205025255680084 6.5
      vertex 20.555924697220327 -14.158892683684826 9.8
      vertex 20.555924697220327 -14.158892683684826 6.5
    endloop
  endfacet
  facet normal -0.5956992938650739 0.8032075393624317 0
    outer loop
      vertex 20.555924697220327 -14.158892683684826 6.5
      vertex 20.611100836098196 -14.117971271276474 9.8
      vertex 20.611100836098196 -14.117971271276474 6.5
    endloop
  endfacet
  facet normal -0.5141027120550707 0.8577286292631375 0
    outer loop
      vertex 20.611100836098196 -14.117971271276474 6.5
      vertex 20.67002228498459 -14.082655116915703 9.8
      vertex 20.67002228498459 -14.082655116915703 6.5
    endloop
  endfacet
  facet normal -0.4275550883682383 0.9039892955176116 0
    outer loop
      vertex 20.67002228498459 -14.082655116915703 6.5
      vertex 20.732121592760087 -14.053284332156181 9.8
      vertex 20.732121592760087 -14.053284332156181 6.5
    endloop
  endfacet
  facet normal -0.3368898305063418 0.9415440733717186 0
    outer loop
      vertex 20.732121592760087 -14.053284332156181 6.5
      vertex 20.796800723671915 -14.030141770839691 9.8
      vertex 20.796800723671915 -14.030141770839691 6.5
    endloop
  endfacet
  facet normal -0.2429801804284 0.9700312530630042 0
    outer loop
      vertex 20.796800723671915 -14.030141770839691 6.5
      vertex 20.863436771929265 -14.013450309634209 9.8
      vertex 20.863436771929265 -14.013450309634209 6.5
    endloop
  endfacet
  facet normal -0.1467305142125974 0.9891765040673514 0
    outer loop
      vertex 20.863436771929265 -14.013450309634209 6.5
      vertex 20.931387996673585 -14.003370694816113 9.8
      vertex 20.931387996673585 -14.003370694816113 6.5
    endloop
  endfacet
  facet normal -0.04906772238858986 0.9987954538440772 0
    outer loop
      vertex 20.931387996673585 -14.003370694816113 6.5
      vertex 20.999999998509885 -14 9.8
      vertex 20.999999998509885 -14 6.5
    endloop
  endfacet
  facet normal 0 1 0
    outer loop
      vertex 20.999999998509885 -14 6.5
      vertex 21.200000001490118 -14 9.8
      vertex 21.200000001490118 -14 6.5
    endloop
  endfacet
  facet normal 0.04906772238858986 0.9987954538440772 0
    outer loop
      vertex 21.200000001490118 -14 6.5
      vertex 21.268612003326417 -14.003370694816113 9.8
      vertex 21.268612003326417 -14.003370694816113 6.5
    endloop
  endfacet
  facet normal 0.5141027120550707 0.8577286292631375 0
    outer loop
      vertex 21.588899163901807 -14.117971271276474 6.5
      vertex 21.529977715015413 -14.082655116915703 6.5
      vertex 21.588899163901807 -14.117971271276474 9.8
    endloop
  endfacet
  facet normal 0.5956992938650739 0.8032075393624317 0
    outer loop
      vertex 21.644075302779676 -14.158892683684826 6.5
      vertex 21.588899163901807 -14.117971271276474 6.5
      vertex 21.644075302779676 -14.158892683684826 9.8
    endloop
  endfacet
  facet normal 0.6715589804127751 0.740951102183507 0
    outer loop
      vertex 21.644075302779676 -14.158892683684826 6.5
      vertex 21.694974748790266 -14.205025255680084 9.8
      vertex 21.694974748790266 -14.205025255680084 6.5
    endloop
  endfacet
  facet normal 0.740951102183507 0.6715589804127751 0
    outer loop
      vertex 21.694974748790266 -14.205025255680084 6.5
      vertex 21.741107320785524 -14.255924701690674 9.8
      vertex 21.741107320785524 -14.255924701690674 6.5
    endloop
  endfacet
  facet normal 0.8032075393624317 0.5956992938650739 0
    outer loop
      vertex 21.741107320785524 -14.255924701690674 6.5
      vertex 21.782028733193876 -14.311100840568542 9.8
      vertex 21.782028733193876 -14.311100840568542 6.5
    endloop
  endfacet
  facet normal 0.1467305142125974 0.9891765040673514 0
    outer loop
      vertex 21.268612003326417 -14.003370694816113 6.5
      vertex 21.336563228070737 -14.013450309634209 9.8
      vertex 21.336563228070737 -14.013450309634209 6.5
    endloop
  endfacet
  facet normal 0.2429801804284 0.9700312530630042 0
    outer loop
      vertex 21.336563228070737 -14.013450309634209 6.5
      vertex 21.40319927632809 -14.030141770839691 9.8
      vertex 21.40319927632809 -14.030141770839691 6.5
    endloop
  endfacet
  facet normal 0.3368898305063418 0.9415440733717186 0
    outer loop
      vertex 21.40319927632809 -14.030141770839691 6.5
      vertex 21.467878407239915 -14.053284332156181 9.8
      vertex 21.467878407239915 -14.053284332156181 6.5
    endloop
  endfacet
  facet normal 0.4275550883682383 0.9039892955176116 0
    outer loop
      vertex 21.467878407239915 -14.053284332156181 6.5
      vertex 21.529977715015413 -14.082655116915703 9.8
      vertex 21.529977715015413 -14.082655116915703 6.5
    endloop
  endfacet
  facet normal 0.9987954538440772 0.04906772238858986 0
    outer loop
      vertex 21.90000000447035 -14.700000002980232 6.5
      vertex 21.896629309654237 -14.631388001143932 6.5
      vertex 21.90000000447035 -14.700000002980232 9.8
    endloop
  endfacet
  facet normal 0.9891765040673514 0.1467305142125974 0
    outer loop
      vertex 21.896629309654237 -14.631388001143932 6.5
      vertex 21.88654969483614 -14.563436776399612 6.5
      vertex 21.896629309654237 -14.631388001143932 9.8
    endloop
  endfacet
  facet normal 0.9700312530630042 0.2429801804284 0
    outer loop
      vertex 21.88654969483614 -14.563436776399612 6.5
      vertex 21.86985823363066 -14.496800728142262 6.5
      vertex 21.88654969483614 -14.563436776399612 9.8
    endloop
  endfacet
  facet normal 0.9039892955176116 0.4275550883682383 0
    outer loop
      vertex 21.84671567231417 -14.432121597230434 6.5
      vertex 21.817344887554647 -14.370022289454937 6.5
      vertex 21.84671567231417 -14.432121597230434 9.8
    endloop
  endfacet
  facet normal 0.8577286292631375 0.5141027120550707 0
    outer loop
      vertex 21.817344887554647 -14.370022289454937 6.5
      vertex 21.782028733193876 -14.311100840568542 6.5
      vertex 21.817344887554647 -14.370022289454937 9.8
    endloop
  endfacet
  facet normal 0.9415440733717186 0.3368898305063418 0
    outer loop
      vertex 21.84671567231417 -14.432121597230434 6.5
      vertex 21.86985823363066 -14.496800728142262 9.8
      vertex 21.86985823363066 -14.496800728142262 6.5
    endloop
  endfacet
  facet normal -0.9987954538440772 0.04906772238858986 0
    outer loop
      vertex 20.299999995529653 -14.700000002980232 6.5
      vertex 20.299999995529653 -14.700000002980232 9.8
      vertex 20.303370690345766 -14.631388001143932 9.8
    endloop
  endfacet
  facet normal -0.9891765040673514 0.1467305142125974 0
    outer loop
      vertex 20.303370690345766 -14.631388001143932 6.5
      vertex 20.303370690345766 -14.631388001143932 9.8
      vertex 20.31345030516386 -14.563436776399612 9.8
    endloop
  endfacet
  facet normal -0.9700312530630042 0.2429801804284 0
    outer loop
      vertex 20.31345030516386 -14.563436776399612 6.5
      vertex 20.31345030516386 -14.563436776399612 9.8
      vertex 20.330141766369344 -14.496800728142262 9.8
    endloop
  endfacet
  facet normal -0.9415440733717186 0.3368898305063418 0
    outer loop
      vertex 20.330141766369344 -14.496800728142262 6.5
      vertex 20.330141766369344 -14.496800728142262 9.8
      vertex 20.353284327685834 -14.432121597230434 9.8
    endloop
  endfacet
  facet normal -0.9039892955176116 0.4275550883682383 0
    outer loop
      vertex 20.353284327685834 -14.432121597230434 6.5
      vertex 20.353284327685834 -14.432121597230434 9.8
      vertex 20.382655112445356 -14.370022289454937 9.8
    endloop
  endfacet
  facet normal -0.8577286292631375 0.5141027120550707 0
    outer loop
      vertex 20.382655112445356 -14.370022289454937 6.5
      vertex 20.382655112445356 -14.370022289454937 9.8
      vertex 20.417971266806127 -14.311100840568542 9.8
    endloop
  endfacet
  facet normal -0.8032075393624317 0.5956992938650739 0
    outer loop
      vertex 20.417971266806127 -14.311100840568542 6.5
      vertex 20.417971266806127 -14.311100840568542 9.8
      vertex 20.45889267921448 -14.255924701690674 9.8
    endloop
  endfacet
  facet normal -0.740951102183507 0.6715589804127751 0
    outer loop
      vertex 20.45889267921448 -14.255924701690674 6.5
      vertex 20.45889267921448 -14.255924701690674 9.8
      vertex 20.505025251209737 -14.205025255680084 9.8
    endloop
  endfacet
  facet normal -0.6715589804127751 0.740951102183507 0
    outer loop
      vertex 20.505025251209737 -14.205025255680084 6.5
      vertex 20.505025251209737 -14.205025255680084 9.8
      vertex 20.555924697220327 -14.158892683684826 9.8
    endloop
  endfacet
  facet normal -0.5956992938650739 0.8032075393624317 0
    outer loop
      vertex 20.555924697220327 -14.158892683684826 6.5
      vertex 20.555924697220327 -14.158892683684826 9.8
      vertex 20.611100836098196 -14.117971271276474 9.8
    endloop
  endfacet
  facet normal -0.5141027120550707 0.8577286292631375 0
    outer loop
      vertex 20.611100836098196 -14.117971271276474 6.5
      vertex 20.611100836098196 -14.117971271276474 9.8
      vertex 20.67002228498459 -14.082655116915703 9.8
    endloop
  endfacet
  facet normal -0.4275550883682383 0.9039892955176116 0
    outer loop
      vertex 20.67002228498459 -14.082655116915703 6.5
      vertex 20.67002228498459 -14.082655116915703 9.8
      vertex 20.732121592760087 -14.053284332156181 9.8
    endloop
  endfacet
  facet normal -0.3368898305063418 0.9415440733717186 0
    outer loop
      vertex 20.732121592760087 -14.053284332156181 6.5
      vertex 20.732121592760087 -14.053284332156181 9.8
      vertex 20.796800723671915 -14.030141770839691 9.8
    endloop
  endfacet
  facet normal -0.2429801804284 0.9700312530630042 0
    outer loop
      vertex 20.796800723671915 -14.030141770839691 6.5
      vertex 20.796800723671915 -14.030141770839691 9.8
      vertex 20.863436771929265 -14.013450309634209 9.8
    endloop
  endfacet
  facet normal -0.1467305142125974 0.9891765040673514 0
    outer loop
      vertex 20.863436771929265 -14.013450309634209 6.5
      vertex 20.863436771929265 -14.013450309634209 9.8
      vertex 20.931387996673585 -14.003370694816113 9.8
    endloop
  endfacet
  facet normal -0.04906772238858986 0.9987954538440772 0
    outer loop
      vertex 20.931387996673585 -14.003370694816113 6.5
      vertex 20.931387996673585 -14.003370694816113 9.8
      vertex 20.999999998509885 -14 9.8
    endloop
  endfacet
  facet normal 0 1 0
    outer loop
      vertex 20.999999998509885 -14 6.5
      vertex 20.999999998509885 -14 9.8
      vertex 21.200000001490118 -14 9.8
    endloop
  endfacet
  facet normal 0.04906772238858986 0.9987954538440772 0
    outer loop
      vertex 21.200000001490118 -14 6.5
      vertex 21.200000001490118 -14 9.8
      vertex 21.268612003326417 -14.003370694816113 9.8
    endloop
  endfacet
  facet normal 0 0 1
    outer loop
      vertex 20.299999995529653 -14.700000002980232 9.8
      vertex 21.86985823363066 -14.496800728142262 9.8
      vertex 20.303370690345766 -14.631388001143932 9.8
    endloop
  endfacet
  facet normal 0 0 1
    outer loop
      vertex 20.303370690345766 -14.631388001143932 9.8
      vertex 21.84671567231417 -14.432121597230434 9.8
      vertex 20.31345030516386 -14.563436776399612 9.8
    endloop
  endfacet
  facet normal 0 0 1
    outer loop
      vertex 20.31345030516386 -14.563436776399612 9.8
      vertex 21.817344887554647 -14.370022289454937 9.8
      vertex 20.330141766369344 -14.496800728142262 9.8
    endloop
  endfacet
  facet normal 0 0 1
    outer loop
      vertex 20.330141766369344 -14.496800728142262 9.8
      vertex 21.782028733193876 -14.311100840568542 9.8
      vertex 20.353284327685834 -14.432121597230434 9.8
    endloop
  endfacet
  facet normal 0 0 1
    outer loop
      vertex 20.353284327685834 -14.432121597230434 9.8
      vertex 21.741107320785524 -14.255924701690674 9.8
      vertex 20.382655112445356 -14.370022289454937 9.8
    endloop
  endfacet
  facet normal 0 0 1
    outer loop
      vertex 20.382655112445356 -14.370022289454937 9.8
      vertex 21.694974748790266 -14.205025255680084 9.8
      vertex 20.417971266806127 -14.311100840568542 9.8
    endloop
  endfacet
  facet normal 0 0 1
    outer loop
      vertex 20.417971266806127 -14.311100840568542 9.8
      vertex 21.644075302779676 -14.158892683684826 9.8
      vertex 20.45889267921448 -14.255924701690674 9.8
    endloop
  endfacet
  facet normal 0 0 1
    outer loop
      vertex 20.45889267921448 -14.255924701690674 9.8
      vertex 21.588899163901807 -14.117971271276474 9.8
      vertex 20.505025251209737 -14.205025255680084 9.8
    endloop
  endfacet
  facet normal 0 0 1
    outer loop
      vertex 20.505025251209737 -14.205025255680084 9.8
      vertex 21.529977715015413 -14.082655116915703 9.8
      vertex 20.555924697220327 -14.158892683684826 9.8
    endloop
  endfacet
  facet normal 0 0 1
    outer loop
      vertex 20.555924697220327 -14.158892683684826 9.8
      vertex 21.467878407239915 -14.053284332156181 9.8
      vertex 20.611100836098196 -14.117971271276474 9.8
    endloop
  endfacet
  facet normal 0 0 1
    outer loop
      vertex 20.505025251209737 -14.205025255680084 9.8
      vertex 21.588899163901807 -14.117971271276474 9.8
      vertex 21.529977715015413 -14.082655116915703 9.8
    endloop
  endfacet
  facet normal 0 0 1
    outer loop
      vertex 20.555924697220327 -14.158892683684826 9.8
      vertex 21.529977715015413 -14.082655116915703 9.8
      vertex 21.467878407239915 -14.053284332156181 9.8
    endloop
  endfacet
  facet normal 0 0 1
    outer loop
      vertex 20.45889267921448 -14.255924701690674 9.8
      vertex 21.644075302779676 -14.158892683684826 9.8
      vertex 21.588899163901807 -14.117971271276474 9.8
    endloop
  endfacet
  facet normal 0 0 1
    outer loop
      vertex 20.611100836098196 -14.117971271276474 9.8
      vertex 21.40319927632809 -14.030141770839691 9.8
      vertex 20.67002228498459 -14.082655116915703 9.8
    endloop
  endfacet
  facet normal 0 0 1
    outer loop
      vertex 20.67002228498459 -14.082655116915703 9.8
      vertex 21.336563228070737 -14.013450309634209 9.8
      vertex 20.732121592760087 -14.053284332156181 9.8
    endloop
  endfacet
  facet normal 0 0 1
    outer loop
      vertex 20.732121592760087 -14.053284332156181 9.8
      vertex 21.268612003326417 -14.003370694816113 9.8
      vertex 20.796800723671915 -14.030141770839691 9.8
    endloop
  endfacet
  facet normal 0 0 1
    outer loop
      vertex 20.863436771929265 -14.013450309634209 9.8
      vertex 20.999999998509885 -14 9.8
      vertex 20.931387996673585 -14.003370694816113 9.8
    endloop
  endfacet
  facet normal 0 0 1
    outer loop
      vertex 20.796800723671915 -14.030141770839691 9.8
      vertex 21.200000001490118 -14 9.8
      vertex 20.863436771929265 -14.013450309634209 9.8
    endloop
  endfacet
  facet normal 0 0 1
    outer loop
      vertex 20.863436771929265 -14.013450309634209 9.8
      vertex 21.200000001490118 -14 9.8
      vertex 20.999999998509885 -14 9.8
    endloop
  endfacet
  facet normal 0 0 1
    outer loop
      vertex 20.796800723671915 -14.030141770839691 9.8
      vertex 21.268612003326417 -14.003370694816113 9.8
      vertex 21.200000001490118 -14 9.8
    endloop
  endfacet
  facet normal 0 0 1
    outer loop
      vertex 20.732121592760087 -14.053284332156181 9.8
      vertex 21.336563228070737 -14.013450309634209 9.8
      vertex 21.268612003326417 -14.003370694816113 9.8
    endloop
  endfacet
  facet normal 0 0 1
    outer loop
      vertex 20.611100836098196 -14.117971271276474 9.8
      vertex 21.467878407239915 -14.053284332156181 9.8
      vertex 21.40319927632809 -14.030141770839691 9.8
    endloop
  endfacet
  facet normal 0 0 1
    outer loop
      vertex 20.67002228498459 -14.082655116915703 9.8
      vertex 21.40319927632809 -14.030141770839691 9.8
      vertex 21.336563228070737 -14.013450309634209 9.8
    endloop
  endfacet
  facet normal 0.5141027120550707 0.8577286292631375 0
    outer loop
      vertex 21.529977715015413 -14.082655116915703 6.5
      vertex 21.529977715015413 -14.082655116915703 9.8
      vertex 21.588899163901807 -14.117971271276474 9.8
    endloop
  endfacet
  facet normal 0.5956992938650739 0.8032075393624317 0
    outer loop
      vertex 21.588899163901807 -14.117971271276474 6.5
      vertex 21.588899163901807 -14.117971271276474 9.8
      vertex 21.644075302779676 -14.158892683684826 9.8
    endloop
  endfacet
  facet normal 0.740951102183507 0.6715589804127751 0
    outer loop
      vertex 21.694974748790266 -14.205025255680084 6.5
      vertex 21.694974748790266 -14.205025255680084 9.8
      vertex 21.741107320785524 -14.255924701690674 9.8
    endloop
  endfacet
  facet normal 0.6715589804127751 0.740951102183507 0
    outer loop
      vertex 21.644075302779676 -14.158892683684826 6.5
      vertex 21.644075302779676 -14.158892683684826 9.8
      vertex 21.694974748790266 -14.205025255680084 9.8
    endloop
  endfacet
  facet normal 0.8032075393624317 0.5956992938650739 0
    outer loop
      vertex 21.741107320785524 -14.255924701690674 6.5
      vertex 21.741107320785524 -14.255924701690674 9.8
      vertex 21.782028733193876 -14.311100840568542 9.8
    endloop
  endfacet
  facet normal 0.1467305142125974 0.9891765040673514 0
    outer loop
      vertex 21.268612003326417 -14.003370694816113 6.5
      vertex 21.268612003326417 -14.003370694816113 9.8
      vertex 21.336563228070737 -14.013450309634209 9.8
    endloop
  endfacet
  facet normal 0.2429801804284 0.9700312530630042 0
    outer loop
      vertex 21.336563228070737 -14.013450309634209 6.5
      vertex 21.336563228070737 -14.013450309634209 9.8
      vertex 21.40319927632809 -14.030141770839691 9.8
    endloop
  endfacet
  facet normal 0.3368898305063418 0.9415440733717186 0
    outer loop
      vertex 21.40319927632809 -14.030141770839691 6.5
      vertex 21.40319927632809 -14.030141770839691 9.8
      vertex 21.467878407239915 -14.053284332156181 9.8
    endloop
  endfacet
  facet normal 0.4275550883682383 0.9039892955176116 0
    outer loop
      vertex 21.467878407239915 -14.053284332156181 6.5
      vertex 21.467878407239915 -14.053284332156181 9.8
      vertex 21.529977715015413 -14.082655116915703 9.8
    endloop
  endfacet
  facet normal 0.9987954538440772 0.04906772238858986 0
    outer loop
      vertex 21.896629309654237 -14.631388001143932 6.5
      vertex 21.896629309654237 -14.631388001143932 9.8
      vertex 21.90000000447035 -14.700000002980232 9.8
    endloop
  endfacet
  facet normal 0.9891765040673514 0.1467305142125974 0
    outer loop
      vertex 21.88654969483614 -14.563436776399612 6.5
      vertex 21.88654969483614 -14.563436776399612 9.8
      vertex 21.896629309654237 -14.631388001143932 9.8
    endloop
  endfacet
  facet normal 0.9700312530630042 0.2429801804284 0
    outer loop
      vertex 21.86985823363066 -14.496800728142262 6.5
      vertex 21.86985823363066 -14.496800728142262 9.8
      vertex 21.88654969483614 -14.563436776399612 9.8
    endloop
  endfacet
  facet normal 0.9039892955176116 0.4275550883682383 0
    outer loop
      vertex 21.817344887554647 -14.370022289454937 6.5
      vertex 21.817344887554647 -14.370022289454937 9.8
      vertex 21.84671567231417 -14.432121597230434 9.8
    endloop
  endfacet
  facet normal 0.8577286292631375 0.5141027120550707 0
    outer loop
      vertex 21.782028733193876 -14.311100840568542 6.5
      vertex 21.782028733193876 -14.311100840568542 9.8
      vertex 21.817344887554647 -14.370022289454937 9.8
    endloop
  endfacet
  facet normal 0.9415440733717186 0.3368898305063418 0
    outer loop
      vertex 21.84671567231417 -14.432121597230434 6.5
      vertex 21.84671567231417 -14.432121597230434 9.8
      vertex 21.86985823363066 -14.496800728142262 9.8
    endloop
  endfacet
  facet normal 0 0 1
    outer loop
      vertex 20.299999995529653 -14.700000002980232 9.8
      vertex 21.88654969483614 -14.563436776399612 9.8
      vertex 21.86985823363066 -14.496800728142262 9.8
    endloop
  endfacet
  facet normal 0 0 1
    outer loop
      vertex 20.303370690345766 -14.631388001143932 9.8
      vertex 21.86985823363066 -14.496800728142262 9.8
      vertex 21.84671567231417 -14.432121597230434 9.8
    endloop
  endfacet
  facet normal 0 0 1
    outer loop
      vertex 20.330141766369344 -14.496800728142262 9.8
      vertex 21.817344887554647 -14.370022289454937 9.8
      vertex 21.782028733193876 -14.311100840568542 9.8
    endloop
  endfacet
  facet normal 0 0 1
    outer loop
      vertex 20.353284327685834 -14.432121597230434 9.8
      vertex 21.782028733193876 -14.311100840568542 9.8
      vertex 21.741107320785524 -14.255924701690674 9.8
    endloop
  endfacet
  facet normal 0 0 1
    outer loop
      vertex 20.31345030516386 -14.563436776399612 9.8
      vertex 21.84671567231417 -14.432121597230434 9.8
      vertex 21.817344887554647 -14.370022289454937 9.8
    endloop
  endfacet
  facet normal 0 0 1
    outer loop
      vertex 20.382655112445356 -14.370022289454937 9.8
      vertex 21.741107320785524 -14.255924701690674 9.8
      vertex 21.694974748790266 -14.205025255680084 9.8
    endloop
  endfacet
  facet normal 0 0 1
    outer loop
      vertex 20.417971266806127 -14.311100840568542 9.8
      vertex 21.694974748790266 -14.205025255680084 9.8
      vertex 21.644075302779676 -14.158892683684826 9.8
    endloop
  endfacet
  facet normal -0.8032075305488335 -0.5956993057488355 0
    outer loop
      vertex -30.368167251348495 -68.15029254555702 0
      vertex -31.303513795137405 -66.88912373036146 6.5
      vertex -31.303513795137405 -66.88912373036146 0
    endloop
  endfacet
  facet normal -0.7409511264917887 -0.6715589535927202 0
    outer loop
      vertex -30.368167251348495 -68.15029254555702 0
      vertex -29.313708499073982 -69.31370849907398 0
      vertex -30.368167251348495 -68.15029254555702 6.5
    endloop
  endfacet
  facet normal -0.9039892929858697 -0.4275550937211572 0
    outer loop
      vertex -32.78207252174616 -64.12293491512537 0
      vertex -32.11074022948742 -65.54234778881073 0
      vertex -32.78207252174616 -64.12293491512537 6.5
    endloop
  endfacet
  facet normal -0.941544065269981 -0.33688985314918246 0
    outer loop
      vertex -32.78207252174616 -64.12293491512537 0
      vertex -33.311045370996 -62.64455483853817 6.5
      vertex -33.311045370996 -62.64455483853817 0
    endloop
  endfacet
  facet normal -0.9700312531439801 -0.24298018010512687 0
    outer loop
      vertex -33.311045370996 -62.64455483853817 0
      vertex -33.692564487457275 -61.12144514918327 6.5
      vertex -33.692564487457275 -61.12144514918327 0
    endloop
  endfacet
  facet normal -0.8577286099590591 -0.5141027442619813 0
    outer loop
      vertex -32.11074022948742 -65.54234778881073 0
      vertex -31.303513795137405 -66.88912373036146 0
      vertex -32.11074022948742 -65.54234778881073 6.5
    endloop
  endfacet
  facet normal -0.5956993057488355 -0.8032075305488335 0
    outer loop
      vertex -28.150292545557022 -70.3681672513485 0
      vertex -26.88912373036146 -71.3035137951374 0
      vertex -28.150292545557022 -70.3681672513485 6.5
    endloop
  endfacet
  facet normal -0.6715589535927202 -0.7409511264917887 0
    outer loop
      vertex -29.313708499073982 -69.31370849907398 0
      vertex -28.150292545557022 -70.3681672513485 0
      vertex -29.313708499073982 -69.31370849907398 6.5
    endloop
  endfacet
  facet normal -0.5141027442619813 -0.8577286099590591 0
    outer loop
      vertex -26.88912373036146 -71.3035137951374 0
      vertex -25.54234778881073 -72.11074022948742 0
      vertex -26.88912373036146 -71.3035137951374 6.5
    endloop
  endfacet
  facet normal -0.9891765102083967 -0.1467304728130379 0
    outer loop
      vertex -33.692564487457275 -61.12144514918327 0
      vertex -33.9229556247592 -59.5682742446661 6.5
      vertex -33.9229556247592 -59.5682742446661 0
    endloop
  endfacet
  facet normal -0.9987954561419434 -0.04906767561447288 0
    outer loop
      vertex -33.9229556247592 -59.5682742446661 0
      vertex -34 -58 6.5
      vertex -34 -58 0
    endloop
  endfacet
  facet normal -0.4275550937211572 -0.9039892929858697 0
    outer loop
      vertex -25.54234778881073 -72.11074022948742 0
      vertex -24.12293491512537 -72.78207252174616 0
      vertex -25.54234778881073 -72.11074022948742 6.5
    endloop
  endfacet
  facet normal -0.33688985314918246 -0.941544065269981 0
    outer loop
      vertex -24.12293491512537 -72.78207252174616 0
      vertex -22.64455483853817 -73.311045370996 0
      vertex -24.12293491512537 -72.78207252174616 6.5
    endloop
  endfacet
  facet normal -0.24298018010512687 -0.9700312531439801 0
    outer loop
      vertex -22.64455483853817 -73.311045370996 0
      vertex -21.121445149183273 -73.69256448745728 0
      vertex -22.64455483853817 -73.311045370996 6.5
    endloop
  endfacet
  facet normal -0.1467304728130379 -0.9891765102083967 0
    outer loop
      vertex -21.121445149183273 -73.69256448745728 0
      vertex -19.5682742446661 -73.9229556247592 0
      vertex -21.121445149183273 -73.69256448745728 6.5
    endloop
  endfacet
  facet normal -0.04906767561447288 -0.9987954561419434 0
    outer loop
      vertex -19.5682742446661 -73.9229556247592 0
      vertex -18 -74 0
      vertex -19.5682742446661 -73.9229556247592 6.5
    endloop
  endfacet
  facet normal -0.8032075305488335 -0.5956993057488355 0
    outer loop
      vertex -30.368167251348495 -68.15029254555702 0
      vertex -30.368167251348495 -68.15029254555702 6.5
      vertex -31.303513795137405 -66.88912373036146 6.5
    endloop
  endfacet
  facet normal -0.9039892929858697 -0.4275550937211572 0
    outer loop
      vertex -32.11074022948742 -65.54234778881073 0
      vertex -32.11074022948742 -65.54234778881073 6.5
      vertex -32.78207252174616 -64.12293491512537 6.5
    endloop
  endfacet
  facet normal -0.941544065269981 -0.33688985314918246 0
    outer loop
      vertex -32.78207252174616 -64.12293491512537 0
      vertex -32.78207252174616 -64.12293491512537 6.5
      vertex -33.311045370996 -62.64455483853817 6.5
    endloop
  endfacet
  facet normal -0.9891765102083967 -0.1467304728130379 0
    outer loop
      vertex -33.692564487457275 -61.12144514918327 0
      vertex -33.692564487457275 -61.12144514918327 6.5
      vertex -33.9229556247592 -59.5682742446661 6.5
    endloop
  endfacet
  facet normal -0.9700312531439801 -0.24298018010512687 0
    outer loop
      vertex -33.311045370996 -62.64455483853817 0
      vertex -33.311045370996 -62.64455483853817 6.5
      vertex -33.692564487457275 -61.12144514918327 6.5
    endloop
  endfacet
  facet normal -0.8577286099590591 -0.5141027442619813 0
    outer loop
      vertex -31.303513795137405 -66.88912373036146 0
      vertex -31.303513795137405 -66.88912373036146 6.5
      vertex -32.11074022948742 -65.54234778881073 6.5
    endloop
  endfacet
  facet normal -0.7409511264917887 -0.6715589535927202 0
    outer loop
      vertex -29.313708499073982 -69.31370849907398 0
      vertex -29.313708499073982 -69.31370849907398 6.5
      vertex -30.368167251348495 -68.15029254555702 6.5
    endloop
  endfacet
  facet normal -0.6715589535927202 -0.7409511264917887 0
    outer loop
      vertex -28.150292545557022 -70.3681672513485 0
      vertex -28.150292545557022 -70.3681672513485 6.5
      vertex -29.313708499073982 -69.31370849907398 6.5
    endloop
  endfacet
  facet normal -0.5956993057488355 -0.8032075305488335 0
    outer loop
      vertex -26.88912373036146 -71.3035137951374 0
      vertex -26.88912373036146 -71.3035137951374 6.5
      vertex -28.150292545557022 -70.3681672513485 6.5
    endloop
  endfacet
  facet normal -0.5141027442619813 -0.8577286099590591 0
    outer loop
      vertex -25.54234778881073 -72.11074022948742 0
      vertex -25.54234778881073 -72.11074022948742 6.5
      vertex -26.88912373036146 -71.3035137951374 6.5
    endloop
  endfacet
  facet normal -0.9987954561419434 -0.04906767561447288 0
    outer loop
      vertex -33.9229556247592 -59.5682742446661 0
      vertex -33.9229556247592 -59.5682742446661 6.5
      vertex -34 -58 6.5
    endloop
  endfacet
  facet normal -0.4275550937211572 -0.9039892929858697 0
    outer loop
      vertex -24.12293491512537 -72.78207252174616 0
      vertex -24.12293491512537 -72.78207252174616 6.5
      vertex -25.54234778881073 -72.11074022948742 6.5
    endloop
  endfacet
  facet normal -0.33688985314918246 -0.941544065269981 0
    outer loop
      vertex -22.64455483853817 -73.311045370996 0
      vertex -22.64455483853817 -73.311045370996 6.5
      vertex -24.12293491512537 -72.78207252174616 6.5
    endloop
  endfacet
  facet normal -0.24298018010512687 -0.9700312531439801 0
    outer loop
      vertex -21.121445149183273 -73.69256448745728 0
      vertex -21.121445149183273 -73.69256448745728 6.5
      vertex -22.64455483853817 -73.311045370996 6.5
    endloop
  endfacet
  facet normal -0.1467304728130379 -0.9891765102083967 0
    outer loop
      vertex -19.5682742446661 -73.9229556247592 0
      vertex -19.5682742446661 -73.9229556247592 6.5
      vertex -21.121445149183273 -73.69256448745728 6.5
    endloop
  endfacet
  facet normal -0.04906767561447288 -0.9987954561419434 0
    outer loop
      vertex -18 -74 0
      vertex -18 -74 6.5
      vertex -19.5682742446661 -73.9229556247592 6.5
    endloop
  endfacet
  facet normal 0 0 -1
    outer loop
      vertex -34 -58 0
      vertex -16.5702597574311 -16.109357669844123 0
      vertex -16.35113004744527 -16.35113004744527 0
    endloop
  endfacet
  facet normal 0 0 -1
    outer loop
      vertex -34 -58 0
      vertex -16.35113004744527 -16.35113004744527 0
      vertex -16.109357669844123 -16.5702597574311 0
    endloop
  endfacet
  facet normal 0 0 -1
    outer loop
      vertex -34 -58 0
      vertex -15.847271024790178 -16.76463646090596 0
      vertex -15.567394149946443 -16.93238820395828 0
    endloop
  endfacet
  facet normal 0 0 -1
    outer loop
      vertex -34 -58 0
      vertex -16.109357669844123 -16.5702597574311 0
      vertex -15.847271024790178 -16.76463646090596 0
    endloop
  endfacet
  facet normal 0 0 -1
    outer loop
      vertex -34 -58 0
      vertex -15.567394149946443 -16.93238820395828 0
      vertex -15.272422412613924 -17.071899445600028 0
    endloop
  endfacet
  facet normal 0 0 -1
    outer loop
      vertex -34 -58 0
      vertex -15.272422412613924 -17.071899445600028 0
      vertex -14.965196551871088 -17.181826616309593 0
    endloop
  endfacet
  facet normal 0 0 -1
    outer loop
      vertex -34 -58 0
      vertex -17.308989216185054 -14.325906991595788 0
      vertex -17.26111105734074 -14.648675320703626 0
    endloop
  endfacet
  facet normal 0 0 -1
    outer loop
      vertex -34 -58 0
      vertex -17.325 -14 0
      vertex -17.308989216185054 -14.325906991595788 0
    endloop
  endfacet
  facet normal 0 0 -1
    outer loop
      vertex -34 -58 0
      vertex -17.181826616309593 -14.965196551871088 0
      vertex -17.071899445600028 -15.272422412613924 0
    endloop
  endfacet
  facet normal 0 0 -1
    outer loop
      vertex -34 -58 0
      vertex -17.071899445600028 -15.272422412613924 0
      vertex -16.93238820395828 -15.567394149946443 0
    endloop
  endfacet
  facet normal 0 0 -1
    outer loop
      vertex -34 -58 0
      vertex -16.93238820395828 -15.567394149946443 0
      vertex -16.76463646090596 -15.847271024790178 0
    endloop
  endfacet
  facet normal 0 0 -1
    outer loop
      vertex -34 -58 0
      vertex -16.76463646090596 -15.847271024790178 0
      vertex -16.5702597574311 -16.109357669844123 0
    endloop
  endfacet
  facet normal 0 0 -1
    outer loop
      vertex -34 -58 0
      vertex -17.26111105734074 -14.648675320703626 0
      vertex -17.181826616309593 -14.965196551871088 0
    endloop
  endfacet
  facet normal 0 0 -1
    outer loop
      vertex -34 -58 0
      vertex -14.965196551871088 -17.181826616309593 0
      vertex -14.648675320703626 -17.26111105734074 0
    endloop
  endfacet
  facet normal 0 0 -1
    outer loop
      vertex -34 -58 0
      vertex -14.648675320703626 -17.26111105734074 0
      vertex -14.325906991595788 -17.308989216185054 0
    endloop
  endfacet
  facet normal 0 0 -1
    outer loop
      vertex -34 -58 0
      vertex -14.325906991595788 -17.308989216185054 0
      vertex -14 -17.325 0
    endloop
  endfacet
  facet normal 0 0 -1
    outer loop
      vertex -34 -58 0
      vertex -14 -17.325 0
      vertex -13.674093008404212 -17.308989216185054 0
    endloop
  endfacet
  facet normal 0 0 -1
    outer loop
      vertex -34 -58 0
      vertex -13.674093008404212 -17.308989216185054 0
      vertex -13.351324679296374 -17.26111105734074 0
    endloop
  endfacet
  facet normal 0 0 -1
    outer loop
      vertex -34 -58 0
      vertex -13.351324679296374 -17.26111105734074 0
      vertex -13.034803448128912 -17.181826616309593 0
    endloop
  endfacet
  facet normal 0 0 -1
    outer loop
      vertex -34 -58 0
      vertex -13.034803448128912 -17.181826616309593 0
      vertex -12.727577587386076 -17.071899445600028 0
    endloop
  endfacet
  facet normal 0 0 -1
    outer loop
      vertex -34 -58 0
      vertex -12.727577587386076 -17.071899445600028 0
      vertex -12.432605850053557 -16.93238820395828 0
    endloop
  endfacet
  facet normal 0 0 -1
    outer loop
      vertex -34 -58 0
      vertex -12.432605850053557 -16.93238820395828 0
      vertex -12.152728975209822 -16.76463646090596 0
    endloop
  endfacet
  facet normal 0 0 -1
    outer loop
      vertex -34 -58 0
      vertex -12.152728975209822 -16.76463646090596 0
      vertex -11.89064233015588 -16.5702597574311 0
    endloop
  endfacet
  facet normal -1 0 0
    outer loop
      vertex -34 -58 0
      vertex -34 -58 6.5
      vertex -34 18 6.5
    endloop
  endfacet
  facet normal 0 0 -1
    outer loop
      vertex -30.368167251348495 -68.15029254555702 0
      vertex 32.11074022948742 -65.54234778881073 0
      vertex -29.313708499073982 -69.31370849907398 0
    endloop
  endfacet
  facet normal 0 0 -1
    outer loop
      vertex -29.313708499073982 -69.31370849907398 0
      vertex 31.303513795137405 -66.88912373036146 0
      vertex -28.150292545557022 -70.3681672513485 0
    endloop
  endfacet
  facet normal 0 0 -1
    outer loop
      vertex -32.78207252174616 -64.12293491512537 0
      vertex -33.311045370996 -62.64455483853817 0
      vertex 33.9229556247592 -59.5682742446661 0
    endloop
  endfacet
  facet normal 0 0 -1
    outer loop
      vertex -33.311045370996 -62.64455483853817 0
      vertex -33.692564487457275 -61.12144514918327 0
      vertex 34 -58 0
    endloop
  endfacet
  facet normal 0 0 -1
    outer loop
      vertex -30.368167251348495 -68.15029254555702 0
      vertex -31.303513795137405 -66.88912373036146 0
      vertex 32.78207252174616 -64.12293491512537 0
    endloop
  endfacet
  facet normal 0 0 -1
    outer loop
      vertex -32.11074022948742 -65.54234778881073 0
      vertex 33.311045370996 -62.64455483853817 0
      vertex -31.303513795137405 -66.88912373036146 0
    endloop
  endfacet
  facet normal 0 0 -1
    outer loop
      vertex -32.78207252174616 -64.12293491512537 0
      vertex 33.692564487457275 -61.12144514918327 0
      vertex -32.11074022948742 -65.54234778881073 0
    endloop
  endfacet
  facet normal 0 0 -1
    outer loop
      vertex -26.88912373036146 -71.3035137951374 0
      vertex 29.313708499073982 -69.31370849907398 0
      vertex -25.54234778881073 -72.11074022948742 0
    endloop
  endfacet
  facet normal 0 0 -1
    outer loop
      vertex -24.12293491512537 -72.78207252174616 0
      vertex 26.88912373036146 -71.3035137951374 0
      vertex -22.64455483853817 -73.311045370996 0
    endloop
  endfacet
  facet normal 0 0 -1
    outer loop
      vertex -25.54234778881073 -72.11074022948742 0
      vertex 28.150292545557022 -70.3681672513485 0
      vertex -24.12293491512537 -72.78207252174616 0
    endloop
  endfacet
  facet normal 0 0 -1
    outer loop
      vertex -28.150292545557022 -70.3681672513485 0
      vertex 30.368167251348495 -68.15029254555702 0
      vertex -26.88912373036146 -71.3035137951374 0
    endloop
  endfacet
  facet normal 0 0 -1
    outer loop
      vertex -22.64455483853817 -73.311045370996 0
      vertex 25.54234778881073 -72.11074022948742 0
      vertex -21.121445149183273 -73.69256448745728 0
    endloop
  endfacet
  facet normal 0 0 -1
    outer loop
      vertex -21.121445149183273 -73.69256448745728 0
      vertex 24.12293491512537 -72.78207252174616 0
      vertex -19.5682742446661 -73.9229556247592 0
    endloop
  endfacet
  facet normal 0 0 -1
    outer loop
      vertex -19.5682742446661 -73.9229556247592 0
      vertex 22.64455483853817 -73.311045370996 0
      vertex -18 -74 0
    endloop
  endfacet
  facet normal 0 -1 0
    outer loop
      vertex -18 -74 0
      vertex 18 -74 0
      vertex -18 -74 6.5
    endloop
  endfacet
  facet normal 0 0 -1
    outer loop
      vertex -33.692564487457275 -61.12144514918327 0
      vertex -33.9229556247592 -59.5682742446661 0
      vertex 34 18 0
    endloop
  endfacet
  facet normal 0 0 -1
    outer loop
      vertex -33.9229556247592 -59.5682742446661 0
      vertex -34 -58 0
      vertex 33.9229556247592 19.5682742446661 0
    endloop
  endfacet
  facet normal 0 0 -1
    outer loop
      vertex -33.692564487457275 -61.12144514918327 0
      vertex 10.738888942659258 -14.648675320703626 0
      vertex 10.818173383690405 -14.965196551871088 0
    endloop
  endfacet
  facet normal 0 0 -1
    outer loop
      vertex -33.692564487457275 -61.12144514918327 0
      vertex 10.928100554399972 -15.272422412613924 0
      vertex 11.067611796041719 -15.567394149946443 0
    endloop
  endfacet
  facet normal 0 0 -1
    outer loop
      vertex -33.692564487457275 -61.12144514918327 0
      vertex 11.067611796041719 -15.567394149946443 0
      vertex 11.235363539094037 -15.847271024790178 0
    endloop
  endfacet
  facet normal 0 0 -1
    outer loop
      vertex -33.692564487457275 -61.12144514918327 0
      vertex 10.818173383690405 -14.965196551871088 0
      vertex 10.928100554399972 -15.272422412613924 0
    endloop
  endfacet
  facet normal 0 0 -1
    outer loop
      vertex -33.692564487457275 -61.12144514918327 0
      vertex 11.235363539094037 -15.847271024790178 0
      vertex 11.429740242568899 -16.109357669844123 0
    endloop
  endfacet
  facet normal 0 0 -1
    outer loop
      vertex -33.692564487457275 -61.12144514918327 0
      vertex 11.429740242568899 -16.109357669844123 0
      vertex 11.64886995255473 -16.35113004744527 0
    endloop
  endfacet
  facet normal 0 0 -1
    outer loop
      vertex -33.692564487457275 -61.12144514918327 0
      vertex 11.64886995255473 -16.35113004744527 0
      vertex 11.89064233015588 -16.5702597574311 0
    endloop
  endfacet
  facet normal 0 0 -1
    outer loop
      vertex -33.692564487457275 -61.12144514918327 0
      vertex 10.691010783814946 -14.325906991595788 0
      vertex 10.738888942659258 -14.648675320703626 0
    endloop
  endfacet
  facet normal 0 0 -1
    outer loop
      vertex -33.692564487457275 -61.12144514918327 0
      vertex 10.675 -14 0
      vertex 10.691010783814946 -14.325906991595788 0
    endloop
  endfacet
  facet normal 0 0 -1
    outer loop
      vertex -33.692564487457275 -61.12144514918327 0
      vertex 10.691010783814946 -13.674093008404212 0
      vertex 10.675 -14 0
    endloop
  endfacet
  facet normal 0 0 -1
    outer loop
      vertex -33.692564487457275 -61.12144514918327 0
      vertex 10.738888942659258 -13.351324679296374 0
      vertex 10.691010783814946 -13.674093008404212 0
    endloop
  endfacet
  facet normal 0 0 -1
    outer loop
      vertex -33.692564487457275 -61.12144514918327 0
      vertex 10.818173383690405 -13.034803448128912 0
      vertex 10.738888942659258 -13.351324679296374 0
    endloop
  endfacet
  facet normal 0 0 -1
    outer loop
      vertex -33.692564487457275 -61.12144514918327 0
      vertex 10.928100554399972 -12.727577587386076 0
      vertex 10.818173383690405 -13.034803448128912 0
    endloop
  endfacet
  facet normal 0 0 -1
    outer loop
      vertex -33.692564487457275 -61.12144514918327 0
      vertex 11.067611796041719 -12.432605850053557 0
      vertex 10.928100554399972 -12.727577587386076 0
    endloop
  endfacet
  facet normal 0 0 -1
    outer loop
      vertex -33.692564487457275 -61.12144514918327 0
      vertex 11.235363539094037 -12.152728975209822 0
      vertex 11.067611796041719 -12.432605850053557 0
    endloop
  endfacet
  facet normal 0 0 -1
    outer loop
      vertex -33.692564487457275 -61.12144514918327 0
      vertex 11.429740242568899 -11.89064233015588 0
      vertex 11.235363539094037 -12.152728975209822 0
    endloop
  endfacet
  facet normal 0 0 -1
    outer loop
      vertex -33.692564487457275 -61.12144514918327 0
      vertex 11.64886995255473 -11.64886995255473 0
      vertex 11.429740242568899 -11.89064233015588 0
    endloop
  endfacet
  facet normal 0 0 1
    outer loop
      vertex -33.692564487457275 -61.12144514918327 6.5
      vertex -21.90000000447035 -61.29999999701977 6.5
      vertex -33.9229556247592 -59.5682742446661 6.5
    endloop
  endfacet
  facet normal 0 0 1
    outer loop
      vertex -33.311045370996 -62.64455483853817 6.5
      vertex -21.90000000447035 -61.29999999701977 6.5
      vertex -33.692564487457275 -61.12144514918327 6.5
    endloop
  endfacet
  facet normal 0 0 1
    outer loop
      vertex -33.311045370996 -62.64455483853817 6.5
      vertex -21.782028733193876 -61.68889915943146 6.5
      vertex -21.817344887554647 -61.62997771054506 6.5
    endloop
  endfacet
  facet normal 0 0 1
    outer loop
      vertex -33.311045370996 -62.64455483853817 6.5
      vertex -21.896629309654237 -61.36861199885607 6.5
      vertex -21.90000000447035 -61.29999999701977 6.5
    endloop
  endfacet
  facet normal 0 0 1
    outer loop
      vertex -33.311045370996 -62.64455483853817 6.5
      vertex -21.817344887554647 -61.62997771054506 6.5
      vertex -21.84671567231417 -61.567878402769566 6.5
    endloop
  endfacet
  facet normal 0 0 1
    outer loop
      vertex -33.311045370996 -62.64455483853817 6.5
      vertex -21.84671567231417 -61.567878402769566 6.5
      vertex -21.86985823363066 -61.50319927185774 6.5
    endloop
  endfacet
  facet normal 0 0 1
    outer loop
      vertex -33.311045370996 -62.64455483853817 6.5
      vertex -21.88654969483614 -61.43656322360039 6.5
      vertex -21.896629309654237 -61.36861199885607 6.5
    endloop
  endfacet
  facet normal 0 0 1
    outer loop
      vertex -33.311045370996 -62.64455483853817 6.5
      vertex -21.86985823363066 -61.50319927185774 6.5
      vertex -21.88654969483614 -61.43656322360039 6.5
    endloop
  endfacet
  facet normal 0 0 1
    outer loop
      vertex -33.311045370996 -62.64455483853817 6.5
      vertex -21.694974748790266 -61.794974744319916 6.5
      vertex -21.741107320785524 -61.744075298309326 6.5
    endloop
  endfacet
  facet normal 0 0 1
    outer loop
      vertex -33.311045370996 -62.64455483853817 6.5
      vertex -21.741107320785524 -61.744075298309326 6.5
      vertex -21.782028733193876 -61.68889915943146 6.5
    endloop
  endfacet
  facet normal 0 0 1
    outer loop
      vertex -33.311045370996 -62.64455483853817 6.5
      vertex -21.644075302779676 -61.841107316315174 6.5
      vertex -21.694974748790266 -61.794974744319916 6.5
    endloop
  endfacet
  facet normal 0 0 1
    outer loop
      vertex -33.311045370996 -62.64455483853817 6.5
      vertex -21.588899163901807 -61.882028728723526 6.5
      vertex -21.644075302779676 -61.841107316315174 6.5
    endloop
  endfacet
  facet normal 0 0 1
    outer loop
      vertex -33.9229556247592 -59.5682742446661 6.5
      vertex -21.90000000447035 -61.29999999701977 6.5
      vertex -34 -58 6.5
    endloop
  endfacet
  facet normal 0 0 1
    outer loop
      vertex -33.311045370996 -62.64455483853817 6.5
      vertex -21.336563228070737 -61.98654969036579 6.5
      vertex -21.40319927632809 -61.96985822916031 6.5
    endloop
  endfacet
  facet normal 0 0 1
    outer loop
      vertex -33.311045370996 -62.64455483853817 6.5
      vertex -21.268612003326417 -61.99662930518389 6.5
      vertex -21.336563228070737 -61.98654969036579 6.5
    endloop
  endfacet
  facet normal 0 0 1
    outer loop
      vertex -33.311045370996 -62.64455483853817 6.5
      vertex -21.200000001490118 -62 6.5
      vertex -21.268612003326417 -61.99662930518389 6.5
    endloop
  endfacet
  facet normal 0 0 1
    outer loop
      vertex -33.311045370996 -62.64455483853817 6.5
      vertex -20.999999998509885 -62 6.5
      vertex -21.200000001490118 -62 6.5
    endloop
  endfacet
  facet normal 0 0 1
    outer loop
      vertex -33.311045370996 -62.64455483853817 6.5
      vertex -20.931387996673585 -61.99662930518389 6.5
      vertex -20.999999998509885 -62 6.5
    endloop
  endfacet
  facet normal 0 0 1
    outer loop
      vertex -33.311045370996 -62.64455483853817 6.5
      vertex -21.529977715015413 -61.9173448830843 6.5
      vertex -21.588899163901807 -61.882028728723526 6.5
    endloop
  endfacet
  facet normal 0 0 1
    outer loop
      vertex -33.311045370996 -62.64455483853817 6.5
      vertex -21.467878407239915 -61.94671566784382 6.5
      vertex -21.529977715015413 -61.9173448830843 6.5
    endloop
  endfacet
  facet normal 0 0 1
    outer loop
      vertex -33.311045370996 -62.64455483853817 6.5
      vertex -21.40319927632809 -61.96985822916031 6.5
      vertex -21.467878407239915 -61.94671566784382 6.5
    endloop
  endfacet
  facet normal 0 0 1
    outer loop
      vertex -34 -58 6.5
      vertex -21.90000000447035 -61.29999999701977 6.5
      vertex -21.90000000447035 -14.700000002980232 6.5
    endloop
  endfacet
  facet normal 0 0 1
    outer loop
      vertex -20.299999995529653 -61.29999999701977 6.5
      vertex -15.932388203958281 -27.56739414994644 6.5
      vertex -16.071899445600028 -27.272422412613924 6.5
    endloop
  endfacet
  facet normal 0 0 1
    outer loop
      vertex -20.299999995529653 -61.29999999701977 6.5
      vertex -15.764636460905963 -27.847271024790178 6.5
      vertex -15.932388203958281 -27.56739414994644 6.5
    endloop
  endfacet
  facet normal 0 0 1
    outer loop
      vertex -20.299999995529653 -61.29999999701977 6.5
      vertex -15.570259757431101 -28.109357669844123 6.5
      vertex -15.764636460905963 -27.847271024790178 6.5
    endloop
  endfacet
  facet normal 0 0 1
    outer loop
      vertex -20.299999995529653 -61.29999999701977 6.5
      vertex -15.35113004744527 -28.35113004744527 6.5
      vertex -15.570259757431101 -28.109357669844123 6.5
    endloop
  endfacet
  facet normal 0 0 1
    outer loop
      vertex -20.299999995529653 -61.29999999701977 6.5
      vertex -16.181826616309593 -26.965196551871088 6.5
      vertex -16.26111105734074 -26.648675320703628 6.5
    endloop
  endfacet
  facet normal 0 0 1
    outer loop
      vertex -20.299999995529653 -61.29999999701977 6.5
      vertex -16.26111105734074 -26.648675320703628 6.5
      vertex -16.308989216185054 -26.32590699159579 6.5
    endloop
  endfacet
  facet normal 0 0 1
    outer loop
      vertex -20.299999995529653 -61.29999999701977 6.5
      vertex -16.308989216185054 -26.32590699159579 6.5
      vertex -16.325 -26 6.5
    endloop
  endfacet
  facet normal 0 0 1
    outer loop
      vertex -20.299999995529653 -61.29999999701977 6.5
      vertex -16.325 -26 6.5
      vertex -16.308989216185054 -25.67409300840421 6.5
    endloop
  endfacet
  facet normal 0 0 1
    outer loop
      vertex -20.299999995529653 -61.29999999701977 6.5
      vertex -16.071899445600028 -27.272422412613924 6.5
      vertex -16.181826616309593 -26.965196551871088 6.5
    endloop
  endfacet
  facet normal 0 0 1
    outer loop
      vertex -20.299999995529653 -61.29999999701977 6.5
      vertex -16.308989216185054 -25.67409300840421 6.5
      vertex -20.299999995529653 -14.700000002980232 6.5
    endloop
  endfacet
  facet normal 0 0 1
    outer loop
      vertex -20.299999995529653 -14.700000002980232 6.5
      vertex -16.308989216185054 -25.67409300840421 6.5
      vertex -16.26111105734074 -25.351324679296372 6.5
    endloop
  endfacet
  facet normal 0 0 1
    outer loop
      vertex -20.299999995529653 -14.700000002980232 6.5
      vertex -16.26111105734074 -25.351324679296372 6.5
      vertex -16.181826616309593 -25.034803448128912 6.5
    endloop
  endfacet
  facet normal 0 0 1
    outer loop
      vertex -20.299999995529653 -14.700000002980232 6.5
      vertex -16.181826616309593 -25.034803448128912 6.5
      vertex -16.071899445600028 -24.727577587386076 6.5
    endloop
  endfacet
  facet normal 0 0 1
    outer loop
      vertex -20.299999995529653 -14.700000002980232 6.5
      vertex -16.071899445600028 -24.727577587386076 6.5
      vertex -15.932388203958281 -24.43260585005356 6.5
    endloop
  endfacet
  facet normal 0 0 1
    outer loop
      vertex -20.299999995529653 -14.700000002980232 6.5
      vertex -15.932388203958281 -24.43260585005356 6.5
      vertex -15.764636460905963 -24.152728975209822 6.5
    endloop
  endfacet
  facet normal 0 0 1
    outer loop
      vertex -20.299999995529653 -14.700000002980232 6.5
      vertex -15.764636460905963 -24.152728975209822 6.5
      vertex -15.570259757431101 -23.890642330155877 6.5
    endloop
  endfacet
  facet normal 0 0 1
    outer loop
      vertex -20.299999995529653 -14.700000002980232 6.5
      vertex -15.570259757431101 -23.890642330155877 6.5
      vertex -15.35113004744527 -23.64886995255473 6.5
    endloop
  endfacet
  facet normal 0 0 1
    outer loop
      vertex -32.78207252174616 -64.12293491512537 6.5
      vertex 20.299999995529653 -61.29999999701977 6.5
      vertex -33.311045370996 -62.64455483853817 6.5
    endloop
  endfacet
  facet normal 0 0 1
    outer loop
      vertex -32.78207252174616 -64.12293491512537 6.5
      vertex -32.11074022948742 -65.54234778881073 6.5
      vertex 20.45889267921448 -61.744075298309326 6.5
    endloop
  endfacet
  facet normal 0 0 1
    outer loop
      vertex -30.368167251348495 -68.15029254555702 6.5
      vertex -29.313708499073982 -69.31370849907398 6.5
      vertex 32.11074022948742 -65.54234778881073 6.5
    endloop
  endfacet
  facet normal 0 0 1
    outer loop
      vertex -29.313708499073982 -69.31370849907398 6.5
      vertex -28.150292545557022 -70.3681672513485 6.5
      vertex 31.303513795137405 -66.88912373036146 6.5
    endloop
  endfacet
  facet normal 0 0 1
    outer loop
      vertex -33.311045370996 -62.64455483853817 6.5
      vertex 20.299999995529653 -61.29999999701977 6.5
      vertex -20.931387996673585 -61.99662930518389 6.5
    endloop
  endfacet
  facet normal 0 0 1
    outer loop
      vertex -30.368167251348495 -68.15029254555702 6.5
      vertex 32.78207252174616 -64.12293491512537 6.5
      vertex -31.303513795137405 -66.88912373036146 6.5
    endloop
  endfacet
  facet normal 0 0 1
    outer loop
      vertex -32.11074022948742 -65.54234778881073 6.5
      vertex -31.303513795137405 -66.88912373036146 6.5
      vertex 33.311045370996 -62.64455483853817 6.5
    endloop
  endfacet
  facet normal 0 0 1
    outer loop
      vertex -26.88912373036146 -71.3035137951374 6.5
      vertex -25.54234778881073 -72.11074022948742 6.5
      vertex 29.313708499073982 -69.31370849907398 6.5
    endloop
  endfacet
  facet normal 0 0 1
    outer loop
      vertex -24.12293491512537 -72.78207252174616 6.5
      vertex -22.64455483853817 -73.311045370996 6.5
      vertex 26.88912373036146 -71.3035137951374 6.5
    endloop
  endfacet
  facet normal 0 0 1
    outer loop
      vertex -25.54234778881073 -72.11074022948742 6.5
      vertex -24.12293491512537 -72.78207252174616 6.5
      vertex 28.150292545557022 -70.3681672513485 6.5
    endloop
  endfacet
  facet normal 0 0 1
    outer loop
      vertex -28.150292545557022 -70.3681672513485 6.5
      vertex -26.88912373036146 -71.3035137951374 6.5
      vertex 30.368167251348495 -68.15029254555702 6.5
    endloop
  endfacet
  facet normal 0 0 1
    outer loop
      vertex -22.64455483853817 -73.311045370996 6.5
      vertex -21.121445149183273 -73.69256448745728 6.5
      vertex 25.54234778881073 -72.11074022948742 6.5
    endloop
  endfacet
  facet normal 0 0 1
    outer loop
      vertex -21.121445149183273 -73.69256448745728 6.5
      vertex -19.5682742446661 -73.9229556247592 6.5
      vertex 24.12293491512537 -72.78207252174616 6.5
    endloop
  endfacet
  facet normal 0 0 1
    outer loop
      vertex -19.5682742446661 -73.9229556247592 6.5
      vertex -18 -74 6.5
      vertex 22.64455483853817 -73.311045370996 6.5
    endloop
  endfacet
  facet normal 0 0 1
    outer loop
      vertex -20.863436771929265 -61.98654969036579 6.5
      vertex 20.299999995529653 -61.29999999701977 6.5
      vertex -20.796800723671915 -61.96985822916031 6.5
    endloop
  endfacet
  facet normal 0 0 1
    outer loop
      vertex -20.931387996673585 -61.99662930518389 6.5
      vertex 20.299999995529653 -61.29999999701977 6.5
      vertex -20.863436771929265 -61.98654969036579 6.5
    endloop
  endfacet
  facet normal 0 0 1
    outer loop
      vertex -20.796800723671915 -61.96985822916031 6.5
      vertex 20.299999995529653 -61.29999999701977 6.5
      vertex -20.732121592760087 -61.94671566784382 6.5
    endloop
  endfacet
  facet normal 0 0 1
    outer loop
      vertex -20.67002228498459 -61.9173448830843 6.5
      vertex 20.299999995529653 -61.29999999701977 6.5
      vertex -20.611100836098196 -61.882028728723526 6.5
    endloop
  endfacet
  facet normal 0 0 1
    outer loop
      vertex -20.732121592760087 -61.94671566784382 6.5
      vertex 20.299999995529653 -61.29999999701977 6.5
      vertex -20.67002228498459 -61.9173448830843 6.5
    endloop
  endfacet
  facet normal 0 0 1
    outer loop
      vertex -20.611100836098196 -61.882028728723526 6.5
      vertex 20.299999995529653 -61.29999999701977 6.5
      vertex -20.555924697220327 -61.841107316315174 6.5
    endloop
  endfacet
  facet normal 0 0 1
    outer loop
      vertex -20.555924697220327 -61.841107316315174 6.5
      vertex 20.299999995529653 -61.29999999701977 6.5
      vertex -20.505025251209737 -61.794974744319916 6.5
    endloop
  endfacet
  facet normal 0 0 1
    outer loop
      vertex -20.45889267921448 -61.744075298309326 6.5
      vertex 20.299999995529653 -61.29999999701977 6.5
      vertex -20.417971266806127 -61.68889915943146 6.5
    endloop
  endfacet
  facet normal 0 0 1
    outer loop
      vertex -20.505025251209737 -61.794974744319916 6.5
      vertex 20.299999995529653 -61.29999999701977 6.5
      vertex -20.45889267921448 -61.744075298309326 6.5
    endloop
  endfacet
  facet normal 0 0 1
    outer loop
      vertex -20.417971266806127 -61.68889915943146 6.5
      vertex 20.299999995529653 -61.29999999701977 6.5
      vertex -20.382655112445356 -61.62997771054506 6.5
    endloop
  endfacet
  facet normal 0 0 1
    outer loop
      vertex -20.382655112445356 -61.62997771054506 6.5
      vertex 20.299999995529653 -61.29999999701977 6.5
      vertex -20.353284327685834 -61.567878402769566 6.5
    endloop
  endfacet
  facet normal 0 0 1
    outer loop
      vertex -20.353284327685834 -61.567878402769566 6.5
      vertex 20.299999995529653 -61.29999999701977 6.5
      vertex -20.330141766369344 -61.50319927185774 6.5
    endloop
  endfacet
  facet normal 0 0 1
    outer loop
      vertex -20.330141766369344 -61.50319927185774 6.5
      vertex 20.299999995529653 -61.29999999701977 6.5
      vertex -20.31345030516386 -61.43656322360039 6.5
    endloop
  endfacet
  facet normal 0 0 1
    outer loop
      vertex -20.31345030516386 -61.43656322360039 6.5
      vertex 20.299999995529653 -61.29999999701977 6.5
      vertex -20.303370690345766 -61.36861199885607 6.5
    endloop
  endfacet
  facet normal 0 0 1
    outer loop
      vertex -20.303370690345766 -61.36861199885607 6.5
      vertex 20.299999995529653 -61.29999999701977 6.5
      vertex -20.299999995529653 -61.29999999701977 6.5
    endloop
  endfacet
  facet normal 0 0 1
    outer loop
      vertex -20.299999995529653 -61.29999999701977 6.5
      vertex 20.299999995529653 -61.29999999701977 6.5
      vertex -11.152728975209822 -28.76463646090596 6.5
    endloop
  endfacet
  facet normal 0 0 1
    outer loop
      vertex -20.299999995529653 -61.29999999701977 6.5
      vertex -15.10935766984412 -28.5702597574311 6.5
      vertex -15.35113004744527 -28.35113004744527 6.5
    endloop
  endfacet
  facet normal 0 0 1
    outer loop
      vertex -20.299999995529653 -61.29999999701977 6.5
      vertex -14.847271024790178 -28.76463646090596 6.5
      vertex -15.10935766984412 -28.5702597574311 6.5
    endloop
  endfacet
  facet normal 0 0 1
    outer loop
      vertex -20.299999995529653 -61.29999999701977 6.5
      vertex -14.567394149946443 -28.93238820395828 6.5
      vertex -14.847271024790178 -28.76463646090596 6.5
    endloop
  endfacet
  facet normal 0 0 1
    outer loop
      vertex -20.299999995529653 -61.29999999701977 6.5
      vertex -14.272422412613924 -29.071899445600028 6.5
      vertex -14.567394149946443 -28.93238820395828 6.5
    endloop
  endfacet
  facet normal 0 0 1
    outer loop
      vertex -20.299999995529653 -61.29999999701977 6.5
      vertex -13.965196551871088 -29.181826616309593 6.5
      vertex -14.272422412613924 -29.071899445600028 6.5
    endloop
  endfacet
  facet normal 0 0 1
    outer loop
      vertex -20.299999995529653 -61.29999999701977 6.5
      vertex -13.648675320703626 -29.26111105734074 6.5
      vertex -13.965196551871088 -29.181826616309593 6.5
    endloop
  endfacet
  facet normal 0 0 1
    outer loop
      vertex -20.299999995529653 -61.29999999701977 6.5
      vertex -13.325906991595788 -29.308989216185054 6.5
      vertex -13.648675320703626 -29.26111105734074 6.5
    endloop
  endfacet
  facet normal 0 0 1
    outer loop
      vertex -20.299999995529653 -61.29999999701977 6.5
      vertex -13 -29.325 6.5
      vertex -13.325906991595788 -29.308989216185054 6.5
    endloop
  endfacet
  facet normal 0 0 1
    outer loop
      vertex -20.299999995529653 -61.29999999701977 6.5
      vertex -12.674093008404212 -29.308989216185054 6.5
      vertex -13 -29.325 6.5
    endloop
  endfacet
  facet normal 0 0 1
    outer loop
      vertex -20.299999995529653 -61.29999999701977 6.5
      vertex -12.351324679296374 -29.26111105734074 6.5
      vertex -12.674093008404212 -29.308989216185054 6.5
    endloop
  endfacet
  facet normal 0 0 1
    outer loop
      vertex -20.299999995529653 -61.29999999701977 6.5
      vertex -12.034803448128912 -29.181826616309593 6.5
      vertex -12.351324679296374 -29.26111105734074 6.5
    endloop
  endfacet
  facet normal 0 0 1
    outer loop
      vertex -20.299999995529653 -61.29999999701977 6.5
      vertex -11.727577587386076 -29.071899445600028 6.5
      vertex -12.034803448128912 -29.181826616309593 6.5
    endloop
  endfacet
  facet normal 0 0 1
    outer loop
      vertex -20.299999995529653 -61.29999999701977 6.5
      vertex -11.432605850053557 -28.93238820395828 6.5
      vertex -11.727577587386076 -29.071899445600028 6.5
    endloop
  endfacet
  facet normal 0 0 1
    outer loop
      vertex -20.299999995529653 -61.29999999701977 6.5
      vertex -11.152728975209822 -28.76463646090596 6.5
      vertex -11.432605850053557 -28.93238820395828 6.5
    endloop
  endfacet
  facet normal 0 0 1
    outer loop
      vertex -20.299999995529653 -14.700000002980232 6.5
      vertex -15.35113004744527 -23.64886995255473 6.5
      vertex -15.10935766984412 -23.4297402425689 6.5
    endloop
  endfacet
  facet normal 0 0 1
    outer loop
      vertex -20.299999995529653 -14.700000002980232 6.5
      vertex -15.10935766984412 -23.4297402425689 6.5
      vertex -14.847271024790178 -23.23536353909404 6.5
    endloop
  endfacet
  facet normal 0 0 1
    outer loop
      vertex -20.299999995529653 -14.700000002980232 6.5
      vertex -14.847271024790178 -23.23536353909404 6.5
      vertex -14.567394149946443 -23.06761179604172 6.5
    endloop
  endfacet
  facet normal 0 0 1
    outer loop
      vertex -20.299999995529653 -14.700000002980232 6.5
      vertex -14.567394149946443 -23.06761179604172 6.5
      vertex -14.272422412613924 -22.928100554399972 6.5
    endloop
  endfacet
  facet normal 0 0 1
    outer loop
      vertex -20.299999995529653 -14.700000002980232 6.5
      vertex -14.272422412613924 -22.928100554399972 6.5
      vertex -13.965196551871088 -22.818173383690407 6.5
    endloop
  endfacet
  facet normal 0 0 1
    outer loop
      vertex -20.299999995529653 -14.700000002980232 6.5
      vertex -13.965196551871088 -22.818173383690407 6.5
      vertex -13.648675320703626 -22.73888894265926 6.5
    endloop
  endfacet
  facet normal 0 0 1
    outer loop
      vertex -20.299999995529653 -14.700000002980232 6.5
      vertex -13.648675320703626 -22.73888894265926 6.5
      vertex -13.325906991595788 -22.691010783814946 6.5
    endloop
  endfacet
  facet normal 0 0 1
    outer loop
      vertex -20.299999995529653 -14.700000002980232 6.5
      vertex -13.325906991595788 -22.691010783814946 6.5
      vertex -13 -22.675 6.5
    endloop
  endfacet
  facet normal 0 0 1
    outer loop
      vertex 20.299999995529653 -61.29999999701977 6.5
      vertex -10.89064233015588 -28.5702597574311 6.5
      vertex -11.152728975209822 -28.76463646090596 6.5
    endloop
  endfacet
  facet normal 0 0 1
    outer loop
      vertex 20.299999995529653 -61.29999999701977 6.5
      vertex -10.64886995255473 -28.35113004744527 6.5
      vertex -10.89064233015588 -28.5702597574311 6.5
    endloop
  endfacet
  facet normal 0 0 1
    outer loop
      vertex 20.299999995529653 -61.29999999701977 6.5
      vertex -10.429740242568899 -28.109357669844123 6.5
      vertex -10.64886995255473 -28.35113004744527 6.5
    endloop
  endfacet
  facet normal 0 0 1
    outer loop
      vertex 20.299999995529653 -61.29999999701977 6.5
      vertex -10.235363539094037 -27.847271024790178 6.5
      vertex -10.429740242568899 -28.109357669844123 6.5
    endloop
  endfacet
  facet normal 0 0 1
    outer loop
      vertex 20.299999995529653 -61.29999999701977 6.5
      vertex -10.067611796041719 -27.56739414994644 6.5
      vertex -10.235363539094037 -27.847271024790178 6.5
    endloop
  endfacet
  facet normal 0 0 1
    outer loop
      vertex -13 -22.675 6.5
      vertex -12.674093008404212 -22.691010783814946 6.5
      vertex 12.351324679296374 -22.73888894265926 6.5
    endloop
  endfacet
  facet normal 0 0 1
    outer loop
      vertex -9.818173383690405 -26.965196551871088 6.5
      vertex 9.738888942659258 -26.648675320703628 6.5
      vertex -9.738888942659258 -26.648675320703628 6.5
    endloop
  endfacet
  facet normal 0 0 1
    outer loop
      vertex -9.738888942659258 -26.648675320703628 6.5
      vertex 9.691010783814946 -26.32590699159579 6.5
      vertex -9.691010783814946 -26.32590699159579 6.5
    endloop
  endfacet
  facet normal 0 0 1
    outer loop
      vertex -9.691010783814946 -26.32590699159579 6.5
      vertex 9.675 -26 6.5
      vertex -9.675 -26 6.5
    endloop
  endfacet
  facet normal 0 0 1
    outer loop
      vertex -9.675 -26 6.5
      vertex 9.691010783814946 -25.67409300840421 6.5
      vertex -9.691010783814946 -25.67409300840421 6.5
    endloop
  endfacet
  facet normal 0 0 1
    outer loop
      vertex -9.691010783814946 -25.67409300840421 6.5
      vertex 9.738888942659258 -25.351324679296372 6.5
      vertex -9.738888942659258 -25.351324679296372 6.5
    endloop
  endfacet
  facet normal 0 0 1
    outer loop
      vertex -9.738888942659258 -25.351324679296372 6.5
      vertex 9.818173383690405 -25.034803448128912 6.5
      vertex -9.818173383690405 -25.034803448128912 6.5
    endloop
  endfacet
  facet normal 0 0 1
    outer loop
      vertex -9.818173383690405 -25.034803448128912 6.5
      vertex 9.928100554399972 -24.727577587386076 6.5
      vertex -9.928100554399972 -24.727577587386076 6.5
    endloop
  endfacet
  facet normal 0 0 1
    outer loop
      vertex -10.067611796041719 -24.43260585005356 6.5
      vertex 10.235363539094037 -24.152728975209822 6.5
      vertex -10.235363539094037 -24.152728975209822 6.5
    endloop
  endfacet
  facet normal 0 0 1
    outer loop
      vertex -9.928100554399972 -24.727577587386076 6.5
      vertex 10.067611796041719 -24.43260585005356 6.5
      vertex -10.067611796041719 -24.43260585005356 6.5
    endloop
  endfacet
  facet normal 0 0 1
    outer loop
      vertex -10.429740242568899 -23.890642330155877 6.5
      vertex 10.64886995255473 -23.64886995255473 6.5
      vertex -10.64886995255473 -23.64886995255473 6.5
    endloop
  endfacet
  facet normal 0 0 1
    outer loop
      vertex -10.89064233015588 -23.4297402425689 6.5
      vertex -10.64886995255473 -23.64886995255473 6.5
      vertex 10.89064233015588 -23.4297402425689 6.5
    endloop
  endfacet
  facet normal 0 0 1
    outer loop
      vertex -10.235363539094037 -24.152728975209822 6.5
      vertex 10.429740242568899 -23.890642330155877 6.5
      vertex -10.429740242568899 -23.890642330155877 6.5
    endloop
  endfacet
  facet normal 0 0 1
    outer loop
      vertex -12.674093008404212 -22.691010783814946 6.5
      vertex -12.351324679296374 -22.73888894265926 6.5
      vertex 12.351324679296374 -22.73888894265926 6.5
    endloop
  endfacet
  facet normal 0 0 1
    outer loop
      vertex -12.351324679296374 -22.73888894265926 6.5
      vertex -12.034803448128912 -22.818173383690407 6.5
      vertex 12.351324679296374 -22.73888894265926 6.5
    endloop
  endfacet
  facet normal 0 0 1
    outer loop
      vertex -11.727577587386076 -22.928100554399972 6.5
      vertex -11.432605850053557 -23.06761179604172 6.5
      vertex 11.727577587386076 -22.928100554399972 6.5
    endloop
  endfacet
  facet normal 0 0 1
    outer loop
      vertex -12.034803448128912 -22.818173383690407 6.5
      vertex -11.727577587386076 -22.928100554399972 6.5
      vertex 12.034803448128912 -22.818173383690407 6.5
    endloop
  endfacet
  facet normal 0 0 1
    outer loop
      vertex -11.152728975209822 -23.23536353909404 6.5
      vertex -10.89064233015588 -23.4297402425689 6.5
      vertex 11.152728975209822 -23.23536353909404 6.5
    endloop
  endfacet
  facet normal 0 0 1
    outer loop
      vertex -11.432605850053557 -23.06761179604172 6.5
      vertex -11.152728975209822 -23.23536353909404 6.5
      vertex 11.432605850053557 -23.06761179604172 6.5
    endloop
  endfacet
  facet normal 0 0 -1
    outer loop
      vertex -34 -58 0
      vertex -34 18 0
      vertex -17.325 -14 0
    endloop
  endfacet
  facet normal -1 0 0
    outer loop
      vertex -34 -58 0
      vertex -34 18 6.5
      vertex -34 18 0
    endloop
  endfacet
  facet normal 0 0 -1
    outer loop
      vertex -34 18 0
      vertex -17.308989216185054 13.674093008404212 0
      vertex -17.325 -14 0
    endloop
  endfacet
  facet normal 0 0 -1
    outer loop
      vertex -17.325 -14 0
      vertex -17.308989216185054 13.674093008404212 0
      vertex -17.308989216185054 -13.674093008404212 0
    endloop
  endfacet
  facet normal 0 0 -1
    outer loop
      vertex -17.308989216185054 -13.674093008404212 0
      vertex -17.26111105734074 13.351324679296374 0
      vertex -17.26111105734074 -13.351324679296374 0
    endloop
  endfacet
  facet normal 0 0 -1
    outer loop
      vertex -17.26111105734074 -13.351324679296374 0
      vertex -17.181826616309593 13.034803448128912 0
      vertex -17.181826616309593 -13.034803448128912 0
    endloop
  endfacet
  facet normal 0 0 -1
    outer loop
      vertex -17.181826616309593 -13.034803448128912 0
      vertex -17.071899445600028 12.727577587386076 0
      vertex -17.071899445600028 -12.727577587386076 0
    endloop
  endfacet
  facet normal 0 0 -1
    outer loop
      vertex -17.308989216185054 -13.674093008404212 0
      vertex -17.308989216185054 13.674093008404212 0
      vertex -17.26111105734074 13.351324679296374 0
    endloop
  endfacet
  facet normal 0 0 -1
    outer loop
      vertex -17.181826616309593 -13.034803448128912 0
      vertex -17.181826616309593 13.034803448128912 0
      vertex -17.071899445600028 12.727577587386076 0
    endloop
  endfacet
  facet normal 0 0 -1
    outer loop
      vertex -17.26111105734074 -13.351324679296374 0
      vertex -17.26111105734074 13.351324679296374 0
      vertex -17.181826616309593 13.034803448128912 0
    endloop
  endfacet
  facet normal 0 0 -1
    outer loop
      vertex -17.071899445600028 -12.727577587386076 0
      vertex -17.071899445600028 12.727577587386076 0
      vertex -16.93238820395828 12.432605850053557 0
    endloop
  endfacet
  facet normal -0.9987954561419434 0.04906767561447288 0
    outer loop
      vertex -34 18 0
      vertex -33.9229556247592 19.5682742446661 6.5
      vertex -33.9229556247592 19.5682742446661 0
    endloop
  endfacet
  facet normal -0.9891765102083967 0.1467304728130379 0
    outer loop
      vertex -33.9229556247592 19.5682742446661 0
      vertex -33.692564487457275 21.121445149183273 6.5
      vertex -33.692564487457275 21.121445149183273 0
    endloop
  endfacet
  facet normal -0.9700312531439801 0.24298018010512687 0
    outer loop
      vertex -33.692564487457275 21.121445149183273 0
      vertex -33.311045370996 22.64455483853817 6.5
      vertex -33.311045370996 22.64455483853817 0
    endloop
  endfacet
  facet normal -0.941544065269981 0.33688985314918246 0
    outer loop
      vertex -33.311045370996 22.64455483853817 0
      vertex -32.78207252174616 24.12293491512537 6.5
      vertex -32.78207252174616 24.12293491512537 0
    endloop
  endfacet
  facet normal -0.9039892929858697 0.4275550937211572 5.43902962487531e-18
    outer loop
      vertex -32.78207252174616 24.12293491512537 0
      vertex -32.11074022948742 25.54234778881073 6.5
      vertex -32.11074022948742 25.54234778881073 0
    endloop
  endfacet
  facet normal -0.8577286099590591 0.5141027442619813 -1.0878059248779502e-17
    outer loop
      vertex -32.11074022948742 25.54234778881073 0
      vertex -31.303513795137405 26.88912373036146 6.5
      vertex -31.303513795137405 26.88912373036146 0
    endloop
  endfacet
  facet normal -0.8032075305488335 0.5956993057488355 0
    outer loop
      vertex -31.303513795137405 26.88912373036146 0
      vertex -30.368167251348495 28.150292545557022 6.5
      vertex -30.368167251348495 28.150292545557022 0
    endloop
  endfacet
  facet normal -0.7409511264917887 0.6715589535927202 0
    outer loop
      vertex -30.368167251348495 28.150292545557022 0
      vertex -29.313708499073982 29.313708499073982 6.5
      vertex -29.313708499073982 29.313708499073982 0
    endloop
  endfacet
  facet normal -0.6715589535927202 0.7409511264917887 0
    outer loop
      vertex -29.313708499073982 29.313708499073982 0
      vertex -28.150292545557022 30.368167251348495 6.5
      vertex -28.150292545557022 30.368167251348495 0
    endloop
  endfacet
  facet normal -0.5956993057488355 0.8032075305488335 0
    outer loop
      vertex -28.150292545557022 30.368167251348495 0
      vertex -26.88912373036146 31.303513795137405 6.5
      vertex -26.88912373036146 31.303513795137405 0
    endloop
  endfacet
  facet normal -0.5141027442619813 0.8577286099590591 -1.0878059248779502e-17
    outer loop
      vertex -26.88912373036146 31.303513795137405 0
      vertex -25.54234778881073 32.11074022948742 6.5
      vertex -25.54234778881073 32.11074022948742 0
    endloop
  endfacet
  facet normal 0 0 -1
    outer loop
      vertex -34 18 0
      vertex -17.325 14 0
      vertex -17.308989216185054 13.674093008404212 0
    endloop
  endfacet
  facet normal 0 0 -1
    outer loop
      vertex -34 18 0
      vertex -17.308989216185054 14.325906991595788 0
      vertex -17.325 14 0
    endloop
  endfacet
  facet normal 0 0 -1
    outer loop
      vertex -34 18 0
      vertex -17.26111105734074 14.648675320703626 0
      vertex -17.308989216185054 14.325906991595788 0
    endloop
  endfacet
  facet normal 0 0 -1
    outer loop
      vertex -34 18 0
      vertex -17.181826616309593 14.965196551871088 0
      vertex -17.26111105734074 14.648675320703626 0
    endloop
  endfacet
  facet normal 0 0 -1
    outer loop
      vertex -34 18 0
      vertex -17.071899445600028 15.272422412613924 0
      vertex -17.181826616309593 14.965196551871088 0
    endloop
  endfacet
  facet normal 0 0 -1
    outer loop
      vertex -34 18 0
      vertex -16.93238820395828 15.567394149946443 0
      vertex -17.071899445600028 15.272422412613924 0
    endloop
  endfacet
  facet normal 0 0 -1
    outer loop
      vertex -34 18 0
      vertex -16.76463646090596 15.847271024790178 0
      vertex -16.93238820395828 15.567394149946443 0
    endloop
  endfacet
  facet normal 0 0 -1
    outer loop
      vertex -34 18 0
      vertex -16.5702597574311 16.109357669844123 0
      vertex -16.76463646090596 15.847271024790178 0
    endloop
  endfacet
  facet normal 0 0 -1
    outer loop
      vertex -34 18 0
      vertex -16.35113004744527 16.35113004744527 0
      vertex -16.5702597574311 16.109357669844123 0
    endloop
  endfacet
  facet normal 0 0 -1
    outer loop
      vertex -34 18 0
      vertex -16.109357669844123 16.5702597574311 0
      vertex -16.35113004744527 16.35113004744527 0
    endloop
  endfacet
  facet normal 0 0 -1
    outer loop
      vertex -34 18 0
      vertex -15.847271024790178 16.76463646090596 0
      vertex -16.109357669844123 16.5702597574311 0
    endloop
  endfacet
  facet normal 0 0 -1
    outer loop
      vertex -34 18 0
      vertex -15.567394149946443 16.93238820395828 0
      vertex -15.847271024790178 16.76463646090596 0
    endloop
  endfacet
  facet normal 0 0 -1
    outer loop
      vertex -34 18 0
      vertex -15.272422412613924 17.071899445600028 0
      vertex -15.567394149946443 16.93238820395828 0
    endloop
  endfacet
  facet normal 0 0 -1
    outer loop
      vertex -34 18 0
      vertex -14.965196551871088 17.181826616309593 0
      vertex -15.272422412613924 17.071899445600028 0
    endloop
  endfacet
  facet normal 0 0 -1
    outer loop
      vertex -34 18 0
      vertex -14.648675320703626 17.26111105734074 0
      vertex -14.965196551871088 17.181826616309593 0
    endloop
  endfacet
  facet normal 0 0 -1
    outer loop
      vertex -34 18 0
      vertex -14.325906991595788 17.308989216185054 0
      vertex -14.648675320703626 17.26111105734074 0
    endloop
  endfacet
  facet normal 0 0 -1
    outer loop
      vertex -34 18 0
      vertex -14 17.325 0
      vertex -14.325906991595788 17.308989216185054 0
    endloop
  endfacet
  facet normal 0 0 -1
    outer loop
      vertex -21.121445149183273 33.692564487457275 0
      vertex -19.5682742446661 33.9229556247592 0
      vertex -18 34 0
    endloop
  endfacet
  facet normal -0.4275550937211572 0.9039892929858697 5.43902962487531e-18
    outer loop
      vertex -25.54234778881073 32.11074022948742 0
      vertex -24.12293491512537 32.78207252174616 6.5
      vertex -24.12293491512537 32.78207252174616 0
    endloop
  endfacet
  facet normal -0.33688985314918246 0.941544065269981 0
    outer loop
      vertex -24.12293491512537 32.78207252174616 0
      vertex -22.64455483853817 33.311045370996 6.5
      vertex -22.64455483853817 33.311045370996 0
    endloop
  endfacet
  facet normal -0.24298018010512687 0.9700312531439801 0
    outer loop
      vertex -22.64455483853817 33.311045370996 0
      vertex -21.121445149183273 33.692564487457275 6.5
      vertex -21.121445149183273 33.692564487457275 0
    endloop
  endfacet
  facet normal -0.1467304728130379 0.9891765102083967 0
    outer loop
      vertex -21.121445149183273 33.692564487457275 0
      vertex -19.5682742446661 33.9229556247592 6.5
      vertex -19.5682742446661 33.9229556247592 0
    endloop
  endfacet
  facet normal -0.04906767561447288 0.9987954561419434 0
    outer loop
      vertex -19.5682742446661 33.9229556247592 0
      vertex -18 34 6.5
      vertex -18 34 0
    endloop
  endfacet
  facet normal -0.9987954561419434 0.04906767561447288 0
    outer loop
      vertex -34 18 0
      vertex -34 18 6.5
      vertex -33.9229556247592 19.5682742446661 6.5
    endloop
  endfacet
  facet normal -0.9891765102083967 0.1467304728130379 0
    outer loop
      vertex -33.9229556247592 19.5682742446661 0
      vertex -33.9229556247592 19.5682742446661 6.5
      vertex -33.692564487457275 21.121445149183273 6.5
    endloop
  endfacet
  facet normal -0.9700312531439801 0.24298018010512687 0
    outer loop
      vertex -33.692564487457275 21.121445149183273 0
      vertex -33.692564487457275 21.121445149183273 6.5
      vertex -33.311045370996 22.64455483853817 6.5
    endloop
  endfacet
  facet normal -0.941544065269981 0.33688985314918246 0
    outer loop
      vertex -33.311045370996 22.64455483853817 0
      vertex -33.311045370996 22.64455483853817 6.5
      vertex -32.78207252174616 24.12293491512537 6.5
    endloop
  endfacet
  facet normal -0.9039892929858697 0.4275550937211572 0
    outer loop
      vertex -32.78207252174616 24.12293491512537 0
      vertex -32.78207252174616 24.12293491512537 6.5
      vertex -32.11074022948742 25.54234778881073 6.5
    endloop
  endfacet
  facet normal -0.8577286099590591 0.5141027442619813 0
    outer loop
      vertex -32.11074022948742 25.54234778881073 0
      vertex -32.11074022948742 25.54234778881073 6.5
      vertex -31.303513795137405 26.88912373036146 6.5
    endloop
  endfacet
  facet normal -0.8032075305488335 0.5956993057488355 0
    outer loop
      vertex -31.303513795137405 26.88912373036146 0
      vertex -31.303513795137405 26.88912373036146 6.5
      vertex -30.368167251348495 28.150292545557022 6.5
    endloop
  endfacet
  facet normal -0.7409511264917887 0.6715589535927202 0
    outer loop
      vertex -30.368167251348495 28.150292545557022 0
      vertex -30.368167251348495 28.150292545557022 6.5
      vertex -29.313708499073982 29.313708499073982 6.5
    endloop
  endfacet
  facet normal -0.6715589535927202 0.7409511264917887 0
    outer loop
      vertex -29.313708499073982 29.313708499073982 0
      vertex -29.313708499073982 29.313708499073982 6.5
      vertex -28.150292545557022 30.368167251348495 6.5
    endloop
  endfacet
  facet normal -0.5956993057488355 0.8032075305488335 0
    outer loop
      vertex -28.150292545557022 30.368167251348495 0
      vertex -28.150292545557022 30.368167251348495 6.5
      vertex -26.88912373036146 31.303513795137405 6.5
    endloop
  endfacet
  facet normal -0.5141027442619813 0.8577286099590591 0
    outer loop
      vertex -26.88912373036146 31.303513795137405 0
      vertex -26.88912373036146 31.303513795137405 6.5
      vertex -25.54234778881073 32.11074022948742 6.5
    endloop
  endfacet
  facet normal -0.4275550937211572 0.9039892929858697 0
    outer loop
      vertex -25.54234778881073 32.11074022948742 0
      vertex -25.54234778881073 32.11074022948742 6.5
      vertex -24.12293491512537 32.78207252174616 6.5
    endloop
  endfacet
  facet normal -0.33688985314918246 0.941544065269981 0
    outer loop
      vertex -24.12293491512537 32.78207252174616 0
      vertex -24.12293491512537 32.78207252174616 6.5
      vertex -22.64455483853817 33.311045370996 6.5
    endloop
  endfacet
  facet normal -0.24298018010512687 0.9700312531439801 0
    outer loop
      vertex -22.64455483853817 33.311045370996 0
      vertex -22.64455483853817 33.311045370996 6.5
      vertex -21.121445149183273 33.692564487457275 6.5
    endloop
  endfacet
  facet normal -0.1467304728130379 0.9891765102083967 0
    outer loop
      vertex -21.121445149183273 33.692564487457275 0
      vertex -21.121445149183273 33.692564487457275 6.5
      vertex -19.5682742446661 33.9229556247592 6.5
    endloop
  endfacet
  facet normal -0.04906767561447288 0.9987954561419434 0
    outer loop
      vertex -19.5682742446661 33.9229556247592 0
      vertex -19.5682742446661 33.9229556247592 6.5
      vertex -18 34 6.5
    endloop
  endfacet
  facet normal 0 0 -1
    outer loop
      vertex -17.071899445600028 -12.727577587386076 0
      vertex -16.93238820395828 12.432605850053557 0
      vertex -16.93238820395828 -12.432605850053557 0
    endloop
  endfacet
  facet normal 0 0 -1
    outer loop
      vertex -16.93238820395828 -12.432605850053557 0
      vertex -16.76463646090596 12.152728975209822 0
      vertex -16.76463646090596 -12.152728975209822 0
    endloop
  endfacet
  facet normal 0 0 -1
    outer loop
      vertex -16.76463646090596 -12.152728975209822 0
      vertex -16.5702597574311 11.89064233015588 0
      vertex -16.5702597574311 -11.89064233015588 0
    endloop
  endfacet
  facet normal 0 0 -1
    outer loop
      vertex -16.5702597574311 -11.89064233015588 0
      vertex -16.35113004744527 11.64886995255473 0
      vertex -16.35113004744527 -11.64886995255473 0
    endloop
  endfacet
  facet normal 0 0 -1
    outer loop
      vertex -16.109357669844123 -11.429740242568899 0
      vertex -16.35113004744527 -11.64886995255473 0
      vertex -16.109357669844123 11.429740242568899 0
    endloop
  endfacet
  facet normal 0 0 -1
    outer loop
      vertex -15.847271024790178 -11.235363539094037 0
      vertex -16.109357669844123 -11.429740242568899 0
      vertex -15.847271024790178 11.235363539094037 0
    endloop
  endfacet
  facet normal 0 0 -1
    outer loop
      vertex -15.567394149946443 -11.067611796041719 0
      vertex -15.847271024790178 -11.235363539094037 0
      vertex -15.567394149946443 11.067611796041719 0
    endloop
  endfacet
  facet normal 0 0 -1
    outer loop
      vertex -15.272422412613924 -10.928100554399972 0
      vertex -15.567394149946443 -11.067611796041719 0
      vertex -15.272422412613924 10.928100554399972 0
    endloop
  endfacet
  facet normal 0 0 -1
    outer loop
      vertex -14.965196551871088 -10.818173383690405 0
      vertex -15.272422412613924 -10.928100554399972 0
      vertex -14.965196551871088 10.818173383690405 0
    endloop
  endfacet
  facet normal 0 0 -1
    outer loop
      vertex -14.648675320703626 -10.738888942659258 0
      vertex -14.965196551871088 -10.818173383690405 0
      vertex -14.648675320703626 10.738888942659258 0
    endloop
  endfacet
  facet normal 0 0 -1
    outer loop
      vertex -14.325906991595788 -10.691010783814946 0
      vertex -14.648675320703626 -10.738888942659258 0
      vertex -14.325906991595788 10.691010783814946 0
    endloop
  endfacet
  facet normal 0 0 -1
    outer loop
      vertex -14 -10.675 0
      vertex -14.325906991595788 -10.691010783814946 0
      vertex -14 10.675 0
    endloop
  endfacet
  facet normal 0 0 -1
    outer loop
      vertex -13.674093008404212 -10.691010783814946 0
      vertex -14 -10.675 0
      vertex -13.674093008404212 10.691010783814946 0
    endloop
  endfacet
  facet normal 0 0 -1
    outer loop
      vertex -13.351324679296374 -10.738888942659258 0
      vertex -13.674093008404212 -10.691010783814946 0
      vertex -13.351324679296374 10.738888942659258 0
    endloop
  endfacet
  facet normal 0 0 -1
    outer loop
      vertex -13.034803448128912 -10.818173383690405 0
      vertex -13.351324679296374 -10.738888942659258 0
      vertex -13.034803448128912 10.818173383690405 0
    endloop
  endfacet
  facet normal 0 0 -1
    outer loop
      vertex -12.727577587386076 -10.928100554399972 0
      vertex -13.034803448128912 -10.818173383690405 0
      vertex -12.727577587386076 10.928100554399972 0
    endloop
  endfacet
  facet normal 0 0 -1
    outer loop
      vertex -15.272422412613924 -10.928100554399972 0
      vertex -15.272422412613924 10.928100554399972 0
      vertex -14.965196551871088 10.818173383690405 0
    endloop
  endfacet
  facet normal 0 0 -1
    outer loop
      vertex -16.93238820395828 -12.432605850053557 0
      vertex -16.93238820395828 12.432605850053557 0
      vertex -16.76463646090596 12.152728975209822 0
    endloop
  endfacet
  facet normal 0 0 -1
    outer loop
      vertex -16.76463646090596 -12.152728975209822 0
      vertex -16.76463646090596 12.152728975209822 0
      vertex -16.5702597574311 11.89064233015588 0
    endloop
  endfacet
  facet normal 0 0 -1
    outer loop
      vertex -16.5702597574311 -11.89064233015588 0
      vertex -16.5702597574311 11.89064233015588 0
      vertex -16.35113004744527 11.64886995255473 0
    endloop
  endfacet
  facet normal 0 0 -1
    outer loop
      vertex -16.35113004744527 -11.64886995255473 0
      vertex -16.35113004744527 11.64886995255473 0
      vertex -16.109357669844123 11.429740242568899 0
    endloop
  endfacet
  facet normal 0 0 -1
    outer loop
      vertex -16.109357669844123 -11.429740242568899 0
      vertex -16.109357669844123 11.429740242568899 0
      vertex -15.847271024790178 11.235363539094037 0
    endloop
  endfacet
  facet normal 0 0 -1
    outer loop
      vertex -15.847271024790178 -11.235363539094037 0
      vertex -15.847271024790178 11.235363539094037 0
      vertex -15.567394149946443 11.067611796041719 0
    endloop
  endfacet
  facet normal 0 0 -1
    outer loop
      vertex -15.567394149946443 -11.067611796041719 0
      vertex -15.567394149946443 11.067611796041719 0
      vertex -15.272422412613924 10.928100554399972 0
    endloop
  endfacet
  facet normal 0 0 -1
    outer loop
      vertex -14.965196551871088 -10.818173383690405 0
      vertex -14.965196551871088 10.818173383690405 0
      vertex -14.648675320703626 10.738888942659258 0
    endloop
  endfacet
  facet normal 0 0 -1
    outer loop
      vertex -14.648675320703626 -10.738888942659258 0
      vertex -14.648675320703626 10.738888942659258 0
      vertex -14.325906991595788 10.691010783814946 0
    endloop
  endfacet
  facet normal 0 0 -1
    outer loop
      vertex -14.325906991595788 -10.691010783814946 0
      vertex -14.325906991595788 10.691010783814946 0
      vertex -14 10.675 0
    endloop
  endfacet
  facet normal 0 0 -1
    outer loop
      vertex -14 -10.675 0
      vertex -14 10.675 0
      vertex -13.674093008404212 10.691010783814946 0
    endloop
  endfacet
  facet normal 0 0 -1
    outer loop
      vertex -13.674093008404212 -10.691010783814946 0
      vertex -13.674093008404212 10.691010783814946 0
      vertex -13.351324679296374 10.738888942659258 0
    endloop
  endfacet
  facet normal 0 0 -1
    outer loop
      vertex -13.351324679296374 -10.738888942659258 0
      vertex -13.351324679296374 10.738888942659258 0
      vertex -13.034803448128912 10.818173383690405 0
    endloop
  endfacet
  facet normal 0 0 -1
    outer loop
      vertex -13.034803448128912 -10.818173383690405 0
      vertex -13.034803448128912 10.818173383690405 0
      vertex -12.727577587386076 10.928100554399972 0
    endloop
  endfacet
  facet normal 0 0 -1
    outer loop
      vertex -12.432605850053557 -11.067611796041719 0
      vertex -12.727577587386076 -10.928100554399972 0
      vertex -12.432605850053557 11.067611796041719 0
    endloop
  endfacet
  facet normal 0 0 -1
    outer loop
      vertex -12.152728975209822 -11.235363539094037 0
      vertex -12.432605850053557 -11.067611796041719 0
      vertex -12.152728975209822 11.235363539094037 0
    endloop
  endfacet
  facet normal 0 0 -1
    outer loop
      vertex -11.89064233015588 -11.429740242568899 0
      vertex -12.152728975209822 -11.235363539094037 0
      vertex -11.89064233015588 11.429740242568899 0
    endloop
  endfacet
  facet normal 0 0 -1
    outer loop
      vertex -12.727577587386076 -10.928100554399972 0
      vertex -12.727577587386076 10.928100554399972 0
      vertex -12.432605850053557 11.067611796041719 0
    endloop
  endfacet
  facet normal 0 0 -1
    outer loop
      vertex -12.432605850053557 -11.067611796041719 0
      vertex -12.432605850053557 11.067611796041719 0
      vertex -12.152728975209822 11.235363539094037 0
    endloop
  endfacet
  facet normal 0 0 -1
    outer loop
      vertex -12.152728975209822 -11.235363539094037 0
      vertex -12.152728975209822 11.235363539094037 0
      vertex -11.89064233015588 11.429740242568899 0
    endloop
  endfacet
  facet normal 0 0 -1
    outer loop
      vertex -11.89064233015588 -11.429740242568899 0
      vertex -11.89064233015588 11.429740242568899 0
      vertex -11.64886995255473 11.64886995255473 0
    endloop
  endfacet
  facet normal 0 0 -1
    outer loop
      vertex -34 -58 0
      vertex -11.89064233015588 -16.5702597574311 0
      vertex 33.692564487457275 21.121445149183273 0
    endloop
  endfacet
  facet normal 0 0 -1
    outer loop
      vertex -11.64886995255473 -11.64886995255473 0
      vertex 11.89064233015588 11.429740242568899 0
      vertex -11.429740242568899 -11.89064233015588 0
    endloop
  endfacet
  facet normal 0 0 -1
    outer loop
      vertex -11.89064233015588 -11.429740242568899 0
      vertex 11.64886995255473 11.64886995255473 0
      vertex -11.64886995255473 -11.64886995255473 0
    endloop
  endfacet
  facet normal 0 0 -1
    outer loop
      vertex -11.429740242568899 -11.89064233015588 0
      vertex 12.152728975209822 11.235363539094037 0
      vertex -11.235363539094037 -12.152728975209822 0
    endloop
  endfacet
  facet normal 0 0 -1
    outer loop
      vertex -11.235363539094037 -12.152728975209822 0
      vertex 12.432605850053557 11.067611796041719 0
      vertex -11.067611796041719 -12.432605850053557 0
    endloop
  endfacet
  facet normal 0 0 -1
    outer loop
      vertex -10.928100554399972 -12.727577587386076 0
      vertex 13.034803448128912 10.818173383690405 0
      vertex -10.818173383690405 -13.034803448128912 0
    endloop
  endfacet
  facet normal 0 0 -1
    outer loop
      vertex -10.818173383690405 -13.034803448128912 0
      vertex 13.351324679296374 10.738888942659258 0
      vertex -10.738888942659258 -13.351324679296374 0
    endloop
  endfacet
  facet normal 0 0 -1
    outer loop
      vertex -10.691010783814946 -13.674093008404212 0
      vertex 14 10.675 0
      vertex -10.675 -14 0
    endloop
  endfacet
  facet normal 0 0 -1
    outer loop
      vertex -10.691010783814946 -14.325906991595788 0
      vertex 14.648675320703626 10.738888942659258 0
      vertex -10.738888942659258 -14.648675320703626 0
    endloop
  endfacet
  facet normal 0 0 -1
    outer loop
      vertex -10.818173383690405 -14.965196551871088 0
      vertex 15.272422412613924 10.928100554399972 0
      vertex -10.928100554399972 -15.272422412613924 0
    endloop
  endfacet
  facet normal 0 0 -1
    outer loop
      vertex -10.738888942659258 -14.648675320703626 0
      vertex 14.965196551871088 10.818173383690405 0
      vertex -10.818173383690405 -14.965196551871088 0
    endloop
  endfacet
  facet normal 0 0 -1
    outer loop
      vertex -10.675 -14 0
      vertex 14.325906991595788 10.691010783814946 0
      vertex -10.691010783814946 -14.325906991595788 0
    endloop
  endfacet
  facet normal 0 0 -1
    outer loop
      vertex -10.738888942659258 -13.351324679296374 0
      vertex 13.674093008404212 10.691010783814946 0
      vertex -10.691010783814946 -13.674093008404212 0
    endloop
  endfacet
  facet normal 0 0 -1
    outer loop
      vertex -11.067611796041719 -12.432605850053557 0
      vertex 12.727577587386076 10.928100554399972 0
      vertex -10.928100554399972 -12.727577587386076 0
    endloop
  endfacet
  facet normal 0 0 -1
    outer loop
      vertex -11.89064233015588 -11.429740242568899 0
      vertex -11.64886995255473 11.64886995255473 0
      vertex 11.64886995255473 11.64886995255473 0
    endloop
  endfacet
  facet normal 0 0 -1
    outer loop
      vertex -34 18 0
      vertex 13.351324679296374 17.26111105734074 0
      vertex -14 17.325 0
    endloop
  endfacet
  facet normal 0 0 -1
    outer loop
      vertex -34 18 0
      vertex -33.9229556247592 19.5682742446661 0
      vertex 33.311045370996 22.64455483853817 0
    endloop
  endfacet
  facet normal 0 0 -1
    outer loop
      vertex -33.9229556247592 19.5682742446661 0
      vertex -33.692564487457275 21.121445149183273 0
      vertex 32.78207252174616 24.12293491512537 0
    endloop
  endfacet
  facet normal 0 0 -1
    outer loop
      vertex -33.692564487457275 21.121445149183273 0
      vertex -33.311045370996 22.64455483853817 0
      vertex 32.11074022948742 25.54234778881073 0
    endloop
  endfacet
  facet normal 0 0 -1
    outer loop
      vertex -33.311045370996 22.64455483853817 0
      vertex -32.78207252174616 24.12293491512537 0
      vertex 31.303513795137405 26.88912373036146 0
    endloop
  endfacet
  facet normal 0 0 -1
    outer loop
      vertex -32.78207252174616 24.12293491512537 0
      vertex -32.11074022948742 25.54234778881073 0
      vertex 30.368167251348495 28.150292545557022 0
    endloop
  endfacet
  facet normal 0 0 -1
    outer loop
      vertex -32.11074022948742 25.54234778881073 0
      vertex -31.303513795137405 26.88912373036146 0
      vertex 29.313708499073982 29.313708499073982 0
    endloop
  endfacet
  facet normal 0 0 -1
    outer loop
      vertex -31.303513795137405 26.88912373036146 0
      vertex -30.368167251348495 28.150292545557022 0
      vertex 28.150292545557022 30.368167251348495 0
    endloop
  endfacet
  facet normal 0 0 -1
    outer loop
      vertex -30.368167251348495 28.150292545557022 0
      vertex -29.313708499073982 29.313708499073982 0
      vertex 26.88912373036146 31.303513795137405 0
    endloop
  endfacet
  facet normal 0 0 -1
    outer loop
      vertex -29.313708499073982 29.313708499073982 0
      vertex -28.150292545557022 30.368167251348495 0
      vertex 25.54234778881073 32.11074022948742 0
    endloop
  endfacet
  facet normal 0 0 -1
    outer loop
      vertex -28.150292545557022 30.368167251348495 0
      vertex -26.88912373036146 31.303513795137405 0
      vertex 24.12293491512537 32.78207252174616 0
    endloop
  endfacet
  facet normal 0 0 -1
    outer loop
      vertex -26.88912373036146 31.303513795137405 0
      vertex -25.54234778881073 32.11074022948742 0
      vertex 22.64455483853817 33.311045370996 0
    endloop
  endfacet
  facet normal 0 0 -1
    outer loop
      vertex -25.54234778881073 32.11074022948742 0
      vertex -24.12293491512537 32.78207252174616 0
      vertex 21.121445149183273 33.692564487457275 0
    endloop
  endfacet
  facet normal 0 0 -1
    outer loop
      vertex -24.12293491512537 32.78207252174616 0
      vertex -22.64455483853817 33.311045370996 0
      vertex 19.5682742446661 33.9229556247592 0
    endloop
  endfacet
  facet normal 0 0 -1
    outer loop
      vertex -22.64455483853817 33.311045370996 0
      vertex -21.121445149183273 33.692564487457275 0
      vertex 18 34 0
    endloop
  endfacet
  facet normal 0 0 -1
    outer loop
      vertex -12.727577587386076 17.071899445600028 0
      vertex -13.034803448128912 17.181826616309593 0
      vertex 12.727577587386076 17.071899445600028 0
    endloop
  endfacet
  facet normal 0 0 -1
    outer loop
      vertex -13.674093008404212 17.308989216185054 0
      vertex -14 17.325 0
      vertex 13.351324679296374 17.26111105734074 0
    endloop
  endfacet
  facet normal 0 0 -1
    outer loop
      vertex -13.351324679296374 17.26111105734074 0
      vertex -13.674093008404212 17.308989216185054 0
      vertex 13.351324679296374 17.26111105734074 0
    endloop
  endfacet
  facet normal 0 0 -1
    outer loop
      vertex -13.034803448128912 17.181826616309593 0
      vertex -13.351324679296374 17.26111105734074 0
      vertex 13.034803448128912 17.181826616309593 0
    endloop
  endfacet
  facet normal 0 0 -1
    outer loop
      vertex -11.64886995255473 11.64886995255473 0
      vertex -11.429740242568899 11.89064233015588 0
      vertex 11.64886995255473 11.64886995255473 0
    endloop
  endfacet
  facet normal 0 0 -1
    outer loop
      vertex -11.235363539094037 12.152728975209822 0
      vertex 11.429740242568899 11.89064233015588 0
      vertex -11.429740242568899 11.89064233015588 0
    endloop
  endfacet
  facet normal 0 0 -1
    outer loop
      vertex -11.067611796041719 12.432605850053557 0
      vertex 11.235363539094037 12.152728975209822 0
      vertex -11.235363539094037 12.152728975209822 0
    endloop
  endfacet
  facet normal 0 0 -1
    outer loop
      vertex -10.928100554399972 12.727577587386076 0
      vertex 11.067611796041719 12.432605850053557 0
      vertex -11.067611796041719 12.432605850053557 0
    endloop
  endfacet
  facet normal 0 0 -1
    outer loop
      vertex -10.818173383690405 13.034803448128912 0
      vertex 10.928100554399972 12.727577587386076 0
      vertex -10.928100554399972 12.727577587386076 0
    endloop
  endfacet
  facet normal 0 0 -1
    outer loop
      vertex -10.738888942659258 13.351324679296374 0
      vertex 10.818173383690405 13.034803448128912 0
      vertex -10.818173383690405 13.034803448128912 0
    endloop
  endfacet
  facet normal 0 0 -1
    outer loop
      vertex -10.691010783814946 13.674093008404212 0
      vertex 10.738888942659258 13.351324679296374 0
      vertex -10.738888942659258 13.351324679296374 0
    endloop
  endfacet
  facet normal 0 0 -1
    outer loop
      vertex -10.675 14 0
      vertex 10.691010783814946 13.674093008404212 0
      vertex -10.691010783814946 13.674093008404212 0
    endloop
  endfacet
  facet normal 0 0 -1
    outer loop
      vertex -10.691010783814946 14.325906991595788 0
      vertex 10.675 14 0
      vertex -10.675 14 0
    endloop
  endfacet
  facet normal 0 0 -1
    outer loop
      vertex -10.738888942659258 14.648675320703626 0
      vertex 10.691010783814946 14.325906991595788 0
      vertex -10.691010783814946 14.325906991595788 0
    endloop
  endfacet
  facet normal 0 0 -1
    outer loop
      vertex -10.818173383690405 14.965196551871088 0
      vertex 10.738888942659258 14.648675320703626 0
      vertex -10.738888942659258 14.648675320703626 0
    endloop
  endfacet
  facet normal 0 0 -1
    outer loop
      vertex -10.928100554399972 15.272422412613924 0
      vertex 10.818173383690405 14.965196551871088 0
      vertex -10.818173383690405 14.965196551871088 0
    endloop
  endfacet
  facet normal 0 0 -1
    outer loop
      vertex -11.067611796041719 15.567394149946443 0
      vertex 10.928100554399972 15.272422412613924 0
      vertex -10.928100554399972 15.272422412613924 0
    endloop
  endfacet
  facet normal 0 0 -1
    outer loop
      vertex -11.235363539094037 15.847271024790178 0
      vertex 11.067611796041719 15.567394149946443 0
      vertex -11.067611796041719 15.567394149946443 0
    endloop
  endfacet
  facet normal 0 0 -1
    outer loop
      vertex -11.64886995255473 16.35113004744527 0
      vertex 11.429740242568899 16.109357669844123 0
      vertex -11.429740242568899 16.109357669844123 0
    endloop
  endfacet
  facet normal 0 0 -1
    outer loop
      vertex -11.429740242568899 16.109357669844123 0
      vertex 11.235363539094037 15.847271024790178 0
      vertex -11.235363539094037 15.847271024790178 0
    endloop
  endfacet
  facet normal 0 0 -1
    outer loop
      vertex -11.89064233015588 16.5702597574311 0
      vertex -12.152728975209822 16.76463646090596 0
      vertex 11.89064233015588 16.5702597574311 0
    endloop
  endfacet
  facet normal 0 0 -1
    outer loop
      vertex -12.152728975209822 16.76463646090596 0
      vertex -12.432605850053557 16.93238820395828 0
      vertex 12.152728975209822 16.76463646090596 0
    endloop
  endfacet
  facet normal 0 0 -1
    outer loop
      vertex -12.432605850053557 16.93238820395828 0
      vertex -12.727577587386076 17.071899445600028 0
      vertex 12.432605850053557 16.93238820395828 0
    endloop
  endfacet
  facet normal 0 0 -1
    outer loop
      vertex -11.89064233015588 16.5702597574311 0
      vertex 11.64886995255473 16.35113004744527 0
      vertex -11.64886995255473 16.35113004744527 0
    endloop
  endfacet
  facet normal 0 0 -1
    outer loop
      vertex -34 18 0
      vertex 13.674093008404212 17.308989216185054 0
      vertex 13.351324679296374 17.26111105734074 0
    endloop
  endfacet
  facet normal 0 0 -1
    outer loop
      vertex -34 18 0
      vertex 14 17.325 0
      vertex 13.674093008404212 17.308989216185054 0
    endloop
  endfacet
  facet normal 0 0 -1
    outer loop
      vertex -21.121445149183273 33.692564487457275 0
      vertex -18 34 0
      vertex 18 34 0
    endloop
  endfacet
  facet normal 0 1 0
    outer loop
      vertex -18 34 0
      vertex -18 34 6.5
      vertex 18 34 6.5
    endloop
  endfacet
  facet normal 0 0 1
    outer loop
      vertex -34 -58 6.5
      vertex -21.90000000447035 -14.700000002980232 6.5
      vertex -34 18 6.5
    endloop
  endfacet
  facet normal 0 0 1
    outer loop
      vertex -21.90000000447035 -14.700000002980232 6.5
      vertex -21.896629309654237 -14.631388001143932 6.5
      vertex -34 18 6.5
    endloop
  endfacet
  facet normal 0 0 1
    outer loop
      vertex -21.896629309654237 -14.631388001143932 6.5
      vertex -21.88654969483614 -14.563436776399612 6.5
      vertex -34 18 6.5
    endloop
  endfacet
  facet normal 0 0 1
    outer loop
      vertex -21.88654969483614 -14.563436776399612 6.5
      vertex -21.86985823363066 -14.496800728142262 6.5
      vertex -34 18 6.5
    endloop
  endfacet
  facet normal 0 0 1
    outer loop
      vertex -21.86985823363066 -14.496800728142262 6.5
      vertex -21.84671567231417 -14.432121597230434 6.5
      vertex -34 18 6.5
    endloop
  endfacet
  facet normal 0 0 1
    outer loop
      vertex -21.84671567231417 -14.432121597230434 6.5
      vertex -21.817344887554647 -14.370022289454937 6.5
      vertex -34 18 6.5
    endloop
  endfacet
  facet normal 0 0 1
    outer loop
      vertex -21.817344887554647 -14.370022289454937 6.5
      vertex -21.782028733193876 -14.311100840568542 6.5
      vertex -34 18 6.5
    endloop
  endfacet
  facet normal 0 0 1
    outer loop
      vertex -21.782028733193876 -14.311100840568542 6.5
      vertex -21.741107320785524 -14.255924701690674 6.5
      vertex -34 18 6.5
    endloop
  endfacet
  facet normal 0 0 1
    outer loop
      vertex -21.741107320785524 -14.255924701690674 6.5
      vertex -21.694974748790266 -14.205025255680084 6.5
      vertex -34 18 6.5
    endloop
  endfacet
  facet normal 0 0 1
    outer loop
      vertex -21.694974748790266 -14.205025255680084 6.5
      vertex -21.644075302779676 -14.158892683684826 6.5
      vertex -34 18 6.5
    endloop
  endfacet
  facet normal 0 0 1
    outer loop
      vertex -21.644075302779676 -14.158892683684826 6.5
      vertex -21.588899163901807 -14.117971271276474 6.5
      vertex -34 18 6.5
    endloop
  endfacet
  facet normal 0 0 1
    outer loop
      vertex -20.732121592760087 -14.053284332156181 6.5
      vertex -20.67002228498459 -14.082655116915703 6.5
      vertex -19.803199276328087 -11.669858233630658 6.5
    endloop
  endfacet
  facet normal 0 0 1
    outer loop
      vertex -20.611100836098196 -14.117971271276474 6.5
      vertex -19.736563228070736 -11.68654969483614 6.5
      vertex -20.67002228498459 -14.082655116915703 6.5
    endloop
  endfacet
  facet normal 0 0 1
    outer loop
      vertex -20.611100836098196 -14.117971271276474 6.5
      vertex -20.555924697220327 -14.158892683684826 6.5
      vertex -19.668612003326416 -11.696629309654236 6.5
    endloop
  endfacet
  facet normal 0 0 1
    outer loop
      vertex -20.505025251209737 -14.205025255680084 6.5
      vertex -20.45889267921448 -14.255924701690674 6.5
      vertex -19.600000001490116 -11.700000004470349 6.5
    endloop
  endfacet
  facet normal 0 0 1
    outer loop
      vertex -20.555924697220327 -14.158892683684826 6.5
      vertex -20.505025251209737 -14.205025255680084 6.5
      vertex -19.600000001490116 -11.700000004470349 6.5
    endloop
  endfacet
  facet normal 0 0 1
    outer loop
      vertex -20.353284327685834 -14.432121597230434 6.5
      vertex -19.600000001490116 -11.700000004470349 6.5
      vertex -20.382655112445356 -14.370022289454937 6.5
    endloop
  endfacet
  facet normal 0 0 1
    outer loop
      vertex -20.417971266806127 -14.311100840568542 6.5
      vertex -20.382655112445356 -14.370022289454937 6.5
      vertex -19.600000001490116 -11.700000004470349 6.5
    endloop
  endfacet
  facet normal 0 0 1
    outer loop
      vertex -20.45889267921448 -14.255924701690674 6.5
      vertex -20.417971266806127 -14.311100840568542 6.5
      vertex -19.600000001490116 -11.700000004470349 6.5
    endloop
  endfacet
  facet normal 0 0 1
    outer loop
      vertex -21.588899163901807 -14.117971271276474 6.5
      vertex -21.529977715015413 -14.082655116915703 6.5
      vertex -20.28654969483614 -11.136563228070736 6.5
    endloop
  endfacet
  facet normal 0 0 1
    outer loop
      vertex -21.529977715015413 -14.082655116915703 6.5
      vertex -21.467878407239915 -14.053284332156181 6.5
      vertex -20.269858233630657 -11.203199276328087 6.5
    endloop
  endfacet
  facet normal 0 0 1
    outer loop
      vertex -21.40319927632809 -14.030141770839691 6.5
      vertex -21.336563228070737 -14.013450309634209 6.5
      vertex -20.217344887554646 -11.329977715015412 6.5
    endloop
  endfacet
  facet normal 0 0 1
    outer loop
      vertex -21.467878407239915 -14.053284332156181 6.5
      vertex -21.40319927632809 -14.030141770839691 6.5
      vertex -20.246715672314167 -11.267878407239914 6.5
    endloop
  endfacet
  facet normal 0 0 1
    outer loop
      vertex -21.336563228070737 -14.013450309634209 6.5
      vertex -21.268612003326417 -14.003370694816113 6.5
      vertex -20.182028733193874 -11.388899163901806 6.5
    endloop
  endfacet
  facet normal 0 0 1
    outer loop
      vertex -21.268612003326417 -14.003370694816113 6.5
      vertex -21.200000001490118 -14 6.5
      vertex -20.141107320785522 -11.444075302779675 6.5
    endloop
  endfacet
  facet normal 0 0 1
    outer loop
      vertex -21.200000001490118 -14 6.5
      vertex -20.999999998509885 -14 6.5
      vertex -20.094974748790264 -11.494974748790264 6.5
    endloop
  endfacet
  facet normal 0 0 1
    outer loop
      vertex -20.999999998509885 -14 6.5
      vertex -20.931387996673585 -14.003370694816113 6.5
      vertex -20.044075302779675 -11.541107320785523 6.5
    endloop
  endfacet
  facet normal 0 0 1
    outer loop
      vertex -20.931387996673585 -14.003370694816113 6.5
      vertex -20.863436771929265 -14.013450309634209 6.5
      vertex -19.988899163901806 -11.582028733193875 6.5
    endloop
  endfacet
  facet normal 0 0 1
    outer loop
      vertex -20.863436771929265 -14.013450309634209 6.5
      vertex -20.796800723671915 -14.030141770839691 6.5
      vertex -19.92997771501541 -11.617344887554646 6.5
    endloop
  endfacet
  facet normal 0 0 1
    outer loop
      vertex -20.796800723671915 -14.030141770839691 6.5
      vertex -20.732121592760087 -14.053284332156181 6.5
      vertex -19.867878407239914 -11.646715672314167 6.5
    endloop
  endfacet
  facet normal 0 0 1
    outer loop
      vertex -20.796800723671915 -14.030141770839691 6.5
      vertex -19.867878407239914 -11.646715672314167 6.5
      vertex -19.92997771501541 -11.617344887554646 6.5
    endloop
  endfacet
  facet normal 0 0 1
    outer loop
      vertex -21.40319927632809 -14.030141770839691 6.5
      vertex -20.217344887554646 -11.329977715015412 6.5
      vertex -20.246715672314167 -11.267878407239914 6.5
    endloop
  endfacet
  facet normal 0 0 1
    outer loop
      vertex -21.467878407239915 -14.053284332156181 6.5
      vertex -20.246715672314167 -11.267878407239914 6.5
      vertex -20.269858233630657 -11.203199276328087 6.5
    endloop
  endfacet
  facet normal 0 0 1
    outer loop
      vertex -21.529977715015413 -14.082655116915703 6.5
      vertex -20.269858233630657 -11.203199276328087 6.5
      vertex -20.28654969483614 -11.136563228070736 6.5
    endloop
  endfacet
  facet normal 0 0 1
    outer loop
      vertex -21.268612003326417 -14.003370694816113 6.5
      vertex -20.141107320785522 -11.444075302779675 6.5
      vertex -20.182028733193874 -11.388899163901806 6.5
    endloop
  endfacet
  facet normal 0 0 1
    outer loop
      vertex -21.336563228070737 -14.013450309634209 6.5
      vertex -20.182028733193874 -11.388899163901806 6.5
      vertex -20.217344887554646 -11.329977715015412 6.5
    endloop
  endfacet
  facet normal 0 0 1
    outer loop
      vertex -21.200000001490118 -14 6.5
      vertex -20.094974748790264 -11.494974748790264 6.5
      vertex -20.141107320785522 -11.444075302779675 6.5
    endloop
  endfacet
  facet normal 0 0 1
    outer loop
      vertex -20.931387996673585 -14.003370694816113 6.5
      vertex -19.988899163901806 -11.582028733193875 6.5
      vertex -20.044075302779675 -11.541107320785523 6.5
    endloop
  endfacet
  facet normal 0 0 1
    outer loop
      vertex -20.999999998509885 -14 6.5
      vertex -20.044075302779675 -11.541107320785523 6.5
      vertex -20.094974748790264 -11.494974748790264 6.5
    endloop
  endfacet
  facet normal 0 0 1
    outer loop
      vertex -20.863436771929265 -14.013450309634209 6.5
      vertex -19.92997771501541 -11.617344887554646 6.5
      vertex -19.988899163901806 -11.582028733193875 6.5
    endloop
  endfacet
  facet normal 0 0 1
    outer loop
      vertex -20.732121592760087 -14.053284332156181 6.5
      vertex -19.803199276328087 -11.669858233630658 6.5
      vertex -19.867878407239914 -11.646715672314167 6.5
    endloop
  endfacet
  facet normal 0 0 1
    outer loop
      vertex -20.67002228498459 -14.082655116915703 6.5
      vertex -19.736563228070736 -11.68654969483614 6.5
      vertex -19.803199276328087 -11.669858233630658 6.5
    endloop
  endfacet
  facet normal 0 0 1
    outer loop
      vertex -20.611100836098196 -14.117971271276474 6.5
      vertex -19.668612003326416 -11.696629309654236 6.5
      vertex -19.736563228070736 -11.68654969483614 6.5
    endloop
  endfacet
  facet normal 0 0 1
    outer loop
      vertex -20.555924697220327 -14.158892683684826 6.5
      vertex -19.600000001490116 -11.700000004470349 6.5
      vertex -19.668612003326416 -11.696629309654236 6.5
    endloop
  endfacet
  facet normal 0 0 1
    outer loop
      vertex -21.588899163901807 -14.117971271276474 6.5
      vertex -20.28654969483614 -11.136563228070736 6.5
      vertex -34 18 6.5
    endloop
  endfacet
  facet normal 0 0 1
    outer loop
      vertex -20.28654969483614 -11.136563228070736 6.5
      vertex -20.296629309654236 -11.068612003326416 6.5
      vertex -34 18 6.5
    endloop
  endfacet
  facet normal 0 0 1
    outer loop
      vertex -20.296629309654236 -11.068612003326416 6.5
      vertex -20.30000000447035 -11.000000001490116 6.5
      vertex -34 18 6.5
    endloop
  endfacet
  facet normal 0 0 1
    outer loop
      vertex -20.30000000447035 -11.000000001490116 6.5
      vertex -20.30000000447035 -10.799999998509884 6.5
      vertex -34 18 6.5
    endloop
  endfacet
  facet normal 0 0 1
    outer loop
      vertex -20.30000000447035 -10.799999998509884 6.5
      vertex -20.296629309654236 -10.731387996673584 6.5
      vertex -34 18 6.5
    endloop
  endfacet
  facet normal 0 0 1
    outer loop
      vertex -20.296629309654236 -10.731387996673584 6.5
      vertex -20.28654969483614 -10.663436771929264 6.5
      vertex -34 18 6.5
    endloop
  endfacet
  facet normal 0 0 1
    outer loop
      vertex -20.269858233630657 -10.596800723671914 6.5
      vertex -20.246715672314167 -10.532121592760086 6.5
      vertex -34 18 6.5
    endloop
  endfacet
  facet normal 0 0 1
    outer loop
      vertex -20.28654969483614 -10.663436771929264 6.5
      vertex -20.269858233630657 -10.596800723671914 6.5
      vertex -34 18 6.5
    endloop
  endfacet
  facet normal 0 0 1
    outer loop
      vertex -20.182028733193874 -10.411100836098194 6.5
      vertex -20.141107320785522 -10.355924697220326 6.5
      vertex -34 18 6.5
    endloop
  endfacet
  facet normal 0 0 1
    outer loop
      vertex -20.217344887554646 -10.470022284984589 6.5
      vertex -20.182028733193874 -10.411100836098194 6.5
      vertex -34 18 6.5
    endloop
  endfacet
  facet normal 0 0 1
    outer loop
      vertex -20.246715672314167 -10.532121592760086 6.5
      vertex -20.217344887554646 -10.470022284984589 6.5
      vertex -34 18 6.5
    endloop
  endfacet
  facet normal 0 0 1
    outer loop
      vertex -20.094974748790264 -10.305025251209736 6.5
      vertex -20.044075302779675 -10.258892679214478 6.5
      vertex -34 18 6.5
    endloop
  endfacet
  facet normal 0 0 1
    outer loop
      vertex -20.141107320785522 -10.355924697220326 6.5
      vertex -20.094974748790264 -10.305025251209736 6.5
      vertex -34 18 6.5
    endloop
  endfacet
  facet normal 0 0 1
    outer loop
      vertex -20.044075302779675 -10.258892679214478 6.5
      vertex -19.988899163901806 -10.217971266806126 6.5
      vertex -34 18 6.5
    endloop
  endfacet
  facet normal 0 0 1
    outer loop
      vertex -19.988899163901806 -10.217971266806126 6.5
      vertex -19.92997771501541 -10.182655112445355 6.5
      vertex -34 18 6.5
    endloop
  endfacet
  facet normal 0 0 1
    outer loop
      vertex -19.92997771501541 -10.182655112445355 6.5
      vertex -19.867878407239914 -10.153284327685833 6.5
      vertex -34 18 6.5
    endloop
  endfacet
  facet normal 0 0 1
    outer loop
      vertex -19.803199276328087 -10.130141766369343 6.5
      vertex -19.736563228070736 -10.11345030516386 6.5
      vertex -34 18 6.5
    endloop
  endfacet
  facet normal 0 0 1
    outer loop
      vertex -19.867878407239914 -10.153284327685833 6.5
      vertex -19.803199276328087 -10.130141766369343 6.5
      vertex -34 18 6.5
    endloop
  endfacet
  facet normal 0 0 1
    outer loop
      vertex -19.736563228070736 -10.11345030516386 6.5
      vertex -19.668612003326416 -10.103370690345765 6.5
      vertex -34 18 6.5
    endloop
  endfacet
  facet normal 0 0 1
    outer loop
      vertex -19.668612003326416 -10.103370690345765 6.5
      vertex -19.600000001490116 -10.099999995529652 6.5
      vertex -34 18 6.5
    endloop
  endfacet
  facet normal 0 0 1
    outer loop
      vertex -21.121445149183273 33.692564487457275 6.5
      vertex -18 34 6.5
      vertex -19.5682742446661 33.9229556247592 6.5
    endloop
  endfacet
  facet normal 0 0 1
    outer loop
      vertex -20.299999995529653 -14.700000002980232 6.5
      vertex 19.600000001490116 -11.700000004470349 6.5
      vertex -20.303370690345766 -14.631388001143932 6.5
    endloop
  endfacet
  facet normal 0 0 1
    outer loop
      vertex -20.303370690345766 -14.631388001143932 6.5
      vertex 19.600000001490116 -11.700000004470349 6.5
      vertex -20.31345030516386 -14.563436776399612 6.5
    endloop
  endfacet
  facet normal 0 0 1
    outer loop
      vertex -20.31345030516386 -14.563436776399612 6.5
      vertex 19.600000001490116 -11.700000004470349 6.5
      vertex -20.330141766369344 -14.496800728142262 6.5
    endloop
  endfacet
  facet normal 0 0 1
    outer loop
      vertex -20.330141766369344 -14.496800728142262 6.5
      vertex 19.600000001490116 -11.700000004470349 6.5
      vertex -20.353284327685834 -14.432121597230434 6.5
    endloop
  endfacet
  facet normal 0 0 1
    outer loop
      vertex -20.299999995529653 -14.700000002980232 6.5
      vertex -13 -22.675 6.5
      vertex 19.600000001490116 -11.700000004470349 6.5
    endloop
  endfacet
  facet normal 0 0 1
    outer loop
      vertex -20.353284327685834 -14.432121597230434 6.5
      vertex 19.600000001490116 -11.700000004470349 6.5
      vertex -19.600000001490116 -11.700000004470349 6.5
    endloop
  endfacet
  facet normal 0 0 1
    outer loop
      vertex -34 18 6.5
      vertex 33.311045370996 22.64455483853817 6.5
      vertex -33.9229556247592 19.5682742446661 6.5
    endloop
  endfacet
  facet normal 0 0 1
    outer loop
      vertex -33.9229556247592 19.5682742446661 6.5
      vertex 32.78207252174616 24.12293491512537 6.5
      vertex -33.692564487457275 21.121445149183273 6.5
    endloop
  endfacet
  facet normal 0 0 1
    outer loop
      vertex -33.692564487457275 21.121445149183273 6.5
      vertex 32.11074022948742 25.54234778881073 6.5
      vertex -33.311045370996 22.64455483853817 6.5
    endloop
  endfacet
  facet normal 0 0 1
    outer loop
      vertex -33.311045370996 22.64455483853817 6.5
      vertex 31.303513795137405 26.88912373036146 6.5
      vertex -32.78207252174616 24.12293491512537 6.5
    endloop
  endfacet
  facet normal 0 0 1
    outer loop
      vertex -32.78207252174616 24.12293491512537 6.5
      vertex 30.368167251348495 28.150292545557022 6.5
      vertex -32.11074022948742 25.54234778881073 6.5
    endloop
  endfacet
  facet normal 0 0 1
    outer loop
      vertex -32.11074022948742 25.54234778881073 6.5
      vertex 29.313708499073982 29.313708499073982 6.5
      vertex -31.303513795137405 26.88912373036146 6.5
    endloop
  endfacet
  facet normal 0 0 1
    outer loop
      vertex -31.303513795137405 26.88912373036146 6.5
      vertex 28.150292545557022 30.368167251348495 6.5
      vertex -30.368167251348495 28.150292545557022 6.5
    endloop
  endfacet
  facet normal 0 0 1
    outer loop
      vertex -30.368167251348495 28.150292545557022 6.5
      vertex 26.88912373036146 31.303513795137405 6.5
      vertex -29.313708499073982 29.313708499073982 6.5
    endloop
  endfacet
  facet normal 0 0 1
    outer loop
      vertex -29.313708499073982 29.313708499073982 6.5
      vertex 25.54234778881073 32.11074022948742 6.5
      vertex -28.150292545557022 30.368167251348495 6.5
    endloop
  endfacet
  facet normal 0 0 1
    outer loop
      vertex -28.150292545557022 30.368167251348495 6.5
      vertex 24.12293491512537 32.78207252174616 6.5
      vertex -26.88912373036146 31.303513795137405 6.5
    endloop
  endfacet
  facet normal 0 0 1
    outer loop
      vertex -26.88912373036146 31.303513795137405 6.5
      vertex 22.64455483853817 33.311045370996 6.5
      vertex -25.54234778881073 32.11074022948742 6.5
    endloop
  endfacet
  facet normal 0 0 1
    outer loop
      vertex -25.54234778881073 32.11074022948742 6.5
      vertex 21.121445149183273 33.692564487457275 6.5
      vertex -24.12293491512537 32.78207252174616 6.5
    endloop
  endfacet
  facet normal 0 0 1
    outer loop
      vertex -24.12293491512537 32.78207252174616 6.5
      vertex 19.5682742446661 33.9229556247592 6.5
      vertex -22.64455483853817 33.311045370996 6.5
    endloop
  endfacet
  facet normal 0 0 1
    outer loop
      vertex -22.64455483853817 33.311045370996 6.5
      vertex 18 34 6.5
      vertex -21.121445149183273 33.692564487457275 6.5
    endloop
  endfacet
  facet normal 0 0 1
    outer loop
      vertex -19.600000001490116 -10.099999995529652 6.5
      vertex 33.692564487457275 21.121445149183273 6.5
      vertex -34 18 6.5
    endloop
  endfacet
  facet normal 0 0 1
    outer loop
      vertex -21.121445149183273 33.692564487457275 6.5
      vertex 18 34 6.5
      vertex -18 34 6.5
    endloop
  endfacet
  facet normal 0 0 -1
    outer loop
      vertex -18 -74 0
      vertex 21.121445149183273 -73.69256448745728 0
      vertex 18 -74 0
    endloop
  endfacet
  facet normal 0 0 -1
    outer loop
      vertex -18 -74 0
      vertex 22.64455483853817 -73.311045370996 0
      vertex 21.121445149183273 -73.69256448745728 0
    endloop
  endfacet
  facet normal 0 0 -1
    outer loop
      vertex -19.5682742446661 -73.9229556247592 0
      vertex 24.12293491512537 -72.78207252174616 0
      vertex 22.64455483853817 -73.311045370996 0
    endloop
  endfacet
  facet normal 0 0 -1
    outer loop
      vertex -21.121445149183273 -73.69256448745728 0
      vertex 25.54234778881073 -72.11074022948742 0
      vertex 24.12293491512537 -72.78207252174616 0
    endloop
  endfacet
  facet normal 0 0 -1
    outer loop
      vertex -22.64455483853817 -73.311045370996 0
      vertex 26.88912373036146 -71.3035137951374 0
      vertex 25.54234778881073 -72.11074022948742 0
    endloop
  endfacet
  facet normal 0 0 -1
    outer loop
      vertex -24.12293491512537 -72.78207252174616 0
      vertex 28.150292545557022 -70.3681672513485 0
      vertex 26.88912373036146 -71.3035137951374 0
    endloop
  endfacet
  facet normal 0 0 -1
    outer loop
      vertex -25.54234778881073 -72.11074022948742 0
      vertex 29.313708499073982 -69.31370849907398 0
      vertex 28.150292545557022 -70.3681672513485 0
    endloop
  endfacet
  facet normal 0 0 -1
    outer loop
      vertex -26.88912373036146 -71.3035137951374 0
      vertex 30.368167251348495 -68.15029254555702 0
      vertex 29.313708499073982 -69.31370849907398 0
    endloop
  endfacet
  facet normal 0 0 -1
    outer loop
      vertex -28.150292545557022 -70.3681672513485 0
      vertex 31.303513795137405 -66.88912373036146 0
      vertex 30.368167251348495 -68.15029254555702 0
    endloop
  endfacet
  facet normal 0 0 -1
    outer loop
      vertex -29.313708499073982 -69.31370849907398 0
      vertex 32.11074022948742 -65.54234778881073 0
      vertex 31.303513795137405 -66.88912373036146 0
    endloop
  endfacet
  facet normal 0 0 -1
    outer loop
      vertex -30.368167251348495 -68.15029254555702 0
      vertex 32.78207252174616 -64.12293491512537 0
      vertex 32.11074022948742 -65.54234778881073 0
    endloop
  endfacet
  facet normal 0 0 -1
    outer loop
      vertex -31.303513795137405 -66.88912373036146 0
      vertex 33.311045370996 -62.64455483853817 0
      vertex 32.78207252174616 -64.12293491512537 0
    endloop
  endfacet
  facet normal 0 0 -1
    outer loop
      vertex -32.11074022948742 -65.54234778881073 0
      vertex 33.692564487457275 -61.12144514918327 0
      vertex 33.311045370996 -62.64455483853817 0
    endloop
  endfacet
  facet normal 0 0 -1
    outer loop
      vertex -32.78207252174616 -64.12293491512537 0
      vertex 33.9229556247592 -59.5682742446661 0
      vertex 33.692564487457275 -61.12144514918327 0
    endloop
  endfacet
  facet normal 0 0 -1
    outer loop
      vertex -33.311045370996 -62.64455483853817 0
      vertex 34 -58 0
      vertex 33.9229556247592 -59.5682742446661 0
    endloop
  endfacet
  facet normal 0 -1 0
    outer loop
      vertex -18 -74 6.5
      vertex 18 -74 0
      vertex 18 -74 6.5
    endloop
  endfacet
  facet normal 0 0 -1
    outer loop
      vertex -33.692564487457275 -61.12144514918327 0
      vertex 11.89064233015588 -16.5702597574311 0
      vertex 34 -58 0
    endloop
  endfacet
  facet normal 0 0 -1
    outer loop
      vertex 18 -74 0
      vertex 21.121445149183273 -73.69256448745728 0
      vertex 19.5682742446661 -73.9229556247592 0
    endloop
  endfacet
  facet normal 0.04906767561447288 -0.9987954561419434 0
    outer loop
      vertex 18 -74 0
      vertex 19.5682742446661 -73.9229556247592 0
      vertex 18 -74 6.5
    endloop
  endfacet
  facet normal 0.1467304728130379 -0.9891765102083967 0
    outer loop
      vertex 19.5682742446661 -73.9229556247592 0
      vertex 21.121445149183273 -73.69256448745728 0
      vertex 19.5682742446661 -73.9229556247592 6.5
    endloop
  endfacet
  facet normal 0.24298018010512687 -0.9700312531439801 0
    outer loop
      vertex 21.121445149183273 -73.69256448745728 0
      vertex 22.64455483853817 -73.311045370996 0
      vertex 21.121445149183273 -73.69256448745728 6.5
    endloop
  endfacet
  facet normal 0.33688985314918246 -0.941544065269981 0
    outer loop
      vertex 22.64455483853817 -73.311045370996 0
      vertex 24.12293491512537 -72.78207252174616 0
      vertex 22.64455483853817 -73.311045370996 6.5
    endloop
  endfacet
  facet normal 0.4275550937211572 -0.9039892929858697 0
    outer loop
      vertex 24.12293491512537 -72.78207252174616 0
      vertex 25.54234778881073 -72.11074022948742 0
      vertex 24.12293491512537 -72.78207252174616 6.5
    endloop
  endfacet
  facet normal 0.5141027442619813 -0.8577286099590591 0
    outer loop
      vertex 25.54234778881073 -72.11074022948742 0
      vertex 26.88912373036146 -71.3035137951374 0
      vertex 25.54234778881073 -72.11074022948742 6.5
    endloop
  endfacet
  facet normal 0.5956993057488355 -0.8032075305488335 0
    outer loop
      vertex 26.88912373036146 -71.3035137951374 0
      vertex 28.150292545557022 -70.3681672513485 0
      vertex 26.88912373036146 -71.3035137951374 6.5
    endloop
  endfacet
  facet normal 0.6715589535927202 -0.7409511264917887 0
    outer loop
      vertex 28.150292545557022 -70.3681672513485 0
      vertex 29.313708499073982 -69.31370849907398 0
      vertex 28.150292545557022 -70.3681672513485 6.5
    endloop
  endfacet
  facet normal 0.7409511264917887 -0.6715589535927202 0
    outer loop
      vertex 29.313708499073982 -69.31370849907398 0
      vertex 30.368167251348495 -68.15029254555702 0
      vertex 29.313708499073982 -69.31370849907398 6.5
    endloop
  endfacet
  facet normal 0.8032075305488335 -0.5956993057488355 0
    outer loop
      vertex 30.368167251348495 -68.15029254555702 0
      vertex 31.303513795137405 -66.88912373036146 0
      vertex 30.368167251348495 -68.15029254555702 6.5
    endloop
  endfacet
  facet normal 0.8577286099590591 -0.5141027442619813 0
    outer loop
      vertex 31.303513795137405 -66.88912373036146 0
      vertex 32.11074022948742 -65.54234778881073 0
      vertex 31.303513795137405 -66.88912373036146 6.5
    endloop
  endfacet
  facet normal 0.9039892929858697 -0.4275550937211572 0
    outer loop
      vertex 32.11074022948742 -65.54234778881073 0
      vertex 32.78207252174616 -64.12293491512537 0
      vertex 32.11074022948742 -65.54234778881073 6.5
    endloop
  endfacet
  facet normal 0.941544065269981 -0.33688985314918246 0
    outer loop
      vertex 32.78207252174616 -64.12293491512537 0
      vertex 33.311045370996 -62.64455483853817 0
      vertex 32.78207252174616 -64.12293491512537 6.5
    endloop
  endfacet
  facet normal 0.9700312531439801 -0.24298018010512687 0
    outer loop
      vertex 33.311045370996 -62.64455483853817 0
      vertex 33.692564487457275 -61.12144514918327 0
      vertex 33.311045370996 -62.64455483853817 6.5
    endloop
  endfacet
  facet normal 0.9891765102083967 -0.1467304728130379 0
    outer loop
      vertex 33.692564487457275 -61.12144514918327 0
      vertex 33.9229556247592 -59.5682742446661 0
      vertex 33.692564487457275 -61.12144514918327 6.5
    endloop
  endfacet
  facet normal 0.9987954561419434 -0.04906767561447288 0
    outer loop
      vertex 33.9229556247592 -59.5682742446661 0
      vertex 34 -58 0
      vertex 33.9229556247592 -59.5682742446661 6.5
    endloop
  endfacet
  facet normal 0.04906767561447288 -0.9987954561419434 0
    outer loop
      vertex 19.5682742446661 -73.9229556247592 0
      vertex 19.5682742446661 -73.9229556247592 6.5
      vertex 18 -74 6.5
    endloop
  endfacet
  facet normal 0.1467304728130379 -0.9891765102083967 0
    outer loop
      vertex 21.121445149183273 -73.69256448745728 0
      vertex 21.121445149183273 -73.69256448745728 6.5
      vertex 19.5682742446661 -73.9229556247592 6.5
    endloop
  endfacet
  facet normal 0.24298018010512687 -0.9700312531439801 0
    outer loop
      vertex 22.64455483853817 -73.311045370996 0
      vertex 22.64455483853817 -73.311045370996 6.5
      vertex 21.121445149183273 -73.69256448745728 6.5
    endloop
  endfacet
  facet normal 0.33688985314918246 -0.941544065269981 0
    outer loop
      vertex 24.12293491512537 -72.78207252174616 0
      vertex 24.12293491512537 -72.78207252174616 6.5
      vertex 22.64455483853817 -73.311045370996 6.5
    endloop
  endfacet
  facet normal 0.4275550937211572 -0.9039892929858697 0
    outer loop
      vertex 25.54234778881073 -72.11074022948742 0
      vertex 25.54234778881073 -72.11074022948742 6.5
      vertex 24.12293491512537 -72.78207252174616 6.5
    endloop
  endfacet
  facet normal 0.5141027442619813 -0.8577286099590591 0
    outer loop
      vertex 26.88912373036146 -71.3035137951374 0
      vertex 26.88912373036146 -71.3035137951374 6.5
      vertex 25.54234778881073 -72.11074022948742 6.5
    endloop
  endfacet
  facet normal 0.5956993057488355 -0.8032075305488335 0
    outer loop
      vertex 28.150292545557022 -70.3681672513485 0
      vertex 28.150292545557022 -70.3681672513485 6.5
      vertex 26.88912373036146 -71.3035137951374 6.5
    endloop
  endfacet
  facet normal 0.6715589535927202 -0.7409511264917887 0
    outer loop
      vertex 29.313708499073982 -69.31370849907398 0
      vertex 29.313708499073982 -69.31370849907398 6.5
      vertex 28.150292545557022 -70.3681672513485 6.5
    endloop
  endfacet
  facet normal 0.7409511264917887 -0.6715589535927202 0
    outer loop
      vertex 30.368167251348495 -68.15029254555702 0
      vertex 30.368167251348495 -68.15029254555702 6.5
      vertex 29.313708499073982 -69.31370849907398 6.5
    endloop
  endfacet
  facet normal 0.8032075305488335 -0.5956993057488355 0
    outer loop
      vertex 31.303513795137405 -66.88912373036146 0
      vertex 31.303513795137405 -66.88912373036146 6.5
      vertex 30.368167251348495 -68.15029254555702 6.5
    endloop
  endfacet
  facet normal 0.8577286099590591 -0.5141027442619813 0
    outer loop
      vertex 32.11074022948742 -65.54234778881073 0
      vertex 32.11074022948742 -65.54234778881073 6.5
      vertex 31.303513795137405 -66.88912373036146 6.5
    endloop
  endfacet
  facet normal 0.9039892929858697 -0.4275550937211572 0
    outer loop
      vertex 32.78207252174616 -64.12293491512537 0
      vertex 32.78207252174616 -64.12293491512537 6.5
      vertex 32.11074022948742 -65.54234778881073 6.5
    endloop
  endfacet
  facet normal 0.941544065269981 -0.33688985314918246 0
    outer loop
      vertex 33.311045370996 -62.64455483853817 0
      vertex 33.311045370996 -62.64455483853817 6.5
      vertex 32.78207252174616 -64.12293491512537 6.5
    endloop
  endfacet
  facet normal 0.9700312531439801 -0.24298018010512687 0
    outer loop
      vertex 33.692564487457275 -61.12144514918327 0
      vertex 33.692564487457275 -61.12144514918327 6.5
      vertex 33.311045370996 -62.64455483853817 6.5
    endloop
  endfacet
  facet normal 0.9891765102083967 -0.1467304728130379 0
    outer loop
      vertex 33.9229556247592 -59.5682742446661 0
      vertex 33.9229556247592 -59.5682742446661 6.5
      vertex 33.692564487457275 -61.12144514918327 6.5
    endloop
  endfacet
  facet normal 0.9987954561419434 -0.04906767561447288 0
    outer loop
      vertex 34 -58 0
      vertex 34 -58 6.5
      vertex 33.9229556247592 -59.5682742446661 6.5
    endloop
  endfacet
  facet normal 0 0 -1
    outer loop
      vertex 34 -58 0
      vertex 11.89064233015588 -16.5702597574311 0
      vertex 12.152728975209822 -16.76463646090596 0
    endloop
  endfacet
  facet normal 0 0 -1
    outer loop
      vertex 34 -58 0
      vertex 12.152728975209822 -16.76463646090596 0
      vertex 12.432605850053557 -16.93238820395828 0
    endloop
  endfacet
  facet normal 0 0 -1
    outer loop
      vertex 34 -58 0
      vertex 12.432605850053557 -16.93238820395828 0
      vertex 12.727577587386076 -17.071899445600028 0
    endloop
  endfacet
  facet normal 0 0 -1
    outer loop
      vertex 34 -58 0
      vertex 12.727577587386076 -17.071899445600028 0
      vertex 13.034803448128912 -17.181826616309593 0
    endloop
  endfacet
  facet normal 0 0 -1
    outer loop
      vertex 34 -58 0
      vertex 13.034803448128912 -17.181826616309593 0
      vertex 13.351324679296374 -17.26111105734074 0
    endloop
  endfacet
  facet normal 0 0 -1
    outer loop
      vertex 34 -58 0
      vertex 13.351324679296374 -17.26111105734074 0
      vertex 13.674093008404212 -17.308989216185054 0
    endloop
  endfacet
  facet normal 0 0 -1
    outer loop
      vertex 34 -58 0
      vertex 13.674093008404212 -17.308989216185054 0
      vertex 14 -17.325 0
    endloop
  endfacet
  facet normal 0 0 -1
    outer loop
      vertex 34 -58 0
      vertex 14 -17.325 0
      vertex 14.325906991595788 -17.308989216185054 0
    endloop
  endfacet
  facet normal 0 0 -1
    outer loop
      vertex 34 -58 0
      vertex 14.325906991595788 -17.308989216185054 0
      vertex 14.648675320703626 -17.26111105734074 0
    endloop
  endfacet
  facet normal 0 0 -1
    outer loop
      vertex 34 -58 0
      vertex 14.648675320703626 -17.26111105734074 0
      vertex 14.965196551871088 -17.181826616309593 0
    endloop
  endfacet
  facet normal 0 0 -1
    outer loop
      vertex 34 -58 0
      vertex 14.965196551871088 -17.181826616309593 0
      vertex 15.272422412613924 -17.071899445600028 0
    endloop
  endfacet
  facet normal 0 0 -1
    outer loop
      vertex 34 -58 0
      vertex 15.272422412613924 -17.071899445600028 0
      vertex 15.567394149946443 -16.93238820395828 0
    endloop
  endfacet
  facet normal 0 0 -1
    outer loop
      vertex 34 -58 0
      vertex 15.567394149946443 -16.93238820395828 0
      vertex 15.847271024790178 -16.76463646090596 0
    endloop
  endfacet
  facet normal 0 0 -1
    outer loop
      vertex 34 -58 0
      vertex 15.847271024790178 -16.76463646090596 0
      vertex 16.109357669844123 -16.5702597574311 0
    endloop
  endfacet
  facet normal 0 0 -1
    outer loop
      vertex 34 -58 0
      vertex 16.109357669844123 -16.5702597574311 0
      vertex 16.35113004744527 -16.35113004744527 0
    endloop
  endfacet
  facet normal 0 0 -1
    outer loop
      vertex 34 -58 0
      vertex 16.35113004744527 -16.35113004744527 0
      vertex 16.5702597574311 -16.109357669844123 0
    endloop
  endfacet
  facet normal 0 0 -1
    outer loop
      vertex 34 -58 0
      vertex 16.5702597574311 -16.109357669844123 0
      vertex 16.76463646090596 -15.847271024790178 0
    endloop
  endfacet
  facet normal 0 0 -1
    outer loop
      vertex 34 -58 0
      vertex 16.76463646090596 -15.847271024790178 0
      vertex 16.93238820395828 -15.567394149946443 0
    endloop
  endfacet
  facet normal 1 0 0
    outer loop
      vertex 34 -58 0
      vertex 34 18 0
      vertex 34 -58 6.5
    endloop
  endfacet
  facet normal 0 0 1
    outer loop
      vertex -32.78207252174616 -64.12293491512537 6.5
      vertex 20.382655112445356 -61.62997771054506 6.5
      vertex 20.353284327685834 -61.567878402769566 6.5
    endloop
  endfacet
  facet normal 0 0 1
    outer loop
      vertex -32.78207252174616 -64.12293491512537 6.5
      vertex 20.353284327685834 -61.567878402769566 6.5
      vertex 20.330141766369344 -61.50319927185774 6.5
    endloop
  endfacet
  facet normal 0 0 1
    outer loop
      vertex -32.78207252174616 -64.12293491512537 6.5
      vertex 20.330141766369344 -61.50319927185774 6.5
      vertex 20.31345030516386 -61.43656322360039 6.5
    endloop
  endfacet
  facet normal 0 0 1
    outer loop
      vertex -32.78207252174616 -64.12293491512537 6.5
      vertex 20.31345030516386 -61.43656322360039 6.5
      vertex 20.303370690345766 -61.36861199885607 6.5
    endloop
  endfacet
  facet normal 0 0 1
    outer loop
      vertex -32.78207252174616 -64.12293491512537 6.5
      vertex 20.303370690345766 -61.36861199885607 6.5
      vertex 20.299999995529653 -61.29999999701977 6.5
    endloop
  endfacet
  facet normal 0 0 1
    outer loop
      vertex -32.11074022948742 -65.54234778881073 6.5
      vertex 20.555924697220327 -61.841107316315174 6.5
      vertex 20.505025251209737 -61.794974744319916 6.5
    endloop
  endfacet
  facet normal 0 0 1
    outer loop
      vertex -32.11074022948742 -65.54234778881073 6.5
      vertex 20.611100836098196 -61.882028728723526 6.5
      vertex 20.555924697220327 -61.841107316315174 6.5
    endloop
  endfacet
  facet normal 0 0 1
    outer loop
      vertex -32.11074022948742 -65.54234778881073 6.5
      vertex 20.732121592760087 -61.94671566784382 6.5
      vertex 20.67002228498459 -61.9173448830843 6.5
    endloop
  endfacet
  facet normal 0 0 1
    outer loop
      vertex -32.11074022948742 -65.54234778881073 6.5
      vertex 20.67002228498459 -61.9173448830843 6.5
      vertex 20.611100836098196 -61.882028728723526 6.5
    endloop
  endfacet
  facet normal 0 0 1
    outer loop
      vertex -32.11074022948742 -65.54234778881073 6.5
      vertex 20.863436771929265 -61.98654969036579 6.5
      vertex 20.796800723671915 -61.96985822916031 6.5
    endloop
  endfacet
  facet normal 0 0 1
    outer loop
      vertex -32.11074022948742 -65.54234778881073 6.5
      vertex 20.796800723671915 -61.96985822916031 6.5
      vertex 20.732121592760087 -61.94671566784382 6.5
    endloop
  endfacet
  facet normal 0 0 1
    outer loop
      vertex -32.78207252174616 -64.12293491512537 6.5
      vertex 20.45889267921448 -61.744075298309326 6.5
      vertex 20.417971266806127 -61.68889915943146 6.5
    endloop
  endfacet
  facet normal 0 0 1
    outer loop
      vertex -32.78207252174616 -64.12293491512537 6.5
      vertex 20.417971266806127 -61.68889915943146 6.5
      vertex 20.382655112445356 -61.62997771054506 6.5
    endloop
  endfacet
  facet normal 0 0 1
    outer loop
      vertex -32.11074022948742 -65.54234778881073 6.5
      vertex 20.505025251209737 -61.794974744319916 6.5
      vertex 20.45889267921448 -61.744075298309326 6.5
    endloop
  endfacet
  facet normal 0 0 1
    outer loop
      vertex -32.11074022948742 -65.54234778881073 6.5
      vertex 20.931387996673585 -61.99662930518389 6.5
      vertex 20.863436771929265 -61.98654969036579 6.5
    endloop
  endfacet
  facet normal 0 0 1
    outer loop
      vertex -18 -74 6.5
      vertex 18 -74 6.5
      vertex 21.121445149183273 -73.69256448745728 6.5
    endloop
  endfacet
  facet normal 0 0 1
    outer loop
      vertex -32.11074022948742 -65.54234778881073 6.5
      vertex 33.311045370996 -62.64455483853817 6.5
      vertex 20.931387996673585 -61.99662930518389 6.5
    endloop
  endfacet
  facet normal 0 0 1
    outer loop
      vertex -18 -74 6.5
      vertex 21.121445149183273 -73.69256448745728 6.5
      vertex 22.64455483853817 -73.311045370996 6.5
    endloop
  endfacet
  facet normal 0 0 1
    outer loop
      vertex -19.5682742446661 -73.9229556247592 6.5
      vertex 22.64455483853817 -73.311045370996 6.5
      vertex 24.12293491512537 -72.78207252174616 6.5
    endloop
  endfacet
  facet normal 0 0 1
    outer loop
      vertex -21.121445149183273 -73.69256448745728 6.5
      vertex 24.12293491512537 -72.78207252174616 6.5
      vertex 25.54234778881073 -72.11074022948742 6.5
    endloop
  endfacet
  facet normal 0 0 1
    outer loop
      vertex -22.64455483853817 -73.311045370996 6.5
      vertex 25.54234778881073 -72.11074022948742 6.5
      vertex 26.88912373036146 -71.3035137951374 6.5
    endloop
  endfacet
  facet normal 0 0 1
    outer loop
      vertex -24.12293491512537 -72.78207252174616 6.5
      vertex 26.88912373036146 -71.3035137951374 6.5
      vertex 28.150292545557022 -70.3681672513485 6.5
    endloop
  endfacet
  facet normal 0 0 1
    outer loop
      vertex -25.54234778881073 -72.11074022948742 6.5
      vertex 28.150292545557022 -70.3681672513485 6.5
      vertex 29.313708499073982 -69.31370849907398 6.5
    endloop
  endfacet
  facet normal 0 0 1
    outer loop
      vertex -26.88912373036146 -71.3035137951374 6.5
      vertex 29.313708499073982 -69.31370849907398 6.5
      vertex 30.368167251348495 -68.15029254555702 6.5
    endloop
  endfacet
  facet normal 0 0 1
    outer loop
      vertex -28.150292545557022 -70.3681672513485 6.5
      vertex 30.368167251348495 -68.15029254555702 6.5
      vertex 31.303513795137405 -66.88912373036146 6.5
    endloop
  endfacet
  facet normal 0 0 1
    outer loop
      vertex -29.313708499073982 -69.31370849907398 6.5
      vertex 31.303513795137405 -66.88912373036146 6.5
      vertex 32.11074022948742 -65.54234778881073 6.5
    endloop
  endfacet
  facet normal 0 0 1
    outer loop
      vertex -30.368167251348495 -68.15029254555702 6.5
      vertex 32.11074022948742 -65.54234778881073 6.5
      vertex 32.78207252174616 -64.12293491512537 6.5
    endloop
  endfacet
  facet normal 0 0 1
    outer loop
      vertex -31.303513795137405 -66.88912373036146 6.5
      vertex 32.78207252174616 -64.12293491512537 6.5
      vertex 33.311045370996 -62.64455483853817 6.5
    endloop
  endfacet
  facet normal 0 0 1
    outer loop
      vertex 20.299999995529653 -61.29999999701977 6.5
      vertex -9.928100554399972 -27.272422412613924 6.5
      vertex -10.067611796041719 -27.56739414994644 6.5
    endloop
  endfacet
  facet normal 0 0 1
    outer loop
      vertex 20.299999995529653 -61.29999999701977 6.5
      vertex -9.818173383690405 -26.965196551871088 6.5
      vertex -9.928100554399972 -27.272422412613924 6.5
    endloop
  endfacet
  facet normal 0 0 1
    outer loop
      vertex 20.299999995529653 -61.29999999701977 6.5
      vertex 12.351324679296374 -29.26111105734074 6.5
      vertex -9.818173383690405 -26.965196551871088 6.5
    endloop
  endfacet
  facet normal 0 0 1
    outer loop
      vertex -9.818173383690405 -26.965196551871088 6.5
      vertex 10.429740242568899 -28.109357669844123 6.5
      vertex 10.235363539094037 -27.847271024790178 6.5
    endloop
  endfacet
  facet normal 0 0 1
    outer loop
      vertex -9.818173383690405 -26.965196551871088 6.5
      vertex 10.067611796041719 -27.56739414994644 6.5
      vertex 9.928100554399972 -27.272422412613924 6.5
    endloop
  endfacet
  facet normal 0 0 1
    outer loop
      vertex -9.818173383690405 -26.965196551871088 6.5
      vertex 9.928100554399972 -27.272422412613924 6.5
      vertex 9.818173383690405 -26.965196551871088 6.5
    endloop
  endfacet
  facet normal 0 0 1
    outer loop
      vertex -9.818173383690405 -26.965196551871088 6.5
      vertex 9.818173383690405 -26.965196551871088 6.5
      vertex 9.738888942659258 -26.648675320703628 6.5
    endloop
  endfacet
  facet normal 0 0 1
    outer loop
      vertex -9.818173383690405 -26.965196551871088 6.5
      vertex 10.235363539094037 -27.847271024790178 6.5
      vertex 10.067611796041719 -27.56739414994644 6.5
    endloop
  endfacet
  facet normal 0 0 1
    outer loop
      vertex -9.818173383690405 -26.965196551871088 6.5
      vertex 10.64886995255473 -28.35113004744527 6.5
      vertex 10.429740242568899 -28.109357669844123 6.5
    endloop
  endfacet
  facet normal 0 0 1
    outer loop
      vertex -9.818173383690405 -26.965196551871088 6.5
      vertex 10.89064233015588 -28.5702597574311 6.5
      vertex 10.64886995255473 -28.35113004744527 6.5
    endloop
  endfacet
  facet normal 0 0 1
    outer loop
      vertex -9.818173383690405 -26.965196551871088 6.5
      vertex 11.152728975209822 -28.76463646090596 6.5
      vertex 10.89064233015588 -28.5702597574311 6.5
    endloop
  endfacet
  facet normal 0 0 1
    outer loop
      vertex -9.738888942659258 -26.648675320703628 6.5
      vertex 9.738888942659258 -26.648675320703628 6.5
      vertex 9.691010783814946 -26.32590699159579 6.5
    endloop
  endfacet
  facet normal 0 0 1
    outer loop
      vertex -9.691010783814946 -26.32590699159579 6.5
      vertex 9.691010783814946 -26.32590699159579 6.5
      vertex 9.675 -26 6.5
    endloop
  endfacet
  facet normal 0 0 1
    outer loop
      vertex -9.675 -26 6.5
      vertex 9.675 -26 6.5
      vertex 9.691010783814946 -25.67409300840421 6.5
    endloop
  endfacet
  facet normal 0 0 1
    outer loop
      vertex -9.691010783814946 -25.67409300840421 6.5
      vertex 9.691010783814946 -25.67409300840421 6.5
      vertex 9.738888942659258 -25.351324679296372 6.5
    endloop
  endfacet
  facet normal 0 0 1
    outer loop
      vertex -9.738888942659258 -25.351324679296372 6.5
      vertex 9.738888942659258 -25.351324679296372 6.5
      vertex 9.818173383690405 -25.034803448128912 6.5
    endloop
  endfacet
  facet normal 0 0 1
    outer loop
      vertex -9.818173383690405 -25.034803448128912 6.5
      vertex 9.818173383690405 -25.034803448128912 6.5
      vertex 9.928100554399972 -24.727577587386076 6.5
    endloop
  endfacet
  facet normal 0 0 1
    outer loop
      vertex -9.928100554399972 -24.727577587386076 6.5
      vertex 9.928100554399972 -24.727577587386076 6.5
      vertex 10.067611796041719 -24.43260585005356 6.5
    endloop
  endfacet
  facet normal 0 0 1
    outer loop
      vertex -10.067611796041719 -24.43260585005356 6.5
      vertex 10.067611796041719 -24.43260585005356 6.5
      vertex 10.235363539094037 -24.152728975209822 6.5
    endloop
  endfacet
  facet normal 0 0 1
    outer loop
      vertex -10.235363539094037 -24.152728975209822 6.5
      vertex 10.235363539094037 -24.152728975209822 6.5
      vertex 10.429740242568899 -23.890642330155877 6.5
    endloop
  endfacet
  facet normal 0 0 1
    outer loop
      vertex -10.429740242568899 -23.890642330155877 6.5
      vertex 10.429740242568899 -23.890642330155877 6.5
      vertex 10.64886995255473 -23.64886995255473 6.5
    endloop
  endfacet
  facet normal 0 0 1
    outer loop
      vertex -10.64886995255473 -23.64886995255473 6.5
      vertex 10.64886995255473 -23.64886995255473 6.5
      vertex 10.89064233015588 -23.4297402425689 6.5
    endloop
  endfacet
  facet normal 0 0 1
    outer loop
      vertex -10.89064233015588 -23.4297402425689 6.5
      vertex 10.89064233015588 -23.4297402425689 6.5
      vertex 11.152728975209822 -23.23536353909404 6.5
    endloop
  endfacet
  facet normal 0 0 1
    outer loop
      vertex -11.152728975209822 -23.23536353909404 6.5
      vertex 11.152728975209822 -23.23536353909404 6.5
      vertex 11.432605850053557 -23.06761179604172 6.5
    endloop
  endfacet
  facet normal 0 0 1
    outer loop
      vertex -11.432605850053557 -23.06761179604172 6.5
      vertex 11.432605850053557 -23.06761179604172 6.5
      vertex 11.727577587386076 -22.928100554399972 6.5
    endloop
  endfacet
  facet normal 0 0 1
    outer loop
      vertex -11.727577587386076 -22.928100554399972 6.5
      vertex 11.727577587386076 -22.928100554399972 6.5
      vertex 12.034803448128912 -22.818173383690407 6.5
    endloop
  endfacet
  facet normal 0 0 1
    outer loop
      vertex -12.034803448128912 -22.818173383690407 6.5
      vertex 12.034803448128912 -22.818173383690407 6.5
      vertex 12.351324679296374 -22.73888894265926 6.5
    endloop
  endfacet
  facet normal 0 0 1
    outer loop
      vertex -9.818173383690405 -26.965196551871088 6.5
      vertex 12.351324679296374 -29.26111105734074 6.5
      vertex 12.034803448128912 -29.181826616309593 6.5
    endloop
  endfacet
  facet normal 0 0 1
    outer loop
      vertex -9.818173383690405 -26.965196551871088 6.5
      vertex 11.432605850053557 -28.93238820395828 6.5
      vertex 11.152728975209822 -28.76463646090596 6.5
    endloop
  endfacet
  facet normal 0 0 1
    outer loop
      vertex -9.818173383690405 -26.965196551871088 6.5
      vertex 11.727577587386076 -29.071899445600028 6.5
      vertex 11.432605850053557 -28.93238820395828 6.5
    endloop
  endfacet
  facet normal 0 0 1
    outer loop
      vertex -9.818173383690405 -26.965196551871088 6.5
      vertex 12.034803448128912 -29.181826616309593 6.5
      vertex 11.727577587386076 -29.071899445600028 6.5
    endloop
  endfacet
  facet normal 0 0 1
    outer loop
      vertex 20.299999995529653 -61.29999999701977 6.5
      vertex 12.674093008404212 -29.308989216185054 6.5
      vertex 12.351324679296374 -29.26111105734074 6.5
    endloop
  endfacet
  facet normal 0 0 1
    outer loop
      vertex 20.299999995529653 -61.29999999701977 6.5
      vertex 13 -29.325 6.5
      vertex 12.674093008404212 -29.308989216185054 6.5
    endloop
  endfacet
  facet normal 0 0 1
    outer loop
      vertex 20.299999995529653 -61.29999999701977 6.5
      vertex 13.325906991595788 -29.308989216185054 6.5
      vertex 13 -29.325 6.5
    endloop
  endfacet
  facet normal 0 0 1
    outer loop
      vertex 20.299999995529653 -61.29999999701977 6.5
      vertex 13.648675320703626 -29.26111105734074 6.5
      vertex 13.325906991595788 -29.308989216185054 6.5
    endloop
  endfacet
  facet normal 0 0 1
    outer loop
      vertex 20.299999995529653 -61.29999999701977 6.5
      vertex 13.965196551871088 -29.181826616309593 6.5
      vertex 13.648675320703626 -29.26111105734074 6.5
    endloop
  endfacet
  facet normal 0 0 1
    outer loop
      vertex 20.299999995529653 -61.29999999701977 6.5
      vertex 14.272422412613924 -29.071899445600028 6.5
      vertex 13.965196551871088 -29.181826616309593 6.5
    endloop
  endfacet
  facet normal 0 0 1
    outer loop
      vertex 20.299999995529653 -61.29999999701977 6.5
      vertex 14.567394149946443 -28.93238820395828 6.5
      vertex 14.272422412613924 -29.071899445600028 6.5
    endloop
  endfacet
  facet normal 0 0 1
    outer loop
      vertex 20.299999995529653 -61.29999999701977 6.5
      vertex 14.847271024790178 -28.76463646090596 6.5
      vertex 14.567394149946443 -28.93238820395828 6.5
    endloop
  endfacet
  facet normal 0 0 1
    outer loop
      vertex 20.299999995529653 -61.29999999701977 6.5
      vertex 15.10935766984412 -28.5702597574311 6.5
      vertex 14.847271024790178 -28.76463646090596 6.5
    endloop
  endfacet
  facet normal 0 0 1
    outer loop
      vertex 20.299999995529653 -61.29999999701977 6.5
      vertex 15.35113004744527 -28.35113004744527 6.5
      vertex 15.10935766984412 -28.5702597574311 6.5
    endloop
  endfacet
  facet normal 0 0 1
    outer loop
      vertex 18 -74 6.5
      vertex 19.5682742446661 -73.9229556247592 6.5
      vertex 21.121445149183273 -73.69256448745728 6.5
    endloop
  endfacet
  facet normal 0 0 1
    outer loop
      vertex 20.931387996673585 -61.99662930518389 6.5
      vertex 33.311045370996 -62.64455483853817 6.5
      vertex 20.999999998509885 -62 6.5
    endloop
  endfacet
  facet normal 0 0 1
    outer loop
      vertex 20.999999998509885 -62 6.5
      vertex 33.311045370996 -62.64455483853817 6.5
      vertex 21.200000001490118 -62 6.5
    endloop
  endfacet
  facet normal 0 0 1
    outer loop
      vertex 21.200000001490118 -62 6.5
      vertex 33.311045370996 -62.64455483853817 6.5
      vertex 21.268612003326417 -61.99662930518389 6.5
    endloop
  endfacet
  facet normal 0 0 1
    outer loop
      vertex 21.336563228070737 -61.98654969036579 6.5
      vertex 33.311045370996 -62.64455483853817 6.5
      vertex 21.40319927632809 -61.96985822916031 6.5
    endloop
  endfacet
  facet normal 0 0 1
    outer loop
      vertex 21.268612003326417 -61.99662930518389 6.5
      vertex 33.311045370996 -62.64455483853817 6.5
      vertex 21.336563228070737 -61.98654969036579 6.5
    endloop
  endfacet
  facet normal 0 0 1
    outer loop
      vertex 21.40319927632809 -61.96985822916031 6.5
      vertex 33.311045370996 -62.64455483853817 6.5
      vertex 21.467878407239915 -61.94671566784382 6.5
    endloop
  endfacet
  facet normal 0 0 1
    outer loop
      vertex 21.467878407239915 -61.94671566784382 6.5
      vertex 33.311045370996 -62.64455483853817 6.5
      vertex 21.529977715015413 -61.9173448830843 6.5
    endloop
  endfacet
  facet normal 0 0 1
    outer loop
      vertex 21.529977715015413 -61.9173448830843 6.5
      vertex 33.692564487457275 -61.12144514918327 6.5
      vertex 21.588899163901807 -61.882028728723526 6.5
    endloop
  endfacet
  facet normal 0 0 1
    outer loop
      vertex 21.588899163901807 -61.882028728723526 6.5
      vertex 33.692564487457275 -61.12144514918327 6.5
      vertex 21.644075302779676 -61.841107316315174 6.5
    endloop
  endfacet
  facet normal 0 0 1
    outer loop
      vertex 21.644075302779676 -61.841107316315174 6.5
      vertex 33.692564487457275 -61.12144514918327 6.5
      vertex 21.694974748790266 -61.794974744319916 6.5
    endloop
  endfacet
  facet normal 0 0 1
    outer loop
      vertex 21.694974748790266 -61.794974744319916 6.5
      vertex 33.692564487457275 -61.12144514918327 6.5
      vertex 21.741107320785524 -61.744075298309326 6.5
    endloop
  endfacet
  facet normal 0 0 1
    outer loop
      vertex 21.741107320785524 -61.744075298309326 6.5
      vertex 33.692564487457275 -61.12144514918327 6.5
      vertex 21.782028733193876 -61.68889915943146 6.5
    endloop
  endfacet
  facet normal 0 0 1
    outer loop
      vertex 21.782028733193876 -61.68889915943146 6.5
      vertex 33.692564487457275 -61.12144514918327 6.5
      vertex 21.817344887554647 -61.62997771054506 6.5
    endloop
  endfacet
  facet normal 0 0 1
    outer loop
      vertex 21.817344887554647 -61.62997771054506 6.5
      vertex 33.692564487457275 -61.12144514918327 6.5
      vertex 21.84671567231417 -61.567878402769566 6.5
    endloop
  endfacet
  facet normal 0 0 1
    outer loop
      vertex 21.84671567231417 -61.567878402769566 6.5
      vertex 33.692564487457275 -61.12144514918327 6.5
      vertex 21.86985823363066 -61.50319927185774 6.5
    endloop
  endfacet
  facet normal 0 0 1
    outer loop
      vertex 21.86985823363066 -61.50319927185774 6.5
      vertex 33.692564487457275 -61.12144514918327 6.5
      vertex 21.88654969483614 -61.43656322360039 6.5
    endloop
  endfacet
  facet normal 0 0 1
    outer loop
      vertex 21.88654969483614 -61.43656322360039 6.5
      vertex 33.692564487457275 -61.12144514918327 6.5
      vertex 21.896629309654237 -61.36861199885607 6.5
    endloop
  endfacet
  facet normal 0 0 1
    outer loop
      vertex 21.896629309654237 -61.36861199885607 6.5
      vertex 33.692564487457275 -61.12144514918327 6.5
      vertex 21.90000000447035 -61.29999999701977 6.5
    endloop
  endfacet
  facet normal 0 0 1
    outer loop
      vertex 21.529977715015413 -61.9173448830843 6.5
      vertex 33.311045370996 -62.64455483853817 6.5
      vertex 33.692564487457275 -61.12144514918327 6.5
    endloop
  endfacet
  facet normal 0 0 1
    outer loop
      vertex 20.299999995529653 -61.29999999701977 6.5
      vertex 15.570259757431101 -28.109357669844123 6.5
      vertex 15.35113004744527 -28.35113004744527 6.5
    endloop
  endfacet
  facet normal 0 0 1
    outer loop
      vertex 20.299999995529653 -61.29999999701977 6.5
      vertex 15.764636460905963 -27.847271024790178 6.5
      vertex 15.570259757431101 -28.109357669844123 6.5
    endloop
  endfacet
  facet normal 0 0 1
    outer loop
      vertex 20.299999995529653 -61.29999999701977 6.5
      vertex 15.932388203958281 -27.56739414994644 6.5
      vertex 15.764636460905963 -27.847271024790178 6.5
    endloop
  endfacet
  facet normal 0 0 1
    outer loop
      vertex 20.299999995529653 -61.29999999701977 6.5
      vertex 16.071899445600028 -27.272422412613924 6.5
      vertex 15.932388203958281 -27.56739414994644 6.5
    endloop
  endfacet
  facet normal 0 0 1
    outer loop
      vertex 20.299999995529653 -61.29999999701977 6.5
      vertex 16.181826616309593 -26.965196551871088 6.5
      vertex 16.071899445600028 -27.272422412613924 6.5
    endloop
  endfacet
  facet normal 0 0 1
    outer loop
      vertex 20.299999995529653 -61.29999999701977 6.5
      vertex 16.26111105734074 -26.648675320703628 6.5
      vertex 16.181826616309593 -26.965196551871088 6.5
    endloop
  endfacet
  facet normal 0 0 1
    outer loop
      vertex 20.299999995529653 -61.29999999701977 6.5
      vertex 16.308989216185054 -26.32590699159579 6.5
      vertex 16.26111105734074 -26.648675320703628 6.5
    endloop
  endfacet
  facet normal 0 0 1
    outer loop
      vertex 20.299999995529653 -61.29999999701977 6.5
      vertex 16.325 -26 6.5
      vertex 16.308989216185054 -26.32590699159579 6.5
    endloop
  endfacet
  facet normal 0 0 1
    outer loop
      vertex 20.299999995529653 -61.29999999701977 6.5
      vertex 19.600000001490116 -11.700000004470349 6.5
      vertex 16.325 -26 6.5
    endloop
  endfacet
  facet normal 0 0 1
    outer loop
      vertex 20.299999995529653 -61.29999999701977 6.5
      vertex 20.299999995529653 -14.700000002980232 6.5
      vertex 19.600000001490116 -11.700000004470349 6.5
    endloop
  endfacet
  facet normal 0 0 1
    outer loop
      vertex 19.600000001490116 -11.700000004470349 6.5
      vertex 16.26111105734074 -25.351324679296372 6.5
      vertex 16.308989216185054 -25.67409300840421 6.5
    endloop
  endfacet
  facet normal 0 0 1
    outer loop
      vertex 19.600000001490116 -11.700000004470349 6.5
      vertex 16.308989216185054 -25.67409300840421 6.5
      vertex 16.325 -26 6.5
    endloop
  endfacet
  facet normal 0 0 1
    outer loop
      vertex 19.600000001490116 -11.700000004470349 6.5
      vertex 15.764636460905963 -24.152728975209822 6.5
      vertex 15.932388203958281 -24.43260585005356 6.5
    endloop
  endfacet
  facet normal 0 0 1
    outer loop
      vertex 19.600000001490116 -11.700000004470349 6.5
      vertex 15.932388203958281 -24.43260585005356 6.5
      vertex 16.071899445600028 -24.727577587386076 6.5
    endloop
  endfacet
  facet normal 0 0 1
    outer loop
      vertex 19.600000001490116 -11.700000004470349 6.5
      vertex 16.181826616309593 -25.034803448128912 6.5
      vertex 16.26111105734074 -25.351324679296372 6.5
    endloop
  endfacet
  facet normal 0 0 1
    outer loop
      vertex 19.600000001490116 -11.700000004470349 6.5
      vertex 16.071899445600028 -24.727577587386076 6.5
      vertex 16.181826616309593 -25.034803448128912 6.5
    endloop
  endfacet
  facet normal 0 0 1
    outer loop
      vertex 21.90000000447035 -61.29999999701977 6.5
      vertex 33.692564487457275 -61.12144514918327 6.5
      vertex 21.90000000447035 -14.700000002980232 6.5
    endloop
  endfacet
  facet normal 0 0 1
    outer loop
      vertex 33.692564487457275 -61.12144514918327 6.5
      vertex 33.9229556247592 -59.5682742446661 6.5
      vertex 21.90000000447035 -14.700000002980232 6.5
    endloop
  endfacet
  facet normal 0 0 1
    outer loop
      vertex 33.9229556247592 -59.5682742446661 6.5
      vertex 34 -58 6.5
      vertex 21.90000000447035 -14.700000002980232 6.5
    endloop
  endfacet
  facet normal 0 0 -1
    outer loop
      vertex -33.692564487457275 -61.12144514918327 0
      vertex 34 18 0
      vertex 11.64886995255473 -11.64886995255473 0
    endloop
  endfacet
  facet normal 0 0 -1
    outer loop
      vertex 33.692564487457275 21.121445149183273 0
      vertex -11.89064233015588 -16.5702597574311 0
      vertex -11.64886995255473 -16.35113004744527 0
    endloop
  endfacet
  facet normal 0 0 -1
    outer loop
      vertex 33.692564487457275 21.121445149183273 0
      vertex -11.64886995255473 -16.35113004744527 0
      vertex -11.429740242568899 -16.109357669844123 0
    endloop
  endfacet
  facet normal 0 0 -1
    outer loop
      vertex 33.692564487457275 21.121445149183273 0
      vertex -11.429740242568899 -16.109357669844123 0
      vertex -11.235363539094037 -15.847271024790178 0
    endloop
  endfacet
  facet normal 0 0 -1
    outer loop
      vertex 33.692564487457275 21.121445149183273 0
      vertex -11.235363539094037 -15.847271024790178 0
      vertex -11.067611796041719 -15.567394149946443 0
    endloop
  endfacet
  facet normal 0 0 -1
    outer loop
      vertex 33.692564487457275 21.121445149183273 0
      vertex -11.067611796041719 -15.567394149946443 0
      vertex -10.928100554399972 -15.272422412613924 0
    endloop
  endfacet
  facet normal 0 0 -1
    outer loop
      vertex -11.429740242568899 -11.89064233015588 0
      vertex 11.89064233015588 11.429740242568899 0
      vertex 12.152728975209822 11.235363539094037 0
    endloop
  endfacet
  facet normal 0 0 -1
    outer loop
      vertex -11.64886995255473 -11.64886995255473 0
      vertex 11.64886995255473 11.64886995255473 0
      vertex 11.89064233015588 11.429740242568899 0
    endloop
  endfacet
  facet normal 0 0 -1
    outer loop
      vertex -11.235363539094037 -12.152728975209822 0
      vertex 12.152728975209822 11.235363539094037 0
      vertex 12.432605850053557 11.067611796041719 0
    endloop
  endfacet
  facet normal 0 0 -1
    outer loop
      vertex -11.067611796041719 -12.432605850053557 0
      vertex 12.432605850053557 11.067611796041719 0
      vertex 12.727577587386076 10.928100554399972 0
    endloop
  endfacet
  facet normal 0 0 -1
    outer loop
      vertex -10.928100554399972 -12.727577587386076 0
      vertex 12.727577587386076 10.928100554399972 0
      vertex 13.034803448128912 10.818173383690405 0
    endloop
  endfacet
  facet normal 0 0 -1
    outer loop
      vertex -10.818173383690405 -13.034803448128912 0
      vertex 13.034803448128912 10.818173383690405 0
      vertex 13.351324679296374 10.738888942659258 0
    endloop
  endfacet
  facet normal 0 0 -1
    outer loop
      vertex -10.738888942659258 -13.351324679296374 0
      vertex 13.351324679296374 10.738888942659258 0
      vertex 13.674093008404212 10.691010783814946 0
    endloop
  endfacet
  facet normal 0 0 -1
    outer loop
      vertex -10.691010783814946 -13.674093008404212 0
      vertex 13.674093008404212 10.691010783814946 0
      vertex 14 10.675 0
    endloop
  endfacet
  facet normal 0 0 -1
    outer loop
      vertex -10.675 -14 0
      vertex 14 10.675 0
      vertex 14.325906991595788 10.691010783814946 0
    endloop
  endfacet
  facet normal 0 0 -1
    outer loop
      vertex -10.691010783814946 -14.325906991595788 0
      vertex 14.325906991595788 10.691010783814946 0
      vertex 14.648675320703626 10.738888942659258 0
    endloop
  endfacet
  facet normal 0 0 -1
    outer loop
      vertex -10.738888942659258 -14.648675320703626 0
      vertex 14.648675320703626 10.738888942659258 0
      vertex 14.965196551871088 10.818173383690405 0
    endloop
  endfacet
  facet normal 0 0 -1
    outer loop
      vertex -10.818173383690405 -14.965196551871088 0
      vertex 14.965196551871088 10.818173383690405 0
      vertex 15.272422412613924 10.928100554399972 0
    endloop
  endfacet
  facet normal 0 0 -1
    outer loop
      vertex -10.928100554399972 -15.272422412613924 0
      vertex 15.272422412613924 10.928100554399972 0
      vertex 15.567394149946443 11.067611796041719 0
    endloop
  endfacet
  facet normal 0 0 -1
    outer loop
      vertex -33.9229556247592 -59.5682742446661 0
      vertex 33.9229556247592 19.5682742446661 0
      vertex 34 18 0
    endloop
  endfacet
  facet normal 0 0 -1
    outer loop
      vertex -34 -58 0
      vertex 33.692564487457275 21.121445149183273 0
      vertex 33.9229556247592 19.5682742446661 0
    endloop
  endfacet
  facet normal 0 0 -1
    outer loop
      vertex 33.692564487457275 21.121445149183273 0
      vertex -10.928100554399972 -15.272422412613924 0
      vertex 15.567394149946443 11.067611796041719 0
    endloop
  endfacet
  facet normal 0 0 -1
    outer loop
      vertex -11.429740242568899 11.89064233015588 0
      vertex 11.429740242568899 11.89064233015588 0
      vertex 11.64886995255473 11.64886995255473 0
    endloop
  endfacet
  facet normal 0 0 -1
    outer loop
      vertex -10.928100554399972 12.727577587386076 0
      vertex 10.928100554399972 12.727577587386076 0
      vertex 11.067611796041719 12.432605850053557 0
    endloop
  endfacet
  facet normal 0 0 -1
    outer loop
      vertex -10.818173383690405 13.034803448128912 0
      vertex 10.818173383690405 13.034803448128912 0
      vertex 10.928100554399972 12.727577587386076 0
    endloop
  endfacet
  facet normal 0 0 -1
    outer loop
      vertex -10.738888942659258 13.351324679296374 0
      vertex 10.738888942659258 13.351324679296374 0
      vertex 10.818173383690405 13.034803448128912 0
    endloop
  endfacet
  facet normal 0 0 -1
    outer loop
      vertex -10.691010783814946 13.674093008404212 0
      vertex 10.691010783814946 13.674093008404212 0
      vertex 10.738888942659258 13.351324679296374 0
    endloop
  endfacet
  facet normal 0 0 -1
    outer loop
      vertex -11.235363539094037 12.152728975209822 0
      vertex 11.235363539094037 12.152728975209822 0
      vertex 11.429740242568899 11.89064233015588 0
    endloop
  endfacet
  facet normal 0 0 -1
    outer loop
      vertex -11.067611796041719 12.432605850053557 0
      vertex 11.067611796041719 12.432605850053557 0
      vertex 11.235363539094037 12.152728975209822 0
    endloop
  endfacet
  facet normal 0 0 -1
    outer loop
      vertex -10.675 14 0
      vertex 10.675 14 0
      vertex 10.691010783814946 13.674093008404212 0
    endloop
  endfacet
  facet normal 0 0 -1
    outer loop
      vertex -10.691010783814946 14.325906991595788 0
      vertex 10.691010783814946 14.325906991595788 0
      vertex 10.675 14 0
    endloop
  endfacet
  facet normal 0 0 -1
    outer loop
      vertex -10.738888942659258 14.648675320703626 0
      vertex 10.738888942659258 14.648675320703626 0
      vertex 10.691010783814946 14.325906991595788 0
    endloop
  endfacet
  facet normal 0 0 -1
    outer loop
      vertex -10.818173383690405 14.965196551871088 0
      vertex 10.818173383690405 14.965196551871088 0
      vertex 10.738888942659258 14.648675320703626 0
    endloop
  endfacet
  facet normal 0 0 -1
    outer loop
      vertex -10.928100554399972 15.272422412613924 0
      vertex 10.928100554399972 15.272422412613924 0
      vertex 10.818173383690405 14.965196551871088 0
    endloop
  endfacet
  facet normal 0 0 -1
    outer loop
      vertex -11.067611796041719 15.567394149946443 0
      vertex 11.067611796041719 15.567394149946443 0
      vertex 10.928100554399972 15.272422412613924 0
    endloop
  endfacet
  facet normal 0 0 -1
    outer loop
      vertex -11.235363539094037 15.847271024790178 0
      vertex 11.235363539094037 15.847271024790178 0
      vertex 11.067611796041719 15.567394149946443 0
    endloop
  endfacet
  facet normal 0 0 -1
    outer loop
      vertex -11.429740242568899 16.109357669844123 0
      vertex 11.429740242568899 16.109357669844123 0
      vertex 11.235363539094037 15.847271024790178 0
    endloop
  endfacet
  facet normal 0 0 -1
    outer loop
      vertex -11.64886995255473 16.35113004744527 0
      vertex 11.64886995255473 16.35113004744527 0
      vertex 11.429740242568899 16.109357669844123 0
    endloop
  endfacet
  facet normal 0 0 -1
    outer loop
      vertex -11.89064233015588 16.5702597574311 0
      vertex 11.89064233015588 16.5702597574311 0
      vertex 11.64886995255473 16.35113004744527 0
    endloop
  endfacet
  facet normal 0 0 -1
    outer loop
      vertex -12.152728975209822 16.76463646090596 0
      vertex 12.152728975209822 16.76463646090596 0
      vertex 11.89064233015588 16.5702597574311 0
    endloop
  endfacet
  facet normal 0 0 -1
    outer loop
      vertex -12.432605850053557 16.93238820395828 0
      vertex 12.432605850053557 16.93238820395828 0
      vertex 12.152728975209822 16.76463646090596 0
    endloop
  endfacet
  facet normal 0 0 -1
    outer loop
      vertex -12.727577587386076 17.071899445600028 0
      vertex 12.727577587386076 17.071899445600028 0
      vertex 12.432605850053557 16.93238820395828 0
    endloop
  endfacet
  facet normal 0 0 -1
    outer loop
      vertex -13.034803448128912 17.181826616309593 0
      vertex 13.034803448128912 17.181826616309593 0
      vertex 12.727577587386076 17.071899445600028 0
    endloop
  endfacet
  facet normal 0 0 -1
    outer loop
      vertex -13.351324679296374 17.26111105734074 0
      vertex 13.351324679296374 17.26111105734074 0
      vertex 13.034803448128912 17.181826616309593 0
    endloop
  endfacet
  facet normal 0 0 -1
    outer loop
      vertex -34 18 0
      vertex 33.692564487457275 21.121445149183273 0
      vertex 14 17.325 0
    endloop
  endfacet
  facet normal 0 0 -1
    outer loop
      vertex -22.64455483853817 33.311045370996 0
      vertex 18 34 0
      vertex 19.5682742446661 33.9229556247592 0
    endloop
  endfacet
  facet normal 0 0 -1
    outer loop
      vertex -24.12293491512537 32.78207252174616 0
      vertex 19.5682742446661 33.9229556247592 0
      vertex 21.121445149183273 33.692564487457275 0
    endloop
  endfacet
  facet normal 0 0 -1
    outer loop
      vertex -25.54234778881073 32.11074022948742 0
      vertex 21.121445149183273 33.692564487457275 0
      vertex 22.64455483853817 33.311045370996 0
    endloop
  endfacet
  facet normal 0 0 -1
    outer loop
      vertex -30.368167251348495 28.150292545557022 0
      vertex 26.88912373036146 31.303513795137405 0
      vertex 28.150292545557022 30.368167251348495 0
    endloop
  endfacet
  facet normal 0 0 -1
    outer loop
      vertex -28.150292545557022 30.368167251348495 0
      vertex 24.12293491512537 32.78207252174616 0
      vertex 25.54234778881073 32.11074022948742 0
    endloop
  endfacet
  facet normal 0 0 -1
    outer loop
      vertex -26.88912373036146 31.303513795137405 0
      vertex 22.64455483853817 33.311045370996 0
      vertex 24.12293491512537 32.78207252174616 0
    endloop
  endfacet
  facet normal 0 0 -1
    outer loop
      vertex -29.313708499073982 29.313708499073982 0
      vertex 25.54234778881073 32.11074022948742 0
      vertex 26.88912373036146 31.303513795137405 0
    endloop
  endfacet
  facet normal 0 1 0
    outer loop
      vertex -18 34 0
      vertex 18 34 6.5
      vertex 18 34 0
    endloop
  endfacet
  facet normal 0 0 -1
    outer loop
      vertex -33.692564487457275 21.121445149183273 0
      vertex 32.11074022948742 25.54234778881073 0
      vertex 32.78207252174616 24.12293491512537 0
    endloop
  endfacet
  facet normal 0 0 -1
    outer loop
      vertex -33.311045370996 22.64455483853817 0
      vertex 31.303513795137405 26.88912373036146 0
      vertex 32.11074022948742 25.54234778881073 0
    endloop
  endfacet
  facet normal 0 0 -1
    outer loop
      vertex -32.78207252174616 24.12293491512537 0
      vertex 30.368167251348495 28.150292545557022 0
      vertex 31.303513795137405 26.88912373036146 0
    endloop
  endfacet
  facet normal 0 0 -1
    outer loop
      vertex -34 18 0
      vertex 33.311045370996 22.64455483853817 0
      vertex 33.692564487457275 21.121445149183273 0
    endloop
  endfacet
  facet normal 0 0 -1
    outer loop
      vertex -33.9229556247592 19.5682742446661 0
      vertex 32.78207252174616 24.12293491512537 0
      vertex 33.311045370996 22.64455483853817 0
    endloop
  endfacet
  facet normal 0 0 -1
    outer loop
      vertex -31.303513795137405 26.88912373036146 0
      vertex 28.150292545557022 30.368167251348495 0
      vertex 29.313708499073982 29.313708499073982 0
    endloop
  endfacet
  facet normal 0 0 -1
    outer loop
      vertex -32.11074022948742 25.54234778881073 0
      vertex 29.313708499073982 29.313708499073982 0
      vertex 30.368167251348495 28.150292545557022 0
    endloop
  endfacet
  facet normal 0 0 -1
    outer loop
      vertex 34 18 0
      vertex 11.89064233015588 -11.429740242568899 0
      vertex 11.64886995255473 -11.64886995255473 0
    endloop
  endfacet
  facet normal 0 0 -1
    outer loop
      vertex 34 18 0
      vertex 12.152728975209822 -11.235363539094037 0
      vertex 11.89064233015588 -11.429740242568899 0
    endloop
  endfacet
  facet normal 0 0 -1
    outer loop
      vertex 34 18 0
      vertex 12.432605850053557 -11.067611796041719 0
      vertex 12.152728975209822 -11.235363539094037 0
    endloop
  endfacet
  facet normal 0 0 -1
    outer loop
      vertex 34 18 0
      vertex 12.727577587386076 -10.928100554399972 0
      vertex 12.432605850053557 -11.067611796041719 0
    endloop
  endfacet
  facet normal 0 0 -1
    outer loop
      vertex 34 18 0
      vertex 13.034803448128912 -10.818173383690405 0
      vertex 12.727577587386076 -10.928100554399972 0
    endloop
  endfacet
  facet normal 0 0 -1
    outer loop
      vertex 34 18 0
      vertex 13.351324679296374 -10.738888942659258 0
      vertex 13.034803448128912 -10.818173383690405 0
    endloop
  endfacet
  facet normal 0 0 -1
    outer loop
      vertex 34 18 0
      vertex 13.674093008404212 -10.691010783814946 0
      vertex 13.351324679296374 -10.738888942659258 0
    endloop
  endfacet
  facet normal 0 0 -1
    outer loop
      vertex 34 18 0
      vertex 14 -10.675 0
      vertex 13.674093008404212 -10.691010783814946 0
    endloop
  endfacet
  facet normal 0 0 -1
    outer loop
      vertex 34 18 0
      vertex 14.325906991595788 -10.691010783814946 0
      vertex 14 -10.675 0
    endloop
  endfacet
  facet normal 0 0 -1
    outer loop
      vertex 34 18 0
      vertex 14.648675320703626 -10.738888942659258 0
      vertex 14.325906991595788 -10.691010783814946 0
    endloop
  endfacet
  facet normal 0 0 -1
    outer loop
      vertex 34 18 0
      vertex 14.965196551871088 -10.818173383690405 0
      vertex 14.648675320703626 -10.738888942659258 0
    endloop
  endfacet
  facet normal 0 0 -1
    outer loop
      vertex 34 18 0
      vertex 16.93238820395828 -15.567394149946443 0
      vertex 17.071899445600028 -15.272422412613924 0
    endloop
  endfacet
  facet normal 0 0 -1
    outer loop
      vertex 34 18 0
      vertex 17.071899445600028 -15.272422412613924 0
      vertex 17.181826616309593 -14.965196551871088 0
    endloop
  endfacet
  facet normal 0 0 -1
    outer loop
      vertex 34 18 0
      vertex 17.181826616309593 -14.965196551871088 0
      vertex 17.26111105734074 -14.648675320703626 0
    endloop
  endfacet
  facet normal 0 0 -1
    outer loop
      vertex 34 18 0
      vertex 17.26111105734074 -14.648675320703626 0
      vertex 17.308989216185054 -14.325906991595788 0
    endloop
  endfacet
  facet normal 0 0 -1
    outer loop
      vertex 34 18 0
      vertex 17.308989216185054 -14.325906991595788 0
      vertex 17.325 -14 0
    endloop
  endfacet
  facet normal 0 0 -1
    outer loop
      vertex 34 18 0
      vertex 17.325 -14 0
      vertex 17.308989216185054 -13.674093008404212 0
    endloop
  endfacet
  facet normal 0 0 -1
    outer loop
      vertex 34 18 0
      vertex 16.109357669844123 -11.429740242568899 0
      vertex 15.847271024790178 -11.235363539094037 0
    endloop
  endfacet
  facet normal 0 0 -1
    outer loop
      vertex 34 18 0
      vertex 16.35113004744527 -11.64886995255473 0
      vertex 16.109357669844123 -11.429740242568899 0
    endloop
  endfacet
  facet normal 0 0 -1
    outer loop
      vertex 34 18 0
      vertex 16.5702597574311 -11.89064233015588 0
      vertex 16.35113004744527 -11.64886995255473 0
    endloop
  endfacet
  facet normal 0 0 -1
    outer loop
      vertex 34 18 0
      vertex 15.272422412613924 -10.928100554399972 0
      vertex 14.965196551871088 -10.818173383690405 0
    endloop
  endfacet
  facet normal 0 0 -1
    outer loop
      vertex 34 18 0
      vertex 15.567394149946443 -11.067611796041719 0
      vertex 15.272422412613924 -10.928100554399972 0
    endloop
  endfacet
  facet normal 0 0 -1
    outer loop
      vertex 34 18 0
      vertex 15.847271024790178 -11.235363539094037 0
      vertex 15.567394149946443 -11.067611796041719 0
    endloop
  endfacet
  facet normal 0 0 -1
    outer loop
      vertex 34 18 0
      vertex 17.26111105734074 -13.351324679296374 0
      vertex 17.181826616309593 -13.034803448128912 0
    endloop
  endfacet
  facet normal 0 0 -1
    outer loop
      vertex 34 18 0
      vertex 17.071899445600028 -12.727577587386076 0
      vertex 16.93238820395828 -12.432605850053557 0
    endloop
  endfacet
  facet normal 0 0 -1
    outer loop
      vertex 34 18 0
      vertex 17.181826616309593 -13.034803448128912 0
      vertex 17.071899445600028 -12.727577587386076 0
    endloop
  endfacet
  facet normal 0 0 -1
    outer loop
      vertex 34 18 0
      vertex 16.76463646090596 -12.152728975209822 0
      vertex 16.5702597574311 -11.89064233015588 0
    endloop
  endfacet
  facet normal 0 0 -1
    outer loop
      vertex 34 18 0
      vertex 16.93238820395828 -12.432605850053557 0
      vertex 16.76463646090596 -12.152728975209822 0
    endloop
  endfacet
  facet normal 0 0 -1
    outer loop
      vertex 34 18 0
      vertex 17.308989216185054 -13.674093008404212 0
      vertex 17.26111105734074 -13.351324679296374 0
    endloop
  endfacet
  facet normal 0 0 -1
    outer loop
      vertex 34 -58 0
      vertex 16.93238820395828 -15.567394149946443 0
      vertex 34 18 0
    endloop
  endfacet
  facet normal 1 0 0
    outer loop
      vertex 34 -58 6.5
      vertex 34 18 0
      vertex 34 18 6.5
    endloop
  endfacet
  facet normal 0 0 -1
    outer loop
      vertex 33.692564487457275 21.121445149183273 0
      vertex 14.325906991595788 17.308989216185054 0
      vertex 14 17.325 0
    endloop
  endfacet
  facet normal 0 0 -1
    outer loop
      vertex 33.692564487457275 21.121445149183273 0
      vertex 14.648675320703626 17.26111105734074 0
      vertex 14.325906991595788 17.308989216185054 0
    endloop
  endfacet
  facet normal 0 0 -1
    outer loop
      vertex 33.692564487457275 21.121445149183273 0
      vertex 14.965196551871088 17.181826616309593 0
      vertex 14.648675320703626 17.26111105734074 0
    endloop
  endfacet
  facet normal 0 0 -1
    outer loop
      vertex 33.692564487457275 21.121445149183273 0
      vertex 15.567394149946443 11.067611796041719 0
      vertex 15.847271024790178 11.235363539094037 0
    endloop
  endfacet
  facet normal 0 0 -1
    outer loop
      vertex 33.692564487457275 21.121445149183273 0
      vertex 15.847271024790178 11.235363539094037 0
      vertex 16.109357669844123 11.429740242568899 0
    endloop
  endfacet
  facet normal 0 0 -1
    outer loop
      vertex 33.692564487457275 21.121445149183273 0
      vertex 16.109357669844123 11.429740242568899 0
      vertex 16.35113004744527 11.64886995255473 0
    endloop
  endfacet
  facet normal 0 0 -1
    outer loop
      vertex 33.692564487457275 21.121445149183273 0
      vertex 16.35113004744527 11.64886995255473 0
      vertex 16.5702597574311 11.89064233015588 0
    endloop
  endfacet
  facet normal 0 0 -1
    outer loop
      vertex 33.692564487457275 21.121445149183273 0
      vertex 16.5702597574311 11.89064233015588 0
      vertex 16.76463646090596 12.152728975209822 0
    endloop
  endfacet
  facet normal 0 0 -1
    outer loop
      vertex 33.692564487457275 21.121445149183273 0
      vertex 16.76463646090596 12.152728975209822 0
      vertex 16.93238820395828 12.432605850053557 0
    endloop
  endfacet
  facet normal 0 0 -1
    outer loop
      vertex 33.692564487457275 21.121445149183273 0
      vertex 16.93238820395828 12.432605850053557 0
      vertex 17.071899445600028 12.727577587386076 0
    endloop
  endfacet
  facet normal 0 0 -1
    outer loop
      vertex 33.692564487457275 21.121445149183273 0
      vertex 17.071899445600028 12.727577587386076 0
      vertex 17.181826616309593 13.034803448128912 0
    endloop
  endfacet
  facet normal 0 0 -1
    outer loop
      vertex 33.692564487457275 21.121445149183273 0
      vertex 17.181826616309593 13.034803448128912 0
      vertex 17.26111105734074 13.351324679296374 0
    endloop
  endfacet
  facet normal 0 0 -1
    outer loop
      vertex 33.692564487457275 21.121445149183273 0
      vertex 17.26111105734074 13.351324679296374 0
      vertex 17.308989216185054 13.674093008404212 0
    endloop
  endfacet
  facet normal 0 0 -1
    outer loop
      vertex 33.692564487457275 21.121445149183273 0
      vertex 17.308989216185054 13.674093008404212 0
      vertex 17.325 14 0
    endloop
  endfacet
  facet normal 0 0 -1
    outer loop
      vertex 33.692564487457275 21.121445149183273 0
      vertex 17.325 14 0
      vertex 17.308989216185054 14.325906991595788 0
    endloop
  endfacet
  facet normal 0 0 -1
    outer loop
      vertex 33.692564487457275 21.121445149183273 0
      vertex 17.308989216185054 14.325906991595788 0
      vertex 17.26111105734074 14.648675320703626 0
    endloop
  endfacet
  facet normal 0 0 -1
    outer loop
      vertex 33.692564487457275 21.121445149183273 0
      vertex 17.181826616309593 14.965196551871088 0
      vertex 17.071899445600028 15.272422412613924 0
    endloop
  endfacet
  facet normal 0 0 -1
    outer loop
      vertex 33.692564487457275 21.121445149183273 0
      vertex 17.26111105734074 14.648675320703626 0
      vertex 17.181826616309593 14.965196551871088 0
    endloop
  endfacet
  facet normal 0 0 -1
    outer loop
      vertex 33.692564487457275 21.121445149183273 0
      vertex 15.567394149946443 16.93238820395828 0
      vertex 15.272422412613924 17.071899445600028 0
    endloop
  endfacet
  facet normal 0 0 -1
    outer loop
      vertex 33.692564487457275 21.121445149183273 0
      vertex 15.272422412613924 17.071899445600028 0
      vertex 14.965196551871088 17.181826616309593 0
    endloop
  endfacet
  facet normal 0 0 -1
    outer loop
      vertex 33.692564487457275 21.121445149183273 0
      vertex 15.847271024790178 16.76463646090596 0
      vertex 15.567394149946443 16.93238820395828 0
    endloop
  endfacet
  facet normal 0 0 -1
    outer loop
      vertex 33.692564487457275 21.121445149183273 0
      vertex 16.5702597574311 16.109357669844123 0
      vertex 16.35113004744527 16.35113004744527 0
    endloop
  endfacet
  facet normal 0 0 -1
    outer loop
      vertex 33.692564487457275 21.121445149183273 0
      vertex 16.109357669844123 16.5702597574311 0
      vertex 15.847271024790178 16.76463646090596 0
    endloop
  endfacet
  facet normal 0 0 -1
    outer loop
      vertex 33.692564487457275 21.121445149183273 0
      vertex 16.35113004744527 16.35113004744527 0
      vertex 16.109357669844123 16.5702597574311 0
    endloop
  endfacet
  facet normal 0 0 -1
    outer loop
      vertex 33.692564487457275 21.121445149183273 0
      vertex 17.071899445600028 15.272422412613924 0
      vertex 16.93238820395828 15.567394149946443 0
    endloop
  endfacet
  facet normal 0 0 -1
    outer loop
      vertex 33.692564487457275 21.121445149183273 0
      vertex 16.93238820395828 15.567394149946443 0
      vertex 16.76463646090596 15.847271024790178 0
    endloop
  endfacet
  facet normal 0 0 -1
    outer loop
      vertex 33.692564487457275 21.121445149183273 0
      vertex 16.76463646090596 15.847271024790178 0
      vertex 16.5702597574311 16.109357669844123 0
    endloop
  endfacet
  facet normal 0.04906767561447288 0.9987954561419434 0
    outer loop
      vertex 18 34 0
      vertex 19.5682742446661 33.9229556247592 6.5
      vertex 19.5682742446661 33.9229556247592 0
    endloop
  endfacet
  facet normal 0.1467304728130379 0.9891765102083967 0
    outer loop
      vertex 19.5682742446661 33.9229556247592 0
      vertex 21.121445149183273 33.692564487457275 6.5
      vertex 21.121445149183273 33.692564487457275 0
    endloop
  endfacet
  facet normal 0.24298018010512687 0.9700312531439801 0
    outer loop
      vertex 21.121445149183273 33.692564487457275 0
      vertex 22.64455483853817 33.311045370996 6.5
      vertex 22.64455483853817 33.311045370996 0
    endloop
  endfacet
  facet normal 0.33688985314918246 0.941544065269981 0
    outer loop
      vertex 22.64455483853817 33.311045370996 0
      vertex 24.12293491512537 32.78207252174616 6.5
      vertex 24.12293491512537 32.78207252174616 0
    endloop
  endfacet
  facet normal 0.4275550937211572 0.9039892929858697 -5.43902962487531e-18
    outer loop
      vertex 24.12293491512537 32.78207252174616 0
      vertex 25.54234778881073 32.11074022948742 6.5
      vertex 25.54234778881073 32.11074022948742 0
    endloop
  endfacet
  facet normal 0.9987954561419434 0.04906767561447288 0
    outer loop
      vertex 34 18 0
      vertex 33.9229556247592 19.5682742446661 0
      vertex 34 18 6.5
    endloop
  endfacet
  facet normal 0.9891765102083967 0.1467304728130379 0
    outer loop
      vertex 33.9229556247592 19.5682742446661 0
      vertex 33.692564487457275 21.121445149183273 0
      vertex 33.9229556247592 19.5682742446661 6.5
    endloop
  endfacet
  facet normal 0.5141027442619813 0.8577286099590591 1.0878059248779502e-17
    outer loop
      vertex 25.54234778881073 32.11074022948742 0
      vertex 26.88912373036146 31.303513795137405 6.5
      vertex 26.88912373036146 31.303513795137405 0
    endloop
  endfacet
  facet normal 0.6715589535927202 0.7409511264917887 0
    outer loop
      vertex 28.150292545557022 30.368167251348495 0
      vertex 29.313708499073982 29.313708499073982 6.5
      vertex 29.313708499073982 29.313708499073982 0
    endloop
  endfacet
  facet normal 0.5956993057488355 0.8032075305488335 0
    outer loop
      vertex 26.88912373036146 31.303513795137405 0
      vertex 28.150292545557022 30.368167251348495 6.5
      vertex 28.150292545557022 30.368167251348495 0
    endloop
  endfacet
  facet normal 0.8577286099590591 0.5141027442619813 1.0878059248779502e-17
    outer loop
      vertex 31.303513795137405 26.88912373036146 0
      vertex 32.11074022948742 25.54234778881073 6.5
      vertex 32.11074022948742 25.54234778881073 0
    endloop
  endfacet
  facet normal 0.9700312531439801 0.24298018010512687 0
    outer loop
      vertex 33.692564487457275 21.121445149183273 0
      vertex 33.311045370996 22.64455483853817 0
      vertex 33.692564487457275 21.121445149183273 6.5
    endloop
  endfacet
  facet normal 0.941544065269981 0.33688985314918246 0
    outer loop
      vertex 33.311045370996 22.64455483853817 0
      vertex 32.78207252174616 24.12293491512537 0
      vertex 33.311045370996 22.64455483853817 6.5
    endloop
  endfacet
  facet normal 0.9039892929858697 0.4275550937211572 -5.43902962487531e-18
    outer loop
      vertex 32.11074022948742 25.54234778881073 0
      vertex 32.78207252174616 24.12293491512537 6.5
      vertex 32.78207252174616 24.12293491512537 0
    endloop
  endfacet
  facet normal 0.7409511264917887 0.6715589535927202 0
    outer loop
      vertex 29.313708499073982 29.313708499073982 0
      vertex 30.368167251348495 28.150292545557022 6.5
      vertex 30.368167251348495 28.150292545557022 0
    endloop
  endfacet
  facet normal 0.8032075305488335 0.5956993057488355 0
    outer loop
      vertex 31.303513795137405 26.88912373036146 0
      vertex 30.368167251348495 28.150292545557022 0
      vertex 31.303513795137405 26.88912373036146 6.5
    endloop
  endfacet
  facet normal 0.04906767561447288 0.9987954561419434 0
    outer loop
      vertex 18 34 0
      vertex 18 34 6.5
      vertex 19.5682742446661 33.9229556247592 6.5
    endloop
  endfacet
  facet normal 0.1467304728130379 0.9891765102083967 0
    outer loop
      vertex 19.5682742446661 33.9229556247592 0
      vertex 19.5682742446661 33.9229556247592 6.5
      vertex 21.121445149183273 33.692564487457275 6.5
    endloop
  endfacet
  facet normal 0.24298018010512687 0.9700312531439801 0
    outer loop
      vertex 21.121445149183273 33.692564487457275 0
      vertex 21.121445149183273 33.692564487457275 6.5
      vertex 22.64455483853817 33.311045370996 6.5
    endloop
  endfacet
  facet normal 0.33688985314918246 0.941544065269981 0
    outer loop
      vertex 22.64455483853817 33.311045370996 0
      vertex 22.64455483853817 33.311045370996 6.5
      vertex 24.12293491512537 32.78207252174616 6.5
    endloop
  endfacet
  facet normal 0.4275550937211572 0.9039892929858697 0
    outer loop
      vertex 24.12293491512537 32.78207252174616 0
      vertex 24.12293491512537 32.78207252174616 6.5
      vertex 25.54234778881073 32.11074022948742 6.5
    endloop
  endfacet
  facet normal 0.9987954561419434 0.04906767561447288 0
    outer loop
      vertex 33.9229556247592 19.5682742446661 0
      vertex 33.9229556247592 19.5682742446661 6.5
      vertex 34 18 6.5
    endloop
  endfacet
  facet normal 0.5141027442619813 0.8577286099590591 0
    outer loop
      vertex 25.54234778881073 32.11074022948742 0
      vertex 25.54234778881073 32.11074022948742 6.5
      vertex 26.88912373036146 31.303513795137405 6.5
    endloop
  endfacet
  facet normal 0.5956993057488355 0.8032075305488335 0
    outer loop
      vertex 26.88912373036146 31.303513795137405 0
      vertex 26.88912373036146 31.303513795137405 6.5
      vertex 28.150292545557022 30.368167251348495 6.5
    endloop
  endfacet
  facet normal 0.6715589535927202 0.7409511264917887 0
    outer loop
      vertex 28.150292545557022 30.368167251348495 0
      vertex 28.150292545557022 30.368167251348495 6.5
      vertex 29.313708499073982 29.313708499073982 6.5
    endloop
  endfacet
  facet normal 0.7409511264917887 0.6715589535927202 0
    outer loop
      vertex 29.313708499073982 29.313708499073982 0
      vertex 29.313708499073982 29.313708499073982 6.5
      vertex 30.368167251348495 28.150292545557022 6.5
    endloop
  endfacet
  facet normal 0.8577286099590591 0.5141027442619813 0
    outer loop
      vertex 31.303513795137405 26.88912373036146 0
      vertex 31.303513795137405 26.88912373036146 6.5
      vertex 32.11074022948742 25.54234778881073 6.5
    endloop
  endfacet
  facet normal 0.9700312531439801 0.24298018010512687 0
    outer loop
      vertex 33.311045370996 22.64455483853817 0
      vertex 33.311045370996 22.64455483853817 6.5
      vertex 33.692564487457275 21.121445149183273 6.5
    endloop
  endfacet
  facet normal 0.9891765102083967 0.1467304728130379 0
    outer loop
      vertex 33.692564487457275 21.121445149183273 0
      vertex 33.692564487457275 21.121445149183273 6.5
      vertex 33.9229556247592 19.5682742446661 6.5
    endloop
  endfacet
  facet normal 0.941544065269981 0.33688985314918246 0
    outer loop
      vertex 32.78207252174616 24.12293491512537 0
      vertex 32.78207252174616 24.12293491512537 6.5
      vertex 33.311045370996 22.64455483853817 6.5
    endloop
  endfacet
  facet normal 0.9039892929858697 0.4275550937211572 0
    outer loop
      vertex 32.11074022948742 25.54234778881073 0
      vertex 32.11074022948742 25.54234778881073 6.5
      vertex 32.78207252174616 24.12293491512537 6.5
    endloop
  endfacet
  facet normal 0.8032075305488335 0.5956993057488355 0
    outer loop
      vertex 30.368167251348495 28.150292545557022 0
      vertex 30.368167251348495 28.150292545557022 6.5
      vertex 31.303513795137405 26.88912373036146 6.5
    endloop
  endfacet
  facet normal 0 0 1
    outer loop
      vertex 19.600000001490116 -11.700000004470349 6.5
      vertex -13 -22.675 6.5
      vertex 12.351324679296374 -22.73888894265926 6.5
    endloop
  endfacet
  facet normal 0 0 1
    outer loop
      vertex 19.600000001490116 -11.700000004470349 6.5
      vertex 12.351324679296374 -22.73888894265926 6.5
      vertex 12.674093008404212 -22.691010783814946 6.5
    endloop
  endfacet
  facet normal 0 0 1
    outer loop
      vertex 19.600000001490116 -11.700000004470349 6.5
      vertex 12.674093008404212 -22.691010783814946 6.5
      vertex 13 -22.675 6.5
    endloop
  endfacet
  facet normal 0 0 1
    outer loop
      vertex 19.600000001490116 -11.700000004470349 6.5
      vertex 13 -22.675 6.5
      vertex 13.325906991595788 -22.691010783814946 6.5
    endloop
  endfacet
  facet normal 0 0 1
    outer loop
      vertex 19.600000001490116 -11.700000004470349 6.5
      vertex 13.325906991595788 -22.691010783814946 6.5
      vertex 13.648675320703626 -22.73888894265926 6.5
    endloop
  endfacet
  facet normal 0 0 1
    outer loop
      vertex 19.600000001490116 -11.700000004470349 6.5
      vertex 13.648675320703626 -22.73888894265926 6.5
      vertex 13.965196551871088 -22.818173383690407 6.5
    endloop
  endfacet
  facet normal 0 0 1
    outer loop
      vertex 19.600000001490116 -11.700000004470349 6.5
      vertex 14.272422412613924 -22.928100554399972 6.5
      vertex 14.567394149946443 -23.06761179604172 6.5
    endloop
  endfacet
  facet normal 0 0 1
    outer loop
      vertex 19.600000001490116 -11.700000004470349 6.5
      vertex 14.567394149946443 -23.06761179604172 6.5
      vertex 14.847271024790178 -23.23536353909404 6.5
    endloop
  endfacet
  facet normal 0 0 1
    outer loop
      vertex 19.600000001490116 -11.700000004470349 6.5
      vertex 13.965196551871088 -22.818173383690407 6.5
      vertex 14.272422412613924 -22.928100554399972 6.5
    endloop
  endfacet
  facet normal 0 0 1
    outer loop
      vertex 19.600000001490116 -11.700000004470349 6.5
      vertex 15.10935766984412 -23.4297402425689 6.5
      vertex 15.35113004744527 -23.64886995255473 6.5
    endloop
  endfacet
  facet normal 0 0 1
    outer loop
      vertex 19.600000001490116 -11.700000004470349 6.5
      vertex 14.847271024790178 -23.23536353909404 6.5
      vertex 15.10935766984412 -23.4297402425689 6.5
    endloop
  endfacet
  facet normal 0 0 1
    outer loop
      vertex 19.600000001490116 -11.700000004470349 6.5
      vertex 15.35113004744527 -23.64886995255473 6.5
      vertex 15.570259757431101 -23.890642330155877 6.5
    endloop
  endfacet
  facet normal 0 0 1
    outer loop
      vertex 19.600000001490116 -11.700000004470349 6.5
      vertex 15.570259757431101 -23.890642330155877 6.5
      vertex 15.764636460905963 -24.152728975209822 6.5
    endloop
  endfacet
  facet normal 0 0 1
    outer loop
      vertex -19.600000001490116 -10.099999995529652 6.5
      vertex 19.600000001490116 -10.099999995529652 6.5
      vertex 34 18 6.5
    endloop
  endfacet
  facet normal 0 0 1
    outer loop
      vertex -22.64455483853817 33.311045370996 6.5
      vertex 19.5682742446661 33.9229556247592 6.5
      vertex 18 34 6.5
    endloop
  endfacet
  facet normal 0 0 1
    outer loop
      vertex -24.12293491512537 32.78207252174616 6.5
      vertex 21.121445149183273 33.692564487457275 6.5
      vertex 19.5682742446661 33.9229556247592 6.5
    endloop
  endfacet
  facet normal 0 0 1
    outer loop
      vertex -25.54234778881073 32.11074022948742 6.5
      vertex 22.64455483853817 33.311045370996 6.5
      vertex 21.121445149183273 33.692564487457275 6.5
    endloop
  endfacet
  facet normal 0 0 1
    outer loop
      vertex -30.368167251348495 28.150292545557022 6.5
      vertex 28.150292545557022 30.368167251348495 6.5
      vertex 26.88912373036146 31.303513795137405 6.5
    endloop
  endfacet
  facet normal 0 0 1
    outer loop
      vertex -28.150292545557022 30.368167251348495 6.5
      vertex 25.54234778881073 32.11074022948742 6.5
      vertex 24.12293491512537 32.78207252174616 6.5
    endloop
  endfacet
  facet normal 0 0 1
    outer loop
      vertex -26.88912373036146 31.303513795137405 6.5
      vertex 24.12293491512537 32.78207252174616 6.5
      vertex 22.64455483853817 33.311045370996 6.5
    endloop
  endfacet
  facet normal 0 0 1
    outer loop
      vertex -29.313708499073982 29.313708499073982 6.5
      vertex 26.88912373036146 31.303513795137405 6.5
      vertex 25.54234778881073 32.11074022948742 6.5
    endloop
  endfacet
  facet normal 0 0 1
    outer loop
      vertex -19.600000001490116 -10.099999995529652 6.5
      vertex 34 18 6.5
      vertex 33.9229556247592 19.5682742446661 6.5
    endloop
  endfacet
  facet normal 0 0 1
    outer loop
      vertex -19.600000001490116 -10.099999995529652 6.5
      vertex 33.9229556247592 19.5682742446661 6.5
      vertex 33.692564487457275 21.121445149183273 6.5
    endloop
  endfacet
  facet normal 0 0 1
    outer loop
      vertex -33.692564487457275 21.121445149183273 6.5
      vertex 32.78207252174616 24.12293491512537 6.5
      vertex 32.11074022948742 25.54234778881073 6.5
    endloop
  endfacet
  facet normal 0 0 1
    outer loop
      vertex -33.311045370996 22.64455483853817 6.5
      vertex 32.11074022948742 25.54234778881073 6.5
      vertex 31.303513795137405 26.88912373036146 6.5
    endloop
  endfacet
  facet normal 0 0 1
    outer loop
      vertex -32.78207252174616 24.12293491512537 6.5
      vertex 31.303513795137405 26.88912373036146 6.5
      vertex 30.368167251348495 28.150292545557022 6.5
    endloop
  endfacet
  facet normal 0 0 1
    outer loop
      vertex -34 18 6.5
      vertex 33.692564487457275 21.121445149183273 6.5
      vertex 33.311045370996 22.64455483853817 6.5
    endloop
  endfacet
  facet normal 0 0 1
    outer loop
      vertex -33.9229556247592 19.5682742446661 6.5
      vertex 33.311045370996 22.64455483853817 6.5
      vertex 32.78207252174616 24.12293491512537 6.5
    endloop
  endfacet
  facet normal 0 0 1
    outer loop
      vertex -31.303513795137405 26.88912373036146 6.5
      vertex 29.313708499073982 29.313708499073982 6.5
      vertex 28.150292545557022 30.368167251348495 6.5
    endloop
  endfacet
  facet normal 0 0 1
    outer loop
      vertex -32.11074022948742 25.54234778881073 6.5
      vertex 30.368167251348495 28.150292545557022 6.5
      vertex 29.313708499073982 29.313708499073982 6.5
    endloop
  endfacet
  facet normal 0 0 1
    outer loop
      vertex 20.299999995529653 -14.700000002980232 6.5
      vertex 20.303370690345766 -14.631388001143932 6.5
      vertex 19.600000001490116 -11.700000004470349 6.5
    endloop
  endfacet
  facet normal 0 0 1
    outer loop
      vertex 20.303370690345766 -14.631388001143932 6.5
      vertex 20.31345030516386 -14.563436776399612 6.5
      vertex 19.600000001490116 -11.700000004470349 6.5
    endloop
  endfacet
  facet normal 0 0 1
    outer loop
      vertex 20.31345030516386 -14.563436776399612 6.5
      vertex 20.330141766369344 -14.496800728142262 6.5
      vertex 19.600000001490116 -11.700000004470349 6.5
    endloop
  endfacet
  facet normal 0 0 1
    outer loop
      vertex 20.330141766369344 -14.496800728142262 6.5
      vertex 20.353284327685834 -14.432121597230434 6.5
      vertex 19.600000001490116 -11.700000004470349 6.5
    endloop
  endfacet
  facet normal 0 0 1
    outer loop
      vertex 20.353284327685834 -14.432121597230434 6.5
      vertex 20.382655112445356 -14.370022289454937 6.5
      vertex 19.600000001490116 -11.700000004470349 6.5
    endloop
  endfacet
  facet normal 0 0 1
    outer loop
      vertex 20.382655112445356 -14.370022289454937 6.5
      vertex 20.417971266806127 -14.311100840568542 6.5
      vertex 19.600000001490116 -11.700000004470349 6.5
    endloop
  endfacet
  facet normal 0 0 1
    outer loop
      vertex 20.417971266806127 -14.311100840568542 6.5
      vertex 20.45889267921448 -14.255924701690674 6.5
      vertex 19.600000001490116 -11.700000004470349 6.5
    endloop
  endfacet
  facet normal 0 0 1
    outer loop
      vertex 20.45889267921448 -14.255924701690674 6.5
      vertex 20.505025251209737 -14.205025255680084 6.5
      vertex 19.600000001490116 -11.700000004470349 6.5
    endloop
  endfacet
  facet normal 0 0 1
    outer loop
      vertex 20.505025251209737 -14.205025255680084 6.5
      vertex 20.555924697220327 -14.158892683684826 6.5
      vertex 19.600000001490116 -11.700000004470349 6.5
    endloop
  endfacet
  facet normal 0 0 1
    outer loop
      vertex 20.555924697220327 -14.158892683684826 6.5
      vertex 20.611100836098196 -14.117971271276474 6.5
      vertex 19.668612003326416 -11.696629309654236 6.5
    endloop
  endfacet
  facet normal 0 0 1
    outer loop
      vertex 20.611100836098196 -14.117971271276474 6.5
      vertex 20.67002228498459 -14.082655116915703 6.5
      vertex 19.736563228070736 -11.68654969483614 6.5
    endloop
  endfacet
  facet normal 0 0 1
    outer loop
      vertex 20.67002228498459 -14.082655116915703 6.5
      vertex 20.732121592760087 -14.053284332156181 6.5
      vertex 19.803199276328087 -11.669858233630658 6.5
    endloop
  endfacet
  facet normal 0 0 1
    outer loop
      vertex 20.555924697220327 -14.158892683684826 6.5
      vertex 19.668612003326416 -11.696629309654236 6.5
      vertex 19.600000001490116 -11.700000004470349 6.5
    endloop
  endfacet
  facet normal 0 0 1
    outer loop
      vertex 20.611100836098196 -14.117971271276474 6.5
      vertex 19.736563228070736 -11.68654969483614 6.5
      vertex 19.668612003326416 -11.696629309654236 6.5
    endloop
  endfacet
  facet normal 0 0 1
    outer loop
      vertex 20.67002228498459 -14.082655116915703 6.5
      vertex 19.803199276328087 -11.669858233630658 6.5
      vertex 19.736563228070736 -11.68654969483614 6.5
    endloop
  endfacet
  facet normal 0 0 1
    outer loop
      vertex 20.732121592760087 -14.053284332156181 6.5
      vertex 19.867878407239914 -11.646715672314167 6.5
      vertex 19.803199276328087 -11.669858233630658 6.5
    endloop
  endfacet
  facet normal 0 0 1
    outer loop
      vertex 20.796800723671915 -14.030141770839691 6.5
      vertex 19.92997771501541 -11.617344887554646 6.5
      vertex 19.867878407239914 -11.646715672314167 6.5
    endloop
  endfacet
  facet normal 0 0 1
    outer loop
      vertex 20.732121592760087 -14.053284332156181 6.5
      vertex 20.796800723671915 -14.030141770839691 6.5
      vertex 19.867878407239914 -11.646715672314167 6.5
    endloop
  endfacet
  facet normal 0 0 1
    outer loop
      vertex 20.796800723671915 -14.030141770839691 6.5
      vertex 20.863436771929265 -14.013450309634209 6.5
      vertex 19.92997771501541 -11.617344887554646 6.5
    endloop
  endfacet
  facet normal 0 0 1
    outer loop
      vertex 20.863436771929265 -14.013450309634209 6.5
      vertex 20.931387996673585 -14.003370694816113 6.5
      vertex 19.988899163901806 -11.582028733193875 6.5
    endloop
  endfacet
  facet normal 0 0 1
    outer loop
      vertex 20.931387996673585 -14.003370694816113 6.5
      vertex 20.999999998509885 -14 6.5
      vertex 20.044075302779675 -11.541107320785523 6.5
    endloop
  endfacet
  facet normal 0 0 1
    outer loop
      vertex 20.863436771929265 -14.013450309634209 6.5
      vertex 19.988899163901806 -11.582028733193875 6.5
      vertex 19.92997771501541 -11.617344887554646 6.5
    endloop
  endfacet
  facet normal 0 0 1
    outer loop
      vertex 20.931387996673585 -14.003370694816113 6.5
      vertex 20.044075302779675 -11.541107320785523 6.5
      vertex 19.988899163901806 -11.582028733193875 6.5
    endloop
  endfacet
  facet normal 0 0 1
    outer loop
      vertex 20.999999998509885 -14 6.5
      vertex 20.094974748790264 -11.494974748790264 6.5
      vertex 20.044075302779675 -11.541107320785523 6.5
    endloop
  endfacet
  facet normal 0 0 1
    outer loop
      vertex 21.200000001490118 -14 6.5
      vertex 20.141107320785522 -11.444075302779675 6.5
      vertex 20.094974748790264 -11.494974748790264 6.5
    endloop
  endfacet
  facet normal 0 0 1
    outer loop
      vertex 21.200000001490118 -14 6.5
      vertex 20.182028733193874 -11.388899163901806 6.5
      vertex 20.141107320785522 -11.444075302779675 6.5
    endloop
  endfacet
  facet normal 0 0 1
    outer loop
      vertex 21.200000001490118 -14 6.5
      vertex 20.217344887554646 -11.329977715015412 6.5
      vertex 20.182028733193874 -11.388899163901806 6.5
    endloop
  endfacet
  facet normal 0 0 1
    outer loop
      vertex 21.200000001490118 -14 6.5
      vertex 20.246715672314167 -11.267878407239914 6.5
      vertex 20.217344887554646 -11.329977715015412 6.5
    endloop
  endfacet
  facet normal 0 0 1
    outer loop
      vertex 20.999999998509885 -14 6.5
      vertex 21.200000001490118 -14 6.5
      vertex 20.094974748790264 -11.494974748790264 6.5
    endloop
  endfacet
  facet normal 0 0 1
    outer loop
      vertex 21.200000001490118 -14 6.5
      vertex 21.268612003326417 -14.003370694816113 6.5
      vertex 34 18 6.5
    endloop
  endfacet
  facet normal 0 0 1
    outer loop
      vertex 19.600000001490116 -10.099999995529652 6.5
      vertex 19.668612003326416 -10.103370690345765 6.5
      vertex 34 18 6.5
    endloop
  endfacet
  facet normal 0 0 1
    outer loop
      vertex 20.246715672314167 -11.267878407239914 6.5
      vertex 34 18 6.5
      vertex 20.269858233630657 -11.203199276328087 6.5
    endloop
  endfacet
  facet normal 0 0 1
    outer loop
      vertex 20.269858233630657 -11.203199276328087 6.5
      vertex 34 18 6.5
      vertex 20.28654969483614 -11.136563228070736 6.5
    endloop
  endfacet
  facet normal 0 0 1
    outer loop
      vertex 21.200000001490118 -14 6.5
      vertex 34 18 6.5
      vertex 20.246715672314167 -11.267878407239914 6.5
    endloop
  endfacet
  facet normal 0 0 1
    outer loop
      vertex 19.668612003326416 -10.103370690345765 6.5
      vertex 19.736563228070736 -10.11345030516386 6.5
      vertex 34 18 6.5
    endloop
  endfacet
  facet normal 0 0 1
    outer loop
      vertex 19.736563228070736 -10.11345030516386 6.5
      vertex 19.803199276328087 -10.130141766369343 6.5
      vertex 34 18 6.5
    endloop
  endfacet
  facet normal 0 0 1
    outer loop
      vertex 19.803199276328087 -10.130141766369343 6.5
      vertex 19.867878407239914 -10.153284327685833 6.5
      vertex 34 18 6.5
    endloop
  endfacet
  facet normal 0 0 1
    outer loop
      vertex 19.988899163901806 -10.217971266806126 6.5
      vertex 20.044075302779675 -10.258892679214478 6.5
      vertex 34 18 6.5
    endloop
  endfacet
  facet normal 0 0 1
    outer loop
      vertex 19.867878407239914 -10.153284327685833 6.5
      vertex 19.92997771501541 -10.182655112445355 6.5
      vertex 34 18 6.5
    endloop
  endfacet
  facet normal 0 0 1
    outer loop
      vertex 19.92997771501541 -10.182655112445355 6.5
      vertex 19.988899163901806 -10.217971266806126 6.5
      vertex 34 18 6.5
    endloop
  endfacet
  facet normal 0 0 1
    outer loop
      vertex 20.28654969483614 -11.136563228070736 6.5
      vertex 34 18 6.5
      vertex 20.296629309654236 -11.068612003326416 6.5
    endloop
  endfacet
  facet normal 0 0 1
    outer loop
      vertex 20.296629309654236 -11.068612003326416 6.5
      vertex 34 18 6.5
      vertex 20.30000000447035 -11.000000001490116 6.5
    endloop
  endfacet
  facet normal 0 0 1
    outer loop
      vertex 20.30000000447035 -11.000000001490116 6.5
      vertex 34 18 6.5
      vertex 20.30000000447035 -10.799999998509884 6.5
    endloop
  endfacet
  facet normal 0 0 1
    outer loop
      vertex 20.30000000447035 -10.799999998509884 6.5
      vertex 34 18 6.5
      vertex 20.296629309654236 -10.731387996673584 6.5
    endloop
  endfacet
  facet normal 0 0 1
    outer loop
      vertex 20.296629309654236 -10.731387996673584 6.5
      vertex 34 18 6.5
      vertex 20.28654969483614 -10.663436771929264 6.5
    endloop
  endfacet
  facet normal 0 0 1
    outer loop
      vertex 20.28654969483614 -10.663436771929264 6.5
      vertex 34 18 6.5
      vertex 20.269858233630657 -10.596800723671914 6.5
    endloop
  endfacet
  facet normal 0 0 1
    outer loop
      vertex 20.246715672314167 -10.532121592760086 6.5
      vertex 20.269858233630657 -10.596800723671914 6.5
      vertex 34 18 6.5
    endloop
  endfacet
  facet normal 0 0 1
    outer loop
      vertex 20.094974748790264 -10.305025251209736 6.5
      vertex 34 18 6.5
      vertex 20.044075302779675 -10.258892679214478 6.5
    endloop
  endfacet
  facet normal 0 0 1
    outer loop
      vertex 20.094974748790264 -10.305025251209736 6.5
      vertex 20.141107320785522 -10.355924697220326 6.5
      vertex 34 18 6.5
    endloop
  endfacet
  facet normal 0 0 1
    outer loop
      vertex 20.182028733193874 -10.411100836098194 6.5
      vertex 34 18 6.5
      vertex 20.141107320785522 -10.355924697220326 6.5
    endloop
  endfacet
  facet normal 0 0 1
    outer loop
      vertex 20.182028733193874 -10.411100836098194 6.5
      vertex 20.217344887554646 -10.470022284984589 6.5
      vertex 34 18 6.5
    endloop
  endfacet
  facet normal 0 0 1
    outer loop
      vertex 20.246715672314167 -10.532121592760086 6.5
      vertex 34 18 6.5
      vertex 20.217344887554646 -10.470022284984589 6.5
    endloop
  endfacet
  facet normal 0 0 1
    outer loop
      vertex 34 -58 6.5
      vertex 34 18 6.5
      vertex 21.90000000447035 -14.700000002980232 6.5
    endloop
  endfacet
  facet normal 0 0 1
    outer loop
      vertex 21.268612003326417 -14.003370694816113 6.5
      vertex 21.336563228070737 -14.013450309634209 6.5
      vertex 34 18 6.5
    endloop
  endfacet
  facet normal 0 0 1
    outer loop
      vertex 21.40319927632809 -14.030141770839691 6.5
      vertex 21.467878407239915 -14.053284332156181 6.5
      vertex 34 18 6.5
    endloop
  endfacet
  facet normal 0 0 1
    outer loop
      vertex 21.336563228070737 -14.013450309634209 6.5
      vertex 21.40319927632809 -14.030141770839691 6.5
      vertex 34 18 6.5
    endloop
  endfacet
  facet normal 0 0 1
    outer loop
      vertex 21.467878407239915 -14.053284332156181 6.5
      vertex 21.529977715015413 -14.082655116915703 6.5
      vertex 34 18 6.5
    endloop
  endfacet
  facet normal 0 0 1
    outer loop
      vertex 21.644075302779676 -14.158892683684826 6.5
      vertex 34 18 6.5
      vertex 21.588899163901807 -14.117971271276474 6.5
    endloop
  endfacet
  facet normal 0 0 1
    outer loop
      vertex 21.588899163901807 -14.117971271276474 6.5
      vertex 34 18 6.5
      vertex 21.529977715015413 -14.082655116915703 6.5
    endloop
  endfacet
  facet normal 0 0 1
    outer loop
      vertex 21.84671567231417 -14.432121597230434 6.5
      vertex 34 18 6.5
      vertex 21.817344887554647 -14.370022289454937 6.5
    endloop
  endfacet
  facet normal 0 0 1
    outer loop
      vertex 21.817344887554647 -14.370022289454937 6.5
      vertex 34 18 6.5
      vertex 21.782028733193876 -14.311100840568542 6.5
    endloop
  endfacet
  facet normal 0 0 1
    outer loop
      vertex 21.90000000447035 -14.700000002980232 6.5
      vertex 34 18 6.5
      vertex 21.896629309654237 -14.631388001143932 6.5
    endloop
  endfacet
  facet normal 0 0 1
    outer loop
      vertex 21.896629309654237 -14.631388001143932 6.5
      vertex 34 18 6.5
      vertex 21.88654969483614 -14.563436776399612 6.5
    endloop
  endfacet
  facet normal 0 0 1
    outer loop
      vertex 21.88654969483614 -14.563436776399612 6.5
      vertex 34 18 6.5
      vertex 21.86985823363066 -14.496800728142262 6.5
    endloop
  endfacet
  facet normal 0 0 1
    outer loop
      vertex 21.84671567231417 -14.432121597230434 6.5
      vertex 21.86985823363066 -14.496800728142262 6.5
      vertex 34 18 6.5
    endloop
  endfacet
  facet normal 0 0 1
    outer loop
      vertex 21.694974748790266 -14.205025255680084 6.5
      vertex 21.741107320785524 -14.255924701690674 6.5
      vertex 34 18 6.5
    endloop
  endfacet
  facet normal 0 0 1
    outer loop
      vertex 21.644075302779676 -14.158892683684826 6.5
      vertex 21.694974748790266 -14.205025255680084 6.5
      vertex 34 18 6.5
    endloop
  endfacet
  facet normal 0 0 1
    outer loop
      vertex 21.741107320785524 -14.255924701690674 6.5
      vertex 21.782028733193876 -14.311100840568542 6.5
      vertex 34 18 6.5
    endloop
  endfacet
  facet normal -0.9700312530630043 -0.24298018042840003 0
    outer loop
      vertex -20.269858233630657 -11.203199276328087 6.5
      vertex -20.28654969483614 -11.136563228070736 7.7
      vertex -20.28654969483614 -11.136563228070736 6.5
    endloop
  endfacet
  facet normal -0.9415440733717186 -0.33688983050634186 0
    outer loop
      vertex -20.269858233630657 -11.203199276328087 6.5
      vertex -20.246715672314167 -11.267878407239914 6.5
      vertex -20.269858233630657 -11.203199276328087 7.7
    endloop
  endfacet
  facet normal -0.8577286292631376 -0.5141027120550709 0
    outer loop
      vertex -20.217344887554646 -11.329977715015412 6.5
      vertex -20.182028733193874 -11.388899163901806 6.5
      vertex -20.217344887554646 -11.329977715015412 7.7
    endloop
  endfacet
  facet normal -0.9039892955176116 -0.4275550883682383 0
    outer loop
      vertex -20.246715672314167 -11.267878407239914 6.5
      vertex -20.217344887554646 -11.329977715015412 6.5
      vertex -20.246715672314167 -11.267878407239914 7.7
    endloop
  endfacet
  facet normal -0.9891765040673514 -0.1467305142125974 0
    outer loop
      vertex -20.28654969483614 -11.136563228070736 6.5
      vertex -20.296629309654236 -11.068612003326416 7.7
      vertex -20.296629309654236 -11.068612003326416 6.5
    endloop
  endfacet
  facet normal -0.9987954538440772 -0.04906772238858985 0
    outer loop
      vertex -20.296629309654236 -11.068612003326416 6.5
      vertex -20.30000000447035 -11.000000001490116 7.7
      vertex -20.30000000447035 -11.000000001490116 6.5
    endloop
  endfacet
  facet normal -1 0 0
    outer loop
      vertex -20.30000000447035 -11.000000001490116 6.5
      vertex -20.30000000447035 -10.799999998509884 7.7
      vertex -20.30000000447035 -10.799999998509884 6.5
    endloop
  endfacet
  facet normal -0.9987954538440772 0.04906772238858985 0
    outer loop
      vertex -20.30000000447035 -10.799999998509884 6.5
      vertex -20.296629309654236 -10.731387996673584 7.7
      vertex -20.296629309654236 -10.731387996673584 6.5
    endloop
  endfacet
  facet normal -0.9891765040673514 0.1467305142125974 0
    outer loop
      vertex -20.296629309654236 -10.731387996673584 6.5
      vertex -20.28654969483614 -10.663436771929264 7.7
      vertex -20.28654969483614 -10.663436771929264 6.5
    endloop
  endfacet
  facet normal -0.9700312530630043 0.24298018042840003 0
    outer loop
      vertex -20.28654969483614 -10.663436771929264 6.5
      vertex -20.269858233630657 -10.596800723671914 7.7
      vertex -20.269858233630657 -10.596800723671914 6.5
    endloop
  endfacet
  facet normal -0.9415440733717186 0.33688983050634186 0
    outer loop
      vertex -20.269858233630657 -10.596800723671914 6.5
      vertex -20.246715672314167 -10.532121592760086 7.7
      vertex -20.246715672314167 -10.532121592760086 6.5
    endloop
  endfacet
  facet normal -0.9039892955176116 0.4275550883682383 0
    outer loop
      vertex -20.246715672314167 -10.532121592760086 6.5
      vertex -20.217344887554646 -10.470022284984589 7.7
      vertex -20.217344887554646 -10.470022284984589 6.5
    endloop
  endfacet
  facet normal -0.8577286292631376 0.5141027120550709 0
    outer loop
      vertex -20.217344887554646 -10.470022284984589 6.5
      vertex -20.182028733193874 -10.411100836098194 7.7
      vertex -20.182028733193874 -10.411100836098194 6.5
    endloop
  endfacet
  facet normal -0.5141027120550709 -0.8577286292631376 0
    outer loop
      vertex -19.988899163901806 -11.582028733193875 6.5
      vertex -19.92997771501541 -11.617344887554646 6.5
      vertex -19.988899163901806 -11.582028733193875 7.7
    endloop
  endfacet
  facet normal -0.4275550883682383 -0.9039892955176116 0
    outer loop
      vertex -19.92997771501541 -11.617344887554646 6.5
      vertex -19.867878407239914 -11.646715672314167 6.5
      vertex -19.92997771501541 -11.617344887554646 7.7
    endloop
  endfacet
  facet normal -0.33688983050634186 -0.9415440733717186 0
    outer loop
      vertex -19.867878407239914 -11.646715672314167 6.5
      vertex -19.803199276328087 -11.669858233630658 6.5
      vertex -19.867878407239914 -11.646715672314167 7.7
    endloop
  endfacet
  facet normal -0.24298018042840003 -0.9700312530630043 0
    outer loop
      vertex -19.803199276328087 -11.669858233630658 6.5
      vertex -19.736563228070736 -11.68654969483614 6.5
      vertex -19.803199276328087 -11.669858233630658 7.7
    endloop
  endfacet
  facet normal -0.1467305142125974 -0.9891765040673514 0
    outer loop
      vertex -19.736563228070736 -11.68654969483614 6.5
      vertex -19.668612003326416 -11.696629309654236 6.5
      vertex -19.736563228070736 -11.68654969483614 7.7
    endloop
  endfacet
  facet normal -0.04906772238858985 -0.9987954538440772 0
    outer loop
      vertex -19.668612003326416 -11.696629309654236 6.5
      vertex -19.600000001490116 -11.700000004470349 6.5
      vertex -19.668612003326416 -11.696629309654236 7.7
    endloop
  endfacet
  facet normal -0.740951102183507 -0.6715589804127752 0
    outer loop
      vertex -20.141107320785522 -11.444075302779675 6.5
      vertex -20.094974748790264 -11.494974748790264 6.5
      vertex -20.141107320785522 -11.444075302779675 7.7
    endloop
  endfacet
  facet normal -0.8032075393624317 -0.5956992938650739 0
    outer loop
      vertex -20.182028733193874 -11.388899163901806 6.5
      vertex -20.141107320785522 -11.444075302779675 6.5
      vertex -20.182028733193874 -11.388899163901806 7.7
    endloop
  endfacet
  facet normal -0.6715589804127752 -0.740951102183507 0
    outer loop
      vertex -20.094974748790264 -11.494974748790264 6.5
      vertex -20.044075302779675 -11.541107320785523 6.5
      vertex -20.094974748790264 -11.494974748790264 7.7
    endloop
  endfacet
  facet normal -0.5956992938650739 -0.8032075393624317 0
    outer loop
      vertex -19.988899163901806 -11.582028733193875 6.5
      vertex -20.044075302779675 -11.541107320785523 7.7
      vertex -20.044075302779675 -11.541107320785523 6.5
    endloop
  endfacet
  facet normal -0.8032075393624317 0.5956992938650739 0
    outer loop
      vertex -20.182028733193874 -10.411100836098194 6.5
      vertex -20.141107320785522 -10.355924697220326 7.7
      vertex -20.141107320785522 -10.355924697220326 6.5
    endloop
  endfacet
  facet normal -0.740951102183507 0.6715589804127752 0
    outer loop
      vertex -20.141107320785522 -10.355924697220326 6.5
      vertex -20.094974748790264 -10.305025251209736 7.7
      vertex -20.094974748790264 -10.305025251209736 6.5
    endloop
  endfacet
  facet normal -0.6715589804127752 0.740951102183507 0
    outer loop
      vertex -20.094974748790264 -10.305025251209736 6.5
      vertex -20.044075302779675 -10.258892679214478 7.7
      vertex -20.044075302779675 -10.258892679214478 6.5
    endloop
  endfacet
  facet normal -0.5956992938650739 0.8032075393624317 0
    outer loop
      vertex -20.044075302779675 -10.258892679214478 6.5
      vertex -19.988899163901806 -10.217971266806126 7.7
      vertex -19.988899163901806 -10.217971266806126 6.5
    endloop
  endfacet
  facet normal -0.5141027120550709 0.8577286292631376 0
    outer loop
      vertex -19.988899163901806 -10.217971266806126 6.5
      vertex -19.92997771501541 -10.182655112445355 7.7
      vertex -19.92997771501541 -10.182655112445355 6.5
    endloop
  endfacet
  facet normal -0.4275550883682383 0.9039892955176116 0
    outer loop
      vertex -19.92997771501541 -10.182655112445355 6.5
      vertex -19.867878407239914 -10.153284327685833 7.7
      vertex -19.867878407239914 -10.153284327685833 6.5
    endloop
  endfacet
  facet normal -0.33688983050634186 0.9415440733717186 0
    outer loop
      vertex -19.867878407239914 -10.153284327685833 6.5
      vertex -19.803199276328087 -10.130141766369343 7.7
      vertex -19.803199276328087 -10.130141766369343 6.5
    endloop
  endfacet
  facet normal -0.24298018042840003 0.9700312530630043 0
    outer loop
      vertex -19.803199276328087 -10.130141766369343 6.5
      vertex -19.736563228070736 -10.11345030516386 7.7
      vertex -19.736563228070736 -10.11345030516386 6.5
    endloop
  endfacet
  facet normal -0.1467305142125974 0.9891765040673514 0
    outer loop
      vertex -19.736563228070736 -10.11345030516386 6.5
      vertex -19.668612003326416 -10.103370690345765 7.7
      vertex -19.668612003326416 -10.103370690345765 6.5
    endloop
  endfacet
  facet normal -0.04906772238858985 0.9987954538440772 0
    outer loop
      vertex -19.668612003326416 -10.103370690345765 6.5
      vertex -19.600000001490116 -10.099999995529652 7.7
      vertex -19.600000001490116 -10.099999995529652 6.5
    endloop
  endfacet
  facet normal -0.8577286292631376 -0.5141027120550709 0
    outer loop
      vertex -20.182028733193874 -11.388899163901806 6.5
      vertex -20.182028733193874 -11.388899163901806 7.7
      vertex -20.217344887554646 -11.329977715015412 7.7
    endloop
  endfacet
  facet normal -0.9415440733717186 -0.33688983050634186 0
    outer loop
      vertex -20.246715672314167 -11.267878407239914 6.5
      vertex -20.246715672314167 -11.267878407239914 7.7
      vertex -20.269858233630657 -11.203199276328087 7.7
    endloop
  endfacet
  facet normal -0.9700312530630043 -0.24298018042840003 0
    outer loop
      vertex -20.269858233630657 -11.203199276328087 6.5
      vertex -20.269858233630657 -11.203199276328087 7.7
      vertex -20.28654969483614 -11.136563228070736 7.7
    endloop
  endfacet
  facet normal -0.9039892955176116 -0.4275550883682383 0
    outer loop
      vertex -20.217344887554646 -11.329977715015412 6.5
      vertex -20.217344887554646 -11.329977715015412 7.7
      vertex -20.246715672314167 -11.267878407239914 7.7
    endloop
  endfacet
  facet normal -0.9891765040673514 -0.1467305142125974 0
    outer loop
      vertex -20.28654969483614 -11.136563228070736 6.5
      vertex -20.28654969483614 -11.136563228070736 7.7
      vertex -20.296629309654236 -11.068612003326416 7.7
    endloop
  endfacet
  facet normal -0.9987954538440772 -0.04906772238858985 0
    outer loop
      vertex -20.296629309654236 -11.068612003326416 6.5
      vertex -20.296629309654236 -11.068612003326416 7.7
      vertex -20.30000000447035 -11.000000001490116 7.7
    endloop
  endfacet
  facet normal -1 0 0
    outer loop
      vertex -20.30000000447035 -11.000000001490116 6.5
      vertex -20.30000000447035 -11.000000001490116 7.7
      vertex -20.30000000447035 -10.799999998509884 7.7
    endloop
  endfacet
  facet normal -0.9987954538440772 0.04906772238858985 0
    outer loop
      vertex -20.30000000447035 -10.799999998509884 6.5
      vertex -20.30000000447035 -10.799999998509884 7.7
      vertex -20.296629309654236 -10.731387996673584 7.7
    endloop
  endfacet
  facet normal -0.9891765040673514 0.1467305142125974 0
    outer loop
      vertex -20.296629309654236 -10.731387996673584 6.5
      vertex -20.296629309654236 -10.731387996673584 7.7
      vertex -20.28654969483614 -10.663436771929264 7.7
    endloop
  endfacet
  facet normal -0.9700312530630043 0.24298018042840003 0
    outer loop
      vertex -20.28654969483614 -10.663436771929264 6.5
      vertex -20.28654969483614 -10.663436771929264 7.7
      vertex -20.269858233630657 -10.596800723671914 7.7
    endloop
  endfacet
  facet normal -0.9415440733717186 0.33688983050634186 0
    outer loop
      vertex -20.269858233630657 -10.596800723671914 6.5
      vertex -20.269858233630657 -10.596800723671914 7.7
      vertex -20.246715672314167 -10.532121592760086 7.7
    endloop
  endfacet
  facet normal -0.9039892955176116 0.4275550883682383 0
    outer loop
      vertex -20.246715672314167 -10.532121592760086 6.5
      vertex -20.246715672314167 -10.532121592760086 7.7
      vertex -20.217344887554646 -10.470022284984589 7.7
    endloop
  endfacet
  facet normal -0.8577286292631376 0.5141027120550709 0
    outer loop
      vertex -20.217344887554646 -10.470022284984589 6.5
      vertex -20.217344887554646 -10.470022284984589 7.7
      vertex -20.182028733193874 -10.411100836098194 7.7
    endloop
  endfacet
  facet normal -0.5956992938650739 -0.8032075393624317 0
    outer loop
      vertex -19.988899163901806 -11.582028733193875 6.5
      vertex -19.988899163901806 -11.582028733193875 7.7
      vertex -20.044075302779675 -11.541107320785523 7.7
    endloop
  endfacet
  facet normal -0.5141027120550709 -0.8577286292631376 0
    outer loop
      vertex -19.92997771501541 -11.617344887554646 6.5
      vertex -19.92997771501541 -11.617344887554646 7.7
      vertex -19.988899163901806 -11.582028733193875 7.7
    endloop
  endfacet
  facet normal -0.4275550883682383 -0.9039892955176116 0
    outer loop
      vertex -19.867878407239914 -11.646715672314167 6.5
      vertex -19.867878407239914 -11.646715672314167 7.7
      vertex -19.92997771501541 -11.617344887554646 7.7
    endloop
  endfacet
  facet normal -0.33688983050634186 -0.9415440733717186 0
    outer loop
      vertex -19.803199276328087 -11.669858233630658 6.5
      vertex -19.803199276328087 -11.669858233630658 7.7
      vertex -19.867878407239914 -11.646715672314167 7.7
    endloop
  endfacet
  facet normal -0.24298018042840003 -0.9700312530630043 0
    outer loop
      vertex -19.736563228070736 -11.68654969483614 6.5
      vertex -19.736563228070736 -11.68654969483614 7.7
      vertex -19.803199276328087 -11.669858233630658 7.7
    endloop
  endfacet
  facet normal -0.1467305142125974 -0.9891765040673514 0
    outer loop
      vertex -19.668612003326416 -11.696629309654236 6.5
      vertex -19.668612003326416 -11.696629309654236 7.7
      vertex -19.736563228070736 -11.68654969483614 7.7
    endloop
  endfacet
  facet normal -0.04906772238858985 -0.9987954538440772 0
    outer loop
      vertex -19.600000001490116 -11.700000004470349 6.5
      vertex -19.600000001490116 -11.700000004470349 7.7
      vertex -19.668612003326416 -11.696629309654236 7.7
    endloop
  endfacet
  facet normal -0.8032075393624317 -0.5956992938650739 0
    outer loop
      vertex -20.141107320785522 -11.444075302779675 6.5
      vertex -20.141107320785522 -11.444075302779675 7.7
      vertex -20.182028733193874 -11.388899163901806 7.7
    endloop
  endfacet
  facet normal -0.6715589804127752 -0.740951102183507 0
    outer loop
      vertex -20.044075302779675 -11.541107320785523 6.5
      vertex -20.044075302779675 -11.541107320785523 7.7
      vertex -20.094974748790264 -11.494974748790264 7.7
    endloop
  endfacet
  facet normal -0.740951102183507 -0.6715589804127752 0
    outer loop
      vertex -20.094974748790264 -11.494974748790264 6.5
      vertex -20.094974748790264 -11.494974748790264 7.7
      vertex -20.141107320785522 -11.444075302779675 7.7
    endloop
  endfacet
  facet normal -0.8032075393624317 0.5956992938650739 0
    outer loop
      vertex -20.182028733193874 -10.411100836098194 6.5
      vertex -20.182028733193874 -10.411100836098194 7.7
      vertex -20.141107320785522 -10.355924697220326 7.7
    endloop
  endfacet
  facet normal -0.740951102183507 0.6715589804127752 0
    outer loop
      vertex -20.141107320785522 -10.355924697220326 6.5
      vertex -20.141107320785522 -10.355924697220326 7.7
      vertex -20.094974748790264 -10.305025251209736 7.7
    endloop
  endfacet
  facet normal -0.6715589804127752 0.740951102183507 0
    outer loop
      vertex -20.094974748790264 -10.305025251209736 6.5
      vertex -20.094974748790264 -10.305025251209736 7.7
      vertex -20.044075302779675 -10.258892679214478 7.7
    endloop
  endfacet
  facet normal -0.5956992938650739 0.8032075393624317 0
    outer loop
      vertex -20.044075302779675 -10.258892679214478 6.5
      vertex -20.044075302779675 -10.258892679214478 7.7
      vertex -19.988899163901806 -10.217971266806126 7.7
    endloop
  endfacet
  facet normal -0.5141027120550709 0.8577286292631376 0
    outer loop
      vertex -19.988899163901806 -10.217971266806126 6.5
      vertex -19.988899163901806 -10.217971266806126 7.7
      vertex -19.92997771501541 -10.182655112445355 7.7
    endloop
  endfacet
  facet normal -0.4275550883682383 0.9039892955176116 0
    outer loop
      vertex -19.92997771501541 -10.182655112445355 6.5
      vertex -19.92997771501541 -10.182655112445355 7.7
      vertex -19.867878407239914 -10.153284327685833 7.7
    endloop
  endfacet
  facet normal -0.33688983050634186 0.9415440733717186 0
    outer loop
      vertex -19.867878407239914 -10.153284327685833 6.5
      vertex -19.867878407239914 -10.153284327685833 7.7
      vertex -19.803199276328087 -10.130141766369343 7.7
    endloop
  endfacet
  facet normal -0.24298018042840003 0.9700312530630043 0
    outer loop
      vertex -19.803199276328087 -10.130141766369343 6.5
      vertex -19.803199276328087 -10.130141766369343 7.7
      vertex -19.736563228070736 -10.11345030516386 7.7
    endloop
  endfacet
  facet normal -0.1467305142125974 0.9891765040673514 0
    outer loop
      vertex -19.736563228070736 -10.11345030516386 6.5
      vertex -19.736563228070736 -10.11345030516386 7.7
      vertex -19.668612003326416 -10.103370690345765 7.7
    endloop
  endfacet
  facet normal -0.04906772238858985 0.9987954538440772 0
    outer loop
      vertex -19.668612003326416 -10.103370690345765 6.5
      vertex -19.668612003326416 -10.103370690345765 7.7
      vertex -19.600000001490116 -10.099999995529652 7.7
    endloop
  endfacet
  facet normal 0 0 1
    outer loop
      vertex -19.736563228070736 -10.11345030516386 7.7
      vertex -19.600000001490116 -10.099999995529652 7.7
      vertex -19.668612003326416 -10.103370690345765 7.7
    endloop
  endfacet
  facet normal 0 -1 0
    outer loop
      vertex -19.600000001490116 -11.700000004470349 6.5
      vertex 19.600000001490116 -11.700000004470349 6.5
      vertex -19.600000001490116 -11.700000004470349 7.7
    endloop
  endfacet
  facet normal 0 1 0
    outer loop
      vertex -19.600000001490116 -10.099999995529652 6.5
      vertex -19.600000001490116 -10.099999995529652 7.7
      vertex 19.600000001490116 -10.099999995529652 7.7
    endloop
  endfacet
  facet normal 0 0 1
    outer loop
      vertex -19.988899163901806 -11.582028733193875 7.7
      vertex -19.92997771501541 -11.617344887554646 7.7
      vertex 20.094974748790264 -11.494974748790264 7.7
    endloop
  endfacet
  facet normal 0 0 1
    outer loop
      vertex -19.92997771501541 -11.617344887554646 7.7
      vertex -19.867878407239914 -11.646715672314167 7.7
      vertex 20.044075302779675 -11.541107320785523 7.7
    endloop
  endfacet
  facet normal 0 0 1
    outer loop
      vertex -19.736563228070736 -11.68654969483614 7.7
      vertex -19.668612003326416 -11.696629309654236 7.7
      vertex 19.867878407239914 -11.646715672314167 7.7
    endloop
  endfacet
  facet normal 0 0 1
    outer loop
      vertex -19.867878407239914 -11.646715672314167 7.7
      vertex -19.803199276328087 -11.669858233630658 7.7
      vertex 19.988899163901806 -11.582028733193875 7.7
    endloop
  endfacet
  facet normal 0 0 1
    outer loop
      vertex -19.803199276328087 -11.669858233630658 7.7
      vertex -19.736563228070736 -11.68654969483614 7.7
      vertex 19.92997771501541 -11.617344887554646 7.7
    endloop
  endfacet
  facet normal 0 0 1
    outer loop
      vertex -19.668612003326416 -11.696629309654236 7.7
      vertex -19.600000001490116 -11.700000004470349 7.7
      vertex 19.803199276328087 -11.669858233630658 7.7
    endloop
  endfacet
  facet normal 0 0 1
    outer loop
      vertex -20.094974748790264 -11.494974748790264 7.7
      vertex -20.044075302779675 -11.541107320785523 7.7
      vertex 20.182028733193874 -11.388899163901806 7.7
    endloop
  endfacet
  facet normal 0 0 1
    outer loop
      vertex -20.141107320785522 -11.444075302779675 7.7
      vertex -20.094974748790264 -11.494974748790264 7.7
      vertex 20.217344887554646 -11.329977715015412 7.7
    endloop
  endfacet
  facet normal 0 0 1
    outer loop
      vertex -20.141107320785522 -11.444075302779675 7.7
      vertex 20.246715672314167 -11.267878407239914 7.7
      vertex -20.182028733193874 -11.388899163901806 7.7
    endloop
  endfacet
  facet normal 0 0 1
    outer loop
      vertex -20.217344887554646 -11.329977715015412 7.7
      vertex -20.182028733193874 -11.388899163901806 7.7
      vertex 20.269858233630657 -11.203199276328087 7.7
    endloop
  endfacet
  facet normal 0 0 1
    outer loop
      vertex -20.217344887554646 -11.329977715015412 7.7
      vertex 20.28654969483614 -11.136563228070736 7.7
      vertex -20.246715672314167 -11.267878407239914 7.7
    endloop
  endfacet
  facet normal 0 0 1
    outer loop
      vertex -20.269858233630657 -11.203199276328087 7.7
      vertex -20.246715672314167 -11.267878407239914 7.7
      vertex 20.296629309654236 -11.068612003326416 7.7
    endloop
  endfacet
  facet normal 0 0 1
    outer loop
      vertex -20.269858233630657 -11.203199276328087 7.7
      vertex 20.30000000447035 -11.000000001490116 7.7
      vertex -20.28654969483614 -11.136563228070736 7.7
    endloop
  endfacet
  facet normal 0 0 1
    outer loop
      vertex -20.28654969483614 -11.136563228070736 7.7
      vertex 20.30000000447035 -10.799999998509884 7.7
      vertex -20.296629309654236 -11.068612003326416 7.7
    endloop
  endfacet
  facet normal 0 0 1
    outer loop
      vertex -20.296629309654236 -11.068612003326416 7.7
      vertex 20.296629309654236 -10.731387996673584 7.7
      vertex -20.30000000447035 -11.000000001490116 7.7
    endloop
  endfacet
  facet normal 0 0 1
    outer loop
      vertex -20.30000000447035 -11.000000001490116 7.7
      vertex 20.28654969483614 -10.663436771929264 7.7
      vertex -20.30000000447035 -10.799999998509884 7.7
    endloop
  endfacet
  facet normal 0 0 1
    outer loop
      vertex -19.988899163901806 -11.582028733193875 7.7
      vertex 20.141107320785522 -11.444075302779675 7.7
      vertex -20.044075302779675 -11.541107320785523 7.7
    endloop
  endfacet
  facet normal 0 0 1
    outer loop
      vertex -20.30000000447035 -10.799999998509884 7.7
      vertex 20.269858233630657 -10.596800723671914 7.7
      vertex -20.296629309654236 -10.731387996673584 7.7
    endloop
  endfacet
  facet normal 0 0 1
    outer loop
      vertex -20.296629309654236 -10.731387996673584 7.7
      vertex 20.246715672314167 -10.532121592760086 7.7
      vertex -20.28654969483614 -10.663436771929264 7.7
    endloop
  endfacet
  facet normal 0 0 1
    outer loop
      vertex -20.28654969483614 -10.663436771929264 7.7
      vertex 20.217344887554646 -10.470022284984589 7.7
      vertex -20.269858233630657 -10.596800723671914 7.7
    endloop
  endfacet
  facet normal 0 0 1
    outer loop
      vertex -20.269858233630657 -10.596800723671914 7.7
      vertex 20.182028733193874 -10.411100836098194 7.7
      vertex -20.246715672314167 -10.532121592760086 7.7
    endloop
  endfacet
  facet normal 0 0 1
    outer loop
      vertex -20.246715672314167 -10.532121592760086 7.7
      vertex 20.141107320785522 -10.355924697220326 7.7
      vertex -20.217344887554646 -10.470022284984589 7.7
    endloop
  endfacet
  facet normal 0 0 1
    outer loop
      vertex -20.217344887554646 -10.470022284984589 7.7
      vertex 20.094974748790264 -10.305025251209736 7.7
      vertex -20.182028733193874 -10.411100836098194 7.7
    endloop
  endfacet
  facet normal 0 0 1
    outer loop
      vertex -20.182028733193874 -10.411100836098194 7.7
      vertex 20.044075302779675 -10.258892679214478 7.7
      vertex -20.141107320785522 -10.355924697220326 7.7
    endloop
  endfacet
  facet normal 0 0 1
    outer loop
      vertex -20.141107320785522 -10.355924697220326 7.7
      vertex 19.988899163901806 -10.217971266806126 7.7
      vertex -20.094974748790264 -10.305025251209736 7.7
    endloop
  endfacet
  facet normal 0 0 1
    outer loop
      vertex -20.094974748790264 -10.305025251209736 7.7
      vertex 19.92997771501541 -10.182655112445355 7.7
      vertex -20.044075302779675 -10.258892679214478 7.7
    endloop
  endfacet
  facet normal 0 0 1
    outer loop
      vertex -20.044075302779675 -10.258892679214478 7.7
      vertex 19.867878407239914 -10.153284327685833 7.7
      vertex -19.988899163901806 -10.217971266806126 7.7
    endloop
  endfacet
  facet normal 0 0 1
    outer loop
      vertex -19.988899163901806 -10.217971266806126 7.7
      vertex 19.803199276328087 -10.130141766369343 7.7
      vertex -19.92997771501541 -10.182655112445355 7.7
    endloop
  endfacet
  facet normal 0 0 1
    outer loop
      vertex -19.92997771501541 -10.182655112445355 7.7
      vertex 19.736563228070736 -10.11345030516386 7.7
      vertex -19.867878407239914 -10.153284327685833 7.7
    endloop
  endfacet
  facet normal 0 0 1
    outer loop
      vertex -19.867878407239914 -10.153284327685833 7.7
      vertex 19.668612003326416 -10.103370690345765 7.7
      vertex -19.803199276328087 -10.130141766369343 7.7
    endloop
  endfacet
  facet normal 0 0 1
    outer loop
      vertex -19.803199276328087 -10.130141766369343 7.7
      vertex 19.600000001490116 -10.099999995529652 7.7
      vertex -19.736563228070736 -10.11345030516386 7.7
    endloop
  endfacet
  facet normal 0 0 1
    outer loop
      vertex -19.736563228070736 -10.11345030516386 7.7
      vertex 19.600000001490116 -10.099999995529652 7.7
      vertex -19.600000001490116 -10.099999995529652 7.7
    endloop
  endfacet
  facet normal 0 1 0
    outer loop
      vertex -19.600000001490116 -10.099999995529652 6.5
      vertex 19.600000001490116 -10.099999995529652 7.7
      vertex 19.600000001490116 -10.099999995529652 6.5
    endloop
  endfacet
  facet normal 0 -1 0
    outer loop
      vertex -19.600000001490116 -11.700000004470349 7.7
      vertex 19.600000001490116 -11.700000004470349 6.5
      vertex 19.600000001490116 -11.700000004470349 7.7
    endloop
  endfacet
  facet normal 0 0 1
    outer loop
      vertex -19.600000001490116 -11.700000004470349 7.7
      vertex 19.600000001490116 -11.700000004470349 7.7
      vertex 19.736563228070736 -11.68654969483614 7.7
    endloop
  endfacet
  facet normal 0 0 1
    outer loop
      vertex -19.600000001490116 -11.700000004470349 7.7
      vertex 19.736563228070736 -11.68654969483614 7.7
      vertex 19.803199276328087 -11.669858233630658 7.7
    endloop
  endfacet
  facet normal 0 0 1
    outer loop
      vertex -19.668612003326416 -11.696629309654236 7.7
      vertex 19.803199276328087 -11.669858233630658 7.7
      vertex 19.867878407239914 -11.646715672314167 7.7
    endloop
  endfacet
  facet normal 0 0 1
    outer loop
      vertex -19.736563228070736 -11.68654969483614 7.7
      vertex 19.867878407239914 -11.646715672314167 7.7
      vertex 19.92997771501541 -11.617344887554646 7.7
    endloop
  endfacet
  facet normal 0 0 1
    outer loop
      vertex -19.803199276328087 -11.669858233630658 7.7
      vertex 19.92997771501541 -11.617344887554646 7.7
      vertex 19.988899163901806 -11.582028733193875 7.7
    endloop
  endfacet
  facet normal 0 0 1
    outer loop
      vertex -19.867878407239914 -11.646715672314167 7.7
      vertex 19.988899163901806 -11.582028733193875 7.7
      vertex 20.044075302779675 -11.541107320785523 7.7
    endloop
  endfacet
  facet normal 0 0 1
    outer loop
      vertex -19.92997771501541 -11.617344887554646 7.7
      vertex 20.044075302779675 -11.541107320785523 7.7
      vertex 20.094974748790264 -11.494974748790264 7.7
    endloop
  endfacet
  facet normal 0 0 1
    outer loop
      vertex -19.988899163901806 -11.582028733193875 7.7
      vertex 20.094974748790264 -11.494974748790264 7.7
      vertex 20.141107320785522 -11.444075302779675 7.7
    endloop
  endfacet
  facet normal 0 0 1
    outer loop
      vertex -20.044075302779675 -11.541107320785523 7.7
      vertex 20.141107320785522 -11.444075302779675 7.7
      vertex 20.182028733193874 -11.388899163901806 7.7
    endloop
  endfacet
  facet normal 0 0 1
    outer loop
      vertex -20.094974748790264 -11.494974748790264 7.7
      vertex 20.182028733193874 -11.388899163901806 7.7
      vertex 20.217344887554646 -11.329977715015412 7.7
    endloop
  endfacet
  facet normal 0 0 1
    outer loop
      vertex -20.141107320785522 -11.444075302779675 7.7
      vertex 20.217344887554646 -11.329977715015412 7.7
      vertex 20.246715672314167 -11.267878407239914 7.7
    endloop
  endfacet
  facet normal 0 0 1
    outer loop
      vertex -20.182028733193874 -11.388899163901806 7.7
      vertex 20.246715672314167 -11.267878407239914 7.7
      vertex 20.269858233630657 -11.203199276328087 7.7
    endloop
  endfacet
  facet normal 0 0 1
    outer loop
      vertex -20.217344887554646 -11.329977715015412 7.7
      vertex 20.269858233630657 -11.203199276328087 7.7
      vertex 20.28654969483614 -11.136563228070736 7.7
    endloop
  endfacet
  facet normal 0 0 1
    outer loop
      vertex -20.246715672314167 -11.267878407239914 7.7
      vertex 20.28654969483614 -11.136563228070736 7.7
      vertex 20.296629309654236 -11.068612003326416 7.7
    endloop
  endfacet
  facet normal 0 0 1
    outer loop
      vertex -20.28654969483614 -11.136563228070736 7.7
      vertex 20.30000000447035 -11.000000001490116 7.7
      vertex 20.30000000447035 -10.799999998509884 7.7
    endloop
  endfacet
  facet normal 0 0 1
    outer loop
      vertex -20.296629309654236 -11.068612003326416 7.7
      vertex 20.30000000447035 -10.799999998509884 7.7
      vertex 20.296629309654236 -10.731387996673584 7.7
    endloop
  endfacet
  facet normal 0 0 1
    outer loop
      vertex -20.30000000447035 -11.000000001490116 7.7
      vertex 20.296629309654236 -10.731387996673584 7.7
      vertex 20.28654969483614 -10.663436771929264 7.7
    endloop
  endfacet
  facet normal 0 0 1
    outer loop
      vertex -20.269858233630657 -11.203199276328087 7.7
      vertex 20.296629309654236 -11.068612003326416 7.7
      vertex 20.30000000447035 -11.000000001490116 7.7
    endloop
  endfacet
  facet normal 0 0 1
    outer loop
      vertex -19.803199276328087 -10.130141766369343 7.7
      vertex 19.668612003326416 -10.103370690345765 7.7
      vertex 19.600000001490116 -10.099999995529652 7.7
    endloop
  endfacet
  facet normal 0 0 1
    outer loop
      vertex -19.92997771501541 -10.182655112445355 7.7
      vertex 19.803199276328087 -10.130141766369343 7.7
      vertex 19.736563228070736 -10.11345030516386 7.7
    endloop
  endfacet
  facet normal 0 0 1
    outer loop
      vertex -19.867878407239914 -10.153284327685833 7.7
      vertex 19.736563228070736 -10.11345030516386 7.7
      vertex 19.668612003326416 -10.103370690345765 7.7
    endloop
  endfacet
  facet normal 0 0 1
    outer loop
      vertex -19.988899163901806 -10.217971266806126 7.7
      vertex 19.867878407239914 -10.153284327685833 7.7
      vertex 19.803199276328087 -10.130141766369343 7.7
    endloop
  endfacet
  facet normal 0 0 1
    outer loop
      vertex -20.044075302779675 -10.258892679214478 7.7
      vertex 19.92997771501541 -10.182655112445355 7.7
      vertex 19.867878407239914 -10.153284327685833 7.7
    endloop
  endfacet
  facet normal 0 0 1
    outer loop
      vertex -20.094974748790264 -10.305025251209736 7.7
      vertex 19.988899163901806 -10.217971266806126 7.7
      vertex 19.92997771501541 -10.182655112445355 7.7
    endloop
  endfacet
  facet normal 0 0 1
    outer loop
      vertex -20.141107320785522 -10.355924697220326 7.7
      vertex 20.044075302779675 -10.258892679214478 7.7
      vertex 19.988899163901806 -10.217971266806126 7.7
    endloop
  endfacet
  facet normal 0 0 1
    outer loop
      vertex -20.30000000447035 -10.799999998509884 7.7
      vertex 20.28654969483614 -10.663436771929264 7.7
      vertex 20.269858233630657 -10.596800723671914 7.7
    endloop
  endfacet
  facet normal 0 0 1
    outer loop
      vertex -20.296629309654236 -10.731387996673584 7.7
      vertex 20.269858233630657 -10.596800723671914 7.7
      vertex 20.246715672314167 -10.532121592760086 7.7
    endloop
  endfacet
  facet normal 0 0 1
    outer loop
      vertex -20.28654969483614 -10.663436771929264 7.7
      vertex 20.246715672314167 -10.532121592760086 7.7
      vertex 20.217344887554646 -10.470022284984589 7.7
    endloop
  endfacet
  facet normal 0 0 1
    outer loop
      vertex -20.246715672314167 -10.532121592760086 7.7
      vertex 20.182028733193874 -10.411100836098194 7.7
      vertex 20.141107320785522 -10.355924697220326 7.7
    endloop
  endfacet
  facet normal 0 0 1
    outer loop
      vertex -20.182028733193874 -10.411100836098194 7.7
      vertex 20.094974748790264 -10.305025251209736 7.7
      vertex 20.044075302779675 -10.258892679214478 7.7
    endloop
  endfacet
  facet normal 0 0 1
    outer loop
      vertex -20.217344887554646 -10.470022284984589 7.7
      vertex 20.141107320785522 -10.355924697220326 7.7
      vertex 20.094974748790264 -10.305025251209736 7.7
    endloop
  endfacet
  facet normal 0 0 1
    outer loop
      vertex -20.269858233630657 -10.596800723671914 7.7
      vertex 20.217344887554646 -10.470022284984589 7.7
      vertex 20.182028733193874 -10.411100836098194 7.7
    endloop
  endfacet
  facet normal 0.04906772238858985 -0.9987954538440772 0
    outer loop
      vertex 19.600000001490116 -11.700000004470349 6.5
      vertex 19.668612003326416 -11.696629309654236 6.5
      vertex 19.600000001490116 -11.700000004470349 7.7
    endloop
  endfacet
  facet normal 0.1467305142125974 -0.9891765040673514 0
    outer loop
      vertex 19.668612003326416 -11.696629309654236 6.5
      vertex 19.736563228070736 -11.68654969483614 6.5
      vertex 19.668612003326416 -11.696629309654236 7.7
    endloop
  endfacet
  facet normal 0.24298018042840003 -0.9700312530630043 0
    outer loop
      vertex 19.736563228070736 -11.68654969483614 6.5
      vertex 19.803199276328087 -11.669858233630658 6.5
      vertex 19.736563228070736 -11.68654969483614 7.7
    endloop
  endfacet
  facet normal 0.33688983050634186 -0.9415440733717186 0
    outer loop
      vertex 19.803199276328087 -11.669858233630658 6.5
      vertex 19.867878407239914 -11.646715672314167 6.5
      vertex 19.803199276328087 -11.669858233630658 7.7
    endloop
  endfacet
  facet normal 0.4275550883682383 -0.9039892955176116 0
    outer loop
      vertex 19.867878407239914 -11.646715672314167 6.5
      vertex 19.92997771501541 -11.617344887554646 6.5
      vertex 19.867878407239914 -11.646715672314167 7.7
    endloop
  endfacet
  facet normal 0.5141027120550709 -0.8577286292631376 0
    outer loop
      vertex 19.92997771501541 -11.617344887554646 6.5
      vertex 19.988899163901806 -11.582028733193875 6.5
      vertex 19.92997771501541 -11.617344887554646 7.7
    endloop
  endfacet
  facet normal 0.5956992938650739 -0.8032075393624317 0
    outer loop
      vertex 19.988899163901806 -11.582028733193875 6.5
      vertex 20.044075302779675 -11.541107320785523 6.5
      vertex 19.988899163901806 -11.582028733193875 7.7
    endloop
  endfacet
  facet normal 0.04906772238858985 0.9987954538440772 0
    outer loop
      vertex 19.600000001490116 -10.099999995529652 6.5
      vertex 19.668612003326416 -10.103370690345765 7.7
      vertex 19.668612003326416 -10.103370690345765 6.5
    endloop
  endfacet
  facet normal 0.6715589804127752 -0.740951102183507 0
    outer loop
      vertex 20.044075302779675 -11.541107320785523 6.5
      vertex 20.094974748790264 -11.494974748790264 6.5
      vertex 20.044075302779675 -11.541107320785523 7.7
    endloop
  endfacet
  facet normal 0.740951102183507 -0.6715589804127752 0
    outer loop
      vertex 20.094974748790264 -11.494974748790264 6.5
      vertex 20.141107320785522 -11.444075302779675 6.5
      vertex 20.094974748790264 -11.494974748790264 7.7
    endloop
  endfacet
  facet normal 0.8032075393624317 -0.5956992938650739 0
    outer loop
      vertex 20.141107320785522 -11.444075302779675 6.5
      vertex 20.182028733193874 -11.388899163901806 6.5
      vertex 20.141107320785522 -11.444075302779675 7.7
    endloop
  endfacet
  facet normal 0.1467305142125974 0.9891765040673514 0
    outer loop
      vertex 19.668612003326416 -10.103370690345765 6.5
      vertex 19.736563228070736 -10.11345030516386 7.7
      vertex 19.736563228070736 -10.11345030516386 6.5
    endloop
  endfacet
  facet normal 0.24298018042840003 0.9700312530630043 0
    outer loop
      vertex 19.736563228070736 -10.11345030516386 6.5
      vertex 19.803199276328087 -10.130141766369343 7.7
      vertex 19.803199276328087 -10.130141766369343 6.5
    endloop
  endfacet
  facet normal 0.33688983050634186 0.9415440733717186 0
    outer loop
      vertex 19.803199276328087 -10.130141766369343 6.5
      vertex 19.867878407239914 -10.153284327685833 7.7
      vertex 19.867878407239914 -10.153284327685833 6.5
    endloop
  endfacet
  facet normal 0.4275550883682383 0.9039892955176116 0
    outer loop
      vertex 19.867878407239914 -10.153284327685833 6.5
      vertex 19.92997771501541 -10.182655112445355 7.7
      vertex 19.92997771501541 -10.182655112445355 6.5
    endloop
  endfacet
  facet normal 0.740951102183507 0.6715589804127752 0
    outer loop
      vertex 20.094974748790264 -10.305025251209736 6.5
      vertex 20.141107320785522 -10.355924697220326 7.7
      vertex 20.141107320785522 -10.355924697220326 6.5
    endloop
  endfacet
  facet normal 0.8032075393624317 0.5956992938650739 0
    outer loop
      vertex 20.182028733193874 -10.411100836098194 6.5
      vertex 20.141107320785522 -10.355924697220326 6.5
      vertex 20.182028733193874 -10.411100836098194 7.7
    endloop
  endfacet
  facet normal 0.5141027120550709 0.8577286292631376 0
    outer loop
      vertex 19.92997771501541 -10.182655112445355 6.5
      vertex 19.988899163901806 -10.217971266806126 7.7
      vertex 19.988899163901806 -10.217971266806126 6.5
    endloop
  endfacet
  facet normal 0.5956992938650739 0.8032075393624317 0
    outer loop
      vertex 19.988899163901806 -10.217971266806126 6.5
      vertex 20.044075302779675 -10.258892679214478 7.7
      vertex 20.044075302779675 -10.258892679214478 6.5
    endloop
  endfacet
  facet normal 0.6715589804127752 0.740951102183507 0
    outer loop
      vertex 20.094974748790264 -10.305025251209736 6.5
      vertex 20.044075302779675 -10.258892679214478 6.5
      vertex 20.094974748790264 -10.305025251209736 7.7
    endloop
  endfacet
  facet normal 0.8577286292631376 -0.5141027120550709 0
    outer loop
      vertex 20.182028733193874 -11.388899163901806 6.5
      vertex 20.217344887554646 -11.329977715015412 6.5
      vertex 20.182028733193874 -11.388899163901806 7.7
    endloop
  endfacet
  facet normal 0.9039892955176116 -0.4275550883682383 0
    outer loop
      vertex 20.217344887554646 -11.329977715015412 6.5
      vertex 20.246715672314167 -11.267878407239914 6.5
      vertex 20.217344887554646 -11.329977715015412 7.7
    endloop
  endfacet
  facet normal 0.9415440733717186 -0.33688983050634186 0
    outer loop
      vertex 20.246715672314167 -11.267878407239914 6.5
      vertex 20.269858233630657 -11.203199276328087 6.5
      vertex 20.246715672314167 -11.267878407239914 7.7
    endloop
  endfacet
  facet normal 0.9700312530630043 -0.24298018042840003 0
    outer loop
      vertex 20.269858233630657 -11.203199276328087 6.5
      vertex 20.28654969483614 -11.136563228070736 6.5
      vertex 20.269858233630657 -11.203199276328087 7.7
    endloop
  endfacet
  facet normal 0.9891765040673514 -0.1467305142125974 0
    outer loop
      vertex 20.28654969483614 -11.136563228070736 6.5
      vertex 20.296629309654236 -11.068612003326416 6.5
      vertex 20.28654969483614 -11.136563228070736 7.7
    endloop
  endfacet
  facet normal 0.9987954538440772 -0.04906772238858985 0
    outer loop
      vertex 20.296629309654236 -11.068612003326416 6.5
      vertex 20.30000000447035 -11.000000001490116 6.5
      vertex 20.296629309654236 -11.068612003326416 7.7
    endloop
  endfacet
  facet normal 1 0 0
    outer loop
      vertex 20.30000000447035 -11.000000001490116 6.5
      vertex 20.30000000447035 -10.799999998509884 6.5
      vertex 20.30000000447035 -11.000000001490116 7.7
    endloop
  endfacet
  facet normal 0.9987954538440772 0.04906772238858985 0
    outer loop
      vertex 20.30000000447035 -10.799999998509884 6.5
      vertex 20.296629309654236 -10.731387996673584 6.5
      vertex 20.30000000447035 -10.799999998509884 7.7
    endloop
  endfacet
  facet normal 0.9039892955176116 0.4275550883682383 0
    outer loop
      vertex 20.246715672314167 -10.532121592760086 6.5
      vertex 20.217344887554646 -10.470022284984589 6.5
      vertex 20.246715672314167 -10.532121592760086 7.7
    endloop
  endfacet
  facet normal 0.9891765040673514 0.1467305142125974 0
    outer loop
      vertex 20.296629309654236 -10.731387996673584 6.5
      vertex 20.28654969483614 -10.663436771929264 6.5
      vertex 20.296629309654236 -10.731387996673584 7.7
    endloop
  endfacet
  facet normal 0.9700312530630043 0.24298018042840003 0
    outer loop
      vertex 20.28654969483614 -10.663436771929264 6.5
      vertex 20.269858233630657 -10.596800723671914 6.5
      vertex 20.28654969483614 -10.663436771929264 7.7
    endloop
  endfacet
  facet normal 0.9415440733717186 0.33688983050634186 0
    outer loop
      vertex 20.246715672314167 -10.532121592760086 6.5
      vertex 20.269858233630657 -10.596800723671914 7.7
      vertex 20.269858233630657 -10.596800723671914 6.5
    endloop
  endfacet
  facet normal 0.8577286292631376 0.5141027120550709 0
    outer loop
      vertex 20.182028733193874 -10.411100836098194 6.5
      vertex 20.217344887554646 -10.470022284984589 7.7
      vertex 20.217344887554646 -10.470022284984589 6.5
    endloop
  endfacet
  facet normal 0.04906772238858985 -0.9987954538440772 0
    outer loop
      vertex 19.668612003326416 -11.696629309654236 6.5
      vertex 19.668612003326416 -11.696629309654236 7.7
      vertex 19.600000001490116 -11.700000004470349 7.7
    endloop
  endfacet
  facet normal 0.1467305142125974 -0.9891765040673514 0
    outer loop
      vertex 19.736563228070736 -11.68654969483614 6.5
      vertex 19.736563228070736 -11.68654969483614 7.7
      vertex 19.668612003326416 -11.696629309654236 7.7
    endloop
  endfacet
  facet normal 0.24298018042840003 -0.9700312530630043 0
    outer loop
      vertex 19.803199276328087 -11.669858233630658 6.5
      vertex 19.803199276328087 -11.669858233630658 7.7
      vertex 19.736563228070736 -11.68654969483614 7.7
    endloop
  endfacet
  facet normal 0.33688983050634186 -0.9415440733717186 0
    outer loop
      vertex 19.867878407239914 -11.646715672314167 6.5
      vertex 19.867878407239914 -11.646715672314167 7.7
      vertex 19.803199276328087 -11.669858233630658 7.7
    endloop
  endfacet
  facet normal 0.4275550883682383 -0.9039892955176116 0
    outer loop
      vertex 19.92997771501541 -11.617344887554646 6.5
      vertex 19.92997771501541 -11.617344887554646 7.7
      vertex 19.867878407239914 -11.646715672314167 7.7
    endloop
  endfacet
  facet normal 0.5141027120550709 -0.8577286292631376 0
    outer loop
      vertex 19.988899163901806 -11.582028733193875 6.5
      vertex 19.988899163901806 -11.582028733193875 7.7
      vertex 19.92997771501541 -11.617344887554646 7.7
    endloop
  endfacet
  facet normal 0.04906772238858985 0.9987954538440772 0
    outer loop
      vertex 19.600000001490116 -10.099999995529652 6.5
      vertex 19.600000001490116 -10.099999995529652 7.7
      vertex 19.668612003326416 -10.103370690345765 7.7
    endloop
  endfacet
  facet normal 0.5956992938650739 -0.8032075393624317 0
    outer loop
      vertex 20.044075302779675 -11.541107320785523 6.5
      vertex 20.044075302779675 -11.541107320785523 7.7
      vertex 19.988899163901806 -11.582028733193875 7.7
    endloop
  endfacet
  facet normal 0.6715589804127752 -0.740951102183507 0
    outer loop
      vertex 20.094974748790264 -11.494974748790264 6.5
      vertex 20.094974748790264 -11.494974748790264 7.7
      vertex 20.044075302779675 -11.541107320785523 7.7
    endloop
  endfacet
  facet normal 0.740951102183507 -0.6715589804127752 0
    outer loop
      vertex 20.141107320785522 -11.444075302779675 6.5
      vertex 20.141107320785522 -11.444075302779675 7.7
      vertex 20.094974748790264 -11.494974748790264 7.7
    endloop
  endfacet
  facet normal 0.8032075393624317 -0.5956992938650739 0
    outer loop
      vertex 20.182028733193874 -11.388899163901806 6.5
      vertex 20.182028733193874 -11.388899163901806 7.7
      vertex 20.141107320785522 -11.444075302779675 7.7
    endloop
  endfacet
  facet normal 0.1467305142125974 0.9891765040673514 0
    outer loop
      vertex 19.668612003326416 -10.103370690345765 6.5
      vertex 19.668612003326416 -10.103370690345765 7.7
      vertex 19.736563228070736 -10.11345030516386 7.7
    endloop
  endfacet
  facet normal 0.24298018042840003 0.9700312530630043 0
    outer loop
      vertex 19.736563228070736 -10.11345030516386 6.5
      vertex 19.736563228070736 -10.11345030516386 7.7
      vertex 19.803199276328087 -10.130141766369343 7.7
    endloop
  endfacet
  facet normal 0.33688983050634186 0.9415440733717186 0
    outer loop
      vertex 19.803199276328087 -10.130141766369343 6.5
      vertex 19.803199276328087 -10.130141766369343 7.7
      vertex 19.867878407239914 -10.153284327685833 7.7
    endloop
  endfacet
  facet normal 0.4275550883682383 0.9039892955176116 0
    outer loop
      vertex 19.867878407239914 -10.153284327685833 6.5
      vertex 19.867878407239914 -10.153284327685833 7.7
      vertex 19.92997771501541 -10.182655112445355 7.7
    endloop
  endfacet
  facet normal 0.740951102183507 0.6715589804127752 0
    outer loop
      vertex 20.094974748790264 -10.305025251209736 6.5
      vertex 20.094974748790264 -10.305025251209736 7.7
      vertex 20.141107320785522 -10.355924697220326 7.7
    endloop
  endfacet
  facet normal 0.8032075393624317 0.5956992938650739 0
    outer loop
      vertex 20.141107320785522 -10.355924697220326 6.5
      vertex 20.141107320785522 -10.355924697220326 7.7
      vertex 20.182028733193874 -10.411100836098194 7.7
    endloop
  endfacet
  facet normal 0.5141027120550709 0.8577286292631376 0
    outer loop
      vertex 19.92997771501541 -10.182655112445355 6.5
      vertex 19.92997771501541 -10.182655112445355 7.7
      vertex 19.988899163901806 -10.217971266806126 7.7
    endloop
  endfacet
  facet normal 0.5956992938650739 0.8032075393624317 0
    outer loop
      vertex 19.988899163901806 -10.217971266806126 6.5
      vertex 19.988899163901806 -10.217971266806126 7.7
      vertex 20.044075302779675 -10.258892679214478 7.7
    endloop
  endfacet
  facet normal 0.6715589804127752 0.740951102183507 0
    outer loop
      vertex 20.044075302779675 -10.258892679214478 6.5
      vertex 20.044075302779675 -10.258892679214478 7.7
      vertex 20.094974748790264 -10.305025251209736 7.7
    endloop
  endfacet
  facet normal 0.8577286292631376 -0.5141027120550709 0
    outer loop
      vertex 20.217344887554646 -11.329977715015412 6.5
      vertex 20.217344887554646 -11.329977715015412 7.7
      vertex 20.182028733193874 -11.388899163901806 7.7
    endloop
  endfacet
  facet normal 0.9039892955176116 -0.4275550883682383 0
    outer loop
      vertex 20.246715672314167 -11.267878407239914 6.5
      vertex 20.246715672314167 -11.267878407239914 7.7
      vertex 20.217344887554646 -11.329977715015412 7.7
    endloop
  endfacet
  facet normal 0.9415440733717186 -0.33688983050634186 0
    outer loop
      vertex 20.269858233630657 -11.203199276328087 6.5
      vertex 20.269858233630657 -11.203199276328087 7.7
      vertex 20.246715672314167 -11.267878407239914 7.7
    endloop
  endfacet
  facet normal 0.9700312530630043 -0.24298018042840003 0
    outer loop
      vertex 20.28654969483614 -11.136563228070736 6.5
      vertex 20.28654969483614 -11.136563228070736 7.7
      vertex 20.269858233630657 -11.203199276328087 7.7
    endloop
  endfacet
  facet normal 0.9891765040673514 -0.1467305142125974 0
    outer loop
      vertex 20.296629309654236 -11.068612003326416 6.5
      vertex 20.296629309654236 -11.068612003326416 7.7
      vertex 20.28654969483614 -11.136563228070736 7.7
    endloop
  endfacet
  facet normal 0.9987954538440772 -0.04906772238858985 0
    outer loop
      vertex 20.30000000447035 -11.000000001490116 6.5
      vertex 20.30000000447035 -11.000000001490116 7.7
      vertex 20.296629309654236 -11.068612003326416 7.7
    endloop
  endfacet
  facet normal 1 0 0
    outer loop
      vertex 20.30000000447035 -10.799999998509884 6.5
      vertex 20.30000000447035 -10.799999998509884 7.7
      vertex 20.30000000447035 -11.000000001490116 7.7
    endloop
  endfacet
  facet normal 0.9987954538440772 0.04906772238858985 0
    outer loop
      vertex 20.296629309654236 -10.731387996673584 6.5
      vertex 20.296629309654236 -10.731387996673584 7.7
      vertex 20.30000000447035 -10.799999998509884 7.7
    endloop
  endfacet
  facet normal 0.9891765040673514 0.1467305142125974 0
    outer loop
      vertex 20.28654969483614 -10.663436771929264 6.5
      vertex 20.28654969483614 -10.663436771929264 7.7
      vertex 20.296629309654236 -10.731387996673584 7.7
    endloop
  endfacet
  facet normal 0.9700312530630043 0.24298018042840003 0
    outer loop
      vertex 20.269858233630657 -10.596800723671914 6.5
      vertex 20.269858233630657 -10.596800723671914 7.7
      vertex 20.28654969483614 -10.663436771929264 7.7
    endloop
  endfacet
  facet normal 0.9415440733717186 0.33688983050634186 0
    outer loop
      vertex 20.246715672314167 -10.532121592760086 6.5
      vertex 20.246715672314167 -10.532121592760086 7.7
      vertex 20.269858233630657 -10.596800723671914 7.7
    endloop
  endfacet
  facet normal 0.9039892955176116 0.4275550883682383 0
    outer loop
      vertex 20.217344887554646 -10.470022284984589 6.5
      vertex 20.217344887554646 -10.470022284984589 7.7
      vertex 20.246715672314167 -10.532121592760086 7.7
    endloop
  endfacet
  facet normal 0.8577286292631376 0.5141027120550709 0
    outer loop
      vertex 20.182028733193874 -10.411100836098194 6.5
      vertex 20.182028733193874 -10.411100836098194 7.7
      vertex 20.217344887554646 -10.470022284984589 7.7
    endloop
  endfacet
  facet normal 0 0 1
    outer loop
      vertex 19.600000001490116 -11.700000004470349 7.7
      vertex 19.668612003326416 -11.696629309654236 7.7
      vertex 19.736563228070736 -11.68654969483614 7.7
    endloop
  endfacet
  facet normal 0.9039892931234422 0.4275550934302843 0
    outer loop
      vertex -17.071899445600028 -15.272422412613924 3.85
      vertex -16.93238820395828 -15.567394149946443 0
      vertex -17.071899445600028 -15.272422412613924 0
    endloop
  endfacet
  facet normal 0.9415440651830222 0.33688985339221633 0
    outer loop
      vertex -17.181826616309593 -14.965196551871088 3.85
      vertex -17.071899445600028 -15.272422412613924 0
      vertex -17.181826616309593 -14.965196551871088 0
    endloop
  endfacet
  facet normal 0.9891765099647813 0.14673047445535944 0
    outer loop
      vertex -17.308989216185054 -14.325906991595788 3.85
      vertex -17.26111105734074 -14.648675320703626 0
      vertex -17.308989216185054 -14.325906991595788 0
    endloop
  endfacet
  facet normal 0.9987954562051724 0.04906767432741711 0
    outer loop
      vertex -17.325 -14 3.85
      vertex -17.308989216185054 -14.325906991595788 0
      vertex -17.325 -14 0
    endloop
  endfacet
  facet normal 0.9700312531945425 0.24298017990326912 0
    outer loop
      vertex -17.26111105734074 -14.648675320703626 3.85
      vertex -17.181826616309593 -14.965196551871088 0
      vertex -17.26111105734074 -14.648675320703626 0
    endloop
  endfacet
  facet normal 0.9987954562051724 -0.04906767432741711 0
    outer loop
      vertex -17.308989216185054 -13.674093008404212 3.85
      vertex -17.325 -14 0
      vertex -17.308989216185054 -13.674093008404212 0
    endloop
  endfacet
  facet normal 0.9891765099647813 -0.14673047445535944 0
    outer loop
      vertex -17.26111105734074 -13.351324679296374 3.85
      vertex -17.308989216185054 -13.674093008404212 0
      vertex -17.26111105734074 -13.351324679296374 0
    endloop
  endfacet
  facet normal 0.9700312531945425 -0.24298017990326912 0
    outer loop
      vertex -17.181826616309593 -13.034803448128912 3.85
      vertex -17.26111105734074 -13.351324679296374 0
      vertex -17.181826616309593 -13.034803448128912 0
    endloop
  endfacet
  facet normal 0.9415440651830222 -0.33688985339221633 0
    outer loop
      vertex -17.071899445600028 -12.727577587386076 3.85
      vertex -17.181826616309593 -13.034803448128912 0
      vertex -17.071899445600028 -12.727577587386076 0
    endloop
  endfacet
  facet normal 0.9415440651830222 0.33688985339221633 0
    outer loop
      vertex -17.071899445600028 -15.272422412613924 3.85
      vertex -17.071899445600028 -15.272422412613924 0
      vertex -17.181826616309593 -14.965196551871088 3.85
    endloop
  endfacet
  facet normal 0.9891765099647813 0.14673047445535944 0
    outer loop
      vertex -17.26111105734074 -14.648675320703626 3.85
      vertex -17.26111105734074 -14.648675320703626 0
      vertex -17.308989216185054 -14.325906991595788 3.85
    endloop
  endfacet
  facet normal 0.9987954562051724 0.04906767432741711 0
    outer loop
      vertex -17.308989216185054 -14.325906991595788 3.85
      vertex -17.308989216185054 -14.325906991595788 0
      vertex -17.325 -14 3.85
    endloop
  endfacet
  facet normal 0.9700312531945425 0.24298017990326912 0
    outer loop
      vertex -17.181826616309593 -14.965196551871088 3.85
      vertex -17.181826616309593 -14.965196551871088 0
      vertex -17.26111105734074 -14.648675320703626 3.85
    endloop
  endfacet
  facet normal 0.9987954562051724 -0.04906767432741711 0
    outer loop
      vertex -17.325 -14 3.85
      vertex -17.325 -14 0
      vertex -17.308989216185054 -13.674093008404212 3.85
    endloop
  endfacet
  facet normal 0.9891765099647813 -0.14673047445535944 0
    outer loop
      vertex -17.308989216185054 -13.674093008404212 3.85
      vertex -17.308989216185054 -13.674093008404212 0
      vertex -17.26111105734074 -13.351324679296374 3.85
    endloop
  endfacet
  facet normal 0.9700312531945425 -0.24298017990326912 0
    outer loop
      vertex -17.26111105734074 -13.351324679296374 3.85
      vertex -17.26111105734074 -13.351324679296374 0
      vertex -17.181826616309593 -13.034803448128912 3.85
    endloop
  endfacet
  facet normal 0.9415440651830222 -0.33688985339221633 0
    outer loop
      vertex -17.181826616309593 -13.034803448128912 3.85
      vertex -17.181826616309593 -13.034803448128912 0
      vertex -17.071899445600028 -12.727577587386076 3.85
    endloop
  endfacet
  facet normal 0.9039892931234422 -0.4275550934302843 0
    outer loop
      vertex -17.071899445600028 -12.727577587386076 3.85
      vertex -17.071899445600028 -12.727577587386076 0
      vertex -16.93238820395828 -12.432605850053557 3.85
    endloop
  endfacet
  facet normal 0 0 -1
    outer loop
      vertex -17.26111105734074 -14.648675320703626 3.85
      vertex -17.308989216185054 -14.325906991595788 3.85
      vertex -17.308989216185054 -13.674093008404212 3.85
    endloop
  endfacet
  facet normal 0 0 -1
    outer loop
      vertex -16.93238820395828 -15.567394149946443 3.85
      vertex -17.071899445600028 -15.272422412613924 3.85
      vertex -17.071899445600028 -12.727577587386076 3.85
    endloop
  endfacet
  facet normal 0 0 -1
    outer loop
      vertex -17.181826616309593 -14.965196551871088 3.85
      vertex -17.26111105734074 -14.648675320703626 3.85
      vertex -17.26111105734074 -13.351324679296374 3.85
    endloop
  endfacet
  facet normal 0 0 -1
    outer loop
      vertex -17.071899445600028 -15.272422412613924 3.85
      vertex -17.181826616309593 -14.965196551871088 3.85
      vertex -17.181826616309593 -13.034803448128912 3.85
    endloop
  endfacet
  facet normal 0 0 -1
    outer loop
      vertex -17.308989216185054 -14.325906991595788 3.85
      vertex -17.325 -14 3.85
      vertex -17.308989216185054 -13.674093008404212 3.85
    endloop
  endfacet
  facet normal 0 0 -1
    outer loop
      vertex -17.26111105734074 -14.648675320703626 3.85
      vertex -17.308989216185054 -13.674093008404212 3.85
      vertex -17.26111105734074 -13.351324679296374 3.85
    endloop
  endfacet
  facet normal 0 0 -1
    outer loop
      vertex -17.181826616309593 -14.965196551871088 3.85
      vertex -17.26111105734074 -13.351324679296374 3.85
      vertex -17.181826616309593 -13.034803448128912 3.85
    endloop
  endfacet
  facet normal 0 0 -1
    outer loop
      vertex -17.071899445600028 -15.272422412613924 3.85
      vertex -17.181826616309593 -13.034803448128912 3.85
      vertex -17.071899445600028 -12.727577587386076 3.85
    endloop
  endfacet
  facet normal 0.5956993044924322 0.8032075314806457 0
    outer loop
      vertex -16.109357669844123 -16.5702597574311 3.85
      vertex -15.847271024790178 -16.76463646090596 0
      vertex -16.109357669844123 -16.5702597574311 0
    endloop
  endfacet
  facet normal 0.5141027441932217 0.857728610000272 0
    outer loop
      vertex -15.847271024790178 -16.76463646090596 3.85
      vertex -15.567394149946443 -16.93238820395828 0
      vertex -15.847271024790178 -16.76463646090596 0
    endloop
  endfacet
  facet normal 0.4275550934302843 0.9039892931234422 0
    outer loop
      vertex -15.567394149946443 -16.93238820395828 3.85
      vertex -15.272422412613924 -17.071899445600028 0
      vertex -15.567394149946443 -16.93238820395828 0
    endloop
  endfacet
  facet normal 0.33688985339221633 0.9415440651830222 0
    outer loop
      vertex -15.272422412613924 -17.071899445600028 3.85
      vertex -14.965196551871088 -17.181826616309593 0
      vertex -15.272422412613924 -17.071899445600028 0
    endloop
  endfacet
  facet normal 0.8032075314806457 0.5956993044924322 0
    outer loop
      vertex -16.76463646090596 -15.847271024790178 3.85
      vertex -16.5702597574311 -16.109357669844123 0
      vertex -16.76463646090596 -15.847271024790178 0
    endloop
  endfacet
  facet normal 0.7409511253549586 0.671558954847019 0
    outer loop
      vertex -16.5702597574311 -16.109357669844123 3.85
      vertex -16.35113004744527 -16.35113004744527 0
      vertex -16.5702597574311 -16.109357669844123 0
    endloop
  endfacet
  facet normal 0.857728610000272 0.5141027441932217 0
    outer loop
      vertex -16.93238820395828 -15.567394149946443 3.85
      vertex -16.76463646090596 -15.847271024790178 0
      vertex -16.93238820395828 -15.567394149946443 0
    endloop
  endfacet
  facet normal 0.671558954847019 0.7409511253549586 0
    outer loop
      vertex -16.35113004744527 -16.35113004744527 3.85
      vertex -16.109357669844123 -16.5702597574311 0
      vertex -16.35113004744527 -16.35113004744527 0
    endloop
  endfacet
  facet normal 0.24298017990326912 0.9700312531945425 0
    outer loop
      vertex -14.965196551871088 -17.181826616309593 3.85
      vertex -14.648675320703626 -17.26111105734074 0
      vertex -14.965196551871088 -17.181826616309593 0
    endloop
  endfacet
  facet normal 0.14673047445535944 0.9891765099647813 0
    outer loop
      vertex -14.648675320703626 -17.26111105734074 3.85
      vertex -14.325906991595788 -17.308989216185054 0
      vertex -14.648675320703626 -17.26111105734074 0
    endloop
  endfacet
  facet normal 0.04906767432741711 0.9987954562051724 0
    outer loop
      vertex -14.325906991595788 -17.308989216185054 3.85
      vertex -14 -17.325 0
      vertex -14.325906991595788 -17.308989216185054 0
    endloop
  endfacet
  facet normal -0.04906767432741711 0.9987954562051724 0
    outer loop
      vertex -14 -17.325 3.85
      vertex -13.674093008404212 -17.308989216185054 0
      vertex -14 -17.325 0
    endloop
  endfacet
  facet normal -0.14673047445535944 0.9891765099647813 0
    outer loop
      vertex -13.674093008404212 -17.308989216185054 3.85
      vertex -13.351324679296374 -17.26111105734074 0
      vertex -13.674093008404212 -17.308989216185054 0
    endloop
  endfacet
  facet normal -0.24298017990326912 0.9700312531945425 0
    outer loop
      vertex -13.351324679296374 -17.26111105734074 3.85
      vertex -13.034803448128912 -17.181826616309593 0
      vertex -13.351324679296374 -17.26111105734074 0
    endloop
  endfacet
  facet normal -0.33688985339221633 0.9415440651830222 0
    outer loop
      vertex -13.034803448128912 -17.181826616309593 3.85
      vertex -12.727577587386076 -17.071899445600028 0
      vertex -13.034803448128912 -17.181826616309593 0
    endloop
  endfacet
  facet normal 0.9039892931234422 -0.4275550934302843 0
    outer loop
      vertex -16.93238820395828 -12.432605850053557 3.85
      vertex -17.071899445600028 -12.727577587386076 0
      vertex -16.93238820395828 -12.432605850053557 0
    endloop
  endfacet
  facet normal 0.857728610000272 -0.5141027441932217 0
    outer loop
      vertex -16.76463646090596 -12.152728975209822 3.85
      vertex -16.93238820395828 -12.432605850053557 0
      vertex -16.76463646090596 -12.152728975209822 0
    endloop
  endfacet
  facet normal 0.8032075314806436 -0.5956993044924348 0
    outer loop
      vertex -16.5702597574311 -11.89064233015588 3.85
      vertex -16.76463646090596 -12.152728975209822 0
      vertex -16.5702597574311 -11.89064233015588 0
    endloop
  endfacet
  facet normal 0.740951125354961 -0.6715589548470163 0
    outer loop
      vertex -16.35113004744527 -11.64886995255473 3.85
      vertex -16.5702597574311 -11.89064233015588 0
      vertex -16.35113004744527 -11.64886995255473 0
    endloop
  endfacet
  facet normal 0.671558954847022 -0.7409511253549558 0
    outer loop
      vertex -16.109357669844123 -11.429740242568899 3.85
      vertex -16.35113004744527 -11.64886995255473 0
      vertex -16.109357669844123 -11.429740242568899 0
    endloop
  endfacet
  facet normal 0.5956993044924322 -0.8032075314806457 0
    outer loop
      vertex -15.847271024790178 -11.235363539094037 3.85
      vertex -16.109357669844123 -11.429740242568899 0
      vertex -15.847271024790178 -11.235363539094037 0
    endloop
  endfacet
  facet normal 0.5141027441932217 -0.857728610000272 0
    outer loop
      vertex -15.567394149946443 -11.067611796041719 3.85
      vertex -15.847271024790178 -11.235363539094037 0
      vertex -15.567394149946443 -11.067611796041719 0
    endloop
  endfacet
  facet normal 0.4275550934302799 -0.9039892931234443 0
    outer loop
      vertex -15.272422412613924 -10.928100554399972 3.85
      vertex -15.567394149946443 -11.067611796041719 0
      vertex -15.272422412613924 -10.928100554399972 0
    endloop
  endfacet
  facet normal 0.33688985339222116 -0.9415440651830204 0
    outer loop
      vertex -14.965196551871088 -10.818173383690405 3.85
      vertex -15.272422412613924 -10.928100554399972 0
      vertex -14.965196551871088 -10.818173383690405 0
    endloop
  endfacet
  facet normal 0.24298017990326404 -0.970031253194544 0
    outer loop
      vertex -14.648675320703626 -10.738888942659258 3.85
      vertex -14.965196551871088 -10.818173383690405 0
      vertex -14.648675320703626 -10.738888942659258 0
    endloop
  endfacet
  facet normal 0.14673047445535944 -0.9891765099647813 0
    outer loop
      vertex -14.325906991595788 -10.691010783814946 3.85
      vertex -14.648675320703626 -10.738888942659258 0
      vertex -14.325906991595788 -10.691010783814946 0
    endloop
  endfacet
  facet normal 0.04906767432741711 -0.9987954562051724 0
    outer loop
      vertex -14 -10.675 3.85
      vertex -14.325906991595788 -10.691010783814946 0
      vertex -14 -10.675 0
    endloop
  endfacet
  facet normal -0.14673047445535944 -0.9891765099647813 0
    outer loop
      vertex -13.351324679296374 -10.738888942659258 3.85
      vertex -13.674093008404212 -10.691010783814946 0
      vertex -13.351324679296374 -10.738888942659258 0
    endloop
  endfacet
  facet normal -0.04906767432741711 -0.9987954562051724 0
    outer loop
      vertex -13.674093008404212 -10.691010783814946 3.85
      vertex -14 -10.675 0
      vertex -13.674093008404212 -10.691010783814946 0
    endloop
  endfacet
  facet normal -0.24298017990326404 -0.970031253194544 0
    outer loop
      vertex -13.034803448128912 -10.818173383690405 3.85
      vertex -13.351324679296374 -10.738888942659258 0
      vertex -13.034803448128912 -10.818173383690405 0
    endloop
  endfacet
  facet normal -0.33688985339222116 -0.9415440651830204 0
    outer loop
      vertex -12.727577587386076 -10.928100554399972 3.85
      vertex -13.034803448128912 -10.818173383690405 0
      vertex -12.727577587386076 -10.928100554399972 0
    endloop
  endfacet
  facet normal -0.4275550934302843 0.9039892931234422 0
    outer loop
      vertex -12.727577587386076 -17.071899445600028 3.85
      vertex -12.432605850053557 -16.93238820395828 0
      vertex -12.727577587386076 -17.071899445600028 0
    endloop
  endfacet
  facet normal -0.5141027441932217 0.857728610000272 0
    outer loop
      vertex -12.432605850053557 -16.93238820395828 3.85
      vertex -12.152728975209822 -16.76463646090596 0
      vertex -12.432605850053557 -16.93238820395828 0
    endloop
  endfacet
  facet normal -0.5956993044924348 0.8032075314806436 0
    outer loop
      vertex -12.152728975209822 -16.76463646090596 3.85
      vertex -11.89064233015588 -16.5702597574311 0
      vertex -12.152728975209822 -16.76463646090596 0
    endloop
  endfacet
  facet normal -0.6715589548470163 0.740951125354961 0
    outer loop
      vertex -11.89064233015588 -16.5702597574311 3.85
      vertex -11.64886995255473 -16.35113004744527 0
      vertex -11.89064233015588 -16.5702597574311 0
    endloop
  endfacet
  facet normal -0.7409511253549558 0.671558954847022 0
    outer loop
      vertex -11.64886995255473 -16.35113004744527 3.85
      vertex -11.429740242568899 -16.109357669844123 0
      vertex -11.64886995255473 -16.35113004744527 0
    endloop
  endfacet
  facet normal -0.8032075314806457 0.5956993044924322 0
    outer loop
      vertex -11.429740242568899 -16.109357669844123 3.85
      vertex -11.235363539094037 -15.847271024790178 0
      vertex -11.429740242568899 -16.109357669844123 0
    endloop
  endfacet
  facet normal -0.857728610000272 0.5141027441932217 0
    outer loop
      vertex -11.235363539094037 -15.847271024790178 3.85
      vertex -11.067611796041719 -15.567394149946443 0
      vertex -11.235363539094037 -15.847271024790178 0
    endloop
  endfacet
  facet normal -0.9039892931234443 0.4275550934302799 0
    outer loop
      vertex -11.067611796041719 -15.567394149946443 3.85
      vertex -10.928100554399972 -15.272422412613924 0
      vertex -11.067611796041719 -15.567394149946443 0
    endloop
  endfacet
  facet normal -0.9415440651830204 0.33688985339222116 0
    outer loop
      vertex -10.928100554399972 -15.272422412613924 3.85
      vertex -10.818173383690405 -14.965196551871088 0
      vertex -10.928100554399972 -15.272422412613924 0
    endloop
  endfacet
  facet normal -0.970031253194544 0.24298017990326404 0
    outer loop
      vertex -10.818173383690405 -14.965196551871088 3.85
      vertex -10.738888942659258 -14.648675320703626 0
      vertex -10.818173383690405 -14.965196551871088 0
    endloop
  endfacet
  facet normal -0.9891765099647813 0.14673047445535944 0
    outer loop
      vertex -10.738888942659258 -14.648675320703626 3.85
      vertex -10.691010783814946 -14.325906991595788 0
      vertex -10.738888942659258 -14.648675320703626 0
    endloop
  endfacet
  facet normal -0.9987954562051724 0.04906767432741711 0
    outer loop
      vertex -10.691010783814946 -14.325906991595788 3.85
      vertex -10.675 -14 0
      vertex -10.691010783814946 -14.325906991595788 0
    endloop
  endfacet
  facet normal -0.9987954562051724 -0.04906767432741711 0
    outer loop
      vertex -10.675 -14 3.85
      vertex -10.691010783814946 -13.674093008404212 0
      vertex -10.675 -14 0
    endloop
  endfacet
  facet normal -0.9891765099647813 -0.14673047445535944 0
    outer loop
      vertex -10.691010783814946 -13.674093008404212 3.85
      vertex -10.738888942659258 -13.351324679296374 0
      vertex -10.691010783814946 -13.674093008404212 0
    endloop
  endfacet
  facet normal -0.6715589548470193 -0.7409511253549582 0
    outer loop
      vertex -11.64886995255473 -11.64886995255473 3.85
      vertex -11.89064233015588 -11.429740242568899 0
      vertex -11.64886995255473 -11.64886995255473 0
    endloop
  endfacet
  facet normal -0.4275550934302799 -0.9039892931234443 0
    outer loop
      vertex -12.432605850053557 -11.067611796041719 3.85
      vertex -12.727577587386076 -10.928100554399972 0
      vertex -12.432605850053557 -11.067611796041719 0
    endloop
  endfacet
  facet normal -0.5141027441932217 -0.857728610000272 0
    outer loop
      vertex -12.152728975209822 -11.235363539094037 3.85
      vertex -12.432605850053557 -11.067611796041719 0
      vertex -12.152728975209822 -11.235363539094037 0
    endloop
  endfacet
  facet normal -0.5956993044924348 -0.8032075314806436 0
    outer loop
      vertex -11.89064233015588 -11.429740242568899 3.85
      vertex -12.152728975209822 -11.235363539094037 0
      vertex -11.89064233015588 -11.429740242568899 0
    endloop
  endfacet
  facet normal -0.7409511253549582 -0.6715589548470193 0
    outer loop
      vertex -11.429740242568899 -11.89064233015588 3.85
      vertex -11.64886995255473 -11.64886995255473 0
      vertex -11.429740242568899 -11.89064233015588 0
    endloop
  endfacet
  facet normal -0.8032075314806436 -0.5956993044924348 0
    outer loop
      vertex -11.235363539094037 -12.152728975209822 3.85
      vertex -11.429740242568899 -11.89064233015588 0
      vertex -11.235363539094037 -12.152728975209822 0
    endloop
  endfacet
  facet normal -0.9039892931234443 -0.4275550934302799 0
    outer loop
      vertex -10.928100554399972 -12.727577587386076 3.85
      vertex -11.067611796041719 -12.432605850053557 0
      vertex -10.928100554399972 -12.727577587386076 0
    endloop
  endfacet
  facet normal -0.970031253194544 -0.24298017990326404 0
    outer loop
      vertex -10.738888942659258 -13.351324679296374 3.85
      vertex -10.818173383690405 -13.034803448128912 0
      vertex -10.738888942659258 -13.351324679296374 0
    endloop
  endfacet
  facet normal -0.9415440651830204 -0.33688985339222116 0
    outer loop
      vertex -10.818173383690405 -13.034803448128912 3.85
      vertex -10.928100554399972 -12.727577587386076 0
      vertex -10.818173383690405 -13.034803448128912 0
    endloop
  endfacet
  facet normal -0.857728610000272 -0.5141027441932217 0
    outer loop
      vertex -11.067611796041719 -12.432605850053557 3.85
      vertex -11.235363539094037 -12.152728975209822 0
      vertex -11.067611796041719 -12.432605850053557 0
    endloop
  endfacet
  facet normal 0.5956993044924322 0.8032075314806457 -1.5960030788881024e-18
    outer loop
      vertex -16.109357669844123 -16.5702597574311 3.85
      vertex -15.847271024790178 -16.76463646090596 3.85
      vertex -15.847271024790178 -16.76463646090596 0
    endloop
  endfacet
  facet normal 0.5141027441932217 0.857728610000272 -1.034010815888849e-18
    outer loop
      vertex -15.847271024790178 -16.76463646090596 3.85
      vertex -15.567394149946443 -16.93238820395828 3.85
      vertex -15.567394149946443 -16.93238820395828 0
    endloop
  endfacet
  facet normal 0.4275550934302843 0.9039892931234422 0
    outer loop
      vertex -15.272422412613924 -17.071899445600028 3.85
      vertex -15.272422412613924 -17.071899445600028 0
      vertex -15.567394149946443 -16.93238820395828 3.85
    endloop
  endfacet
  facet normal 0.33688985339221633 0.9415440651830222 -7.0828174270208095e-19
    outer loop
      vertex -15.272422412613924 -17.071899445600028 3.85
      vertex -14.965196551871088 -17.181826616309593 3.85
      vertex -14.965196551871088 -17.181826616309593 0
    endloop
  endfacet
  facet normal 0.8032075314806457 0.5956993044924322 -1.5960030788881024e-18
    outer loop
      vertex -16.76463646090596 -15.847271024790178 3.85
      vertex -16.5702597574311 -16.109357669844123 3.85
      vertex -16.5702597574311 -16.109357669844123 0
    endloop
  endfacet
  facet normal 0.9039892931234422 0.4275550934302843 0
    outer loop
      vertex -16.93238820395828 -15.567394149946443 3.85
      vertex -16.93238820395828 -15.567394149946443 0
      vertex -17.071899445600028 -15.272422412613924 3.85
    endloop
  endfacet
  facet normal 0.857728610000272 0.5141027441932217 -1.034010815888849e-18
    outer loop
      vertex -16.93238820395828 -15.567394149946443 3.85
      vertex -16.76463646090596 -15.847271024790178 3.85
      vertex -16.76463646090596 -15.847271024790178 0
    endloop
  endfacet
  facet normal 0.7409511253549586 0.671558954847019 0
    outer loop
      vertex -16.35113004744527 -16.35113004744527 3.85
      vertex -16.35113004744527 -16.35113004744527 0
      vertex -16.5702597574311 -16.109357669844123 3.85
    endloop
  endfacet
  facet normal 0.671558954847019 0.7409511253549586 1.0654316928143184e-18
    outer loop
      vertex -16.35113004744527 -16.35113004744527 3.85
      vertex -16.109357669844123 -16.5702597574311 3.85
      vertex -16.109357669844123 -16.5702597574311 0
    endloop
  endfacet
  facet normal 0.24298017990326912 0.9700312531945425 -1.2616955495279564e-18
    outer loop
      vertex -14.965196551871088 -17.181826616309593 3.85
      vertex -14.648675320703626 -17.26111105734074 3.85
      vertex -14.648675320703626 -17.26111105734074 0
    endloop
  endfacet
  facet normal 0.14673047445535944 0.9891765099647813 -2.742349541900561e-19
    outer loop
      vertex -14.648675320703626 -17.26111105734074 3.85
      vertex -14.325906991595788 -17.308989216185054 3.85
      vertex -14.325906991595788 -17.308989216185054 0
    endloop
  endfacet
  facet normal 0.04906767432741711 0.9987954562051724 -1.6918777469480713e-19
    outer loop
      vertex -14.325906991595788 -17.308989216185054 3.85
      vertex -14 -17.325 3.85
      vertex -14 -17.325 0
    endloop
  endfacet
  facet normal -0.04906767432741711 0.9987954562051724 1.6918777469480713e-19
    outer loop
      vertex -14 -17.325 3.85
      vertex -13.674093008404212 -17.308989216185054 3.85
      vertex -13.674093008404212 -17.308989216185054 0
    endloop
  endfacet
  facet normal -0.14673047445535944 0.9891765099647813 2.742349541900561e-19
    outer loop
      vertex -13.674093008404212 -17.308989216185054 3.85
      vertex -13.351324679296374 -17.26111105734074 3.85
      vertex -13.351324679296374 -17.26111105734074 0
    endloop
  endfacet
  facet normal -0.24298017990326912 0.9700312531945425 1.2616955495279564e-18
    outer loop
      vertex -13.351324679296374 -17.26111105734074 3.85
      vertex -13.034803448128912 -17.181826616309593 3.85
      vertex -13.034803448128912 -17.181826616309593 0
    endloop
  endfacet
  facet normal -0.33688985339221633 0.9415440651830222 7.0828174270208095e-19
    outer loop
      vertex -13.034803448128912 -17.181826616309593 3.85
      vertex -12.727577587386076 -17.071899445600028 3.85
      vertex -12.727577587386076 -17.071899445600028 0
    endloop
  endfacet
  facet normal 0.857728610000272 -0.5141027441932217 0
    outer loop
      vertex -16.93238820395828 -12.432605850053557 3.85
      vertex -16.93238820395828 -12.432605850053557 0
      vertex -16.76463646090596 -12.152728975209822 3.85
    endloop
  endfacet
  facet normal 0.8032075314806436 -0.5956993044924348 0
    outer loop
      vertex -16.76463646090596 -12.152728975209822 3.85
      vertex -16.76463646090596 -12.152728975209822 0
      vertex -16.5702597574311 -11.89064233015588 3.85
    endloop
  endfacet
  facet normal 0.740951125354961 -0.6715589548470163 0
    outer loop
      vertex -16.5702597574311 -11.89064233015588 3.85
      vertex -16.5702597574311 -11.89064233015588 0
      vertex -16.35113004744527 -11.64886995255473 3.85
    endloop
  endfacet
  facet normal 0.671558954847022 -0.7409511253549558 0
    outer loop
      vertex -16.35113004744527 -11.64886995255473 3.85
      vertex -16.35113004744527 -11.64886995255473 0
      vertex -16.109357669844123 -11.429740242568899 3.85
    endloop
  endfacet
  facet normal 0.5956993044924322 -0.8032075314806457 0
    outer loop
      vertex -16.109357669844123 -11.429740242568899 3.85
      vertex -16.109357669844123 -11.429740242568899 0
      vertex -15.847271024790178 -11.235363539094037 3.85
    endloop
  endfacet
  facet normal 0.5141027441932217 -0.857728610000272 0
    outer loop
      vertex -15.847271024790178 -11.235363539094037 3.85
      vertex -15.847271024790178 -11.235363539094037 0
      vertex -15.567394149946443 -11.067611796041719 3.85
    endloop
  endfacet
  facet normal 0.4275550934302799 -0.9039892931234443 0
    outer loop
      vertex -15.567394149946443 -11.067611796041719 3.85
      vertex -15.567394149946443 -11.067611796041719 0
      vertex -15.272422412613924 -10.928100554399972 3.85
    endloop
  endfacet
  facet normal 0.33688985339222116 -0.9415440651830204 0
    outer loop
      vertex -15.272422412613924 -10.928100554399972 3.85
      vertex -15.272422412613924 -10.928100554399972 0
      vertex -14.965196551871088 -10.818173383690405 3.85
    endloop
  endfacet
  facet normal 0.24298017990326404 -0.970031253194544 0
    outer loop
      vertex -14.965196551871088 -10.818173383690405 3.85
      vertex -14.965196551871088 -10.818173383690405 0
      vertex -14.648675320703626 -10.738888942659258 3.85
    endloop
  endfacet
  facet normal 0.14673047445535944 -0.9891765099647813 0
    outer loop
      vertex -14.648675320703626 -10.738888942659258 3.85
      vertex -14.648675320703626 -10.738888942659258 0
      vertex -14.325906991595788 -10.691010783814946 3.85
    endloop
  endfacet
  facet normal 0.04906767432741711 -0.9987954562051724 0
    outer loop
      vertex -14.325906991595788 -10.691010783814946 3.85
      vertex -14.325906991595788 -10.691010783814946 0
      vertex -14 -10.675 3.85
    endloop
  endfacet
  facet normal -0.04906767432741711 -0.9987954562051724 0
    outer loop
      vertex -14 -10.675 3.85
      vertex -14 -10.675 0
      vertex -13.674093008404212 -10.691010783814946 3.85
    endloop
  endfacet
  facet normal -0.14673047445535944 -0.9891765099647813 0
    outer loop
      vertex -13.674093008404212 -10.691010783814946 3.85
      vertex -13.674093008404212 -10.691010783814946 0
      vertex -13.351324679296374 -10.738888942659258 3.85
    endloop
  endfacet
  facet normal -0.24298017990326404 -0.970031253194544 0
    outer loop
      vertex -13.351324679296374 -10.738888942659258 3.85
      vertex -13.351324679296374 -10.738888942659258 0
      vertex -13.034803448128912 -10.818173383690405 3.85
    endloop
  endfacet
  facet normal -0.33688985339222116 -0.9415440651830204 0
    outer loop
      vertex -13.034803448128912 -10.818173383690405 3.85
      vertex -13.034803448128912 -10.818173383690405 0
      vertex -12.727577587386076 -10.928100554399972 3.85
    endloop
  endfacet
  facet normal -0.4275550934302843 0.9039892931234422 2.1234130134711466e-18
    outer loop
      vertex -12.727577587386076 -17.071899445600028 3.85
      vertex -12.432605850053557 -16.93238820395828 3.85
      vertex -12.432605850053557 -16.93238820395828 0
    endloop
  endfacet
  facet normal -0.5141027441932217 0.857728610000272 1.034010815888849e-18
    outer loop
      vertex -12.432605850053557 -16.93238820395828 3.85
      vertex -12.152728975209822 -16.76463646090596 3.85
      vertex -12.152728975209822 -16.76463646090596 0
    endloop
  endfacet
  facet normal -0.5956993044924348 0.8032075314806436 -2.6042467047106117e-18
    outer loop
      vertex -12.152728975209822 -16.76463646090596 3.85
      vertex -11.89064233015588 -16.5702597574311 3.85
      vertex -11.89064233015588 -16.5702597574311 0
    endloop
  endfacet
  facet normal -0.6715589548470163 0.740951125354961 -5.285181207604531e-19
    outer loop
      vertex -11.89064233015588 -16.5702597574311 3.85
      vertex -11.64886995255473 -16.35113004744527 3.85
      vertex -11.64886995255473 -16.35113004744527 0
    endloop
  endfacet
  facet normal -0.7409511253549558 0.671558954847022 -1.6524187574835373e-18
    outer loop
      vertex -11.64886995255473 -16.35113004744527 3.85
      vertex -11.429740242568899 -16.109357669844123 3.85
      vertex -11.429740242568899 -16.109357669844123 0
    endloop
  endfacet
  facet normal -0.8032075314806457 0.5956993044924322 1.5960030788881024e-18
    outer loop
      vertex -11.429740242568899 -16.109357669844123 3.85
      vertex -11.235363539094037 -15.847271024790178 3.85
      vertex -11.235363539094037 -15.847271024790178 0
    endloop
  endfacet
  facet normal -0.857728610000272 0.5141027441932217 1.034010815888849e-18
    outer loop
      vertex -11.235363539094037 -15.847271024790178 3.85
      vertex -11.067611796041719 -15.567394149946443 3.85
      vertex -11.067611796041719 -15.567394149946443 0
    endloop
  endfacet
  facet normal -0.9039892931234443 0.4275550934302799 -7.088303396596529e-19
    outer loop
      vertex -11.067611796041719 -15.567394149946443 3.85
      vertex -10.928100554399972 -15.272422412613924 3.85
      vertex -10.928100554399972 -15.272422412613924 0
    endloop
  endfacet
  facet normal -0.9415440651830204 0.33688985339222116 -1.2259268234348487e-18
    outer loop
      vertex -10.928100554399972 -15.272422412613924 3.85
      vertex -10.818173383690405 -14.965196551871088 3.85
      vertex -10.818173383690405 -14.965196551871088 0
    endloop
  endfacet
  facet normal -0.970031253194544 0.24298017990326404 1.0991110728355243e-18
    outer loop
      vertex -10.818173383690405 -14.965196551871088 3.85
      vertex -10.738888942659258 -14.648675320703626 3.85
      vertex -10.738888942659258 -14.648675320703626 0
    endloop
  endfacet
  facet normal -0.9891765099647813 0.14673047445535944 2.742349541900561e-19
    outer loop
      vertex -10.738888942659258 -14.648675320703626 3.85
      vertex -10.691010783814946 -14.325906991595788 3.85
      vertex -10.691010783814946 -14.325906991595788 0
    endloop
  endfacet
  facet normal -0.9987954562051724 0.04906767432741711 1.6918777469480713e-19
    outer loop
      vertex -10.691010783814946 -14.325906991595788 3.85
      vertex -10.675 -14 3.85
      vertex -10.675 -14 0
    endloop
  endfacet
  facet normal -0.9987954562051724 -0.04906767432741711 -1.6918777469480713e-19
    outer loop
      vertex -10.675 -14 3.85
      vertex -10.691010783814946 -13.674093008404212 3.85
      vertex -10.691010783814946 -13.674093008404212 0
    endloop
  endfacet
  facet normal -0.9891765099647813 -0.14673047445535944 -2.742349541900561e-19
    outer loop
      vertex -10.691010783814946 -13.674093008404212 3.85
      vertex -10.738888942659258 -13.351324679296374 3.85
      vertex -10.738888942659258 -13.351324679296374 0
    endloop
  endfacet
  facet normal -0.4275550934302799 -0.9039892931234443 0
    outer loop
      vertex -12.727577587386076 -10.928100554399972 3.85
      vertex -12.727577587386076 -10.928100554399972 0
      vertex -12.432605850053557 -11.067611796041719 3.85
    endloop
  endfacet
  facet normal -0.5141027441932217 -0.857728610000272 -1.034010815888849e-18
    outer loop
      vertex -12.152728975209822 -11.235363539094037 3.85
      vertex -12.432605850053557 -11.067611796041719 3.85
      vertex -12.432605850053557 -11.067611796041719 0
    endloop
  endfacet
  facet normal -0.5956993044924348 -0.8032075314806436 0
    outer loop
      vertex -12.152728975209822 -11.235363539094037 3.85
      vertex -12.152728975209822 -11.235363539094037 0
      vertex -11.89064233015588 -11.429740242568899 3.85
    endloop
  endfacet
  facet normal -0.6715589548470193 -0.7409511253549582 1.11550518542716e-18
    outer loop
      vertex -11.64886995255473 -11.64886995255473 3.85
      vertex -11.89064233015588 -11.429740242568899 3.85
      vertex -11.89064233015588 -11.429740242568899 0
    endloop
  endfacet
  facet normal -0.7409511253549582 -0.6715589548470193 1.11550518542716e-18
    outer loop
      vertex -11.429740242568899 -11.89064233015588 3.85
      vertex -11.64886995255473 -11.64886995255473 3.85
      vertex -11.64886995255473 -11.64886995255473 0
    endloop
  endfacet
  facet normal -0.857728610000272 -0.5141027441932217 0
    outer loop
      vertex -11.235363539094037 -12.152728975209822 3.85
      vertex -11.235363539094037 -12.152728975209822 0
      vertex -11.067611796041719 -12.432605850053557 3.85
    endloop
  endfacet
  facet normal -0.8032075314806436 -0.5956993044924348 0
    outer loop
      vertex -11.429740242568899 -11.89064233015588 3.85
      vertex -11.429740242568899 -11.89064233015588 0
      vertex -11.235363539094037 -12.152728975209822 3.85
    endloop
  endfacet
  facet normal -0.9415440651830204 -0.33688985339222116 0
    outer loop
      vertex -10.928100554399972 -12.727577587386076 3.85
      vertex -10.928100554399972 -12.727577587386076 0
      vertex -10.818173383690405 -13.034803448128912 3.85
    endloop
  endfacet
  facet normal -0.9039892931234443 -0.4275550934302799 7.088303396596529e-19
    outer loop
      vertex -10.928100554399972 -12.727577587386076 3.85
      vertex -11.067611796041719 -12.432605850053557 3.85
      vertex -11.067611796041719 -12.432605850053557 0
    endloop
  endfacet
  facet normal -0.970031253194544 -0.24298017990326404 -1.0991110728355243e-18
    outer loop
      vertex -10.738888942659258 -13.351324679296374 3.85
      vertex -10.818173383690405 -13.034803448128912 3.85
      vertex -10.818173383690405 -13.034803448128912 0
    endloop
  endfacet
  facet normal 0 0 -1
    outer loop
      vertex -16.93238820395828 -15.567394149946443 3.85
      vertex -16.93238820395828 -12.432605850053557 3.85
      vertex -16.76463646090596 -15.847271024790178 3.85
    endloop
  endfacet
  facet normal 0 0 -1
    outer loop
      vertex -16.76463646090596 -15.847271024790178 3.85
      vertex -16.76463646090596 -12.152728975209822 3.85
      vertex -16.5702597574311 -16.109357669844123 3.85
    endloop
  endfacet
  facet normal 0 0 -1
    outer loop
      vertex -16.35113004744527 -16.35113004744527 3.85
      vertex -16.5702597574311 -16.109357669844123 3.85
      vertex -16.5702597574311 -11.89064233015588 3.85
    endloop
  endfacet
  facet normal 0 0 -1
    outer loop
      vertex -16.93238820395828 -15.567394149946443 3.85
      vertex -17.071899445600028 -12.727577587386076 3.85
      vertex -16.93238820395828 -12.432605850053557 3.85
    endloop
  endfacet
  facet normal 0 0 -1
    outer loop
      vertex -16.76463646090596 -15.847271024790178 3.85
      vertex -16.93238820395828 -12.432605850053557 3.85
      vertex -16.76463646090596 -12.152728975209822 3.85
    endloop
  endfacet
  facet normal 0 0 -1
    outer loop
      vertex -16.5702597574311 -16.109357669844123 3.85
      vertex -16.76463646090596 -12.152728975209822 3.85
      vertex -16.5702597574311 -11.89064233015588 3.85
    endloop
  endfacet
  facet normal 0 0 -1
    outer loop
      vertex -16.35113004744527 -16.35113004744527 3.85
      vertex -16.35113004744527 -11.64886995255473 3.85
      vertex -16.109357669844123 -16.5702597574311 3.85
    endloop
  endfacet
  facet normal 0 0 -1
    outer loop
      vertex -16.109357669844123 -16.5702597574311 3.85
      vertex -16.109357669844123 -11.429740242568899 3.85
      vertex -15.847271024790178 -16.76463646090596 3.85
    endloop
  endfacet
  facet normal 0 0 -1
    outer loop
      vertex -16.35113004744527 -16.35113004744527 3.85
      vertex -16.5702597574311 -11.89064233015588 3.85
      vertex -16.35113004744527 -11.64886995255473 3.85
    endloop
  endfacet
  facet normal 0 0 -1
    outer loop
      vertex -15.847271024790178 -16.76463646090596 3.85
      vertex -15.847271024790178 -11.235363539094037 3.85
      vertex -15.567394149946443 -16.93238820395828 3.85
    endloop
  endfacet
  facet normal 0 0 -1
    outer loop
      vertex -15.272422412613924 -17.071899445600028 3.85
      vertex -15.567394149946443 -16.93238820395828 3.85
      vertex -15.567394149946443 -11.067611796041719 3.85
    endloop
  endfacet
  facet normal 0 0 -1
    outer loop
      vertex -15.272422412613924 -17.071899445600028 3.85
      vertex -15.272422412613924 -10.928100554399972 3.85
      vertex -14.965196551871088 -17.181826616309593 3.85
    endloop
  endfacet
  facet normal 0 0 -1
    outer loop
      vertex -14.965196551871088 -17.181826616309593 3.85
      vertex -14.965196551871088 -10.818173383690405 3.85
      vertex -14.648675320703626 -17.26111105734074 3.85
    endloop
  endfacet
  facet normal 0 0 -1
    outer loop
      vertex -14.648675320703626 -17.26111105734074 3.85
      vertex -14.648675320703626 -10.738888942659258 3.85
      vertex -14.325906991595788 -17.308989216185054 3.85
    endloop
  endfacet
  facet normal 0 0 -1
    outer loop
      vertex -14.325906991595788 -17.308989216185054 3.85
      vertex -14.325906991595788 -10.691010783814946 3.85
      vertex -14 -17.325 3.85
    endloop
  endfacet
  facet normal 0 0 -1
    outer loop
      vertex -14 -17.325 3.85
      vertex -14 -10.675 3.85
      vertex -13.674093008404212 -17.308989216185054 3.85
    endloop
  endfacet
  facet normal 0 0 -1
    outer loop
      vertex -13.674093008404212 -17.308989216185054 3.85
      vertex -13.674093008404212 -10.691010783814946 3.85
      vertex -13.351324679296374 -17.26111105734074 3.85
    endloop
  endfacet
  facet normal 0 0 -1
    outer loop
      vertex -13.351324679296374 -17.26111105734074 3.85
      vertex -13.351324679296374 -10.738888942659258 3.85
      vertex -13.034803448128912 -17.181826616309593 3.85
    endloop
  endfacet
  facet normal 0 0 -1
    outer loop
      vertex -13.034803448128912 -17.181826616309593 3.85
      vertex -13.034803448128912 -10.818173383690405 3.85
      vertex -12.727577587386076 -17.071899445600028 3.85
    endloop
  endfacet
  facet normal 0 0 -1
    outer loop
      vertex -16.109357669844123 -16.5702597574311 3.85
      vertex -16.35113004744527 -11.64886995255473 3.85
      vertex -16.109357669844123 -11.429740242568899 3.85
    endloop
  endfacet
  facet normal 0 0 -1
    outer loop
      vertex -15.847271024790178 -16.76463646090596 3.85
      vertex -16.109357669844123 -11.429740242568899 3.85
      vertex -15.847271024790178 -11.235363539094037 3.85
    endloop
  endfacet
  facet normal 0 0 -1
    outer loop
      vertex -15.567394149946443 -16.93238820395828 3.85
      vertex -15.847271024790178 -11.235363539094037 3.85
      vertex -15.567394149946443 -11.067611796041719 3.85
    endloop
  endfacet
  facet normal 0 0 -1
    outer loop
      vertex -15.272422412613924 -17.071899445600028 3.85
      vertex -15.567394149946443 -11.067611796041719 3.85
      vertex -15.272422412613924 -10.928100554399972 3.85
    endloop
  endfacet
  facet normal 0 0 -1
    outer loop
      vertex -14.965196551871088 -17.181826616309593 3.85
      vertex -15.272422412613924 -10.928100554399972 3.85
      vertex -14.965196551871088 -10.818173383690405 3.85
    endloop
  endfacet
  facet normal 0 0 -1
    outer loop
      vertex -14.648675320703626 -17.26111105734074 3.85
      vertex -14.965196551871088 -10.818173383690405 3.85
      vertex -14.648675320703626 -10.738888942659258 3.85
    endloop
  endfacet
  facet normal 0 0 -1
    outer loop
      vertex -14.325906991595788 -17.308989216185054 3.85
      vertex -14.648675320703626 -10.738888942659258 3.85
      vertex -14.325906991595788 -10.691010783814946 3.85
    endloop
  endfacet
  facet normal 0 0 -1
    outer loop
      vertex -14 -17.325 3.85
      vertex -14.325906991595788 -10.691010783814946 3.85
      vertex -14 -10.675 3.85
    endloop
  endfacet
  facet normal 0 0 -1
    outer loop
      vertex -13.674093008404212 -17.308989216185054 3.85
      vertex -14 -10.675 3.85
      vertex -13.674093008404212 -10.691010783814946 3.85
    endloop
  endfacet
  facet normal 0 0 -1
    outer loop
      vertex -13.351324679296374 -17.26111105734074 3.85
      vertex -13.674093008404212 -10.691010783814946 3.85
      vertex -13.351324679296374 -10.738888942659258 3.85
    endloop
  endfacet
  facet normal 0 0 -1
    outer loop
      vertex -13.034803448128912 -17.181826616309593 3.85
      vertex -13.351324679296374 -10.738888942659258 3.85
      vertex -13.034803448128912 -10.818173383690405 3.85
    endloop
  endfacet
  facet normal 0 0 -1
    outer loop
      vertex -13.034803448128912 -10.818173383690405 3.85
      vertex -12.727577587386076 -10.928100554399972 3.85
      vertex -12.727577587386076 -17.071899445600028 3.85
    endloop
  endfacet
  facet normal 0 0 -1
    outer loop
      vertex -12.727577587386076 -17.071899445600028 3.85
      vertex -12.727577587386076 -10.928100554399972 3.85
      vertex -12.432605850053557 -16.93238820395828 3.85
    endloop
  endfacet
  facet normal 0 0 -1
    outer loop
      vertex -12.432605850053557 -16.93238820395828 3.85
      vertex -12.432605850053557 -11.067611796041719 3.85
      vertex -12.152728975209822 -16.76463646090596 3.85
    endloop
  endfacet
  facet normal 0 0 -1
    outer loop
      vertex -12.152728975209822 -16.76463646090596 3.85
      vertex -12.152728975209822 -11.235363539094037 3.85
      vertex -11.89064233015588 -16.5702597574311 3.85
    endloop
  endfacet
  facet normal 0 0 -1
    outer loop
      vertex -11.89064233015588 -16.5702597574311 3.85
      vertex -11.89064233015588 -11.429740242568899 3.85
      vertex -11.64886995255473 -16.35113004744527 3.85
    endloop
  endfacet
  facet normal 0 0 -1
    outer loop
      vertex -11.64886995255473 -16.35113004744527 3.85
      vertex -11.64886995255473 -11.64886995255473 3.85
      vertex -11.429740242568899 -16.109357669844123 3.85
    endloop
  endfacet
  facet normal 0 0 -1
    outer loop
      vertex -11.429740242568899 -16.109357669844123 3.85
      vertex -11.429740242568899 -11.89064233015588 3.85
      vertex -11.235363539094037 -15.847271024790178 3.85
    endloop
  endfacet
  facet normal 0 0 -1
    outer loop
      vertex -11.235363539094037 -15.847271024790178 3.85
      vertex -11.235363539094037 -12.152728975209822 3.85
      vertex -11.067611796041719 -15.567394149946443 3.85
    endloop
  endfacet
  facet normal 0 0 -1
    outer loop
      vertex -11.235363539094037 -15.847271024790178 3.85
      vertex -11.429740242568899 -11.89064233015588 3.85
      vertex -11.235363539094037 -12.152728975209822 3.85
    endloop
  endfacet
  facet normal 0 0 -1
    outer loop
      vertex -11.067611796041719 -15.567394149946443 3.85
      vertex -11.067611796041719 -12.432605850053557 3.85
      vertex -10.928100554399972 -15.272422412613924 3.85
    endloop
  endfacet
  facet normal 0 0 -1
    outer loop
      vertex -10.928100554399972 -15.272422412613924 3.85
      vertex -10.928100554399972 -12.727577587386076 3.85
      vertex -10.818173383690405 -14.965196551871088 3.85
    endloop
  endfacet
  facet normal 0 0 -1
    outer loop
      vertex -10.818173383690405 -14.965196551871088 3.85
      vertex -10.818173383690405 -13.034803448128912 3.85
      vertex -10.738888942659258 -14.648675320703626 3.85
    endloop
  endfacet
  facet normal 0 0 -1
    outer loop
      vertex -10.738888942659258 -14.648675320703626 3.85
      vertex -10.738888942659258 -13.351324679296374 3.85
      vertex -10.691010783814946 -14.325906991595788 3.85
    endloop
  endfacet
  facet normal 0 0 -1
    outer loop
      vertex -11.067611796041719 -15.567394149946443 3.85
      vertex -11.235363539094037 -12.152728975209822 3.85
      vertex -11.067611796041719 -12.432605850053557 3.85
    endloop
  endfacet
  facet normal 0 0 -1
    outer loop
      vertex -10.928100554399972 -15.272422412613924 3.85
      vertex -11.067611796041719 -12.432605850053557 3.85
      vertex -10.928100554399972 -12.727577587386076 3.85
    endloop
  endfacet
  facet normal 0 0 -1
    outer loop
      vertex -10.738888942659258 -14.648675320703626 3.85
      vertex -10.818173383690405 -13.034803448128912 3.85
      vertex -10.738888942659258 -13.351324679296374 3.85
    endloop
  endfacet
  facet normal 0 0 -1
    outer loop
      vertex -10.691010783814946 -14.325906991595788 3.85
      vertex -10.691010783814946 -13.674093008404212 3.85
      vertex -10.675 -14 3.85
    endloop
  endfacet
  facet normal 0 0 -1
    outer loop
      vertex -10.691010783814946 -14.325906991595788 3.85
      vertex -10.738888942659258 -13.351324679296374 3.85
      vertex -10.691010783814946 -13.674093008404212 3.85
    endloop
  endfacet
  facet normal 0 0 -1
    outer loop
      vertex -10.928100554399972 -12.727577587386076 3.85
      vertex -10.818173383690405 -13.034803448128912 3.85
      vertex -10.818173383690405 -14.965196551871088 3.85
    endloop
  endfacet
  facet normal 0 0 -1
    outer loop
      vertex -12.432605850053557 -16.93238820395828 3.85
      vertex -12.727577587386076 -10.928100554399972 3.85
      vertex -12.432605850053557 -11.067611796041719 3.85
    endloop
  endfacet
  facet normal 0 0 -1
    outer loop
      vertex -12.152728975209822 -16.76463646090596 3.85
      vertex -12.432605850053557 -11.067611796041719 3.85
      vertex -12.152728975209822 -11.235363539094037 3.85
    endloop
  endfacet
  facet normal 0 0 -1
    outer loop
      vertex -11.89064233015588 -16.5702597574311 3.85
      vertex -12.152728975209822 -11.235363539094037 3.85
      vertex -11.89064233015588 -11.429740242568899 3.85
    endloop
  endfacet
  facet normal 0 0 -1
    outer loop
      vertex -11.64886995255473 -16.35113004744527 3.85
      vertex -11.89064233015588 -11.429740242568899 3.85
      vertex -11.64886995255473 -11.64886995255473 3.85
    endloop
  endfacet
  facet normal 0 0 -1
    outer loop
      vertex -11.429740242568899 -16.109357669844123 3.85
      vertex -11.64886995255473 -11.64886995255473 3.85
      vertex -11.429740242568899 -11.89064233015588 3.85
    endloop
  endfacet
  facet normal 0.9039892931234422 0.4275550934302843 0
    outer loop
      vertex -17.071899445600028 12.727577587386076 3.85
      vertex -16.93238820395828 12.432605850053557 0
      vertex -17.071899445600028 12.727577587386076 0
    endloop
  endfacet
  facet normal 0.9891765099647813 0.14673047445535944 0
    outer loop
      vertex -17.308989216185054 13.674093008404212 3.85
      vertex -17.26111105734074 13.351324679296374 0
      vertex -17.308989216185054 13.674093008404212 0
    endloop
  endfacet
  facet normal 0.9415440651830222 0.33688985339221633 0
    outer loop
      vertex -17.181826616309593 13.034803448128912 3.85
      vertex -17.071899445600028 12.727577587386076 0
      vertex -17.181826616309593 13.034803448128912 0
    endloop
  endfacet
  facet normal 0.9700312531945425 0.24298017990326912 0
    outer loop
      vertex -17.26111105734074 13.351324679296374 3.85
      vertex -17.181826616309593 13.034803448128912 0
      vertex -17.26111105734074 13.351324679296374 0
    endloop
  endfacet
  facet normal 0.9987954562051724 0.04906767432741711 0
    outer loop
      vertex -17.325 14 3.85
      vertex -17.308989216185054 13.674093008404212 0
      vertex -17.325 14 0
    endloop
  endfacet
  facet normal 0.9987954562051724 -0.04906767432741711 0
    outer loop
      vertex -17.308989216185054 14.325906991595788 3.85
      vertex -17.325 14 0
      vertex -17.308989216185054 14.325906991595788 0
    endloop
  endfacet
  facet normal 0.9891765099647813 -0.14673047445535944 0
    outer loop
      vertex -17.26111105734074 14.648675320703626 3.85
      vertex -17.308989216185054 14.325906991595788 0
      vertex -17.26111105734074 14.648675320703626 0
    endloop
  endfacet
  facet normal 0.9700312531945425 -0.24298017990326912 0
    outer loop
      vertex -17.181826616309593 14.965196551871088 3.85
      vertex -17.26111105734074 14.648675320703626 0
      vertex -17.181826616309593 14.965196551871088 0
    endloop
  endfacet
  facet normal 0.9415440651830222 -0.33688985339221633 0
    outer loop
      vertex -17.071899445600028 15.272422412613924 3.85
      vertex -17.181826616309593 14.965196551871088 0
      vertex -17.071899445600028 15.272422412613924 0
    endloop
  endfacet
  facet normal 0.9415440651830222 0.33688985339221633 0
    outer loop
      vertex -17.071899445600028 12.727577587386076 3.85
      vertex -17.071899445600028 12.727577587386076 0
      vertex -17.181826616309593 13.034803448128912 3.85
    endloop
  endfacet
  facet normal 0.9891765099647813 0.14673047445535944 0
    outer loop
      vertex -17.26111105734074 13.351324679296374 3.85
      vertex -17.26111105734074 13.351324679296374 0
      vertex -17.308989216185054 13.674093008404212 3.85
    endloop
  endfacet
  facet normal 0.9700312531945425 0.24298017990326912 0
    outer loop
      vertex -17.181826616309593 13.034803448128912 3.85
      vertex -17.181826616309593 13.034803448128912 0
      vertex -17.26111105734074 13.351324679296374 3.85
    endloop
  endfacet
  facet normal 0.9987954562051724 0.04906767432741711 0
    outer loop
      vertex -17.308989216185054 13.674093008404212 3.85
      vertex -17.308989216185054 13.674093008404212 0
      vertex -17.325 14 3.85
    endloop
  endfacet
  facet normal 0.9987954562051724 -0.04906767432741711 0
    outer loop
      vertex -17.325 14 3.85
      vertex -17.325 14 0
      vertex -17.308989216185054 14.325906991595788 3.85
    endloop
  endfacet
  facet normal 0.9891765099647813 -0.14673047445535944 0
    outer loop
      vertex -17.308989216185054 14.325906991595788 3.85
      vertex -17.308989216185054 14.325906991595788 0
      vertex -17.26111105734074 14.648675320703626 3.85
    endloop
  endfacet
  facet normal 0.9700312531945425 -0.24298017990326912 0
    outer loop
      vertex -17.26111105734074 14.648675320703626 3.85
      vertex -17.26111105734074 14.648675320703626 0
      vertex -17.181826616309593 14.965196551871088 3.85
    endloop
  endfacet
  facet normal 0.9415440651830222 -0.33688985339221633 0
    outer loop
      vertex -17.181826616309593 14.965196551871088 3.85
      vertex -17.181826616309593 14.965196551871088 0
      vertex -17.071899445600028 15.272422412613924 3.85
    endloop
  endfacet
  facet normal 0.9039892931234422 -0.4275550934302843 0
    outer loop
      vertex -17.071899445600028 15.272422412613924 3.85
      vertex -17.071899445600028 15.272422412613924 0
      vertex -16.93238820395828 15.567394149946443 3.85
    endloop
  endfacet
  facet normal 0 0 -1
    outer loop
      vertex -17.181826616309593 13.034803448128912 3.85
      vertex -17.26111105734074 13.351324679296374 3.85
      vertex -17.26111105734074 14.648675320703626 3.85
    endloop
  endfacet
  facet normal 0 0 -1
    outer loop
      vertex -17.071899445600028 12.727577587386076 3.85
      vertex -17.181826616309593 13.034803448128912 3.85
      vertex -17.181826616309593 14.965196551871088 3.85
    endloop
  endfacet
  facet normal 0 0 -1
    outer loop
      vertex -17.071899445600028 12.727577587386076 3.85
      vertex -17.071899445600028 15.272422412613924 3.85
      vertex -16.93238820395828 12.432605850053557 3.85
    endloop
  endfacet
  facet normal 0 0 -1
    outer loop
      vertex -17.26111105734074 13.351324679296374 3.85
      vertex -17.308989216185054 13.674093008404212 3.85
      vertex -17.308989216185054 14.325906991595788 3.85
    endloop
  endfacet
  facet normal 0 0 -1
    outer loop
      vertex -17.308989216185054 13.674093008404212 3.85
      vertex -17.325 14 3.85
      vertex -17.308989216185054 14.325906991595788 3.85
    endloop
  endfacet
  facet normal 0 0 -1
    outer loop
      vertex -17.26111105734074 13.351324679296374 3.85
      vertex -17.308989216185054 14.325906991595788 3.85
      vertex -17.26111105734074 14.648675320703626 3.85
    endloop
  endfacet
  facet normal 0 0 -1
    outer loop
      vertex -17.181826616309593 13.034803448128912 3.85
      vertex -17.26111105734074 14.648675320703626 3.85
      vertex -17.181826616309593 14.965196551871088 3.85
    endloop
  endfacet
  facet normal 0 0 -1
    outer loop
      vertex -17.071899445600028 12.727577587386076 3.85
      vertex -17.181826616309593 14.965196551871088 3.85
      vertex -17.071899445600028 15.272422412613924 3.85
    endloop
  endfacet
  facet normal 0.740951125354961 0.6715589548470163 0
    outer loop
      vertex -16.5702597574311 11.89064233015588 3.85
      vertex -16.35113004744527 11.64886995255473 0
      vertex -16.5702597574311 11.89064233015588 0
    endloop
  endfacet
  facet normal 0.671558954847022 0.7409511253549558 0
    outer loop
      vertex -16.35113004744527 11.64886995255473 3.85
      vertex -16.109357669844123 11.429740242568899 0
      vertex -16.35113004744527 11.64886995255473 0
    endloop
  endfacet
  facet normal 0.5956993044924322 0.8032075314806457 0
    outer loop
      vertex -16.109357669844123 11.429740242568899 3.85
      vertex -15.847271024790178 11.235363539094037 0
      vertex -16.109357669844123 11.429740242568899 0
    endloop
  endfacet
  facet normal 0.857728610000272 0.5141027441932217 0
    outer loop
      vertex -16.93238820395828 12.432605850053557 3.85
      vertex -16.76463646090596 12.152728975209822 0
      vertex -16.93238820395828 12.432605850053557 0
    endloop
  endfacet
  facet normal 0.8032075314806436 0.5956993044924348 0
    outer loop
      vertex -16.76463646090596 12.152728975209822 3.85
      vertex -16.5702597574311 11.89064233015588 0
      vertex -16.76463646090596 12.152728975209822 0
    endloop
  endfacet
  facet normal 0.5141027441932217 0.857728610000272 0
    outer loop
      vertex -15.847271024790178 11.235363539094037 3.85
      vertex -15.567394149946443 11.067611796041719 0
      vertex -15.847271024790178 11.235363539094037 0
    endloop
  endfacet
  facet normal 0.4275550934302799 0.9039892931234443 0
    outer loop
      vertex -15.567394149946443 11.067611796041719 3.85
      vertex -15.272422412613924 10.928100554399972 0
      vertex -15.567394149946443 11.067611796041719 0
    endloop
  endfacet
  facet normal 0.33688985339222116 0.9415440651830204 0
    outer loop
      vertex -15.272422412613924 10.928100554399972 3.85
      vertex -14.965196551871088 10.818173383690405 0
      vertex -15.272422412613924 10.928100554399972 0
    endloop
  endfacet
  facet normal 0.24298017990326404 0.970031253194544 0
    outer loop
      vertex -14.965196551871088 10.818173383690405 3.85
      vertex -14.648675320703626 10.738888942659258 0
      vertex -14.965196551871088 10.818173383690405 0
    endloop
  endfacet
  facet normal 0.14673047445535944 0.9891765099647813 0
    outer loop
      vertex -14.648675320703626 10.738888942659258 3.85
      vertex -14.325906991595788 10.691010783814946 0
      vertex -14.648675320703626 10.738888942659258 0
    endloop
  endfacet
  facet normal 0.04906767432741711 0.9987954562051724 0
    outer loop
      vertex -14.325906991595788 10.691010783814946 3.85
      vertex -14 10.675 0
      vertex -14.325906991595788 10.691010783814946 0
    endloop
  endfacet
  facet normal -0.04906767432741711 0.9987954562051724 0
    outer loop
      vertex -14 10.675 3.85
      vertex -13.674093008404212 10.691010783814946 0
      vertex -14 10.675 0
    endloop
  endfacet
  facet normal -0.14673047445535944 0.9891765099647813 0
    outer loop
      vertex -13.674093008404212 10.691010783814946 3.85
      vertex -13.351324679296374 10.738888942659258 0
      vertex -13.674093008404212 10.691010783814946 0
    endloop
  endfacet
  facet normal -0.24298017990326404 0.970031253194544 0
    outer loop
      vertex -13.351324679296374 10.738888942659258 3.85
      vertex -13.034803448128912 10.818173383690405 0
      vertex -13.351324679296374 10.738888942659258 0
    endloop
  endfacet
  facet normal -0.33688985339222116 0.9415440651830204 0
    outer loop
      vertex -13.034803448128912 10.818173383690405 3.85
      vertex -12.727577587386076 10.928100554399972 0
      vertex -13.034803448128912 10.818173383690405 0
    endloop
  endfacet
  facet normal 0.9039892931234422 -0.4275550934302843 0
    outer loop
      vertex -16.93238820395828 15.567394149946443 3.85
      vertex -17.071899445600028 15.272422412613924 0
      vertex -16.93238820395828 15.567394149946443 0
    endloop
  endfacet
  facet normal 0.857728610000272 -0.5141027441932217 0
    outer loop
      vertex -16.76463646090596 15.847271024790178 3.85
      vertex -16.93238820395828 15.567394149946443 0
      vertex -16.76463646090596 15.847271024790178 0
    endloop
  endfacet
  facet normal 0.8032075314806457 -0.5956993044924322 0
    outer loop
      vertex -16.5702597574311 16.109357669844123 3.85
      vertex -16.76463646090596 15.847271024790178 0
      vertex -16.5702597574311 16.109357669844123 0
    endloop
  endfacet
  facet normal 0.7409511253549586 -0.671558954847019 0
    outer loop
      vertex -16.35113004744527 16.35113004744527 3.85
      vertex -16.5702597574311 16.109357669844123 0
      vertex -16.35113004744527 16.35113004744527 0
    endloop
  endfacet
  facet normal 0.671558954847019 -0.7409511253549586 0
    outer loop
      vertex -16.109357669844123 16.5702597574311 3.85
      vertex -16.35113004744527 16.35113004744527 0
      vertex -16.109357669844123 16.5702597574311 0
    endloop
  endfacet
  facet normal 0.5956993044924322 -0.8032075314806457 0
    outer loop
      vertex -15.847271024790178 16.76463646090596 3.85
      vertex -16.109357669844123 16.5702597574311 0
      vertex -15.847271024790178 16.76463646090596 0
    endloop
  endfacet
  facet normal 0.5141027441932217 -0.857728610000272 0
    outer loop
      vertex -15.567394149946443 16.93238820395828 3.85
      vertex -15.847271024790178 16.76463646090596 0
      vertex -15.567394149946443 16.93238820395828 0
    endloop
  endfacet
  facet normal 0.4275550934302843 -0.9039892931234422 0
    outer loop
      vertex -15.272422412613924 17.071899445600028 3.85
      vertex -15.567394149946443 16.93238820395828 0
      vertex -15.272422412613924 17.071899445600028 0
    endloop
  endfacet
  facet normal 0.33688985339221633 -0.9415440651830222 0
    outer loop
      vertex -14.965196551871088 17.181826616309593 3.85
      vertex -15.272422412613924 17.071899445600028 0
      vertex -14.965196551871088 17.181826616309593 0
    endloop
  endfacet
  facet normal -0.33688985339221633 -0.9415440651830222 0
    outer loop
      vertex -12.727577587386076 17.071899445600028 3.85
      vertex -13.034803448128912 17.181826616309593 0
      vertex -12.727577587386076 17.071899445600028 0
    endloop
  endfacet
  facet normal 0.24298017990326912 -0.9700312531945425 0
    outer loop
      vertex -14.648675320703626 17.26111105734074 3.85
      vertex -14.965196551871088 17.181826616309593 0
      vertex -14.648675320703626 17.26111105734074 0
    endloop
  endfacet
  facet normal 0.14673047445535944 -0.9891765099647813 0
    outer loop
      vertex -14.325906991595788 17.308989216185054 3.85
      vertex -14.648675320703626 17.26111105734074 0
      vertex -14.325906991595788 17.308989216185054 0
    endloop
  endfacet
  facet normal 0.04906767432741711 -0.9987954562051724 0
    outer loop
      vertex -14 17.325 3.85
      vertex -14.325906991595788 17.308989216185054 0
      vertex -14 17.325 0
    endloop
  endfacet
  facet normal -0.04906767432741711 -0.9987954562051724 0
    outer loop
      vertex -13.674093008404212 17.308989216185054 3.85
      vertex -14 17.325 0
      vertex -13.674093008404212 17.308989216185054 0
    endloop
  endfacet
  facet normal -0.14673047445535944 -0.9891765099647813 0
    outer loop
      vertex -13.351324679296374 17.26111105734074 3.85
      vertex -13.674093008404212 17.308989216185054 0
      vertex -13.351324679296374 17.26111105734074 0
    endloop
  endfacet
  facet normal -0.24298017990326912 -0.9700312531945425 0
    outer loop
      vertex -13.034803448128912 17.181826616309593 3.85
      vertex -13.351324679296374 17.26111105734074 0
      vertex -13.034803448128912 17.181826616309593 0
    endloop
  endfacet
  facet normal -0.4275550934302799 0.9039892931234443 0
    outer loop
      vertex -12.727577587386076 10.928100554399972 3.85
      vertex -12.432605850053557 11.067611796041719 0
      vertex -12.727577587386076 10.928100554399972 0
    endloop
  endfacet
  facet normal -0.5141027441932217 0.857728610000272 0
    outer loop
      vertex -12.432605850053557 11.067611796041719 3.85
      vertex -12.152728975209822 11.235363539094037 0
      vertex -12.432605850053557 11.067611796041719 0
    endloop
  endfacet
  facet normal -0.5956993044924348 0.8032075314806436 0
    outer loop
      vertex -12.152728975209822 11.235363539094037 3.85
      vertex -11.89064233015588 11.429740242568899 0
      vertex -12.152728975209822 11.235363539094037 0
    endloop
  endfacet
  facet normal -0.6715589548470193 0.7409511253549582 0
    outer loop
      vertex -11.89064233015588 11.429740242568899 3.85
      vertex -11.64886995255473 11.64886995255473 0
      vertex -11.89064233015588 11.429740242568899 0
    endloop
  endfacet
  facet normal -0.7409511253549582 0.6715589548470193 0
    outer loop
      vertex -11.64886995255473 11.64886995255473 3.85
      vertex -11.429740242568899 11.89064233015588 0
      vertex -11.64886995255473 11.64886995255473 0
    endloop
  endfacet
  facet normal -0.8032075314806436 0.5956993044924348 0
    outer loop
      vertex -11.429740242568899 11.89064233015588 3.85
      vertex -11.235363539094037 12.152728975209822 0
      vertex -11.429740242568899 11.89064233015588 0
    endloop
  endfacet
  facet normal -0.857728610000272 0.5141027441932217 0
    outer loop
      vertex -11.235363539094037 12.152728975209822 3.85
      vertex -11.067611796041719 12.432605850053557 0
      vertex -11.235363539094037 12.152728975209822 0
    endloop
  endfacet
  facet normal -0.9039892931234443 0.4275550934302799 0
    outer loop
      vertex -11.067611796041719 12.432605850053557 3.85
      vertex -10.928100554399972 12.727577587386076 0
      vertex -11.067611796041719 12.432605850053557 0
    endloop
  endfacet
  facet normal -0.9415440651830204 0.33688985339222116 0
    outer loop
      vertex -10.928100554399972 12.727577587386076 3.85
      vertex -10.818173383690405 13.034803448128912 0
      vertex -10.928100554399972 12.727577587386076 0
    endloop
  endfacet
  facet normal -0.970031253194544 0.24298017990326404 0
    outer loop
      vertex -10.818173383690405 13.034803448128912 3.85
      vertex -10.738888942659258 13.351324679296374 0
      vertex -10.818173383690405 13.034803448128912 0
    endloop
  endfacet
  facet normal -0.9891765099647813 0.14673047445535944 0
    outer loop
      vertex -10.738888942659258 13.351324679296374 3.85
      vertex -10.691010783814946 13.674093008404212 0
      vertex -10.738888942659258 13.351324679296374 0
    endloop
  endfacet
  facet normal -0.4275550934302843 -0.9039892931234422 0
    outer loop
      vertex -12.432605850053557 16.93238820395828 3.85
      vertex -12.727577587386076 17.071899445600028 0
      vertex -12.432605850053557 16.93238820395828 0
    endloop
  endfacet
  facet normal -0.5141027441932217 -0.857728610000272 0
    outer loop
      vertex -12.152728975209822 16.76463646090596 3.85
      vertex -12.432605850053557 16.93238820395828 0
      vertex -12.152728975209822 16.76463646090596 0
    endloop
  endfacet
  facet normal -0.5956993044924348 -0.8032075314806436 0
    outer loop
      vertex -11.89064233015588 16.5702597574311 3.85
      vertex -12.152728975209822 16.76463646090596 0
      vertex -11.89064233015588 16.5702597574311 0
    endloop
  endfacet
  facet normal -0.6715589548470163 -0.740951125354961 0
    outer loop
      vertex -11.64886995255473 16.35113004744527 3.85
      vertex -11.89064233015588 16.5702597574311 0
      vertex -11.64886995255473 16.35113004744527 0
    endloop
  endfacet
  facet normal -0.9987954562051724 0.04906767432741711 0
    outer loop
      vertex -10.691010783814946 13.674093008404212 3.85
      vertex -10.675 14 0
      vertex -10.691010783814946 13.674093008404212 0
    endloop
  endfacet
  facet normal -0.9987954562051724 -0.04906767432741711 0
    outer loop
      vertex -10.675 14 3.85
      vertex -10.691010783814946 14.325906991595788 0
      vertex -10.675 14 0
    endloop
  endfacet
  facet normal -0.9891765099647813 -0.14673047445535944 0
    outer loop
      vertex -10.691010783814946 14.325906991595788 3.85
      vertex -10.738888942659258 14.648675320703626 0
      vertex -10.691010783814946 14.325906991595788 0
    endloop
  endfacet
  facet normal -0.9039892931234443 -0.4275550934302799 0
    outer loop
      vertex -10.928100554399972 15.272422412613924 3.85
      vertex -11.067611796041719 15.567394149946443 0
      vertex -10.928100554399972 15.272422412613924 0
    endloop
  endfacet
  facet normal -0.970031253194544 -0.24298017990326404 0
    outer loop
      vertex -10.738888942659258 14.648675320703626 3.85
      vertex -10.818173383690405 14.965196551871088 0
      vertex -10.738888942659258 14.648675320703626 0
    endloop
  endfacet
  facet normal -0.9415440651830204 -0.33688985339222116 0
    outer loop
      vertex -10.818173383690405 14.965196551871088 3.85
      vertex -10.928100554399972 15.272422412613924 0
      vertex -10.818173383690405 14.965196551871088 0
    endloop
  endfacet
  facet normal -0.7409511253549558 -0.671558954847022 0
    outer loop
      vertex -11.429740242568899 16.109357669844123 3.85
      vertex -11.64886995255473 16.35113004744527 0
      vertex -11.429740242568899 16.109357669844123 0
    endloop
  endfacet
  facet normal -0.8032075314806457 -0.5956993044924322 0
    outer loop
      vertex -11.235363539094037 15.847271024790178 3.85
      vertex -11.429740242568899 16.109357669844123 0
      vertex -11.235363539094037 15.847271024790178 0
    endloop
  endfacet
  facet normal -0.857728610000272 -0.5141027441932217 0
    outer loop
      vertex -11.067611796041719 15.567394149946443 3.85
      vertex -11.235363539094037 15.847271024790178 0
      vertex -11.067611796041719 15.567394149946443 0
    endloop
  endfacet
  facet normal 0.8032075314806436 0.5956993044924348 2.6042467047106117e-18
    outer loop
      vertex -16.76463646090596 12.152728975209822 3.85
      vertex -16.5702597574311 11.89064233015588 3.85
      vertex -16.5702597574311 11.89064233015588 0
    endloop
  endfacet
  facet normal 0.740951125354961 0.6715589548470163 5.285181207604531e-19
    outer loop
      vertex -16.5702597574311 11.89064233015588 3.85
      vertex -16.35113004744527 11.64886995255473 3.85
      vertex -16.35113004744527 11.64886995255473 0
    endloop
  endfacet
  facet normal 0.671558954847022 0.7409511253549558 0
    outer loop
      vertex -16.109357669844123 11.429740242568899 3.85
      vertex -16.109357669844123 11.429740242568899 0
      vertex -16.35113004744527 11.64886995255473 3.85
    endloop
  endfacet
  facet normal 0.857728610000272 0.5141027441932217 -1.034010815888849e-18
    outer loop
      vertex -16.93238820395828 12.432605850053557 3.85
      vertex -16.76463646090596 12.152728975209822 3.85
      vertex -16.76463646090596 12.152728975209822 0
    endloop
  endfacet
  facet normal 0.9039892931234422 0.4275550934302843 -2.1234130134711466e-18
    outer loop
      vertex -17.071899445600028 12.727577587386076 3.85
      vertex -16.93238820395828 12.432605850053557 3.85
      vertex -16.93238820395828 12.432605850053557 0
    endloop
  endfacet
  facet normal 0.5141027441932217 0.857728610000272 -1.034010815888849e-18
    outer loop
      vertex -15.847271024790178 11.235363539094037 3.85
      vertex -15.567394149946443 11.067611796041719 3.85
      vertex -15.567394149946443 11.067611796041719 0
    endloop
  endfacet
  facet normal 0.5956993044924322 0.8032075314806457 -1.5960030788881024e-18
    outer loop
      vertex -16.109357669844123 11.429740242568899 3.85
      vertex -15.847271024790178 11.235363539094037 3.85
      vertex -15.847271024790178 11.235363539094037 0
    endloop
  endfacet
  facet normal 0.4275550934302799 0.9039892931234443 7.088303396596529e-19
    outer loop
      vertex -15.567394149946443 11.067611796041719 3.85
      vertex -15.272422412613924 10.928100554399972 3.85
      vertex -15.272422412613924 10.928100554399972 0
    endloop
  endfacet
  facet normal 0.33688985339222116 0.9415440651830204 1.2259268234348487e-18
    outer loop
      vertex -15.272422412613924 10.928100554399972 3.85
      vertex -14.965196551871088 10.818173383690405 3.85
      vertex -14.965196551871088 10.818173383690405 0
    endloop
  endfacet
  facet normal 0.24298017990326404 0.970031253194544 0
    outer loop
      vertex -14.648675320703626 10.738888942659258 3.85
      vertex -14.648675320703626 10.738888942659258 0
      vertex -14.965196551871088 10.818173383690405 3.85
    endloop
  endfacet
  facet normal 0.14673047445535944 0.9891765099647813 -2.742349541900561e-19
    outer loop
      vertex -14.648675320703626 10.738888942659258 3.85
      vertex -14.325906991595788 10.691010783814946 3.85
      vertex -14.325906991595788 10.691010783814946 0
    endloop
  endfacet
  facet normal 0.04906767432741711 0.9987954562051724 -1.6918777469480713e-19
    outer loop
      vertex -14.325906991595788 10.691010783814946 3.85
      vertex -14 10.675 3.85
      vertex -14 10.675 0
    endloop
  endfacet
  facet normal -0.04906767432741711 0.9987954562051724 1.6918777469480713e-19
    outer loop
      vertex -14 10.675 3.85
      vertex -13.674093008404212 10.691010783814946 3.85
      vertex -13.674093008404212 10.691010783814946 0
    endloop
  endfacet
  facet normal -0.14673047445535944 0.9891765099647813 2.742349541900561e-19
    outer loop
      vertex -13.674093008404212 10.691010783814946 3.85
      vertex -13.351324679296374 10.738888942659258 3.85
      vertex -13.351324679296374 10.738888942659258 0
    endloop
  endfacet
  facet normal -0.24298017990326404 0.970031253194544 1.0991110728355243e-18
    outer loop
      vertex -13.351324679296374 10.738888942659258 3.85
      vertex -13.034803448128912 10.818173383690405 3.85
      vertex -13.034803448128912 10.818173383690405 0
    endloop
  endfacet
  facet normal -0.33688985339222116 0.9415440651830204 -1.2259268234348487e-18
    outer loop
      vertex -13.034803448128912 10.818173383690405 3.85
      vertex -12.727577587386076 10.928100554399972 3.85
      vertex -12.727577587386076 10.928100554399972 0
    endloop
  endfacet
  facet normal 0.857728610000272 -0.5141027441932217 0
    outer loop
      vertex -16.93238820395828 15.567394149946443 3.85
      vertex -16.93238820395828 15.567394149946443 0
      vertex -16.76463646090596 15.847271024790178 3.85
    endloop
  endfacet
  facet normal 0.8032075314806457 -0.5956993044924322 0
    outer loop
      vertex -16.76463646090596 15.847271024790178 3.85
      vertex -16.76463646090596 15.847271024790178 0
      vertex -16.5702597574311 16.109357669844123 3.85
    endloop
  endfacet
  facet normal 0.7409511253549586 -0.671558954847019 0
    outer loop
      vertex -16.5702597574311 16.109357669844123 3.85
      vertex -16.5702597574311 16.109357669844123 0
      vertex -16.35113004744527 16.35113004744527 3.85
    endloop
  endfacet
  facet normal 0.671558954847019 -0.7409511253549586 0
    outer loop
      vertex -16.35113004744527 16.35113004744527 3.85
      vertex -16.35113004744527 16.35113004744527 0
      vertex -16.109357669844123 16.5702597574311 3.85
    endloop
  endfacet
  facet normal 0.5956993044924322 -0.8032075314806457 0
    outer loop
      vertex -16.109357669844123 16.5702597574311 3.85
      vertex -16.109357669844123 16.5702597574311 0
      vertex -15.847271024790178 16.76463646090596 3.85
    endloop
  endfacet
  facet normal 0.5141027441932217 -0.857728610000272 0
    outer loop
      vertex -15.847271024790178 16.76463646090596 3.85
      vertex -15.847271024790178 16.76463646090596 0
      vertex -15.567394149946443 16.93238820395828 3.85
    endloop
  endfacet
  facet normal 0.4275550934302843 -0.9039892931234422 0
    outer loop
      vertex -15.567394149946443 16.93238820395828 3.85
      vertex -15.567394149946443 16.93238820395828 0
      vertex -15.272422412613924 17.071899445600028 3.85
    endloop
  endfacet
  facet normal 0.33688985339221633 -0.9415440651830222 0
    outer loop
      vertex -15.272422412613924 17.071899445600028 3.85
      vertex -15.272422412613924 17.071899445600028 0
      vertex -14.965196551871088 17.181826616309593 3.85
    endloop
  endfacet
  facet normal 0.24298017990326912 -0.9700312531945425 0
    outer loop
      vertex -14.965196551871088 17.181826616309593 3.85
      vertex -14.965196551871088 17.181826616309593 0
      vertex -14.648675320703626 17.26111105734074 3.85
    endloop
  endfacet
  facet normal 0.14673047445535944 -0.9891765099647813 0
    outer loop
      vertex -14.648675320703626 17.26111105734074 3.85
      vertex -14.648675320703626 17.26111105734074 0
      vertex -14.325906991595788 17.308989216185054 3.85
    endloop
  endfacet
  facet normal 0.04906767432741711 -0.9987954562051724 0
    outer loop
      vertex -14.325906991595788 17.308989216185054 3.85
      vertex -14.325906991595788 17.308989216185054 0
      vertex -14 17.325 3.85
    endloop
  endfacet
  facet normal -0.04906767432741711 -0.9987954562051724 0
    outer loop
      vertex -14 17.325 3.85
      vertex -14 17.325 0
      vertex -13.674093008404212 17.308989216185054 3.85
    endloop
  endfacet
  facet normal -0.14673047445535944 -0.9891765099647813 0
    outer loop
      vertex -13.674093008404212 17.308989216185054 3.85
      vertex -13.674093008404212 17.308989216185054 0
      vertex -13.351324679296374 17.26111105734074 3.85
    endloop
  endfacet
  facet normal -0.24298017990326912 -0.9700312531945425 0
    outer loop
      vertex -13.351324679296374 17.26111105734074 3.85
      vertex -13.351324679296374 17.26111105734074 0
      vertex -13.034803448128912 17.181826616309593 3.85
    endloop
  endfacet
  facet normal -0.33688985339221633 -0.9415440651830222 0
    outer loop
      vertex -13.034803448128912 17.181826616309593 3.85
      vertex -13.034803448128912 17.181826616309593 0
      vertex -12.727577587386076 17.071899445600028 3.85
    endloop
  endfacet
  facet normal -0.4275550934302799 0.9039892931234443 -7.088303396596529e-19
    outer loop
      vertex -12.727577587386076 10.928100554399972 3.85
      vertex -12.432605850053557 11.067611796041719 3.85
      vertex -12.432605850053557 11.067611796041719 0
    endloop
  endfacet
  facet normal -0.5141027441932217 0.857728610000272 1.034010815888849e-18
    outer loop
      vertex -12.432605850053557 11.067611796041719 3.85
      vertex -12.152728975209822 11.235363539094037 3.85
      vertex -12.152728975209822 11.235363539094037 0
    endloop
  endfacet
  facet normal -0.5956993044924348 0.8032075314806436 -2.6042467047106117e-18
    outer loop
      vertex -12.152728975209822 11.235363539094037 3.85
      vertex -11.89064233015588 11.429740242568899 3.85
      vertex -11.89064233015588 11.429740242568899 0
    endloop
  endfacet
  facet normal -0.6715589548470193 0.7409511253549582 -1.11550518542716e-18
    outer loop
      vertex -11.89064233015588 11.429740242568899 3.85
      vertex -11.64886995255473 11.64886995255473 3.85
      vertex -11.64886995255473 11.64886995255473 0
    endloop
  endfacet
  facet normal -0.7409511253549582 0.6715589548470193 -1.11550518542716e-18
    outer loop
      vertex -11.64886995255473 11.64886995255473 3.85
      vertex -11.429740242568899 11.89064233015588 3.85
      vertex -11.429740242568899 11.89064233015588 0
    endloop
  endfacet
  facet normal -0.8032075314806436 0.5956993044924348 -2.6042467047106117e-18
    outer loop
      vertex -11.429740242568899 11.89064233015588 3.85
      vertex -11.235363539094037 12.152728975209822 3.85
      vertex -11.235363539094037 12.152728975209822 0
    endloop
  endfacet
  facet normal -0.857728610000272 0.5141027441932217 1.034010815888849e-18
    outer loop
      vertex -11.235363539094037 12.152728975209822 3.85
      vertex -11.067611796041719 12.432605850053557 3.85
      vertex -11.067611796041719 12.432605850053557 0
    endloop
  endfacet
  facet normal -0.9039892931234443 0.4275550934302799 -7.088303396596529e-19
    outer loop
      vertex -11.067611796041719 12.432605850053557 3.85
      vertex -10.928100554399972 12.727577587386076 3.85
      vertex -10.928100554399972 12.727577587386076 0
    endloop
  endfacet
  facet normal -0.9415440651830204 0.33688985339222116 -1.2259268234348487e-18
    outer loop
      vertex -10.928100554399972 12.727577587386076 3.85
      vertex -10.818173383690405 13.034803448128912 3.85
      vertex -10.818173383690405 13.034803448128912 0
    endloop
  endfacet
  facet normal -0.970031253194544 0.24298017990326404 1.0991110728355243e-18
    outer loop
      vertex -10.818173383690405 13.034803448128912 3.85
      vertex -10.738888942659258 13.351324679296374 3.85
      vertex -10.738888942659258 13.351324679296374 0
    endloop
  endfacet
  facet normal -0.9891765099647813 0.14673047445535944 2.742349541900561e-19
    outer loop
      vertex -10.738888942659258 13.351324679296374 3.85
      vertex -10.691010783814946 13.674093008404212 3.85
      vertex -10.691010783814946 13.674093008404212 0
    endloop
  endfacet
  facet normal -0.4275550934302843 -0.9039892931234422 0
    outer loop
      vertex -12.727577587386076 17.071899445600028 3.85
      vertex -12.727577587386076 17.071899445600028 0
      vertex -12.432605850053557 16.93238820395828 3.85
    endloop
  endfacet
  facet normal -0.5141027441932217 -0.857728610000272 0
    outer loop
      vertex -12.432605850053557 16.93238820395828 3.85
      vertex -12.432605850053557 16.93238820395828 0
      vertex -12.152728975209822 16.76463646090596 3.85
    endloop
  endfacet
  facet normal -0.5956993044924348 -0.8032075314806436 0
    outer loop
      vertex -12.152728975209822 16.76463646090596 3.85
      vertex -12.152728975209822 16.76463646090596 0
      vertex -11.89064233015588 16.5702597574311 3.85
    endloop
  endfacet
  facet normal -0.6715589548470163 -0.740951125354961 0
    outer loop
      vertex -11.89064233015588 16.5702597574311 3.85
      vertex -11.89064233015588 16.5702597574311 0
      vertex -11.64886995255473 16.35113004744527 3.85
    endloop
  endfacet
  facet normal -0.9987954562051724 0.04906767432741711 1.6918777469480713e-19
    outer loop
      vertex -10.691010783814946 13.674093008404212 3.85
      vertex -10.675 14 3.85
      vertex -10.675 14 0
    endloop
  endfacet
  facet normal -0.9987954562051724 -0.04906767432741711 -1.6918777469480713e-19
    outer loop
      vertex -10.675 14 3.85
      vertex -10.691010783814946 14.325906991595788 3.85
      vertex -10.691010783814946 14.325906991595788 0
    endloop
  endfacet
  facet normal -0.9891765099647813 -0.14673047445535944 -2.742349541900561e-19
    outer loop
      vertex -10.691010783814946 14.325906991595788 3.85
      vertex -10.738888942659258 14.648675320703626 3.85
      vertex -10.738888942659258 14.648675320703626 0
    endloop
  endfacet
  facet normal -0.9415440651830204 -0.33688985339222116 0
    outer loop
      vertex -10.928100554399972 15.272422412613924 3.85
      vertex -10.928100554399972 15.272422412613924 0
      vertex -10.818173383690405 14.965196551871088 3.85
    endloop
  endfacet
  facet normal -0.970031253194544 -0.24298017990326404 -1.0991110728355243e-18
    outer loop
      vertex -10.738888942659258 14.648675320703626 3.85
      vertex -10.818173383690405 14.965196551871088 3.85
      vertex -10.818173383690405 14.965196551871088 0
    endloop
  endfacet
  facet normal -0.7409511253549558 -0.671558954847022 0
    outer loop
      vertex -11.64886995255473 16.35113004744527 3.85
      vertex -11.64886995255473 16.35113004744527 0
      vertex -11.429740242568899 16.109357669844123 3.85
    endloop
  endfacet
  facet normal -0.857728610000272 -0.5141027441932217 0
    outer loop
      vertex -11.235363539094037 15.847271024790178 3.85
      vertex -11.235363539094037 15.847271024790178 0
      vertex -11.067611796041719 15.567394149946443 3.85
    endloop
  endfacet
  facet normal -0.8032075314806457 -0.5956993044924322 -1.5960030788881024e-18
    outer loop
      vertex -11.235363539094037 15.847271024790178 3.85
      vertex -11.429740242568899 16.109357669844123 3.85
      vertex -11.429740242568899 16.109357669844123 0
    endloop
  endfacet
  facet normal -0.9039892931234443 -0.4275550934302799 7.088303396596529e-19
    outer loop
      vertex -10.928100554399972 15.272422412613924 3.85
      vertex -11.067611796041719 15.567394149946443 3.85
      vertex -11.067611796041719 15.567394149946443 0
    endloop
  endfacet
  facet normal 0 0 -1
    outer loop
      vertex -16.93238820395828 12.432605850053557 3.85
      vertex -16.93238820395828 15.567394149946443 3.85
      vertex -16.76463646090596 12.152728975209822 3.85
    endloop
  endfacet
  facet normal 0 0 -1
    outer loop
      vertex -16.76463646090596 12.152728975209822 3.85
      vertex -16.76463646090596 15.847271024790178 3.85
      vertex -16.5702597574311 11.89064233015588 3.85
    endloop
  endfacet
  facet normal 0 0 -1
    outer loop
      vertex -16.5702597574311 11.89064233015588 3.85
      vertex -16.5702597574311 16.109357669844123 3.85
      vertex -16.35113004744527 11.64886995255473 3.85
    endloop
  endfacet
  facet normal 0 0 -1
    outer loop
      vertex -16.109357669844123 11.429740242568899 3.85
      vertex -16.35113004744527 11.64886995255473 3.85
      vertex -16.35113004744527 16.35113004744527 3.85
    endloop
  endfacet
  facet normal 0 0 -1
    outer loop
      vertex -16.109357669844123 11.429740242568899 3.85
      vertex -16.109357669844123 16.5702597574311 3.85
      vertex -15.847271024790178 11.235363539094037 3.85
    endloop
  endfacet
  facet normal 0 0 -1
    outer loop
      vertex -15.847271024790178 11.235363539094037 3.85
      vertex -15.847271024790178 16.76463646090596 3.85
      vertex -15.567394149946443 11.067611796041719 3.85
    endloop
  endfacet
  facet normal 0 0 -1
    outer loop
      vertex -15.567394149946443 11.067611796041719 3.85
      vertex -15.567394149946443 16.93238820395828 3.85
      vertex -15.272422412613924 10.928100554399972 3.85
    endloop
  endfacet
  facet normal 0 0 -1
    outer loop
      vertex -15.272422412613924 10.928100554399972 3.85
      vertex -15.272422412613924 17.071899445600028 3.85
      vertex -14.965196551871088 10.818173383690405 3.85
    endloop
  endfacet
  facet normal 0 0 -1
    outer loop
      vertex -14.648675320703626 10.738888942659258 3.85
      vertex -14.648675320703626 17.26111105734074 3.85
      vertex -14.325906991595788 10.691010783814946 3.85
    endloop
  endfacet
  facet normal 0 0 -1
    outer loop
      vertex -14.648675320703626 10.738888942659258 3.85
      vertex -14.965196551871088 10.818173383690405 3.85
      vertex -14.965196551871088 17.181826616309593 3.85
    endloop
  endfacet
  facet normal 0 0 -1
    outer loop
      vertex -14.325906991595788 10.691010783814946 3.85
      vertex -14.325906991595788 17.308989216185054 3.85
      vertex -14 10.675 3.85
    endloop
  endfacet
  facet normal 0 0 -1
    outer loop
      vertex -14 10.675 3.85
      vertex -14 17.325 3.85
      vertex -13.674093008404212 10.691010783814946 3.85
    endloop
  endfacet
  facet normal 0 0 -1
    outer loop
      vertex -13.674093008404212 10.691010783814946 3.85
      vertex -13.674093008404212 17.308989216185054 3.85
      vertex -13.351324679296374 10.738888942659258 3.85
    endloop
  endfacet
  facet normal 0 0 -1
    outer loop
      vertex -13.351324679296374 10.738888942659258 3.85
      vertex -13.351324679296374 17.26111105734074 3.85
      vertex -13.034803448128912 10.818173383690405 3.85
    endloop
  endfacet
  facet normal 0 0 -1
    outer loop
      vertex -13.034803448128912 10.818173383690405 3.85
      vertex -13.034803448128912 17.181826616309593 3.85
      vertex -12.727577587386076 10.928100554399972 3.85
    endloop
  endfacet
  facet normal 0 0 -1
    outer loop
      vertex -16.93238820395828 12.432605850053557 3.85
      vertex -17.071899445600028 15.272422412613924 3.85
      vertex -16.93238820395828 15.567394149946443 3.85
    endloop
  endfacet
  facet normal 0 0 -1
    outer loop
      vertex -16.76463646090596 12.152728975209822 3.85
      vertex -16.93238820395828 15.567394149946443 3.85
      vertex -16.76463646090596 15.847271024790178 3.85
    endloop
  endfacet
  facet normal 0 0 -1
    outer loop
      vertex -16.5702597574311 11.89064233015588 3.85
      vertex -16.76463646090596 15.847271024790178 3.85
      vertex -16.5702597574311 16.109357669844123 3.85
    endloop
  endfacet
  facet normal 0 0 -1
    outer loop
      vertex -16.35113004744527 11.64886995255473 3.85
      vertex -16.5702597574311 16.109357669844123 3.85
      vertex -16.35113004744527 16.35113004744527 3.85
    endloop
  endfacet
  facet normal 0 0 -1
    outer loop
      vertex -16.109357669844123 11.429740242568899 3.85
      vertex -16.35113004744527 16.35113004744527 3.85
      vertex -16.109357669844123 16.5702597574311 3.85
    endloop
  endfacet
  facet normal 0 0 -1
    outer loop
      vertex -15.847271024790178 11.235363539094037 3.85
      vertex -16.109357669844123 16.5702597574311 3.85
      vertex -15.847271024790178 16.76463646090596 3.85
    endloop
  endfacet
  facet normal 0 0 -1
    outer loop
      vertex -15.567394149946443 11.067611796041719 3.85
      vertex -15.847271024790178 16.76463646090596 3.85
      vertex -15.567394149946443 16.93238820395828 3.85
    endloop
  endfacet
  facet normal 0 0 -1
    outer loop
      vertex -15.272422412613924 10.928100554399972 3.85
      vertex -15.567394149946443 16.93238820395828 3.85
      vertex -15.272422412613924 17.071899445600028 3.85
    endloop
  endfacet
  facet normal 0 0 -1
    outer loop
      vertex -14.965196551871088 10.818173383690405 3.85
      vertex -15.272422412613924 17.071899445600028 3.85
      vertex -14.965196551871088 17.181826616309593 3.85
    endloop
  endfacet
  facet normal 0 0 -1
    outer loop
      vertex -14.648675320703626 10.738888942659258 3.85
      vertex -14.965196551871088 17.181826616309593 3.85
      vertex -14.648675320703626 17.26111105734074 3.85
    endloop
  endfacet
  facet normal 0 0 -1
    outer loop
      vertex -14.325906991595788 10.691010783814946 3.85
      vertex -14.648675320703626 17.26111105734074 3.85
      vertex -14.325906991595788 17.308989216185054 3.85
    endloop
  endfacet
  facet normal 0 0 -1
    outer loop
      vertex -14 10.675 3.85
      vertex -14.325906991595788 17.308989216185054 3.85
      vertex -14 17.325 3.85
    endloop
  endfacet
  facet normal 0 0 -1
    outer loop
      vertex -13.674093008404212 10.691010783814946 3.85
      vertex -14 17.325 3.85
      vertex -13.674093008404212 17.308989216185054 3.85
    endloop
  endfacet
  facet normal 0 0 -1
    outer loop
      vertex -13.351324679296374 10.738888942659258 3.85
      vertex -13.674093008404212 17.308989216185054 3.85
      vertex -13.351324679296374 17.26111105734074 3.85
    endloop
  endfacet
  facet normal 0 0 -1
    outer loop
      vertex -13.034803448128912 10.818173383690405 3.85
      vertex -13.351324679296374 17.26111105734074 3.85
      vertex -13.034803448128912 17.181826616309593 3.85
    endloop
  endfacet
  facet normal 0 0 -1
    outer loop
      vertex -13.034803448128912 17.181826616309593 3.85
      vertex -12.727577587386076 17.071899445600028 3.85
      vertex -12.727577587386076 10.928100554399972 3.85
    endloop
  endfacet
  facet normal 0 0 -1
    outer loop
      vertex -12.727577587386076 10.928100554399972 3.85
      vertex -12.727577587386076 17.071899445600028 3.85
      vertex -12.432605850053557 11.067611796041719 3.85
    endloop
  endfacet
  facet normal 0 0 -1
    outer loop
      vertex -12.432605850053557 11.067611796041719 3.85
      vertex -12.432605850053557 16.93238820395828 3.85
      vertex -12.152728975209822 11.235363539094037 3.85
    endloop
  endfacet
  facet normal 0 0 -1
    outer loop
      vertex -12.152728975209822 11.235363539094037 3.85
      vertex -12.152728975209822 16.76463646090596 3.85
      vertex -11.89064233015588 11.429740242568899 3.85
    endloop
  endfacet
  facet normal 0 0 -1
    outer loop
      vertex -11.89064233015588 11.429740242568899 3.85
      vertex -11.89064233015588 16.5702597574311 3.85
      vertex -11.64886995255473 11.64886995255473 3.85
    endloop
  endfacet
  facet normal 0 0 -1
    outer loop
      vertex -11.64886995255473 11.64886995255473 3.85
      vertex -11.64886995255473 16.35113004744527 3.85
      vertex -11.429740242568899 11.89064233015588 3.85
    endloop
  endfacet
  facet normal 0 0 -1
    outer loop
      vertex -11.429740242568899 11.89064233015588 3.85
      vertex -11.429740242568899 16.109357669844123 3.85
      vertex -11.235363539094037 12.152728975209822 3.85
    endloop
  endfacet
  facet normal 0 0 -1
    outer loop
      vertex -11.235363539094037 12.152728975209822 3.85
      vertex -11.235363539094037 15.847271024790178 3.85
      vertex -11.067611796041719 12.432605850053557 3.85
    endloop
  endfacet
  facet normal 0 0 -1
    outer loop
      vertex -11.067611796041719 12.432605850053557 3.85
      vertex -11.067611796041719 15.567394149946443 3.85
      vertex -10.928100554399972 12.727577587386076 3.85
    endloop
  endfacet
  facet normal 0 0 -1
    outer loop
      vertex -10.928100554399972 12.727577587386076 3.85
      vertex -10.928100554399972 15.272422412613924 3.85
      vertex -10.818173383690405 13.034803448128912 3.85
    endloop
  endfacet
  facet normal 0 0 -1
    outer loop
      vertex -12.432605850053557 11.067611796041719 3.85
      vertex -12.727577587386076 17.071899445600028 3.85
      vertex -12.432605850053557 16.93238820395828 3.85
    endloop
  endfacet
  facet normal 0 0 -1
    outer loop
      vertex -12.152728975209822 11.235363539094037 3.85
      vertex -12.432605850053557 16.93238820395828 3.85
      vertex -12.152728975209822 16.76463646090596 3.85
    endloop
  endfacet
  facet normal 0 0 -1
    outer loop
      vertex -11.89064233015588 11.429740242568899 3.85
      vertex -12.152728975209822 16.76463646090596 3.85
      vertex -11.89064233015588 16.5702597574311 3.85
    endloop
  endfacet
  facet normal 0 0 -1
    outer loop
      vertex -11.64886995255473 11.64886995255473 3.85
      vertex -11.89064233015588 16.5702597574311 3.85
      vertex -11.64886995255473 16.35113004744527 3.85
    endloop
  endfacet
  facet normal 0 0 -1
    outer loop
      vertex -11.429740242568899 11.89064233015588 3.85
      vertex -11.64886995255473 16.35113004744527 3.85
      vertex -11.429740242568899 16.109357669844123 3.85
    endloop
  endfacet
  facet normal 0 0 -1
    outer loop
      vertex -11.235363539094037 12.152728975209822 3.85
      vertex -11.429740242568899 16.109357669844123 3.85
      vertex -11.235363539094037 15.847271024790178 3.85
    endloop
  endfacet
  facet normal 0 0 -1
    outer loop
      vertex -10.928100554399972 12.727577587386076 3.85
      vertex -11.067611796041719 15.567394149946443 3.85
      vertex -10.928100554399972 15.272422412613924 3.85
    endloop
  endfacet
  facet normal 0 0 -1
    outer loop
      vertex -10.818173383690405 13.034803448128912 3.85
      vertex -10.818173383690405 14.965196551871088 3.85
      vertex -10.738888942659258 13.351324679296374 3.85
    endloop
  endfacet
  facet normal 0 0 -1
    outer loop
      vertex -10.738888942659258 13.351324679296374 3.85
      vertex -10.738888942659258 14.648675320703626 3.85
      vertex -10.691010783814946 13.674093008404212 3.85
    endloop
  endfacet
  facet normal 0 0 -1
    outer loop
      vertex -10.691010783814946 13.674093008404212 3.85
      vertex -10.691010783814946 14.325906991595788 3.85
      vertex -10.675 14 3.85
    endloop
  endfacet
  facet normal 0 0 -1
    outer loop
      vertex -10.738888942659258 13.351324679296374 3.85
      vertex -10.818173383690405 14.965196551871088 3.85
      vertex -10.738888942659258 14.648675320703626 3.85
    endloop
  endfacet
  facet normal 0 0 -1
    outer loop
      vertex -10.928100554399972 15.272422412613924 3.85
      vertex -10.818173383690405 14.965196551871088 3.85
      vertex -10.818173383690405 13.034803448128912 3.85
    endloop
  endfacet
  facet normal 0 0 -1
    outer loop
      vertex -10.691010783814946 13.674093008404212 3.85
      vertex -10.738888942659258 14.648675320703626 3.85
      vertex -10.691010783814946 14.325906991595788 3.85
    endloop
  endfacet
  facet normal 0 0 -1
    outer loop
      vertex -11.067611796041719 12.432605850053557 3.85
      vertex -11.235363539094037 15.847271024790178 3.85
      vertex -11.067611796041719 15.567394149946443 3.85
    endloop
  endfacet
  facet normal 0.5956993044924348 0.8032075314806436 0
    outer loop
      vertex 11.89064233015588 -16.5702597574311 3.85
      vertex 12.152728975209822 -16.76463646090596 0
      vertex 11.89064233015588 -16.5702597574311 0
    endloop
  endfacet
  facet normal 0.5141027441932217 0.857728610000272 0
    outer loop
      vertex 12.152728975209822 -16.76463646090596 3.85
      vertex 12.432605850053557 -16.93238820395828 0
      vertex 12.152728975209822 -16.76463646090596 0
    endloop
  endfacet
  facet normal 0.4275550934302843 0.9039892931234422 0
    outer loop
      vertex 12.432605850053557 -16.93238820395828 3.85
      vertex 12.727577587386076 -17.071899445600028 0
      vertex 12.432605850053557 -16.93238820395828 0
    endloop
  endfacet
  facet normal 0.9415440651830204 0.33688985339222116 0
    outer loop
      vertex 10.818173383690405 -14.965196551871088 3.85
      vertex 10.928100554399972 -15.272422412613924 0
      vertex 10.818173383690405 -14.965196551871088 0
    endloop
  endfacet
  facet normal 0.9039892931234443 0.4275550934302799 0
    outer loop
      vertex 10.928100554399972 -15.272422412613924 3.85
      vertex 11.067611796041719 -15.567394149946443 0
      vertex 10.928100554399972 -15.272422412613924 0
    endloop
  endfacet
  facet normal 0.857728610000272 0.5141027441932217 0
    outer loop
      vertex 11.067611796041719 -15.567394149946443 3.85
      vertex 11.235363539094037 -15.847271024790178 0
      vertex 11.067611796041719 -15.567394149946443 0
    endloop
  endfacet
  facet normal 0.8032075314806457 0.5956993044924322 0
    outer loop
      vertex 11.235363539094037 -15.847271024790178 3.85
      vertex 11.429740242568899 -16.109357669844123 0
      vertex 11.235363539094037 -15.847271024790178 0
    endloop
  endfacet
  facet normal 0.7409511253549558 0.671558954847022 0
    outer loop
      vertex 11.429740242568899 -16.109357669844123 3.85
      vertex 11.64886995255473 -16.35113004744527 0
      vertex 11.429740242568899 -16.109357669844123 0
    endloop
  endfacet
  facet normal 0.970031253194544 0.24298017990326404 0
    outer loop
      vertex 10.738888942659258 -14.648675320703626 3.85
      vertex 10.818173383690405 -14.965196551871088 0
      vertex 10.738888942659258 -14.648675320703626 0
    endloop
  endfacet
  facet normal 0.9891765099647813 0.14673047445535944 0
    outer loop
      vertex 10.691010783814946 -14.325906991595788 3.85
      vertex 10.738888942659258 -14.648675320703626 0
      vertex 10.691010783814946 -14.325906991595788 0
    endloop
  endfacet
  facet normal 0.9987954562051724 0.04906767432741711 0
    outer loop
      vertex 10.675 -14 3.85
      vertex 10.691010783814946 -14.325906991595788 0
      vertex 10.675 -14 0
    endloop
  endfacet
  facet normal 0.9987954562051724 -0.04906767432741711 0
    outer loop
      vertex 10.691010783814946 -13.674093008404212 3.85
      vertex 10.675 -14 0
      vertex 10.691010783814946 -13.674093008404212 0
    endloop
  endfacet
  facet normal 0.9891765099647813 -0.14673047445535944 0
    outer loop
      vertex 10.738888942659258 -13.351324679296374 3.85
      vertex 10.691010783814946 -13.674093008404212 0
      vertex 10.738888942659258 -13.351324679296374 0
    endloop
  endfacet
  facet normal 0.6715589548470163 0.740951125354961 0
    outer loop
      vertex 11.64886995255473 -16.35113004744527 3.85
      vertex 11.89064233015588 -16.5702597574311 0
      vertex 11.64886995255473 -16.35113004744527 0
    endloop
  endfacet
  facet normal 0.970031253194544 -0.24298017990326404 0
    outer loop
      vertex 10.818173383690405 -13.034803448128912 3.85
      vertex 10.738888942659258 -13.351324679296374 0
      vertex 10.818173383690405 -13.034803448128912 0
    endloop
  endfacet
  facet normal 0.9415440651830204 -0.33688985339222116 0
    outer loop
      vertex 10.928100554399972 -12.727577587386076 3.85
      vertex 10.818173383690405 -13.034803448128912 0
      vertex 10.928100554399972 -12.727577587386076 0
    endloop
  endfacet
  facet normal 0.9039892931234443 -0.4275550934302799 0
    outer loop
      vertex 11.067611796041719 -12.432605850053557 3.85
      vertex 10.928100554399972 -12.727577587386076 0
      vertex 11.067611796041719 -12.432605850053557 0
    endloop
  endfacet
  facet normal 0.857728610000272 -0.5141027441932217 0
    outer loop
      vertex 11.235363539094037 -12.152728975209822 3.85
      vertex 11.067611796041719 -12.432605850053557 0
      vertex 11.235363539094037 -12.152728975209822 0
    endloop
  endfacet
  facet normal 0.8032075314806436 -0.5956993044924348 0
    outer loop
      vertex 11.429740242568899 -11.89064233015588 3.85
      vertex 11.235363539094037 -12.152728975209822 0
      vertex 11.429740242568899 -11.89064233015588 0
    endloop
  endfacet
  facet normal 0.7409511253549582 -0.6715589548470193 0
    outer loop
      vertex 11.64886995255473 -11.64886995255473 3.85
      vertex 11.429740242568899 -11.89064233015588 0
      vertex 11.64886995255473 -11.64886995255473 0
    endloop
  endfacet
  facet normal 0.6715589548470193 -0.7409511253549582 0
    outer loop
      vertex 11.89064233015588 -11.429740242568899 3.85
      vertex 11.64886995255473 -11.64886995255473 0
      vertex 11.89064233015588 -11.429740242568899 0
    endloop
  endfacet
  facet normal 0.5956993044924348 -0.8032075314806436 0
    outer loop
      vertex 12.152728975209822 -11.235363539094037 3.85
      vertex 11.89064233015588 -11.429740242568899 0
      vertex 12.152728975209822 -11.235363539094037 0
    endloop
  endfacet
  facet normal 0.5141027441932217 -0.857728610000272 0
    outer loop
      vertex 12.432605850053557 -11.067611796041719 3.85
      vertex 12.152728975209822 -11.235363539094037 0
      vertex 12.432605850053557 -11.067611796041719 0
    endloop
  endfacet
  facet normal 0.4275550934302799 -0.9039892931234443 0
    outer loop
      vertex 12.727577587386076 -10.928100554399972 3.85
      vertex 12.432605850053557 -11.067611796041719 0
      vertex 12.727577587386076 -10.928100554399972 0
    endloop
  endfacet
  facet normal 0.33688985339221633 0.9415440651830222 0
    outer loop
      vertex 12.727577587386076 -17.071899445600028 3.85
      vertex 13.034803448128912 -17.181826616309593 0
      vertex 12.727577587386076 -17.071899445600028 0
    endloop
  endfacet
  facet normal 0.24298017990326912 0.9700312531945425 0
    outer loop
      vertex 13.034803448128912 -17.181826616309593 3.85
      vertex 13.351324679296374 -17.26111105734074 0
      vertex 13.034803448128912 -17.181826616309593 0
    endloop
  endfacet
  facet normal 0.14673047445535944 0.9891765099647813 0
    outer loop
      vertex 13.351324679296374 -17.26111105734074 3.85
      vertex 13.674093008404212 -17.308989216185054 0
      vertex 13.351324679296374 -17.26111105734074 0
    endloop
  endfacet
  facet normal 0.04906767432741711 0.9987954562051724 0
    outer loop
      vertex 13.674093008404212 -17.308989216185054 3.85
      vertex 14 -17.325 0
      vertex 13.674093008404212 -17.308989216185054 0
    endloop
  endfacet
  facet normal -0.04906767432741711 0.9987954562051724 0
    outer loop
      vertex 14 -17.325 3.85
      vertex 14.325906991595788 -17.308989216185054 0
      vertex 14 -17.325 0
    endloop
  endfacet
  facet normal -0.14673047445535944 0.9891765099647813 0
    outer loop
      vertex 14.325906991595788 -17.308989216185054 3.85
      vertex 14.648675320703626 -17.26111105734074 0
      vertex 14.325906991595788 -17.308989216185054 0
    endloop
  endfacet
  facet normal -0.24298017990326912 0.9700312531945425 0
    outer loop
      vertex 14.648675320703626 -17.26111105734074 3.85
      vertex 14.965196551871088 -17.181826616309593 0
      vertex 14.648675320703626 -17.26111105734074 0
    endloop
  endfacet
  facet normal -0.33688985339221633 0.9415440651830222 0
    outer loop
      vertex 14.965196551871088 -17.181826616309593 3.85
      vertex 15.272422412613924 -17.071899445600028 0
      vertex 14.965196551871088 -17.181826616309593 0
    endloop
  endfacet
  facet normal -0.4275550934302843 0.9039892931234422 0
    outer loop
      vertex 15.272422412613924 -17.071899445600028 3.85
      vertex 15.567394149946443 -16.93238820395828 0
      vertex 15.272422412613924 -17.071899445600028 0
    endloop
  endfacet
  facet normal -0.5141027441932217 0.857728610000272 0
    outer loop
      vertex 15.567394149946443 -16.93238820395828 3.85
      vertex 15.847271024790178 -16.76463646090596 0
      vertex 15.567394149946443 -16.93238820395828 0
    endloop
  endfacet
  facet normal -0.5956993044924322 0.8032075314806457 0
    outer loop
      vertex 15.847271024790178 -16.76463646090596 3.85
      vertex 16.109357669844123 -16.5702597574311 0
      vertex 15.847271024790178 -16.76463646090596 0
    endloop
  endfacet
  facet normal -0.671558954847019 0.7409511253549586 0
    outer loop
      vertex 16.109357669844123 -16.5702597574311 3.85
      vertex 16.35113004744527 -16.35113004744527 0
      vertex 16.109357669844123 -16.5702597574311 0
    endloop
  endfacet
  facet normal -0.7409511253549586 0.671558954847019 0
    outer loop
      vertex 16.35113004744527 -16.35113004744527 3.85
      vertex 16.5702597574311 -16.109357669844123 0
      vertex 16.35113004744527 -16.35113004744527 0
    endloop
  endfacet
  facet normal -0.8032075314806457 0.5956993044924322 0
    outer loop
      vertex 16.5702597574311 -16.109357669844123 3.85
      vertex 16.76463646090596 -15.847271024790178 0
      vertex 16.5702597574311 -16.109357669844123 0
    endloop
  endfacet
  facet normal -0.857728610000272 0.5141027441932217 0
    outer loop
      vertex 16.76463646090596 -15.847271024790178 3.85
      vertex 16.93238820395828 -15.567394149946443 0
      vertex 16.76463646090596 -15.847271024790178 0
    endloop
  endfacet
  facet normal -0.9039892931234422 0.4275550934302843 0
    outer loop
      vertex 16.93238820395828 -15.567394149946443 3.85
      vertex 17.071899445600028 -15.272422412613924 0
      vertex 16.93238820395828 -15.567394149946443 0
    endloop
  endfacet
  facet normal 0.33688985339222116 -0.9415440651830204 0
    outer loop
      vertex 13.034803448128912 -10.818173383690405 3.85
      vertex 12.727577587386076 -10.928100554399972 0
      vertex 13.034803448128912 -10.818173383690405 0
    endloop
  endfacet
  facet normal 0.24298017990326404 -0.970031253194544 0
    outer loop
      vertex 13.351324679296374 -10.738888942659258 3.85
      vertex 13.034803448128912 -10.818173383690405 0
      vertex 13.351324679296374 -10.738888942659258 0
    endloop
  endfacet
  facet normal 0.14673047445535944 -0.9891765099647813 0
    outer loop
      vertex 13.674093008404212 -10.691010783814946 3.85
      vertex 13.351324679296374 -10.738888942659258 0
      vertex 13.674093008404212 -10.691010783814946 0
    endloop
  endfacet
  facet normal 0.04906767432741711 -0.9987954562051724 0
    outer loop
      vertex 14 -10.675 3.85
      vertex 13.674093008404212 -10.691010783814946 0
      vertex 14 -10.675 0
    endloop
  endfacet
  facet normal -0.04906767432741711 -0.9987954562051724 0
    outer loop
      vertex 14.325906991595788 -10.691010783814946 3.85
      vertex 14 -10.675 0
      vertex 14.325906991595788 -10.691010783814946 0
    endloop
  endfacet
  facet normal -0.14673047445535944 -0.9891765099647813 0
    outer loop
      vertex 14.648675320703626 -10.738888942659258 3.85
      vertex 14.325906991595788 -10.691010783814946 0
      vertex 14.648675320703626 -10.738888942659258 0
    endloop
  endfacet
  facet normal -0.24298017990326404 -0.970031253194544 0
    outer loop
      vertex 14.965196551871088 -10.818173383690405 3.85
      vertex 14.648675320703626 -10.738888942659258 0
      vertex 14.965196551871088 -10.818173383690405 0
    endloop
  endfacet
  facet normal -0.33688985339222116 -0.9415440651830204 0
    outer loop
      vertex 15.272422412613924 -10.928100554399972 3.85
      vertex 14.965196551871088 -10.818173383690405 0
      vertex 15.272422412613924 -10.928100554399972 0
    endloop
  endfacet
  facet normal -0.4275550934302799 -0.9039892931234443 0
    outer loop
      vertex 15.567394149946443 -11.067611796041719 3.85
      vertex 15.272422412613924 -10.928100554399972 0
      vertex 15.567394149946443 -11.067611796041719 0
    endloop
  endfacet
  facet normal -0.5141027441932217 -0.857728610000272 0
    outer loop
      vertex 15.847271024790178 -11.235363539094037 3.85
      vertex 15.567394149946443 -11.067611796041719 0
      vertex 15.847271024790178 -11.235363539094037 0
    endloop
  endfacet
  facet normal -0.671558954847022 -0.7409511253549558 0
    outer loop
      vertex 16.35113004744527 -11.64886995255473 3.85
      vertex 16.109357669844123 -11.429740242568899 0
      vertex 16.35113004744527 -11.64886995255473 0
    endloop
  endfacet
  facet normal -0.8032075314806436 -0.5956993044924348 0
    outer loop
      vertex 16.76463646090596 -12.152728975209822 3.85
      vertex 16.5702597574311 -11.89064233015588 0
      vertex 16.76463646090596 -12.152728975209822 0
    endloop
  endfacet
  facet normal -0.740951125354961 -0.6715589548470163 0
    outer loop
      vertex 16.5702597574311 -11.89064233015588 3.85
      vertex 16.35113004744527 -11.64886995255473 0
      vertex 16.5702597574311 -11.89064233015588 0
    endloop
  endfacet
  facet normal -0.857728610000272 -0.5141027441932217 0
    outer loop
      vertex 16.93238820395828 -12.432605850053557 3.85
      vertex 16.76463646090596 -12.152728975209822 0
      vertex 16.93238820395828 -12.432605850053557 0
    endloop
  endfacet
  facet normal -0.5956993044924322 -0.8032075314806457 0
    outer loop
      vertex 16.109357669844123 -11.429740242568899 3.85
      vertex 15.847271024790178 -11.235363539094037 0
      vertex 16.109357669844123 -11.429740242568899 0
    endloop
  endfacet
  facet normal 0.5956993044924348 0.8032075314806436 2.6042467047106117e-18
    outer loop
      vertex 11.89064233015588 -16.5702597574311 3.85
      vertex 12.152728975209822 -16.76463646090596 3.85
      vertex 12.152728975209822 -16.76463646090596 0
    endloop
  endfacet
  facet normal 0.5141027441932217 0.857728610000272 -1.034010815888849e-18
    outer loop
      vertex 12.152728975209822 -16.76463646090596 3.85
      vertex 12.432605850053557 -16.93238820395828 3.85
      vertex 12.432605850053557 -16.93238820395828 0
    endloop
  endfacet
  facet normal 0.4275550934302843 0.9039892931234422 -2.1234130134711466e-18
    outer loop
      vertex 12.432605850053557 -16.93238820395828 3.85
      vertex 12.727577587386076 -17.071899445600028 3.85
      vertex 12.727577587386076 -17.071899445600028 0
    endloop
  endfacet
  facet normal 0.9039892931234443 0.4275550934302799 0
    outer loop
      vertex 11.067611796041719 -15.567394149946443 3.85
      vertex 11.067611796041719 -15.567394149946443 0
      vertex 10.928100554399972 -15.272422412613924 3.85
    endloop
  endfacet
  facet normal 0.9415440651830204 0.33688985339222116 1.2259268234348487e-18
    outer loop
      vertex 10.818173383690405 -14.965196551871088 3.85
      vertex 10.928100554399972 -15.272422412613924 3.85
      vertex 10.928100554399972 -15.272422412613924 0
    endloop
  endfacet
  facet normal 0.8032075314806457 0.5956993044924322 -1.5960030788881024e-18
    outer loop
      vertex 11.235363539094037 -15.847271024790178 3.85
      vertex 11.429740242568899 -16.109357669844123 3.85
      vertex 11.429740242568899 -16.109357669844123 0
    endloop
  endfacet
  facet normal 0.7409511253549558 0.671558954847022 0
    outer loop
      vertex 11.64886995255473 -16.35113004744527 3.85
      vertex 11.64886995255473 -16.35113004744527 0
      vertex 11.429740242568899 -16.109357669844123 3.85
    endloop
  endfacet
  facet normal 0.857728610000272 0.5141027441932217 -1.034010815888849e-18
    outer loop
      vertex 11.067611796041719 -15.567394149946443 3.85
      vertex 11.235363539094037 -15.847271024790178 3.85
      vertex 11.235363539094037 -15.847271024790178 0
    endloop
  endfacet
  facet normal 0.9891765099647813 0.14673047445535944 0
    outer loop
      vertex 10.738888942659258 -14.648675320703626 3.85
      vertex 10.738888942659258 -14.648675320703626 0
      vertex 10.691010783814946 -14.325906991595788 3.85
    endloop
  endfacet
  facet normal 0.970031253194544 0.24298017990326404 0
    outer loop
      vertex 10.818173383690405 -14.965196551871088 3.85
      vertex 10.818173383690405 -14.965196551871088 0
      vertex 10.738888942659258 -14.648675320703626 3.85
    endloop
  endfacet
  facet normal 0.9987954562051724 0.04906767432741711 0
    outer loop
      vertex 10.691010783814946 -14.325906991595788 3.85
      vertex 10.691010783814946 -14.325906991595788 0
      vertex 10.675 -14 3.85
    endloop
  endfacet
  facet normal 0.9987954562051724 -0.04906767432741711 0
    outer loop
      vertex 10.675 -14 3.85
      vertex 10.675 -14 0
      vertex 10.691010783814946 -13.674093008404212 3.85
    endloop
  endfacet
  facet normal 0.9891765099647813 -0.14673047445535944 0
    outer loop
      vertex 10.691010783814946 -13.674093008404212 3.85
      vertex 10.691010783814946 -13.674093008404212 0
      vertex 10.738888942659258 -13.351324679296374 3.85
    endloop
  endfacet
  facet normal 0.6715589548470163 0.740951125354961 0
    outer loop
      vertex 11.89064233015588 -16.5702597574311 3.85
      vertex 11.89064233015588 -16.5702597574311 0
      vertex 11.64886995255473 -16.35113004744527 3.85
    endloop
  endfacet
  facet normal 0.970031253194544 -0.24298017990326404 0
    outer loop
      vertex 10.738888942659258 -13.351324679296374 3.85
      vertex 10.738888942659258 -13.351324679296374 0
      vertex 10.818173383690405 -13.034803448128912 3.85
    endloop
  endfacet
  facet normal 0.9415440651830204 -0.33688985339222116 0
    outer loop
      vertex 10.818173383690405 -13.034803448128912 3.85
      vertex 10.818173383690405 -13.034803448128912 0
      vertex 10.928100554399972 -12.727577587386076 3.85
    endloop
  endfacet
  facet normal 0.9039892931234443 -0.4275550934302799 0
    outer loop
      vertex 10.928100554399972 -12.727577587386076 3.85
      vertex 10.928100554399972 -12.727577587386076 0
      vertex 11.067611796041719 -12.432605850053557 3.85
    endloop
  endfacet
  facet normal 0.857728610000272 -0.5141027441932217 0
    outer loop
      vertex 11.067611796041719 -12.432605850053557 3.85
      vertex 11.067611796041719 -12.432605850053557 0
      vertex 11.235363539094037 -12.152728975209822 3.85
    endloop
  endfacet
  facet normal 0.8032075314806436 -0.5956993044924348 0
    outer loop
      vertex 11.235363539094037 -12.152728975209822 3.85
      vertex 11.235363539094037 -12.152728975209822 0
      vertex 11.429740242568899 -11.89064233015588 3.85
    endloop
  endfacet
  facet normal 0.7409511253549582 -0.6715589548470193 0
    outer loop
      vertex 11.429740242568899 -11.89064233015588 3.85
      vertex 11.429740242568899 -11.89064233015588 0
      vertex 11.64886995255473 -11.64886995255473 3.85
    endloop
  endfacet
  facet normal 0.6715589548470193 -0.7409511253549582 0
    outer loop
      vertex 11.64886995255473 -11.64886995255473 3.85
      vertex 11.64886995255473 -11.64886995255473 0
      vertex 11.89064233015588 -11.429740242568899 3.85
    endloop
  endfacet
  facet normal 0.5956993044924348 -0.8032075314806436 0
    outer loop
      vertex 11.89064233015588 -11.429740242568899 3.85
      vertex 11.89064233015588 -11.429740242568899 0
      vertex 12.152728975209822 -11.235363539094037 3.85
    endloop
  endfacet
  facet normal 0.5141027441932217 -0.857728610000272 0
    outer loop
      vertex 12.152728975209822 -11.235363539094037 3.85
      vertex 12.152728975209822 -11.235363539094037 0
      vertex 12.432605850053557 -11.067611796041719 3.85
    endloop
  endfacet
  facet normal 0.4275550934302799 -0.9039892931234443 0
    outer loop
      vertex 12.432605850053557 -11.067611796041719 3.85
      vertex 12.432605850053557 -11.067611796041719 0
      vertex 12.727577587386076 -10.928100554399972 3.85
    endloop
  endfacet
  facet normal 0.33688985339221633 0.9415440651830222 -7.0828174270208095e-19
    outer loop
      vertex 12.727577587386076 -17.071899445600028 3.85
      vertex 13.034803448128912 -17.181826616309593 3.85
      vertex 13.034803448128912 -17.181826616309593 0
    endloop
  endfacet
  facet normal 0.24298017990326912 0.9700312531945425 -1.2616955495279564e-18
    outer loop
      vertex 13.034803448128912 -17.181826616309593 3.85
      vertex 13.351324679296374 -17.26111105734074 3.85
      vertex 13.351324679296374 -17.26111105734074 0
    endloop
  endfacet
  facet normal 0.14673047445535944 0.9891765099647813 -2.742349541900561e-19
    outer loop
      vertex 13.351324679296374 -17.26111105734074 3.85
      vertex 13.674093008404212 -17.308989216185054 3.85
      vertex 13.674093008404212 -17.308989216185054 0
    endloop
  endfacet
  facet normal 0.04906767432741711 0.9987954562051724 -1.6918777469480713e-19
    outer loop
      vertex 13.674093008404212 -17.308989216185054 3.85
      vertex 14 -17.325 3.85
      vertex 14 -17.325 0
    endloop
  endfacet
  facet normal -0.04906767432741711 0.9987954562051724 1.6918777469480713e-19
    outer loop
      vertex 14 -17.325 3.85
      vertex 14.325906991595788 -17.308989216185054 3.85
      vertex 14.325906991595788 -17.308989216185054 0
    endloop
  endfacet
  facet normal -0.14673047445535944 0.9891765099647813 2.742349541900561e-19
    outer loop
      vertex 14.325906991595788 -17.308989216185054 3.85
      vertex 14.648675320703626 -17.26111105734074 3.85
      vertex 14.648675320703626 -17.26111105734074 0
    endloop
  endfacet
  facet normal -0.24298017990326912 0.9700312531945425 1.2616955495279564e-18
    outer loop
      vertex 14.648675320703626 -17.26111105734074 3.85
      vertex 14.965196551871088 -17.181826616309593 3.85
      vertex 14.965196551871088 -17.181826616309593 0
    endloop
  endfacet
  facet normal -0.33688985339221633 0.9415440651830222 7.0828174270208095e-19
    outer loop
      vertex 14.965196551871088 -17.181826616309593 3.85
      vertex 15.272422412613924 -17.071899445600028 3.85
      vertex 15.272422412613924 -17.071899445600028 0
    endloop
  endfacet
  facet normal -0.4275550934302843 0.9039892931234422 2.1234130134711466e-18
    outer loop
      vertex 15.272422412613924 -17.071899445600028 3.85
      vertex 15.567394149946443 -16.93238820395828 3.85
      vertex 15.567394149946443 -16.93238820395828 0
    endloop
  endfacet
  facet normal -0.5141027441932217 0.857728610000272 1.034010815888849e-18
    outer loop
      vertex 15.567394149946443 -16.93238820395828 3.85
      vertex 15.847271024790178 -16.76463646090596 3.85
      vertex 15.847271024790178 -16.76463646090596 0
    endloop
  endfacet
  facet normal -0.5956993044924322 0.8032075314806457 1.5960030788881024e-18
    outer loop
      vertex 15.847271024790178 -16.76463646090596 3.85
      vertex 16.109357669844123 -16.5702597574311 3.85
      vertex 16.109357669844123 -16.5702597574311 0
    endloop
  endfacet
  facet normal -0.671558954847019 0.7409511253549586 -1.0654316928143184e-18
    outer loop
      vertex 16.109357669844123 -16.5702597574311 3.85
      vertex 16.35113004744527 -16.35113004744527 3.85
      vertex 16.35113004744527 -16.35113004744527 0
    endloop
  endfacet
  facet normal -0.7409511253549586 0.671558954847019 -1.0654316928143184e-18
    outer loop
      vertex 16.35113004744527 -16.35113004744527 3.85
      vertex 16.5702597574311 -16.109357669844123 3.85
      vertex 16.5702597574311 -16.109357669844123 0
    endloop
  endfacet
  facet normal -0.8032075314806457 0.5956993044924322 1.5960030788881024e-18
    outer loop
      vertex 16.5702597574311 -16.109357669844123 3.85
      vertex 16.76463646090596 -15.847271024790178 3.85
      vertex 16.76463646090596 -15.847271024790178 0
    endloop
  endfacet
  facet normal -0.857728610000272 0.5141027441932217 1.034010815888849e-18
    outer loop
      vertex 16.76463646090596 -15.847271024790178 3.85
      vertex 16.93238820395828 -15.567394149946443 3.85
      vertex 16.93238820395828 -15.567394149946443 0
    endloop
  endfacet
  facet normal 0.33688985339222116 -0.9415440651830204 0
    outer loop
      vertex 12.727577587386076 -10.928100554399972 3.85
      vertex 12.727577587386076 -10.928100554399972 0
      vertex 13.034803448128912 -10.818173383690405 3.85
    endloop
  endfacet
  facet normal 0.24298017990326404 -0.970031253194544 0
    outer loop
      vertex 13.034803448128912 -10.818173383690405 3.85
      vertex 13.034803448128912 -10.818173383690405 0
      vertex 13.351324679296374 -10.738888942659258 3.85
    endloop
  endfacet
  facet normal 0.14673047445535944 -0.9891765099647813 0
    outer loop
      vertex 13.351324679296374 -10.738888942659258 3.85
      vertex 13.351324679296374 -10.738888942659258 0
      vertex 13.674093008404212 -10.691010783814946 3.85
    endloop
  endfacet
  facet normal 0.04906767432741711 -0.9987954562051724 0
    outer loop
      vertex 13.674093008404212 -10.691010783814946 3.85
      vertex 13.674093008404212 -10.691010783814946 0
      vertex 14 -10.675 3.85
    endloop
  endfacet
  facet normal -0.04906767432741711 -0.9987954562051724 0
    outer loop
      vertex 14 -10.675 3.85
      vertex 14 -10.675 0
      vertex 14.325906991595788 -10.691010783814946 3.85
    endloop
  endfacet
  facet normal -0.24298017990326404 -0.970031253194544 0
    outer loop
      vertex 14.648675320703626 -10.738888942659258 3.85
      vertex 14.648675320703626 -10.738888942659258 0
      vertex 14.965196551871088 -10.818173383690405 3.85
    endloop
  endfacet
  facet normal -0.14673047445535944 -0.9891765099647813 0
    outer loop
      vertex 14.325906991595788 -10.691010783814946 3.85
      vertex 14.325906991595788 -10.691010783814946 0
      vertex 14.648675320703626 -10.738888942659258 3.85
    endloop
  endfacet
  facet normal -0.33688985339222116 -0.9415440651830204 0
    outer loop
      vertex 14.965196551871088 -10.818173383690405 3.85
      vertex 14.965196551871088 -10.818173383690405 0
      vertex 15.272422412613924 -10.928100554399972 3.85
    endloop
  endfacet
  facet normal -0.4275550934302799 -0.9039892931234443 0
    outer loop
      vertex 15.272422412613924 -10.928100554399972 3.85
      vertex 15.272422412613924 -10.928100554399972 0
      vertex 15.567394149946443 -11.067611796041719 3.85
    endloop
  endfacet
  facet normal -0.5141027441932217 -0.857728610000272 0
    outer loop
      vertex 15.567394149946443 -11.067611796041719 3.85
      vertex 15.567394149946443 -11.067611796041719 0
      vertex 15.847271024790178 -11.235363539094037 3.85
    endloop
  endfacet
  facet normal -0.5956993044924322 -0.8032075314806457 0
    outer loop
      vertex 15.847271024790178 -11.235363539094037 3.85
      vertex 15.847271024790178 -11.235363539094037 0
      vertex 16.109357669844123 -11.429740242568899 3.85
    endloop
  endfacet
  facet normal -0.740951125354961 -0.6715589548470163 5.285181207604531e-19
    outer loop
      vertex 16.5702597574311 -11.89064233015588 3.85
      vertex 16.35113004744527 -11.64886995255473 3.85
      vertex 16.35113004744527 -11.64886995255473 0
    endloop
  endfacet
  facet normal -0.9039892931234422 -0.4275550934302843 -2.1234130134711466e-18
    outer loop
      vertex 17.071899445600028 -12.727577587386076 3.85
      vertex 16.93238820395828 -12.432605850053557 3.85
      vertex 16.93238820395828 -12.432605850053557 0
    endloop
  endfacet
  facet normal -0.8032075314806436 -0.5956993044924348 0
    outer loop
      vertex 16.5702597574311 -11.89064233015588 3.85
      vertex 16.5702597574311 -11.89064233015588 0
      vertex 16.76463646090596 -12.152728975209822 3.85
    endloop
  endfacet
  facet normal -0.857728610000272 -0.5141027441932217 0
    outer loop
      vertex 16.76463646090596 -12.152728975209822 3.85
      vertex 16.76463646090596 -12.152728975209822 0
      vertex 16.93238820395828 -12.432605850053557 3.85
    endloop
  endfacet
  facet normal -0.671558954847022 -0.7409511253549558 0
    outer loop
      vertex 16.109357669844123 -11.429740242568899 3.85
      vertex 16.109357669844123 -11.429740242568899 0
      vertex 16.35113004744527 -11.64886995255473 3.85
    endloop
  endfacet
  facet normal 0 0 -1
    outer loop
      vertex 10.738888942659258 -14.648675320703626 3.85
      vertex 10.691010783814946 -14.325906991595788 3.85
      vertex 10.691010783814946 -13.674093008404212 3.85
    endloop
  endfacet
  facet normal 0 0 -1
    outer loop
      vertex 10.818173383690405 -14.965196551871088 3.85
      vertex 10.738888942659258 -14.648675320703626 3.85
      vertex 10.738888942659258 -13.351324679296374 3.85
    endloop
  endfacet
  facet normal 0 0 -1
    outer loop
      vertex 10.818173383690405 -14.965196551871088 3.85
      vertex 10.818173383690405 -13.034803448128912 3.85
      vertex 10.928100554399972 -15.272422412613924 3.85
    endloop
  endfacet
  facet normal 0 0 -1
    outer loop
      vertex 11.067611796041719 -15.567394149946443 3.85
      vertex 10.928100554399972 -15.272422412613924 3.85
      vertex 10.928100554399972 -12.727577587386076 3.85
    endloop
  endfacet
  facet normal 0 0 -1
    outer loop
      vertex 11.067611796041719 -15.567394149946443 3.85
      vertex 11.067611796041719 -12.432605850053557 3.85
      vertex 11.235363539094037 -15.847271024790178 3.85
    endloop
  endfacet
  facet normal 0 0 -1
    outer loop
      vertex 10.691010783814946 -14.325906991595788 3.85
      vertex 10.675 -14 3.85
      vertex 10.691010783814946 -13.674093008404212 3.85
    endloop
  endfacet
  facet normal 0 0 -1
    outer loop
      vertex 10.738888942659258 -14.648675320703626 3.85
      vertex 10.691010783814946 -13.674093008404212 3.85
      vertex 10.738888942659258 -13.351324679296374 3.85
    endloop
  endfacet
  facet normal 0 0 -1
    outer loop
      vertex 10.818173383690405 -14.965196551871088 3.85
      vertex 10.738888942659258 -13.351324679296374 3.85
      vertex 10.818173383690405 -13.034803448128912 3.85
    endloop
  endfacet
  facet normal 0 0 -1
    outer loop
      vertex 10.818173383690405 -13.034803448128912 3.85
      vertex 10.928100554399972 -12.727577587386076 3.85
      vertex 10.928100554399972 -15.272422412613924 3.85
    endloop
  endfacet
  facet normal 0 0 -1
    outer loop
      vertex 11.067611796041719 -15.567394149946443 3.85
      vertex 10.928100554399972 -12.727577587386076 3.85
      vertex 11.067611796041719 -12.432605850053557 3.85
    endloop
  endfacet
  facet normal 0 0 -1
    outer loop
      vertex 11.235363539094037 -15.847271024790178 3.85
      vertex 11.235363539094037 -12.152728975209822 3.85
      vertex 11.429740242568899 -16.109357669844123 3.85
    endloop
  endfacet
  facet normal 0 0 -1
    outer loop
      vertex 11.64886995255473 -16.35113004744527 3.85
      vertex 11.429740242568899 -16.109357669844123 3.85
      vertex 11.429740242568899 -11.89064233015588 3.85
    endloop
  endfacet
  facet normal 0 0 -1
    outer loop
      vertex 11.235363539094037 -15.847271024790178 3.85
      vertex 11.067611796041719 -12.432605850053557 3.85
      vertex 11.235363539094037 -12.152728975209822 3.85
    endloop
  endfacet
  facet normal 0 0 -1
    outer loop
      vertex 11.429740242568899 -16.109357669844123 3.85
      vertex 11.235363539094037 -12.152728975209822 3.85
      vertex 11.429740242568899 -11.89064233015588 3.85
    endloop
  endfacet
  facet normal 0 0 -1
    outer loop
      vertex 11.64886995255473 -16.35113004744527 3.85
      vertex 11.429740242568899 -11.89064233015588 3.85
      vertex 11.64886995255473 -11.64886995255473 3.85
    endloop
  endfacet
  facet normal 0 0 -1
    outer loop
      vertex 12.152728975209822 -16.76463646090596 3.85
      vertex 12.152728975209822 -11.235363539094037 3.85
      vertex 12.432605850053557 -16.93238820395828 3.85
    endloop
  endfacet
  facet normal 0 0 -1
    outer loop
      vertex 12.432605850053557 -16.93238820395828 3.85
      vertex 12.432605850053557 -11.067611796041719 3.85
      vertex 12.727577587386076 -17.071899445600028 3.85
    endloop
  endfacet
  facet normal 0 0 -1
    outer loop
      vertex 11.89064233015588 -16.5702597574311 3.85
      vertex 11.64886995255473 -16.35113004744527 3.85
      vertex 11.64886995255473 -11.64886995255473 3.85
    endloop
  endfacet
  facet normal 0 0 -1
    outer loop
      vertex 11.89064233015588 -16.5702597574311 3.85
      vertex 11.89064233015588 -11.429740242568899 3.85
      vertex 12.152728975209822 -16.76463646090596 3.85
    endloop
  endfacet
  facet normal 0 0 -1
    outer loop
      vertex 11.89064233015588 -16.5702597574311 3.85
      vertex 11.64886995255473 -11.64886995255473 3.85
      vertex 11.89064233015588 -11.429740242568899 3.85
    endloop
  endfacet
  facet normal 0 0 -1
    outer loop
      vertex 12.152728975209822 -16.76463646090596 3.85
      vertex 11.89064233015588 -11.429740242568899 3.85
      vertex 12.152728975209822 -11.235363539094037 3.85
    endloop
  endfacet
  facet normal 0 0 -1
    outer loop
      vertex 12.432605850053557 -16.93238820395828 3.85
      vertex 12.152728975209822 -11.235363539094037 3.85
      vertex 12.432605850053557 -11.067611796041719 3.85
    endloop
  endfacet
  facet normal 0 0 -1
    outer loop
      vertex 12.727577587386076 -17.071899445600028 3.85
      vertex 12.432605850053557 -11.067611796041719 3.85
      vertex 12.727577587386076 -10.928100554399972 3.85
    endloop
  endfacet
  facet normal 0 0 -1
    outer loop
      vertex 12.727577587386076 -17.071899445600028 3.85
      vertex 12.727577587386076 -10.928100554399972 3.85
      vertex 13.034803448128912 -17.181826616309593 3.85
    endloop
  endfacet
  facet normal 0 0 -1
    outer loop
      vertex 13.034803448128912 -17.181826616309593 3.85
      vertex 13.034803448128912 -10.818173383690405 3.85
      vertex 13.351324679296374 -17.26111105734074 3.85
    endloop
  endfacet
  facet normal 0 0 -1
    outer loop
      vertex 13.351324679296374 -17.26111105734074 3.85
      vertex 13.351324679296374 -10.738888942659258 3.85
      vertex 13.674093008404212 -17.308989216185054 3.85
    endloop
  endfacet
  facet normal 0 0 -1
    outer loop
      vertex 13.674093008404212 -17.308989216185054 3.85
      vertex 13.674093008404212 -10.691010783814946 3.85
      vertex 14 -17.325 3.85
    endloop
  endfacet
  facet normal 0 0 -1
    outer loop
      vertex 14 -17.325 3.85
      vertex 14 -10.675 3.85
      vertex 14.325906991595788 -17.308989216185054 3.85
    endloop
  endfacet
  facet normal 0 0 -1
    outer loop
      vertex 14.325906991595788 -17.308989216185054 3.85
      vertex 14.325906991595788 -10.691010783814946 3.85
      vertex 14.648675320703626 -17.26111105734074 3.85
    endloop
  endfacet
  facet normal 0 0 -1
    outer loop
      vertex 14.648675320703626 -17.26111105734074 3.85
      vertex 14.648675320703626 -10.738888942659258 3.85
      vertex 14.965196551871088 -17.181826616309593 3.85
    endloop
  endfacet
  facet normal 0 0 -1
    outer loop
      vertex 14.965196551871088 -17.181826616309593 3.85
      vertex 14.965196551871088 -10.818173383690405 3.85
      vertex 15.272422412613924 -17.071899445600028 3.85
    endloop
  endfacet
  facet normal 0 0 -1
    outer loop
      vertex 15.272422412613924 -17.071899445600028 3.85
      vertex 15.272422412613924 -10.928100554399972 3.85
      vertex 15.567394149946443 -16.93238820395828 3.85
    endloop
  endfacet
  facet normal 0 0 -1
    outer loop
      vertex 15.567394149946443 -16.93238820395828 3.85
      vertex 15.567394149946443 -11.067611796041719 3.85
      vertex 15.847271024790178 -16.76463646090596 3.85
    endloop
  endfacet
  facet normal 0 0 -1
    outer loop
      vertex 15.847271024790178 -16.76463646090596 3.85
      vertex 15.847271024790178 -11.235363539094037 3.85
      vertex 16.109357669844123 -16.5702597574311 3.85
    endloop
  endfacet
  facet normal 0 0 -1
    outer loop
      vertex 16.109357669844123 -16.5702597574311 3.85
      vertex 16.109357669844123 -11.429740242568899 3.85
      vertex 16.35113004744527 -16.35113004744527 3.85
    endloop
  endfacet
  facet normal 0 0 -1
    outer loop
      vertex 16.35113004744527 -16.35113004744527 3.85
      vertex 16.35113004744527 -11.64886995255473 3.85
      vertex 16.5702597574311 -16.109357669844123 3.85
    endloop
  endfacet
  facet normal 0 0 -1
    outer loop
      vertex 16.5702597574311 -16.109357669844123 3.85
      vertex 16.5702597574311 -11.89064233015588 3.85
      vertex 16.76463646090596 -15.847271024790178 3.85
    endloop
  endfacet
  facet normal 0 0 -1
    outer loop
      vertex 16.76463646090596 -15.847271024790178 3.85
      vertex 16.76463646090596 -12.152728975209822 3.85
      vertex 16.93238820395828 -15.567394149946443 3.85
    endloop
  endfacet
  facet normal 0 0 -1
    outer loop
      vertex 16.93238820395828 -15.567394149946443 3.85
      vertex 16.93238820395828 -12.432605850053557 3.85
      vertex 17.071899445600028 -15.272422412613924 3.85
    endloop
  endfacet
  facet normal 0 0 -1
    outer loop
      vertex 16.76463646090596 -15.847271024790178 3.85
      vertex 16.5702597574311 -11.89064233015588 3.85
      vertex 16.76463646090596 -12.152728975209822 3.85
    endloop
  endfacet
  facet normal 0 0 -1
    outer loop
      vertex 16.93238820395828 -15.567394149946443 3.85
      vertex 16.76463646090596 -12.152728975209822 3.85
      vertex 16.93238820395828 -12.432605850053557 3.85
    endloop
  endfacet
  facet normal 0 0 -1
    outer loop
      vertex 12.727577587386076 -10.928100554399972 3.85
      vertex 13.034803448128912 -10.818173383690405 3.85
      vertex 13.034803448128912 -17.181826616309593 3.85
    endloop
  endfacet
  facet normal 0 0 -1
    outer loop
      vertex 13.351324679296374 -17.26111105734074 3.85
      vertex 13.034803448128912 -10.818173383690405 3.85
      vertex 13.351324679296374 -10.738888942659258 3.85
    endloop
  endfacet
  facet normal 0 0 -1
    outer loop
      vertex 13.674093008404212 -17.308989216185054 3.85
      vertex 13.351324679296374 -10.738888942659258 3.85
      vertex 13.674093008404212 -10.691010783814946 3.85
    endloop
  endfacet
  facet normal 0 0 -1
    outer loop
      vertex 14 -17.325 3.85
      vertex 13.674093008404212 -10.691010783814946 3.85
      vertex 14 -10.675 3.85
    endloop
  endfacet
  facet normal 0 0 -1
    outer loop
      vertex 14.325906991595788 -17.308989216185054 3.85
      vertex 14 -10.675 3.85
      vertex 14.325906991595788 -10.691010783814946 3.85
    endloop
  endfacet
  facet normal 0 0 -1
    outer loop
      vertex 14.648675320703626 -17.26111105734074 3.85
      vertex 14.325906991595788 -10.691010783814946 3.85
      vertex 14.648675320703626 -10.738888942659258 3.85
    endloop
  endfacet
  facet normal 0 0 -1
    outer loop
      vertex 14.965196551871088 -17.181826616309593 3.85
      vertex 14.648675320703626 -10.738888942659258 3.85
      vertex 14.965196551871088 -10.818173383690405 3.85
    endloop
  endfacet
  facet normal 0 0 -1
    outer loop
      vertex 15.272422412613924 -17.071899445600028 3.85
      vertex 14.965196551871088 -10.818173383690405 3.85
      vertex 15.272422412613924 -10.928100554399972 3.85
    endloop
  endfacet
  facet normal 0 0 -1
    outer loop
      vertex 15.567394149946443 -16.93238820395828 3.85
      vertex 15.272422412613924 -10.928100554399972 3.85
      vertex 15.567394149946443 -11.067611796041719 3.85
    endloop
  endfacet
  facet normal 0 0 -1
    outer loop
      vertex 15.847271024790178 -16.76463646090596 3.85
      vertex 15.567394149946443 -11.067611796041719 3.85
      vertex 15.847271024790178 -11.235363539094037 3.85
    endloop
  endfacet
  facet normal 0 0 -1
    outer loop
      vertex 16.109357669844123 -16.5702597574311 3.85
      vertex 15.847271024790178 -11.235363539094037 3.85
      vertex 16.109357669844123 -11.429740242568899 3.85
    endloop
  endfacet
  facet normal 0 0 -1
    outer loop
      vertex 16.35113004744527 -16.35113004744527 3.85
      vertex 16.109357669844123 -11.429740242568899 3.85
      vertex 16.35113004744527 -11.64886995255473 3.85
    endloop
  endfacet
  facet normal 0 0 -1
    outer loop
      vertex 16.5702597574311 -16.109357669844123 3.85
      vertex 16.35113004744527 -11.64886995255473 3.85
      vertex 16.5702597574311 -11.89064233015588 3.85
    endloop
  endfacet
  facet normal -0.9415440651830222 0.33688985339221633 0
    outer loop
      vertex 17.071899445600028 -15.272422412613924 3.85
      vertex 17.181826616309593 -14.965196551871088 0
      vertex 17.071899445600028 -15.272422412613924 0
    endloop
  endfacet
  facet normal -0.9700312531945425 0.24298017990326912 0
    outer loop
      vertex 17.181826616309593 -14.965196551871088 3.85
      vertex 17.26111105734074 -14.648675320703626 0
      vertex 17.181826616309593 -14.965196551871088 0
    endloop
  endfacet
  facet normal -0.9891765099647813 0.14673047445535944 0
    outer loop
      vertex 17.26111105734074 -14.648675320703626 3.85
      vertex 17.308989216185054 -14.325906991595788 0
      vertex 17.26111105734074 -14.648675320703626 0
    endloop
  endfacet
  facet normal -0.9987954562051724 0.04906767432741711 0
    outer loop
      vertex 17.308989216185054 -14.325906991595788 3.85
      vertex 17.325 -14 0
      vertex 17.308989216185054 -14.325906991595788 0
    endloop
  endfacet
  facet normal -0.9987954562051724 -0.04906767432741711 0
    outer loop
      vertex 17.325 -14 3.85
      vertex 17.308989216185054 -13.674093008404212 0
      vertex 17.325 -14 0
    endloop
  endfacet
  facet normal -0.9891765099647813 -0.14673047445535944 0
    outer loop
      vertex 17.308989216185054 -13.674093008404212 3.85
      vertex 17.26111105734074 -13.351324679296374 0
      vertex 17.308989216185054 -13.674093008404212 0
    endloop
  endfacet
  facet normal -0.9700312531945425 -0.24298017990326912 0
    outer loop
      vertex 17.26111105734074 -13.351324679296374 3.85
      vertex 17.181826616309593 -13.034803448128912 0
      vertex 17.26111105734074 -13.351324679296374 0
    endloop
  endfacet
  facet normal -0.9415440651830222 -0.33688985339221633 0
    outer loop
      vertex 17.181826616309593 -13.034803448128912 3.85
      vertex 17.071899445600028 -12.727577587386076 0
      vertex 17.181826616309593 -13.034803448128912 0
    endloop
  endfacet
  facet normal -0.9039892931234422 -0.4275550934302843 0
    outer loop
      vertex 17.071899445600028 -12.727577587386076 3.85
      vertex 16.93238820395828 -12.432605850053557 0
      vertex 17.071899445600028 -12.727577587386076 0
    endloop
  endfacet
  facet normal -0.9039892931234422 0.4275550934302843 2.1234130134711466e-18
    outer loop
      vertex 16.93238820395828 -15.567394149946443 3.85
      vertex 17.071899445600028 -15.272422412613924 3.85
      vertex 17.071899445600028 -15.272422412613924 0
    endloop
  endfacet
  facet normal -0.9415440651830222 0.33688985339221633 7.0828174270208095e-19
    outer loop
      vertex 17.071899445600028 -15.272422412613924 3.85
      vertex 17.181826616309593 -14.965196551871088 3.85
      vertex 17.181826616309593 -14.965196551871088 0
    endloop
  endfacet
  facet normal -0.9700312531945425 0.24298017990326912 1.2616955495279564e-18
    outer loop
      vertex 17.181826616309593 -14.965196551871088 3.85
      vertex 17.26111105734074 -14.648675320703626 3.85
      vertex 17.26111105734074 -14.648675320703626 0
    endloop
  endfacet
  facet normal -0.9891765099647813 0.14673047445535944 2.742349541900561e-19
    outer loop
      vertex 17.26111105734074 -14.648675320703626 3.85
      vertex 17.308989216185054 -14.325906991595788 3.85
      vertex 17.308989216185054 -14.325906991595788 0
    endloop
  endfacet
  facet normal -0.9987954562051724 0.04906767432741711 1.6918777469480713e-19
    outer loop
      vertex 17.308989216185054 -14.325906991595788 3.85
      vertex 17.325 -14 3.85
      vertex 17.325 -14 0
    endloop
  endfacet
  facet normal -0.9987954562051724 -0.04906767432741711 -1.6918777469480713e-19
    outer loop
      vertex 17.325 -14 3.85
      vertex 17.308989216185054 -13.674093008404212 3.85
      vertex 17.308989216185054 -13.674093008404212 0
    endloop
  endfacet
  facet normal -0.9891765099647813 -0.14673047445535944 -2.742349541900561e-19
    outer loop
      vertex 17.308989216185054 -13.674093008404212 3.85
      vertex 17.26111105734074 -13.351324679296374 3.85
      vertex 17.26111105734074 -13.351324679296374 0
    endloop
  endfacet
  facet normal -0.9415440651830222 -0.33688985339221633 -7.0828174270208095e-19
    outer loop
      vertex 17.181826616309593 -13.034803448128912 3.85
      vertex 17.071899445600028 -12.727577587386076 3.85
      vertex 17.071899445600028 -12.727577587386076 0
    endloop
  endfacet
  facet normal -0.9700312531945425 -0.24298017990326912 -1.2616955495279564e-18
    outer loop
      vertex 17.26111105734074 -13.351324679296374 3.85
      vertex 17.181826616309593 -13.034803448128912 3.85
      vertex 17.181826616309593 -13.034803448128912 0
    endloop
  endfacet
  facet normal 0 0 -1
    outer loop
      vertex 17.071899445600028 -15.272422412613924 3.85
      vertex 17.071899445600028 -12.727577587386076 3.85
      vertex 17.181826616309593 -14.965196551871088 3.85
    endloop
  endfacet
  facet normal 0 0 -1
    outer loop
      vertex 17.181826616309593 -14.965196551871088 3.85
      vertex 17.181826616309593 -13.034803448128912 3.85
      vertex 17.26111105734074 -14.648675320703626 3.85
    endloop
  endfacet
  facet normal 0 0 -1
    outer loop
      vertex 17.26111105734074 -14.648675320703626 3.85
      vertex 17.26111105734074 -13.351324679296374 3.85
      vertex 17.308989216185054 -14.325906991595788 3.85
    endloop
  endfacet
  facet normal 0 0 -1
    outer loop
      vertex 17.26111105734074 -14.648675320703626 3.85
      vertex 17.181826616309593 -13.034803448128912 3.85
      vertex 17.26111105734074 -13.351324679296374 3.85
    endloop
  endfacet
  facet normal 0 0 -1
    outer loop
      vertex 17.071899445600028 -15.272422412613924 3.85
      vertex 16.93238820395828 -12.432605850053557 3.85
      vertex 17.071899445600028 -12.727577587386076 3.85
    endloop
  endfacet
  facet normal 0 0 -1
    outer loop
      vertex 17.181826616309593 -14.965196551871088 3.85
      vertex 17.071899445600028 -12.727577587386076 3.85
      vertex 17.181826616309593 -13.034803448128912 3.85
    endloop
  endfacet
  facet normal 0 0 -1
    outer loop
      vertex 17.308989216185054 -14.325906991595788 3.85
      vertex 17.308989216185054 -13.674093008404212 3.85
      vertex 17.325 -14 3.85
    endloop
  endfacet
  facet normal 0 0 -1
    outer loop
      vertex 17.308989216185054 -14.325906991595788 3.85
      vertex 17.26111105734074 -13.351324679296374 3.85
      vertex 17.308989216185054 -13.674093008404212 3.85
    endloop
  endfacet
  facet normal 0.7409511253549582 0.6715589548470193 0
    outer loop
      vertex 11.429740242568899 11.89064233015588 3.85
      vertex 11.64886995255473 11.64886995255473 0
      vertex 11.429740242568899 11.89064233015588 0
    endloop
  endfacet
  facet normal 0.857728610000272 0.5141027441932217 0
    outer loop
      vertex 11.067611796041719 12.432605850053557 3.85
      vertex 11.235363539094037 12.152728975209822 0
      vertex 11.067611796041719 12.432605850053557 0
    endloop
  endfacet
  facet normal 0.9039892931234443 0.4275550934302799 0
    outer loop
      vertex 10.928100554399972 12.727577587386076 3.85
      vertex 11.067611796041719 12.432605850053557 0
      vertex 10.928100554399972 12.727577587386076 0
    endloop
  endfacet
  facet normal 0.9415440651830204 0.33688985339222116 0
    outer loop
      vertex 10.818173383690405 13.034803448128912 3.85
      vertex 10.928100554399972 12.727577587386076 0
      vertex 10.818173383690405 13.034803448128912 0
    endloop
  endfacet
  facet normal 0.970031253194544 0.24298017990326404 0
    outer loop
      vertex 10.738888942659258 13.351324679296374 3.85
      vertex 10.818173383690405 13.034803448128912 0
      vertex 10.738888942659258 13.351324679296374 0
    endloop
  endfacet
  facet normal 0.9891765099647813 0.14673047445535944 0
    outer loop
      vertex 10.691010783814946 13.674093008404212 3.85
      vertex 10.738888942659258 13.351324679296374 0
      vertex 10.691010783814946 13.674093008404212 0
    endloop
  endfacet
  facet normal 0.8032075314806436 0.5956993044924348 0
    outer loop
      vertex 11.235363539094037 12.152728975209822 3.85
      vertex 11.429740242568899 11.89064233015588 0
      vertex 11.235363539094037 12.152728975209822 0
    endloop
  endfacet
  facet normal 0.6715589548470193 0.7409511253549582 0
    outer loop
      vertex 11.64886995255473 11.64886995255473 3.85
      vertex 11.89064233015588 11.429740242568899 0
      vertex 11.64886995255473 11.64886995255473 0
    endloop
  endfacet
  facet normal 0.5956993044924348 0.8032075314806436 0
    outer loop
      vertex 11.89064233015588 11.429740242568899 3.85
      vertex 12.152728975209822 11.235363539094037 0
      vertex 11.89064233015588 11.429740242568899 0
    endloop
  endfacet
  facet normal 0.5141027441932217 0.857728610000272 0
    outer loop
      vertex 12.152728975209822 11.235363539094037 3.85
      vertex 12.432605850053557 11.067611796041719 0
      vertex 12.152728975209822 11.235363539094037 0
    endloop
  endfacet
  facet normal 0.4275550934302799 0.9039892931234443 0
    outer loop
      vertex 12.432605850053557 11.067611796041719 3.85
      vertex 12.727577587386076 10.928100554399972 0
      vertex 12.432605850053557 11.067611796041719 0
    endloop
  endfacet
  facet normal 0.9987954562051724 0.04906767432741711 0
    outer loop
      vertex 10.675 14 3.85
      vertex 10.691010783814946 13.674093008404212 0
      vertex 10.675 14 0
    endloop
  endfacet
  facet normal 0.9987954562051724 -0.04906767432741711 0
    outer loop
      vertex 10.691010783814946 14.325906991595788 3.85
      vertex 10.675 14 0
      vertex 10.691010783814946 14.325906991595788 0
    endloop
  endfacet
  facet normal 0.9891765099647813 -0.14673047445535944 0
    outer loop
      vertex 10.738888942659258 14.648675320703626 3.85
      vertex 10.691010783814946 14.325906991595788 0
      vertex 10.738888942659258 14.648675320703626 0
    endloop
  endfacet
  facet normal 0.970031253194544 -0.24298017990326404 0
    outer loop
      vertex 10.818173383690405 14.965196551871088 3.85
      vertex 10.738888942659258 14.648675320703626 0
      vertex 10.818173383690405 14.965196551871088 0
    endloop
  endfacet
  facet normal 0.9415440651830204 -0.33688985339222116 0
    outer loop
      vertex 10.928100554399972 15.272422412613924 3.85
      vertex 10.818173383690405 14.965196551871088 0
      vertex 10.928100554399972 15.272422412613924 0
    endloop
  endfacet
  facet normal 0.9039892931234443 -0.4275550934302799 0
    outer loop
      vertex 11.067611796041719 15.567394149946443 3.85
      vertex 10.928100554399972 15.272422412613924 0
      vertex 11.067611796041719 15.567394149946443 0
    endloop
  endfacet
  facet normal 0.857728610000272 -0.5141027441932217 0
    outer loop
      vertex 11.235363539094037 15.847271024790178 3.85
      vertex 11.067611796041719 15.567394149946443 0
      vertex 11.235363539094037 15.847271024790178 0
    endloop
  endfacet
  facet normal 0.8032075314806457 -0.5956993044924322 0
    outer loop
      vertex 11.429740242568899 16.109357669844123 3.85
      vertex 11.235363539094037 15.847271024790178 0
      vertex 11.429740242568899 16.109357669844123 0
    endloop
  endfacet
  facet normal 0.7409511253549558 -0.671558954847022 0
    outer loop
      vertex 11.64886995255473 16.35113004744527 3.85
      vertex 11.429740242568899 16.109357669844123 0
      vertex 11.64886995255473 16.35113004744527 0
    endloop
  endfacet
  facet normal 0.6715589548470163 -0.740951125354961 0
    outer loop
      vertex 11.89064233015588 16.5702597574311 3.85
      vertex 11.64886995255473 16.35113004744527 0
      vertex 11.89064233015588 16.5702597574311 0
    endloop
  endfacet
  facet normal 0.5956993044924348 -0.8032075314806436 0
    outer loop
      vertex 12.152728975209822 16.76463646090596 3.85
      vertex 11.89064233015588 16.5702597574311 0
      vertex 12.152728975209822 16.76463646090596 0
    endloop
  endfacet
  facet normal 0.5141027441932217 -0.857728610000272 0
    outer loop
      vertex 12.432605850053557 16.93238820395828 3.85
      vertex 12.152728975209822 16.76463646090596 0
      vertex 12.432605850053557 16.93238820395828 0
    endloop
  endfacet
  facet normal 0.4275550934302843 -0.9039892931234422 0
    outer loop
      vertex 12.727577587386076 17.071899445600028 3.85
      vertex 12.432605850053557 16.93238820395828 0
      vertex 12.727577587386076 17.071899445600028 0
    endloop
  endfacet
  facet normal 0.33688985339222116 0.9415440651830204 0
    outer loop
      vertex 12.727577587386076 10.928100554399972 3.85
      vertex 13.034803448128912 10.818173383690405 0
      vertex 12.727577587386076 10.928100554399972 0
    endloop
  endfacet
  facet normal 0.24298017990326404 0.970031253194544 0
    outer loop
      vertex 13.034803448128912 10.818173383690405 3.85
      vertex 13.351324679296374 10.738888942659258 0
      vertex 13.034803448128912 10.818173383690405 0
    endloop
  endfacet
  facet normal 0.14673047445535944 0.9891765099647813 0
    outer loop
      vertex 13.351324679296374 10.738888942659258 3.85
      vertex 13.674093008404212 10.691010783814946 0
      vertex 13.351324679296374 10.738888942659258 0
    endloop
  endfacet
  facet normal 0.04906767432741711 0.9987954562051724 0
    outer loop
      vertex 13.674093008404212 10.691010783814946 3.85
      vertex 14 10.675 0
      vertex 13.674093008404212 10.691010783814946 0
    endloop
  endfacet
  facet normal -0.04906767432741711 0.9987954562051724 0
    outer loop
      vertex 14 10.675 3.85
      vertex 14.325906991595788 10.691010783814946 0
      vertex 14 10.675 0
    endloop
  endfacet
  facet normal -0.14673047445535944 0.9891765099647813 0
    outer loop
      vertex 14.325906991595788 10.691010783814946 3.85
      vertex 14.648675320703626 10.738888942659258 0
      vertex 14.325906991595788 10.691010783814946 0
    endloop
  endfacet
  facet normal -0.24298017990326404 0.970031253194544 0
    outer loop
      vertex 14.648675320703626 10.738888942659258 3.85
      vertex 14.965196551871088 10.818173383690405 0
      vertex 14.648675320703626 10.738888942659258 0
    endloop
  endfacet
  facet normal -0.33688985339222116 0.9415440651830204 0
    outer loop
      vertex 14.965196551871088 10.818173383690405 3.85
      vertex 15.272422412613924 10.928100554399972 0
      vertex 14.965196551871088 10.818173383690405 0
    endloop
  endfacet
  facet normal -0.4275550934302799 0.9039892931234443 0
    outer loop
      vertex 15.272422412613924 10.928100554399972 3.85
      vertex 15.567394149946443 11.067611796041719 0
      vertex 15.272422412613924 10.928100554399972 0
    endloop
  endfacet
  facet normal -0.5141027441932217 0.857728610000272 0
    outer loop
      vertex 15.567394149946443 11.067611796041719 3.85
      vertex 15.847271024790178 11.235363539094037 0
      vertex 15.567394149946443 11.067611796041719 0
    endloop
  endfacet
  facet normal -0.5956993044924322 0.8032075314806457 0
    outer loop
      vertex 15.847271024790178 11.235363539094037 3.85
      vertex 16.109357669844123 11.429740242568899 0
      vertex 15.847271024790178 11.235363539094037 0
    endloop
  endfacet
  facet normal -0.671558954847022 0.7409511253549558 0
    outer loop
      vertex 16.109357669844123 11.429740242568899 3.85
      vertex 16.35113004744527 11.64886995255473 0
      vertex 16.109357669844123 11.429740242568899 0
    endloop
  endfacet
  facet normal -0.740951125354961 0.6715589548470163 0
    outer loop
      vertex 16.35113004744527 11.64886995255473 3.85
      vertex 16.5702597574311 11.89064233015588 0
      vertex 16.35113004744527 11.64886995255473 0
    endloop
  endfacet
  facet normal -0.8032075314806436 0.5956993044924348 0
    outer loop
      vertex 16.5702597574311 11.89064233015588 3.85
      vertex 16.76463646090596 12.152728975209822 0
      vertex 16.5702597574311 11.89064233015588 0
    endloop
  endfacet
  facet normal -0.857728610000272 0.5141027441932217 0
    outer loop
      vertex 16.76463646090596 12.152728975209822 3.85
      vertex 16.93238820395828 12.432605850053557 0
      vertex 16.76463646090596 12.152728975209822 0
    endloop
  endfacet
  facet normal -0.9039892931234422 0.4275550934302843 0
    outer loop
      vertex 16.93238820395828 12.432605850053557 3.85
      vertex 17.071899445600028 12.727577587386076 0
      vertex 16.93238820395828 12.432605850053557 0
    endloop
  endfacet
  facet normal 0.33688985339221633 -0.9415440651830222 0
    outer loop
      vertex 13.034803448128912 17.181826616309593 3.85
      vertex 12.727577587386076 17.071899445600028 0
      vertex 13.034803448128912 17.181826616309593 0
    endloop
  endfacet
  facet normal 0.24298017990326912 -0.9700312531945425 0
    outer loop
      vertex 13.351324679296374 17.26111105734074 3.85
      vertex 13.034803448128912 17.181826616309593 0
      vertex 13.351324679296374 17.26111105734074 0
    endloop
  endfacet
  facet normal 0.14673047445535944 -0.9891765099647813 0
    outer loop
      vertex 13.674093008404212 17.308989216185054 3.85
      vertex 13.351324679296374 17.26111105734074 0
      vertex 13.674093008404212 17.308989216185054 0
    endloop
  endfacet
  facet normal 0.04906767432741711 -0.9987954562051724 0
    outer loop
      vertex 14 17.325 3.85
      vertex 13.674093008404212 17.308989216185054 0
      vertex 14 17.325 0
    endloop
  endfacet
  facet normal -0.04906767432741711 -0.9987954562051724 0
    outer loop
      vertex 14.325906991595788 17.308989216185054 3.85
      vertex 14 17.325 0
      vertex 14.325906991595788 17.308989216185054 0
    endloop
  endfacet
  facet normal -0.14673047445535944 -0.9891765099647813 0
    outer loop
      vertex 14.648675320703626 17.26111105734074 3.85
      vertex 14.325906991595788 17.308989216185054 0
      vertex 14.648675320703626 17.26111105734074 0
    endloop
  endfacet
  facet normal -0.24298017990326912 -0.9700312531945425 0
    outer loop
      vertex 14.965196551871088 17.181826616309593 3.85
      vertex 14.648675320703626 17.26111105734074 0
      vertex 14.965196551871088 17.181826616309593 0
    endloop
  endfacet
  facet normal -0.33688985339221633 -0.9415440651830222 0
    outer loop
      vertex 15.272422412613924 17.071899445600028 3.85
      vertex 14.965196551871088 17.181826616309593 0
      vertex 15.272422412613924 17.071899445600028 0
    endloop
  endfacet
  facet normal -0.4275550934302843 -0.9039892931234422 0
    outer loop
      vertex 15.567394149946443 16.93238820395828 3.85
      vertex 15.272422412613924 17.071899445600028 0
      vertex 15.567394149946443 16.93238820395828 0
    endloop
  endfacet
  facet normal -0.5141027441932217 -0.857728610000272 0
    outer loop
      vertex 15.847271024790178 16.76463646090596 3.85
      vertex 15.567394149946443 16.93238820395828 0
      vertex 15.847271024790178 16.76463646090596 0
    endloop
  endfacet
  facet normal -0.5956993044924322 -0.8032075314806457 0
    outer loop
      vertex 16.109357669844123 16.5702597574311 3.85
      vertex 15.847271024790178 16.76463646090596 0
      vertex 16.109357669844123 16.5702597574311 0
    endloop
  endfacet
  facet normal -0.671558954847019 -0.7409511253549586 0
    outer loop
      vertex 16.35113004744527 16.35113004744527 3.85
      vertex 16.109357669844123 16.5702597574311 0
      vertex 16.35113004744527 16.35113004744527 0
    endloop
  endfacet
  facet normal -0.7409511253549586 -0.671558954847019 0
    outer loop
      vertex 16.5702597574311 16.109357669844123 3.85
      vertex 16.35113004744527 16.35113004744527 0
      vertex 16.5702597574311 16.109357669844123 0
    endloop
  endfacet
  facet normal -0.8032075314806457 -0.5956993044924322 0
    outer loop
      vertex 16.76463646090596 15.847271024790178 3.85
      vertex 16.5702597574311 16.109357669844123 0
      vertex 16.76463646090596 15.847271024790178 0
    endloop
  endfacet
  facet normal -0.857728610000272 -0.5141027441932217 0
    outer loop
      vertex 16.93238820395828 15.567394149946443 3.85
      vertex 16.76463646090596 15.847271024790178 0
      vertex 16.93238820395828 15.567394149946443 0
    endloop
  endfacet
  facet normal 0.8032075314806436 0.5956993044924348 2.6042467047106117e-18
    outer loop
      vertex 11.235363539094037 12.152728975209822 3.85
      vertex 11.429740242568899 11.89064233015588 3.85
      vertex 11.429740242568899 11.89064233015588 0
    endloop
  endfacet
  facet normal 0.7409511253549582 0.6715589548470193 1.11550518542716e-18
    outer loop
      vertex 11.429740242568899 11.89064233015588 3.85
      vertex 11.64886995255473 11.64886995255473 3.85
      vertex 11.64886995255473 11.64886995255473 0
    endloop
  endfacet
  facet normal 0.9039892931234443 0.4275550934302799 0
    outer loop
      vertex 11.067611796041719 12.432605850053557 3.85
      vertex 11.067611796041719 12.432605850053557 0
      vertex 10.928100554399972 12.727577587386076 3.85
    endloop
  endfacet
  facet normal 0.9415440651830204 0.33688985339222116 1.2259268234348487e-18
    outer loop
      vertex 10.818173383690405 13.034803448128912 3.85
      vertex 10.928100554399972 12.727577587386076 3.85
      vertex 10.928100554399972 12.727577587386076 0
    endloop
  endfacet
  facet normal 0.970031253194544 0.24298017990326404 0
    outer loop
      vertex 10.818173383690405 13.034803448128912 3.85
      vertex 10.818173383690405 13.034803448128912 0
      vertex 10.738888942659258 13.351324679296374 3.85
    endloop
  endfacet
  facet normal 0.9891765099647813 0.14673047445535944 -2.742349541900561e-19
    outer loop
      vertex 10.691010783814946 13.674093008404212 3.85
      vertex 10.738888942659258 13.351324679296374 3.85
      vertex 10.738888942659258 13.351324679296374 0
    endloop
  endfacet
  facet normal 0.857728610000272 0.5141027441932217 0
    outer loop
      vertex 11.235363539094037 12.152728975209822 3.85
      vertex 11.235363539094037 12.152728975209822 0
      vertex 11.067611796041719 12.432605850053557 3.85
    endloop
  endfacet
  facet normal 0.6715589548470193 0.7409511253549582 0
    outer loop
      vertex 11.89064233015588 11.429740242568899 3.85
      vertex 11.89064233015588 11.429740242568899 0
      vertex 11.64886995255473 11.64886995255473 3.85
    endloop
  endfacet
  facet normal 0.5956993044924348 0.8032075314806436 2.6042467047106117e-18
    outer loop
      vertex 11.89064233015588 11.429740242568899 3.85
      vertex 12.152728975209822 11.235363539094037 3.85
      vertex 12.152728975209822 11.235363539094037 0
    endloop
  endfacet
  facet normal 0.5141027441932217 0.857728610000272 -1.034010815888849e-18
    outer loop
      vertex 12.152728975209822 11.235363539094037 3.85
      vertex 12.432605850053557 11.067611796041719 3.85
      vertex 12.432605850053557 11.067611796041719 0
    endloop
  endfacet
  facet normal 0.4275550934302799 0.9039892931234443 7.088303396596529e-19
    outer loop
      vertex 12.432605850053557 11.067611796041719 3.85
      vertex 12.727577587386076 10.928100554399972 3.85
      vertex 12.727577587386076 10.928100554399972 0
    endloop
  endfacet
  facet normal 0.9987954562051724 0.04906767432741711 0
    outer loop
      vertex 10.691010783814946 13.674093008404212 3.85
      vertex 10.691010783814946 13.674093008404212 0
      vertex 10.675 14 3.85
    endloop
  endfacet
  facet normal 0.9987954562051724 -0.04906767432741711 0
    outer loop
      vertex 10.675 14 3.85
      vertex 10.675 14 0
      vertex 10.691010783814946 14.325906991595788 3.85
    endloop
  endfacet
  facet normal 0.9891765099647813 -0.14673047445535944 0
    outer loop
      vertex 10.691010783814946 14.325906991595788 3.85
      vertex 10.691010783814946 14.325906991595788 0
      vertex 10.738888942659258 14.648675320703626 3.85
    endloop
  endfacet
  facet normal 0.970031253194544 -0.24298017990326404 0
    outer loop
      vertex 10.738888942659258 14.648675320703626 3.85
      vertex 10.738888942659258 14.648675320703626 0
      vertex 10.818173383690405 14.965196551871088 3.85
    endloop
  endfacet
  facet normal 0.9415440651830204 -0.33688985339222116 0
    outer loop
      vertex 10.818173383690405 14.965196551871088 3.85
      vertex 10.818173383690405 14.965196551871088 0
      vertex 10.928100554399972 15.272422412613924 3.85
    endloop
  endfacet
  facet normal 0.9039892931234443 -0.4275550934302799 0
    outer loop
      vertex 10.928100554399972 15.272422412613924 3.85
      vertex 10.928100554399972 15.272422412613924 0
      vertex 11.067611796041719 15.567394149946443 3.85
    endloop
  endfacet
  facet normal 0.857728610000272 -0.5141027441932217 0
    outer loop
      vertex 11.067611796041719 15.567394149946443 3.85
      vertex 11.067611796041719 15.567394149946443 0
      vertex 11.235363539094037 15.847271024790178 3.85
    endloop
  endfacet
  facet normal 0.8032075314806457 -0.5956993044924322 0
    outer loop
      vertex 11.235363539094037 15.847271024790178 3.85
      vertex 11.235363539094037 15.847271024790178 0
      vertex 11.429740242568899 16.109357669844123 3.85
    endloop
  endfacet
  facet normal 0.7409511253549558 -0.671558954847022 0
    outer loop
      vertex 11.429740242568899 16.109357669844123 3.85
      vertex 11.429740242568899 16.109357669844123 0
      vertex 11.64886995255473 16.35113004744527 3.85
    endloop
  endfacet
  facet normal 0.6715589548470163 -0.740951125354961 0
    outer loop
      vertex 11.64886995255473 16.35113004744527 3.85
      vertex 11.64886995255473 16.35113004744527 0
      vertex 11.89064233015588 16.5702597574311 3.85
    endloop
  endfacet
  facet normal 0.5956993044924348 -0.8032075314806436 0
    outer loop
      vertex 11.89064233015588 16.5702597574311 3.85
      vertex 11.89064233015588 16.5702597574311 0
      vertex 12.152728975209822 16.76463646090596 3.85
    endloop
  endfacet
  facet normal 0.5141027441932217 -0.857728610000272 0
    outer loop
      vertex 12.152728975209822 16.76463646090596 3.85
      vertex 12.152728975209822 16.76463646090596 0
      vertex 12.432605850053557 16.93238820395828 3.85
    endloop
  endfacet
  facet normal 0.4275550934302843 -0.9039892931234422 0
    outer loop
      vertex 12.432605850053557 16.93238820395828 3.85
      vertex 12.432605850053557 16.93238820395828 0
      vertex 12.727577587386076 17.071899445600028 3.85
    endloop
  endfacet
  facet normal 0.33688985339222116 0.9415440651830204 1.2259268234348487e-18
    outer loop
      vertex 12.727577587386076 10.928100554399972 3.85
      vertex 13.034803448128912 10.818173383690405 3.85
      vertex 13.034803448128912 10.818173383690405 0
    endloop
  endfacet
  facet normal 0.24298017990326404 0.970031253194544 0
    outer loop
      vertex 13.351324679296374 10.738888942659258 3.85
      vertex 13.351324679296374 10.738888942659258 0
      vertex 13.034803448128912 10.818173383690405 3.85
    endloop
  endfacet
  facet normal 0.14673047445535944 0.9891765099647813 -2.742349541900561e-19
    outer loop
      vertex 13.351324679296374 10.738888942659258 3.85
      vertex 13.674093008404212 10.691010783814946 3.85
      vertex 13.674093008404212 10.691010783814946 0
    endloop
  endfacet
  facet normal 0.04906767432741711 0.9987954562051724 -1.6918777469480713e-19
    outer loop
      vertex 13.674093008404212 10.691010783814946 3.85
      vertex 14 10.675 3.85
      vertex 14 10.675 0
    endloop
  endfacet
  facet normal -0.04906767432741711 0.9987954562051724 1.6918777469480713e-19
    outer loop
      vertex 14 10.675 3.85
      vertex 14.325906991595788 10.691010783814946 3.85
      vertex 14.325906991595788 10.691010783814946 0
    endloop
  endfacet
  facet normal -0.14673047445535944 0.9891765099647813 2.742349541900561e-19
    outer loop
      vertex 14.325906991595788 10.691010783814946 3.85
      vertex 14.648675320703626 10.738888942659258 3.85
      vertex 14.648675320703626 10.738888942659258 0
    endloop
  endfacet
  facet normal -0.24298017990326404 0.970031253194544 1.0991110728355243e-18
    outer loop
      vertex 14.648675320703626 10.738888942659258 3.85
      vertex 14.965196551871088 10.818173383690405 3.85
      vertex 14.965196551871088 10.818173383690405 0
    endloop
  endfacet
  facet normal -0.33688985339222116 0.9415440651830204 -1.2259268234348487e-18
    outer loop
      vertex 14.965196551871088 10.818173383690405 3.85
      vertex 15.272422412613924 10.928100554399972 3.85
      vertex 15.272422412613924 10.928100554399972 0
    endloop
  endfacet
  facet normal -0.4275550934302799 0.9039892931234443 -7.088303396596529e-19
    outer loop
      vertex 15.272422412613924 10.928100554399972 3.85
      vertex 15.567394149946443 11.067611796041719 3.85
      vertex 15.567394149946443 11.067611796041719 0
    endloop
  endfacet
  facet normal -0.5141027441932217 0.857728610000272 1.034010815888849e-18
    outer loop
      vertex 15.567394149946443 11.067611796041719 3.85
      vertex 15.847271024790178 11.235363539094037 3.85
      vertex 15.847271024790178 11.235363539094037 0
    endloop
  endfacet
  facet normal -0.5956993044924322 0.8032075314806457 1.5960030788881024e-18
    outer loop
      vertex 15.847271024790178 11.235363539094037 3.85
      vertex 16.109357669844123 11.429740242568899 3.85
      vertex 16.109357669844123 11.429740242568899 0
    endloop
  endfacet
  facet normal -0.671558954847022 0.7409511253549558 -1.6524187574835373e-18
    outer loop
      vertex 16.109357669844123 11.429740242568899 3.85
      vertex 16.35113004744527 11.64886995255473 3.85
      vertex 16.35113004744527 11.64886995255473 0
    endloop
  endfacet
  facet normal -0.740951125354961 0.6715589548470163 -5.285181207604531e-19
    outer loop
      vertex 16.35113004744527 11.64886995255473 3.85
      vertex 16.5702597574311 11.89064233015588 3.85
      vertex 16.5702597574311 11.89064233015588 0
    endloop
  endfacet
  facet normal -0.8032075314806436 0.5956993044924348 -2.6042467047106117e-18
    outer loop
      vertex 16.5702597574311 11.89064233015588 3.85
      vertex 16.76463646090596 12.152728975209822 3.85
      vertex 16.76463646090596 12.152728975209822 0
    endloop
  endfacet
  facet normal -0.857728610000272 0.5141027441932217 1.034010815888849e-18
    outer loop
      vertex 16.76463646090596 12.152728975209822 3.85
      vertex 16.93238820395828 12.432605850053557 3.85
      vertex 16.93238820395828 12.432605850053557 0
    endloop
  endfacet
  facet normal 0.33688985339221633 -0.9415440651830222 0
    outer loop
      vertex 12.727577587386076 17.071899445600028 3.85
      vertex 12.727577587386076 17.071899445600028 0
      vertex 13.034803448128912 17.181826616309593 3.85
    endloop
  endfacet
  facet normal 0.24298017990326912 -0.9700312531945425 0
    outer loop
      vertex 13.034803448128912 17.181826616309593 3.85
      vertex 13.034803448128912 17.181826616309593 0
      vertex 13.351324679296374 17.26111105734074 3.85
    endloop
  endfacet
  facet normal 0.14673047445535944 -0.9891765099647813 0
    outer loop
      vertex 13.351324679296374 17.26111105734074 3.85
      vertex 13.351324679296374 17.26111105734074 0
      vertex 13.674093008404212 17.308989216185054 3.85
    endloop
  endfacet
  facet normal 0.04906767432741711 -0.9987954562051724 0
    outer loop
      vertex 13.674093008404212 17.308989216185054 3.85
      vertex 13.674093008404212 17.308989216185054 0
      vertex 14 17.325 3.85
    endloop
  endfacet
  facet normal -0.04906767432741711 -0.9987954562051724 0
    outer loop
      vertex 14 17.325 3.85
      vertex 14 17.325 0
      vertex 14.325906991595788 17.308989216185054 3.85
    endloop
  endfacet
  facet normal -0.14673047445535944 -0.9891765099647813 0
    outer loop
      vertex 14.325906991595788 17.308989216185054 3.85
      vertex 14.325906991595788 17.308989216185054 0
      vertex 14.648675320703626 17.26111105734074 3.85
    endloop
  endfacet
  facet normal -0.24298017990326912 -0.9700312531945425 0
    outer loop
      vertex 14.648675320703626 17.26111105734074 3.85
      vertex 14.648675320703626 17.26111105734074 0
      vertex 14.965196551871088 17.181826616309593 3.85
    endloop
  endfacet
  facet normal -0.4275550934302843 -0.9039892931234422 0
    outer loop
      vertex 15.272422412613924 17.071899445600028 3.85
      vertex 15.272422412613924 17.071899445600028 0
      vertex 15.567394149946443 16.93238820395828 3.85
    endloop
  endfacet
  facet normal -0.5141027441932217 -0.857728610000272 0
    outer loop
      vertex 15.567394149946443 16.93238820395828 3.85
      vertex 15.567394149946443 16.93238820395828 0
      vertex 15.847271024790178 16.76463646090596 3.85
    endloop
  endfacet
  facet normal -0.5956993044924322 -0.8032075314806457 -1.5960030788881024e-18
    outer loop
      vertex 16.109357669844123 16.5702597574311 3.85
      vertex 15.847271024790178 16.76463646090596 3.85
      vertex 15.847271024790178 16.76463646090596 0
    endloop
  endfacet
  facet normal -0.7409511253549586 -0.671558954847019 0
    outer loop
      vertex 16.35113004744527 16.35113004744527 3.85
      vertex 16.35113004744527 16.35113004744527 0
      vertex 16.5702597574311 16.109357669844123 3.85
    endloop
  endfacet
  facet normal -0.671558954847019 -0.7409511253549586 0
    outer loop
      vertex 16.109357669844123 16.5702597574311 3.85
      vertex 16.109357669844123 16.5702597574311 0
      vertex 16.35113004744527 16.35113004744527 3.85
    endloop
  endfacet
  facet normal -0.8032075314806457 -0.5956993044924322 -1.5960030788881024e-18
    outer loop
      vertex 16.76463646090596 15.847271024790178 3.85
      vertex 16.5702597574311 16.109357669844123 3.85
      vertex 16.5702597574311 16.109357669844123 0
    endloop
  endfacet
  facet normal -0.857728610000272 -0.5141027441932217 0
    outer loop
      vertex 16.76463646090596 15.847271024790178 3.85
      vertex 16.76463646090596 15.847271024790178 0
      vertex 16.93238820395828 15.567394149946443 3.85
    endloop
  endfacet
  facet normal -0.9039892931234422 -0.4275550934302843 0
    outer loop
      vertex 16.93238820395828 15.567394149946443 3.85
      vertex 16.93238820395828 15.567394149946443 0
      vertex 17.071899445600028 15.272422412613924 3.85
    endloop
  endfacet
  facet normal -0.33688985339221633 -0.9415440651830222 0
    outer loop
      vertex 14.965196551871088 17.181826616309593 3.85
      vertex 14.965196551871088 17.181826616309593 0
      vertex 15.272422412613924 17.071899445600028 3.85
    endloop
  endfacet
  facet normal 0 0 -1
    outer loop
      vertex 10.818173383690405 13.034803448128912 3.85
      vertex 10.738888942659258 13.351324679296374 3.85
      vertex 10.738888942659258 14.648675320703626 3.85
    endloop
  endfacet
  facet normal 0 0 -1
    outer loop
      vertex 10.818173383690405 13.034803448128912 3.85
      vertex 10.818173383690405 14.965196551871088 3.85
      vertex 10.928100554399972 12.727577587386076 3.85
    endloop
  endfacet
  facet normal 0 0 -1
    outer loop
      vertex 11.067611796041719 12.432605850053557 3.85
      vertex 10.928100554399972 12.727577587386076 3.85
      vertex 10.928100554399972 15.272422412613924 3.85
    endloop
  endfacet
  facet normal 0 0 -1
    outer loop
      vertex 11.235363539094037 12.152728975209822 3.85
      vertex 11.067611796041719 12.432605850053557 3.85
      vertex 11.067611796041719 15.567394149946443 3.85
    endloop
  endfacet
  facet normal 0 0 -1
    outer loop
      vertex 11.235363539094037 12.152728975209822 3.85
      vertex 11.235363539094037 15.847271024790178 3.85
      vertex 11.429740242568899 11.89064233015588 3.85
    endloop
  endfacet
  facet normal 0 0 -1
    outer loop
      vertex 11.429740242568899 11.89064233015588 3.85
      vertex 11.429740242568899 16.109357669844123 3.85
      vertex 11.64886995255473 11.64886995255473 3.85
    endloop
  endfacet
  facet normal 0 0 -1
    outer loop
      vertex 11.89064233015588 11.429740242568899 3.85
      vertex 11.64886995255473 11.64886995255473 3.85
      vertex 11.64886995255473 16.35113004744527 3.85
    endloop
  endfacet
  facet normal 0 0 -1
    outer loop
      vertex 11.89064233015588 11.429740242568899 3.85
      vertex 11.89064233015588 16.5702597574311 3.85
      vertex 12.152728975209822 11.235363539094037 3.85
    endloop
  endfacet
  facet normal 0 0 -1
    outer loop
      vertex 12.152728975209822 11.235363539094037 3.85
      vertex 12.152728975209822 16.76463646090596 3.85
      vertex 12.432605850053557 11.067611796041719 3.85
    endloop
  endfacet
  facet normal 0 0 -1
    outer loop
      vertex 12.432605850053557 11.067611796041719 3.85
      vertex 12.432605850053557 16.93238820395828 3.85
      vertex 12.727577587386076 10.928100554399972 3.85
    endloop
  endfacet
  facet normal 0 0 -1
    outer loop
      vertex 10.691010783814946 13.674093008404212 3.85
      vertex 10.691010783814946 14.325906991595788 3.85
      vertex 10.738888942659258 13.351324679296374 3.85
    endloop
  endfacet
  facet normal 0 0 -1
    outer loop
      vertex 10.691010783814946 13.674093008404212 3.85
      vertex 10.675 14 3.85
      vertex 10.691010783814946 14.325906991595788 3.85
    endloop
  endfacet
  facet normal 0 0 -1
    outer loop
      vertex 10.738888942659258 13.351324679296374 3.85
      vertex 10.691010783814946 14.325906991595788 3.85
      vertex 10.738888942659258 14.648675320703626 3.85
    endloop
  endfacet
  facet normal 0 0 -1
    outer loop
      vertex 10.818173383690405 13.034803448128912 3.85
      vertex 10.738888942659258 14.648675320703626 3.85
      vertex 10.818173383690405 14.965196551871088 3.85
    endloop
  endfacet
  facet normal 0 0 -1
    outer loop
      vertex 10.818173383690405 14.965196551871088 3.85
      vertex 10.928100554399972 15.272422412613924 3.85
      vertex 10.928100554399972 12.727577587386076 3.85
    endloop
  endfacet
  facet normal 0 0 -1
    outer loop
      vertex 11.067611796041719 12.432605850053557 3.85
      vertex 10.928100554399972 15.272422412613924 3.85
      vertex 11.067611796041719 15.567394149946443 3.85
    endloop
  endfacet
  facet normal 0 0 -1
    outer loop
      vertex 11.235363539094037 12.152728975209822 3.85
      vertex 11.067611796041719 15.567394149946443 3.85
      vertex 11.235363539094037 15.847271024790178 3.85
    endloop
  endfacet
  facet normal 0 0 -1
    outer loop
      vertex 11.429740242568899 11.89064233015588 3.85
      vertex 11.235363539094037 15.847271024790178 3.85
      vertex 11.429740242568899 16.109357669844123 3.85
    endloop
  endfacet
  facet normal 0 0 -1
    outer loop
      vertex 11.64886995255473 11.64886995255473 3.85
      vertex 11.429740242568899 16.109357669844123 3.85
      vertex 11.64886995255473 16.35113004744527 3.85
    endloop
  endfacet
  facet normal 0 0 -1
    outer loop
      vertex 11.89064233015588 11.429740242568899 3.85
      vertex 11.64886995255473 16.35113004744527 3.85
      vertex 11.89064233015588 16.5702597574311 3.85
    endloop
  endfacet
  facet normal 0 0 -1
    outer loop
      vertex 12.152728975209822 11.235363539094037 3.85
      vertex 11.89064233015588 16.5702597574311 3.85
      vertex 12.152728975209822 16.76463646090596 3.85
    endloop
  endfacet
  facet normal 0 0 -1
    outer loop
      vertex 12.432605850053557 11.067611796041719 3.85
      vertex 12.152728975209822 16.76463646090596 3.85
      vertex 12.432605850053557 16.93238820395828 3.85
    endloop
  endfacet
  facet normal 0 0 -1
    outer loop
      vertex 12.727577587386076 10.928100554399972 3.85
      vertex 12.432605850053557 16.93238820395828 3.85
      vertex 12.727577587386076 17.071899445600028 3.85
    endloop
  endfacet
  facet normal 0 0 -1
    outer loop
      vertex 12.727577587386076 10.928100554399972 3.85
      vertex 12.727577587386076 17.071899445600028 3.85
      vertex 13.034803448128912 10.818173383690405 3.85
    endloop
  endfacet
  facet normal 0 0 -1
    outer loop
      vertex 13.351324679296374 10.738888942659258 3.85
      vertex 13.034803448128912 10.818173383690405 3.85
      vertex 13.034803448128912 17.181826616309593 3.85
    endloop
  endfacet
  facet normal 0 0 -1
    outer loop
      vertex 13.351324679296374 10.738888942659258 3.85
      vertex 13.351324679296374 17.26111105734074 3.85
      vertex 13.674093008404212 10.691010783814946 3.85
    endloop
  endfacet
  facet normal 0 0 -1
    outer loop
      vertex 13.674093008404212 10.691010783814946 3.85
      vertex 13.674093008404212 17.308989216185054 3.85
      vertex 14 10.675 3.85
    endloop
  endfacet
  facet normal 0 0 -1
    outer loop
      vertex 14 10.675 3.85
      vertex 14 17.325 3.85
      vertex 14.325906991595788 10.691010783814946 3.85
    endloop
  endfacet
  facet normal 0 0 -1
    outer loop
      vertex 14.325906991595788 10.691010783814946 3.85
      vertex 14.325906991595788 17.308989216185054 3.85
      vertex 14.648675320703626 10.738888942659258 3.85
    endloop
  endfacet
  facet normal 0 0 -1
    outer loop
      vertex 14.648675320703626 10.738888942659258 3.85
      vertex 14.648675320703626 17.26111105734074 3.85
      vertex 14.965196551871088 10.818173383690405 3.85
    endloop
  endfacet
  facet normal 0 0 -1
    outer loop
      vertex 14.965196551871088 10.818173383690405 3.85
      vertex 14.965196551871088 17.181826616309593 3.85
      vertex 15.272422412613924 10.928100554399972 3.85
    endloop
  endfacet
  facet normal 0 0 -1
    outer loop
      vertex 15.272422412613924 10.928100554399972 3.85
      vertex 15.272422412613924 17.071899445600028 3.85
      vertex 15.567394149946443 11.067611796041719 3.85
    endloop
  endfacet
  facet normal 0 0 -1
    outer loop
      vertex 15.567394149946443 11.067611796041719 3.85
      vertex 15.567394149946443 16.93238820395828 3.85
      vertex 15.847271024790178 11.235363539094037 3.85
    endloop
  endfacet
  facet normal 0 0 -1
    outer loop
      vertex 15.847271024790178 11.235363539094037 3.85
      vertex 15.847271024790178 16.76463646090596 3.85
      vertex 16.109357669844123 11.429740242568899 3.85
    endloop
  endfacet
  facet normal 0 0 -1
    outer loop
      vertex 16.109357669844123 11.429740242568899 3.85
      vertex 16.109357669844123 16.5702597574311 3.85
      vertex 16.35113004744527 11.64886995255473 3.85
    endloop
  endfacet
  facet normal 0 0 -1
    outer loop
      vertex 16.35113004744527 11.64886995255473 3.85
      vertex 16.35113004744527 16.35113004744527 3.85
      vertex 16.5702597574311 11.89064233015588 3.85
    endloop
  endfacet
  facet normal 0 0 -1
    outer loop
      vertex 16.5702597574311 11.89064233015588 3.85
      vertex 16.5702597574311 16.109357669844123 3.85
      vertex 16.76463646090596 12.152728975209822 3.85
    endloop
  endfacet
  facet normal 0 0 -1
    outer loop
      vertex 16.76463646090596 12.152728975209822 3.85
      vertex 16.76463646090596 15.847271024790178 3.85
      vertex 16.93238820395828 12.432605850053557 3.85
    endloop
  endfacet
  facet normal 0 0 -1
    outer loop
      vertex 16.93238820395828 12.432605850053557 3.85
      vertex 16.93238820395828 15.567394149946443 3.85
      vertex 17.071899445600028 12.727577587386076 3.85
    endloop
  endfacet
  facet normal 0 0 -1
    outer loop
      vertex 12.727577587386076 17.071899445600028 3.85
      vertex 13.034803448128912 17.181826616309593 3.85
      vertex 13.034803448128912 10.818173383690405 3.85
    endloop
  endfacet
  facet normal 0 0 -1
    outer loop
      vertex 13.351324679296374 10.738888942659258 3.85
      vertex 13.034803448128912 17.181826616309593 3.85
      vertex 13.351324679296374 17.26111105734074 3.85
    endloop
  endfacet
  facet normal 0 0 -1
    outer loop
      vertex 13.674093008404212 10.691010783814946 3.85
      vertex 13.351324679296374 17.26111105734074 3.85
      vertex 13.674093008404212 17.308989216185054 3.85
    endloop
  endfacet
  facet normal 0 0 -1
    outer loop
      vertex 14 10.675 3.85
      vertex 13.674093008404212 17.308989216185054 3.85
      vertex 14 17.325 3.85
    endloop
  endfacet
  facet normal 0 0 -1
    outer loop
      vertex 14.325906991595788 10.691010783814946 3.85
      vertex 14 17.325 3.85
      vertex 14.325906991595788 17.308989216185054 3.85
    endloop
  endfacet
  facet normal 0 0 -1
    outer loop
      vertex 14.648675320703626 10.738888942659258 3.85
      vertex 14.325906991595788 17.308989216185054 3.85
      vertex 14.648675320703626 17.26111105734074 3.85
    endloop
  endfacet
  facet normal 0 0 -1
    outer loop
      vertex 14.965196551871088 10.818173383690405 3.85
      vertex 14.648675320703626 17.26111105734074 3.85
      vertex 14.965196551871088 17.181826616309593 3.85
    endloop
  endfacet
  facet normal 0 0 -1
    outer loop
      vertex 15.272422412613924 10.928100554399972 3.85
      vertex 14.965196551871088 17.181826616309593 3.85
      vertex 15.272422412613924 17.071899445600028 3.85
    endloop
  endfacet
  facet normal 0 0 -1
    outer loop
      vertex 15.567394149946443 11.067611796041719 3.85
      vertex 15.272422412613924 17.071899445600028 3.85
      vertex 15.567394149946443 16.93238820395828 3.85
    endloop
  endfacet
  facet normal 0 0 -1
    outer loop
      vertex 15.847271024790178 11.235363539094037 3.85
      vertex 15.567394149946443 16.93238820395828 3.85
      vertex 15.847271024790178 16.76463646090596 3.85
    endloop
  endfacet
  facet normal 0 0 -1
    outer loop
      vertex 16.109357669844123 11.429740242568899 3.85
      vertex 15.847271024790178 16.76463646090596 3.85
      vertex 16.109357669844123 16.5702597574311 3.85
    endloop
  endfacet
  facet normal 0 0 -1
    outer loop
      vertex 16.35113004744527 11.64886995255473 3.85
      vertex 16.109357669844123 16.5702597574311 3.85
      vertex 16.35113004744527 16.35113004744527 3.85
    endloop
  endfacet
  facet normal 0 0 -1
    outer loop
      vertex 16.5702597574311 11.89064233015588 3.85
      vertex 16.35113004744527 16.35113004744527 3.85
      vertex 16.5702597574311 16.109357669844123 3.85
    endloop
  endfacet
  facet normal 0 0 -1
    outer loop
      vertex 16.76463646090596 12.152728975209822 3.85
      vertex 16.5702597574311 16.109357669844123 3.85
      vertex 16.76463646090596 15.847271024790178 3.85
    endloop
  endfacet
  facet normal 0 0 -1
    outer loop
      vertex 16.93238820395828 12.432605850053557 3.85
      vertex 16.76463646090596 15.847271024790178 3.85
      vertex 16.93238820395828 15.567394149946443 3.85
    endloop
  endfacet
  facet normal -0.9415440651830222 0.33688985339221633 0
    outer loop
      vertex 17.071899445600028 12.727577587386076 3.85
      vertex 17.181826616309593 13.034803448128912 0
      vertex 17.071899445600028 12.727577587386076 0
    endloop
  endfacet
  facet normal -0.9700312531945425 0.24298017990326912 0
    outer loop
      vertex 17.181826616309593 13.034803448128912 3.85
      vertex 17.26111105734074 13.351324679296374 0
      vertex 17.181826616309593 13.034803448128912 0
    endloop
  endfacet
  facet normal -0.9891765099647813 0.14673047445535944 0
    outer loop
      vertex 17.26111105734074 13.351324679296374 3.85
      vertex 17.308989216185054 13.674093008404212 0
      vertex 17.26111105734074 13.351324679296374 0
    endloop
  endfacet
  facet normal -0.9987954562051724 0.04906767432741711 0
    outer loop
      vertex 17.308989216185054 13.674093008404212 3.85
      vertex 17.325 14 0
      vertex 17.308989216185054 13.674093008404212 0
    endloop
  endfacet
  facet normal -0.9987954562051724 -0.04906767432741711 0
    outer loop
      vertex 17.325 14 3.85
      vertex 17.308989216185054 14.325906991595788 0
      vertex 17.325 14 0
    endloop
  endfacet
  facet normal -0.9891765099647813 -0.14673047445535944 0
    outer loop
      vertex 17.308989216185054 14.325906991595788 3.85
      vertex 17.26111105734074 14.648675320703626 0
      vertex 17.308989216185054 14.325906991595788 0
    endloop
  endfacet
  facet normal -0.9700312531945425 -0.24298017990326912 0
    outer loop
      vertex 17.26111105734074 14.648675320703626 3.85
      vertex 17.181826616309593 14.965196551871088 0
      vertex 17.26111105734074 14.648675320703626 0
    endloop
  endfacet
  facet normal -0.9039892931234422 -0.4275550934302843 0
    outer loop
      vertex 17.071899445600028 15.272422412613924 3.85
      vertex 16.93238820395828 15.567394149946443 0
      vertex 17.071899445600028 15.272422412613924 0
    endloop
  endfacet
  facet normal -0.9415440651830222 -0.33688985339221633 0
    outer loop
      vertex 17.181826616309593 14.965196551871088 3.85
      vertex 17.071899445600028 15.272422412613924 0
      vertex 17.181826616309593 14.965196551871088 0
    endloop
  endfacet
  facet normal -0.9039892931234422 0.4275550934302843 2.1234130134711466e-18
    outer loop
      vertex 16.93238820395828 12.432605850053557 3.85
      vertex 17.071899445600028 12.727577587386076 3.85
      vertex 17.071899445600028 12.727577587386076 0
    endloop
  endfacet
  facet normal -0.9415440651830222 0.33688985339221633 7.0828174270208095e-19
    outer loop
      vertex 17.071899445600028 12.727577587386076 3.85
      vertex 17.181826616309593 13.034803448128912 3.85
      vertex 17.181826616309593 13.034803448128912 0
    endloop
  endfacet
  facet normal -0.9700312531945425 0.24298017990326912 1.2616955495279564e-18
    outer loop
      vertex 17.181826616309593 13.034803448128912 3.85
      vertex 17.26111105734074 13.351324679296374 3.85
      vertex 17.26111105734074 13.351324679296374 0
    endloop
  endfacet
  facet normal -0.9891765099647813 0.14673047445535944 2.742349541900561e-19
    outer loop
      vertex 17.26111105734074 13.351324679296374 3.85
      vertex 17.308989216185054 13.674093008404212 3.85
      vertex 17.308989216185054 13.674093008404212 0
    endloop
  endfacet
  facet normal -0.9987954562051724 0.04906767432741711 1.6918777469480713e-19
    outer loop
      vertex 17.308989216185054 13.674093008404212 3.85
      vertex 17.325 14 3.85
      vertex 17.325 14 0
    endloop
  endfacet
  facet normal -0.9987954562051724 -0.04906767432741711 -1.6918777469480713e-19
    outer loop
      vertex 17.325 14 3.85
      vertex 17.308989216185054 14.325906991595788 3.85
      vertex 17.308989216185054 14.325906991595788 0
    endloop
  endfacet
  facet normal -0.9891765099647813 -0.14673047445535944 -2.742349541900561e-19
    outer loop
      vertex 17.308989216185054 14.325906991595788 3.85
      vertex 17.26111105734074 14.648675320703626 3.85
      vertex 17.26111105734074 14.648675320703626 0
    endloop
  endfacet
  facet normal -0.9700312531945425 -0.24298017990326912 -1.2616955495279564e-18
    outer loop
      vertex 17.26111105734074 14.648675320703626 3.85
      vertex 17.181826616309593 14.965196551871088 3.85
      vertex 17.181826616309593 14.965196551871088 0
    endloop
  endfacet
  facet normal -0.9415440651830222 -0.33688985339221633 -7.0828174270208095e-19
    outer loop
      vertex 17.181826616309593 14.965196551871088 3.85
      vertex 17.071899445600028 15.272422412613924 3.85
      vertex 17.071899445600028 15.272422412613924 0
    endloop
  endfacet
  facet normal 0 0 -1
    outer loop
      vertex 17.071899445600028 12.727577587386076 3.85
      vertex 17.071899445600028 15.272422412613924 3.85
      vertex 17.181826616309593 13.034803448128912 3.85
    endloop
  endfacet
  facet normal 0 0 -1
    outer loop
      vertex 17.181826616309593 13.034803448128912 3.85
      vertex 17.181826616309593 14.965196551871088 3.85
      vertex 17.26111105734074 13.351324679296374 3.85
    endloop
  endfacet
  facet normal 0 0 -1
    outer loop
      vertex 17.071899445600028 12.727577587386076 3.85
      vertex 16.93238820395828 15.567394149946443 3.85
      vertex 17.071899445600028 15.272422412613924 3.85
    endloop
  endfacet
  facet normal 0 0 -1
    outer loop
      vertex 17.26111105734074 13.351324679296374 3.85
      vertex 17.181826616309593 14.965196551871088 3.85
      vertex 17.26111105734074 14.648675320703626 3.85
    endloop
  endfacet
  facet normal 0 0 -1
    outer loop
      vertex 17.181826616309593 13.034803448128912 3.85
      vertex 17.071899445600028 15.272422412613924 3.85
      vertex 17.181826616309593 14.965196551871088 3.85
    endloop
  endfacet
  facet normal 0 0 -1
    outer loop
      vertex 17.26111105734074 13.351324679296374 3.85
      vertex 17.26111105734074 14.648675320703626 3.85
      vertex 17.308989216185054 13.674093008404212 3.85
    endloop
  endfacet
  facet normal 0 0 -1
    outer loop
      vertex 17.308989216185054 13.674093008404212 3.85
      vertex 17.308989216185054 14.325906991595788 3.85
      vertex 17.325 14 3.85
    endloop
  endfacet
  facet normal 0 0 -1
    outer loop
      vertex 17.308989216185054 13.674093008404212 3.85
      vertex 17.26111105734074 14.648675320703626 3.85
      vertex 17.308989216185054 14.325906991595788 3.85
    endloop
  endfacet
  facet normal 0 0 1
    outer loop
      vertex -15.35113004744527 -28.35113004744527 2.8
      vertex -15.10935766984412 -28.5702597574311 2.8
      vertex -15.10935766984412 -23.4297402425689 2.8
    endloop
  endfacet
  facet normal 0 0 1
    outer loop
      vertex -14.847271024790178 -28.76463646090596 2.8
      vertex -14.847271024790178 -23.23536353909404 2.8
      vertex -15.10935766984412 -28.5702597574311 2.8
    endloop
  endfacet
  facet normal 0 0 1
    outer loop
      vertex -14.847271024790178 -28.76463646090596 2.8
      vertex -14.567394149946443 -28.93238820395828 2.8
      vertex -14.567394149946443 -23.06761179604172 2.8
    endloop
  endfacet
  facet normal 0 0 1
    outer loop
      vertex -14.567394149946443 -28.93238820395828 2.8
      vertex -14.272422412613924 -29.071899445600028 2.8
      vertex -14.272422412613924 -22.928100554399972 2.8
    endloop
  endfacet
  facet normal 0 0 1
    outer loop
      vertex -14.272422412613924 -29.071899445600028 2.8
      vertex -13.965196551871088 -29.181826616309593 2.8
      vertex -13.965196551871088 -22.818173383690407 2.8
    endloop
  endfacet
  facet normal 0 0 1
    outer loop
      vertex -13.965196551871088 -29.181826616309593 2.8
      vertex -13.648675320703626 -29.26111105734074 2.8
      vertex -13.648675320703626 -22.73888894265926 2.8
    endloop
  endfacet
  facet normal 0 0 1
    outer loop
      vertex -13.648675320703626 -29.26111105734074 2.8
      vertex -13.325906991595788 -29.308989216185054 2.8
      vertex -13.325906991595788 -22.691010783814946 2.8
    endloop
  endfacet
  facet normal 0 0 1
    outer loop
      vertex -13.325906991595788 -29.308989216185054 2.8
      vertex -13 -29.325 2.8
      vertex -13 -22.675 2.8
    endloop
  endfacet
  facet normal 0 0 1
    outer loop
      vertex -13 -29.325 2.8
      vertex -12.674093008404212 -29.308989216185054 2.8
      vertex -12.674093008404212 -22.691010783814946 2.8
    endloop
  endfacet
  facet normal 0 0 1
    outer loop
      vertex -16.26111105734074 -26.648675320703628 2.8
      vertex -16.181826616309593 -26.965196551871088 2.8
      vertex -16.181826616309593 -25.034803448128912 2.8
    endloop
  endfacet
  facet normal 0 0 1
    outer loop
      vertex -16.26111105734074 -26.648675320703628 2.8
      vertex -16.26111105734074 -25.351324679296372 2.8
      vertex -16.308989216185054 -26.32590699159579 2.8
    endloop
  endfacet
  facet normal 0 0 1
    outer loop
      vertex -16.308989216185054 -26.32590699159579 2.8
      vertex -16.308989216185054 -25.67409300840421 2.8
      vertex -16.325 -26 2.8
    endloop
  endfacet
  facet normal 0 0 1
    outer loop
      vertex -16.071899445600028 -27.272422412613924 2.8
      vertex -15.932388203958281 -27.56739414994644 2.8
      vertex -15.932388203958281 -24.43260585005356 2.8
    endloop
  endfacet
  facet normal 0 0 1
    outer loop
      vertex -16.071899445600028 -27.272422412613924 2.8
      vertex -16.071899445600028 -24.727577587386076 2.8
      vertex -16.181826616309593 -26.965196551871088 2.8
    endloop
  endfacet
  facet normal 0 0 1
    outer loop
      vertex -16.308989216185054 -26.32590699159579 2.8
      vertex -16.26111105734074 -25.351324679296372 2.8
      vertex -16.308989216185054 -25.67409300840421 2.8
    endloop
  endfacet
  facet normal 0 0 1
    outer loop
      vertex -16.26111105734074 -26.648675320703628 2.8
      vertex -16.181826616309593 -25.034803448128912 2.8
      vertex -16.26111105734074 -25.351324679296372 2.8
    endloop
  endfacet
  facet normal 0 0 1
    outer loop
      vertex -16.181826616309593 -26.965196551871088 2.8
      vertex -16.071899445600028 -24.727577587386076 2.8
      vertex -16.181826616309593 -25.034803448128912 2.8
    endloop
  endfacet
  facet normal 0 0 1
    outer loop
      vertex -16.071899445600028 -27.272422412613924 2.8
      vertex -15.932388203958281 -24.43260585005356 2.8
      vertex -16.071899445600028 -24.727577587386076 2.8
    endloop
  endfacet
  facet normal 0 0 1
    outer loop
      vertex -15.932388203958281 -27.56739414994644 2.8
      vertex -15.764636460905963 -27.847271024790178 2.8
      vertex -15.764636460905963 -24.152728975209822 2.8
    endloop
  endfacet
  facet normal 0 0 1
    outer loop
      vertex -15.570259757431101 -28.109357669844123 2.8
      vertex -15.570259757431101 -23.890642330155877 2.8
      vertex -15.764636460905963 -27.847271024790178 2.8
    endloop
  endfacet
  facet normal 0 0 1
    outer loop
      vertex -15.570259757431101 -28.109357669844123 2.8
      vertex -15.35113004744527 -28.35113004744527 2.8
      vertex -15.35113004744527 -23.64886995255473 2.8
    endloop
  endfacet
  facet normal 0 0 1
    outer loop
      vertex -15.932388203958281 -27.56739414994644 2.8
      vertex -15.764636460905963 -24.152728975209822 2.8
      vertex -15.932388203958281 -24.43260585005356 2.8
    endloop
  endfacet
  facet normal 0 0 1
    outer loop
      vertex -15.764636460905963 -27.847271024790178 2.8
      vertex -15.570259757431101 -23.890642330155877 2.8
      vertex -15.764636460905963 -24.152728975209822 2.8
    endloop
  endfacet
  facet normal 0 0 1
    outer loop
      vertex -15.570259757431101 -28.109357669844123 2.8
      vertex -15.35113004744527 -23.64886995255473 2.8
      vertex -15.570259757431101 -23.890642330155877 2.8
    endloop
  endfacet
  facet normal 0 0 1
    outer loop
      vertex -15.35113004744527 -28.35113004744527 2.8
      vertex -15.10935766984412 -23.4297402425689 2.8
      vertex -15.35113004744527 -23.64886995255473 2.8
    endloop
  endfacet
  facet normal 0 0 1
    outer loop
      vertex -15.10935766984412 -28.5702597574311 2.8
      vertex -14.847271024790178 -23.23536353909404 2.8
      vertex -15.10935766984412 -23.4297402425689 2.8
    endloop
  endfacet
  facet normal 0 0 1
    outer loop
      vertex -14.847271024790178 -28.76463646090596 2.8
      vertex -14.567394149946443 -23.06761179604172 2.8
      vertex -14.847271024790178 -23.23536353909404 2.8
    endloop
  endfacet
  facet normal 0 0 1
    outer loop
      vertex -14.567394149946443 -28.93238820395828 2.8
      vertex -14.272422412613924 -22.928100554399972 2.8
      vertex -14.567394149946443 -23.06761179604172 2.8
    endloop
  endfacet
  facet normal 0 0 1
    outer loop
      vertex -14.272422412613924 -29.071899445600028 2.8
      vertex -13.965196551871088 -22.818173383690407 2.8
      vertex -14.272422412613924 -22.928100554399972 2.8
    endloop
  endfacet
  facet normal 0 0 1
    outer loop
      vertex -13.965196551871088 -29.181826616309593 2.8
      vertex -13.648675320703626 -22.73888894265926 2.8
      vertex -13.965196551871088 -22.818173383690407 2.8
    endloop
  endfacet
  facet normal 0 0 1
    outer loop
      vertex -13.648675320703626 -29.26111105734074 2.8
      vertex -13.325906991595788 -22.691010783814946 2.8
      vertex -13.648675320703626 -22.73888894265926 2.8
    endloop
  endfacet
  facet normal 0 0 1
    outer loop
      vertex -13.325906991595788 -29.308989216185054 2.8
      vertex -13 -22.675 2.8
      vertex -13.325906991595788 -22.691010783814946 2.8
    endloop
  endfacet
  facet normal 0 0 1
    outer loop
      vertex -13 -29.325 2.8
      vertex -12.674093008404212 -22.691010783814946 2.8
      vertex -13 -22.675 2.8
    endloop
  endfacet
  facet normal 0 0 1
    outer loop
      vertex -12.674093008404212 -29.308989216185054 2.8
      vertex -12.351324679296374 -29.26111105734074 2.8
      vertex -12.351324679296374 -22.73888894265926 2.8
    endloop
  endfacet
  facet normal 0 0 1
    outer loop
      vertex -12.351324679296374 -29.26111105734074 2.8
      vertex -12.034803448128912 -29.181826616309593 2.8
      vertex -12.034803448128912 -22.818173383690407 2.8
    endloop
  endfacet
  facet normal 0 0 1
    outer loop
      vertex -12.034803448128912 -29.181826616309593 2.8
      vertex -11.727577587386076 -29.071899445600028 2.8
      vertex -11.727577587386076 -22.928100554399972 2.8
    endloop
  endfacet
  facet normal 0 0 1
    outer loop
      vertex -11.727577587386076 -29.071899445600028 2.8
      vertex -11.432605850053557 -28.93238820395828 2.8
      vertex -11.432605850053557 -23.06761179604172 2.8
    endloop
  endfacet
  facet normal 0 0 1
    outer loop
      vertex -11.432605850053557 -28.93238820395828 2.8
      vertex -11.152728975209822 -28.76463646090596 2.8
      vertex -11.152728975209822 -23.23536353909404 2.8
    endloop
  endfacet
  facet normal 0 0 1
    outer loop
      vertex -11.152728975209822 -28.76463646090596 2.8
      vertex -10.89064233015588 -28.5702597574311 2.8
      vertex -10.89064233015588 -23.4297402425689 2.8
    endloop
  endfacet
  facet normal 0 0 1
    outer loop
      vertex -10.89064233015588 -28.5702597574311 2.8
      vertex -10.64886995255473 -28.35113004744527 2.8
      vertex -10.64886995255473 -23.64886995255473 2.8
    endloop
  endfacet
  facet normal 0 0 1
    outer loop
      vertex -10.64886995255473 -28.35113004744527 2.8
      vertex -10.429740242568899 -28.109357669844123 2.8
      vertex -10.429740242568899 -23.890642330155877 2.8
    endloop
  endfacet
  facet normal 0 0 1
    outer loop
      vertex -12.674093008404212 -29.308989216185054 2.8
      vertex -12.351324679296374 -22.73888894265926 2.8
      vertex -12.674093008404212 -22.691010783814946 2.8
    endloop
  endfacet
  facet normal 0 0 1
    outer loop
      vertex -12.351324679296374 -29.26111105734074 2.8
      vertex -12.034803448128912 -22.818173383690407 2.8
      vertex -12.351324679296374 -22.73888894265926 2.8
    endloop
  endfacet
  facet normal 0 0 1
    outer loop
      vertex -12.034803448128912 -29.181826616309593 2.8
      vertex -11.727577587386076 -22.928100554399972 2.8
      vertex -12.034803448128912 -22.818173383690407 2.8
    endloop
  endfacet
  facet normal 0 0 1
    outer loop
      vertex -11.432605850053557 -28.93238820395828 2.8
      vertex -11.152728975209822 -23.23536353909404 2.8
      vertex -11.432605850053557 -23.06761179604172 2.8
    endloop
  endfacet
  facet normal 0 0 1
    outer loop
      vertex -11.152728975209822 -28.76463646090596 2.8
      vertex -10.89064233015588 -23.4297402425689 2.8
      vertex -11.152728975209822 -23.23536353909404 2.8
    endloop
  endfacet
  facet normal 0 0 1
    outer loop
      vertex -10.89064233015588 -28.5702597574311 2.8
      vertex -10.64886995255473 -23.64886995255473 2.8
      vertex -10.89064233015588 -23.4297402425689 2.8
    endloop
  endfacet
  facet normal 0 0 1
    outer loop
      vertex -11.727577587386076 -29.071899445600028 2.8
      vertex -11.432605850053557 -23.06761179604172 2.8
      vertex -11.727577587386076 -22.928100554399972 2.8
    endloop
  endfacet
  facet normal 0 0 1
    outer loop
      vertex -10.429740242568899 -28.109357669844123 2.8
      vertex -10.235363539094037 -27.847271024790178 2.8
      vertex -10.235363539094037 -24.152728975209822 2.8
    endloop
  endfacet
  facet normal 0 0 1
    outer loop
      vertex -10.235363539094037 -27.847271024790178 2.8
      vertex -10.067611796041719 -27.56739414994644 2.8
      vertex -10.067611796041719 -24.43260585005356 2.8
    endloop
  endfacet
  facet normal 0 0 1
    outer loop
      vertex -10.64886995255473 -28.35113004744527 2.8
      vertex -10.429740242568899 -23.890642330155877 2.8
      vertex -10.64886995255473 -23.64886995255473 2.8
    endloop
  endfacet
  facet normal 0 0 1
    outer loop
      vertex -10.429740242568899 -28.109357669844123 2.8
      vertex -10.235363539094037 -24.152728975209822 2.8
      vertex -10.429740242568899 -23.890642330155877 2.8
    endloop
  endfacet
  facet normal 0 0 1
    outer loop
      vertex -10.235363539094037 -27.847271024790178 2.8
      vertex -10.067611796041719 -24.43260585005356 2.8
      vertex -10.235363539094037 -24.152728975209822 2.8
    endloop
  endfacet
  facet normal 0 0 1
    outer loop
      vertex -10.067611796041719 -27.56739414994644 2.8
      vertex -9.928100554399972 -27.272422412613924 2.8
      vertex -9.928100554399972 -24.727577587386076 2.8
    endloop
  endfacet
  facet normal 0 0 1
    outer loop
      vertex -9.928100554399972 -27.272422412613924 2.8
      vertex -9.818173383690405 -26.965196551871088 2.8
      vertex -9.818173383690405 -25.034803448128912 2.8
    endloop
  endfacet
  facet normal 0 0 1
    outer loop
      vertex -9.818173383690405 -26.965196551871088 2.8
      vertex -9.738888942659258 -26.648675320703628 2.8
      vertex -9.738888942659258 -25.351324679296372 2.8
    endloop
  endfacet
  facet normal 0 0 1
    outer loop
      vertex -9.738888942659258 -26.648675320703628 2.8
      vertex -9.691010783814946 -26.32590699159579 2.8
      vertex -9.691010783814946 -25.67409300840421 2.8
    endloop
  endfacet
  facet normal 0 0 1
    outer loop
      vertex -9.691010783814946 -26.32590699159579 2.8
      vertex -9.675 -26 2.8
      vertex -9.691010783814946 -25.67409300840421 2.8
    endloop
  endfacet
  facet normal 0 0 1
    outer loop
      vertex -10.067611796041719 -27.56739414994644 2.8
      vertex -9.928100554399972 -24.727577587386076 2.8
      vertex -10.067611796041719 -24.43260585005356 2.8
    endloop
  endfacet
  facet normal 0 0 1
    outer loop
      vertex -9.928100554399972 -27.272422412613924 2.8
      vertex -9.818173383690405 -25.034803448128912 2.8
      vertex -9.928100554399972 -24.727577587386076 2.8
    endloop
  endfacet
  facet normal 0 0 1
    outer loop
      vertex -9.818173383690405 -26.965196551871088 2.8
      vertex -9.738888942659258 -25.351324679296372 2.8
      vertex -9.818173383690405 -25.034803448128912 2.8
    endloop
  endfacet
  facet normal 0 0 1
    outer loop
      vertex -9.738888942659258 -26.648675320703628 2.8
      vertex -9.691010783814946 -25.67409300840421 2.8
      vertex -9.738888942659258 -25.351324679296372 2.8
    endloop
  endfacet
  facet normal 0.9700312531945424 0.24298017990327045 0
    outer loop
      vertex -16.26111105734074 -26.648675320703628 2.8
      vertex -16.26111105734074 -26.648675320703628 6.5
      vertex -16.181826616309593 -26.965196551871088 2.8
    endloop
  endfacet
  facet normal 0.9039892931234434 0.4275550934302819 0
    outer loop
      vertex -16.071899445600028 -27.272422412613924 2.8
      vertex -16.071899445600028 -27.272422412613924 6.5
      vertex -15.932388203958281 -27.56739414994644 2.8
    endloop
  endfacet
  facet normal 0.9415440651830221 0.3368898533922164 -7.369958674062194e-19
    outer loop
      vertex -16.071899445600028 -27.272422412613924 2.8
      vertex -16.181826616309593 -26.965196551871088 2.8
      vertex -16.181826616309593 -26.965196551871088 6.5
    endloop
  endfacet
  facet normal 0.5956993044924349 0.8032075314806437 2.7098242738205014e-18
    outer loop
      vertex -14.847271024790178 -28.76463646090596 2.8
      vertex -15.10935766984412 -28.5702597574311 2.8
      vertex -15.10935766984412 -28.5702597574311 6.5
    endloop
  endfacet
  facet normal 0.8577286100002735 0.5141027441932192 0
    outer loop
      vertex -15.932388203958281 -27.56739414994644 2.8
      vertex -15.932388203958281 -27.56739414994644 6.5
      vertex -15.764636460905963 -27.847271024790178 2.8
    endloop
  endfacet
  facet normal 0.8032075314806457 0.5956993044924322 -1.660705906410593e-18
    outer loop
      vertex -15.570259757431101 -28.109357669844123 2.8
      vertex -15.764636460905963 -27.847271024790178 2.8
      vertex -15.764636460905963 -27.847271024790178 6.5
    endloop
  endfacet
  facet normal 0.7409511253549559 0.671558954847022 0
    outer loop
      vertex -15.570259757431101 -28.109357669844123 2.8
      vertex -15.570259757431101 -28.109357669844123 6.5
      vertex -15.35113004744527 -28.35113004744527 2.8
    endloop
  endfacet
  facet normal 0.6715589548470163 0.740951125354961 0
    outer loop
      vertex -15.35113004744527 -28.35113004744527 2.8
      vertex -15.35113004744527 -28.35113004744527 6.5
      vertex -15.10935766984412 -28.5702597574311 2.8
    endloop
  endfacet
  facet normal 0.5141027441932217 0.857728610000272 0
    outer loop
      vertex -14.847271024790178 -28.76463646090596 2.8
      vertex -14.847271024790178 -28.76463646090596 6.5
      vertex -14.567394149946443 -28.93238820395828 2.8
    endloop
  endfacet
  facet normal 0.4275550934302844 0.9039892931234422 0
    outer loop
      vertex -14.567394149946443 -28.93238820395828 2.8
      vertex -14.567394149946443 -28.93238820395828 6.5
      vertex -14.272422412613924 -29.071899445600028 2.8
    endloop
  endfacet
  facet normal 0.3368898533922164 0.9415440651830221 0
    outer loop
      vertex -14.272422412613924 -29.071899445600028 2.8
      vertex -14.272422412613924 -29.071899445600028 6.5
      vertex -13.965196551871088 -29.181826616309593 2.8
    endloop
  endfacet
  facet normal 0.24298017990326912 0.9700312531945426 0
    outer loop
      vertex -13.965196551871088 -29.181826616309593 2.8
      vertex -13.965196551871088 -29.181826616309593 6.5
      vertex -13.648675320703626 -29.26111105734074 2.8
    endloop
  endfacet
  facet normal 0.14673047445535944 0.9891765099647812 0
    outer loop
      vertex -13.648675320703626 -29.26111105734074 2.8
      vertex -13.648675320703626 -29.26111105734074 6.5
      vertex -13.325906991595788 -29.308989216185054 2.8
    endloop
  endfacet
  facet normal 0.049067674327417106 0.9987954562051724 0
    outer loop
      vertex -13.325906991595788 -29.308989216185054 2.8
      vertex -13.325906991595788 -29.308989216185054 6.5
      vertex -13 -29.325 2.8
    endloop
  endfacet
  facet normal -0.049067674327417106 0.9987954562051724 0
    outer loop
      vertex -13 -29.325 2.8
      vertex -13 -29.325 6.5
      vertex -12.674093008404212 -29.308989216185054 2.8
    endloop
  endfacet
  facet normal 0.9891765099647812 0.14673047445535944 -2.853525874680314e-19
    outer loop
      vertex -16.26111105734074 -26.648675320703628 2.8
      vertex -16.308989216185054 -26.32590699159579 2.8
      vertex -16.308989216185054 -26.32590699159579 6.5
    endloop
  endfacet
  facet normal 0.9987954562051724 0.04906767432741685 -2.523874335898505e-20
    outer loop
      vertex -16.308989216185054 -26.32590699159579 2.8
      vertex -16.325 -26 2.8
      vertex -16.325 -26 6.5
    endloop
  endfacet
  facet normal 0.9987954562051724 -0.04906767432741685 2.523874335898505e-20
    outer loop
      vertex -16.325 -26 2.8
      vertex -16.308989216185054 -25.67409300840421 2.8
      vertex -16.308989216185054 -25.67409300840421 6.5
    endloop
  endfacet
  facet normal 0.9891765099647812 -0.14673047445535944 2.853525874680314e-19
    outer loop
      vertex -16.308989216185054 -25.67409300840421 2.8
      vertex -16.26111105734074 -25.351324679296372 2.8
      vertex -16.26111105734074 -25.351324679296372 6.5
    endloop
  endfacet
  facet normal 0.9700312531945424 -0.24298017990327045 -3.930800263680245e-19
    outer loop
      vertex -16.26111105734074 -25.351324679296372 2.8
      vertex -16.181826616309593 -25.034803448128912 2.8
      vertex -16.181826616309593 -25.034803448128912 6.5
    endloop
  endfacet
  facet normal 0.9415440651830221 -0.3368898533922164 7.369958674062194e-19
    outer loop
      vertex -16.181826616309593 -25.034803448128912 2.8
      vertex -16.071899445600028 -24.727577587386076 2.8
      vertex -16.071899445600028 -24.727577587386076 6.5
    endloop
  endfacet
  facet normal 0.9039892931234434 -0.4275550934302819 9.011442056646957e-19
    outer loop
      vertex -16.071899445600028 -24.727577587386076 2.8
      vertex -15.932388203958281 -24.43260585005356 2.8
      vertex -15.932388203958281 -24.43260585005356 6.5
    endloop
  endfacet
  facet normal 0.8577286100002735 -0.5141027441932192 7.566404008046246e-19
    outer loop
      vertex -15.932388203958281 -24.43260585005356 2.8
      vertex -15.764636460905963 -24.152728975209822 2.8
      vertex -15.764636460905963 -24.152728975209822 6.5
    endloop
  endfacet
  facet normal 0.8032075314806457 -0.5956993044924322 1.660705906410593e-18
    outer loop
      vertex -15.764636460905963 -24.152728975209822 2.8
      vertex -15.570259757431101 -23.890642330155877 2.8
      vertex -15.570259757431101 -23.890642330155877 6.5
    endloop
  endfacet
  facet normal 0.7409511253549559 -0.671558954847022 -1.7194087071112483e-18
    outer loop
      vertex -15.570259757431101 -23.890642330155877 2.8
      vertex -15.35113004744527 -23.64886995255473 2.8
      vertex -15.35113004744527 -23.64886995255473 6.5
    endloop
  endfacet
  facet normal 0.6715589548470163 -0.740951125354961 -5.499445310615526e-19
    outer loop
      vertex -15.35113004744527 -23.64886995255473 2.8
      vertex -15.10935766984412 -23.4297402425689 2.8
      vertex -15.10935766984412 -23.4297402425689 6.5
    endloop
  endfacet
  facet normal 0.5956993044924349 -0.8032075314806437 -2.7098242738205014e-18
    outer loop
      vertex -15.10935766984412 -23.4297402425689 2.8
      vertex -14.847271024790178 -23.23536353909404 2.8
      vertex -14.847271024790178 -23.23536353909404 6.5
    endloop
  endfacet
  facet normal 0.5141027441932217 -0.857728610000272 1.0759301732897485e-18
    outer loop
      vertex -14.847271024790178 -23.23536353909404 2.8
      vertex -14.567394149946443 -23.06761179604172 2.8
      vertex -14.567394149946443 -23.06761179604172 6.5
    endloop
  endfacet
  facet normal 0.4275550934302844 -0.9039892931234422 2.209497324828085e-18
    outer loop
      vertex -14.567394149946443 -23.06761179604172 2.8
      vertex -14.272422412613924 -22.928100554399972 2.8
      vertex -14.272422412613924 -22.928100554399972 6.5
    endloop
  endfacet
  facet normal 0.3368898533922164 -0.9415440651830221 7.369958674062194e-19
    outer loop
      vertex -14.272422412613924 -22.928100554399972 2.8
      vertex -13.965196551871088 -22.818173383690407 2.8
      vertex -13.965196551871088 -22.818173383690407 6.5
    endloop
  endfacet
  facet normal 0.24298017990326912 -0.9700312531945426 1.312845369103414e-18
    outer loop
      vertex -13.965196551871088 -22.818173383690407 2.8
      vertex -13.648675320703626 -22.73888894265926 2.8
      vertex -13.648675320703626 -22.73888894265926 6.5
    endloop
  endfacet
  facet normal 0.14673047445535944 -0.9891765099647812 2.853525874680314e-19
    outer loop
      vertex -13.648675320703626 -22.73888894265926 2.8
      vertex -13.325906991595788 -22.691010783814946 2.8
      vertex -13.325906991595788 -22.691010783814946 6.5
    endloop
  endfacet
  facet normal 0.049067674327417106 -0.9987954562051724 1.7604673853378576e-19
    outer loop
      vertex -13.325906991595788 -22.691010783814946 2.8
      vertex -13 -22.675 2.8
      vertex -13 -22.675 6.5
    endloop
  endfacet
  facet normal -0.049067674327417106 -0.9987954562051724 -1.7604673853378576e-19
    outer loop
      vertex -13 -22.675 2.8
      vertex -12.674093008404212 -22.691010783814946 2.8
      vertex -12.674093008404212 -22.691010783814946 6.5
    endloop
  endfacet
  facet normal -0.14673047445535944 0.9891765099647812 0
    outer loop
      vertex -12.674093008404212 -29.308989216185054 2.8
      vertex -12.674093008404212 -29.308989216185054 6.5
      vertex -12.351324679296374 -29.26111105734074 2.8
    endloop
  endfacet
  facet normal -0.24298017990326912 0.9700312531945426 0
    outer loop
      vertex -12.351324679296374 -29.26111105734074 2.8
      vertex -12.351324679296374 -29.26111105734074 6.5
      vertex -12.034803448128912 -29.181826616309593 2.8
    endloop
  endfacet
  facet normal -0.3368898533922164 0.9415440651830221 0
    outer loop
      vertex -12.034803448128912 -29.181826616309593 2.8
      vertex -12.034803448128912 -29.181826616309593 6.5
      vertex -11.727577587386076 -29.071899445600028 2.8
    endloop
  endfacet
  facet normal -0.4275550934302844 0.9039892931234422 0
    outer loop
      vertex -11.727577587386076 -29.071899445600028 2.8
      vertex -11.727577587386076 -29.071899445600028 6.5
      vertex -11.432605850053557 -28.93238820395828 2.8
    endloop
  endfacet
  facet normal -0.5141027441932217 0.857728610000272 0
    outer loop
      vertex -11.432605850053557 -28.93238820395828 2.8
      vertex -11.432605850053557 -28.93238820395828 6.5
      vertex -11.152728975209822 -28.76463646090596 2.8
    endloop
  endfacet
  facet normal -0.5956993044924349 0.8032075314806437 0
    outer loop
      vertex -11.152728975209822 -28.76463646090596 2.8
      vertex -11.152728975209822 -28.76463646090596 6.5
      vertex -10.89064233015588 -28.5702597574311 2.8
    endloop
  endfacet
  facet normal -0.6715589548470163 0.740951125354961 0
    outer loop
      vertex -10.89064233015588 -28.5702597574311 2.8
      vertex -10.89064233015588 -28.5702597574311 6.5
      vertex -10.64886995255473 -28.35113004744527 2.8
    endloop
  endfacet
  facet normal -0.7409511253549559 0.671558954847022 0
    outer loop
      vertex -10.64886995255473 -28.35113004744527 2.8
      vertex -10.64886995255473 -28.35113004744527 6.5
      vertex -10.429740242568899 -28.109357669844123 2.8
    endloop
  endfacet
  facet normal -0.8032075314806457 0.5956993044924322 0
    outer loop
      vertex -10.429740242568899 -28.109357669844123 2.8
      vertex -10.429740242568899 -28.109357669844123 6.5
      vertex -10.235363539094037 -27.847271024790178 2.8
    endloop
  endfacet
  facet normal -0.8577286100002735 0.5141027441932192 0
    outer loop
      vertex -10.235363539094037 -27.847271024790178 2.8
      vertex -10.235363539094037 -27.847271024790178 6.5
      vertex -10.067611796041719 -27.56739414994644 2.8
    endloop
  endfacet
  facet normal -0.9039892931234434 0.4275550934302819 0
    outer loop
      vertex -10.067611796041719 -27.56739414994644 2.8
      vertex -10.067611796041719 -27.56739414994644 6.5
      vertex -9.928100554399972 -27.272422412613924 2.8
    endloop
  endfacet
  facet normal -0.9415440651830204 0.33688985339222116 0
    outer loop
      vertex -9.928100554399972 -27.272422412613924 2.8
      vertex -9.928100554399972 -27.272422412613924 6.5
      vertex -9.818173383690405 -26.965196551871088 2.8
    endloop
  endfacet
  facet normal -0.9700312531945438 0.24298017990326534 0
    outer loop
      vertex -9.818173383690405 -26.965196551871088 2.8
      vertex -9.818173383690405 -26.965196551871088 6.5
      vertex -9.738888942659258 -26.648675320703628 2.8
    endloop
  endfacet
  facet normal -0.6715589548470163 -0.740951125354961 0
    outer loop
      vertex -10.64886995255473 -23.64886995255473 2.8
      vertex -10.64886995255473 -23.64886995255473 6.5
      vertex -10.89064233015588 -23.4297402425689 2.8
    endloop
  endfacet
  facet normal -0.14673047445535944 -0.9891765099647812 -2.853525874680314e-19
    outer loop
      vertex -12.674093008404212 -22.691010783814946 2.8
      vertex -12.351324679296374 -22.73888894265926 2.8
      vertex -12.351324679296374 -22.73888894265926 6.5
    endloop
  endfacet
  facet normal -0.24298017990326912 -0.9700312531945426 0
    outer loop
      vertex -12.034803448128912 -22.818173383690407 2.8
      vertex -12.034803448128912 -22.818173383690407 6.5
      vertex -12.351324679296374 -22.73888894265926 2.8
    endloop
  endfacet
  facet normal -0.3368898533922164 -0.9415440651830221 -7.369958674062194e-19
    outer loop
      vertex -12.034803448128912 -22.818173383690407 2.8
      vertex -11.727577587386076 -22.928100554399972 2.8
      vertex -11.727577587386076 -22.928100554399972 6.5
    endloop
  endfacet
  facet normal -0.4275550934302844 -0.9039892931234422 -2.209497324828085e-18
    outer loop
      vertex -11.727577587386076 -22.928100554399972 2.8
      vertex -11.432605850053557 -23.06761179604172 2.8
      vertex -11.432605850053557 -23.06761179604172 6.5
    endloop
  endfacet
  facet normal -0.5141027441932217 -0.857728610000272 -1.0759301732897485e-18
    outer loop
      vertex -11.432605850053557 -23.06761179604172 2.8
      vertex -11.152728975209822 -23.23536353909404 2.8
      vertex -11.152728975209822 -23.23536353909404 6.5
    endloop
  endfacet
  facet normal -0.5956993044924349 -0.8032075314806437 2.7098242738205014e-18
    outer loop
      vertex -11.152728975209822 -23.23536353909404 2.8
      vertex -10.89064233015588 -23.4297402425689 2.8
      vertex -10.89064233015588 -23.4297402425689 6.5
    endloop
  endfacet
  facet normal -0.9891765099647812 0.14673047445535944 0
    outer loop
      vertex -9.738888942659258 -26.648675320703628 2.8
      vertex -9.738888942659258 -26.648675320703628 6.5
      vertex -9.691010783814946 -26.32590699159579 2.8
    endloop
  endfacet
  facet normal -0.9987954562051724 0.04906767432741685 0
    outer loop
      vertex -9.691010783814946 -26.32590699159579 2.8
      vertex -9.691010783814946 -26.32590699159579 6.5
      vertex -9.675 -26 2.8
    endloop
  endfacet
  facet normal -0.9891765099647812 -0.14673047445535944 0
    outer loop
      vertex -9.691010783814946 -25.67409300840421 2.8
      vertex -9.691010783814946 -25.67409300840421 6.5
      vertex -9.738888942659258 -25.351324679296372 2.8
    endloop
  endfacet
  facet normal -0.9987954562051724 -0.04906767432741685 0
    outer loop
      vertex -9.675 -26 2.8
      vertex -9.675 -26 6.5
      vertex -9.691010783814946 -25.67409300840421 2.8
    endloop
  endfacet
  facet normal -0.9700312531945438 -0.24298017990326534 5.622557656264583e-19
    outer loop
      vertex -9.818173383690405 -25.034803448128912 2.8
      vertex -9.738888942659258 -25.351324679296372 2.8
      vertex -9.738888942659258 -25.351324679296372 6.5
    endloop
  endfacet
  facet normal -0.8577286100002735 -0.5141027441932192 0
    outer loop
      vertex -10.067611796041719 -24.43260585005356 2.8
      vertex -10.067611796041719 -24.43260585005356 6.5
      vertex -10.235363539094037 -24.152728975209822 2.8
    endloop
  endfacet
  facet normal -0.7409511253549559 -0.671558954847022 1.7194087071112483e-18
    outer loop
      vertex -10.64886995255473 -23.64886995255473 2.8
      vertex -10.429740242568899 -23.890642330155877 2.8
      vertex -10.429740242568899 -23.890642330155877 6.5
    endloop
  endfacet
  facet normal -0.8032075314806457 -0.5956993044924322 -1.660705906410593e-18
    outer loop
      vertex -10.429740242568899 -23.890642330155877 2.8
      vertex -10.235363539094037 -24.152728975209822 2.8
      vertex -10.235363539094037 -24.152728975209822 6.5
    endloop
  endfacet
  facet normal -0.9415440651830204 -0.33688985339222116 0
    outer loop
      vertex -9.818173383690405 -25.034803448128912 2.8
      vertex -9.818173383690405 -25.034803448128912 6.5
      vertex -9.928100554399972 -24.727577587386076 2.8
    endloop
  endfacet
  facet normal -0.9039892931234434 -0.4275550934302819 -9.011442056646957e-19
    outer loop
      vertex -10.067611796041719 -24.43260585005356 2.8
      vertex -9.928100554399972 -24.727577587386076 2.8
      vertex -9.928100554399972 -24.727577587386076 6.5
    endloop
  endfacet
  facet normal 0.9700312531945424 0.24298017990327045 0
    outer loop
      vertex -16.181826616309593 -26.965196551871088 2.8
      vertex -16.26111105734074 -26.648675320703628 6.5
      vertex -16.181826616309593 -26.965196551871088 6.5
    endloop
  endfacet
  facet normal 0.9039892931234434 0.4275550934302819 0
    outer loop
      vertex -15.932388203958281 -27.56739414994644 2.8
      vertex -16.071899445600028 -27.272422412613924 6.5
      vertex -15.932388203958281 -27.56739414994644 6.5
    endloop
  endfacet
  facet normal 0.9415440651830221 0.3368898533922164 0
    outer loop
      vertex -16.071899445600028 -27.272422412613924 2.8
      vertex -16.181826616309593 -26.965196551871088 6.5
      vertex -16.071899445600028 -27.272422412613924 6.5
    endloop
  endfacet
  facet normal 0.6715589548470163 0.740951125354961 0
    outer loop
      vertex -15.10935766984412 -28.5702597574311 2.8
      vertex -15.35113004744527 -28.35113004744527 6.5
      vertex -15.10935766984412 -28.5702597574311 6.5
    endloop
  endfacet
  facet normal 0.5956993044924349 0.8032075314806437 0
    outer loop
      vertex -14.847271024790178 -28.76463646090596 2.8
      vertex -15.10935766984412 -28.5702597574311 6.5
      vertex -14.847271024790178 -28.76463646090596 6.5
    endloop
  endfacet
  facet normal 0.8577286100002735 0.5141027441932192 0
    outer loop
      vertex -15.764636460905963 -27.847271024790178 2.8
      vertex -15.932388203958281 -27.56739414994644 6.5
      vertex -15.764636460905963 -27.847271024790178 6.5
    endloop
  endfacet
  facet normal 0.8032075314806457 0.5956993044924322 0
    outer loop
      vertex -15.570259757431101 -28.109357669844123 2.8
      vertex -15.764636460905963 -27.847271024790178 6.5
      vertex -15.570259757431101 -28.109357669844123 6.5
    endloop
  endfacet
  facet normal 0.7409511253549559 0.671558954847022 0
    outer loop
      vertex -15.35113004744527 -28.35113004744527 2.8
      vertex -15.570259757431101 -28.109357669844123 6.5
      vertex -15.35113004744527 -28.35113004744527 6.5
    endloop
  endfacet
  facet normal 0.5141027441932217 0.857728610000272 0
    outer loop
      vertex -14.567394149946443 -28.93238820395828 2.8
      vertex -14.847271024790178 -28.76463646090596 6.5
      vertex -14.567394149946443 -28.93238820395828 6.5
    endloop
  endfacet
  facet normal 0.4275550934302844 0.9039892931234422 0
    outer loop
      vertex -14.272422412613924 -29.071899445600028 2.8
      vertex -14.567394149946443 -28.93238820395828 6.5
      vertex -14.272422412613924 -29.071899445600028 6.5
    endloop
  endfacet
  facet normal 0.3368898533922164 0.9415440651830221 0
    outer loop
      vertex -13.965196551871088 -29.181826616309593 2.8
      vertex -14.272422412613924 -29.071899445600028 6.5
      vertex -13.965196551871088 -29.181826616309593 6.5
    endloop
  endfacet
  facet normal 0.14673047445535944 0.9891765099647812 0
    outer loop
      vertex -13.325906991595788 -29.308989216185054 2.8
      vertex -13.648675320703626 -29.26111105734074 6.5
      vertex -13.325906991595788 -29.308989216185054 6.5
    endloop
  endfacet
  facet normal 0.24298017990326912 0.9700312531945426 0
    outer loop
      vertex -13.648675320703626 -29.26111105734074 2.8
      vertex -13.965196551871088 -29.181826616309593 6.5
      vertex -13.648675320703626 -29.26111105734074 6.5
    endloop
  endfacet
  facet normal 0.049067674327417106 0.9987954562051724 0
    outer loop
      vertex -13 -29.325 2.8
      vertex -13.325906991595788 -29.308989216185054 6.5
      vertex -13 -29.325 6.5
    endloop
  endfacet
  facet normal -0.049067674327417106 0.9987954562051724 0
    outer loop
      vertex -12.674093008404212 -29.308989216185054 2.8
      vertex -13 -29.325 6.5
      vertex -12.674093008404212 -29.308989216185054 6.5
    endloop
  endfacet
  facet normal 0.9891765099647812 0.14673047445535944 0
    outer loop
      vertex -16.26111105734074 -26.648675320703628 2.8
      vertex -16.308989216185054 -26.32590699159579 6.5
      vertex -16.26111105734074 -26.648675320703628 6.5
    endloop
  endfacet
  facet normal 0.9987954562051724 0.04906767432741685 0
    outer loop
      vertex -16.308989216185054 -26.32590699159579 2.8
      vertex -16.325 -26 6.5
      vertex -16.308989216185054 -26.32590699159579 6.5
    endloop
  endfacet
  facet normal 0.9987954562051724 -0.04906767432741685 0
    outer loop
      vertex -16.325 -26 2.8
      vertex -16.308989216185054 -25.67409300840421 6.5
      vertex -16.325 -26 6.5
    endloop
  endfacet
  facet normal 0.9891765099647812 -0.14673047445535944 0
    outer loop
      vertex -16.308989216185054 -25.67409300840421 2.8
      vertex -16.26111105734074 -25.351324679296372 6.5
      vertex -16.308989216185054 -25.67409300840421 6.5
    endloop
  endfacet
  facet normal 0.9700312531945424 -0.24298017990327045 0
    outer loop
      vertex -16.26111105734074 -25.351324679296372 2.8
      vertex -16.181826616309593 -25.034803448128912 6.5
      vertex -16.26111105734074 -25.351324679296372 6.5
    endloop
  endfacet
  facet normal 0.9415440651830221 -0.3368898533922164 0
    outer loop
      vertex -16.181826616309593 -25.034803448128912 2.8
      vertex -16.071899445600028 -24.727577587386076 6.5
      vertex -16.181826616309593 -25.034803448128912 6.5
    endloop
  endfacet
  facet normal 0.9039892931234434 -0.4275550934302819 0
    outer loop
      vertex -16.071899445600028 -24.727577587386076 2.8
      vertex -15.932388203958281 -24.43260585005356 6.5
      vertex -16.071899445600028 -24.727577587386076 6.5
    endloop
  endfacet
  facet normal 0.8577286100002735 -0.5141027441932192 0
    outer loop
      vertex -15.932388203958281 -24.43260585005356 2.8
      vertex -15.764636460905963 -24.152728975209822 6.5
      vertex -15.932388203958281 -24.43260585005356 6.5
    endloop
  endfacet
  facet normal 0.8032075314806457 -0.5956993044924322 0
    outer loop
      vertex -15.764636460905963 -24.152728975209822 2.8
      vertex -15.570259757431101 -23.890642330155877 6.5
      vertex -15.764636460905963 -24.152728975209822 6.5
    endloop
  endfacet
  facet normal 0.7409511253549559 -0.671558954847022 0
    outer loop
      vertex -15.570259757431101 -23.890642330155877 2.8
      vertex -15.35113004744527 -23.64886995255473 6.5
      vertex -15.570259757431101 -23.890642330155877 6.5
    endloop
  endfacet
  facet normal 0.6715589548470163 -0.740951125354961 0
    outer loop
      vertex -15.35113004744527 -23.64886995255473 2.8
      vertex -15.10935766984412 -23.4297402425689 6.5
      vertex -15.35113004744527 -23.64886995255473 6.5
    endloop
  endfacet
  facet normal 0.5956993044924349 -0.8032075314806437 0
    outer loop
      vertex -15.10935766984412 -23.4297402425689 2.8
      vertex -14.847271024790178 -23.23536353909404 6.5
      vertex -15.10935766984412 -23.4297402425689 6.5
    endloop
  endfacet
  facet normal 0.5141027441932217 -0.857728610000272 0
    outer loop
      vertex -14.847271024790178 -23.23536353909404 2.8
      vertex -14.567394149946443 -23.06761179604172 6.5
      vertex -14.847271024790178 -23.23536353909404 6.5
    endloop
  endfacet
  facet normal 0.4275550934302844 -0.9039892931234422 0
    outer loop
      vertex -14.567394149946443 -23.06761179604172 2.8
      vertex -14.272422412613924 -22.928100554399972 6.5
      vertex -14.567394149946443 -23.06761179604172 6.5
    endloop
  endfacet
  facet normal 0.3368898533922164 -0.9415440651830221 0
    outer loop
      vertex -14.272422412613924 -22.928100554399972 2.8
      vertex -13.965196551871088 -22.818173383690407 6.5
      vertex -14.272422412613924 -22.928100554399972 6.5
    endloop
  endfacet
  facet normal 0.24298017990326912 -0.9700312531945426 0
    outer loop
      vertex -13.965196551871088 -22.818173383690407 2.8
      vertex -13.648675320703626 -22.73888894265926 6.5
      vertex -13.965196551871088 -22.818173383690407 6.5
    endloop
  endfacet
  facet normal 0.14673047445535944 -0.9891765099647812 0
    outer loop
      vertex -13.648675320703626 -22.73888894265926 2.8
      vertex -13.325906991595788 -22.691010783814946 6.5
      vertex -13.648675320703626 -22.73888894265926 6.5
    endloop
  endfacet
  facet normal 0.049067674327417106 -0.9987954562051724 0
    outer loop
      vertex -13.325906991595788 -22.691010783814946 2.8
      vertex -13 -22.675 6.5
      vertex -13.325906991595788 -22.691010783814946 6.5
    endloop
  endfacet
  facet normal -0.049067674327417106 -0.9987954562051724 0
    outer loop
      vertex -13 -22.675 2.8
      vertex -12.674093008404212 -22.691010783814946 6.5
      vertex -13 -22.675 6.5
    endloop
  endfacet
  facet normal -0.14673047445535944 0.9891765099647812 0
    outer loop
      vertex -12.351324679296374 -29.26111105734074 2.8
      vertex -12.674093008404212 -29.308989216185054 6.5
      vertex -12.351324679296374 -29.26111105734074 6.5
    endloop
  endfacet
  facet normal -0.24298017990326912 0.9700312531945426 0
    outer loop
      vertex -12.034803448128912 -29.181826616309593 2.8
      vertex -12.351324679296374 -29.26111105734074 6.5
      vertex -12.034803448128912 -29.181826616309593 6.5
    endloop
  endfacet
  facet normal -0.3368898533922164 0.9415440651830221 0
    outer loop
      vertex -11.727577587386076 -29.071899445600028 2.8
      vertex -12.034803448128912 -29.181826616309593 6.5
      vertex -11.727577587386076 -29.071899445600028 6.5
    endloop
  endfacet
  facet normal -0.4275550934302844 0.9039892931234422 0
    outer loop
      vertex -11.432605850053557 -28.93238820395828 2.8
      vertex -11.727577587386076 -29.071899445600028 6.5
      vertex -11.432605850053557 -28.93238820395828 6.5
    endloop
  endfacet
  facet normal -0.5141027441932217 0.857728610000272 0
    outer loop
      vertex -11.152728975209822 -28.76463646090596 2.8
      vertex -11.432605850053557 -28.93238820395828 6.5
      vertex -11.152728975209822 -28.76463646090596 6.5
    endloop
  endfacet
  facet normal -0.5956993044924349 0.8032075314806437 0
    outer loop
      vertex -10.89064233015588 -28.5702597574311 2.8
      vertex -11.152728975209822 -28.76463646090596 6.5
      vertex -10.89064233015588 -28.5702597574311 6.5
    endloop
  endfacet
  facet normal -0.6715589548470163 0.740951125354961 0
    outer loop
      vertex -10.64886995255473 -28.35113004744527 2.8
      vertex -10.89064233015588 -28.5702597574311 6.5
      vertex -10.64886995255473 -28.35113004744527 6.5
    endloop
  endfacet
  facet normal -0.7409511253549559 0.671558954847022 0
    outer loop
      vertex -10.429740242568899 -28.109357669844123 2.8
      vertex -10.64886995255473 -28.35113004744527 6.5
      vertex -10.429740242568899 -28.109357669844123 6.5
    endloop
  endfacet
  facet normal -0.8032075314806457 0.5956993044924322 0
    outer loop
      vertex -10.235363539094037 -27.847271024790178 2.8
      vertex -10.429740242568899 -28.109357669844123 6.5
      vertex -10.235363539094037 -27.847271024790178 6.5
    endloop
  endfacet
  facet normal -0.8577286100002735 0.5141027441932192 0
    outer loop
      vertex -10.067611796041719 -27.56739414994644 2.8
      vertex -10.235363539094037 -27.847271024790178 6.5
      vertex -10.067611796041719 -27.56739414994644 6.5
    endloop
  endfacet
  facet normal -0.9039892931234434 0.4275550934302819 0
    outer loop
      vertex -9.928100554399972 -27.272422412613924 2.8
      vertex -10.067611796041719 -27.56739414994644 6.5
      vertex -9.928100554399972 -27.272422412613924 6.5
    endloop
  endfacet
  facet normal -0.9415440651830204 0.33688985339222116 0
    outer loop
      vertex -9.818173383690405 -26.965196551871088 2.8
      vertex -9.928100554399972 -27.272422412613924 6.5
      vertex -9.818173383690405 -26.965196551871088 6.5
    endloop
  endfacet
  facet normal -0.9700312531945438 0.24298017990326534 0
    outer loop
      vertex -9.738888942659258 -26.648675320703628 2.8
      vertex -9.818173383690405 -26.965196551871088 6.5
      vertex -9.738888942659258 -26.648675320703628 6.5
    endloop
  endfacet
  facet normal -0.6715589548470163 -0.740951125354961 0
    outer loop
      vertex -10.89064233015588 -23.4297402425689 2.8
      vertex -10.64886995255473 -23.64886995255473 6.5
      vertex -10.89064233015588 -23.4297402425689 6.5
    endloop
  endfacet
  facet normal -0.14673047445535944 -0.9891765099647812 0
    outer loop
      vertex -12.674093008404212 -22.691010783814946 2.8
      vertex -12.351324679296374 -22.73888894265926 6.5
      vertex -12.674093008404212 -22.691010783814946 6.5
    endloop
  endfacet
  facet normal -0.24298017990326912 -0.9700312531945426 0
    outer loop
      vertex -12.351324679296374 -22.73888894265926 2.8
      vertex -12.034803448128912 -22.818173383690407 6.5
      vertex -12.351324679296374 -22.73888894265926 6.5
    endloop
  endfacet
  facet normal -0.3368898533922164 -0.9415440651830221 0
    outer loop
      vertex -12.034803448128912 -22.818173383690407 2.8
      vertex -11.727577587386076 -22.928100554399972 6.5
      vertex -12.034803448128912 -22.818173383690407 6.5
    endloop
  endfacet
  facet normal -0.4275550934302844 -0.9039892931234422 0
    outer loop
      vertex -11.727577587386076 -22.928100554399972 2.8
      vertex -11.432605850053557 -23.06761179604172 6.5
      vertex -11.727577587386076 -22.928100554399972 6.5
    endloop
  endfacet
  facet normal -0.5141027441932217 -0.857728610000272 0
    outer loop
      vertex -11.432605850053557 -23.06761179604172 2.8
      vertex -11.152728975209822 -23.23536353909404 6.5
      vertex -11.432605850053557 -23.06761179604172 6.5
    endloop
  endfacet
  facet normal -0.5956993044924349 -0.8032075314806437 0
    outer loop
      vertex -11.152728975209822 -23.23536353909404 2.8
      vertex -10.89064233015588 -23.4297402425689 6.5
      vertex -11.152728975209822 -23.23536353909404 6.5
    endloop
  endfacet
  facet normal -0.9891765099647812 0.14673047445535944 0
    outer loop
      vertex -9.691010783814946 -26.32590699159579 2.8
      vertex -9.738888942659258 -26.648675320703628 6.5
      vertex -9.691010783814946 -26.32590699159579 6.5
    endloop
  endfacet
  facet normal -0.9987954562051724 0.04906767432741685 0
    outer loop
      vertex -9.675 -26 2.8
      vertex -9.691010783814946 -26.32590699159579 6.5
      vertex -9.675 -26 6.5
    endloop
  endfacet
  facet normal -0.9987954562051724 -0.04906767432741685 0
    outer loop
      vertex -9.691010783814946 -25.67409300840421 2.8
      vertex -9.675 -26 6.5
      vertex -9.691010783814946 -25.67409300840421 6.5
    endloop
  endfacet
  facet normal -0.9891765099647812 -0.14673047445535944 0
    outer loop
      vertex -9.738888942659258 -25.351324679296372 2.8
      vertex -9.691010783814946 -25.67409300840421 6.5
      vertex -9.738888942659258 -25.351324679296372 6.5
    endloop
  endfacet
  facet normal -0.9700312531945438 -0.24298017990326534 0
    outer loop
      vertex -9.818173383690405 -25.034803448128912 2.8
      vertex -9.738888942659258 -25.351324679296372 6.5
      vertex -9.818173383690405 -25.034803448128912 6.5
    endloop
  endfacet
  facet normal -0.8577286100002735 -0.5141027441932192 0
    outer loop
      vertex -10.235363539094037 -24.152728975209822 2.8
      vertex -10.067611796041719 -24.43260585005356 6.5
      vertex -10.235363539094037 -24.152728975209822 6.5
    endloop
  endfacet
  facet normal -0.8032075314806457 -0.5956993044924322 0
    outer loop
      vertex -10.429740242568899 -23.890642330155877 2.8
      vertex -10.235363539094037 -24.152728975209822 6.5
      vertex -10.429740242568899 -23.890642330155877 6.5
    endloop
  endfacet
  facet normal -0.7409511253549559 -0.671558954847022 0
    outer loop
      vertex -10.64886995255473 -23.64886995255473 2.8
      vertex -10.429740242568899 -23.890642330155877 6.5
      vertex -10.64886995255473 -23.64886995255473 6.5
    endloop
  endfacet
  facet normal -0.9415440651830204 -0.33688985339222116 0
    outer loop
      vertex -9.928100554399972 -24.727577587386076 2.8
      vertex -9.818173383690405 -25.034803448128912 6.5
      vertex -9.928100554399972 -24.727577587386076 6.5
    endloop
  endfacet
  facet normal -0.9039892931234434 -0.4275550934302819 0
    outer loop
      vertex -10.067611796041719 -24.43260585005356 2.8
      vertex -9.928100554399972 -24.727577587386076 6.5
      vertex -10.067611796041719 -24.43260585005356 6.5
    endloop
  endfacet
  facet normal 0 0 1
    outer loop
      vertex 10.64886995255473 -28.35113004744527 2.8
      vertex 10.89064233015588 -28.5702597574311 2.8
      vertex 10.89064233015588 -23.4297402425689 2.8
    endloop
  endfacet
  facet normal 0 0 1
    outer loop
      vertex 11.152728975209822 -28.76463646090596 2.8
      vertex 11.152728975209822 -23.23536353909404 2.8
      vertex 10.89064233015588 -28.5702597574311 2.8
    endloop
  endfacet
  facet normal 0 0 1
    outer loop
      vertex 11.152728975209822 -28.76463646090596 2.8
      vertex 11.432605850053557 -28.93238820395828 2.8
      vertex 11.432605850053557 -23.06761179604172 2.8
    endloop
  endfacet
  facet normal 0 0 1
    outer loop
      vertex 11.432605850053557 -28.93238820395828 2.8
      vertex 11.727577587386076 -29.071899445600028 2.8
      vertex 11.727577587386076 -22.928100554399972 2.8
    endloop
  endfacet
  facet normal 0 0 1
    outer loop
      vertex 11.727577587386076 -29.071899445600028 2.8
      vertex 12.034803448128912 -29.181826616309593 2.8
      vertex 12.034803448128912 -22.818173383690407 2.8
    endloop
  endfacet
  facet normal 0 0 1
    outer loop
      vertex 12.034803448128912 -29.181826616309593 2.8
      vertex 12.351324679296374 -29.26111105734074 2.8
      vertex 12.351324679296374 -22.73888894265926 2.8
    endloop
  endfacet
  facet normal 0 0 1
    outer loop
      vertex 12.351324679296374 -29.26111105734074 2.8
      vertex 12.674093008404212 -29.308989216185054 2.8
      vertex 12.674093008404212 -22.691010783814946 2.8
    endloop
  endfacet
  facet normal 0 0 1
    outer loop
      vertex 9.691010783814946 -26.32590699159579 2.8
      vertex 9.691010783814946 -25.67409300840421 2.8
      vertex 9.675 -26 2.8
    endloop
  endfacet
  facet normal 0 0 1
    outer loop
      vertex 9.738888942659258 -26.648675320703628 2.8
      vertex 9.818173383690405 -26.965196551871088 2.8
      vertex 9.818173383690405 -25.034803448128912 2.8
    endloop
  endfacet
  facet normal 0 0 1
    outer loop
      vertex 9.738888942659258 -26.648675320703628 2.8
      vertex 9.738888942659258 -25.351324679296372 2.8
      vertex 9.691010783814946 -26.32590699159579 2.8
    endloop
  endfacet
  facet normal 0 0 1
    outer loop
      vertex 9.928100554399972 -27.272422412613924 2.8
      vertex 10.067611796041719 -27.56739414994644 2.8
      vertex 10.067611796041719 -24.43260585005356 2.8
    endloop
  endfacet
  facet normal 0 0 1
    outer loop
      vertex 9.928100554399972 -27.272422412613924 2.8
      vertex 9.928100554399972 -24.727577587386076 2.8
      vertex 9.818173383690405 -26.965196551871088 2.8
    endloop
  endfacet
  facet normal 0 0 1
    outer loop
      vertex 9.691010783814946 -26.32590699159579 2.8
      vertex 9.738888942659258 -25.351324679296372 2.8
      vertex 9.691010783814946 -25.67409300840421 2.8
    endloop
  endfacet
  facet normal 0 0 1
    outer loop
      vertex 9.738888942659258 -26.648675320703628 2.8
      vertex 9.818173383690405 -25.034803448128912 2.8
      vertex 9.738888942659258 -25.351324679296372 2.8
    endloop
  endfacet
  facet normal 0 0 1
    outer loop
      vertex 9.818173383690405 -26.965196551871088 2.8
      vertex 9.928100554399972 -24.727577587386076 2.8
      vertex 9.818173383690405 -25.034803448128912 2.8
    endloop
  endfacet
  facet normal 0 0 1
    outer loop
      vertex 9.928100554399972 -27.272422412613924 2.8
      vertex 10.067611796041719 -24.43260585005356 2.8
      vertex 9.928100554399972 -24.727577587386076 2.8
    endloop
  endfacet
  facet normal 0 0 1
    outer loop
      vertex 10.067611796041719 -27.56739414994644 2.8
      vertex 10.235363539094037 -27.847271024790178 2.8
      vertex 10.235363539094037 -24.152728975209822 2.8
    endloop
  endfacet
  facet normal 0 0 1
    outer loop
      vertex 10.429740242568899 -28.109357669844123 2.8
      vertex 10.429740242568899 -23.890642330155877 2.8
      vertex 10.235363539094037 -27.847271024790178 2.8
    endloop
  endfacet
  facet normal 0 0 1
    outer loop
      vertex 10.429740242568899 -28.109357669844123 2.8
      vertex 10.64886995255473 -28.35113004744527 2.8
      vertex 10.64886995255473 -23.64886995255473 2.8
    endloop
  endfacet
  facet normal 0 0 1
    outer loop
      vertex 10.067611796041719 -27.56739414994644 2.8
      vertex 10.235363539094037 -24.152728975209822 2.8
      vertex 10.067611796041719 -24.43260585005356 2.8
    endloop
  endfacet
  facet normal 0 0 1
    outer loop
      vertex 10.235363539094037 -27.847271024790178 2.8
      vertex 10.429740242568899 -23.890642330155877 2.8
      vertex 10.235363539094037 -24.152728975209822 2.8
    endloop
  endfacet
  facet normal 0 0 1
    outer loop
      vertex 10.429740242568899 -28.109357669844123 2.8
      vertex 10.64886995255473 -23.64886995255473 2.8
      vertex 10.429740242568899 -23.890642330155877 2.8
    endloop
  endfacet
  facet normal 0 0 1
    outer loop
      vertex 10.64886995255473 -28.35113004744527 2.8
      vertex 10.89064233015588 -23.4297402425689 2.8
      vertex 10.64886995255473 -23.64886995255473 2.8
    endloop
  endfacet
  facet normal 0 0 1
    outer loop
      vertex 10.89064233015588 -28.5702597574311 2.8
      vertex 11.152728975209822 -23.23536353909404 2.8
      vertex 10.89064233015588 -23.4297402425689 2.8
    endloop
  endfacet
  facet normal 0 0 1
    outer loop
      vertex 11.152728975209822 -28.76463646090596 2.8
      vertex 11.432605850053557 -23.06761179604172 2.8
      vertex 11.152728975209822 -23.23536353909404 2.8
    endloop
  endfacet
  facet normal 0 0 1
    outer loop
      vertex 11.432605850053557 -28.93238820395828 2.8
      vertex 11.727577587386076 -22.928100554399972 2.8
      vertex 11.432605850053557 -23.06761179604172 2.8
    endloop
  endfacet
  facet normal 0 0 1
    outer loop
      vertex 11.727577587386076 -29.071899445600028 2.8
      vertex 12.034803448128912 -22.818173383690407 2.8
      vertex 11.727577587386076 -22.928100554399972 2.8
    endloop
  endfacet
  facet normal 0 0 1
    outer loop
      vertex 12.034803448128912 -29.181826616309593 2.8
      vertex 12.351324679296374 -22.73888894265926 2.8
      vertex 12.034803448128912 -22.818173383690407 2.8
    endloop
  endfacet
  facet normal 0 0 1
    outer loop
      vertex 12.351324679296374 -29.26111105734074 2.8
      vertex 12.674093008404212 -22.691010783814946 2.8
      vertex 12.351324679296374 -22.73888894265926 2.8
    endloop
  endfacet
  facet normal 0 0 1
    outer loop
      vertex 12.674093008404212 -29.308989216185054 2.8
      vertex 13 -29.325 2.8
      vertex 13 -22.675 2.8
    endloop
  endfacet
  facet normal 0 0 1
    outer loop
      vertex 13 -29.325 2.8
      vertex 13.325906991595788 -29.308989216185054 2.8
      vertex 13.325906991595788 -22.691010783814946 2.8
    endloop
  endfacet
  facet normal 0 0 1
    outer loop
      vertex 13.325906991595788 -29.308989216185054 2.8
      vertex 13.648675320703626 -29.26111105734074 2.8
      vertex 13.648675320703626 -22.73888894265926 2.8
    endloop
  endfacet
  facet normal 0 0 1
    outer loop
      vertex 13.648675320703626 -29.26111105734074 2.8
      vertex 13.965196551871088 -29.181826616309593 2.8
      vertex 13.965196551871088 -22.818173383690407 2.8
    endloop
  endfacet
  facet normal 0 0 1
    outer loop
      vertex 13.965196551871088 -29.181826616309593 2.8
      vertex 14.272422412613924 -29.071899445600028 2.8
      vertex 14.272422412613924 -22.928100554399972 2.8
    endloop
  endfacet
  facet normal 0 0 1
    outer loop
      vertex 14.272422412613924 -29.071899445600028 2.8
      vertex 14.567394149946443 -28.93238820395828 2.8
      vertex 14.567394149946443 -23.06761179604172 2.8
    endloop
  endfacet
  facet normal 0 0 1
    outer loop
      vertex 14.567394149946443 -28.93238820395828 2.8
      vertex 14.847271024790178 -28.76463646090596 2.8
      vertex 14.847271024790178 -23.23536353909404 2.8
    endloop
  endfacet
  facet normal 0 0 1
    outer loop
      vertex 14.847271024790178 -28.76463646090596 2.8
      vertex 15.10935766984412 -28.5702597574311 2.8
      vertex 15.10935766984412 -23.4297402425689 2.8
    endloop
  endfacet
  facet normal 0 0 1
    outer loop
      vertex 15.10935766984412 -28.5702597574311 2.8
      vertex 15.35113004744527 -28.35113004744527 2.8
      vertex 15.35113004744527 -23.64886995255473 2.8
    endloop
  endfacet
  facet normal 0 0 1
    outer loop
      vertex 15.35113004744527 -28.35113004744527 2.8
      vertex 15.570259757431101 -28.109357669844123 2.8
      vertex 15.570259757431101 -23.890642330155877 2.8
    endloop
  endfacet
  facet normal 0 0 1
    outer loop
      vertex 12.674093008404212 -29.308989216185054 2.8
      vertex 13 -22.675 2.8
      vertex 12.674093008404212 -22.691010783814946 2.8
    endloop
  endfacet
  facet normal 0 0 1
    outer loop
      vertex 13 -29.325 2.8
      vertex 13.325906991595788 -22.691010783814946 2.8
      vertex 13 -22.675 2.8
    endloop
  endfacet
  facet normal 0 0 1
    outer loop
      vertex 13.325906991595788 -29.308989216185054 2.8
      vertex 13.648675320703626 -22.73888894265926 2.8
      vertex 13.325906991595788 -22.691010783814946 2.8
    endloop
  endfacet
  facet normal 0 0 1
    outer loop
      vertex 13.648675320703626 -29.26111105734074 2.8
      vertex 13.965196551871088 -22.818173383690407 2.8
      vertex 13.648675320703626 -22.73888894265926 2.8
    endloop
  endfacet
  facet normal 0 0 1
    outer loop
      vertex 14.567394149946443 -28.93238820395828 2.8
      vertex 14.847271024790178 -23.23536353909404 2.8
      vertex 14.567394149946443 -23.06761179604172 2.8
    endloop
  endfacet
  facet normal 0 0 1
    outer loop
      vertex 13.965196551871088 -29.181826616309593 2.8
      vertex 14.272422412613924 -22.928100554399972 2.8
      vertex 13.965196551871088 -22.818173383690407 2.8
    endloop
  endfacet
  facet normal 0 0 1
    outer loop
      vertex 14.272422412613924 -29.071899445600028 2.8
      vertex 14.567394149946443 -23.06761179604172 2.8
      vertex 14.272422412613924 -22.928100554399972 2.8
    endloop
  endfacet
  facet normal 0 0 1
    outer loop
      vertex 14.847271024790178 -28.76463646090596 2.8
      vertex 15.10935766984412 -23.4297402425689 2.8
      vertex 14.847271024790178 -23.23536353909404 2.8
    endloop
  endfacet
  facet normal 0 0 1
    outer loop
      vertex 15.10935766984412 -28.5702597574311 2.8
      vertex 15.35113004744527 -23.64886995255473 2.8
      vertex 15.10935766984412 -23.4297402425689 2.8
    endloop
  endfacet
  facet normal 0 0 1
    outer loop
      vertex 15.570259757431101 -28.109357669844123 2.8
      vertex 15.764636460905963 -27.847271024790178 2.8
      vertex 15.764636460905963 -24.152728975209822 2.8
    endloop
  endfacet
  facet normal 0 0 1
    outer loop
      vertex 15.764636460905963 -27.847271024790178 2.8
      vertex 15.932388203958281 -27.56739414994644 2.8
      vertex 15.932388203958281 -24.43260585005356 2.8
    endloop
  endfacet
  facet normal 0 0 1
    outer loop
      vertex 15.35113004744527 -28.35113004744527 2.8
      vertex 15.570259757431101 -23.890642330155877 2.8
      vertex 15.35113004744527 -23.64886995255473 2.8
    endloop
  endfacet
  facet normal 0 0 1
    outer loop
      vertex 15.570259757431101 -28.109357669844123 2.8
      vertex 15.764636460905963 -24.152728975209822 2.8
      vertex 15.570259757431101 -23.890642330155877 2.8
    endloop
  endfacet
  facet normal 0 0 1
    outer loop
      vertex 15.764636460905963 -27.847271024790178 2.8
      vertex 15.932388203958281 -24.43260585005356 2.8
      vertex 15.764636460905963 -24.152728975209822 2.8
    endloop
  endfacet
  facet normal 0 0 1
    outer loop
      vertex 15.932388203958281 -27.56739414994644 2.8
      vertex 16.071899445600028 -27.272422412613924 2.8
      vertex 16.071899445600028 -24.727577587386076 2.8
    endloop
  endfacet
  facet normal 0 0 1
    outer loop
      vertex 16.071899445600028 -27.272422412613924 2.8
      vertex 16.181826616309593 -26.965196551871088 2.8
      vertex 16.181826616309593 -25.034803448128912 2.8
    endloop
  endfacet
  facet normal 0 0 1
    outer loop
      vertex 16.181826616309593 -26.965196551871088 2.8
      vertex 16.26111105734074 -26.648675320703628 2.8
      vertex 16.26111105734074 -25.351324679296372 2.8
    endloop
  endfacet
  facet normal 0 0 1
    outer loop
      vertex 16.26111105734074 -26.648675320703628 2.8
      vertex 16.308989216185054 -26.32590699159579 2.8
      vertex 16.308989216185054 -25.67409300840421 2.8
    endloop
  endfacet
  facet normal 0 0 1
    outer loop
      vertex 16.308989216185054 -26.32590699159579 2.8
      vertex 16.325 -26 2.8
      vertex 16.308989216185054 -25.67409300840421 2.8
    endloop
  endfacet
  facet normal 0 0 1
    outer loop
      vertex 15.932388203958281 -27.56739414994644 2.8
      vertex 16.071899445600028 -24.727577587386076 2.8
      vertex 15.932388203958281 -24.43260585005356 2.8
    endloop
  endfacet
  facet normal 0 0 1
    outer loop
      vertex 16.071899445600028 -27.272422412613924 2.8
      vertex 16.181826616309593 -25.034803448128912 2.8
      vertex 16.071899445600028 -24.727577587386076 2.8
    endloop
  endfacet
  facet normal 0 0 1
    outer loop
      vertex 16.181826616309593 -26.965196551871088 2.8
      vertex 16.26111105734074 -25.351324679296372 2.8
      vertex 16.181826616309593 -25.034803448128912 2.8
    endloop
  endfacet
  facet normal 0 0 1
    outer loop
      vertex 16.26111105734074 -26.648675320703628 2.8
      vertex 16.308989216185054 -25.67409300840421 2.8
      vertex 16.26111105734074 -25.351324679296372 2.8
    endloop
  endfacet
  facet normal 0.9700312531945438 0.24298017990326534 0
    outer loop
      vertex 9.738888942659258 -26.648675320703628 2.8
      vertex 9.738888942659258 -26.648675320703628 6.5
      vertex 9.818173383690405 -26.965196551871088 2.8
    endloop
  endfacet
  facet normal 0.9039892931234434 0.4275550934302819 0
    outer loop
      vertex 9.928100554399972 -27.272422412613924 2.8
      vertex 9.928100554399972 -27.272422412613924 6.5
      vertex 10.067611796041719 -27.56739414994644 2.8
    endloop
  endfacet
  facet normal 0.9415440651830204 0.33688985339222116 1.2756265595200454e-18
    outer loop
      vertex 9.928100554399972 -27.272422412613924 2.8
      vertex 9.818173383690405 -26.965196551871088 2.8
      vertex 9.818173383690405 -26.965196551871088 6.5
    endloop
  endfacet
  facet normal 0.8577286100002735 0.5141027441932192 0
    outer loop
      vertex 10.067611796041719 -27.56739414994644 2.8
      vertex 10.067611796041719 -27.56739414994644 6.5
      vertex 10.235363539094037 -27.847271024790178 2.8
    endloop
  endfacet
  facet normal 0.8032075314806457 0.5956993044924322 -1.660705906410593e-18
    outer loop
      vertex 10.429740242568899 -28.109357669844123 2.8
      vertex 10.235363539094037 -27.847271024790178 2.8
      vertex 10.235363539094037 -27.847271024790178 6.5
    endloop
  endfacet
  facet normal 0.7409511253549559 0.671558954847022 0
    outer loop
      vertex 10.429740242568899 -28.109357669844123 2.8
      vertex 10.429740242568899 -28.109357669844123 6.5
      vertex 10.64886995255473 -28.35113004744527 2.8
    endloop
  endfacet
  facet normal 0.5956993044924349 0.8032075314806437 2.7098242738205014e-18
    outer loop
      vertex 11.152728975209822 -28.76463646090596 2.8
      vertex 10.89064233015588 -28.5702597574311 2.8
      vertex 10.89064233015588 -28.5702597574311 6.5
    endloop
  endfacet
  facet normal 0.5141027441932217 0.857728610000272 0
    outer loop
      vertex 11.152728975209822 -28.76463646090596 2.8
      vertex 11.152728975209822 -28.76463646090596 6.5
      vertex 11.432605850053557 -28.93238820395828 2.8
    endloop
  endfacet
  facet normal 0.4275550934302844 0.9039892931234422 0
    outer loop
      vertex 11.432605850053557 -28.93238820395828 2.8
      vertex 11.432605850053557 -28.93238820395828 6.5
      vertex 11.727577587386076 -29.071899445600028 2.8
    endloop
  endfacet
  facet normal 0.6715589548470163 0.740951125354961 0
    outer loop
      vertex 10.64886995255473 -28.35113004744527 2.8
      vertex 10.64886995255473 -28.35113004744527 6.5
      vertex 10.89064233015588 -28.5702597574311 2.8
    endloop
  endfacet
  facet normal 0.3368898533922164 0.9415440651830221 0
    outer loop
      vertex 11.727577587386076 -29.071899445600028 2.8
      vertex 11.727577587386076 -29.071899445600028 6.5
      vertex 12.034803448128912 -29.181826616309593 2.8
    endloop
  endfacet
  facet normal 0.24298017990326912 0.9700312531945426 0
    outer loop
      vertex 12.034803448128912 -29.181826616309593 2.8
      vertex 12.034803448128912 -29.181826616309593 6.5
      vertex 12.351324679296374 -29.26111105734074 2.8
    endloop
  endfacet
  facet normal 0.14673047445535944 0.9891765099647812 0
    outer loop
      vertex 12.351324679296374 -29.26111105734074 2.8
      vertex 12.351324679296374 -29.26111105734074 6.5
      vertex 12.674093008404212 -29.308989216185054 2.8
    endloop
  endfacet
  facet normal 0.9891765099647812 0.14673047445535944 -2.853525874680314e-19
    outer loop
      vertex 9.738888942659258 -26.648675320703628 2.8
      vertex 9.691010783814946 -26.32590699159579 2.8
      vertex 9.691010783814946 -26.32590699159579 6.5
    endloop
  endfacet
  facet normal 0.9987954562051724 0.04906767432741685 -2.523874335898505e-20
    outer loop
      vertex 9.691010783814946 -26.32590699159579 2.8
      vertex 9.675 -26 2.8
      vertex 9.675 -26 6.5
    endloop
  endfacet
  facet normal 0.9987954562051724 -0.04906767432741685 2.523874335898505e-20
    outer loop
      vertex 9.675 -26 2.8
      vertex 9.691010783814946 -25.67409300840421 2.8
      vertex 9.691010783814946 -25.67409300840421 6.5
    endloop
  endfacet
  facet normal 0.9891765099647812 -0.14673047445535944 2.853525874680314e-19
    outer loop
      vertex 9.691010783814946 -25.67409300840421 2.8
      vertex 9.738888942659258 -25.351324679296372 2.8
      vertex 9.738888942659258 -25.351324679296372 6.5
    endloop
  endfacet
  facet normal 0.9700312531945438 -0.24298017990326534 -5.622557656264583e-19
    outer loop
      vertex 9.738888942659258 -25.351324679296372 2.8
      vertex 9.818173383690405 -25.034803448128912 2.8
      vertex 9.818173383690405 -25.034803448128912 6.5
    endloop
  endfacet
  facet normal 0.9415440651830204 -0.33688985339222116 -1.2756265595200454e-18
    outer loop
      vertex 9.818173383690405 -25.034803448128912 2.8
      vertex 9.928100554399972 -24.727577587386076 2.8
      vertex 9.928100554399972 -24.727577587386076 6.5
    endloop
  endfacet
  facet normal 0.9039892931234434 -0.4275550934302819 9.011442056646957e-19
    outer loop
      vertex 9.928100554399972 -24.727577587386076 2.8
      vertex 10.067611796041719 -24.43260585005356 2.8
      vertex 10.067611796041719 -24.43260585005356 6.5
    endloop
  endfacet
  facet normal 0.8577286100002735 -0.5141027441932192 7.566404008046246e-19
    outer loop
      vertex 10.067611796041719 -24.43260585005356 2.8
      vertex 10.235363539094037 -24.152728975209822 2.8
      vertex 10.235363539094037 -24.152728975209822 6.5
    endloop
  endfacet
  facet normal 0.8032075314806457 -0.5956993044924322 1.660705906410593e-18
    outer loop
      vertex 10.235363539094037 -24.152728975209822 2.8
      vertex 10.429740242568899 -23.890642330155877 2.8
      vertex 10.429740242568899 -23.890642330155877 6.5
    endloop
  endfacet
  facet normal 0.7409511253549559 -0.671558954847022 -1.7194087071112483e-18
    outer loop
      vertex 10.429740242568899 -23.890642330155877 2.8
      vertex 10.64886995255473 -23.64886995255473 2.8
      vertex 10.64886995255473 -23.64886995255473 6.5
    endloop
  endfacet
  facet normal 0.6715589548470163 -0.740951125354961 -5.499445310615526e-19
    outer loop
      vertex 10.64886995255473 -23.64886995255473 2.8
      vertex 10.89064233015588 -23.4297402425689 2.8
      vertex 10.89064233015588 -23.4297402425689 6.5
    endloop
  endfacet
  facet normal 0.5956993044924349 -0.8032075314806437 -2.7098242738205014e-18
    outer loop
      vertex 10.89064233015588 -23.4297402425689 2.8
      vertex 11.152728975209822 -23.23536353909404 2.8
      vertex 11.152728975209822 -23.23536353909404 6.5
    endloop
  endfacet
  facet normal 0.5141027441932217 -0.857728610000272 1.0759301732897485e-18
    outer loop
      vertex 11.152728975209822 -23.23536353909404 2.8
      vertex 11.432605850053557 -23.06761179604172 2.8
      vertex 11.432605850053557 -23.06761179604172 6.5
    endloop
  endfacet
  facet normal 0.4275550934302844 -0.9039892931234422 2.209497324828085e-18
    outer loop
      vertex 11.432605850053557 -23.06761179604172 2.8
      vertex 11.727577587386076 -22.928100554399972 2.8
      vertex 11.727577587386076 -22.928100554399972 6.5
    endloop
  endfacet
  facet normal 0.3368898533922164 -0.9415440651830221 7.369958674062194e-19
    outer loop
      vertex 11.727577587386076 -22.928100554399972 2.8
      vertex 12.034803448128912 -22.818173383690407 2.8
      vertex 12.034803448128912 -22.818173383690407 6.5
    endloop
  endfacet
  facet normal 0.24298017990326912 -0.9700312531945426 1.312845369103414e-18
    outer loop
      vertex 12.034803448128912 -22.818173383690407 2.8
      vertex 12.351324679296374 -22.73888894265926 2.8
      vertex 12.351324679296374 -22.73888894265926 6.5
    endloop
  endfacet
  facet normal 0.14673047445535944 -0.9891765099647812 2.853525874680314e-19
    outer loop
      vertex 12.351324679296374 -22.73888894265926 2.8
      vertex 12.674093008404212 -22.691010783814946 2.8
      vertex 12.674093008404212 -22.691010783814946 6.5
    endloop
  endfacet
  facet normal 0.049067674327417106 0.9987954562051724 0
    outer loop
      vertex 12.674093008404212 -29.308989216185054 2.8
      vertex 12.674093008404212 -29.308989216185054 6.5
      vertex 13 -29.325 2.8
    endloop
  endfacet
  facet normal -0.049067674327417106 0.9987954562051724 0
    outer loop
      vertex 13 -29.325 2.8
      vertex 13 -29.325 6.5
      vertex 13.325906991595788 -29.308989216185054 2.8
    endloop
  endfacet
  facet normal -0.14673047445535944 0.9891765099647812 0
    outer loop
      vertex 13.325906991595788 -29.308989216185054 2.8
      vertex 13.325906991595788 -29.308989216185054 6.5
      vertex 13.648675320703626 -29.26111105734074 2.8
    endloop
  endfacet
  facet normal -0.24298017990326912 0.9700312531945426 0
    outer loop
      vertex 13.648675320703626 -29.26111105734074 2.8
      vertex 13.648675320703626 -29.26111105734074 6.5
      vertex 13.965196551871088 -29.181826616309593 2.8
    endloop
  endfacet
  facet normal -0.3368898533922164 0.9415440651830221 0
    outer loop
      vertex 13.965196551871088 -29.181826616309593 2.8
      vertex 13.965196551871088 -29.181826616309593 6.5
      vertex 14.272422412613924 -29.071899445600028 2.8
    endloop
  endfacet
  facet normal -0.4275550934302844 0.9039892931234422 0
    outer loop
      vertex 14.272422412613924 -29.071899445600028 2.8
      vertex 14.272422412613924 -29.071899445600028 6.5
      vertex 14.567394149946443 -28.93238820395828 2.8
    endloop
  endfacet
  facet normal -0.5141027441932217 0.857728610000272 0
    outer loop
      vertex 14.567394149946443 -28.93238820395828 2.8
      vertex 14.567394149946443 -28.93238820395828 6.5
      vertex 14.847271024790178 -28.76463646090596 2.8
    endloop
  endfacet
  facet normal -0.5956993044924349 0.8032075314806437 0
    outer loop
      vertex 14.847271024790178 -28.76463646090596 2.8
      vertex 14.847271024790178 -28.76463646090596 6.5
      vertex 15.10935766984412 -28.5702597574311 2.8
    endloop
  endfacet
  facet normal -0.6715589548470163 0.740951125354961 0
    outer loop
      vertex 15.10935766984412 -28.5702597574311 2.8
      vertex 15.10935766984412 -28.5702597574311 6.5
      vertex 15.35113004744527 -28.35113004744527 2.8
    endloop
  endfacet
  facet normal -0.7409511253549559 0.671558954847022 0
    outer loop
      vertex 15.35113004744527 -28.35113004744527 2.8
      vertex 15.35113004744527 -28.35113004744527 6.5
      vertex 15.570259757431101 -28.109357669844123 2.8
    endloop
  endfacet
  facet normal -0.8032075314806457 0.5956993044924322 0
    outer loop
      vertex 15.570259757431101 -28.109357669844123 2.8
      vertex 15.570259757431101 -28.109357669844123 6.5
      vertex 15.764636460905963 -27.847271024790178 2.8
    endloop
  endfacet
  facet normal -0.8577286100002735 0.5141027441932192 0
    outer loop
      vertex 15.764636460905963 -27.847271024790178 2.8
      vertex 15.764636460905963 -27.847271024790178 6.5
      vertex 15.932388203958281 -27.56739414994644 2.8
    endloop
  endfacet
  facet normal -0.9039892931234434 0.4275550934302819 0
    outer loop
      vertex 15.932388203958281 -27.56739414994644 2.8
      vertex 15.932388203958281 -27.56739414994644 6.5
      vertex 16.071899445600028 -27.272422412613924 2.8
    endloop
  endfacet
  facet normal -0.9415440651830221 0.3368898533922164 0
    outer loop
      vertex 16.071899445600028 -27.272422412613924 2.8
      vertex 16.071899445600028 -27.272422412613924 6.5
      vertex 16.181826616309593 -26.965196551871088 2.8
    endloop
  endfacet
  facet normal -0.9700312531945424 0.24298017990327045 0
    outer loop
      vertex 16.181826616309593 -26.965196551871088 2.8
      vertex 16.181826616309593 -26.965196551871088 6.5
      vertex 16.26111105734074 -26.648675320703628 2.8
    endloop
  endfacet
  facet normal 0.049067674327417106 -0.9987954562051724 1.7604673853378576e-19
    outer loop
      vertex 12.674093008404212 -22.691010783814946 2.8
      vertex 13 -22.675 2.8
      vertex 13 -22.675 6.5
    endloop
  endfacet
  facet normal -0.049067674327417106 -0.9987954562051724 -1.7604673853378576e-19
    outer loop
      vertex 13 -22.675 2.8
      vertex 13.325906991595788 -22.691010783814946 2.8
      vertex 13.325906991595788 -22.691010783814946 6.5
    endloop
  endfacet
  facet normal -0.14673047445535944 -0.9891765099647812 -2.853525874680314e-19
    outer loop
      vertex 13.325906991595788 -22.691010783814946 2.8
      vertex 13.648675320703626 -22.73888894265926 2.8
      vertex 13.648675320703626 -22.73888894265926 6.5
    endloop
  endfacet
  facet normal -0.24298017990326912 -0.9700312531945426 0
    outer loop
      vertex 13.965196551871088 -22.818173383690407 2.8
      vertex 13.965196551871088 -22.818173383690407 6.5
      vertex 13.648675320703626 -22.73888894265926 2.8
    endloop
  endfacet
  facet normal -0.3368898533922164 -0.9415440651830221 -7.369958674062194e-19
    outer loop
      vertex 13.965196551871088 -22.818173383690407 2.8
      vertex 14.272422412613924 -22.928100554399972 2.8
      vertex 14.272422412613924 -22.928100554399972 6.5
    endloop
  endfacet
  facet normal -0.4275550934302844 -0.9039892931234422 -2.209497324828085e-18
    outer loop
      vertex 14.272422412613924 -22.928100554399972 2.8
      vertex 14.567394149946443 -23.06761179604172 2.8
      vertex 14.567394149946443 -23.06761179604172 6.5
    endloop
  endfacet
  facet normal -0.5141027441932217 -0.857728610000272 -1.0759301732897485e-18
    outer loop
      vertex 14.567394149946443 -23.06761179604172 2.8
      vertex 14.847271024790178 -23.23536353909404 2.8
      vertex 14.847271024790178 -23.23536353909404 6.5
    endloop
  endfacet
  facet normal -0.6715589548470163 -0.740951125354961 0
    outer loop
      vertex 15.35113004744527 -23.64886995255473 2.8
      vertex 15.35113004744527 -23.64886995255473 6.5
      vertex 15.10935766984412 -23.4297402425689 2.8
    endloop
  endfacet
  facet normal -0.8577286100002735 -0.5141027441932192 0
    outer loop
      vertex 15.932388203958281 -24.43260585005356 2.8
      vertex 15.932388203958281 -24.43260585005356 6.5
      vertex 15.764636460905963 -24.152728975209822 2.8
    endloop
  endfacet
  facet normal -0.7409511253549559 -0.671558954847022 1.7194087071112483e-18
    outer loop
      vertex 15.35113004744527 -23.64886995255473 2.8
      vertex 15.570259757431101 -23.890642330155877 2.8
      vertex 15.570259757431101 -23.890642330155877 6.5
    endloop
  endfacet
  facet normal -0.8032075314806457 -0.5956993044924322 -1.660705906410593e-18
    outer loop
      vertex 15.570259757431101 -23.890642330155877 2.8
      vertex 15.764636460905963 -24.152728975209822 2.8
      vertex 15.764636460905963 -24.152728975209822 6.5
    endloop
  endfacet
  facet normal -0.9891765099647812 0.14673047445535944 0
    outer loop
      vertex 16.26111105734074 -26.648675320703628 2.8
      vertex 16.26111105734074 -26.648675320703628 6.5
      vertex 16.308989216185054 -26.32590699159579 2.8
    endloop
  endfacet
  facet normal -0.9987954562051724 0.04906767432741685 0
    outer loop
      vertex 16.308989216185054 -26.32590699159579 2.8
      vertex 16.308989216185054 -26.32590699159579 6.5
      vertex 16.325 -26 2.8
    endloop
  endfacet
  facet normal -0.9987954562051724 -0.04906767432741685 0
    outer loop
      vertex 16.325 -26 2.8
      vertex 16.325 -26 6.5
      vertex 16.308989216185054 -25.67409300840421 2.8
    endloop
  endfacet
  facet normal -0.9891765099647812 -0.14673047445535944 0
    outer loop
      vertex 16.308989216185054 -25.67409300840421 2.8
      vertex 16.308989216185054 -25.67409300840421 6.5
      vertex 16.26111105734074 -25.351324679296372 2.8
    endloop
  endfacet
  facet normal -0.9700312531945424 -0.24298017990327045 3.930800263680245e-19
    outer loop
      vertex 16.181826616309593 -25.034803448128912 2.8
      vertex 16.26111105734074 -25.351324679296372 2.8
      vertex 16.26111105734074 -25.351324679296372 6.5
    endloop
  endfacet
  facet normal -0.9415440651830221 -0.3368898533922164 0
    outer loop
      vertex 16.181826616309593 -25.034803448128912 2.8
      vertex 16.181826616309593 -25.034803448128912 6.5
      vertex 16.071899445600028 -24.727577587386076 2.8
    endloop
  endfacet
  facet normal -0.9039892931234434 -0.4275550934302819 -9.011442056646957e-19
    outer loop
      vertex 15.932388203958281 -24.43260585005356 2.8
      vertex 16.071899445600028 -24.727577587386076 2.8
      vertex 16.071899445600028 -24.727577587386076 6.5
    endloop
  endfacet
  facet normal -0.5956993044924349 -0.8032075314806437 2.7098242738205014e-18
    outer loop
      vertex 14.847271024790178 -23.23536353909404 2.8
      vertex 15.10935766984412 -23.4297402425689 2.8
      vertex 15.10935766984412 -23.4297402425689 6.5
    endloop
  endfacet
  facet normal 0.9700312531945438 0.24298017990326534 0
    outer loop
      vertex 9.818173383690405 -26.965196551871088 2.8
      vertex 9.738888942659258 -26.648675320703628 6.5
      vertex 9.818173383690405 -26.965196551871088 6.5
    endloop
  endfacet
  facet normal 0.9039892931234434 0.4275550934302819 0
    outer loop
      vertex 10.067611796041719 -27.56739414994644 2.8
      vertex 9.928100554399972 -27.272422412613924 6.5
      vertex 10.067611796041719 -27.56739414994644 6.5
    endloop
  endfacet
  facet normal 0.9415440651830204 0.33688985339222116 0
    outer loop
      vertex 9.928100554399972 -27.272422412613924 2.8
      vertex 9.818173383690405 -26.965196551871088 6.5
      vertex 9.928100554399972 -27.272422412613924 6.5
    endloop
  endfacet
  facet normal 0.8577286100002735 0.5141027441932192 0
    outer loop
      vertex 10.235363539094037 -27.847271024790178 2.8
      vertex 10.067611796041719 -27.56739414994644 6.5
      vertex 10.235363539094037 -27.847271024790178 6.5
    endloop
  endfacet
  facet normal 0.8032075314806457 0.5956993044924322 0
    outer loop
      vertex 10.429740242568899 -28.109357669844123 2.8
      vertex 10.235363539094037 -27.847271024790178 6.5
      vertex 10.429740242568899 -28.109357669844123 6.5
    endloop
  endfacet
  facet normal 0.7409511253549559 0.671558954847022 0
    outer loop
      vertex 10.64886995255473 -28.35113004744527 2.8
      vertex 10.429740242568899 -28.109357669844123 6.5
      vertex 10.64886995255473 -28.35113004744527 6.5
    endloop
  endfacet
  facet normal 0.6715589548470163 0.740951125354961 0
    outer loop
      vertex 10.89064233015588 -28.5702597574311 2.8
      vertex 10.64886995255473 -28.35113004744527 6.5
      vertex 10.89064233015588 -28.5702597574311 6.5
    endloop
  endfacet
  facet normal 0.5956993044924349 0.8032075314806437 0
    outer loop
      vertex 11.152728975209822 -28.76463646090596 2.8
      vertex 10.89064233015588 -28.5702597574311 6.5
      vertex 11.152728975209822 -28.76463646090596 6.5
    endloop
  endfacet
  facet normal 0.5141027441932217 0.857728610000272 0
    outer loop
      vertex 11.432605850053557 -28.93238820395828 2.8
      vertex 11.152728975209822 -28.76463646090596 6.5
      vertex 11.432605850053557 -28.93238820395828 6.5
    endloop
  endfacet
  facet normal 0.4275550934302844 0.9039892931234422 0
    outer loop
      vertex 11.727577587386076 -29.071899445600028 2.8
      vertex 11.432605850053557 -28.93238820395828 6.5
      vertex 11.727577587386076 -29.071899445600028 6.5
    endloop
  endfacet
  facet normal 0.3368898533922164 0.9415440651830221 0
    outer loop
      vertex 12.034803448128912 -29.181826616309593 2.8
      vertex 11.727577587386076 -29.071899445600028 6.5
      vertex 12.034803448128912 -29.181826616309593 6.5
    endloop
  endfacet
  facet normal 0.14673047445535944 0.9891765099647812 0
    outer loop
      vertex 12.674093008404212 -29.308989216185054 2.8
      vertex 12.351324679296374 -29.26111105734074 6.5
      vertex 12.674093008404212 -29.308989216185054 6.5
    endloop
  endfacet
  facet normal 0.24298017990326912 0.9700312531945426 0
    outer loop
      vertex 12.351324679296374 -29.26111105734074 2.8
      vertex 12.034803448128912 -29.181826616309593 6.5
      vertex 12.351324679296374 -29.26111105734074 6.5
    endloop
  endfacet
  facet normal 0.9891765099647812 0.14673047445535944 0
    outer loop
      vertex 9.738888942659258 -26.648675320703628 2.8
      vertex 9.691010783814946 -26.32590699159579 6.5
      vertex 9.738888942659258 -26.648675320703628 6.5
    endloop
  endfacet
  facet normal 0.9987954562051724 0.04906767432741685 0
    outer loop
      vertex 9.691010783814946 -26.32590699159579 2.8
      vertex 9.675 -26 6.5
      vertex 9.691010783814946 -26.32590699159579 6.5
    endloop
  endfacet
  facet normal 0.9987954562051724 -0.04906767432741685 0
    outer loop
      vertex 9.675 -26 2.8
      vertex 9.691010783814946 -25.67409300840421 6.5
      vertex 9.675 -26 6.5
    endloop
  endfacet
  facet normal 0.9891765099647812 -0.14673047445535944 0
    outer loop
      vertex 9.691010783814946 -25.67409300840421 2.8
      vertex 9.738888942659258 -25.351324679296372 6.5
      vertex 9.691010783814946 -25.67409300840421 6.5
    endloop
  endfacet
  facet normal 0.9700312531945438 -0.24298017990326534 0
    outer loop
      vertex 9.738888942659258 -25.351324679296372 2.8
      vertex 9.818173383690405 -25.034803448128912 6.5
      vertex 9.738888942659258 -25.351324679296372 6.5
    endloop
  endfacet
  facet normal 0.9415440651830204 -0.33688985339222116 0
    outer loop
      vertex 9.818173383690405 -25.034803448128912 2.8
      vertex 9.928100554399972 -24.727577587386076 6.5
      vertex 9.818173383690405 -25.034803448128912 6.5
    endloop
  endfacet
  facet normal 0.9039892931234434 -0.4275550934302819 0
    outer loop
      vertex 9.928100554399972 -24.727577587386076 2.8
      vertex 10.067611796041719 -24.43260585005356 6.5
      vertex 9.928100554399972 -24.727577587386076 6.5
    endloop
  endfacet
  facet normal 0.8577286100002735 -0.5141027441932192 0
    outer loop
      vertex 10.067611796041719 -24.43260585005356 2.8
      vertex 10.235363539094037 -24.152728975209822 6.5
      vertex 10.067611796041719 -24.43260585005356 6.5
    endloop
  endfacet
  facet normal 0.8032075314806457 -0.5956993044924322 0
    outer loop
      vertex 10.235363539094037 -24.152728975209822 2.8
      vertex 10.429740242568899 -23.890642330155877 6.5
      vertex 10.235363539094037 -24.152728975209822 6.5
    endloop
  endfacet
  facet normal 0.7409511253549559 -0.671558954847022 0
    outer loop
      vertex 10.429740242568899 -23.890642330155877 2.8
      vertex 10.64886995255473 -23.64886995255473 6.5
      vertex 10.429740242568899 -23.890642330155877 6.5
    endloop
  endfacet
  facet normal 0.6715589548470163 -0.740951125354961 0
    outer loop
      vertex 10.64886995255473 -23.64886995255473 2.8
      vertex 10.89064233015588 -23.4297402425689 6.5
      vertex 10.64886995255473 -23.64886995255473 6.5
    endloop
  endfacet
  facet normal 0.5956993044924349 -0.8032075314806437 0
    outer loop
      vertex 10.89064233015588 -23.4297402425689 2.8
      vertex 11.152728975209822 -23.23536353909404 6.5
      vertex 10.89064233015588 -23.4297402425689 6.5
    endloop
  endfacet
  facet normal 0.5141027441932217 -0.857728610000272 0
    outer loop
      vertex 11.152728975209822 -23.23536353909404 2.8
      vertex 11.432605850053557 -23.06761179604172 6.5
      vertex 11.152728975209822 -23.23536353909404 6.5
    endloop
  endfacet
  facet normal 0.4275550934302844 -0.9039892931234422 0
    outer loop
      vertex 11.432605850053557 -23.06761179604172 2.8
      vertex 11.727577587386076 -22.928100554399972 6.5
      vertex 11.432605850053557 -23.06761179604172 6.5
    endloop
  endfacet
  facet normal 0.3368898533922164 -0.9415440651830221 0
    outer loop
      vertex 11.727577587386076 -22.928100554399972 2.8
      vertex 12.034803448128912 -22.818173383690407 6.5
      vertex 11.727577587386076 -22.928100554399972 6.5
    endloop
  endfacet
  facet normal 0.24298017990326912 -0.9700312531945426 0
    outer loop
      vertex 12.034803448128912 -22.818173383690407 2.8
      vertex 12.351324679296374 -22.73888894265926 6.5
      vertex 12.034803448128912 -22.818173383690407 6.5
    endloop
  endfacet
  facet normal 0.14673047445535944 -0.9891765099647812 0
    outer loop
      vertex 12.351324679296374 -22.73888894265926 2.8
      vertex 12.674093008404212 -22.691010783814946 6.5
      vertex 12.351324679296374 -22.73888894265926 6.5
    endloop
  endfacet
  facet normal 0.049067674327417106 0.9987954562051724 0
    outer loop
      vertex 13 -29.325 2.8
      vertex 12.674093008404212 -29.308989216185054 6.5
      vertex 13 -29.325 6.5
    endloop
  endfacet
  facet normal -0.049067674327417106 0.9987954562051724 0
    outer loop
      vertex 13.325906991595788 -29.308989216185054 2.8
      vertex 13 -29.325 6.5
      vertex 13.325906991595788 -29.308989216185054 6.5
    endloop
  endfacet
  facet normal -0.14673047445535944 0.9891765099647812 0
    outer loop
      vertex 13.648675320703626 -29.26111105734074 2.8
      vertex 13.325906991595788 -29.308989216185054 6.5
      vertex 13.648675320703626 -29.26111105734074 6.5
    endloop
  endfacet
  facet normal -0.24298017990326912 0.9700312531945426 0
    outer loop
      vertex 13.965196551871088 -29.181826616309593 2.8
      vertex 13.648675320703626 -29.26111105734074 6.5
      vertex 13.965196551871088 -29.181826616309593 6.5
    endloop
  endfacet
  facet normal -0.3368898533922164 0.9415440651830221 0
    outer loop
      vertex 14.272422412613924 -29.071899445600028 2.8
      vertex 13.965196551871088 -29.181826616309593 6.5
      vertex 14.272422412613924 -29.071899445600028 6.5
    endloop
  endfacet
  facet normal -0.4275550934302844 0.9039892931234422 0
    outer loop
      vertex 14.567394149946443 -28.93238820395828 2.8
      vertex 14.272422412613924 -29.071899445600028 6.5
      vertex 14.567394149946443 -28.93238820395828 6.5
    endloop
  endfacet
  facet normal -0.5141027441932217 0.857728610000272 0
    outer loop
      vertex 14.847271024790178 -28.76463646090596 2.8
      vertex 14.567394149946443 -28.93238820395828 6.5
      vertex 14.847271024790178 -28.76463646090596 6.5
    endloop
  endfacet
  facet normal -0.5956993044924349 0.8032075314806437 0
    outer loop
      vertex 15.10935766984412 -28.5702597574311 2.8
      vertex 14.847271024790178 -28.76463646090596 6.5
      vertex 15.10935766984412 -28.5702597574311 6.5
    endloop
  endfacet
  facet normal -0.6715589548470163 0.740951125354961 0
    outer loop
      vertex 15.35113004744527 -28.35113004744527 2.8
      vertex 15.10935766984412 -28.5702597574311 6.5
      vertex 15.35113004744527 -28.35113004744527 6.5
    endloop
  endfacet
  facet normal -0.7409511253549559 0.671558954847022 0
    outer loop
      vertex 15.570259757431101 -28.109357669844123 2.8
      vertex 15.35113004744527 -28.35113004744527 6.5
      vertex 15.570259757431101 -28.109357669844123 6.5
    endloop
  endfacet
  facet normal -0.8032075314806457 0.5956993044924322 0
    outer loop
      vertex 15.764636460905963 -27.847271024790178 2.8
      vertex 15.570259757431101 -28.109357669844123 6.5
      vertex 15.764636460905963 -27.847271024790178 6.5
    endloop
  endfacet
  facet normal -0.8577286100002735 0.5141027441932192 0
    outer loop
      vertex 15.932388203958281 -27.56739414994644 2.8
      vertex 15.764636460905963 -27.847271024790178 6.5
      vertex 15.932388203958281 -27.56739414994644 6.5
    endloop
  endfacet
  facet normal -0.9039892931234434 0.4275550934302819 0
    outer loop
      vertex 16.071899445600028 -27.272422412613924 2.8
      vertex 15.932388203958281 -27.56739414994644 6.5
      vertex 16.071899445600028 -27.272422412613924 6.5
    endloop
  endfacet
  facet normal -0.9415440651830221 0.3368898533922164 0
    outer loop
      vertex 16.181826616309593 -26.965196551871088 2.8
      vertex 16.071899445600028 -27.272422412613924 6.5
      vertex 16.181826616309593 -26.965196551871088 6.5
    endloop
  endfacet
  facet normal -0.9700312531945424 0.24298017990327045 0
    outer loop
      vertex 16.26111105734074 -26.648675320703628 2.8
      vertex 16.181826616309593 -26.965196551871088 6.5
      vertex 16.26111105734074 -26.648675320703628 6.5
    endloop
  endfacet
  facet normal 0.049067674327417106 -0.9987954562051724 0
    outer loop
      vertex 12.674093008404212 -22.691010783814946 2.8
      vertex 13 -22.675 6.5
      vertex 12.674093008404212 -22.691010783814946 6.5
    endloop
  endfacet
  facet normal -0.049067674327417106 -0.9987954562051724 0
    outer loop
      vertex 13 -22.675 2.8
      vertex 13.325906991595788 -22.691010783814946 6.5
      vertex 13 -22.675 6.5
    endloop
  endfacet
  facet normal -0.14673047445535944 -0.9891765099647812 0
    outer loop
      vertex 13.325906991595788 -22.691010783814946 2.8
      vertex 13.648675320703626 -22.73888894265926 6.5
      vertex 13.325906991595788 -22.691010783814946 6.5
    endloop
  endfacet
  facet normal -0.24298017990326912 -0.9700312531945426 0
    outer loop
      vertex 13.648675320703626 -22.73888894265926 2.8
      vertex 13.965196551871088 -22.818173383690407 6.5
      vertex 13.648675320703626 -22.73888894265926 6.5
    endloop
  endfacet
  facet normal -0.3368898533922164 -0.9415440651830221 0
    outer loop
      vertex 13.965196551871088 -22.818173383690407 2.8
      vertex 14.272422412613924 -22.928100554399972 6.5
      vertex 13.965196551871088 -22.818173383690407 6.5
    endloop
  endfacet
  facet normal -0.4275550934302844 -0.9039892931234422 0
    outer loop
      vertex 14.272422412613924 -22.928100554399972 2.8
      vertex 14.567394149946443 -23.06761179604172 6.5
      vertex 14.272422412613924 -22.928100554399972 6.5
    endloop
  endfacet
  facet normal -0.5141027441932217 -0.857728610000272 0
    outer loop
      vertex 14.567394149946443 -23.06761179604172 2.8
      vertex 14.847271024790178 -23.23536353909404 6.5
      vertex 14.567394149946443 -23.06761179604172 6.5
    endloop
  endfacet
  facet normal -0.6715589548470163 -0.740951125354961 0
    outer loop
      vertex 15.10935766984412 -23.4297402425689 2.8
      vertex 15.35113004744527 -23.64886995255473 6.5
      vertex 15.10935766984412 -23.4297402425689 6.5
    endloop
  endfacet
  facet normal -0.8577286100002735 -0.5141027441932192 0
    outer loop
      vertex 15.764636460905963 -24.152728975209822 2.8
      vertex 15.932388203958281 -24.43260585005356 6.5
      vertex 15.764636460905963 -24.152728975209822 6.5
    endloop
  endfacet
  facet normal -0.8032075314806457 -0.5956993044924322 0
    outer loop
      vertex 15.570259757431101 -23.890642330155877 2.8
      vertex 15.764636460905963 -24.152728975209822 6.5
      vertex 15.570259757431101 -23.890642330155877 6.5
    endloop
  endfacet
  facet normal -0.7409511253549559 -0.671558954847022 0
    outer loop
      vertex 15.35113004744527 -23.64886995255473 2.8
      vertex 15.570259757431101 -23.890642330155877 6.5
      vertex 15.35113004744527 -23.64886995255473 6.5
    endloop
  endfacet
  facet normal -0.9891765099647812 0.14673047445535944 0
    outer loop
      vertex 16.308989216185054 -26.32590699159579 2.8
      vertex 16.26111105734074 -26.648675320703628 6.5
      vertex 16.308989216185054 -26.32590699159579 6.5
    endloop
  endfacet
  facet normal -0.9987954562051724 0.04906767432741685 0
    outer loop
      vertex 16.325 -26 2.8
      vertex 16.308989216185054 -26.32590699159579 6.5
      vertex 16.325 -26 6.5
    endloop
  endfacet
  facet normal -0.9987954562051724 -0.04906767432741685 0
    outer loop
      vertex 16.308989216185054 -25.67409300840421 2.8
      vertex 16.325 -26 6.5
      vertex 16.308989216185054 -25.67409300840421 6.5
    endloop
  endfacet
  facet normal -0.9891765099647812 -0.14673047445535944 0
    outer loop
      vertex 16.26111105734074 -25.351324679296372 2.8
      vertex 16.308989216185054 -25.67409300840421 6.5
      vertex 16.26111105734074 -25.351324679296372 6.5
    endloop
  endfacet
  facet normal -0.9700312531945424 -0.24298017990327045 0
    outer loop
      vertex 16.181826616309593 -25.034803448128912 2.8
      vertex 16.26111105734074 -25.351324679296372 6.5
      vertex 16.181826616309593 -25.034803448128912 6.5
    endloop
  endfacet
  facet normal -0.9415440651830221 -0.3368898533922164 0
    outer loop
      vertex 16.071899445600028 -24.727577587386076 2.8
      vertex 16.181826616309593 -25.034803448128912 6.5
      vertex 16.071899445600028 -24.727577587386076 6.5
    endloop
  endfacet
  facet normal -0.9039892931234434 -0.4275550934302819 0
    outer loop
      vertex 15.932388203958281 -24.43260585005356 2.8
      vertex 16.071899445600028 -24.727577587386076 6.5
      vertex 15.932388203958281 -24.43260585005356 6.5
    endloop
  endfacet
  facet normal -0.5956993044924349 -0.8032075314806437 0
    outer loop
      vertex 14.847271024790178 -23.23536353909404 2.8
      vertex 15.10935766984412 -23.4297402425689 6.5
      vertex 14.847271024790178 -23.23536353909404 6.5
    endloop
  endfacet
endsolid OpenSCAD_Model
