solid OpenSCAD_Model
  facet normal 0 0 -1
    outer loop
      vertex -15.00957470503764 23.39040217776563 -9.45
      vertex -15.059649088846784 23.59031032376613 -9.45
      vertex -15.00957470503764 24.60959782223437 -9.45
    endloop
  endfacet
  facet normal 0 0 -1
    outer loop
      vertex -15.089887926011613 23.794164005307923 -9.45
      vertex -15.1 24 -9.45
      vertex -15.089887926011613 24.205835994692077 -9.45
    endloop
  endfacet
  facet normal 0 0 -1
    outer loop
      vertex -15.089887926011613 23.794164005307923 -9.45
      vertex -15.089887926011613 24.205835994692077 -9.45
      vertex -15.059649088846784 24.40968967623387 -9.45
    endloop
  endfacet
  facet normal 0 0 -1
    outer loop
      vertex -15.059649088846784 23.59031032376613 -9.45
      vertex -15.089887926011613 23.794164005307923 -9.45
      vertex -15.059649088846784 24.40968967623387 -9.45
    endloop
  endfacet
  facet normal 0 0 -1
    outer loop
      vertex -15.059649088846784 23.59031032376613 -9.45
      vertex -15.059649088846784 24.40968967623387 -9.45
      vertex -15.00957470503764 24.60959782223437 -9.45
    endloop
  endfacet
  facet normal 0 0 -1
    outer loop
      vertex -13.989933147334595 22.147965344868453 -9.45
      vertex -13.761271940996375 23.072387455964716 -9.45
      vertex -13.803635207966689 22.059852981726298 -9.45
    endloop
  endfacet
  facet normal 0 0 -1
    outer loop
      vertex -13.803635207966689 22.059852981726298 -9.45
      vertex -13.565676084191198 22.941694482781973 -9.45
      vertex -13.60959782223437 21.99042529496236 -9.45
    endloop
  endfacet
  facet normal 0 0 -1
    outer loop
      vertex -13.60959782223437 21.99042529496236 -9.45
      vertex -13.348341612705354 22.85167159712135 -9.45
      vertex -13.409689676233869 21.940350911153217 -9.45
    endloop
  endfacet
  facet normal 0 0 -1
    outer loop
      vertex -13.409689676233869 21.940350911153217 -9.45
      vertex -13.117620568395473 22.805778327993362 -9.45
      vertex -13.205835994692077 21.910112073988387 -9.45
    endloop
  endfacet
  facet normal 0 0 -1
    outer loop
      vertex -13.205835994692077 21.910112073988387 -9.45
      vertex -13.117620568395473 22.805778327993362 -9.45
      vertex -13 21.9 -9.45
    endloop
  endfacet
  facet normal 0 0 -1
    outer loop
      vertex -13 21.9 -9.45
      vertex -12.882379431604527 22.805778327993362 -9.45
      vertex -12.794164005307923 21.910112073988387 -9.45
    endloop
  endfacet
  facet normal 0 0 -1
    outer loop
      vertex -12.794164005307923 21.910112073988387 -9.45
      vertex -12.651658387294646 22.85167159712135 -9.45
      vertex -12.590310323766131 21.940350911153217 -9.45
    endloop
  endfacet
  facet normal 0 0 -1
    outer loop
      vertex -12.590310323766131 21.940350911153217 -9.45
      vertex -12.540779881161892 22.891344560986457 -9.45
      vertex -12.39040217776563 21.99042529496236 -9.45
    endloop
  endfacet
  facet normal 0 0 -1
    outer loop
      vertex -12.39040217776563 21.99042529496236 -9.45
      vertex -12.333315720376477 23.002236465236948 -9.45
      vertex -12.196364792033311 22.059852981726298 -9.45
    endloop
  endfacet
  facet normal 0 0 -1
    outer loop
      vertex -12.196364792033311 22.059852981726298 -9.45
      vertex -12.072387455964716 23.238728059003627 -9.45
      vertex -12.010066852665405 22.147965344868453 -9.45
    endloop
  endfacet
  facet normal 0 0 -1
    outer loop
      vertex -15.00957470503764 23.39040217776563 -9.45
      vertex -14.940147018273702 24.80363520796669 -9.45
      vertex -14.940147018273702 23.19636479203331 -9.45
    endloop
  endfacet
  facet normal 0 0 -1
    outer loop
      vertex -14.940147018273702 23.19636479203331 -9.45
      vertex -14.852034655131545 24.989933147334597 -9.45
      vertex -14.852034655131545 23.010066852665403 -9.45
    endloop
  endfacet
  facet normal 0 0 -1
    outer loop
      vertex -14.746086185835345 22.833302510658836 -9.45
      vertex -14.852034655131545 23.010066852665403 -9.45
      vertex -14.746086185835345 25.166697489341164 -9.45
    endloop
  endfacet
  facet normal 0 0 -1
    outer loop
      vertex -15.00957470503764 23.39040217776563 -9.45
      vertex -15.00957470503764 24.60959782223437 -9.45
      vertex -14.940147018273702 24.80363520796669 -9.45
    endloop
  endfacet
  facet normal 0 0 -1
    outer loop
      vertex -14.940147018273702 23.19636479203331 -9.45
      vertex -14.940147018273702 24.80363520796669 -9.45
      vertex -14.852034655131545 24.989933147334597 -9.45
    endloop
  endfacet
  facet normal 0 0 -1
    outer loop
      vertex -14.746086185835345 22.833302510658836 -9.45
      vertex -14.623321952061747 25.332225896743655 -9.45
      vertex -14.623321952061747 22.667774103256345 -9.45
    endloop
  endfacet
  facet normal 0 0 -1
    outer loop
      vertex -14.623321952061747 22.667774103256345 -9.45
      vertex -14.48492424049175 25.48492424049175 -9.45
      vertex -14.48492424049175 22.51507575950825 -9.45
    endloop
  endfacet
  facet normal 0 0 -1
    outer loop
      vertex -14.332225896743655 22.376678047938253 -9.45
      vertex -14.48492424049175 22.51507575950825 -9.45
      vertex -14.332225896743655 25.623321952061747 -9.45
    endloop
  endfacet
  facet normal 0 0 -1
    outer loop
      vertex -14.332225896743655 22.376678047938253 -9.45
      vertex -14.14832840287865 23.651658387294646 -9.45
      vertex -14.166697489341164 22.253913814164655 -9.45
    endloop
  endfacet
  facet normal 0 0 -1
    outer loop
      vertex -14.332225896743655 22.376678047938253 -9.45
      vertex -14.176942336483876 23.765891613580646 -9.45
      vertex -14.14832840287865 23.651658387294646 -9.45
    endloop
  endfacet
  facet normal 0 0 -1
    outer loop
      vertex -14.332225896743655 22.376678047938253 -9.45
      vertex -14.194221672006636 23.882379431604527 -9.45
      vertex -14.176942336483876 23.765891613580646 -9.45
    endloop
  endfacet
  facet normal 0 0 -1
    outer loop
      vertex -14.332225896743655 22.376678047938253 -9.45
      vertex -14.2 24 -9.45
      vertex -14.194221672006636 23.882379431604527 -9.45
    endloop
  endfacet
  facet normal 0 0 -1
    outer loop
      vertex -14.166697489341164 22.253913814164655 -9.45
      vertex -14.14832840287865 23.651658387294646 -9.45
      vertex -14.108655439013544 23.540779881161892 -9.45
    endloop
  endfacet
  facet normal 0 0 -1
    outer loop
      vertex -14.166697489341164 22.253913814164655 -9.45
      vertex -14.108655439013544 23.540779881161892 -9.45
      vertex -14.058305517218026 23.434323915808804 -9.45
    endloop
  endfacet
  facet normal 0 0 -1
    outer loop
      vertex -14.166697489341164 22.253913814164655 -9.45
      vertex -14.058305517218026 23.434323915808804 -9.45
      vertex -13.997763534763054 23.333315720376476 -9.45
    endloop
  endfacet
  facet normal 0 0 -1
    outer loop
      vertex -14.166697489341164 22.253913814164655 -9.45
      vertex -13.927612544035284 23.238728059003627 -9.45
      vertex -13.989933147334595 22.147965344868453 -9.45
    endloop
  endfacet
  facet normal 0 0 -1
    outer loop
      vertex -14.166697489341164 22.253913814164655 -9.45
      vertex -13.997763534763054 23.333315720376476 -9.45
      vertex -13.927612544035284 23.238728059003627 -9.45
    endloop
  endfacet
  facet normal 0 0 -1
    outer loop
      vertex -13.989933147334595 22.147965344868453 -9.45
      vertex -13.927612544035284 23.238728059003627 -9.45
      vertex -13.848528137423857 23.151471862576145 -9.45
    endloop
  endfacet
  facet normal 0 0 -1
    outer loop
      vertex -13.989933147334595 22.147965344868453 -9.45
      vertex -13.848528137423857 23.151471862576145 -9.45
      vertex -13.761271940996375 23.072387455964716 -9.45
    endloop
  endfacet
  facet normal 0 0 -1
    outer loop
      vertex -14.332225896743655 22.376678047938253 -9.45
      vertex -14.166697489341164 25.746086185835345 -9.45
      vertex -14.2 24 -9.45
    endloop
  endfacet
  facet normal 0 0 -1
    outer loop
      vertex -14.852034655131545 23.010066852665403 -9.45
      vertex -14.852034655131545 24.989933147334597 -9.45
      vertex -14.746086185835345 25.166697489341164 -9.45
    endloop
  endfacet
  facet normal 0 0 -1
    outer loop
      vertex -14.746086185835345 22.833302510658836 -9.45
      vertex -14.746086185835345 25.166697489341164 -9.45
      vertex -14.623321952061747 25.332225896743655 -9.45
    endloop
  endfacet
  facet normal 0 0 -1
    outer loop
      vertex -14.623321952061747 22.667774103256345 -9.45
      vertex -14.623321952061747 25.332225896743655 -9.45
      vertex -14.48492424049175 25.48492424049175 -9.45
    endloop
  endfacet
  facet normal 0 0 -1
    outer loop
      vertex -14.48492424049175 22.51507575950825 -9.45
      vertex -14.48492424049175 25.48492424049175 -9.45
      vertex -14.332225896743655 25.623321952061747 -9.45
    endloop
  endfacet
  facet normal 0 0 -1
    outer loop
      vertex -14.332225896743655 22.376678047938253 -9.45
      vertex -14.332225896743655 25.623321952061747 -9.45
      vertex -14.166697489341164 25.746086185835345 -9.45
    endloop
  endfacet
  facet normal 0 0 -1
    outer loop
      vertex -14.166697489341164 25.746086185835345 -9.45
      vertex -14.194221672006636 24.117620568395473 -9.45
      vertex -14.2 24 -9.45
    endloop
  endfacet
  facet normal 0 0 -1
    outer loop
      vertex -14.166697489341164 25.746086185835345 -9.45
      vertex -14.176942336483876 24.234108386419354 -9.45
      vertex -14.194221672006636 24.117620568395473 -9.45
    endloop
  endfacet
  facet normal 0 0 -1
    outer loop
      vertex -14.166697489341164 25.746086185835345 -9.45
      vertex -14.14832840287865 24.348341612705354 -9.45
      vertex -14.176942336483876 24.234108386419354 -9.45
    endloop
  endfacet
  facet normal 0 0 -1
    outer loop
      vertex -14.166697489341164 25.746086185835345 -9.45
      vertex -14.108655439013544 24.459220118838108 -9.45
      vertex -14.14832840287865 24.348341612705354 -9.45
    endloop
  endfacet
  facet normal 0 0 -1
    outer loop
      vertex -14.166697489341164 25.746086185835345 -9.45
      vertex -14.058305517218026 24.565676084191196 -9.45
      vertex -14.108655439013544 24.459220118838108 -9.45
    endloop
  endfacet
  facet normal 0 0 -1
    outer loop
      vertex -13.989933147334595 25.852034655131547 -9.45
      vertex -13.997763534763054 24.666684279623524 -9.45
      vertex -14.058305517218026 24.565676084191196 -9.45
    endloop
  endfacet
  facet normal 0 0 -1
    outer loop
      vertex -13.989933147334595 25.852034655131547 -9.45
      vertex -13.927612544035284 24.761271940996373 -9.45
      vertex -13.997763534763054 24.666684279623524 -9.45
    endloop
  endfacet
  facet normal 0 0 -1
    outer loop
      vertex -13.803635207966689 25.940147018273702 -9.45
      vertex -13.848528137423857 24.848528137423855 -9.45
      vertex -13.927612544035284 24.761271940996373 -9.45
    endloop
  endfacet
  facet normal 0 0 -1
    outer loop
      vertex -13.803635207966689 25.940147018273702 -9.45
      vertex -13.761271940996375 24.927612544035284 -9.45
      vertex -13.848528137423857 24.848528137423855 -9.45
    endloop
  endfacet
  facet normal 0 0 -1
    outer loop
      vertex -14.166697489341164 25.746086185835345 -9.45
      vertex -13.989933147334595 25.852034655131547 -9.45
      vertex -14.058305517218026 24.565676084191196 -9.45
    endloop
  endfacet
  facet normal 0 0 -1
    outer loop
      vertex -13.989933147334595 25.852034655131547 -9.45
      vertex -13.803635207966689 25.940147018273702 -9.45
      vertex -13.927612544035284 24.761271940996373 -9.45
    endloop
  endfacet
  facet normal 0 0 -1
    outer loop
      vertex -13.803635207966689 22.059852981726298 -9.45
      vertex -13.761271940996375 23.072387455964716 -9.45
      vertex -13.666684279623523 23.002236465236948 -9.45
    endloop
  endfacet
  facet normal 0 0 -1
    outer loop
      vertex -13.803635207966689 22.059852981726298 -9.45
      vertex -13.666684279623523 23.002236465236948 -9.45
      vertex -13.565676084191198 22.941694482781973 -9.45
    endloop
  endfacet
  facet normal 0 0 -1
    outer loop
      vertex -13.60959782223437 21.99042529496236 -9.45
      vertex -13.565676084191198 22.941694482781973 -9.45
      vertex -13.459220118838108 22.891344560986457 -9.45
    endloop
  endfacet
  facet normal 0 0 -1
    outer loop
      vertex -13.60959782223437 21.99042529496236 -9.45
      vertex -13.459220118838108 22.891344560986457 -9.45
      vertex -13.348341612705354 22.85167159712135 -9.45
    endloop
  endfacet
  facet normal 0 0 -1
    outer loop
      vertex -13.409689676233869 21.940350911153217 -9.45
      vertex -13.348341612705354 22.85167159712135 -9.45
      vertex -13.234108386419354 22.823057663516124 -9.45
    endloop
  endfacet
  facet normal 0 0 -1
    outer loop
      vertex -13.409689676233869 21.940350911153217 -9.45
      vertex -13.234108386419354 22.823057663516124 -9.45
      vertex -13.117620568395473 22.805778327993362 -9.45
    endloop
  endfacet
  facet normal 0 0 -1
    outer loop
      vertex -13 21.9 -9.45
      vertex -13.117620568395473 22.805778327993362 -9.45
      vertex -13 22.8 -9.45
    endloop
  endfacet
  facet normal 0 0 -1
    outer loop
      vertex -13 21.9 -9.45
      vertex -13 22.8 -9.45
      vertex -12.882379431604527 22.805778327993362 -9.45
    endloop
  endfacet
  facet normal 0 0 -1
    outer loop
      vertex -12.794164005307923 21.910112073988387 -9.45
      vertex -12.882379431604527 22.805778327993362 -9.45
      vertex -12.765891613580646 22.823057663516124 -9.45
    endloop
  endfacet
  facet normal 0 0 -1
    outer loop
      vertex -12.794164005307923 21.910112073988387 -9.45
      vertex -12.765891613580646 22.823057663516124 -9.45
      vertex -12.651658387294646 22.85167159712135 -9.45
    endloop
  endfacet
  facet normal 0 0 -1
    outer loop
      vertex -12.590310323766131 21.940350911153217 -9.45
      vertex -12.651658387294646 22.85167159712135 -9.45
      vertex -12.540779881161892 22.891344560986457 -9.45
    endloop
  endfacet
  facet normal 0 0 -1
    outer loop
      vertex -13.803635207966689 25.940147018273702 -9.45
      vertex -13.666684279623523 24.997763534763052 -9.45
      vertex -13.761271940996375 24.927612544035284 -9.45
    endloop
  endfacet
  facet normal 0 0 -1
    outer loop
      vertex -13.60959782223437 26.00957470503764 -9.45
      vertex -13.565676084191198 25.058305517218027 -9.45
      vertex -13.666684279623523 24.997763534763052 -9.45
    endloop
  endfacet
  facet normal 0 0 -1
    outer loop
      vertex -13.803635207966689 25.940147018273702 -9.45
      vertex -13.60959782223437 26.00957470503764 -9.45
      vertex -13.666684279623523 24.997763534763052 -9.45
    endloop
  endfacet
  facet normal 0 0 -1
    outer loop
      vertex -13.60959782223437 26.00957470503764 -9.45
      vertex -13.459220118838108 25.108655439013543 -9.45
      vertex -13.565676084191198 25.058305517218027 -9.45
    endloop
  endfacet
  facet normal 0 0 -1
    outer loop
      vertex -13.60959782223437 26.00957470503764 -9.45
      vertex -13.409689676233869 26.059649088846783 -9.45
      vertex -13.459220118838108 25.108655439013543 -9.45
    endloop
  endfacet
  facet normal 0 0 -1
    outer loop
      vertex -13.409689676233869 26.059649088846783 -9.45
      vertex -13.348341612705354 25.14832840287865 -9.45
      vertex -13.459220118838108 25.108655439013543 -9.45
    endloop
  endfacet
  facet normal 0 0 -1
    outer loop
      vertex -13.409689676233869 26.059649088846783 -9.45
      vertex -13.205835994692077 26.089887926011613 -9.45
      vertex -13.348341612705354 25.14832840287865 -9.45
    endloop
  endfacet
  facet normal 0 0 -1
    outer loop
      vertex -13.205835994692077 26.089887926011613 -9.45
      vertex -13.234108386419354 25.176942336483876 -9.45
      vertex -13.348341612705354 25.14832840287865 -9.45
    endloop
  endfacet
  facet normal 0 0 -1
    outer loop
      vertex -13.205835994692077 26.089887926011613 -9.45
      vertex -13.117620568395473 25.194221672006638 -9.45
      vertex -13.234108386419354 25.176942336483876 -9.45
    endloop
  endfacet
  facet normal 0 0 -1
    outer loop
      vertex -13 26.1 -9.45
      vertex -13 25.2 -9.45
      vertex -13.117620568395473 25.194221672006638 -9.45
    endloop
  endfacet
  facet normal 0 0 -1
    outer loop
      vertex -13 26.1 -9.45
      vertex -12.882379431604527 25.194221672006638 -9.45
      vertex -13 25.2 -9.45
    endloop
  endfacet
  facet normal 0 0 -1
    outer loop
      vertex -13.205835994692077 26.089887926011613 -9.45
      vertex -13 26.1 -9.45
      vertex -13.117620568395473 25.194221672006638 -9.45
    endloop
  endfacet
  facet normal 0 0 -1
    outer loop
      vertex -13 26.1 -9.45
      vertex -12.794164005307923 26.089887926011613 -9.45
      vertex -12.882379431604527 25.194221672006638 -9.45
    endloop
  endfacet
  facet normal 0 0 -1
    outer loop
      vertex -12.590310323766131 26.059649088846783 -9.45
      vertex -12.765891613580646 25.176942336483876 -9.45
      vertex -12.882379431604527 25.194221672006638 -9.45
    endloop
  endfacet
  facet normal 0 0 -1
    outer loop
      vertex -12.590310323766131 26.059649088846783 -9.45
      vertex -12.651658387294646 25.14832840287865 -9.45
      vertex -12.765891613580646 25.176942336483876 -9.45
    endloop
  endfacet
  facet normal 0 0 -1
    outer loop
      vertex -12.39040217776563 26.00957470503764 -9.45
      vertex -12.540779881161892 25.108655439013543 -9.45
      vertex -12.651658387294646 25.14832840287865 -9.45
    endloop
  endfacet
  facet normal 0 0 -1
    outer loop
      vertex -12.590310323766131 26.059649088846783 -9.45
      vertex -12.39040217776563 26.00957470503764 -9.45
      vertex -12.651658387294646 25.14832840287865 -9.45
    endloop
  endfacet
  facet normal 0 0 -1
    outer loop
      vertex -12.794164005307923 26.089887926011613 -9.45
      vertex -12.590310323766131 26.059649088846783 -9.45
      vertex -12.882379431604527 25.194221672006638 -9.45
    endloop
  endfacet
  facet normal 0 0 -1
    outer loop
      vertex -12.39040217776563 21.99042529496236 -9.45
      vertex -12.540779881161892 22.891344560986457 -9.45
      vertex -12.434323915808802 22.941694482781973 -9.45
    endloop
  endfacet
  facet normal 0 0 -1
    outer loop
      vertex -12.39040217776563 21.99042529496236 -9.45
      vertex -12.434323915808802 22.941694482781973 -9.45
      vertex -12.333315720376477 23.002236465236948 -9.45
    endloop
  endfacet
  facet normal 0 0 -1
    outer loop
      vertex -12.196364792033311 22.059852981726298 -9.45
      vertex -12.333315720376477 23.002236465236948 -9.45
      vertex -12.238728059003625 23.072387455964716 -9.45
    endloop
  endfacet
  facet normal 0 0 -1
    outer loop
      vertex -12.196364792033311 22.059852981726298 -9.45
      vertex -12.238728059003625 23.072387455964716 -9.45
      vertex -12.151471862576143 23.151471862576145 -9.45
    endloop
  endfacet
  facet normal 0 0 -1
    outer loop
      vertex -12.196364792033311 22.059852981726298 -9.45
      vertex -12.151471862576143 23.151471862576145 -9.45
      vertex -12.072387455964716 23.238728059003627 -9.45
    endloop
  endfacet
  facet normal 0 0 -1
    outer loop
      vertex -12.010066852665405 22.147965344868453 -9.45
      vertex -11.941694482781974 23.434323915808804 -9.45
      vertex -11.833302510658836 22.253913814164655 -9.45
    endloop
  endfacet
  facet normal 0 0 -1
    outer loop
      vertex -12.010066852665405 22.147965344868453 -9.45
      vertex -12.072387455964716 23.238728059003627 -9.45
      vertex -12.002236465236946 23.333315720376476 -9.45
    endloop
  endfacet
  facet normal 0 0 -1
    outer loop
      vertex -12.010066852665405 22.147965344868453 -9.45
      vertex -12.002236465236946 23.333315720376476 -9.45
      vertex -11.941694482781974 23.434323915808804 -9.45
    endloop
  endfacet
  facet normal 0 0 -1
    outer loop
      vertex -11.833302510658836 22.253913814164655 -9.45
      vertex -11.941694482781974 23.434323915808804 -9.45
      vertex -11.891344560986456 23.540779881161892 -9.45
    endloop
  endfacet
  facet normal 0 0 -1
    outer loop
      vertex -11.833302510658836 22.253913814164655 -9.45
      vertex -11.891344560986456 23.540779881161892 -9.45
      vertex -11.85167159712135 23.651658387294646 -9.45
    endloop
  endfacet
  facet normal 0 0 -1
    outer loop
      vertex -11.833302510658836 22.253913814164655 -9.45
      vertex -11.85167159712135 23.651658387294646 -9.45
      vertex -11.823057663516124 23.765891613580646 -9.45
    endloop
  endfacet
  facet normal 0 0 -1
    outer loop
      vertex -11.833302510658836 22.253913814164655 -9.45
      vertex -11.823057663516124 23.765891613580646 -9.45
      vertex -11.805778327993364 23.882379431604527 -9.45
    endloop
  endfacet
  facet normal 0 0 -1
    outer loop
      vertex -11.833302510658836 22.253913814164655 -9.45
      vertex -11.805778327993364 23.882379431604527 -9.45
      vertex -11.8 24 -9.45
    endloop
  endfacet
  facet normal 0 0 -1
    outer loop
      vertex -11.833302510658836 22.253913814164655 -9.45
      vertex -11.667774103256345 25.623321952061747 -9.45
      vertex -11.667774103256345 22.376678047938253 -9.45
    endloop
  endfacet
  facet normal 0 0 -1
    outer loop
      vertex -11.667774103256345 22.376678047938253 -9.45
      vertex -11.51507575950825 25.48492424049175 -9.45
      vertex -11.51507575950825 22.51507575950825 -9.45
    endloop
  endfacet
  facet normal 0 0 -1
    outer loop
      vertex -11.833302510658836 22.253913814164655 -9.45
      vertex -11.8 24 -9.45
      vertex -11.667774103256345 25.623321952061747 -9.45
    endloop
  endfacet
  facet normal 0 0 -1
    outer loop
      vertex -11.51507575950825 22.51507575950825 -9.45
      vertex -11.376678047938253 25.332225896743655 -9.45
      vertex -11.376678047938253 22.667774103256345 -9.45
    endloop
  endfacet
  facet normal 0 0 -1
    outer loop
      vertex -11.376678047938253 22.667774103256345 -9.45
      vertex -11.253913814164655 25.166697489341164 -9.45
      vertex -11.253913814164655 22.833302510658836 -9.45
    endloop
  endfacet
  facet normal 0 0 -1
    outer loop
      vertex -12.196364792033311 25.940147018273702 -9.45
      vertex -12.238728059003625 24.927612544035284 -9.45
      vertex -12.333315720376477 24.997763534763052 -9.45
    endloop
  endfacet
  facet normal 0 0 -1
    outer loop
      vertex -12.010066852665405 25.852034655131547 -9.45
      vertex -12.151471862576143 24.848528137423855 -9.45
      vertex -12.238728059003625 24.927612544035284 -9.45
    endloop
  endfacet
  facet normal 0 0 -1
    outer loop
      vertex -12.010066852665405 25.852034655131547 -9.45
      vertex -12.072387455964716 24.761271940996373 -9.45
      vertex -12.151471862576143 24.848528137423855 -9.45
    endloop
  endfacet
  facet normal 0 0 -1
    outer loop
      vertex -11.833302510658836 25.746086185835345 -9.45
      vertex -12.002236465236946 24.666684279623524 -9.45
      vertex -12.072387455964716 24.761271940996373 -9.45
    endloop
  endfacet
  facet normal 0 0 -1
    outer loop
      vertex -11.833302510658836 25.746086185835345 -9.45
      vertex -11.891344560986456 24.459220118838108 -9.45
      vertex -11.941694482781974 24.565676084191196 -9.45
    endloop
  endfacet
  facet normal 0 0 -1
    outer loop
      vertex -11.833302510658836 25.746086185835345 -9.45
      vertex -11.941694482781974 24.565676084191196 -9.45
      vertex -12.002236465236946 24.666684279623524 -9.45
    endloop
  endfacet
  facet normal 0 0 -1
    outer loop
      vertex -12.39040217776563 26.00957470503764 -9.45
      vertex -12.434323915808802 25.058305517218027 -9.45
      vertex -12.540779881161892 25.108655439013543 -9.45
    endloop
  endfacet
  facet normal 0 0 -1
    outer loop
      vertex -12.196364792033311 25.940147018273702 -9.45
      vertex -12.333315720376477 24.997763534763052 -9.45
      vertex -12.434323915808802 25.058305517218027 -9.45
    endloop
  endfacet
  facet normal 0 0 -1
    outer loop
      vertex -12.39040217776563 26.00957470503764 -9.45
      vertex -12.196364792033311 25.940147018273702 -9.45
      vertex -12.434323915808802 25.058305517218027 -9.45
    endloop
  endfacet
  facet normal 0 0 -1
    outer loop
      vertex -12.196364792033311 25.940147018273702 -9.45
      vertex -12.010066852665405 25.852034655131547 -9.45
      vertex -12.238728059003625 24.927612544035284 -9.45
    endloop
  endfacet
  facet normal 0 0 -1
    outer loop
      vertex -12.010066852665405 25.852034655131547 -9.45
      vertex -11.833302510658836 25.746086185835345 -9.45
      vertex -12.072387455964716 24.761271940996373 -9.45
    endloop
  endfacet
  facet normal 0 0 -1
    outer loop
      vertex -11.667774103256345 25.623321952061747 -9.45
      vertex -11.8 24 -9.45
      vertex -11.805778327993364 24.117620568395473 -9.45
    endloop
  endfacet
  facet normal 0 0 -1
    outer loop
      vertex -11.667774103256345 25.623321952061747 -9.45
      vertex -11.805778327993364 24.117620568395473 -9.45
      vertex -11.823057663516124 24.234108386419354 -9.45
    endloop
  endfacet
  facet normal 0 0 -1
    outer loop
      vertex -11.667774103256345 25.623321952061747 -9.45
      vertex -11.823057663516124 24.234108386419354 -9.45
      vertex -11.85167159712135 24.348341612705354 -9.45
    endloop
  endfacet
  facet normal 0 0 -1
    outer loop
      vertex -11.667774103256345 22.376678047938253 -9.45
      vertex -11.667774103256345 25.623321952061747 -9.45
      vertex -11.51507575950825 25.48492424049175 -9.45
    endloop
  endfacet
  facet normal 0 0 -1
    outer loop
      vertex -11.833302510658836 25.746086185835345 -9.45
      vertex -11.85167159712135 24.348341612705354 -9.45
      vertex -11.891344560986456 24.459220118838108 -9.45
    endloop
  endfacet
  facet normal 0 0 -1
    outer loop
      vertex -11.833302510658836 25.746086185835345 -9.45
      vertex -11.667774103256345 25.623321952061747 -9.45
      vertex -11.85167159712135 24.348341612705354 -9.45
    endloop
  endfacet
  facet normal 0 0 -1
    outer loop
      vertex -11.51507575950825 22.51507575950825 -9.45
      vertex -11.51507575950825 25.48492424049175 -9.45
      vertex -11.376678047938253 25.332225896743655 -9.45
    endloop
  endfacet
  facet normal 0 0 -1
    outer loop
      vertex -11.376678047938253 22.667774103256345 -9.45
      vertex -11.376678047938253 25.332225896743655 -9.45
      vertex -11.253913814164655 25.166697489341164 -9.45
    endloop
  endfacet
  facet normal 0 0 -1
    outer loop
      vertex -11.253913814164655 22.833302510658836 -9.45
      vertex -11.147965344868455 24.989933147334597 -9.45
      vertex -11.147965344868455 23.010066852665403 -9.45
    endloop
  endfacet
  facet normal 0 0 -1
    outer loop
      vertex -11.147965344868455 23.010066852665403 -9.45
      vertex -11.059852981726298 24.80363520796669 -9.45
      vertex -11.059852981726298 23.19636479203331 -9.45
    endloop
  endfacet
  facet normal 0 0 -1
    outer loop
      vertex -11.059852981726298 23.19636479203331 -9.45
      vertex -10.99042529496236 24.60959782223437 -9.45
      vertex -10.99042529496236 23.39040217776563 -9.45
    endloop
  endfacet
  facet normal 0 0 -1
    outer loop
      vertex -10.99042529496236 23.39040217776563 -9.45
      vertex -10.940350911153216 24.40968967623387 -9.45
      vertex -10.940350911153216 23.59031032376613 -9.45
    endloop
  endfacet
  facet normal 0 0 -1
    outer loop
      vertex -11.253913814164655 22.833302510658836 -9.45
      vertex -11.253913814164655 25.166697489341164 -9.45
      vertex -11.147965344868455 24.989933147334597 -9.45
    endloop
  endfacet
  facet normal 0 0 -1
    outer loop
      vertex -11.147965344868455 23.010066852665403 -9.45
      vertex -11.147965344868455 24.989933147334597 -9.45
      vertex -11.059852981726298 24.80363520796669 -9.45
    endloop
  endfacet
  facet normal 0 0 -1
    outer loop
      vertex -10.99042529496236 23.39040217776563 -9.45
      vertex -10.99042529496236 24.60959782223437 -9.45
      vertex -10.940350911153216 24.40968967623387 -9.45
    endloop
  endfacet
  facet normal 0 0 -1
    outer loop
      vertex -11.059852981726298 23.19636479203331 -9.45
      vertex -11.059852981726298 24.80363520796669 -9.45
      vertex -10.99042529496236 24.60959782223437 -9.45
    endloop
  endfacet
  facet normal 0 0 -1
    outer loop
      vertex -10.940350911153216 23.59031032376613 -9.45
      vertex -10.910112073988387 24.205835994692077 -9.45
      vertex -10.910112073988387 23.794164005307923 -9.45
    endloop
  endfacet
  facet normal 0 0 -1
    outer loop
      vertex -10.910112073988387 23.794164005307923 -9.45
      vertex -10.910112073988387 24.205835994692077 -9.45
      vertex -10.9 24 -9.45
    endloop
  endfacet
  facet normal 0 0 -1
    outer loop
      vertex -10.940350911153216 23.59031032376613 -9.45
      vertex -10.940350911153216 24.40968967623387 -9.45
      vertex -10.910112073988387 24.205835994692077 -9.45
    endloop
  endfacet
  facet normal -0.970031253194544 -0.24298017990326426 -4.30102142290889e-19
    outer loop
      vertex -15.00957470503764 23.39040217776563 -9.45
      vertex -15.059649088846784 23.59031032376613 0
      vertex -15.059649088846784 23.59031032376613 -9.45
    endloop
  endfacet
  facet normal -0.9891765099647817 -0.1467304744553568 -8.29120091200515e-20
    outer loop
      vertex -15.059649088846784 23.59031032376613 -9.45
      vertex -15.089887926011613 23.794164005307923 0
      vertex -15.089887926011613 23.794164005307923 -9.45
    endloop
  endfacet
  facet normal -0.9987954562051724 -0.049067674327417606 1.001598784259976e-19
    outer loop
      vertex -15.089887926011613 23.794164005307923 -9.45
      vertex -15.1 24 0
      vertex -15.1 24 -9.45
    endloop
  endfacet
  facet normal -0.9987954562051724 0.049067674327417606 -1.001598784259976e-19
    outer loop
      vertex -15.1 24 -9.45
      vertex -15.089887926011613 24.205835994692077 0
      vertex -15.089887926011613 24.205835994692077 -9.45
    endloop
  endfacet
  facet normal -0.9891765099647817 0.1467304744553568 8.29120091200515e-20
    outer loop
      vertex -15.089887926011613 24.205835994692077 -9.45
      vertex -15.059649088846784 24.40968967623387 0
      vertex -15.059649088846784 24.40968967623387 -9.45
    endloop
  endfacet
  facet normal -0.970031253194544 0.24298017990326426 4.30102142290889e-19
    outer loop
      vertex -15.059649088846784 24.40968967623387 -9.45
      vertex -15.00957470503764 24.60959782223437 0
      vertex -15.00957470503764 24.60959782223437 -9.45
    endloop
  endfacet
  facet normal -0.6715589548470127 -0.7409511253549643 0
    outer loop
      vertex -14.332225896743655 22.376678047938253 -9.45
      vertex -14.332225896743655 22.376678047938253 0
      vertex -14.48492424049175 22.51507575950825 -9.45
    endloop
  endfacet
  facet normal -0.5956993044924358 -0.803207531480643 -4.677065334839941e-19
    outer loop
      vertex -14.332225896743655 22.376678047938253 -9.45
      vertex -14.166697489341164 22.253913814164655 -9.45
      vertex -14.166697489341164 22.253913814164655 0
    endloop
  endfacet
  facet normal -0.5141027441932262 -0.8577286100002693 -7.583751212925217e-19
    outer loop
      vertex -14.166697489341164 22.253913814164655 -9.45
      vertex -13.989933147334595 22.147965344868453 -9.45
      vertex -13.989933147334595 22.147965344868453 0
    endloop
  endfacet
  facet normal -0.42755509343027776 -0.9039892931234453 3.7720408446724914e-19
    outer loop
      vertex -13.989933147334595 22.147965344868453 -9.45
      vertex -13.803635207966689 22.059852981726298 -9.45
      vertex -13.803635207966689 22.059852981726298 0
    endloop
  endfacet
  facet normal -0.3368898533922223 -0.9415440651830199 9.208550382623805e-20
    outer loop
      vertex -13.803635207966689 22.059852981726298 -9.45
      vertex -13.60959782223437 21.99042529496236 -9.45
      vertex -13.60959782223437 21.99042529496236 0
    endloop
  endfacet
  facet normal -0.24298017990325413 -0.9700312531945464 -4.728419580431597e-20
    outer loop
      vertex -13.60959782223437 21.99042529496236 -9.45
      vertex -13.409689676233869 21.940350911153217 -9.45
      vertex -13.409689676233869 21.940350911153217 0
    endloop
  endfacet
  facet normal -0.14673047445536647 -0.9891765099647802 1.1162625673451762e-19
    outer loop
      vertex -13.409689676233869 21.940350911153217 -9.45
      vertex -13.205835994692077 21.910112073988387 -9.45
      vertex -13.205835994692077 21.910112073988387 0
    endloop
  endfacet
  facet normal -0.0490676743274262 -0.998795456205172 7.694832674631101e-20
    outer loop
      vertex -13.205835994692077 21.910112073988387 -9.45
      vertex -13 21.9 -9.45
      vertex -13 21.9 0
    endloop
  endfacet
  facet normal 0.0490676743274262 -0.998795456205172 -7.694832674631101e-20
    outer loop
      vertex -13 21.9 -9.45
      vertex -12.794164005307923 21.910112073988387 -9.45
      vertex -12.794164005307923 21.910112073988387 0
    endloop
  endfacet
  facet normal 0.14673047445536647 -0.9891765099647802 -1.1162625673451762e-19
    outer loop
      vertex -12.794164005307923 21.910112073988387 -9.45
      vertex -12.590310323766131 21.940350911153217 -9.45
      vertex -12.590310323766131 21.940350911153217 0
    endloop
  endfacet
  facet normal 0.24298017990325413 -0.9700312531945464 4.728419580431597e-20
    outer loop
      vertex -12.590310323766131 21.940350911153217 -9.45
      vertex -12.39040217776563 21.99042529496236 -9.45
      vertex -12.39040217776563 21.99042529496236 0
    endloop
  endfacet
  facet normal 0.3368898533922223 -0.9415440651830199 -9.208550382623805e-20
    outer loop
      vertex -12.39040217776563 21.99042529496236 -9.45
      vertex -12.196364792033311 22.059852981726298 -9.45
      vertex -12.196364792033311 22.059852981726298 0
    endloop
  endfacet
  facet normal 0.42755509343027776 -0.9039892931234453 -3.7720408446724914e-19
    outer loop
      vertex -12.196364792033311 22.059852981726298 -9.45
      vertex -12.010066852665405 22.147965344868453 -9.45
      vertex -12.010066852665405 22.147965344868453 0
    endloop
  endfacet
  facet normal 0.5141027441932262 -0.8577286100002693 7.583751212925217e-19
    outer loop
      vertex -12.010066852665405 22.147965344868453 -9.45
      vertex -11.833302510658836 22.253913814164655 -9.45
      vertex -11.833302510658836 22.253913814164655 0
    endloop
  endfacet
  facet normal 0.5956993044924358 -0.803207531480643 4.677065334839941e-19
    outer loop
      vertex -11.833302510658836 22.253913814164655 -9.45
      vertex -11.667774103256345 22.376678047938253 -9.45
      vertex -11.667774103256345 22.376678047938253 0
    endloop
  endfacet
  facet normal 0.6715589548470127 -0.7409511253549643 2.921677541431815e-19
    outer loop
      vertex -11.667774103256345 22.376678047938253 -9.45
      vertex -11.51507575950825 22.51507575950825 -9.45
      vertex -11.51507575950825 22.51507575950825 0
    endloop
  endfacet
  facet normal -0.8577286100002708 -0.5141027441932238 5.758894268029271e-19
    outer loop
      vertex -14.746086185835345 22.833302510658836 -9.45
      vertex -14.852034655131545 23.010066852665403 0
      vertex -14.852034655131545 23.010066852665403 -9.45
    endloop
  endfacet
  facet normal -0.803207531480643 -0.5956993044924358 0
    outer loop
      vertex -14.746086185835345 22.833302510658836 -9.45
      vertex -14.623321952061747 22.667774103256345 -9.45
      vertex -14.746086185835345 22.833302510658836 0
    endloop
  endfacet
  facet normal -0.9039892931234436 -0.4275550934302815 0
    outer loop
      vertex -14.940147018273702 23.19636479203331 -9.45
      vertex -14.852034655131545 23.010066852665403 -9.45
      vertex -14.940147018273702 23.19636479203331 0
    endloop
  endfacet
  facet normal -0.9415440651830199 -0.3368898533922223 0
    outer loop
      vertex -15.00957470503764 23.39040217776563 -9.45
      vertex -14.940147018273702 23.19636479203331 -9.45
      vertex -15.00957470503764 23.39040217776563 0
    endloop
  endfacet
  facet normal -0.7409511253549643 -0.6715589548470127 0
    outer loop
      vertex -14.623321952061747 22.667774103256345 -9.45
      vertex -14.48492424049175 22.51507575950825 -9.45
      vertex -14.623321952061747 22.667774103256345 0
    endloop
  endfacet
  facet normal -0.9415440651830199 0.3368898533922223 -9.208550382623805e-20
    outer loop
      vertex -15.00957470503764 24.60959782223437 -9.45
      vertex -14.940147018273702 24.80363520796669 0
      vertex -14.940147018273702 24.80363520796669 -9.45
    endloop
  endfacet
  facet normal -0.9039892931234436 0.4275550934302815 5.101119343644805e-19
    outer loop
      vertex -14.940147018273702 24.80363520796669 -9.45
      vertex -14.852034655131545 24.989933147334597 0
      vertex -14.852034655131545 24.989933147334597 -9.45
    endloop
  endfacet
  facet normal -0.8577286100002708 0.5141027441932238 -5.758894268029271e-19
    outer loop
      vertex -14.852034655131545 24.989933147334597 -9.45
      vertex -14.746086185835345 25.166697489341164 0
      vertex -14.746086185835345 25.166697489341164 -9.45
    endloop
  endfacet
  facet normal -0.803207531480643 0.5956993044924358 4.677065334839941e-19
    outer loop
      vertex -14.746086185835345 25.166697489341164 -9.45
      vertex -14.623321952061747 25.332225896743655 0
      vertex -14.623321952061747 25.332225896743655 -9.45
    endloop
  endfacet
  facet normal -0.7409511253549643 0.6715589548470127 2.921677541431815e-19
    outer loop
      vertex -14.623321952061747 25.332225896743655 -9.45
      vertex -14.48492424049175 25.48492424049175 0
      vertex -14.48492424049175 25.48492424049175 -9.45
    endloop
  endfacet
  facet normal -0.6715589548470127 0.7409511253549643 0
    outer loop
      vertex -14.48492424049175 25.48492424049175 -9.45
      vertex -14.48492424049175 25.48492424049175 0
      vertex -14.332225896743655 25.623321952061747 -9.45
    endloop
  endfacet
  facet normal -0.5956993044924358 0.803207531480643 0
    outer loop
      vertex -14.332225896743655 25.623321952061747 -9.45
      vertex -14.332225896743655 25.623321952061747 0
      vertex -14.166697489341164 25.746086185835345 -9.45
    endloop
  endfacet
  facet normal -0.5141027441932262 0.8577286100002693 0
    outer loop
      vertex -14.166697489341164 25.746086185835345 -9.45
      vertex -14.166697489341164 25.746086185835345 0
      vertex -13.989933147334595 25.852034655131547 -9.45
    endloop
  endfacet
  facet normal -0.42755509343027776 0.9039892931234453 0
    outer loop
      vertex -13.989933147334595 25.852034655131547 -9.45
      vertex -13.989933147334595 25.852034655131547 0
      vertex -13.803635207966689 25.940147018273702 -9.45
    endloop
  endfacet
  facet normal -0.3368898533922223 0.9415440651830199 0
    outer loop
      vertex -13.803635207966689 25.940147018273702 -9.45
      vertex -13.803635207966689 25.940147018273702 0
      vertex -13.60959782223437 26.00957470503764 -9.45
    endloop
  endfacet
  facet normal -0.24298017990325413 0.9700312531945464 0
    outer loop
      vertex -13.60959782223437 26.00957470503764 -9.45
      vertex -13.60959782223437 26.00957470503764 0
      vertex -13.409689676233869 26.059649088846783 -9.45
    endloop
  endfacet
  facet normal -0.14673047445536647 0.9891765099647802 0
    outer loop
      vertex -13.409689676233869 26.059649088846783 -9.45
      vertex -13.409689676233869 26.059649088846783 0
      vertex -13.205835994692077 26.089887926011613 -9.45
    endloop
  endfacet
  facet normal -0.0490676743274262 0.998795456205172 0
    outer loop
      vertex -13.205835994692077 26.089887926011613 -9.45
      vertex -13.205835994692077 26.089887926011613 0
      vertex -13 26.1 -9.45
    endloop
  endfacet
  facet normal 0.0490676743274262 0.998795456205172 0
    outer loop
      vertex -13 26.1 -9.45
      vertex -13 26.1 0
      vertex -12.794164005307923 26.089887926011613 -9.45
    endloop
  endfacet
  facet normal 0.14673047445536647 0.9891765099647802 0
    outer loop
      vertex -12.794164005307923 26.089887926011613 -9.45
      vertex -12.794164005307923 26.089887926011613 0
      vertex -12.590310323766131 26.059649088846783 -9.45
    endloop
  endfacet
  facet normal 0.24298017990325413 0.9700312531945464 0
    outer loop
      vertex -12.590310323766131 26.059649088846783 -9.45
      vertex -12.590310323766131 26.059649088846783 0
      vertex -12.39040217776563 26.00957470503764 -9.45
    endloop
  endfacet
  facet normal 0.7409511253549643 -0.6715589548470127 0
    outer loop
      vertex -11.51507575950825 22.51507575950825 -9.45
      vertex -11.376678047938253 22.667774103256345 -9.45
      vertex -11.51507575950825 22.51507575950825 0
    endloop
  endfacet
  facet normal 0.803207531480643 -0.5956993044924358 0
    outer loop
      vertex -11.376678047938253 22.667774103256345 -9.45
      vertex -11.253913814164655 22.833302510658836 -9.45
      vertex -11.376678047938253 22.667774103256345 0
    endloop
  endfacet
  facet normal 0.3368898533922223 0.9415440651830199 0
    outer loop
      vertex -12.39040217776563 26.00957470503764 -9.45
      vertex -12.39040217776563 26.00957470503764 0
      vertex -12.196364792033311 25.940147018273702 -9.45
    endloop
  endfacet
  facet normal 0.42755509343027776 0.9039892931234453 0
    outer loop
      vertex -12.196364792033311 25.940147018273702 -9.45
      vertex -12.196364792033311 25.940147018273702 0
      vertex -12.010066852665405 25.852034655131547 -9.45
    endloop
  endfacet
  facet normal 0.5141027441932262 0.8577286100002693 0
    outer loop
      vertex -12.010066852665405 25.852034655131547 -9.45
      vertex -12.010066852665405 25.852034655131547 0
      vertex -11.833302510658836 25.746086185835345 -9.45
    endloop
  endfacet
  facet normal 0.803207531480643 0.5956993044924358 0
    outer loop
      vertex -11.253913814164655 25.166697489341164 -9.45
      vertex -11.376678047938253 25.332225896743655 -9.45
      vertex -11.253913814164655 25.166697489341164 0
    endloop
  endfacet
  facet normal 0.5956993044924358 0.803207531480643 0
    outer loop
      vertex -11.833302510658836 25.746086185835345 -9.45
      vertex -11.833302510658836 25.746086185835345 0
      vertex -11.667774103256345 25.623321952061747 -9.45
    endloop
  endfacet
  facet normal 0.6715589548470127 0.7409511253549643 0
    outer loop
      vertex -11.667774103256345 25.623321952061747 -9.45
      vertex -11.667774103256345 25.623321952061747 0
      vertex -11.51507575950825 25.48492424049175 -9.45
    endloop
  endfacet
  facet normal 0.7409511253549643 0.6715589548470127 -2.921677541431815e-19
    outer loop
      vertex -11.51507575950825 25.48492424049175 -9.45
      vertex -11.376678047938253 25.332225896743655 0
      vertex -11.376678047938253 25.332225896743655 -9.45
    endloop
  endfacet
  facet normal 0.8577286100002708 -0.5141027441932238 0
    outer loop
      vertex -11.253913814164655 22.833302510658836 -9.45
      vertex -11.147965344868455 23.010066852665403 -9.45
      vertex -11.253913814164655 22.833302510658836 0
    endloop
  endfacet
  facet normal 0.9039892931234436 -0.4275550934302815 0
    outer loop
      vertex -11.147965344868455 23.010066852665403 -9.45
      vertex -11.059852981726298 23.19636479203331 -9.45
      vertex -11.147965344868455 23.010066852665403 0
    endloop
  endfacet
  facet normal 0.9415440651830199 -0.3368898533922223 0
    outer loop
      vertex -11.059852981726298 23.19636479203331 -9.45
      vertex -10.99042529496236 23.39040217776563 -9.45
      vertex -11.059852981726298 23.19636479203331 0
    endloop
  endfacet
  facet normal 0.970031253194544 -0.24298017990326426 0
    outer loop
      vertex -10.99042529496236 23.39040217776563 -9.45
      vertex -10.940350911153216 23.59031032376613 -9.45
      vertex -10.99042529496236 23.39040217776563 0
    endloop
  endfacet
  facet normal 0.9891765099647817 -0.1467304744553568 0
    outer loop
      vertex -10.940350911153216 23.59031032376613 -9.45
      vertex -10.910112073988387 23.794164005307923 -9.45
      vertex -10.940350911153216 23.59031032376613 0
    endloop
  endfacet
  facet normal 0.9987954562051724 -0.049067674327417606 0
    outer loop
      vertex -10.910112073988387 23.794164005307923 -9.45
      vertex -10.9 24 -9.45
      vertex -10.910112073988387 23.794164005307923 0
    endloop
  endfacet
  facet normal 0.9987954562051724 0.049067674327417606 0
    outer loop
      vertex -10.9 24 -9.45
      vertex -10.910112073988387 24.205835994692077 -9.45
      vertex -10.9 24 0
    endloop
  endfacet
  facet normal 0.9891765099647817 0.1467304744553568 0
    outer loop
      vertex -10.910112073988387 24.205835994692077 -9.45
      vertex -10.940350911153216 24.40968967623387 -9.45
      vertex -10.910112073988387 24.205835994692077 0
    endloop
  endfacet
  facet normal 0.970031253194544 0.24298017990326426 0
    outer loop
      vertex -10.940350911153216 24.40968967623387 -9.45
      vertex -10.99042529496236 24.60959782223437 -9.45
      vertex -10.940350911153216 24.40968967623387 0
    endloop
  endfacet
  facet normal 0.9415440651830199 0.3368898533922223 9.208550382623805e-20
    outer loop
      vertex -11.059852981726298 24.80363520796669 -9.45
      vertex -10.99042529496236 24.60959782223437 0
      vertex -10.99042529496236 24.60959782223437 -9.45
    endloop
  endfacet
  facet normal 0.8577286100002708 0.5141027441932238 5.758894268029271e-19
    outer loop
      vertex -11.253913814164655 25.166697489341164 -9.45
      vertex -11.147965344868455 24.989933147334597 0
      vertex -11.147965344868455 24.989933147334597 -9.45
    endloop
  endfacet
  facet normal 0.9039892931234436 0.4275550934302815 0
    outer loop
      vertex -11.059852981726298 24.80363520796669 -9.45
      vertex -11.147965344868455 24.989933147334597 -9.45
      vertex -11.059852981726298 24.80363520796669 0
    endloop
  endfacet
  facet normal -0.970031253194544 -0.24298017990326426 0
    outer loop
      vertex -15.00957470503764 23.39040217776563 -9.45
      vertex -15.00957470503764 23.39040217776563 0
      vertex -15.059649088846784 23.59031032376613 0
    endloop
  endfacet
  facet normal -0.9891765099647817 -0.1467304744553568 0
    outer loop
      vertex -15.059649088846784 23.59031032376613 -9.45
      vertex -15.059649088846784 23.59031032376613 0
      vertex -15.089887926011613 23.794164005307923 0
    endloop
  endfacet
  facet normal -0.9987954562051724 -0.049067674327417606 0
    outer loop
      vertex -15.089887926011613 23.794164005307923 -9.45
      vertex -15.089887926011613 23.794164005307923 0
      vertex -15.1 24 0
    endloop
  endfacet
  facet normal -0.9987954562051724 0.049067674327417606 0
    outer loop
      vertex -15.1 24 -9.45
      vertex -15.1 24 0
      vertex -15.089887926011613 24.205835994692077 0
    endloop
  endfacet
  facet normal -0.9891765099647817 0.1467304744553568 0
    outer loop
      vertex -15.089887926011613 24.205835994692077 -9.45
      vertex -15.089887926011613 24.205835994692077 0
      vertex -15.059649088846784 24.40968967623387 0
    endloop
  endfacet
  facet normal -0.970031253194544 0.24298017990326426 0
    outer loop
      vertex -15.059649088846784 24.40968967623387 -9.45
      vertex -15.059649088846784 24.40968967623387 0
      vertex -15.00957470503764 24.60959782223437 0
    endloop
  endfacet
  facet normal -0.6715589548470127 -0.7409511253549643 0
    outer loop
      vertex -14.48492424049175 22.51507575950825 -9.45
      vertex -14.332225896743655 22.376678047938253 0
      vertex -14.48492424049175 22.51507575950825 0
    endloop
  endfacet
  facet normal -0.5956993044924358 -0.803207531480643 0
    outer loop
      vertex -14.332225896743655 22.376678047938253 -9.45
      vertex -14.166697489341164 22.253913814164655 0
      vertex -14.332225896743655 22.376678047938253 0
    endloop
  endfacet
  facet normal -0.5141027441932262 -0.8577286100002693 0
    outer loop
      vertex -14.166697489341164 22.253913814164655 -9.45
      vertex -13.989933147334595 22.147965344868453 0
      vertex -14.166697489341164 22.253913814164655 0
    endloop
  endfacet
  facet normal -0.42755509343027776 -0.9039892931234453 0
    outer loop
      vertex -13.989933147334595 22.147965344868453 -9.45
      vertex -13.803635207966689 22.059852981726298 0
      vertex -13.989933147334595 22.147965344868453 0
    endloop
  endfacet
  facet normal -0.24298017990325413 -0.9700312531945464 0
    outer loop
      vertex -13.60959782223437 21.99042529496236 -9.45
      vertex -13.409689676233869 21.940350911153217 0
      vertex -13.60959782223437 21.99042529496236 0
    endloop
  endfacet
  facet normal -0.3368898533922223 -0.9415440651830199 0
    outer loop
      vertex -13.803635207966689 22.059852981726298 -9.45
      vertex -13.60959782223437 21.99042529496236 0
      vertex -13.803635207966689 22.059852981726298 0
    endloop
  endfacet
  facet normal -0.14673047445536647 -0.9891765099647802 0
    outer loop
      vertex -13.409689676233869 21.940350911153217 -9.45
      vertex -13.205835994692077 21.910112073988387 0
      vertex -13.409689676233869 21.940350911153217 0
    endloop
  endfacet
  facet normal -0.0490676743274262 -0.998795456205172 0
    outer loop
      vertex -13.205835994692077 21.910112073988387 -9.45
      vertex -13 21.9 0
      vertex -13.205835994692077 21.910112073988387 0
    endloop
  endfacet
  facet normal 0.0490676743274262 -0.998795456205172 0
    outer loop
      vertex -13 21.9 -9.45
      vertex -12.794164005307923 21.910112073988387 0
      vertex -13 21.9 0
    endloop
  endfacet
  facet normal 0.14673047445536647 -0.9891765099647802 0
    outer loop
      vertex -12.794164005307923 21.910112073988387 -9.45
      vertex -12.590310323766131 21.940350911153217 0
      vertex -12.794164005307923 21.910112073988387 0
    endloop
  endfacet
  facet normal 0.24298017990325413 -0.9700312531945464 0
    outer loop
      vertex -12.590310323766131 21.940350911153217 -9.45
      vertex -12.39040217776563 21.99042529496236 0
      vertex -12.590310323766131 21.940350911153217 0
    endloop
  endfacet
  facet normal 0.3368898533922223 -0.9415440651830199 0
    outer loop
      vertex -12.39040217776563 21.99042529496236 -9.45
      vertex -12.196364792033311 22.059852981726298 0
      vertex -12.39040217776563 21.99042529496236 0
    endloop
  endfacet
  facet normal 0.42755509343027776 -0.9039892931234453 0
    outer loop
      vertex -12.196364792033311 22.059852981726298 -9.45
      vertex -12.010066852665405 22.147965344868453 0
      vertex -12.196364792033311 22.059852981726298 0
    endloop
  endfacet
  facet normal 0.5141027441932262 -0.8577286100002693 0
    outer loop
      vertex -12.010066852665405 22.147965344868453 -9.45
      vertex -11.833302510658836 22.253913814164655 0
      vertex -12.010066852665405 22.147965344868453 0
    endloop
  endfacet
  facet normal 0.5956993044924358 -0.803207531480643 0
    outer loop
      vertex -11.833302510658836 22.253913814164655 -9.45
      vertex -11.667774103256345 22.376678047938253 0
      vertex -11.833302510658836 22.253913814164655 0
    endloop
  endfacet
  facet normal 0.6715589548470127 -0.7409511253549643 0
    outer loop
      vertex -11.667774103256345 22.376678047938253 -9.45
      vertex -11.51507575950825 22.51507575950825 0
      vertex -11.667774103256345 22.376678047938253 0
    endloop
  endfacet
  facet normal -0.8577286100002708 -0.5141027441932238 0
    outer loop
      vertex -14.746086185835345 22.833302510658836 -9.45
      vertex -14.746086185835345 22.833302510658836 0
      vertex -14.852034655131545 23.010066852665403 0
    endloop
  endfacet
  facet normal -0.9039892931234436 -0.4275550934302815 0
    outer loop
      vertex -14.852034655131545 23.010066852665403 -9.45
      vertex -14.852034655131545 23.010066852665403 0
      vertex -14.940147018273702 23.19636479203331 0
    endloop
  endfacet
  facet normal -0.9415440651830199 -0.3368898533922223 0
    outer loop
      vertex -14.940147018273702 23.19636479203331 -9.45
      vertex -14.940147018273702 23.19636479203331 0
      vertex -15.00957470503764 23.39040217776563 0
    endloop
  endfacet
  facet normal -0.803207531480643 -0.5956993044924358 0
    outer loop
      vertex -14.623321952061747 22.667774103256345 -9.45
      vertex -14.623321952061747 22.667774103256345 0
      vertex -14.746086185835345 22.833302510658836 0
    endloop
  endfacet
  facet normal -0.7409511253549643 -0.6715589548470127 0
    outer loop
      vertex -14.48492424049175 22.51507575950825 -9.45
      vertex -14.48492424049175 22.51507575950825 0
      vertex -14.623321952061747 22.667774103256345 0
    endloop
  endfacet
  facet normal -0.9415440651830199 0.3368898533922223 0
    outer loop
      vertex -15.00957470503764 24.60959782223437 -9.45
      vertex -15.00957470503764 24.60959782223437 0
      vertex -14.940147018273702 24.80363520796669 0
    endloop
  endfacet
  facet normal -0.9039892931234436 0.4275550934302815 0
    outer loop
      vertex -14.940147018273702 24.80363520796669 -9.45
      vertex -14.940147018273702 24.80363520796669 0
      vertex -14.852034655131545 24.989933147334597 0
    endloop
  endfacet
  facet normal -0.8577286100002708 0.5141027441932238 0
    outer loop
      vertex -14.852034655131545 24.989933147334597 -9.45
      vertex -14.852034655131545 24.989933147334597 0
      vertex -14.746086185835345 25.166697489341164 0
    endloop
  endfacet
  facet normal -0.803207531480643 0.5956993044924358 0
    outer loop
      vertex -14.746086185835345 25.166697489341164 -9.45
      vertex -14.746086185835345 25.166697489341164 0
      vertex -14.623321952061747 25.332225896743655 0
    endloop
  endfacet
  facet normal -0.7409511253549643 0.6715589548470127 0
    outer loop
      vertex -14.623321952061747 25.332225896743655 -9.45
      vertex -14.623321952061747 25.332225896743655 0
      vertex -14.48492424049175 25.48492424049175 0
    endloop
  endfacet
  facet normal -0.6715589548470127 0.7409511253549643 0
    outer loop
      vertex -14.332225896743655 25.623321952061747 -9.45
      vertex -14.48492424049175 25.48492424049175 0
      vertex -14.332225896743655 25.623321952061747 0
    endloop
  endfacet
  facet normal -0.5956993044924358 0.803207531480643 0
    outer loop
      vertex -14.166697489341164 25.746086185835345 -9.45
      vertex -14.332225896743655 25.623321952061747 0
      vertex -14.166697489341164 25.746086185835345 0
    endloop
  endfacet
  facet normal -0.5141027441932262 0.8577286100002693 0
    outer loop
      vertex -13.989933147334595 25.852034655131547 -9.45
      vertex -14.166697489341164 25.746086185835345 0
      vertex -13.989933147334595 25.852034655131547 0
    endloop
  endfacet
  facet normal -0.42755509343027776 0.9039892931234453 0
    outer loop
      vertex -13.803635207966689 25.940147018273702 -9.45
      vertex -13.989933147334595 25.852034655131547 0
      vertex -13.803635207966689 25.940147018273702 0
    endloop
  endfacet
  facet normal -0.3368898533922223 0.9415440651830199 0
    outer loop
      vertex -13.60959782223437 26.00957470503764 -9.45
      vertex -13.803635207966689 25.940147018273702 0
      vertex -13.60959782223437 26.00957470503764 0
    endloop
  endfacet
  facet normal -0.24298017990325413 0.9700312531945464 0
    outer loop
      vertex -13.409689676233869 26.059649088846783 -9.45
      vertex -13.60959782223437 26.00957470503764 0
      vertex -13.409689676233869 26.059649088846783 0
    endloop
  endfacet
  facet normal -0.14673047445536647 0.9891765099647802 0
    outer loop
      vertex -13.205835994692077 26.089887926011613 -9.45
      vertex -13.409689676233869 26.059649088846783 0
      vertex -13.205835994692077 26.089887926011613 0
    endloop
  endfacet
  facet normal -0.0490676743274262 0.998795456205172 0
    outer loop
      vertex -13 26.1 -9.45
      vertex -13.205835994692077 26.089887926011613 0
      vertex -13 26.1 0
    endloop
  endfacet
  facet normal 0.0490676743274262 0.998795456205172 0
    outer loop
      vertex -12.794164005307923 26.089887926011613 -9.45
      vertex -13 26.1 0
      vertex -12.794164005307923 26.089887926011613 0
    endloop
  endfacet
  facet normal 0.14673047445536647 0.9891765099647802 0
    outer loop
      vertex -12.590310323766131 26.059649088846783 -9.45
      vertex -12.794164005307923 26.089887926011613 0
      vertex -12.590310323766131 26.059649088846783 0
    endloop
  endfacet
  facet normal 0.7409511253549643 -0.6715589548470127 0
    outer loop
      vertex -11.376678047938253 22.667774103256345 -9.45
      vertex -11.376678047938253 22.667774103256345 0
      vertex -11.51507575950825 22.51507575950825 0
    endloop
  endfacet
  facet normal 0.803207531480643 -0.5956993044924358 0
    outer loop
      vertex -11.253913814164655 22.833302510658836 -9.45
      vertex -11.253913814164655 22.833302510658836 0
      vertex -11.376678047938253 22.667774103256345 0
    endloop
  endfacet
  facet normal 0.24298017990325413 0.9700312531945464 0
    outer loop
      vertex -12.39040217776563 26.00957470503764 -9.45
      vertex -12.590310323766131 26.059649088846783 0
      vertex -12.39040217776563 26.00957470503764 0
    endloop
  endfacet
  facet normal 0.3368898533922223 0.9415440651830199 0
    outer loop
      vertex -12.196364792033311 25.940147018273702 -9.45
      vertex -12.39040217776563 26.00957470503764 0
      vertex -12.196364792033311 25.940147018273702 0
    endloop
  endfacet
  facet normal 0.42755509343027776 0.9039892931234453 0
    outer loop
      vertex -12.010066852665405 25.852034655131547 -9.45
      vertex -12.196364792033311 25.940147018273702 0
      vertex -12.010066852665405 25.852034655131547 0
    endloop
  endfacet
  facet normal 0.5141027441932262 0.8577286100002693 0
    outer loop
      vertex -11.833302510658836 25.746086185835345 -9.45
      vertex -12.010066852665405 25.852034655131547 0
      vertex -11.833302510658836 25.746086185835345 0
    endloop
  endfacet
  facet normal 0.803207531480643 0.5956993044924358 0
    outer loop
      vertex -11.376678047938253 25.332225896743655 -9.45
      vertex -11.376678047938253 25.332225896743655 0
      vertex -11.253913814164655 25.166697489341164 0
    endloop
  endfacet
  facet normal 0.5956993044924358 0.803207531480643 0
    outer loop
      vertex -11.667774103256345 25.623321952061747 -9.45
      vertex -11.833302510658836 25.746086185835345 0
      vertex -11.667774103256345 25.623321952061747 0
    endloop
  endfacet
  facet normal 0.6715589548470127 0.7409511253549643 0
    outer loop
      vertex -11.51507575950825 25.48492424049175 -9.45
      vertex -11.667774103256345 25.623321952061747 0
      vertex -11.51507575950825 25.48492424049175 0
    endloop
  endfacet
  facet normal 0.7409511253549643 0.6715589548470127 0
    outer loop
      vertex -11.51507575950825 25.48492424049175 -9.45
      vertex -11.51507575950825 25.48492424049175 0
      vertex -11.376678047938253 25.332225896743655 0
    endloop
  endfacet
  facet normal 0.8577286100002708 -0.5141027441932238 0
    outer loop
      vertex -11.147965344868455 23.010066852665403 -9.45
      vertex -11.147965344868455 23.010066852665403 0
      vertex -11.253913814164655 22.833302510658836 0
    endloop
  endfacet
  facet normal 0.9039892931234436 -0.4275550934302815 0
    outer loop
      vertex -11.059852981726298 23.19636479203331 -9.45
      vertex -11.059852981726298 23.19636479203331 0
      vertex -11.147965344868455 23.010066852665403 0
    endloop
  endfacet
  facet normal 0.9415440651830199 -0.3368898533922223 0
    outer loop
      vertex -10.99042529496236 23.39040217776563 -9.45
      vertex -10.99042529496236 23.39040217776563 0
      vertex -11.059852981726298 23.19636479203331 0
    endloop
  endfacet
  facet normal 0.970031253194544 -0.24298017990326426 0
    outer loop
      vertex -10.940350911153216 23.59031032376613 -9.45
      vertex -10.940350911153216 23.59031032376613 0
      vertex -10.99042529496236 23.39040217776563 0
    endloop
  endfacet
  facet normal 0.9891765099647817 -0.1467304744553568 0
    outer loop
      vertex -10.910112073988387 23.794164005307923 -9.45
      vertex -10.910112073988387 23.794164005307923 0
      vertex -10.940350911153216 23.59031032376613 0
    endloop
  endfacet
  facet normal 0.9987954562051724 -0.049067674327417606 0
    outer loop
      vertex -10.9 24 -9.45
      vertex -10.9 24 0
      vertex -10.910112073988387 23.794164005307923 0
    endloop
  endfacet
  facet normal 0.9987954562051724 0.049067674327417606 0
    outer loop
      vertex -10.910112073988387 24.205835994692077 -9.45
      vertex -10.910112073988387 24.205835994692077 0
      vertex -10.9 24 0
    endloop
  endfacet
  facet normal 0.9891765099647817 0.1467304744553568 0
    outer loop
      vertex -10.940350911153216 24.40968967623387 -9.45
      vertex -10.940350911153216 24.40968967623387 0
      vertex -10.910112073988387 24.205835994692077 0
    endloop
  endfacet
  facet normal 0.970031253194544 0.24298017990326426 0
    outer loop
      vertex -10.99042529496236 24.60959782223437 -9.45
      vertex -10.99042529496236 24.60959782223437 0
      vertex -10.940350911153216 24.40968967623387 0
    endloop
  endfacet
  facet normal 0.9415440651830199 0.3368898533922223 0
    outer loop
      vertex -11.059852981726298 24.80363520796669 -9.45
      vertex -11.059852981726298 24.80363520796669 0
      vertex -10.99042529496236 24.60959782223437 0
    endloop
  endfacet
  facet normal 0.9039892931234436 0.4275550934302815 0
    outer loop
      vertex -11.147965344868455 24.989933147334597 -9.45
      vertex -11.147965344868455 24.989933147334597 0
      vertex -11.059852981726298 24.80363520796669 0
    endloop
  endfacet
  facet normal 0.8577286100002708 0.5141027441932238 0
    outer loop
      vertex -11.253913814164655 25.166697489341164 -9.45
      vertex -11.253913814164655 25.166697489341164 0
      vertex -11.147965344868455 24.989933147334597 0
    endloop
  endfacet
  facet normal 0 0 -1
    outer loop
      vertex 12.010066852665405 22.147965344868453 -9.45
      vertex 12.238728059003625 23.072387455964716 -9.45
      vertex 12.196364792033311 22.059852981726298 -9.45
    endloop
  endfacet
  facet normal 0 0 -1
    outer loop
      vertex 12.39040217776563 21.99042529496236 -9.45
      vertex 12.196364792033311 22.059852981726298 -9.45
      vertex 12.434323915808802 22.941694482781973 -9.45
    endloop
  endfacet
  facet normal 0 0 -1
    outer loop
      vertex 12.39040217776563 21.99042529496236 -9.45
      vertex 12.651658387294646 22.85167159712135 -9.45
      vertex 12.590310323766131 21.940350911153217 -9.45
    endloop
  endfacet
  facet normal 0 0 -1
    outer loop
      vertex 12.590310323766131 21.940350911153217 -9.45
      vertex 12.882379431604527 22.805778327993362 -9.45
      vertex 12.794164005307923 21.910112073988387 -9.45
    endloop
  endfacet
  facet normal 0 0 -1
    outer loop
      vertex 12.794164005307923 21.910112073988387 -9.45
      vertex 12.882379431604527 22.805778327993362 -9.45
      vertex 13 21.9 -9.45
    endloop
  endfacet
  facet normal 0 0 -1
    outer loop
      vertex 13 21.9 -9.45
      vertex 13.117620568395473 22.805778327993362 -9.45
      vertex 13.205835994692077 21.910112073988387 -9.45
    endloop
  endfacet
  facet normal 0 0 -1
    outer loop
      vertex 13.205835994692077 21.910112073988387 -9.45
      vertex 13.348341612705354 22.85167159712135 -9.45
      vertex 13.409689676233869 21.940350911153217 -9.45
    endloop
  endfacet
  facet normal 0 0 -1
    outer loop
      vertex 13.409689676233869 21.940350911153217 -9.45
      vertex 13.459220118838108 22.891344560986457 -9.45
      vertex 13.60959782223437 21.99042529496236 -9.45
    endloop
  endfacet
  facet normal 0 0 -1
    outer loop
      vertex 13.60959782223437 21.99042529496236 -9.45
      vertex 13.666684279623523 23.002236465236948 -9.45
      vertex 13.803635207966689 22.059852981726298 -9.45
    endloop
  endfacet
  facet normal 0 0 -1
    outer loop
      vertex 13.803635207966689 22.059852981726298 -9.45
      vertex 13.927612544035284 23.238728059003627 -9.45
      vertex 13.989933147334595 22.147965344868453 -9.45
    endloop
  endfacet
  facet normal 0 0 -1
    outer loop
      vertex 10.910112073988387 23.794164005307923 -9.45
      vertex 10.940350911153216 24.40968967623387 -9.45
      vertex 10.940350911153216 23.59031032376613 -9.45
    endloop
  endfacet
  facet normal 0 0 -1
    outer loop
      vertex 10.910112073988387 23.794164005307923 -9.45
      vertex 10.9 24 -9.45
      vertex 10.910112073988387 24.205835994692077 -9.45
    endloop
  endfacet
  facet normal 0 0 -1
    outer loop
      vertex 10.910112073988387 23.794164005307923 -9.45
      vertex 10.910112073988387 24.205835994692077 -9.45
      vertex 10.940350911153216 24.40968967623387 -9.45
    endloop
  endfacet
  facet normal 0 0 -1
    outer loop
      vertex 10.99042529496236 23.39040217776563 -9.45
      vertex 10.940350911153216 23.59031032376613 -9.45
      vertex 10.99042529496236 24.60959782223437 -9.45
    endloop
  endfacet
  facet normal 0 0 -1
    outer loop
      vertex 11.059852981726298 23.19636479203331 -9.45
      vertex 10.99042529496236 23.39040217776563 -9.45
      vertex 11.059852981726298 24.80363520796669 -9.45
    endloop
  endfacet
  facet normal 0 0 -1
    outer loop
      vertex 11.147965344868455 23.010066852665403 -9.45
      vertex 11.253913814164655 25.166697489341164 -9.45
      vertex 11.253913814164655 22.833302510658836 -9.45
    endloop
  endfacet
  facet normal 0 0 -1
    outer loop
      vertex 11.059852981726298 23.19636479203331 -9.45
      vertex 11.147965344868455 24.989933147334597 -9.45
      vertex 11.147965344868455 23.010066852665403 -9.45
    endloop
  endfacet
  facet normal 0 0 -1
    outer loop
      vertex 10.940350911153216 23.59031032376613 -9.45
      vertex 10.940350911153216 24.40968967623387 -9.45
      vertex 10.99042529496236 24.60959782223437 -9.45
    endloop
  endfacet
  facet normal 0 0 -1
    outer loop
      vertex 10.99042529496236 23.39040217776563 -9.45
      vertex 10.99042529496236 24.60959782223437 -9.45
      vertex 11.059852981726298 24.80363520796669 -9.45
    endloop
  endfacet
  facet normal 0 0 -1
    outer loop
      vertex 11.059852981726298 23.19636479203331 -9.45
      vertex 11.059852981726298 24.80363520796669 -9.45
      vertex 11.147965344868455 24.989933147334597 -9.45
    endloop
  endfacet
  facet normal 0 0 -1
    outer loop
      vertex 11.147965344868455 23.010066852665403 -9.45
      vertex 11.147965344868455 24.989933147334597 -9.45
      vertex 11.253913814164655 25.166697489341164 -9.45
    endloop
  endfacet
  facet normal 0 0 -1
    outer loop
      vertex 11.667774103256345 22.376678047938253 -9.45
      vertex 11.85167159712135 23.651658387294646 -9.45
      vertex 11.833302510658836 22.253913814164655 -9.45
    endloop
  endfacet
  facet normal 0 0 -1
    outer loop
      vertex 11.833302510658836 22.253913814164655 -9.45
      vertex 11.85167159712135 23.651658387294646 -9.45
      vertex 11.891344560986456 23.540779881161892 -9.45
    endloop
  endfacet
  facet normal 0 0 -1
    outer loop
      vertex 11.667774103256345 22.376678047938253 -9.45
      vertex 11.823057663516124 23.765891613580646 -9.45
      vertex 11.85167159712135 23.651658387294646 -9.45
    endloop
  endfacet
  facet normal 0 0 -1
    outer loop
      vertex 11.667774103256345 22.376678047938253 -9.45
      vertex 11.805778327993364 23.882379431604527 -9.45
      vertex 11.823057663516124 23.765891613580646 -9.45
    endloop
  endfacet
  facet normal 0 0 -1
    outer loop
      vertex 11.667774103256345 22.376678047938253 -9.45
      vertex 11.8 24 -9.45
      vertex 11.805778327993364 23.882379431604527 -9.45
    endloop
  endfacet
  facet normal 0 0 -1
    outer loop
      vertex 11.376678047938253 22.667774103256345 -9.45
      vertex 11.253913814164655 22.833302510658836 -9.45
      vertex 11.376678047938253 25.332225896743655 -9.45
    endloop
  endfacet
  facet normal 0 0 -1
    outer loop
      vertex 11.376678047938253 22.667774103256345 -9.45
      vertex 11.51507575950825 25.48492424049175 -9.45
      vertex 11.51507575950825 22.51507575950825 -9.45
    endloop
  endfacet
  facet normal 0 0 -1
    outer loop
      vertex 11.667774103256345 22.376678047938253 -9.45
      vertex 11.51507575950825 22.51507575950825 -9.45
      vertex 11.667774103256345 25.623321952061747 -9.45
    endloop
  endfacet
  facet normal 0 0 -1
    outer loop
      vertex 11.667774103256345 22.376678047938253 -9.45
      vertex 11.833302510658836 25.746086185835345 -9.45
      vertex 11.8 24 -9.45
    endloop
  endfacet
  facet normal 0 0 -1
    outer loop
      vertex 11.833302510658836 22.253913814164655 -9.45
      vertex 12.072387455964716 23.238728059003627 -9.45
      vertex 12.010066852665405 22.147965344868453 -9.45
    endloop
  endfacet
  facet normal 0 0 -1
    outer loop
      vertex 11.833302510658836 22.253913814164655 -9.45
      vertex 12.002236465236946 23.333315720376476 -9.45
      vertex 12.072387455964716 23.238728059003627 -9.45
    endloop
  endfacet
  facet normal 0 0 -1
    outer loop
      vertex 12.010066852665405 22.147965344868453 -9.45
      vertex 12.072387455964716 23.238728059003627 -9.45
      vertex 12.151471862576143 23.151471862576145 -9.45
    endloop
  endfacet
  facet normal 0 0 -1
    outer loop
      vertex 12.010066852665405 22.147965344868453 -9.45
      vertex 12.151471862576143 23.151471862576145 -9.45
      vertex 12.238728059003625 23.072387455964716 -9.45
    endloop
  endfacet
  facet normal 0 0 -1
    outer loop
      vertex 11.833302510658836 22.253913814164655 -9.45
      vertex 11.891344560986456 23.540779881161892 -9.45
      vertex 11.941694482781974 23.434323915808804 -9.45
    endloop
  endfacet
  facet normal 0 0 -1
    outer loop
      vertex 11.833302510658836 22.253913814164655 -9.45
      vertex 11.941694482781974 23.434323915808804 -9.45
      vertex 12.002236465236946 23.333315720376476 -9.45
    endloop
  endfacet
  facet normal 0 0 -1
    outer loop
      vertex 12.196364792033311 22.059852981726298 -9.45
      vertex 12.238728059003625 23.072387455964716 -9.45
      vertex 12.333315720376477 23.002236465236948 -9.45
    endloop
  endfacet
  facet normal 0 0 -1
    outer loop
      vertex 12.196364792033311 22.059852981726298 -9.45
      vertex 12.333315720376477 23.002236465236948 -9.45
      vertex 12.434323915808802 22.941694482781973 -9.45
    endloop
  endfacet
  facet normal 0 0 -1
    outer loop
      vertex 12.39040217776563 21.99042529496236 -9.45
      vertex 12.434323915808802 22.941694482781973 -9.45
      vertex 12.540779881161892 22.891344560986457 -9.45
    endloop
  endfacet
  facet normal 0 0 -1
    outer loop
      vertex 11.253913814164655 22.833302510658836 -9.45
      vertex 11.253913814164655 25.166697489341164 -9.45
      vertex 11.376678047938253 25.332225896743655 -9.45
    endloop
  endfacet
  facet normal 0 0 -1
    outer loop
      vertex 11.376678047938253 22.667774103256345 -9.45
      vertex 11.376678047938253 25.332225896743655 -9.45
      vertex 11.51507575950825 25.48492424049175 -9.45
    endloop
  endfacet
  facet normal 0 0 -1
    outer loop
      vertex 11.51507575950825 22.51507575950825 -9.45
      vertex 11.51507575950825 25.48492424049175 -9.45
      vertex 11.667774103256345 25.623321952061747 -9.45
    endloop
  endfacet
  facet normal 0 0 -1
    outer loop
      vertex 11.667774103256345 22.376678047938253 -9.45
      vertex 11.667774103256345 25.623321952061747 -9.45
      vertex 11.833302510658836 25.746086185835345 -9.45
    endloop
  endfacet
  facet normal 0 0 -1
    outer loop
      vertex 11.833302510658836 25.746086185835345 -9.45
      vertex 11.805778327993364 24.117620568395473 -9.45
      vertex 11.8 24 -9.45
    endloop
  endfacet
  facet normal 0 0 -1
    outer loop
      vertex 11.833302510658836 25.746086185835345 -9.45
      vertex 11.823057663516124 24.234108386419354 -9.45
      vertex 11.805778327993364 24.117620568395473 -9.45
    endloop
  endfacet
  facet normal 0 0 -1
    outer loop
      vertex 11.833302510658836 25.746086185835345 -9.45
      vertex 11.85167159712135 24.348341612705354 -9.45
      vertex 11.823057663516124 24.234108386419354 -9.45
    endloop
  endfacet
  facet normal 0 0 -1
    outer loop
      vertex 11.833302510658836 25.746086185835345 -9.45
      vertex 11.891344560986456 24.459220118838108 -9.45
      vertex 11.85167159712135 24.348341612705354 -9.45
    endloop
  endfacet
  facet normal 0 0 -1
    outer loop
      vertex 11.833302510658836 25.746086185835345 -9.45
      vertex 11.941694482781974 24.565676084191196 -9.45
      vertex 11.891344560986456 24.459220118838108 -9.45
    endloop
  endfacet
  facet normal 0 0 -1
    outer loop
      vertex 12.010066852665405 25.852034655131547 -9.45
      vertex 12.002236465236946 24.666684279623524 -9.45
      vertex 11.941694482781974 24.565676084191196 -9.45
    endloop
  endfacet
  facet normal 0 0 -1
    outer loop
      vertex 12.010066852665405 25.852034655131547 -9.45
      vertex 12.072387455964716 24.761271940996373 -9.45
      vertex 12.002236465236946 24.666684279623524 -9.45
    endloop
  endfacet
  facet normal 0 0 -1
    outer loop
      vertex 12.196364792033311 25.940147018273702 -9.45
      vertex 12.151471862576143 24.848528137423855 -9.45
      vertex 12.072387455964716 24.761271940996373 -9.45
    endloop
  endfacet
  facet normal 0 0 -1
    outer loop
      vertex 12.196364792033311 25.940147018273702 -9.45
      vertex 12.238728059003625 24.927612544035284 -9.45
      vertex 12.151471862576143 24.848528137423855 -9.45
    endloop
  endfacet
  facet normal 0 0 -1
    outer loop
      vertex 12.196364792033311 25.940147018273702 -9.45
      vertex 12.333315720376477 24.997763534763052 -9.45
      vertex 12.238728059003625 24.927612544035284 -9.45
    endloop
  endfacet
  facet normal 0 0 -1
    outer loop
      vertex 11.833302510658836 25.746086185835345 -9.45
      vertex 12.010066852665405 25.852034655131547 -9.45
      vertex 11.941694482781974 24.565676084191196 -9.45
    endloop
  endfacet
  facet normal 0 0 -1
    outer loop
      vertex 12.010066852665405 25.852034655131547 -9.45
      vertex 12.196364792033311 25.940147018273702 -9.45
      vertex 12.072387455964716 24.761271940996373 -9.45
    endloop
  endfacet
  facet normal 0 0 -1
    outer loop
      vertex 12.196364792033311 25.940147018273702 -9.45
      vertex 12.39040217776563 26.00957470503764 -9.45
      vertex 12.333315720376477 24.997763534763052 -9.45
    endloop
  endfacet
  facet normal 0 0 -1
    outer loop
      vertex 12.39040217776563 26.00957470503764 -9.45
      vertex 12.434323915808802 25.058305517218027 -9.45
      vertex 12.333315720376477 24.997763534763052 -9.45
    endloop
  endfacet
  facet normal 0 0 -1
    outer loop
      vertex 12.39040217776563 26.00957470503764 -9.45
      vertex 12.540779881161892 25.108655439013543 -9.45
      vertex 12.434323915808802 25.058305517218027 -9.45
    endloop
  endfacet
  facet normal 0 0 -1
    outer loop
      vertex 12.39040217776563 21.99042529496236 -9.45
      vertex 12.540779881161892 22.891344560986457 -9.45
      vertex 12.651658387294646 22.85167159712135 -9.45
    endloop
  endfacet
  facet normal 0 0 -1
    outer loop
      vertex 12.590310323766131 21.940350911153217 -9.45
      vertex 12.651658387294646 22.85167159712135 -9.45
      vertex 12.765891613580646 22.823057663516124 -9.45
    endloop
  endfacet
  facet normal 0 0 -1
    outer loop
      vertex 12.590310323766131 21.940350911153217 -9.45
      vertex 12.765891613580646 22.823057663516124 -9.45
      vertex 12.882379431604527 22.805778327993362 -9.45
    endloop
  endfacet
  facet normal 0 0 -1
    outer loop
      vertex 13 21.9 -9.45
      vertex 12.882379431604527 22.805778327993362 -9.45
      vertex 13 22.8 -9.45
    endloop
  endfacet
  facet normal 0 0 -1
    outer loop
      vertex 13 21.9 -9.45
      vertex 13 22.8 -9.45
      vertex 13.117620568395473 22.805778327993362 -9.45
    endloop
  endfacet
  facet normal 0 0 -1
    outer loop
      vertex 13.205835994692077 21.910112073988387 -9.45
      vertex 13.117620568395473 22.805778327993362 -9.45
      vertex 13.234108386419354 22.823057663516124 -9.45
    endloop
  endfacet
  facet normal 0 0 -1
    outer loop
      vertex 13.205835994692077 21.910112073988387 -9.45
      vertex 13.234108386419354 22.823057663516124 -9.45
      vertex 13.348341612705354 22.85167159712135 -9.45
    endloop
  endfacet
  facet normal 0 0 -1
    outer loop
      vertex 13.409689676233869 21.940350911153217 -9.45
      vertex 13.348341612705354 22.85167159712135 -9.45
      vertex 13.459220118838108 22.891344560986457 -9.45
    endloop
  endfacet
  facet normal 0 0 -1
    outer loop
      vertex 13.60959782223437 21.99042529496236 -9.45
      vertex 13.459220118838108 22.891344560986457 -9.45
      vertex 13.565676084191198 22.941694482781973 -9.45
    endloop
  endfacet
  facet normal 0 0 -1
    outer loop
      vertex 13.60959782223437 21.99042529496236 -9.45
      vertex 13.565676084191198 22.941694482781973 -9.45
      vertex 13.666684279623523 23.002236465236948 -9.45
    endloop
  endfacet
  facet normal 0 0 -1
    outer loop
      vertex 13.803635207966689 22.059852981726298 -9.45
      vertex 13.666684279623523 23.002236465236948 -9.45
      vertex 13.761271940996375 23.072387455964716 -9.45
    endloop
  endfacet
  facet normal 0 0 -1
    outer loop
      vertex 12.590310323766131 26.059649088846783 -9.45
      vertex 12.651658387294646 25.14832840287865 -9.45
      vertex 12.540779881161892 25.108655439013543 -9.45
    endloop
  endfacet
  facet normal 0 0 -1
    outer loop
      vertex 12.39040217776563 26.00957470503764 -9.45
      vertex 12.590310323766131 26.059649088846783 -9.45
      vertex 12.540779881161892 25.108655439013543 -9.45
    endloop
  endfacet
  facet normal 0 0 -1
    outer loop
      vertex 12.794164005307923 26.089887926011613 -9.45
      vertex 12.765891613580646 25.176942336483876 -9.45
      vertex 12.651658387294646 25.14832840287865 -9.45
    endloop
  endfacet
  facet normal 0 0 -1
    outer loop
      vertex 12.590310323766131 26.059649088846783 -9.45
      vertex 12.794164005307923 26.089887926011613 -9.45
      vertex 12.651658387294646 25.14832840287865 -9.45
    endloop
  endfacet
  facet normal 0 0 -1
    outer loop
      vertex 12.794164005307923 26.089887926011613 -9.45
      vertex 12.882379431604527 25.194221672006638 -9.45
      vertex 12.765891613580646 25.176942336483876 -9.45
    endloop
  endfacet
  facet normal 0 0 -1
    outer loop
      vertex 13 26.1 -9.45
      vertex 13 25.2 -9.45
      vertex 12.882379431604527 25.194221672006638 -9.45
    endloop
  endfacet
  facet normal 0 0 -1
    outer loop
      vertex 13 26.1 -9.45
      vertex 13.117620568395473 25.194221672006638 -9.45
      vertex 13 25.2 -9.45
    endloop
  endfacet
  facet normal 0 0 -1
    outer loop
      vertex 12.794164005307923 26.089887926011613 -9.45
      vertex 13 26.1 -9.45
      vertex 12.882379431604527 25.194221672006638 -9.45
    endloop
  endfacet
  facet normal 0 0 -1
    outer loop
      vertex 13 26.1 -9.45
      vertex 13.205835994692077 26.089887926011613 -9.45
      vertex 13.117620568395473 25.194221672006638 -9.45
    endloop
  endfacet
  facet normal 0 0 -1
    outer loop
      vertex 13.803635207966689 25.940147018273702 -9.45
      vertex 13.761271940996375 24.927612544035284 -9.45
      vertex 13.666684279623523 24.997763534763052 -9.45
    endloop
  endfacet
  facet normal 0 0 -1
    outer loop
      vertex 13.409689676233869 26.059649088846783 -9.45
      vertex 13.234108386419354 25.176942336483876 -9.45
      vertex 13.117620568395473 25.194221672006638 -9.45
    endloop
  endfacet
  facet normal 0 0 -1
    outer loop
      vertex 13.409689676233869 26.059649088846783 -9.45
      vertex 13.348341612705354 25.14832840287865 -9.45
      vertex 13.234108386419354 25.176942336483876 -9.45
    endloop
  endfacet
  facet normal 0 0 -1
    outer loop
      vertex 13.205835994692077 26.089887926011613 -9.45
      vertex 13.409689676233869 26.059649088846783 -9.45
      vertex 13.117620568395473 25.194221672006638 -9.45
    endloop
  endfacet
  facet normal 0 0 -1
    outer loop
      vertex 13.60959782223437 26.00957470503764 -9.45
      vertex 13.459220118838108 25.108655439013543 -9.45
      vertex 13.348341612705354 25.14832840287865 -9.45
    endloop
  endfacet
  facet normal 0 0 -1
    outer loop
      vertex 13.60959782223437 26.00957470503764 -9.45
      vertex 13.565676084191198 25.058305517218027 -9.45
      vertex 13.459220118838108 25.108655439013543 -9.45
    endloop
  endfacet
  facet normal 0 0 -1
    outer loop
      vertex 13.409689676233869 26.059649088846783 -9.45
      vertex 13.60959782223437 26.00957470503764 -9.45
      vertex 13.348341612705354 25.14832840287865 -9.45
    endloop
  endfacet
  facet normal 0 0 -1
    outer loop
      vertex 13.803635207966689 25.940147018273702 -9.45
      vertex 13.666684279623523 24.997763534763052 -9.45
      vertex 13.565676084191198 25.058305517218027 -9.45
    endloop
  endfacet
  facet normal 0 0 -1
    outer loop
      vertex 13.60959782223437 26.00957470503764 -9.45
      vertex 13.803635207966689 25.940147018273702 -9.45
      vertex 13.565676084191198 25.058305517218027 -9.45
    endloop
  endfacet
  facet normal 0 0 -1
    outer loop
      vertex 13.803635207966689 22.059852981726298 -9.45
      vertex 13.761271940996375 23.072387455964716 -9.45
      vertex 13.848528137423857 23.151471862576145 -9.45
    endloop
  endfacet
  facet normal 0 0 -1
    outer loop
      vertex 13.803635207966689 22.059852981726298 -9.45
      vertex 13.848528137423857 23.151471862576145 -9.45
      vertex 13.927612544035284 23.238728059003627 -9.45
    endloop
  endfacet
  facet normal 0 0 -1
    outer loop
      vertex 13.989933147334595 22.147965344868453 -9.45
      vertex 13.927612544035284 23.238728059003627 -9.45
      vertex 13.997763534763054 23.333315720376476 -9.45
    endloop
  endfacet
  facet normal 0 0 -1
    outer loop
      vertex 13.989933147334595 22.147965344868453 -9.45
      vertex 13.997763534763054 23.333315720376476 -9.45
      vertex 14.058305517218026 23.434323915808804 -9.45
    endloop
  endfacet
  facet normal 0 0 -1
    outer loop
      vertex 13.989933147334595 22.147965344868453 -9.45
      vertex 14.058305517218026 23.434323915808804 -9.45
      vertex 14.166697489341164 22.253913814164655 -9.45
    endloop
  endfacet
  facet normal 0 0 -1
    outer loop
      vertex 14.166697489341164 22.253913814164655 -9.45
      vertex 14.058305517218026 23.434323915808804 -9.45
      vertex 14.108655439013544 23.540779881161892 -9.45
    endloop
  endfacet
  facet normal 0 0 -1
    outer loop
      vertex 14.166697489341164 22.253913814164655 -9.45
      vertex 14.108655439013544 23.540779881161892 -9.45
      vertex 14.14832840287865 23.651658387294646 -9.45
    endloop
  endfacet
  facet normal 0 0 -1
    outer loop
      vertex 14.166697489341164 22.253913814164655 -9.45
      vertex 14.14832840287865 23.651658387294646 -9.45
      vertex 14.176942336483876 23.765891613580646 -9.45
    endloop
  endfacet
  facet normal 0 0 -1
    outer loop
      vertex 14.166697489341164 22.253913814164655 -9.45
      vertex 14.176942336483876 23.765891613580646 -9.45
      vertex 14.194221672006636 23.882379431604527 -9.45
    endloop
  endfacet
  facet normal 0 0 -1
    outer loop
      vertex 14.166697489341164 22.253913814164655 -9.45
      vertex 14.194221672006636 23.882379431604527 -9.45
      vertex 14.2 24 -9.45
    endloop
  endfacet
  facet normal 0 0 -1
    outer loop
      vertex 14.166697489341164 22.253913814164655 -9.45
      vertex 14.332225896743655 25.623321952061747 -9.45
      vertex 14.332225896743655 22.376678047938253 -9.45
    endloop
  endfacet
  facet normal 0 0 -1
    outer loop
      vertex 14.166697489341164 22.253913814164655 -9.45
      vertex 14.2 24 -9.45
      vertex 14.332225896743655 25.623321952061747 -9.45
    endloop
  endfacet
  facet normal 0 0 -1
    outer loop
      vertex 14.332225896743655 22.376678047938253 -9.45
      vertex 14.48492424049175 25.48492424049175 -9.45
      vertex 14.48492424049175 22.51507575950825 -9.45
    endloop
  endfacet
  facet normal 0 0 -1
    outer loop
      vertex 14.48492424049175 22.51507575950825 -9.45
      vertex 14.623321952061747 25.332225896743655 -9.45
      vertex 14.623321952061747 22.667774103256345 -9.45
    endloop
  endfacet
  facet normal 0 0 -1
    outer loop
      vertex 14.623321952061747 22.667774103256345 -9.45
      vertex 14.746086185835345 25.166697489341164 -9.45
      vertex 14.746086185835345 22.833302510658836 -9.45
    endloop
  endfacet
  facet normal 0 0 -1
    outer loop
      vertex 14.746086185835345 22.833302510658836 -9.45
      vertex 14.852034655131545 24.989933147334597 -9.45
      vertex 14.852034655131545 23.010066852665403 -9.45
    endloop
  endfacet
  facet normal 0 0 -1
    outer loop
      vertex 14.852034655131545 23.010066852665403 -9.45
      vertex 14.940147018273702 24.80363520796669 -9.45
      vertex 14.940147018273702 23.19636479203331 -9.45
    endloop
  endfacet
  facet normal 0 0 -1
    outer loop
      vertex 14.940147018273702 23.19636479203331 -9.45
      vertex 15.00957470503764 24.60959782223437 -9.45
      vertex 15.00957470503764 23.39040217776563 -9.45
    endloop
  endfacet
  facet normal 0 0 -1
    outer loop
      vertex 14.746086185835345 22.833302510658836 -9.45
      vertex 14.746086185835345 25.166697489341164 -9.45
      vertex 14.852034655131545 24.989933147334597 -9.45
    endloop
  endfacet
  facet normal 0 0 -1
    outer loop
      vertex 14.852034655131545 23.010066852665403 -9.45
      vertex 14.852034655131545 24.989933147334597 -9.45
      vertex 14.940147018273702 24.80363520796669 -9.45
    endloop
  endfacet
  facet normal 0 0 -1
    outer loop
      vertex 14.940147018273702 23.19636479203331 -9.45
      vertex 14.940147018273702 24.80363520796669 -9.45
      vertex 15.00957470503764 24.60959782223437 -9.45
    endloop
  endfacet
  facet normal 0 0 -1
    outer loop
      vertex 13.989933147334595 25.852034655131547 -9.45
      vertex 13.848528137423857 24.848528137423855 -9.45
      vertex 13.761271940996375 24.927612544035284 -9.45
    endloop
  endfacet
  facet normal 0 0 -1
    outer loop
      vertex 14.166697489341164 25.746086185835345 -9.45
      vertex 13.997763534763054 24.666684279623524 -9.45
      vertex 13.927612544035284 24.761271940996373 -9.45
    endloop
  endfacet
  facet normal 0 0 -1
    outer loop
      vertex 13.989933147334595 25.852034655131547 -9.45
      vertex 13.927612544035284 24.761271940996373 -9.45
      vertex 13.848528137423857 24.848528137423855 -9.45
    endloop
  endfacet
  facet normal 0 0 -1
    outer loop
      vertex 14.332225896743655 25.623321952061747 -9.45
      vertex 14.2 24 -9.45
      vertex 14.194221672006636 24.117620568395473 -9.45
    endloop
  endfacet
  facet normal 0 0 -1
    outer loop
      vertex 14.332225896743655 25.623321952061747 -9.45
      vertex 14.194221672006636 24.117620568395473 -9.45
      vertex 14.176942336483876 24.234108386419354 -9.45
    endloop
  endfacet
  facet normal 0 0 -1
    outer loop
      vertex 14.332225896743655 25.623321952061747 -9.45
      vertex 14.176942336483876 24.234108386419354 -9.45
      vertex 14.14832840287865 24.348341612705354 -9.45
    endloop
  endfacet
  facet normal 0 0 -1
    outer loop
      vertex 14.166697489341164 25.746086185835345 -9.45
      vertex 14.108655439013544 24.459220118838108 -9.45
      vertex 14.058305517218026 24.565676084191196 -9.45
    endloop
  endfacet
  facet normal 0 0 -1
    outer loop
      vertex 14.166697489341164 25.746086185835345 -9.45
      vertex 14.058305517218026 24.565676084191196 -9.45
      vertex 13.997763534763054 24.666684279623524 -9.45
    endloop
  endfacet
  facet normal 0 0 -1
    outer loop
      vertex 14.166697489341164 25.746086185835345 -9.45
      vertex 14.14832840287865 24.348341612705354 -9.45
      vertex 14.108655439013544 24.459220118838108 -9.45
    endloop
  endfacet
  facet normal 0 0 -1
    outer loop
      vertex 14.166697489341164 25.746086185835345 -9.45
      vertex 14.332225896743655 25.623321952061747 -9.45
      vertex 14.14832840287865 24.348341612705354 -9.45
    endloop
  endfacet
  facet normal 0 0 -1
    outer loop
      vertex 13.803635207966689 25.940147018273702 -9.45
      vertex 13.989933147334595 25.852034655131547 -9.45
      vertex 13.761271940996375 24.927612544035284 -9.45
    endloop
  endfacet
  facet normal 0 0 -1
    outer loop
      vertex 13.989933147334595 25.852034655131547 -9.45
      vertex 14.166697489341164 25.746086185835345 -9.45
      vertex 13.927612544035284 24.761271940996373 -9.45
    endloop
  endfacet
  facet normal 0 0 -1
    outer loop
      vertex 14.332225896743655 22.376678047938253 -9.45
      vertex 14.332225896743655 25.623321952061747 -9.45
      vertex 14.48492424049175 25.48492424049175 -9.45
    endloop
  endfacet
  facet normal 0 0 -1
    outer loop
      vertex 14.48492424049175 22.51507575950825 -9.45
      vertex 14.48492424049175 25.48492424049175 -9.45
      vertex 14.623321952061747 25.332225896743655 -9.45
    endloop
  endfacet
  facet normal 0 0 -1
    outer loop
      vertex 14.623321952061747 22.667774103256345 -9.45
      vertex 14.623321952061747 25.332225896743655 -9.45
      vertex 14.746086185835345 25.166697489341164 -9.45
    endloop
  endfacet
  facet normal 0 0 -1
    outer loop
      vertex 15.00957470503764 23.39040217776563 -9.45
      vertex 15.059649088846784 24.40968967623387 -9.45
      vertex 15.059649088846784 23.59031032376613 -9.45
    endloop
  endfacet
  facet normal 0 0 -1
    outer loop
      vertex 15.059649088846784 23.59031032376613 -9.45
      vertex 15.089887926011613 24.205835994692077 -9.45
      vertex 15.089887926011613 23.794164005307923 -9.45
    endloop
  endfacet
  facet normal 0 0 -1
    outer loop
      vertex 15.00957470503764 23.39040217776563 -9.45
      vertex 15.00957470503764 24.60959782223437 -9.45
      vertex 15.059649088846784 24.40968967623387 -9.45
    endloop
  endfacet
  facet normal 0 0 -1
    outer loop
      vertex 15.059649088846784 23.59031032376613 -9.45
      vertex 15.059649088846784 24.40968967623387 -9.45
      vertex 15.089887926011613 24.205835994692077 -9.45
    endloop
  endfacet
  facet normal 0 0 -1
    outer loop
      vertex 15.089887926011613 23.794164005307923 -9.45
      vertex 15.089887926011613 24.205835994692077 -9.45
      vertex 15.1 24 -9.45
    endloop
  endfacet
  facet normal -0.6715589548470127 -0.7409511253549643 0
    outer loop
      vertex 11.667774103256345 22.376678047938253 -9.45
      vertex 11.667774103256345 22.376678047938253 0
      vertex 11.51507575950825 22.51507575950825 -9.45
    endloop
  endfacet
  facet normal -0.5956993044924358 -0.803207531480643 -4.677065334839941e-19
    outer loop
      vertex 11.667774103256345 22.376678047938253 -9.45
      vertex 11.833302510658836 22.253913814164655 -9.45
      vertex 11.833302510658836 22.253913814164655 0
    endloop
  endfacet
  facet normal -0.5141027441932262 -0.8577286100002693 -7.583751212925217e-19
    outer loop
      vertex 11.833302510658836 22.253913814164655 -9.45
      vertex 12.010066852665405 22.147965344868453 -9.45
      vertex 12.010066852665405 22.147965344868453 0
    endloop
  endfacet
  facet normal -0.42755509343027776 -0.9039892931234453 3.7720408446724914e-19
    outer loop
      vertex 12.010066852665405 22.147965344868453 -9.45
      vertex 12.196364792033311 22.059852981726298 -9.45
      vertex 12.196364792033311 22.059852981726298 0
    endloop
  endfacet
  facet normal -0.3368898533922223 -0.9415440651830199 0
    outer loop
      vertex 12.39040217776563 21.99042529496236 -9.45
      vertex 12.39040217776563 21.99042529496236 0
      vertex 12.196364792033311 22.059852981726298 -9.45
    endloop
  endfacet
  facet normal -0.24298017990325413 -0.9700312531945464 -4.728419580431597e-20
    outer loop
      vertex 12.39040217776563 21.99042529496236 -9.45
      vertex 12.590310323766131 21.940350911153217 -9.45
      vertex 12.590310323766131 21.940350911153217 0
    endloop
  endfacet
  facet normal -0.14673047445536647 -0.9891765099647802 1.1162625673451762e-19
    outer loop
      vertex 12.590310323766131 21.940350911153217 -9.45
      vertex 12.794164005307923 21.910112073988387 -9.45
      vertex 12.794164005307923 21.910112073988387 0
    endloop
  endfacet
  facet normal -0.0490676743274262 -0.998795456205172 7.694832674631101e-20
    outer loop
      vertex 12.794164005307923 21.910112073988387 -9.45
      vertex 13 21.9 -9.45
      vertex 13 21.9 0
    endloop
  endfacet
  facet normal 0.0490676743274262 -0.998795456205172 -7.694832674631101e-20
    outer loop
      vertex 13 21.9 -9.45
      vertex 13.205835994692077 21.910112073988387 -9.45
      vertex 13.205835994692077 21.910112073988387 0
    endloop
  endfacet
  facet normal 0.14673047445536647 -0.9891765099647802 -1.1162625673451762e-19
    outer loop
      vertex 13.205835994692077 21.910112073988387 -9.45
      vertex 13.409689676233869 21.940350911153217 -9.45
      vertex 13.409689676233869 21.940350911153217 0
    endloop
  endfacet
  facet normal 0.24298017990325413 -0.9700312531945464 4.728419580431597e-20
    outer loop
      vertex 13.409689676233869 21.940350911153217 -9.45
      vertex 13.60959782223437 21.99042529496236 -9.45
      vertex 13.60959782223437 21.99042529496236 0
    endloop
  endfacet
  facet normal 0.3368898533922223 -0.9415440651830199 -9.208550382623805e-20
    outer loop
      vertex 13.60959782223437 21.99042529496236 -9.45
      vertex 13.803635207966689 22.059852981726298 -9.45
      vertex 13.803635207966689 22.059852981726298 0
    endloop
  endfacet
  facet normal 0.42755509343027776 -0.9039892931234453 -3.7720408446724914e-19
    outer loop
      vertex 13.803635207966689 22.059852981726298 -9.45
      vertex 13.989933147334595 22.147965344868453 -9.45
      vertex 13.989933147334595 22.147965344868453 0
    endloop
  endfacet
  facet normal 0.5141027441932262 -0.8577286100002693 7.583751212925217e-19
    outer loop
      vertex 13.989933147334595 22.147965344868453 -9.45
      vertex 14.166697489341164 22.253913814164655 -9.45
      vertex 14.166697489341164 22.253913814164655 0
    endloop
  endfacet
  facet normal 0.5956993044924358 -0.803207531480643 4.677065334839941e-19
    outer loop
      vertex 14.166697489341164 22.253913814164655 -9.45
      vertex 14.332225896743655 22.376678047938253 -9.45
      vertex 14.332225896743655 22.376678047938253 0
    endloop
  endfacet
  facet normal 0.6715589548470127 -0.7409511253549643 2.921677541431815e-19
    outer loop
      vertex 14.332225896743655 22.376678047938253 -9.45
      vertex 14.48492424049175 22.51507575950825 -9.45
      vertex 14.48492424049175 22.51507575950825 0
    endloop
  endfacet
  facet normal -0.8577286100002708 -0.5141027441932238 0
    outer loop
      vertex 11.147965344868455 23.010066852665403 -9.45
      vertex 11.253913814164655 22.833302510658836 -9.45
      vertex 11.147965344868455 23.010066852665403 0
    endloop
  endfacet
  facet normal -0.9039892931234436 -0.4275550934302815 0
    outer loop
      vertex 11.059852981726298 23.19636479203331 -9.45
      vertex 11.147965344868455 23.010066852665403 -9.45
      vertex 11.059852981726298 23.19636479203331 0
    endloop
  endfacet
  facet normal -0.9415440651830199 -0.3368898533922223 9.208550382623805e-20
    outer loop
      vertex 11.059852981726298 23.19636479203331 -9.45
      vertex 10.99042529496236 23.39040217776563 0
      vertex 10.99042529496236 23.39040217776563 -9.45
    endloop
  endfacet
  facet normal -0.9891765099647817 -0.1467304744553568 0
    outer loop
      vertex 10.910112073988387 23.794164005307923 -9.45
      vertex 10.940350911153216 23.59031032376613 -9.45
      vertex 10.910112073988387 23.794164005307923 0
    endloop
  endfacet
  facet normal -0.9987954562051724 -0.049067674327417606 1.001598784259976e-19
    outer loop
      vertex 10.910112073988387 23.794164005307923 -9.45
      vertex 10.9 24 0
      vertex 10.9 24 -9.45
    endloop
  endfacet
  facet normal -0.9987954562051724 0.049067674327417606 -1.001598784259976e-19
    outer loop
      vertex 10.9 24 -9.45
      vertex 10.910112073988387 24.205835994692077 0
      vertex 10.910112073988387 24.205835994692077 -9.45
    endloop
  endfacet
  facet normal -0.9891765099647817 0.1467304744553568 8.29120091200515e-20
    outer loop
      vertex 10.910112073988387 24.205835994692077 -9.45
      vertex 10.940350911153216 24.40968967623387 0
      vertex 10.940350911153216 24.40968967623387 -9.45
    endloop
  endfacet
  facet normal -0.970031253194544 -0.24298017990326426 -4.30102142290889e-19
    outer loop
      vertex 10.99042529496236 23.39040217776563 -9.45
      vertex 10.940350911153216 23.59031032376613 0
      vertex 10.940350911153216 23.59031032376613 -9.45
    endloop
  endfacet
  facet normal -0.970031253194544 0.24298017990326426 4.30102142290889e-19
    outer loop
      vertex 10.940350911153216 24.40968967623387 -9.45
      vertex 10.99042529496236 24.60959782223437 0
      vertex 10.99042529496236 24.60959782223437 -9.45
    endloop
  endfacet
  facet normal -0.9415440651830199 0.3368898533922223 -9.208550382623805e-20
    outer loop
      vertex 10.99042529496236 24.60959782223437 -9.45
      vertex 11.059852981726298 24.80363520796669 0
      vertex 11.059852981726298 24.80363520796669 -9.45
    endloop
  endfacet
  facet normal -0.9039892931234436 0.4275550934302815 5.101119343644805e-19
    outer loop
      vertex 11.059852981726298 24.80363520796669 -9.45
      vertex 11.147965344868455 24.989933147334597 0
      vertex 11.147965344868455 24.989933147334597 -9.45
    endloop
  endfacet
  facet normal -0.8577286100002708 0.5141027441932238 -5.758894268029271e-19
    outer loop
      vertex 11.147965344868455 24.989933147334597 -9.45
      vertex 11.253913814164655 25.166697489341164 0
      vertex 11.253913814164655 25.166697489341164 -9.45
    endloop
  endfacet
  facet normal -0.803207531480643 -0.5956993044924358 -4.677065334839941e-19
    outer loop
      vertex 11.376678047938253 22.667774103256345 -9.45
      vertex 11.253913814164655 22.833302510658836 0
      vertex 11.253913814164655 22.833302510658836 -9.45
    endloop
  endfacet
  facet normal -0.7409511253549643 -0.6715589548470127 0
    outer loop
      vertex 11.376678047938253 22.667774103256345 -9.45
      vertex 11.51507575950825 22.51507575950825 -9.45
      vertex 11.376678047938253 22.667774103256345 0
    endloop
  endfacet
  facet normal -0.803207531480643 0.5956993044924358 4.677065334839941e-19
    outer loop
      vertex 11.253913814164655 25.166697489341164 -9.45
      vertex 11.376678047938253 25.332225896743655 0
      vertex 11.376678047938253 25.332225896743655 -9.45
    endloop
  endfacet
  facet normal -0.7409511253549643 0.6715589548470127 2.921677541431815e-19
    outer loop
      vertex 11.376678047938253 25.332225896743655 -9.45
      vertex 11.51507575950825 25.48492424049175 0
      vertex 11.51507575950825 25.48492424049175 -9.45
    endloop
  endfacet
  facet normal -0.6715589548470127 0.7409511253549643 0
    outer loop
      vertex 11.51507575950825 25.48492424049175 -9.45
      vertex 11.51507575950825 25.48492424049175 0
      vertex 11.667774103256345 25.623321952061747 -9.45
    endloop
  endfacet
  facet normal -0.5956993044924358 0.803207531480643 0
    outer loop
      vertex 11.667774103256345 25.623321952061747 -9.45
      vertex 11.667774103256345 25.623321952061747 0
      vertex 11.833302510658836 25.746086185835345 -9.45
    endloop
  endfacet
  facet normal -0.5141027441932262 0.8577286100002693 0
    outer loop
      vertex 11.833302510658836 25.746086185835345 -9.45
      vertex 11.833302510658836 25.746086185835345 0
      vertex 12.010066852665405 25.852034655131547 -9.45
    endloop
  endfacet
  facet normal -0.42755509343027776 0.9039892931234453 0
    outer loop
      vertex 12.010066852665405 25.852034655131547 -9.45
      vertex 12.010066852665405 25.852034655131547 0
      vertex 12.196364792033311 25.940147018273702 -9.45
    endloop
  endfacet
  facet normal -0.3368898533922223 0.9415440651830199 0
    outer loop
      vertex 12.196364792033311 25.940147018273702 -9.45
      vertex 12.196364792033311 25.940147018273702 0
      vertex 12.39040217776563 26.00957470503764 -9.45
    endloop
  endfacet
  facet normal -0.24298017990325413 0.9700312531945464 0
    outer loop
      vertex 12.39040217776563 26.00957470503764 -9.45
      vertex 12.39040217776563 26.00957470503764 0
      vertex 12.590310323766131 26.059649088846783 -9.45
    endloop
  endfacet
  facet normal -0.14673047445536647 0.9891765099647802 0
    outer loop
      vertex 12.590310323766131 26.059649088846783 -9.45
      vertex 12.590310323766131 26.059649088846783 0
      vertex 12.794164005307923 26.089887926011613 -9.45
    endloop
  endfacet
  facet normal -0.0490676743274262 0.998795456205172 0
    outer loop
      vertex 12.794164005307923 26.089887926011613 -9.45
      vertex 12.794164005307923 26.089887926011613 0
      vertex 13 26.1 -9.45
    endloop
  endfacet
  facet normal 0.0490676743274262 0.998795456205172 0
    outer loop
      vertex 13 26.1 -9.45
      vertex 13 26.1 0
      vertex 13.205835994692077 26.089887926011613 -9.45
    endloop
  endfacet
  facet normal 0.14673047445536647 0.9891765099647802 0
    outer loop
      vertex 13.205835994692077 26.089887926011613 -9.45
      vertex 13.205835994692077 26.089887926011613 0
      vertex 13.409689676233869 26.059649088846783 -9.45
    endloop
  endfacet
  facet normal 0.24298017990325413 0.9700312531945464 0
    outer loop
      vertex 13.409689676233869 26.059649088846783 -9.45
      vertex 13.409689676233869 26.059649088846783 0
      vertex 13.60959782223437 26.00957470503764 -9.45
    endloop
  endfacet
  facet normal 0.3368898533922223 0.9415440651830199 0
    outer loop
      vertex 13.60959782223437 26.00957470503764 -9.45
      vertex 13.60959782223437 26.00957470503764 0
      vertex 13.803635207966689 25.940147018273702 -9.45
    endloop
  endfacet
  facet normal 0.7409511253549643 -0.6715589548470127 0
    outer loop
      vertex 14.48492424049175 22.51507575950825 -9.45
      vertex 14.623321952061747 22.667774103256345 -9.45
      vertex 14.48492424049175 22.51507575950825 0
    endloop
  endfacet
  facet normal 0.803207531480643 -0.5956993044924358 0
    outer loop
      vertex 14.623321952061747 22.667774103256345 -9.45
      vertex 14.746086185835345 22.833302510658836 -9.45
      vertex 14.623321952061747 22.667774103256345 0
    endloop
  endfacet
  facet normal 0.8577286100002708 -0.5141027441932238 0
    outer loop
      vertex 14.746086185835345 22.833302510658836 -9.45
      vertex 14.852034655131545 23.010066852665403 -9.45
      vertex 14.746086185835345 22.833302510658836 0
    endloop
  endfacet
  facet normal 0.9039892931234436 -0.4275550934302815 0
    outer loop
      vertex 14.852034655131545 23.010066852665403 -9.45
      vertex 14.940147018273702 23.19636479203331 -9.45
      vertex 14.852034655131545 23.010066852665403 0
    endloop
  endfacet
  facet normal 0.9415440651830199 -0.3368898533922223 0
    outer loop
      vertex 14.940147018273702 23.19636479203331 -9.45
      vertex 15.00957470503764 23.39040217776563 -9.45
      vertex 14.940147018273702 23.19636479203331 0
    endloop
  endfacet
  facet normal 0.42755509343027776 0.9039892931234453 0
    outer loop
      vertex 13.803635207966689 25.940147018273702 -9.45
      vertex 13.803635207966689 25.940147018273702 0
      vertex 13.989933147334595 25.852034655131547 -9.45
    endloop
  endfacet
  facet normal 0.5141027441932262 0.8577286100002693 0
    outer loop
      vertex 13.989933147334595 25.852034655131547 -9.45
      vertex 13.989933147334595 25.852034655131547 0
      vertex 14.166697489341164 25.746086185835345 -9.45
    endloop
  endfacet
  facet normal 0.5956993044924358 0.803207531480643 0
    outer loop
      vertex 14.166697489341164 25.746086185835345 -9.45
      vertex 14.166697489341164 25.746086185835345 0
      vertex 14.332225896743655 25.623321952061747 -9.45
    endloop
  endfacet
  facet normal 0.9415440651830199 0.3368898533922223 9.208550382623805e-20
    outer loop
      vertex 14.940147018273702 24.80363520796669 -9.45
      vertex 15.00957470503764 24.60959782223437 0
      vertex 15.00957470503764 24.60959782223437 -9.45
    endloop
  endfacet
  facet normal 0.8577286100002708 0.5141027441932238 5.758894268029271e-19
    outer loop
      vertex 14.746086185835345 25.166697489341164 -9.45
      vertex 14.852034655131545 24.989933147334597 0
      vertex 14.852034655131545 24.989933147334597 -9.45
    endloop
  endfacet
  facet normal 0.803207531480643 0.5956993044924358 0
    outer loop
      vertex 14.746086185835345 25.166697489341164 -9.45
      vertex 14.623321952061747 25.332225896743655 -9.45
      vertex 14.746086185835345 25.166697489341164 0
    endloop
  endfacet
  facet normal 0.9039892931234436 0.4275550934302815 0
    outer loop
      vertex 14.940147018273702 24.80363520796669 -9.45
      vertex 14.852034655131545 24.989933147334597 -9.45
      vertex 14.940147018273702 24.80363520796669 0
    endloop
  endfacet
  facet normal 0.6715589548470127 0.7409511253549643 0
    outer loop
      vertex 14.332225896743655 25.623321952061747 -9.45
      vertex 14.332225896743655 25.623321952061747 0
      vertex 14.48492424049175 25.48492424049175 -9.45
    endloop
  endfacet
  facet normal 0.7409511253549643 0.6715589548470127 -2.921677541431815e-19
    outer loop
      vertex 14.48492424049175 25.48492424049175 -9.45
      vertex 14.623321952061747 25.332225896743655 0
      vertex 14.623321952061747 25.332225896743655 -9.45
    endloop
  endfacet
  facet normal 0.970031253194544 -0.24298017990326426 0
    outer loop
      vertex 15.00957470503764 23.39040217776563 -9.45
      vertex 15.059649088846784 23.59031032376613 -9.45
      vertex 15.00957470503764 23.39040217776563 0
    endloop
  endfacet
  facet normal 0.9891765099647817 -0.1467304744553568 0
    outer loop
      vertex 15.059649088846784 23.59031032376613 -9.45
      vertex 15.089887926011613 23.794164005307923 -9.45
      vertex 15.059649088846784 23.59031032376613 0
    endloop
  endfacet
  facet normal 0.9987954562051724 -0.049067674327417606 0
    outer loop
      vertex 15.089887926011613 23.794164005307923 -9.45
      vertex 15.1 24 -9.45
      vertex 15.089887926011613 23.794164005307923 0
    endloop
  endfacet
  facet normal 0.9987954562051724 0.049067674327417606 0
    outer loop
      vertex 15.1 24 -9.45
      vertex 15.089887926011613 24.205835994692077 -9.45
      vertex 15.1 24 0
    endloop
  endfacet
  facet normal 0.9891765099647817 0.1467304744553568 0
    outer loop
      vertex 15.089887926011613 24.205835994692077 -9.45
      vertex 15.059649088846784 24.40968967623387 -9.45
      vertex 15.089887926011613 24.205835994692077 0
    endloop
  endfacet
  facet normal 0.970031253194544 0.24298017990326426 0
    outer loop
      vertex 15.059649088846784 24.40968967623387 -9.45
      vertex 15.00957470503764 24.60959782223437 -9.45
      vertex 15.059649088846784 24.40968967623387 0
    endloop
  endfacet
  facet normal -0.6715589548470127 -0.7409511253549643 0
    outer loop
      vertex 11.51507575950825 22.51507575950825 -9.45
      vertex 11.667774103256345 22.376678047938253 0
      vertex 11.51507575950825 22.51507575950825 0
    endloop
  endfacet
  facet normal -0.5956993044924358 -0.803207531480643 0
    outer loop
      vertex 11.667774103256345 22.376678047938253 -9.45
      vertex 11.833302510658836 22.253913814164655 0
      vertex 11.667774103256345 22.376678047938253 0
    endloop
  endfacet
  facet normal -0.5141027441932262 -0.8577286100002693 0
    outer loop
      vertex 11.833302510658836 22.253913814164655 -9.45
      vertex 12.010066852665405 22.147965344868453 0
      vertex 11.833302510658836 22.253913814164655 0
    endloop
  endfacet
  facet normal -0.42755509343027776 -0.9039892931234453 0
    outer loop
      vertex 12.010066852665405 22.147965344868453 -9.45
      vertex 12.196364792033311 22.059852981726298 0
      vertex 12.010066852665405 22.147965344868453 0
    endloop
  endfacet
  facet normal -0.24298017990325413 -0.9700312531945464 0
    outer loop
      vertex 12.39040217776563 21.99042529496236 -9.45
      vertex 12.590310323766131 21.940350911153217 0
      vertex 12.39040217776563 21.99042529496236 0
    endloop
  endfacet
  facet normal -0.3368898533922223 -0.9415440651830199 0
    outer loop
      vertex 12.196364792033311 22.059852981726298 -9.45
      vertex 12.39040217776563 21.99042529496236 0
      vertex 12.196364792033311 22.059852981726298 0
    endloop
  endfacet
  facet normal -0.14673047445536647 -0.9891765099647802 0
    outer loop
      vertex 12.590310323766131 21.940350911153217 -9.45
      vertex 12.794164005307923 21.910112073988387 0
      vertex 12.590310323766131 21.940350911153217 0
    endloop
  endfacet
  facet normal -0.0490676743274262 -0.998795456205172 0
    outer loop
      vertex 12.794164005307923 21.910112073988387 -9.45
      vertex 13 21.9 0
      vertex 12.794164005307923 21.910112073988387 0
    endloop
  endfacet
  facet normal 0.0490676743274262 -0.998795456205172 0
    outer loop
      vertex 13 21.9 -9.45
      vertex 13.205835994692077 21.910112073988387 0
      vertex 13 21.9 0
    endloop
  endfacet
  facet normal 0.14673047445536647 -0.9891765099647802 0
    outer loop
      vertex 13.205835994692077 21.910112073988387 -9.45
      vertex 13.409689676233869 21.940350911153217 0
      vertex 13.205835994692077 21.910112073988387 0
    endloop
  endfacet
  facet normal 0.24298017990325413 -0.9700312531945464 0
    outer loop
      vertex 13.409689676233869 21.940350911153217 -9.45
      vertex 13.60959782223437 21.99042529496236 0
      vertex 13.409689676233869 21.940350911153217 0
    endloop
  endfacet
  facet normal 0.3368898533922223 -0.9415440651830199 0
    outer loop
      vertex 13.60959782223437 21.99042529496236 -9.45
      vertex 13.803635207966689 22.059852981726298 0
      vertex 13.60959782223437 21.99042529496236 0
    endloop
  endfacet
  facet normal 0.42755509343027776 -0.9039892931234453 0
    outer loop
      vertex 13.803635207966689 22.059852981726298 -9.45
      vertex 13.989933147334595 22.147965344868453 0
      vertex 13.803635207966689 22.059852981726298 0
    endloop
  endfacet
  facet normal 0.5141027441932262 -0.8577286100002693 0
    outer loop
      vertex 13.989933147334595 22.147965344868453 -9.45
      vertex 14.166697489341164 22.253913814164655 0
      vertex 13.989933147334595 22.147965344868453 0
    endloop
  endfacet
  facet normal 0.5956993044924358 -0.803207531480643 0
    outer loop
      vertex 14.166697489341164 22.253913814164655 -9.45
      vertex 14.332225896743655 22.376678047938253 0
      vertex 14.166697489341164 22.253913814164655 0
    endloop
  endfacet
  facet normal 0.6715589548470127 -0.7409511253549643 0
    outer loop
      vertex 14.332225896743655 22.376678047938253 -9.45
      vertex 14.48492424049175 22.51507575950825 0
      vertex 14.332225896743655 22.376678047938253 0
    endloop
  endfacet
  facet normal -0.8577286100002708 -0.5141027441932238 0
    outer loop
      vertex 11.253913814164655 22.833302510658836 -9.45
      vertex 11.253913814164655 22.833302510658836 0
      vertex 11.147965344868455 23.010066852665403 0
    endloop
  endfacet
  facet normal -0.9415440651830199 -0.3368898533922223 0
    outer loop
      vertex 11.059852981726298 23.19636479203331 -9.45
      vertex 11.059852981726298 23.19636479203331 0
      vertex 10.99042529496236 23.39040217776563 0
    endloop
  endfacet
  facet normal -0.9039892931234436 -0.4275550934302815 0
    outer loop
      vertex 11.147965344868455 23.010066852665403 -9.45
      vertex 11.147965344868455 23.010066852665403 0
      vertex 11.059852981726298 23.19636479203331 0
    endloop
  endfacet
  facet normal -0.9891765099647817 -0.1467304744553568 0
    outer loop
      vertex 10.940350911153216 23.59031032376613 -9.45
      vertex 10.940350911153216 23.59031032376613 0
      vertex 10.910112073988387 23.794164005307923 0
    endloop
  endfacet
  facet normal -0.9987954562051724 -0.049067674327417606 0
    outer loop
      vertex 10.910112073988387 23.794164005307923 -9.45
      vertex 10.910112073988387 23.794164005307923 0
      vertex 10.9 24 0
    endloop
  endfacet
  facet normal -0.9987954562051724 0.049067674327417606 0
    outer loop
      vertex 10.9 24 -9.45
      vertex 10.9 24 0
      vertex 10.910112073988387 24.205835994692077 0
    endloop
  endfacet
  facet normal -0.9891765099647817 0.1467304744553568 0
    outer loop
      vertex 10.910112073988387 24.205835994692077 -9.45
      vertex 10.910112073988387 24.205835994692077 0
      vertex 10.940350911153216 24.40968967623387 0
    endloop
  endfacet
  facet normal -0.970031253194544 -0.24298017990326426 0
    outer loop
      vertex 10.99042529496236 23.39040217776563 -9.45
      vertex 10.99042529496236 23.39040217776563 0
      vertex 10.940350911153216 23.59031032376613 0
    endloop
  endfacet
  facet normal -0.970031253194544 0.24298017990326426 0
    outer loop
      vertex 10.940350911153216 24.40968967623387 -9.45
      vertex 10.940350911153216 24.40968967623387 0
      vertex 10.99042529496236 24.60959782223437 0
    endloop
  endfacet
  facet normal -0.9415440651830199 0.3368898533922223 0
    outer loop
      vertex 10.99042529496236 24.60959782223437 -9.45
      vertex 10.99042529496236 24.60959782223437 0
      vertex 11.059852981726298 24.80363520796669 0
    endloop
  endfacet
  facet normal -0.9039892931234436 0.4275550934302815 0
    outer loop
      vertex 11.059852981726298 24.80363520796669 -9.45
      vertex 11.059852981726298 24.80363520796669 0
      vertex 11.147965344868455 24.989933147334597 0
    endloop
  endfacet
  facet normal -0.8577286100002708 0.5141027441932238 0
    outer loop
      vertex 11.147965344868455 24.989933147334597 -9.45
      vertex 11.147965344868455 24.989933147334597 0
      vertex 11.253913814164655 25.166697489341164 0
    endloop
  endfacet
  facet normal -0.803207531480643 -0.5956993044924358 0
    outer loop
      vertex 11.376678047938253 22.667774103256345 -9.45
      vertex 11.376678047938253 22.667774103256345 0
      vertex 11.253913814164655 22.833302510658836 0
    endloop
  endfacet
  facet normal -0.7409511253549643 -0.6715589548470127 0
    outer loop
      vertex 11.51507575950825 22.51507575950825 -9.45
      vertex 11.51507575950825 22.51507575950825 0
      vertex 11.376678047938253 22.667774103256345 0
    endloop
  endfacet
  facet normal -0.803207531480643 0.5956993044924358 0
    outer loop
      vertex 11.253913814164655 25.166697489341164 -9.45
      vertex 11.253913814164655 25.166697489341164 0
      vertex 11.376678047938253 25.332225896743655 0
    endloop
  endfacet
  facet normal -0.7409511253549643 0.6715589548470127 0
    outer loop
      vertex 11.376678047938253 25.332225896743655 -9.45
      vertex 11.376678047938253 25.332225896743655 0
      vertex 11.51507575950825 25.48492424049175 0
    endloop
  endfacet
  facet normal -0.6715589548470127 0.7409511253549643 0
    outer loop
      vertex 11.667774103256345 25.623321952061747 -9.45
      vertex 11.51507575950825 25.48492424049175 0
      vertex 11.667774103256345 25.623321952061747 0
    endloop
  endfacet
  facet normal -0.5956993044924358 0.803207531480643 0
    outer loop
      vertex 11.833302510658836 25.746086185835345 -9.45
      vertex 11.667774103256345 25.623321952061747 0
      vertex 11.833302510658836 25.746086185835345 0
    endloop
  endfacet
  facet normal -0.5141027441932262 0.8577286100002693 0
    outer loop
      vertex 12.010066852665405 25.852034655131547 -9.45
      vertex 11.833302510658836 25.746086185835345 0
      vertex 12.010066852665405 25.852034655131547 0
    endloop
  endfacet
  facet normal -0.42755509343027776 0.9039892931234453 0
    outer loop
      vertex 12.196364792033311 25.940147018273702 -9.45
      vertex 12.010066852665405 25.852034655131547 0
      vertex 12.196364792033311 25.940147018273702 0
    endloop
  endfacet
  facet normal -0.3368898533922223 0.9415440651830199 0
    outer loop
      vertex 12.39040217776563 26.00957470503764 -9.45
      vertex 12.196364792033311 25.940147018273702 0
      vertex 12.39040217776563 26.00957470503764 0
    endloop
  endfacet
  facet normal -0.24298017990325413 0.9700312531945464 0
    outer loop
      vertex 12.590310323766131 26.059649088846783 -9.45
      vertex 12.39040217776563 26.00957470503764 0
      vertex 12.590310323766131 26.059649088846783 0
    endloop
  endfacet
  facet normal -0.14673047445536647 0.9891765099647802 0
    outer loop
      vertex 12.794164005307923 26.089887926011613 -9.45
      vertex 12.590310323766131 26.059649088846783 0
      vertex 12.794164005307923 26.089887926011613 0
    endloop
  endfacet
  facet normal -0.0490676743274262 0.998795456205172 0
    outer loop
      vertex 13 26.1 -9.45
      vertex 12.794164005307923 26.089887926011613 0
      vertex 13 26.1 0
    endloop
  endfacet
  facet normal 0.0490676743274262 0.998795456205172 0
    outer loop
      vertex 13.205835994692077 26.089887926011613 -9.45
      vertex 13 26.1 0
      vertex 13.205835994692077 26.089887926011613 0
    endloop
  endfacet
  facet normal 0.14673047445536647 0.9891765099647802 0
    outer loop
      vertex 13.409689676233869 26.059649088846783 -9.45
      vertex 13.205835994692077 26.089887926011613 0
      vertex 13.409689676233869 26.059649088846783 0
    endloop
  endfacet
  facet normal 0.24298017990325413 0.9700312531945464 0
    outer loop
      vertex 13.60959782223437 26.00957470503764 -9.45
      vertex 13.409689676233869 26.059649088846783 0
      vertex 13.60959782223437 26.00957470503764 0
    endloop
  endfacet
  facet normal 0.3368898533922223 0.9415440651830199 0
    outer loop
      vertex 13.803635207966689 25.940147018273702 -9.45
      vertex 13.60959782223437 26.00957470503764 0
      vertex 13.803635207966689 25.940147018273702 0
    endloop
  endfacet
  facet normal 0.7409511253549643 -0.6715589548470127 0
    outer loop
      vertex 14.623321952061747 22.667774103256345 -9.45
      vertex 14.623321952061747 22.667774103256345 0
      vertex 14.48492424049175 22.51507575950825 0
    endloop
  endfacet
  facet normal 0.803207531480643 -0.5956993044924358 0
    outer loop
      vertex 14.746086185835345 22.833302510658836 -9.45
      vertex 14.746086185835345 22.833302510658836 0
      vertex 14.623321952061747 22.667774103256345 0
    endloop
  endfacet
  facet normal 0.8577286100002708 -0.5141027441932238 0
    outer loop
      vertex 14.852034655131545 23.010066852665403 -9.45
      vertex 14.852034655131545 23.010066852665403 0
      vertex 14.746086185835345 22.833302510658836 0
    endloop
  endfacet
  facet normal 0.9039892931234436 -0.4275550934302815 0
    outer loop
      vertex 14.940147018273702 23.19636479203331 -9.45
      vertex 14.940147018273702 23.19636479203331 0
      vertex 14.852034655131545 23.010066852665403 0
    endloop
  endfacet
  facet normal 0.9415440651830199 -0.3368898533922223 0
    outer loop
      vertex 15.00957470503764 23.39040217776563 -9.45
      vertex 15.00957470503764 23.39040217776563 0
      vertex 14.940147018273702 23.19636479203331 0
    endloop
  endfacet
  facet normal 0.42755509343027776 0.9039892931234453 0
    outer loop
      vertex 13.989933147334595 25.852034655131547 -9.45
      vertex 13.803635207966689 25.940147018273702 0
      vertex 13.989933147334595 25.852034655131547 0
    endloop
  endfacet
  facet normal 0.5956993044924358 0.803207531480643 0
    outer loop
      vertex 14.332225896743655 25.623321952061747 -9.45
      vertex 14.166697489341164 25.746086185835345 0
      vertex 14.332225896743655 25.623321952061747 0
    endloop
  endfacet
  facet normal 0.5141027441932262 0.8577286100002693 0
    outer loop
      vertex 14.166697489341164 25.746086185835345 -9.45
      vertex 13.989933147334595 25.852034655131547 0
      vertex 14.166697489341164 25.746086185835345 0
    endloop
  endfacet
  facet normal 0.803207531480643 0.5956993044924358 0
    outer loop
      vertex 14.623321952061747 25.332225896743655 -9.45
      vertex 14.623321952061747 25.332225896743655 0
      vertex 14.746086185835345 25.166697489341164 0
    endloop
  endfacet
  facet normal 0.9415440651830199 0.3368898533922223 0
    outer loop
      vertex 14.940147018273702 24.80363520796669 -9.45
      vertex 14.940147018273702 24.80363520796669 0
      vertex 15.00957470503764 24.60959782223437 0
    endloop
  endfacet
  facet normal 0.8577286100002708 0.5141027441932238 0
    outer loop
      vertex 14.746086185835345 25.166697489341164 -9.45
      vertex 14.746086185835345 25.166697489341164 0
      vertex 14.852034655131545 24.989933147334597 0
    endloop
  endfacet
  facet normal 0.9039892931234436 0.4275550934302815 0
    outer loop
      vertex 14.852034655131545 24.989933147334597 -9.45
      vertex 14.852034655131545 24.989933147334597 0
      vertex 14.940147018273702 24.80363520796669 0
    endloop
  endfacet
  facet normal 0.6715589548470127 0.7409511253549643 0
    outer loop
      vertex 14.48492424049175 25.48492424049175 -9.45
      vertex 14.332225896743655 25.623321952061747 0
      vertex 14.48492424049175 25.48492424049175 0
    endloop
  endfacet
  facet normal 0.7409511253549643 0.6715589548470127 0
    outer loop
      vertex 14.48492424049175 25.48492424049175 -9.45
      vertex 14.48492424049175 25.48492424049175 0
      vertex 14.623321952061747 25.332225896743655 0
    endloop
  endfacet
  facet normal 0.970031253194544 -0.24298017990326426 0
    outer loop
      vertex 15.059649088846784 23.59031032376613 -9.45
      vertex 15.059649088846784 23.59031032376613 0
      vertex 15.00957470503764 23.39040217776563 0
    endloop
  endfacet
  facet normal 0.9891765099647817 -0.1467304744553568 0
    outer loop
      vertex 15.089887926011613 23.794164005307923 -9.45
      vertex 15.089887926011613 23.794164005307923 0
      vertex 15.059649088846784 23.59031032376613 0
    endloop
  endfacet
  facet normal 0.9987954562051724 -0.049067674327417606 0
    outer loop
      vertex 15.1 24 -9.45
      vertex 15.1 24 0
      vertex 15.089887926011613 23.794164005307923 0
    endloop
  endfacet
  facet normal 0.9987954562051724 0.049067674327417606 0
    outer loop
      vertex 15.089887926011613 24.205835994692077 -9.45
      vertex 15.089887926011613 24.205835994692077 0
      vertex 15.1 24 0
    endloop
  endfacet
  facet normal 0.9891765099647817 0.1467304744553568 0
    outer loop
      vertex 15.059649088846784 24.40968967623387 -9.45
      vertex 15.059649088846784 24.40968967623387 0
      vertex 15.089887926011613 24.205835994692077 0
    endloop
  endfacet
  facet normal 0.970031253194544 0.24298017990326426 0
    outer loop
      vertex 15.00957470503764 24.60959782223437 -9.45
      vertex 15.00957470503764 24.60959782223437 0
      vertex 15.059649088846784 24.40968967623387 0
    endloop
  endfacet
  facet normal -0.9039892934402849 -0.42755509276037695 0
    outer loop
      vertex -19.771638594567776 -28.14805030077696 0
      vertex -19.64576379209757 -28.414190210402012 0
      vertex -19.771638594567776 -28.14805030077696 1.200000000000001
    endloop
  endfacet
  facet normal -0.8032075295459704 -0.5956993071010399 0
    outer loop
      vertex -19.49440883845091 -28.666710697114468 0
      vertex -19.319031357765198 -28.903179854154587 0
      vertex -19.49440883845091 -28.666710697114468 1.200000000000001
    endloop
  endfacet
  facet normal -0.8577286120536309 -0.5141027407673995 0
    outer loop
      vertex -19.49440883845091 -28.666710697114468 0
      vertex -19.64576379209757 -28.414190210402012 1.200000000000001
      vertex -19.64576379209757 -28.414190210402012 0
    endloop
  endfacet
  facet normal -0.6715589499566086 -0.7409511297873682 0
    outer loop
      vertex -19.121320344507694 -29.121320344507694 0
      vertex -18.903179854154587 -29.319031357765198 0
      vertex -19.121320344507694 -29.121320344507694 1.200000000000001
    endloop
  endfacet
  facet normal -0.5956993071010399 -0.8032075295459704 0
    outer loop
      vertex -18.903179854154587 -29.319031357765198 0
      vertex -18.666710697114468 -29.49440883845091 0
      vertex -18.903179854154587 -29.319031357765198 1.200000000000001
    endloop
  endfacet
  facet normal -0.7409511297873682 -0.6715589499566086 0
    outer loop
      vertex -19.121320344507694 -29.121320344507694 0
      vertex -19.319031357765198 -28.903179854154587 1.200000000000001
      vertex -19.319031357765198 -28.903179854154587 0
    endloop
  endfacet
  facet normal -0.9700312537050007 -0.24298017786540688 0
    outer loop
      vertex -19.87082100659609 -27.870854035019875 0
      vertex -19.94235584139824 -27.58527096360922 1.200000000000001
      vertex -19.94235584139824 -27.58527096360922 0
    endloop
  endfacet
  facet normal -0.9415440627982695 -0.3368898600571534 0
    outer loop
      vertex -19.771638594567776 -28.14805030077696 0
      vertex -19.87082100659609 -27.870854035019875 1.200000000000001
      vertex -19.87082100659609 -27.870854035019875 0
    endloop
  endfacet
  facet normal -0.989176509179146 -0.14673047975168185 0
    outer loop
      vertex -19.94235584139824 -27.58527096360922 0
      vertex -19.985554181039333 -27.29405142366886 1.200000000000001
      vertex -19.985554181039333 -27.29405142366886 0
    endloop
  endfacet
  facet normal -0.9987954563973426 -0.049067670415704694 0
    outer loop
      vertex -19.985554181039333 -27.29405142366886 0
      vertex -20 -27 1.200000000000001
      vertex -20 -27 0
    endloop
  endfacet
  facet normal -0.5141027407673995 -0.8577286120536309 0
    outer loop
      vertex -18.666710697114468 -29.49440883845091 0
      vertex -18.414190210402012 -29.64576379209757 0
      vertex -18.666710697114468 -29.49440883845091 1.200000000000001
    endloop
  endfacet
  facet normal -0.42755509276037695 -0.9039892934402849 0
    outer loop
      vertex -18.414190210402012 -29.64576379209757 0
      vertex -18.14805030077696 -29.771638594567776 0
      vertex -18.414190210402012 -29.64576379209757 1.200000000000001
    endloop
  endfacet
  facet normal -0.3368898600571534 -0.9415440627982695 0
    outer loop
      vertex -18.14805030077696 -29.771638594567776 0
      vertex -17.870854035019875 -29.87082100659609 0
      vertex -18.14805030077696 -29.771638594567776 1.200000000000001
    endloop
  endfacet
  facet normal -0.24298017786540688 -0.9700312537050007 0
    outer loop
      vertex -17.870854035019875 -29.87082100659609 0
      vertex -17.58527096360922 -29.94235584139824 0
      vertex -17.870854035019875 -29.87082100659609 1.200000000000001
    endloop
  endfacet
  facet normal -0.9039892934402849 -0.42755509276037695 0
    outer loop
      vertex -19.64576379209757 -28.414190210402012 0
      vertex -19.64576379209757 -28.414190210402012 1.200000000000001
      vertex -19.771638594567776 -28.14805030077696 1.200000000000001
    endloop
  endfacet
  facet normal -0.8032075295459704 -0.5956993071010399 0
    outer loop
      vertex -19.319031357765198 -28.903179854154587 0
      vertex -19.319031357765198 -28.903179854154587 1.200000000000001
      vertex -19.49440883845091 -28.666710697114468 1.200000000000001
    endloop
  endfacet
  facet normal -0.8577286120536309 -0.5141027407673995 0
    outer loop
      vertex -19.49440883845091 -28.666710697114468 0
      vertex -19.49440883845091 -28.666710697114468 1.200000000000001
      vertex -19.64576379209757 -28.414190210402012 1.200000000000001
    endloop
  endfacet
  facet normal -0.6715589499566086 -0.7409511297873682 0
    outer loop
      vertex -18.903179854154587 -29.319031357765198 0
      vertex -18.903179854154587 -29.319031357765198 1.200000000000001
      vertex -19.121320344507694 -29.121320344507694 1.200000000000001
    endloop
  endfacet
  facet normal -0.7409511297873682 -0.6715589499566086 0
    outer loop
      vertex -19.121320344507694 -29.121320344507694 0
      vertex -19.121320344507694 -29.121320344507694 1.200000000000001
      vertex -19.319031357765198 -28.903179854154587 1.200000000000001
    endloop
  endfacet
  facet normal -0.9700312537050007 -0.24298017786540688 0
    outer loop
      vertex -19.87082100659609 -27.870854035019875 0
      vertex -19.87082100659609 -27.870854035019875 1.200000000000001
      vertex -19.94235584139824 -27.58527096360922 1.200000000000001
    endloop
  endfacet
  facet normal -0.9415440627982695 -0.3368898600571534 0
    outer loop
      vertex -19.771638594567776 -28.14805030077696 0
      vertex -19.771638594567776 -28.14805030077696 1.200000000000001
      vertex -19.87082100659609 -27.870854035019875 1.200000000000001
    endloop
  endfacet
  facet normal -0.989176509179146 -0.14673047975168185 0
    outer loop
      vertex -19.94235584139824 -27.58527096360922 0
      vertex -19.94235584139824 -27.58527096360922 1.200000000000001
      vertex -19.985554181039333 -27.29405142366886 1.200000000000001
    endloop
  endfacet
  facet normal -0.9987954563973426 -0.049067670415704694 0
    outer loop
      vertex -19.985554181039333 -27.29405142366886 0
      vertex -19.985554181039333 -27.29405142366886 1.200000000000001
      vertex -20 -27 1.200000000000001
    endloop
  endfacet
  facet normal -0.5141027407673995 -0.8577286120536309 0
    outer loop
      vertex -18.414190210402012 -29.64576379209757 0
      vertex -18.414190210402012 -29.64576379209757 1.200000000000001
      vertex -18.666710697114468 -29.49440883845091 1.200000000000001
    endloop
  endfacet
  facet normal -0.5956993071010399 -0.8032075295459704 0
    outer loop
      vertex -18.666710697114468 -29.49440883845091 0
      vertex -18.666710697114468 -29.49440883845091 1.200000000000001
      vertex -18.903179854154587 -29.319031357765198 1.200000000000001
    endloop
  endfacet
  facet normal -0.42755509276037695 -0.9039892934402849 0
    outer loop
      vertex -18.14805030077696 -29.771638594567776 0
      vertex -18.14805030077696 -29.771638594567776 1.200000000000001
      vertex -18.414190210402012 -29.64576379209757 1.200000000000001
    endloop
  endfacet
  facet normal -0.3368898600571534 -0.9415440627982695 0
    outer loop
      vertex -17.870854035019875 -29.87082100659609 0
      vertex -17.870854035019875 -29.87082100659609 1.200000000000001
      vertex -18.14805030077696 -29.771638594567776 1.200000000000001
    endloop
  endfacet
  facet normal -0.24298017786540688 -0.9700312537050007 0
    outer loop
      vertex -17.58527096360922 -29.94235584139824 0
      vertex -17.58527096360922 -29.94235584139824 1.200000000000001
      vertex -17.870854035019875 -29.87082100659609 1.200000000000001
    endloop
  endfacet
  facet normal -0.14673047975168185 -0.989176509179146 0
    outer loop
      vertex -17.58527096360922 -29.94235584139824 0
      vertex -17.29405142366886 -29.985554181039333 0
      vertex -17.58527096360922 -29.94235584139824 1.200000000000001
    endloop
  endfacet
  facet normal -0.049067670415704694 -0.9987954563973426 0
    outer loop
      vertex -17.29405142366886 -29.985554181039333 0
      vertex -17 -30 0
      vertex -17.29405142366886 -29.985554181039333 1.200000000000001
    endloop
  endfacet
  facet normal -0.14673047975168185 -0.989176509179146 0
    outer loop
      vertex -17.58527096360922 -29.94235584139824 1.200000000000001
      vertex -17.29405142366886 -29.985554181039333 0
      vertex -17.29405142366886 -29.985554181039333 1.200000000000001
    endloop
  endfacet
  facet normal -0.049067670415704694 -0.9987954563973426 0
    outer loop
      vertex -17 -30 0
      vertex -17 -30 1.200000000000001
      vertex -17.29405142366886 -29.985554181039333 1.200000000000001
    endloop
  endfacet
  facet normal 0 0 -1
    outer loop
      vertex -20 -27 0
      vertex -15.896332405424484 -8.966619180907301 0
      vertex -15.692031021678297 -9.192031021678297 0
    endloop
  endfacet
  facet normal 0 0 -1
    outer loop
      vertex -20 -27 0
      vertex -15.692031021678297 -9.192031021678297 0
      vertex -15.466619180907301 -9.396332405424484 0
    endloop
  endfacet
  facet normal 0 0 -1
    outer loop
      vertex -20 -27 0
      vertex -15.466619180907301 -9.396332405424484 0
      vertex -15.222267722360767 -9.57755579813789 0
    endloop
  endfacet
  facet normal 0 0 -1
    outer loop
      vertex -20 -27 0
      vertex -15.222267722360767 -9.57755579813789 0
      vertex -14.961329884160593 -9.7339559194799 0
    endloop
  endfacet
  facet normal 0 0 -1
    outer loop
      vertex -20 -27 0
      vertex -14.961329884160593 -9.7339559194799 0
      vertex -14.686318640331779 -9.864026550784988 0
    endloop
  endfacet
  facet normal 0 0 -1
    outer loop
      vertex -20 -27 0
      vertex -14.686318640331779 -9.864026550784988 0
      vertex -14.399882499488832 -9.966515040769847 0
    endloop
  endfacet
  facet normal 0 0 -1
    outer loop
      vertex -20 -27 0
      vertex -14.399882499488832 -9.966515040769847 0
      vertex -14.104779998249997 -10.040434369250015 0
    endloop
  endfacet
  facet normal 0 0 -1
    outer loop
      vertex -20 -27 0
      vertex -14.104779998249997 -10.040434369250015 0
      vertex -13.803853135021638 -10.08507265268381 0
    endloop
  endfacet
  facet normal 0 0 -1
    outer loop
      vertex -20 -27 0
      vertex -13.803853135021638 -10.08507265268381 0
      vertex -13.5 -10.1 0
    endloop
  endfacet
  facet normal 0 0 -1
    outer loop
      vertex -20 -27 0
      vertex -13.5 -10.1 0
      vertex -13.196146864978362 -10.08507265268381 0
    endloop
  endfacet
  facet normal 0 0 -1
    outer loop
      vertex -20 -27 0
      vertex -13.196146864978362 -10.08507265268381 0
      vertex -12.895220001750003 -10.040434369250015 0
    endloop
  endfacet
  facet normal 0 0 -1
    outer loop
      vertex -20 -27 0
      vertex -12.895220001750003 -10.040434369250015 0
      vertex -12.600117500511168 -9.966515040769847 0
    endloop
  endfacet
  facet normal 0 0 1
    outer loop
      vertex -20 -27 1.200000000000001
      vertex -15.692031021678297 -9.192031021678297 1.200000000000001
      vertex -15.896332405424484 -8.966619180907301 1.200000000000001
    endloop
  endfacet
  facet normal 0 0 1
    outer loop
      vertex -20 -27 1.200000000000001
      vertex -15.466619180907301 -9.396332405424484 1.200000000000001
      vertex -15.692031021678297 -9.192031021678297 1.200000000000001
    endloop
  endfacet
  facet normal 0 0 1
    outer loop
      vertex -20 -27 1.200000000000001
      vertex -15.222267722360767 -9.57755579813789 1.200000000000001
      vertex -15.466619180907301 -9.396332405424484 1.200000000000001
    endloop
  endfacet
  facet normal 0 0 1
    outer loop
      vertex -20 -27 1.200000000000001
      vertex -14.961329884160593 -9.7339559194799 1.200000000000001
      vertex -15.222267722360767 -9.57755579813789 1.200000000000001
    endloop
  endfacet
  facet normal 0 0 1
    outer loop
      vertex -20 -27 1.200000000000001
      vertex -14.686318640331779 -9.864026550784988 1.200000000000001
      vertex -14.961329884160593 -9.7339559194799 1.200000000000001
    endloop
  endfacet
  facet normal 0 0 1
    outer loop
      vertex -20 -27 1.200000000000001
      vertex -14.399882499488832 -9.966515040769847 1.200000000000001
      vertex -14.686318640331779 -9.864026550784988 1.200000000000001
    endloop
  endfacet
  facet normal 0 0 1
    outer loop
      vertex -20 -27 1.200000000000001
      vertex -14.104779998249997 -10.040434369250015 1.200000000000001
      vertex -14.399882499488832 -9.966515040769847 1.200000000000001
    endloop
  endfacet
  facet normal 0 0 1
    outer loop
      vertex -20 -27 1.200000000000001
      vertex -13.803853135021638 -10.08507265268381 1.200000000000001
      vertex -14.104779998249997 -10.040434369250015 1.200000000000001
    endloop
  endfacet
  facet normal 0 0 1
    outer loop
      vertex -20 -27 1.200000000000001
      vertex -13.5 -10.1 1.200000000000001
      vertex -13.803853135021638 -10.08507265268381 1.200000000000001
    endloop
  endfacet
  facet normal 0 0 1
    outer loop
      vertex -20 -27 1.200000000000001
      vertex -13.196146864978362 -10.08507265268381 1.200000000000001
      vertex -13.5 -10.1 1.200000000000001
    endloop
  endfacet
  facet normal 0 0 1
    outer loop
      vertex -20 -27 1.200000000000001
      vertex -12.895220001750003 -10.040434369250015 1.200000000000001
      vertex -13.196146864978362 -10.08507265268381 1.200000000000001
    endloop
  endfacet
  facet normal 0 0 1
    outer loop
      vertex -20 -27 1.200000000000001
      vertex -12.600117500511168 -9.966515040769847 1.200000000000001
      vertex -12.895220001750003 -10.040434369250015 1.200000000000001
    endloop
  endfacet
  facet normal 0 0 -1
    outer loop
      vertex -20 -27 0
      vertex -12.600117500511168 -9.966515040769847 0
      vertex -12.313681359668221 -9.864026550784988 0
    endloop
  endfacet
  facet normal 0 0 -1
    outer loop
      vertex -20 -27 0
      vertex -12.313681359668221 -9.864026550784988 0
      vertex -12.038670115839407 -9.7339559194799 0
    endloop
  endfacet
  facet normal 0 0 -1
    outer loop
      vertex -20 -27 0
      vertex -12.038670115839407 -9.7339559194799 0
      vertex -11.777732277639233 -9.57755579813789 0
    endloop
  endfacet
  facet normal 0 0 -1
    outer loop
      vertex -20 -27 0
      vertex -11.777732277639233 -9.57755579813789 0
      vertex -11.533380819092699 -9.396332405424484 0
    endloop
  endfacet
  facet normal 0 0 -1
    outer loop
      vertex -20 -27 0
      vertex -11.533380819092699 -9.396332405424484 0
      vertex -11.307968978321703 -9.192031021678297 0
    endloop
  endfacet
  facet normal 0 0 -1
    outer loop
      vertex -20 -27 0
      vertex -11.307968978321703 -9.192031021678297 0
      vertex -11.103667594575516 -8.966619180907301 0
    endloop
  endfacet
  facet normal 0 0 1
    outer loop
      vertex -20 -27 1.200000000000001
      vertex -12.313681359668221 -9.864026550784988 1.200000000000001
      vertex -12.600117500511168 -9.966515040769847 1.200000000000001
    endloop
  endfacet
  facet normal 0 0 1
    outer loop
      vertex -20 -27 1.200000000000001
      vertex -12.038670115839407 -9.7339559194799 1.200000000000001
      vertex -12.313681359668221 -9.864026550784988 1.200000000000001
    endloop
  endfacet
  facet normal 0 0 1
    outer loop
      vertex -20 -27 1.200000000000001
      vertex -11.777732277639233 -9.57755579813789 1.200000000000001
      vertex -12.038670115839407 -9.7339559194799 1.200000000000001
    endloop
  endfacet
  facet normal 0 0 1
    outer loop
      vertex -20 -27 1.200000000000001
      vertex -11.533380819092699 -9.396332405424484 1.200000000000001
      vertex -11.777732277639233 -9.57755579813789 1.200000000000001
    endloop
  endfacet
  facet normal 0 0 1
    outer loop
      vertex -20 -27 1.200000000000001
      vertex -11.307968978321703 -9.192031021678297 1.200000000000001
      vertex -11.533380819092699 -9.396332405424484 1.200000000000001
    endloop
  endfacet
  facet normal 0 0 1
    outer loop
      vertex -20 -27 1.200000000000001
      vertex -11.103667594575516 -8.966619180907301 1.200000000000001
      vertex -11.307968978321703 -9.192031021678297 1.200000000000001
    endloop
  endfacet
  facet normal 0 0 -1
    outer loop
      vertex -20 -27 0
      vertex -16.36402655078499 -8.186318640331779 0
      vertex -16.2339559194799 -8.461329884160593 0
    endloop
  endfacet
  facet normal 0 0 -1
    outer loop
      vertex -20 -27 0
      vertex -16.540434369250015 -7.604779998249998 0
      vertex -16.46651504076985 -7.899882499488833 0
    endloop
  endfacet
  facet normal 0 0 -1
    outer loop
      vertex -20 -27 0
      vertex -16.46651504076985 -7.899882499488833 0
      vertex -16.36402655078499 -8.186318640331779 0
    endloop
  endfacet
  facet normal 0 0 -1
    outer loop
      vertex -20 -27 0
      vertex -16.58507265268381 -7.303853135021638 0
      vertex -16.540434369250015 -7.604779998249998 0
    endloop
  endfacet
  facet normal 0 0 -1
    outer loop
      vertex -20 -27 0
      vertex -16.6 -7 0
      vertex -16.58507265268381 -7.303853135021638 0
    endloop
  endfacet
  facet normal 0 0 -1
    outer loop
      vertex -20 -27 0
      vertex -16.58507265268381 -6.696146864978362 0
      vertex -16.6 -7 0
    endloop
  endfacet
  facet normal 0 0 -1
    outer loop
      vertex -20 -27 0
      vertex -16.540434369250015 -6.395220001750002 0
      vertex -16.58507265268381 -6.696146864978362 0
    endloop
  endfacet
  facet normal 0 0 1
    outer loop
      vertex -20 -27 1.200000000000001
      vertex -16.2339559194799 -8.461329884160593 1.200000000000001
      vertex -16.36402655078499 -8.186318640331779 1.200000000000001
    endloop
  endfacet
  facet normal 0 0 1
    outer loop
      vertex -20 -27 1.200000000000001
      vertex -16.46651504076985 -7.899882499488833 1.200000000000001
      vertex -16.540434369250015 -7.604779998249998 1.200000000000001
    endloop
  endfacet
  facet normal 0 0 1
    outer loop
      vertex -20 -27 1.200000000000001
      vertex -16.36402655078499 -8.186318640331779 1.200000000000001
      vertex -16.46651504076985 -7.899882499488833 1.200000000000001
    endloop
  endfacet
  facet normal 0 0 1
    outer loop
      vertex -20 -27 1.200000000000001
      vertex -16.540434369250015 -7.604779998249998 1.200000000000001
      vertex -16.58507265268381 -7.303853135021638 1.200000000000001
    endloop
  endfacet
  facet normal -1 0 0
    outer loop
      vertex -20 -27 0
      vertex -20 -27 1.200000000000001
      vertex -20 27 1.200000000000001
    endloop
  endfacet
  facet normal 0 0 -1
    outer loop
      vertex -20 -27 0
      vertex -16.2339559194799 -8.461329884160593 0
      vertex -16.07755579813789 -8.722267722360767 0
    endloop
  endfacet
  facet normal 0 0 -1
    outer loop
      vertex -20 -27 0
      vertex -16.07755579813789 -8.722267722360767 0
      vertex -15.896332405424484 -8.966619180907301 0
    endloop
  endfacet
  facet normal 0 0 1
    outer loop
      vertex -20 -27 1.200000000000001
      vertex -16.07755579813789 -8.722267722360767 1.200000000000001
      vertex -16.2339559194799 -8.461329884160593 1.200000000000001
    endloop
  endfacet
  facet normal 0 0 1
    outer loop
      vertex -20 -27 1.200000000000001
      vertex -15.896332405424484 -8.966619180907301 1.200000000000001
      vertex -16.07755579813789 -8.722267722360767 1.200000000000001
    endloop
  endfacet
  facet normal 0 0 1
    outer loop
      vertex -20 -27 1.200000000000001
      vertex -16.58507265268381 -7.303853135021638 1.200000000000001
      vertex -20 27 1.200000000000001
    endloop
  endfacet
  facet normal 0 0 -1
    outer loop
      vertex -20 -27 0
      vertex -11.833302510658836 22.253913814164655 0
      vertex -16.540434369250015 -6.395220001750002 0
    endloop
  endfacet
  facet normal 0 0 -1
    outer loop
      vertex -20 -27 0
      vertex -11.103667594575516 -8.966619180907301 0
      vertex -10.92244420186211 -8.722267722360767 0
    endloop
  endfacet
  facet normal 0 0 -1
    outer loop
      vertex -20 -27 0
      vertex -10.92244420186211 -8.722267722360767 0
      vertex -10.7660440805201 -8.461329884160593 0
    endloop
  endfacet
  facet normal 0 0 1
    outer loop
      vertex -20 -27 1.200000000000001
      vertex -10.92244420186211 -8.722267722360767 1.200000000000001
      vertex -11.103667594575516 -8.966619180907301 1.200000000000001
    endloop
  endfacet
  facet normal 0 0 1
    outer loop
      vertex -20 -27 1.200000000000001
      vertex -10.7660440805201 -8.461329884160593 1.200000000000001
      vertex -10.92244420186211 -8.722267722360767 1.200000000000001
    endloop
  endfacet
  facet normal 0 0 -1
    outer loop
      vertex -19.121320344507694 -29.121320344507694 0
      vertex -19.319031357765198 -28.903179854154587 0
      vertex 19.64576379209757 -28.414190210402012 0
    endloop
  endfacet
  facet normal 0 0 -1
    outer loop
      vertex -19.49440883845091 -28.666710697114468 0
      vertex -19.64576379209757 -28.414190210402012 0
      vertex 19.87082100659609 -27.870854035019875 0
    endloop
  endfacet
  facet normal 0 0 -1
    outer loop
      vertex -19.49440883845091 -28.666710697114468 0
      vertex 19.771638594567776 -28.14805030077696 0
      vertex -19.319031357765198 -28.903179854154587 0
    endloop
  endfacet
  facet normal 0 0 -1
    outer loop
      vertex -19.87082100659609 -27.870854035019875 0
      vertex -19.94235584139824 -27.58527096360922 0
      vertex 20 -27 0
    endloop
  endfacet
  facet normal 0 0 -1
    outer loop
      vertex -19.771638594567776 -28.14805030077696 0
      vertex 19.94235584139824 -27.58527096360922 0
      vertex -19.64576379209757 -28.414190210402012 0
    endloop
  endfacet
  facet normal 0 0 -1
    outer loop
      vertex -19.771638594567776 -28.14805030077696 0
      vertex -19.87082100659609 -27.870854035019875 0
      vertex 19.985554181039333 -27.29405142366886 0
    endloop
  endfacet
  facet normal 0 0 -1
    outer loop
      vertex -18.666710697114468 -29.49440883845091 0
      vertex 19.121320344507694 -29.121320344507694 0
      vertex -18.414190210402012 -29.64576379209757 0
    endloop
  endfacet
  facet normal 0 0 -1
    outer loop
      vertex -18.903179854154587 -29.319031357765198 0
      vertex 19.319031357765198 -28.903179854154587 0
      vertex -18.666710697114468 -29.49440883845091 0
    endloop
  endfacet
  facet normal 0 0 -1
    outer loop
      vertex -18.414190210402012 -29.64576379209757 0
      vertex 18.903179854154587 -29.319031357765198 0
      vertex -18.14805030077696 -29.771638594567776 0
    endloop
  endfacet
  facet normal 0 0 -1
    outer loop
      vertex -18.14805030077696 -29.771638594567776 0
      vertex 18.666710697114468 -29.49440883845091 0
      vertex -17.870854035019875 -29.87082100659609 0
    endloop
  endfacet
  facet normal 0 0 -1
    outer loop
      vertex -17.870854035019875 -29.87082100659609 0
      vertex 18.414190210402012 -29.64576379209757 0
      vertex -17.58527096360922 -29.94235584139824 0
    endloop
  endfacet
  facet normal 0 0 -1
    outer loop
      vertex -19.121320344507694 -29.121320344507694 0
      vertex 19.49440883845091 -28.666710697114468 0
      vertex -18.903179854154587 -29.319031357765198 0
    endloop
  endfacet
  facet normal 0 0 -1
    outer loop
      vertex -17.58527096360922 -29.94235584139824 0
      vertex 18.14805030077696 -29.771638594567776 0
      vertex -17.29405142366886 -29.985554181039333 0
    endloop
  endfacet
  facet normal 0 0 -1
    outer loop
      vertex -17.29405142366886 -29.985554181039333 0
      vertex 17.870854035019875 -29.87082100659609 0
      vertex -17 -30 0
    endloop
  endfacet
  facet normal 0 -1 0
    outer loop
      vertex -17 -30 0
      vertex 17 -30 0
      vertex -17 -30 1.200000000000001
    endloop
  endfacet
  facet normal 0 0 1
    outer loop
      vertex -19.121320344507694 -29.121320344507694 1.200000000000001
      vertex 19.64576379209757 -28.414190210402012 1.200000000000001
      vertex -19.319031357765198 -28.903179854154587 1.200000000000001
    endloop
  endfacet
  facet normal 0 0 1
    outer loop
      vertex -19.49440883845091 -28.666710697114468 1.200000000000001
      vertex 19.87082100659609 -27.870854035019875 1.200000000000001
      vertex -19.64576379209757 -28.414190210402012 1.200000000000001
    endloop
  endfacet
  facet normal 0 0 1
    outer loop
      vertex -19.49440883845091 -28.666710697114468 1.200000000000001
      vertex -19.319031357765198 -28.903179854154587 1.200000000000001
      vertex 19.771638594567776 -28.14805030077696 1.200000000000001
    endloop
  endfacet
  facet normal 0 0 1
    outer loop
      vertex -19.87082100659609 -27.870854035019875 1.200000000000001
      vertex 20 -27 1.200000000000001
      vertex -19.94235584139824 -27.58527096360922 1.200000000000001
    endloop
  endfacet
  facet normal 0 0 1
    outer loop
      vertex -19.771638594567776 -28.14805030077696 1.200000000000001
      vertex -19.64576379209757 -28.414190210402012 1.200000000000001
      vertex 19.94235584139824 -27.58527096360922 1.200000000000001
    endloop
  endfacet
  facet normal 0 0 1
    outer loop
      vertex -19.771638594567776 -28.14805030077696 1.200000000000001
      vertex 19.985554181039333 -27.29405142366886 1.200000000000001
      vertex -19.87082100659609 -27.870854035019875 1.200000000000001
    endloop
  endfacet
  facet normal 0 0 1
    outer loop
      vertex -18.666710697114468 -29.49440883845091 1.200000000000001
      vertex -18.414190210402012 -29.64576379209757 1.200000000000001
      vertex 19.121320344507694 -29.121320344507694 1.200000000000001
    endloop
  endfacet
  facet normal 0 0 1
    outer loop
      vertex -18.903179854154587 -29.319031357765198 1.200000000000001
      vertex -18.666710697114468 -29.49440883845091 1.200000000000001
      vertex 19.319031357765198 -28.903179854154587 1.200000000000001
    endloop
  endfacet
  facet normal 0 0 1
    outer loop
      vertex -18.414190210402012 -29.64576379209757 1.200000000000001
      vertex -18.14805030077696 -29.771638594567776 1.200000000000001
      vertex 18.903179854154587 -29.319031357765198 1.200000000000001
    endloop
  endfacet
  facet normal 0 0 1
    outer loop
      vertex -18.14805030077696 -29.771638594567776 1.200000000000001
      vertex -17.870854035019875 -29.87082100659609 1.200000000000001
      vertex 18.666710697114468 -29.49440883845091 1.200000000000001
    endloop
  endfacet
  facet normal 0 0 1
    outer loop
      vertex -17.870854035019875 -29.87082100659609 1.200000000000001
      vertex -17.58527096360922 -29.94235584139824 1.200000000000001
      vertex 18.414190210402012 -29.64576379209757 1.200000000000001
    endloop
  endfacet
  facet normal 0 0 1
    outer loop
      vertex -19.121320344507694 -29.121320344507694 1.200000000000001
      vertex -18.903179854154587 -29.319031357765198 1.200000000000001
      vertex 19.49440883845091 -28.666710697114468 1.200000000000001
    endloop
  endfacet
  facet normal 0 0 1
    outer loop
      vertex -17.58527096360922 -29.94235584139824 1.200000000000001
      vertex -17.29405142366886 -29.985554181039333 1.200000000000001
      vertex 18.14805030077696 -29.771638594567776 1.200000000000001
    endloop
  endfacet
  facet normal 0 0 1
    outer loop
      vertex -17.29405142366886 -29.985554181039333 1.200000000000001
      vertex -17 -30 1.200000000000001
      vertex 17.870854035019875 -29.87082100659609 1.200000000000001
    endloop
  endfacet
  facet normal 0 0 -1
    outer loop
      vertex -19.94235584139824 -27.58527096360922 0
      vertex -19.985554181039333 -27.29405142366886 0
      vertex 20 27 0
    endloop
  endfacet
  facet normal 0 0 -1
    outer loop
      vertex -19.985554181039333 -27.29405142366886 0
      vertex -20 -27 0
      vertex 19.985554181039333 27.29405142366886 0
    endloop
  endfacet
  facet normal 0 0 1
    outer loop
      vertex -19.94235584139824 -27.58527096360922 1.200000000000001
      vertex 20 27 1.200000000000001
      vertex -19.985554181039333 -27.29405142366886 1.200000000000001
    endloop
  endfacet
  facet normal 0 0 1
    outer loop
      vertex -19.985554181039333 -27.29405142366886 1.200000000000001
      vertex 19.985554181039333 27.29405142366886 1.200000000000001
      vertex -20 -27 1.200000000000001
    endloop
  endfacet
  facet normal 0 0 -1
    outer loop
      vertex -20 -27 0
      vertex -10.7660440805201 -8.461329884160593 0
      vertex 11.51507575950825 22.51507575950825 0
    endloop
  endfacet
  facet normal 0 0 -1
    outer loop
      vertex -19.94235584139824 -27.58527096360922 0
      vertex 9.234447731414233 -0.23222774180356986 0
      vertex 10.4 -4 0
    endloop
  endfacet
  facet normal 0 0 -1
    outer loop
      vertex -19.94235584139824 -27.58527096360922 0
      vertex 9.215371775677415 -0.1560722576129026 0
      vertex 9.234447731414233 -0.23222774180356986 0
    endloop
  endfacet
  facet normal 0 0 -1
    outer loop
      vertex -19.94235584139824 -27.58527096360922 0
      vertex 9.203852218662242 -0.07841371226364849 0
      vertex 9.215371775677415 -0.1560722576129026 0
    endloop
  endfacet
  facet normal 0 0 -1
    outer loop
      vertex -19.94235584139824 -27.58527096360922 0
      vertex 9.2 0 0
      vertex 9.203852218662242 -0.07841371226364849 0
    endloop
  endfacet
  facet normal 0 0 -1
    outer loop
      vertex -19.94235584139824 -27.58527096360922 0
      vertex 9.203852218662242 0.07841371226364849 0
      vertex 9.2 0 0
    endloop
  endfacet
  facet normal 0 0 -1
    outer loop
      vertex -19.94235584139824 -27.58527096360922 0
      vertex 9.215371775677415 0.1560722576129026 0
      vertex 9.203852218662242 0.07841371226364849 0
    endloop
  endfacet
  facet normal 0 0 -1
    outer loop
      vertex -19.94235584139824 -27.58527096360922 0
      vertex 9.234447731414233 0.23222774180356986 0
      vertex 9.215371775677415 0.1560722576129026 0
    endloop
  endfacet
  facet normal 0 0 -1
    outer loop
      vertex -19.94235584139824 -27.58527096360922 0
      vertex 9.26089637399097 0.30614674589207186 0
      vertex 9.234447731414233 0.23222774180356986 0
    endloop
  endfacet
  facet normal 0 0 1
    outer loop
      vertex -19.94235584139824 -27.58527096360922 1.200000000000001
      vertex 9.38159163730981 -0.5075146273309165 1.200000000000001
      vertex 9.334824310157964 -0.44445618641568174 1.200000000000001
    endloop
  endfacet
  facet normal 0 0 1
    outer loop
      vertex -19.94235584139824 -27.58527096360922 1.200000000000001
      vertex 9.334824310157964 -0.44445618641568174 1.200000000000001
      vertex 9.294462988521316 -0.37711738946079815 1.200000000000001
    endloop
  endfacet
  facet normal 0 0 1
    outer loop
      vertex -19.94235584139824 -27.58527096360922 1.200000000000001
      vertex 9.294462988521316 -0.37711738946079815 1.200000000000001
      vertex 9.26089637399097 -0.30614674589207186 1.200000000000001
    endloop
  endfacet
  facet normal 0 0 1
    outer loop
      vertex -19.94235584139824 -27.58527096360922 1.200000000000001
      vertex 9.434314575050761 -0.5656854249492381 1.200000000000001
      vertex 9.38159163730981 -0.5075146273309165 1.200000000000001
    endloop
  endfacet
  facet normal 0 0 1
    outer loop
      vertex -19.94235584139824 -27.58527096360922 1.200000000000001
      vertex 9.492485372669083 -0.6184083626901896 1.200000000000001
      vertex 9.434314575050761 -0.5656854249492381 1.200000000000001
    endloop
  endfacet
  facet normal 0 0 1
    outer loop
      vertex -19.94235584139824 -27.58527096360922 1.200000000000001
      vertex 9.555543813584318 -0.6651756898420362 1.200000000000001
      vertex 9.492485372669083 -0.6184083626901896 1.200000000000001
    endloop
  endfacet
  facet normal 0 0 1
    outer loop
      vertex -19.94235584139824 -27.58527096360922 1.200000000000001
      vertex 9.26089637399097 -0.30614674589207186 1.200000000000001
      vertex 9.234447731414233 -0.23222774180356986 1.200000000000001
    endloop
  endfacet
  facet normal 0 0 1
    outer loop
      vertex -19.94235584139824 -27.58527096360922 1.200000000000001
      vertex 9.234447731414233 -0.23222774180356986 1.200000000000001
      vertex 9.215371775677415 -0.1560722576129026 1.200000000000001
    endloop
  endfacet
  facet normal 0 0 1
    outer loop
      vertex -19.94235584139824 -27.58527096360922 1.200000000000001
      vertex 9.215371775677415 -0.1560722576129026 1.200000000000001
      vertex 9.203852218662242 -0.07841371226364849 1.200000000000001
    endloop
  endfacet
  facet normal 0 0 1
    outer loop
      vertex -19.94235584139824 -27.58527096360922 1.200000000000001
      vertex 9.203852218662242 -0.07841371226364849 1.200000000000001
      vertex 9.2 0 1.200000000000001
    endloop
  endfacet
  facet normal 0 0 1
    outer loop
      vertex -19.94235584139824 -27.58527096360922 1.200000000000001
      vertex 9.2 0 1.200000000000001
      vertex 9.203852218662242 0.07841371226364849 1.200000000000001
    endloop
  endfacet
  facet normal 0 0 1
    outer loop
      vertex -19.94235584139824 -27.58527096360922 1.200000000000001
      vertex 9.203852218662242 0.07841371226364849 1.200000000000001
      vertex 9.215371775677415 0.1560722576129026 1.200000000000001
    endloop
  endfacet
  facet normal 0 0 1
    outer loop
      vertex -19.94235584139824 -27.58527096360922 1.200000000000001
      vertex 9.215371775677415 0.1560722576129026 1.200000000000001
      vertex 9.234447731414233 0.23222774180356986 1.200000000000001
    endloop
  endfacet
  facet normal 0 0 1
    outer loop
      vertex -19.94235584139824 -27.58527096360922 1.200000000000001
      vertex 9.234447731414233 0.23222774180356986 1.200000000000001
      vertex 9.26089637399097 0.30614674589207186 1.200000000000001
    endloop
  endfacet
  facet normal 0 0 1
    outer loop
      vertex -20 -27 1.200000000000001
      vertex 19.94235584139824 27.58527096360922 1.200000000000001
      vertex -10.7660440805201 -8.461329884160593 1.200000000000001
    endloop
  endfacet
  facet normal 0 0 1
    outer loop
      vertex -20 27 1.200000000000001
      vertex -16.58507265268381 -7.303853135021638 1.200000000000001
      vertex -16.6 -7 1.200000000000001
    endloop
  endfacet
  facet normal 0 0 1
    outer loop
      vertex -20 27 1.200000000000001
      vertex -16.6 -7 1.200000000000001
      vertex -16.58507265268381 -6.696146864978362 1.200000000000001
    endloop
  endfacet
  facet normal 0 0 1
    outer loop
      vertex -20 27 1.200000000000001
      vertex -16.58507265268381 -6.696146864978362 1.200000000000001
      vertex -16.540434369250015 -6.395220001750002 1.200000000000001
    endloop
  endfacet
  facet normal 0 0 1
    outer loop
      vertex -20 27 1.200000000000001
      vertex -16.540434369250015 -6.395220001750002 1.200000000000001
      vertex -16.46651504076985 -6.100117500511167 1.200000000000001
    endloop
  endfacet
  facet normal 0 0 1
    outer loop
      vertex -20 27 1.200000000000001
      vertex -16.46651504076985 -6.100117500511167 1.200000000000001
      vertex -16.36402655078499 -5.813681359668221 1.200000000000001
    endloop
  endfacet
  facet normal 0 0 1
    outer loop
      vertex -20 27 1.200000000000001
      vertex -16.36402655078499 -5.813681359668221 1.200000000000001
      vertex -16.2339559194799 -5.538670115839407 1.200000000000001
    endloop
  endfacet
  facet normal 0 0 -1
    outer loop
      vertex -20 -27 0
      vertex -15.00957470503764 23.39040217776563 0
      vertex -14.940147018273702 23.19636479203331 0
    endloop
  endfacet
  facet normal 0 0 -1
    outer loop
      vertex -20 -27 0
      vertex -14.940147018273702 23.19636479203331 0
      vertex -14.852034655131545 23.010066852665403 0
    endloop
  endfacet
  facet normal 0 0 -1
    outer loop
      vertex -20 -27 0
      vertex -14.623321952061747 22.667774103256345 0
      vertex -14.48492424049175 22.51507575950825 0
    endloop
  endfacet
  facet normal 0 0 -1
    outer loop
      vertex -20 -27 0
      vertex -14.48492424049175 22.51507575950825 0
      vertex -14.332225896743655 22.376678047938253 0
    endloop
  endfacet
  facet normal 0 0 -1
    outer loop
      vertex -20 -27 0
      vertex -14.852034655131545 23.010066852665403 0
      vertex -14.746086185835345 22.833302510658836 0
    endloop
  endfacet
  facet normal 0 0 -1
    outer loop
      vertex -20 -27 0
      vertex -14.746086185835345 22.833302510658836 0
      vertex -14.623321952061747 22.667774103256345 0
    endloop
  endfacet
  facet normal 0 0 -1
    outer loop
      vertex -20 -27 0
      vertex -15.1 24 0
      vertex -15.089887926011613 23.794164005307923 0
    endloop
  endfacet
  facet normal 0 0 -1
    outer loop
      vertex -20 -27 0
      vertex -15.059649088846784 23.59031032376613 0
      vertex -15.00957470503764 23.39040217776563 0
    endloop
  endfacet
  facet normal 0 0 -1
    outer loop
      vertex -20 -27 0
      vertex -15.089887926011613 23.794164005307923 0
      vertex -15.059649088846784 23.59031032376613 0
    endloop
  endfacet
  facet normal 0 0 -1
    outer loop
      vertex -20 -27 0
      vertex -13.409689676233869 21.940350911153217 0
      vertex -13.205835994692077 21.910112073988387 0
    endloop
  endfacet
  facet normal 0 0 -1
    outer loop
      vertex -20 -27 0
      vertex -13.205835994692077 21.910112073988387 0
      vertex -13 21.9 0
    endloop
  endfacet
  facet normal 0 0 -1
    outer loop
      vertex -20 -27 0
      vertex -13 21.9 0
      vertex -12.794164005307923 21.910112073988387 0
    endloop
  endfacet
  facet normal 0 0 -1
    outer loop
      vertex -20 -27 0
      vertex -12.794164005307923 21.910112073988387 0
      vertex -12.590310323766131 21.940350911153217 0
    endloop
  endfacet
  facet normal 0 0 -1
    outer loop
      vertex -20 -27 0
      vertex -14.332225896743655 22.376678047938253 0
      vertex -14.166697489341164 22.253913814164655 0
    endloop
  endfacet
  facet normal 0 0 -1
    outer loop
      vertex -20 -27 0
      vertex -14.166697489341164 22.253913814164655 0
      vertex -13.989933147334595 22.147965344868453 0
    endloop
  endfacet
  facet normal 0 0 -1
    outer loop
      vertex -20 -27 0
      vertex -13.989933147334595 22.147965344868453 0
      vertex -13.803635207966689 22.059852981726298 0
    endloop
  endfacet
  facet normal 0 0 -1
    outer loop
      vertex -20 -27 0
      vertex -13.803635207966689 22.059852981726298 0
      vertex -13.60959782223437 21.99042529496236 0
    endloop
  endfacet
  facet normal 0 0 -1
    outer loop
      vertex -20 -27 0
      vertex -13.60959782223437 21.99042529496236 0
      vertex -13.409689676233869 21.940350911153217 0
    endloop
  endfacet
  facet normal 0 0 1
    outer loop
      vertex -20 27 1.200000000000001
      vertex -16.2339559194799 -5.538670115839407 1.200000000000001
      vertex -16.07755579813789 -5.277732277639233 1.200000000000001
    endloop
  endfacet
  facet normal 0 0 1
    outer loop
      vertex -20 27 1.200000000000001
      vertex -16.07755579813789 -5.277732277639233 1.200000000000001
      vertex -15.896332405424484 -5.033380819092699 1.200000000000001
    endloop
  endfacet
  facet normal 0 0 1
    outer loop
      vertex -20 27 1.200000000000001
      vertex -15.896332405424484 -5.033380819092699 1.200000000000001
      vertex -15.692031021678297 -4.807968978321703 1.200000000000001
    endloop
  endfacet
  facet normal 0 0 1
    outer loop
      vertex -20 27 1.200000000000001
      vertex -15.692031021678297 -4.807968978321703 1.200000000000001
      vertex -15.466619180907301 -4.603667594575516 1.200000000000001
    endloop
  endfacet
  facet normal 0 0 1
    outer loop
      vertex -20 27 1.200000000000001
      vertex -15.466619180907301 -4.603667594575516 1.200000000000001
      vertex -15.222267722360767 -4.42244420186211 1.200000000000001
    endloop
  endfacet
  facet normal 0 0 1
    outer loop
      vertex -20 27 1.200000000000001
      vertex -15.222267722360767 -4.42244420186211 1.200000000000001
      vertex -14.961329884160593 -4.2660440805201 1.200000000000001
    endloop
  endfacet
  facet normal -1 0 0
    outer loop
      vertex -20 -27 0
      vertex -20 27 1.200000000000001
      vertex -20 27 0
    endloop
  endfacet
  facet normal 0 0 -1
    outer loop
      vertex -20 -27 0
      vertex -20 27 0
      vertex -15.1 24 0
    endloop
  endfacet
  facet normal 0 0 -1
    outer loop
      vertex -11.667774103256345 22.376678047938253 0
      vertex -16.46651504076985 -6.100117500511167 0
      vertex -16.540434369250015 -6.395220001750002 0
    endloop
  endfacet
  facet normal 0 0 -1
    outer loop
      vertex -11.667774103256345 22.376678047938253 0
      vertex -16.36402655078499 -5.813681359668221 0
      vertex -16.46651504076985 -6.100117500511167 0
    endloop
  endfacet
  facet normal 0 0 -1
    outer loop
      vertex -11.667774103256345 22.376678047938253 0
      vertex -16.2339559194799 -5.538670115839407 0
      vertex -16.36402655078499 -5.813681359668221 0
    endloop
  endfacet
  facet normal 0 0 -1
    outer loop
      vertex -11.667774103256345 22.376678047938253 0
      vertex -16.07755579813789 -5.277732277639233 0
      vertex -16.2339559194799 -5.538670115839407 0
    endloop
  endfacet
  facet normal 0 0 -1
    outer loop
      vertex -11.667774103256345 22.376678047938253 0
      vertex -15.896332405424484 -5.033380819092699 0
      vertex -16.07755579813789 -5.277732277639233 0
    endloop
  endfacet
  facet normal 0 0 -1
    outer loop
      vertex -11.667774103256345 22.376678047938253 0
      vertex -15.692031021678297 -4.807968978321703 0
      vertex -15.896332405424484 -5.033380819092699 0
    endloop
  endfacet
  facet normal 0 0 -1
    outer loop
      vertex -11.667774103256345 22.376678047938253 0
      vertex -15.466619180907301 -4.603667594575516 0
      vertex -15.692031021678297 -4.807968978321703 0
    endloop
  endfacet
  facet normal 0 0 -1
    outer loop
      vertex -11.667774103256345 22.376678047938253 0
      vertex -15.222267722360767 -4.42244420186211 0
      vertex -15.466619180907301 -4.603667594575516 0
    endloop
  endfacet
  facet normal 0 0 -1
    outer loop
      vertex -11.667774103256345 22.376678047938253 0
      vertex -14.961329884160593 -4.2660440805201 0
      vertex -15.222267722360767 -4.42244420186211 0
    endloop
  endfacet
  facet normal 0 0 -1
    outer loop
      vertex -11.667774103256345 22.376678047938253 0
      vertex -14.686318640331779 -4.135973449215011 0
      vertex -14.961329884160593 -4.2660440805201 0
    endloop
  endfacet
  facet normal 0 0 -1
    outer loop
      vertex -20 -27 0
      vertex -12.590310323766131 21.940350911153217 0
      vertex -12.39040217776563 21.99042529496236 0
    endloop
  endfacet
  facet normal 0 0 -1
    outer loop
      vertex -20 -27 0
      vertex -12.39040217776563 21.99042529496236 0
      vertex -12.196364792033311 22.059852981726298 0
    endloop
  endfacet
  facet normal 0 0 -1
    outer loop
      vertex -20 -27 0
      vertex -12.196364792033311 22.059852981726298 0
      vertex -12.010066852665405 22.147965344868453 0
    endloop
  endfacet
  facet normal 0 0 -1
    outer loop
      vertex -20 -27 0
      vertex -12.010066852665405 22.147965344868453 0
      vertex -11.833302510658836 22.253913814164655 0
    endloop
  endfacet
  facet normal 0 0 -1
    outer loop
      vertex -11.667774103256345 22.376678047938253 0
      vertex -14.399882499488832 -4.033484959230153 0
      vertex -14.686318640331779 -4.135973449215011 0
    endloop
  endfacet
  facet normal 0 0 -1
    outer loop
      vertex -11.667774103256345 22.376678047938253 0
      vertex -14.104779998249997 -3.9595656307499856 0
      vertex -14.399882499488832 -4.033484959230153 0
    endloop
  endfacet
  facet normal 0 0 -1
    outer loop
      vertex -11.667774103256345 22.376678047938253 0
      vertex -13.803853135021638 -3.9149273473161896 0
      vertex -14.104779998249997 -3.9595656307499856 0
    endloop
  endfacet
  facet normal 0 0 -1
    outer loop
      vertex -11.667774103256345 22.376678047938253 0
      vertex -13.5 -3.9 0
      vertex -13.803853135021638 -3.9149273473161896 0
    endloop
  endfacet
  facet normal 0 0 -1
    outer loop
      vertex -11.667774103256345 22.376678047938253 0
      vertex -13.196146864978362 -3.9149273473161896 0
      vertex -13.5 -3.9 0
    endloop
  endfacet
  facet normal 0 0 -1
    outer loop
      vertex -11.833302510658836 22.253913814164655 0
      vertex -11.667774103256345 22.376678047938253 0
      vertex -16.540434369250015 -6.395220001750002 0
    endloop
  endfacet
  facet normal 0 0 1
    outer loop
      vertex -14.961329884160593 -4.2660440805201 1.200000000000001
      vertex -13.565676084191198 22.941694482781973 1.200000000000001
      vertex -13.666684279623523 23.002236465236948 1.200000000000001
    endloop
  endfacet
  facet normal 0 0 1
    outer loop
      vertex -14.961329884160593 -4.2660440805201 1.200000000000001
      vertex -13.348341612705354 22.85167159712135 1.200000000000001
      vertex -13.459220118838108 22.891344560986457 1.200000000000001
    endloop
  endfacet
  facet normal 0 0 1
    outer loop
      vertex -14.961329884160593 -4.2660440805201 1.200000000000001
      vertex -13.459220118838108 22.891344560986457 1.200000000000001
      vertex -13.565676084191198 22.941694482781973 1.200000000000001
    endloop
  endfacet
  facet normal 0 0 1
    outer loop
      vertex -14.961329884160593 -4.2660440805201 1.200000000000001
      vertex -13.234108386419354 22.823057663516124 1.200000000000001
      vertex -13.348341612705354 22.85167159712135 1.200000000000001
    endloop
  endfacet
  facet normal 0 0 1
    outer loop
      vertex -14.961329884160593 -4.2660440805201 1.200000000000001
      vertex -13.117620568395473 22.805778327993362 1.200000000000001
      vertex -13.234108386419354 22.823057663516124 1.200000000000001
    endloop
  endfacet
  facet normal 0 0 1
    outer loop
      vertex -14.961329884160593 -4.2660440805201 1.200000000000001
      vertex -13 22.8 1.200000000000001
      vertex -13.117620568395473 22.805778327993362 1.200000000000001
    endloop
  endfacet
  facet normal 0 0 1
    outer loop
      vertex -14.961329884160593 -4.2660440805201 1.200000000000001
      vertex -12.882379431604527 22.805778327993362 1.200000000000001
      vertex -13 22.8 1.200000000000001
    endloop
  endfacet
  facet normal 0 0 1
    outer loop
      vertex -14.961329884160593 -4.2660440805201 1.200000000000001
      vertex -12.765891613580646 22.823057663516124 1.200000000000001
      vertex -12.882379431604527 22.805778327993362 1.200000000000001
    endloop
  endfacet
  facet normal 0 0 1
    outer loop
      vertex -20 27 1.200000000000001
      vertex -14.961329884160593 -4.2660440805201 1.200000000000001
      vertex -13.666684279623523 23.002236465236948 1.200000000000001
    endloop
  endfacet
  facet normal -0.9987954563973426 0.049067670415704694 0
    outer loop
      vertex -20 27 0
      vertex -19.985554181039333 27.29405142366886 1.200000000000001
      vertex -19.985554181039333 27.29405142366886 0
    endloop
  endfacet
  facet normal -0.989176509179146 0.14673047975168185 0
    outer loop
      vertex -19.985554181039333 27.29405142366886 0
      vertex -19.94235584139824 27.58527096360922 1.200000000000001
      vertex -19.94235584139824 27.58527096360922 0
    endloop
  endfacet
  facet normal -0.9700312537050007 0.24298017786540688 0
    outer loop
      vertex -19.94235584139824 27.58527096360922 0
      vertex -19.87082100659609 27.870854035019875 1.200000000000001
      vertex -19.87082100659609 27.870854035019875 0
    endloop
  endfacet
  facet normal -0.9415440627982695 0.3368898600571534 0
    outer loop
      vertex -19.87082100659609 27.870854035019875 0
      vertex -19.771638594567776 28.14805030077696 1.200000000000001
      vertex -19.771638594567776 28.14805030077696 0
    endloop
  endfacet
  facet normal -0.9039892934402849 0.42755509276037695 0
    outer loop
      vertex -19.771638594567776 28.14805030077696 0
      vertex -19.64576379209757 28.414190210402012 1.200000000000001
      vertex -19.64576379209757 28.414190210402012 0
    endloop
  endfacet
  facet normal -0.8577286120536309 0.5141027407673995 0
    outer loop
      vertex -19.64576379209757 28.414190210402012 0
      vertex -19.49440883845091 28.666710697114468 1.200000000000001
      vertex -19.49440883845091 28.666710697114468 0
    endloop
  endfacet
  facet normal -0.8032075295459704 0.5956993071010399 0
    outer loop
      vertex -19.49440883845091 28.666710697114468 0
      vertex -19.319031357765198 28.903179854154587 1.200000000000001
      vertex -19.319031357765198 28.903179854154587 0
    endloop
  endfacet
  facet normal -0.7409511297873682 0.6715589499566086 0
    outer loop
      vertex -19.319031357765198 28.903179854154587 0
      vertex -19.121320344507694 29.121320344507694 1.200000000000001
      vertex -19.121320344507694 29.121320344507694 0
    endloop
  endfacet
  facet normal -0.6715589499566086 0.7409511297873682 0
    outer loop
      vertex -19.121320344507694 29.121320344507694 0
      vertex -18.903179854154587 29.319031357765198 1.200000000000001
      vertex -18.903179854154587 29.319031357765198 0
    endloop
  endfacet
  facet normal -0.5956993071010399 0.8032075295459704 0
    outer loop
      vertex -18.903179854154587 29.319031357765198 0
      vertex -18.666710697114468 29.49440883845091 1.200000000000001
      vertex -18.666710697114468 29.49440883845091 0
    endloop
  endfacet
  facet normal -0.5141027407673995 0.8577286120536309 0
    outer loop
      vertex -18.666710697114468 29.49440883845091 0
      vertex -18.414190210402012 29.64576379209757 1.200000000000001
      vertex -18.414190210402012 29.64576379209757 0
    endloop
  endfacet
  facet normal -0.42755509276037695 0.9039892934402849 0
    outer loop
      vertex -18.414190210402012 29.64576379209757 0
      vertex -18.14805030077696 29.771638594567776 1.200000000000001
      vertex -18.14805030077696 29.771638594567776 0
    endloop
  endfacet
  facet normal -0.3368898600571534 0.9415440627982695 0
    outer loop
      vertex -18.14805030077696 29.771638594567776 0
      vertex -17.870854035019875 29.87082100659609 1.200000000000001
      vertex -17.870854035019875 29.87082100659609 0
    endloop
  endfacet
  facet normal -0.24298017786540688 0.9700312537050007 0
    outer loop
      vertex -17.870854035019875 29.87082100659609 0
      vertex -17.58527096360922 29.94235584139824 1.200000000000001
      vertex -17.58527096360922 29.94235584139824 0
    endloop
  endfacet
  facet normal -0.9987954563973426 0.049067670415704694 0
    outer loop
      vertex -20 27 0
      vertex -20 27 1.200000000000001
      vertex -19.985554181039333 27.29405142366886 1.200000000000001
    endloop
  endfacet
  facet normal -0.989176509179146 0.14673047975168185 0
    outer loop
      vertex -19.985554181039333 27.29405142366886 0
      vertex -19.985554181039333 27.29405142366886 1.200000000000001
      vertex -19.94235584139824 27.58527096360922 1.200000000000001
    endloop
  endfacet
  facet normal -0.9700312537050007 0.24298017786540688 0
    outer loop
      vertex -19.94235584139824 27.58527096360922 0
      vertex -19.94235584139824 27.58527096360922 1.200000000000001
      vertex -19.87082100659609 27.870854035019875 1.200000000000001
    endloop
  endfacet
  facet normal -0.9415440627982695 0.3368898600571534 0
    outer loop
      vertex -19.87082100659609 27.870854035019875 0
      vertex -19.87082100659609 27.870854035019875 1.200000000000001
      vertex -19.771638594567776 28.14805030077696 1.200000000000001
    endloop
  endfacet
  facet normal -0.9039892934402849 0.42755509276037695 0
    outer loop
      vertex -19.771638594567776 28.14805030077696 0
      vertex -19.771638594567776 28.14805030077696 1.200000000000001
      vertex -19.64576379209757 28.414190210402012 1.200000000000001
    endloop
  endfacet
  facet normal -0.8577286120536309 0.5141027407673995 0
    outer loop
      vertex -19.64576379209757 28.414190210402012 0
      vertex -19.64576379209757 28.414190210402012 1.200000000000001
      vertex -19.49440883845091 28.666710697114468 1.200000000000001
    endloop
  endfacet
  facet normal -0.8032075295459704 0.5956993071010399 0
    outer loop
      vertex -19.49440883845091 28.666710697114468 0
      vertex -19.49440883845091 28.666710697114468 1.200000000000001
      vertex -19.319031357765198 28.903179854154587 1.200000000000001
    endloop
  endfacet
  facet normal -0.7409511297873682 0.6715589499566086 0
    outer loop
      vertex -19.319031357765198 28.903179854154587 0
      vertex -19.319031357765198 28.903179854154587 1.200000000000001
      vertex -19.121320344507694 29.121320344507694 1.200000000000001
    endloop
  endfacet
  facet normal -0.6715589499566086 0.7409511297873682 0
    outer loop
      vertex -19.121320344507694 29.121320344507694 0
      vertex -19.121320344507694 29.121320344507694 1.200000000000001
      vertex -18.903179854154587 29.319031357765198 1.200000000000001
    endloop
  endfacet
  facet normal -0.5956993071010399 0.8032075295459704 0
    outer loop
      vertex -18.903179854154587 29.319031357765198 0
      vertex -18.903179854154587 29.319031357765198 1.200000000000001
      vertex -18.666710697114468 29.49440883845091 1.200000000000001
    endloop
  endfacet
  facet normal -0.5141027407673995 0.8577286120536309 0
    outer loop
      vertex -18.666710697114468 29.49440883845091 0
      vertex -18.666710697114468 29.49440883845091 1.200000000000001
      vertex -18.414190210402012 29.64576379209757 1.200000000000001
    endloop
  endfacet
  facet normal -0.42755509276037695 0.9039892934402849 0
    outer loop
      vertex -18.414190210402012 29.64576379209757 0
      vertex -18.414190210402012 29.64576379209757 1.200000000000001
      vertex -18.14805030077696 29.771638594567776 1.200000000000001
    endloop
  endfacet
  facet normal -0.3368898600571534 0.9415440627982695 0
    outer loop
      vertex -18.14805030077696 29.771638594567776 0
      vertex -18.14805030077696 29.771638594567776 1.200000000000001
      vertex -17.870854035019875 29.87082100659609 1.200000000000001
    endloop
  endfacet
  facet normal -0.24298017786540688 0.9700312537050007 0
    outer loop
      vertex -17.870854035019875 29.87082100659609 0
      vertex -17.870854035019875 29.87082100659609 1.200000000000001
      vertex -17.58527096360922 29.94235584139824 1.200000000000001
    endloop
  endfacet
  facet normal 0 0 -1
    outer loop
      vertex -20 27 0
      vertex -15.089887926011613 24.205835994692077 0
      vertex -15.1 24 0
    endloop
  endfacet
  facet normal 0 0 -1
    outer loop
      vertex -20 27 0
      vertex -15.059649088846784 24.40968967623387 0
      vertex -15.089887926011613 24.205835994692077 0
    endloop
  endfacet
  facet normal 0 0 -1
    outer loop
      vertex -20 27 0
      vertex -15.00957470503764 24.60959782223437 0
      vertex -15.059649088846784 24.40968967623387 0
    endloop
  endfacet
  facet normal 0 0 -1
    outer loop
      vertex -20 27 0
      vertex -14.940147018273702 24.80363520796669 0
      vertex -15.00957470503764 24.60959782223437 0
    endloop
  endfacet
  facet normal 0 0 -1
    outer loop
      vertex -20 27 0
      vertex -14.852034655131545 24.989933147334597 0
      vertex -14.940147018273702 24.80363520796669 0
    endloop
  endfacet
  facet normal 0 0 -1
    outer loop
      vertex -20 27 0
      vertex -14.746086185835345 25.166697489341164 0
      vertex -14.852034655131545 24.989933147334597 0
    endloop
  endfacet
  facet normal 0 0 -1
    outer loop
      vertex -20 27 0
      vertex -14.623321952061747 25.332225896743655 0
      vertex -14.746086185835345 25.166697489341164 0
    endloop
  endfacet
  facet normal 0 0 -1
    outer loop
      vertex -20 27 0
      vertex -14.48492424049175 25.48492424049175 0
      vertex -14.623321952061747 25.332225896743655 0
    endloop
  endfacet
  facet normal 0 0 -1
    outer loop
      vertex -20 27 0
      vertex -14.332225896743655 25.623321952061747 0
      vertex -14.48492424049175 25.48492424049175 0
    endloop
  endfacet
  facet normal 0 0 -1
    outer loop
      vertex -20 27 0
      vertex -14.166697489341164 25.746086185835345 0
      vertex -14.332225896743655 25.623321952061747 0
    endloop
  endfacet
  facet normal 0 0 -1
    outer loop
      vertex -20 27 0
      vertex -13.989933147334595 25.852034655131547 0
      vertex -14.166697489341164 25.746086185835345 0
    endloop
  endfacet
  facet normal 0 0 1
    outer loop
      vertex -20 27 1.200000000000001
      vertex -13.666684279623523 23.002236465236948 1.200000000000001
      vertex -13.761271940996375 23.072387455964716 1.200000000000001
    endloop
  endfacet
  facet normal 0 0 1
    outer loop
      vertex -20 27 1.200000000000001
      vertex -14.14832840287865 23.651658387294646 1.200000000000001
      vertex -14.176942336483876 23.765891613580646 1.200000000000001
    endloop
  endfacet
  facet normal 0 0 1
    outer loop
      vertex -20 27 1.200000000000001
      vertex -13.997763534763054 23.333315720376476 1.200000000000001
      vertex -14.058305517218026 23.434323915808804 1.200000000000001
    endloop
  endfacet
  facet normal 0 0 1
    outer loop
      vertex -20 27 1.200000000000001
      vertex -13.927612544035284 23.238728059003627 1.200000000000001
      vertex -13.997763534763054 23.333315720376476 1.200000000000001
    endloop
  endfacet
  facet normal 0 0 1
    outer loop
      vertex -20 27 1.200000000000001
      vertex -14.058305517218026 23.434323915808804 1.200000000000001
      vertex -14.108655439013544 23.540779881161892 1.200000000000001
    endloop
  endfacet
  facet normal 0 0 1
    outer loop
      vertex -20 27 1.200000000000001
      vertex -14.108655439013544 23.540779881161892 1.200000000000001
      vertex -14.14832840287865 23.651658387294646 1.200000000000001
    endloop
  endfacet
  facet normal 0 0 1
    outer loop
      vertex -20 27 1.200000000000001
      vertex -14.176942336483876 23.765891613580646 1.200000000000001
      vertex -14.194221672006636 23.882379431604527 1.200000000000001
    endloop
  endfacet
  facet normal 0 0 1
    outer loop
      vertex -20 27 1.200000000000001
      vertex -14.194221672006636 23.882379431604527 1.200000000000001
      vertex -14.2 24 1.200000000000001
    endloop
  endfacet
  facet normal 0 0 1
    outer loop
      vertex -20 27 1.200000000000001
      vertex -14.2 24 1.200000000000001
      vertex -14.194221672006636 24.117620568395473 1.200000000000001
    endloop
  endfacet
  facet normal 0 0 1
    outer loop
      vertex -20 27 1.200000000000001
      vertex -14.194221672006636 24.117620568395473 1.200000000000001
      vertex -14.176942336483876 24.234108386419354 1.200000000000001
    endloop
  endfacet
  facet normal 0 0 1
    outer loop
      vertex -20 27 1.200000000000001
      vertex -14.176942336483876 24.234108386419354 1.200000000000001
      vertex -14.14832840287865 24.348341612705354 1.200000000000001
    endloop
  endfacet
  facet normal 0 0 1
    outer loop
      vertex -20 27 1.200000000000001
      vertex -14.14832840287865 24.348341612705354 1.200000000000001
      vertex -14.108655439013544 24.459220118838108 1.200000000000001
    endloop
  endfacet
  facet normal 0 0 1
    outer loop
      vertex -20 27 1.200000000000001
      vertex -13.848528137423857 23.151471862576145 1.200000000000001
      vertex -13.927612544035284 23.238728059003627 1.200000000000001
    endloop
  endfacet
  facet normal 0 0 1
    outer loop
      vertex -20 27 1.200000000000001
      vertex -13.761271940996375 23.072387455964716 1.200000000000001
      vertex -13.848528137423857 23.151471862576145 1.200000000000001
    endloop
  endfacet
  facet normal 0 0 1
    outer loop
      vertex -20 27 1.200000000000001
      vertex -14.108655439013544 24.459220118838108 1.200000000000001
      vertex -14.058305517218026 24.565676084191196 1.200000000000001
    endloop
  endfacet
  facet normal 0 0 1
    outer loop
      vertex -20 27 1.200000000000001
      vertex -14.058305517218026 24.565676084191196 1.200000000000001
      vertex -13.997763534763054 24.666684279623524 1.200000000000001
    endloop
  endfacet
  facet normal 0 0 1
    outer loop
      vertex -20 27 1.200000000000001
      vertex -13.997763534763054 24.666684279623524 1.200000000000001
      vertex -13.927612544035284 24.761271940996373 1.200000000000001
    endloop
  endfacet
  facet normal 0 0 1
    outer loop
      vertex -20 27 1.200000000000001
      vertex -13.927612544035284 24.761271940996373 1.200000000000001
      vertex -13.848528137423857 24.848528137423855 1.200000000000001
    endloop
  endfacet
  facet normal 0 0 1
    outer loop
      vertex -20 27 1.200000000000001
      vertex -13.848528137423857 24.848528137423855 1.200000000000001
      vertex -13.761271940996375 24.927612544035284 1.200000000000001
    endloop
  endfacet
  facet normal 0 0 1
    outer loop
      vertex -20 27 1.200000000000001
      vertex -13.761271940996375 24.927612544035284 1.200000000000001
      vertex -13.666684279623523 24.997763534763052 1.200000000000001
    endloop
  endfacet
  facet normal 0 0 1
    outer loop
      vertex -20 27 1.200000000000001
      vertex -13.666684279623523 24.997763534763052 1.200000000000001
      vertex -13.565676084191198 25.058305517218027 1.200000000000001
    endloop
  endfacet
  facet normal 0 0 1
    outer loop
      vertex -20 27 1.200000000000001
      vertex -13.565676084191198 25.058305517218027 1.200000000000001
      vertex -13.459220118838108 25.108655439013543 1.200000000000001
    endloop
  endfacet
  facet normal 0 0 1
    outer loop
      vertex -20 27 1.200000000000001
      vertex -13.459220118838108 25.108655439013543 1.200000000000001
      vertex -13.348341612705354 25.14832840287865 1.200000000000001
    endloop
  endfacet
  facet normal 0 0 1
    outer loop
      vertex -20 27 1.200000000000001
      vertex -13.348341612705354 25.14832840287865 1.200000000000001
      vertex -13.234108386419354 25.176942336483876 1.200000000000001
    endloop
  endfacet
  facet normal 0 0 1
    outer loop
      vertex -20 27 1.200000000000001
      vertex -13.234108386419354 25.176942336483876 1.200000000000001
      vertex -13.117620568395473 25.194221672006638 1.200000000000001
    endloop
  endfacet
  facet normal 0 0 1
    outer loop
      vertex -20 27 1.200000000000001
      vertex -13.117620568395473 25.194221672006638 1.200000000000001
      vertex -13 25.2 1.200000000000001
    endloop
  endfacet
  facet normal 0 0 1
    outer loop
      vertex -20 27 1.200000000000001
      vertex -13 25.2 1.200000000000001
      vertex -12.882379431604527 25.194221672006638 1.200000000000001
    endloop
  endfacet
  facet normal 0 0 -1
    outer loop
      vertex -17.58527096360922 29.94235584139824 0
      vertex -17.29405142366886 29.985554181039333 0
      vertex -17 30 0
    endloop
  endfacet
  facet normal -0.14673047975168185 0.989176509179146 0
    outer loop
      vertex -17.58527096360922 29.94235584139824 0
      vertex -17.29405142366886 29.985554181039333 1.200000000000001
      vertex -17.29405142366886 29.985554181039333 0
    endloop
  endfacet
  facet normal -0.049067670415704694 0.9987954563973426 0
    outer loop
      vertex -17.29405142366886 29.985554181039333 0
      vertex -17 30 1.200000000000001
      vertex -17 30 0
    endloop
  endfacet
  facet normal 0 0 -1
    outer loop
      vertex -20 27 0
      vertex -13.803635207966689 25.940147018273702 0
      vertex -13.989933147334595 25.852034655131547 0
    endloop
  endfacet
  facet normal 0 0 -1
    outer loop
      vertex -20 27 0
      vertex -13.60959782223437 26.00957470503764 0
      vertex -13.803635207966689 25.940147018273702 0
    endloop
  endfacet
  facet normal 0 0 -1
    outer loop
      vertex -20 27 0
      vertex -13.409689676233869 26.059649088846783 0
      vertex -13.60959782223437 26.00957470503764 0
    endloop
  endfacet
  facet normal 0 0 -1
    outer loop
      vertex -20 27 0
      vertex -13.205835994692077 26.089887926011613 0
      vertex -13.409689676233869 26.059649088846783 0
    endloop
  endfacet
  facet normal 0 0 -1
    outer loop
      vertex -20 27 0
      vertex -13 26.1 0
      vertex -13.205835994692077 26.089887926011613 0
    endloop
  endfacet
  facet normal -0.14673047975168185 0.989176509179146 0
    outer loop
      vertex -17.58527096360922 29.94235584139824 0
      vertex -17.58527096360922 29.94235584139824 1.200000000000001
      vertex -17.29405142366886 29.985554181039333 1.200000000000001
    endloop
  endfacet
  facet normal -0.049067670415704694 0.9987954563973426 0
    outer loop
      vertex -17.29405142366886 29.985554181039333 0
      vertex -17.29405142366886 29.985554181039333 1.200000000000001
      vertex -17 30 1.200000000000001
    endloop
  endfacet
  facet normal 0 0 1
    outer loop
      vertex -17.58527096360922 29.94235584139824 1.200000000000001
      vertex -17 30 1.200000000000001
      vertex -17.29405142366886 29.985554181039333 1.200000000000001
    endloop
  endfacet
  facet normal 0 0 -1
    outer loop
      vertex 11.51507575950825 22.51507575950825 0
      vertex -10.7660440805201 -8.461329884160593 0
      vertex -10.635973449215012 -8.186318640331779 0
    endloop
  endfacet
  facet normal 0 0 -1
    outer loop
      vertex 11.51507575950825 22.51507575950825 0
      vertex -10.635973449215012 -8.186318640331779 0
      vertex -10.533484959230153 -7.899882499488833 0
    endloop
  endfacet
  facet normal 0 0 -1
    outer loop
      vertex 11.51507575950825 22.51507575950825 0
      vertex -10.533484959230153 -7.899882499488833 0
      vertex -10.459565630749985 -7.604779998249998 0
    endloop
  endfacet
  facet normal 0 0 -1
    outer loop
      vertex 11.51507575950825 22.51507575950825 0
      vertex -10.635973449215012 -5.813681359668221 0
      vertex -10.7660440805201 -5.538670115839407 0
    endloop
  endfacet
  facet normal 0 0 -1
    outer loop
      vertex 11.51507575950825 22.51507575950825 0
      vertex -10.459565630749985 -6.395220001750002 0
      vertex -10.533484959230153 -6.100117500511167 0
    endloop
  endfacet
  facet normal 0 0 -1
    outer loop
      vertex 11.51507575950825 22.51507575950825 0
      vertex -10.533484959230153 -6.100117500511167 0
      vertex -10.635973449215012 -5.813681359668221 0
    endloop
  endfacet
  facet normal 0 0 -1
    outer loop
      vertex 11.51507575950825 22.51507575950825 0
      vertex -10.459565630749985 -7.604779998249998 0
      vertex -10.41492734731619 -7.303853135021638 0
    endloop
  endfacet
  facet normal 0 0 -1
    outer loop
      vertex 11.51507575950825 22.51507575950825 0
      vertex -10.41492734731619 -7.303853135021638 0
      vertex -10.4 -7 0
    endloop
  endfacet
  facet normal 0 0 -1
    outer loop
      vertex 11.51507575950825 22.51507575950825 0
      vertex -10.4 -7 0
      vertex -10.41492734731619 -6.696146864978362 0
    endloop
  endfacet
  facet normal 0 0 -1
    outer loop
      vertex 11.51507575950825 22.51507575950825 0
      vertex -10.41492734731619 -6.696146864978362 0
      vertex -10.459565630749985 -6.395220001750002 0
    endloop
  endfacet
  facet normal 0 0 -1
    outer loop
      vertex 11.51507575950825 22.51507575950825 0
      vertex -12.895220001750003 -3.9595656307499856 0
      vertex -13.196146864978362 -3.9149273473161896 0
    endloop
  endfacet
  facet normal 0 0 -1
    outer loop
      vertex 11.51507575950825 22.51507575950825 0
      vertex -12.600117500511168 -4.033484959230153 0
      vertex -12.895220001750003 -3.9595656307499856 0
    endloop
  endfacet
  facet normal 0 0 -1
    outer loop
      vertex 11.51507575950825 22.51507575950825 0
      vertex -12.313681359668221 -4.135973449215011 0
      vertex -12.600117500511168 -4.033484959230153 0
    endloop
  endfacet
  facet normal 0 0 -1
    outer loop
      vertex 11.51507575950825 22.51507575950825 0
      vertex -11.777732277639233 -4.42244420186211 0
      vertex -12.038670115839407 -4.2660440805201 0
    endloop
  endfacet
  facet normal 0 0 -1
    outer loop
      vertex 11.51507575950825 22.51507575950825 0
      vertex -11.533380819092699 -4.603667594575516 0
      vertex -11.777732277639233 -4.42244420186211 0
    endloop
  endfacet
  facet normal 0 0 -1
    outer loop
      vertex 11.51507575950825 22.51507575950825 0
      vertex -11.307968978321703 -4.807968978321703 0
      vertex -11.533380819092699 -4.603667594575516 0
    endloop
  endfacet
  facet normal 0 0 -1
    outer loop
      vertex 11.51507575950825 22.51507575950825 0
      vertex -12.038670115839407 -4.2660440805201 0
      vertex -12.313681359668221 -4.135973449215011 0
    endloop
  endfacet
  facet normal 0 0 -1
    outer loop
      vertex 11.51507575950825 22.51507575950825 0
      vertex -10.92244420186211 -5.277732277639233 0
      vertex -11.103667594575516 -5.033380819092699 0
    endloop
  endfacet
  facet normal 0 0 -1
    outer loop
      vertex 11.51507575950825 22.51507575950825 0
      vertex -11.103667594575516 -5.033380819092699 0
      vertex -11.307968978321703 -4.807968978321703 0
    endloop
  endfacet
  facet normal 0 0 -1
    outer loop
      vertex 11.51507575950825 22.51507575950825 0
      vertex -10.7660440805201 -5.538670115839407 0
      vertex -10.92244420186211 -5.277732277639233 0
    endloop
  endfacet
  facet normal 0 0 1
    outer loop
      vertex 19.94235584139824 27.58527096360922 1.200000000000001
      vertex -14.961329884160593 -4.2660440805201 1.200000000000001
      vertex -14.686318640331779 -4.135973449215011 1.200000000000001
    endloop
  endfacet
  facet normal 0 0 1
    outer loop
      vertex 19.94235584139824 27.58527096360922 1.200000000000001
      vertex -14.686318640331779 -4.135973449215011 1.200000000000001
      vertex -14.399882499488832 -4.033484959230153 1.200000000000001
    endloop
  endfacet
  facet normal 0 0 1
    outer loop
      vertex 19.94235584139824 27.58527096360922 1.200000000000001
      vertex -14.399882499488832 -4.033484959230153 1.200000000000001
      vertex -14.104779998249997 -3.9595656307499856 1.200000000000001
    endloop
  endfacet
  facet normal 0 0 1
    outer loop
      vertex 19.94235584139824 27.58527096360922 1.200000000000001
      vertex -14.104779998249997 -3.9595656307499856 1.200000000000001
      vertex -13.803853135021638 -3.9149273473161896 1.200000000000001
    endloop
  endfacet
  facet normal 0 0 1
    outer loop
      vertex 19.94235584139824 27.58527096360922 1.200000000000001
      vertex -10.635973449215012 -8.186318640331779 1.200000000000001
      vertex -10.7660440805201 -8.461329884160593 1.200000000000001
    endloop
  endfacet
  facet normal 0 0 1
    outer loop
      vertex 19.94235584139824 27.58527096360922 1.200000000000001
      vertex -13.803853135021638 -3.9149273473161896 1.200000000000001
      vertex -13.5 -3.9 1.200000000000001
    endloop
  endfacet
  facet normal 0 0 1
    outer loop
      vertex 19.94235584139824 27.58527096360922 1.200000000000001
      vertex -13.5 -3.9 1.200000000000001
      vertex -13.196146864978362 -3.9149273473161896 1.200000000000001
    endloop
  endfacet
  facet normal 0 0 1
    outer loop
      vertex 19.94235584139824 27.58527096360922 1.200000000000001
      vertex -13.196146864978362 -3.9149273473161896 1.200000000000001
      vertex -12.895220001750003 -3.9595656307499856 1.200000000000001
    endloop
  endfacet
  facet normal 0 0 1
    outer loop
      vertex 19.94235584139824 27.58527096360922 1.200000000000001
      vertex -12.895220001750003 -3.9595656307499856 1.200000000000001
      vertex -12.600117500511168 -4.033484959230153 1.200000000000001
    endloop
  endfacet
  facet normal 0 0 1
    outer loop
      vertex 19.94235584139824 27.58527096360922 1.200000000000001
      vertex -12.600117500511168 -4.033484959230153 1.200000000000001
      vertex -12.313681359668221 -4.135973449215011 1.200000000000001
    endloop
  endfacet
  facet normal 0 0 1
    outer loop
      vertex 19.94235584139824 27.58527096360922 1.200000000000001
      vertex -12.313681359668221 -4.135973449215011 1.200000000000001
      vertex -12.038670115839407 -4.2660440805201 1.200000000000001
    endloop
  endfacet
  facet normal 0 0 1
    outer loop
      vertex 19.94235584139824 27.58527096360922 1.200000000000001
      vertex -12.038670115839407 -4.2660440805201 1.200000000000001
      vertex -11.777732277639233 -4.42244420186211 1.200000000000001
    endloop
  endfacet
  facet normal 0 0 1
    outer loop
      vertex 19.94235584139824 27.58527096360922 1.200000000000001
      vertex -10.533484959230153 -7.899882499488833 1.200000000000001
      vertex -10.635973449215012 -8.186318640331779 1.200000000000001
    endloop
  endfacet
  facet normal 0 0 1
    outer loop
      vertex 19.94235584139824 27.58527096360922 1.200000000000001
      vertex -10.459565630749985 -7.604779998249998 1.200000000000001
      vertex -10.533484959230153 -7.899882499488833 1.200000000000001
    endloop
  endfacet
  facet normal 0 0 1
    outer loop
      vertex 19.94235584139824 27.58527096360922 1.200000000000001
      vertex -10.41492734731619 -7.303853135021638 1.200000000000001
      vertex -10.459565630749985 -7.604779998249998 1.200000000000001
    endloop
  endfacet
  facet normal 0 0 1
    outer loop
      vertex 19.94235584139824 27.58527096360922 1.200000000000001
      vertex -10.4 -7 1.200000000000001
      vertex -10.41492734731619 -7.303853135021638 1.200000000000001
    endloop
  endfacet
  facet normal 0 0 1
    outer loop
      vertex 19.94235584139824 27.58527096360922 1.200000000000001
      vertex -10.41492734731619 -6.696146864978362 1.200000000000001
      vertex -10.4 -7 1.200000000000001
    endloop
  endfacet
  facet normal 0 0 1
    outer loop
      vertex 19.94235584139824 27.58527096360922 1.200000000000001
      vertex -10.533484959230153 -6.100117500511167 1.200000000000001
      vertex -10.459565630749985 -6.395220001750002 1.200000000000001
    endloop
  endfacet
  facet normal 0 0 1
    outer loop
      vertex 19.94235584139824 27.58527096360922 1.200000000000001
      vertex -10.92244420186211 -5.277732277639233 1.200000000000001
      vertex -10.7660440805201 -5.538670115839407 1.200000000000001
    endloop
  endfacet
  facet normal 0 0 1
    outer loop
      vertex 19.94235584139824 27.58527096360922 1.200000000000001
      vertex -10.7660440805201 -5.538670115839407 1.200000000000001
      vertex -10.635973449215012 -5.813681359668221 1.200000000000001
    endloop
  endfacet
  facet normal 0 0 1
    outer loop
      vertex 19.94235584139824 27.58527096360922 1.200000000000001
      vertex -10.635973449215012 -5.813681359668221 1.200000000000001
      vertex -10.533484959230153 -6.100117500511167 1.200000000000001
    endloop
  endfacet
  facet normal 0 0 1
    outer loop
      vertex 19.94235584139824 27.58527096360922 1.200000000000001
      vertex -10.459565630749985 -6.395220001750002 1.200000000000001
      vertex -10.41492734731619 -6.696146864978362 1.200000000000001
    endloop
  endfacet
  facet normal 0 0 1
    outer loop
      vertex 19.94235584139824 27.58527096360922 1.200000000000001
      vertex -11.533380819092699 -4.603667594575516 1.200000000000001
      vertex -11.307968978321703 -4.807968978321703 1.200000000000001
    endloop
  endfacet
  facet normal 0 0 1
    outer loop
      vertex 19.94235584139824 27.58527096360922 1.200000000000001
      vertex -11.777732277639233 -4.42244420186211 1.200000000000001
      vertex -11.533380819092699 -4.603667594575516 1.200000000000001
    endloop
  endfacet
  facet normal 0 0 1
    outer loop
      vertex 19.94235584139824 27.58527096360922 1.200000000000001
      vertex -11.307968978321703 -4.807968978321703 1.200000000000001
      vertex -11.103667594575516 -5.033380819092699 1.200000000000001
    endloop
  endfacet
  facet normal 0 0 1
    outer loop
      vertex 19.94235584139824 27.58527096360922 1.200000000000001
      vertex -11.103667594575516 -5.033380819092699 1.200000000000001
      vertex -10.92244420186211 -5.277732277639233 1.200000000000001
    endloop
  endfacet
  facet normal 0 0 -1
    outer loop
      vertex -11.667774103256345 22.376678047938253 0
      vertex 11.51507575950825 22.51507575950825 0
      vertex -13.196146864978362 -3.9149273473161896 0
    endloop
  endfacet
  facet normal 0 0 1
    outer loop
      vertex -14.961329884160593 -4.2660440805201 1.200000000000001
      vertex 12.765891613580646 22.823057663516124 1.200000000000001
      vertex -12.765891613580646 22.823057663516124 1.200000000000001
    endloop
  endfacet
  facet normal 0 0 -1
    outer loop
      vertex -20 27 0
      vertex 7.215371775677416 26.1560722576129 0
      vertex -13 26.1 0
    endloop
  endfacet
  facet normal 0 0 1
    outer loop
      vertex -20 27 1.200000000000001
      vertex -12.882379431604527 25.194221672006638 1.200000000000001
      vertex 7.921586287736352 26.79614778133776 1.200000000000001
    endloop
  endfacet
  facet normal 0 0 -1
    outer loop
      vertex -13 26.1 0
      vertex 7.2 26 0
      vertex -12.794164005307923 26.089887926011613 0
    endloop
  endfacet
  facet normal 0 0 -1
    outer loop
      vertex -12.794164005307923 26.089887926011613 0
      vertex 7.2 26 0
      vertex -12.590310323766131 26.059649088846783 0
    endloop
  endfacet
  facet normal 0 0 -1
    outer loop
      vertex -12.39040217776563 26.00957470503764 0
      vertex 7.2 26 0
      vertex -12.196364792033311 25.940147018273702 0
    endloop
  endfacet
  facet normal 0 0 -1
    outer loop
      vertex -12.590310323766131 26.059649088846783 0
      vertex 7.2 26 0
      vertex -12.39040217776563 26.00957470503764 0
    endloop
  endfacet
  facet normal 0 0 -1
    outer loop
      vertex -12.196364792033311 25.940147018273702 0
      vertex 7.2038522186622425 25.92158628773635 0
      vertex -12.010066852665405 25.852034655131547 0
    endloop
  endfacet
  facet normal 0 0 -1
    outer loop
      vertex -11.253913814164655 25.166697489341164 0
      vertex -11.376678047938253 25.332225896743655 0
      vertex 7.622882610539202 25.294462988521317 0
    endloop
  endfacet
  facet normal 0 0 -1
    outer loop
      vertex -11.833302510658836 25.746086185835345 0
      vertex 7.26089637399097 25.69385325410793 0
      vertex -11.667774103256345 25.623321952061747 0
    endloop
  endfacet
  facet normal 0 0 -1
    outer loop
      vertex -12.010066852665405 25.852034655131547 0
      vertex 7.215371775677416 25.8439277423871 0
      vertex -11.833302510658836 25.746086185835345 0
    endloop
  endfacet
  facet normal 0 0 -1
    outer loop
      vertex -11.667774103256345 25.623321952061747 0
      vertex 7.294462988521316 25.6228826105392 0
      vertex -11.51507575950825 25.48492424049175 0
    endloop
  endfacet
  facet normal 0 0 -1
    outer loop
      vertex -11.51507575950825 25.48492424049175 0
      vertex 7.434314575050762 25.434314575050763 0
      vertex -11.376678047938253 25.332225896743655 0
    endloop
  endfacet
  facet normal 0 0 -1
    outer loop
      vertex -20 27 0
      vertex -19.985554181039333 27.29405142366886 0
      vertex 19.87082100659609 27.870854035019875 0
    endloop
  endfacet
  facet normal 0 0 -1
    outer loop
      vertex -19.985554181039333 27.29405142366886 0
      vertex -19.94235584139824 27.58527096360922 0
      vertex 19.771638594567776 28.14805030077696 0
    endloop
  endfacet
  facet normal 0 0 -1
    outer loop
      vertex -19.94235584139824 27.58527096360922 0
      vertex -19.87082100659609 27.870854035019875 0
      vertex 19.64576379209757 28.414190210402012 0
    endloop
  endfacet
  facet normal 0 0 -1
    outer loop
      vertex -19.87082100659609 27.870854035019875 0
      vertex -19.771638594567776 28.14805030077696 0
      vertex 19.49440883845091 28.666710697114468 0
    endloop
  endfacet
  facet normal 0 0 -1
    outer loop
      vertex -19.771638594567776 28.14805030077696 0
      vertex -19.64576379209757 28.414190210402012 0
      vertex 19.319031357765198 28.903179854154587 0
    endloop
  endfacet
  facet normal 0 0 -1
    outer loop
      vertex -19.64576379209757 28.414190210402012 0
      vertex -19.49440883845091 28.666710697114468 0
      vertex 19.121320344507694 29.121320344507694 0
    endloop
  endfacet
  facet normal 0 0 -1
    outer loop
      vertex -19.49440883845091 28.666710697114468 0
      vertex -19.319031357765198 28.903179854154587 0
      vertex 18.903179854154587 29.319031357765198 0
    endloop
  endfacet
  facet normal 0 0 -1
    outer loop
      vertex -19.319031357765198 28.903179854154587 0
      vertex -19.121320344507694 29.121320344507694 0
      vertex 18.666710697114468 29.49440883845091 0
    endloop
  endfacet
  facet normal 0 0 -1
    outer loop
      vertex -19.121320344507694 29.121320344507694 0
      vertex -18.903179854154587 29.319031357765198 0
      vertex 18.414190210402012 29.64576379209757 0
    endloop
  endfacet
  facet normal 0 0 -1
    outer loop
      vertex -18.903179854154587 29.319031357765198 0
      vertex -18.666710697114468 29.49440883845091 0
      vertex 18.14805030077696 29.771638594567776 0
    endloop
  endfacet
  facet normal 0 0 -1
    outer loop
      vertex -18.666710697114468 29.49440883845091 0
      vertex -18.414190210402012 29.64576379209757 0
      vertex 17.870854035019875 29.87082100659609 0
    endloop
  endfacet
  facet normal 0 0 -1
    outer loop
      vertex -18.414190210402012 29.64576379209757 0
      vertex -18.14805030077696 29.771638594567776 0
      vertex 17.58527096360922 29.94235584139824 0
    endloop
  endfacet
  facet normal 0 0 -1
    outer loop
      vertex -18.14805030077696 29.771638594567776 0
      vertex -17.870854035019875 29.87082100659609 0
      vertex 17.29405142366886 29.985554181039333 0
    endloop
  endfacet
  facet normal 0 0 -1
    outer loop
      vertex -17.870854035019875 29.87082100659609 0
      vertex -17.58527096360922 29.94235584139824 0
      vertex 17 30 0
    endloop
  endfacet
  facet normal 0 0 -1
    outer loop
      vertex -17.58527096360922 29.94235584139824 0
      vertex -17 30 0
      vertex 17 30 0
    endloop
  endfacet
  facet normal 0 0 1
    outer loop
      vertex -20 27 1.200000000000001
      vertex 19.87082100659609 27.870854035019875 1.200000000000001
      vertex -19.985554181039333 27.29405142366886 1.200000000000001
    endloop
  endfacet
  facet normal 0 0 1
    outer loop
      vertex -19.985554181039333 27.29405142366886 1.200000000000001
      vertex 19.771638594567776 28.14805030077696 1.200000000000001
      vertex -19.94235584139824 27.58527096360922 1.200000000000001
    endloop
  endfacet
  facet normal 0 0 1
    outer loop
      vertex -19.94235584139824 27.58527096360922 1.200000000000001
      vertex 19.64576379209757 28.414190210402012 1.200000000000001
      vertex -19.87082100659609 27.870854035019875 1.200000000000001
    endloop
  endfacet
  facet normal 0 0 1
    outer loop
      vertex -19.87082100659609 27.870854035019875 1.200000000000001
      vertex 19.49440883845091 28.666710697114468 1.200000000000001
      vertex -19.771638594567776 28.14805030077696 1.200000000000001
    endloop
  endfacet
  facet normal 0 0 1
    outer loop
      vertex -19.771638594567776 28.14805030077696 1.200000000000001
      vertex 19.319031357765198 28.903179854154587 1.200000000000001
      vertex -19.64576379209757 28.414190210402012 1.200000000000001
    endloop
  endfacet
  facet normal 0 0 1
    outer loop
      vertex -19.64576379209757 28.414190210402012 1.200000000000001
      vertex 19.121320344507694 29.121320344507694 1.200000000000001
      vertex -19.49440883845091 28.666710697114468 1.200000000000001
    endloop
  endfacet
  facet normal 0 0 1
    outer loop
      vertex -19.49440883845091 28.666710697114468 1.200000000000001
      vertex 18.903179854154587 29.319031357765198 1.200000000000001
      vertex -19.319031357765198 28.903179854154587 1.200000000000001
    endloop
  endfacet
  facet normal 0 0 1
    outer loop
      vertex -19.319031357765198 28.903179854154587 1.200000000000001
      vertex 18.666710697114468 29.49440883845091 1.200000000000001
      vertex -19.121320344507694 29.121320344507694 1.200000000000001
    endloop
  endfacet
  facet normal 0 0 1
    outer loop
      vertex -19.121320344507694 29.121320344507694 1.200000000000001
      vertex 18.414190210402012 29.64576379209757 1.200000000000001
      vertex -18.903179854154587 29.319031357765198 1.200000000000001
    endloop
  endfacet
  facet normal 0 0 1
    outer loop
      vertex -18.903179854154587 29.319031357765198 1.200000000000001
      vertex 18.14805030077696 29.771638594567776 1.200000000000001
      vertex -18.666710697114468 29.49440883845091 1.200000000000001
    endloop
  endfacet
  facet normal 0 0 1
    outer loop
      vertex -18.666710697114468 29.49440883845091 1.200000000000001
      vertex 17.870854035019875 29.87082100659609 1.200000000000001
      vertex -18.414190210402012 29.64576379209757 1.200000000000001
    endloop
  endfacet
  facet normal 0 0 1
    outer loop
      vertex -18.414190210402012 29.64576379209757 1.200000000000001
      vertex 17.58527096360922 29.94235584139824 1.200000000000001
      vertex -18.14805030077696 29.771638594567776 1.200000000000001
    endloop
  endfacet
  facet normal 0 1 0
    outer loop
      vertex -17 30 0
      vertex -17 30 1.200000000000001
      vertex 17 30 1.200000000000001
    endloop
  endfacet
  facet normal 0 0 1
    outer loop
      vertex -18.14805030077696 29.771638594567776 1.200000000000001
      vertex 17.29405142366886 29.985554181039333 1.200000000000001
      vertex -17.870854035019875 29.87082100659609 1.200000000000001
    endloop
  endfacet
  facet normal 0 0 1
    outer loop
      vertex -17.870854035019875 29.87082100659609 1.200000000000001
      vertex 17 30 1.200000000000001
      vertex -17.58527096360922 29.94235584139824 1.200000000000001
    endloop
  endfacet
  facet normal 0 0 1
    outer loop
      vertex -17.58527096360922 29.94235584139824 1.200000000000001
      vertex 17 30 1.200000000000001
      vertex -17 30 1.200000000000001
    endloop
  endfacet
  facet normal 0 0 -1
    outer loop
      vertex -11.667774103256345 22.376678047938253 0
      vertex -11.51507575950825 22.51507575950825 0
      vertex 11.51507575950825 22.51507575950825 0
    endloop
  endfacet
  facet normal 0 0 -1
    outer loop
      vertex -11.51507575950825 22.51507575950825 0
      vertex -11.376678047938253 22.667774103256345 0
      vertex 11.376678047938253 22.667774103256345 0
    endloop
  endfacet
  facet normal 0 0 -1
    outer loop
      vertex -11.376678047938253 22.667774103256345 0
      vertex -11.253913814164655 22.833302510658836 0
      vertex 11.253913814164655 22.833302510658836 0
    endloop
  endfacet
  facet normal 0 0 -1
    outer loop
      vertex -11.253913814164655 22.833302510658836 0
      vertex -11.147965344868455 23.010066852665403 0
      vertex 11.147965344868455 23.010066852665403 0
    endloop
  endfacet
  facet normal 0 0 -1
    outer loop
      vertex -11.147965344868455 23.010066852665403 0
      vertex -11.059852981726298 23.19636479203331 0
      vertex 11.059852981726298 23.19636479203331 0
    endloop
  endfacet
  facet normal 0 0 -1
    outer loop
      vertex -11.059852981726298 23.19636479203331 0
      vertex -10.99042529496236 23.39040217776563 0
      vertex 10.99042529496236 23.39040217776563 0
    endloop
  endfacet
  facet normal 0 0 -1
    outer loop
      vertex -10.99042529496236 23.39040217776563 0
      vertex -10.940350911153216 23.59031032376613 0
      vertex 10.940350911153216 23.59031032376613 0
    endloop
  endfacet
  facet normal 0 0 -1
    outer loop
      vertex -10.940350911153216 23.59031032376613 0
      vertex -10.910112073988387 23.794164005307923 0
      vertex 10.910112073988387 23.794164005307923 0
    endloop
  endfacet
  facet normal 0 0 -1
    outer loop
      vertex -10.910112073988387 23.794164005307923 0
      vertex -10.9 24 0
      vertex 10.9 24 0
    endloop
  endfacet
  facet normal 0 0 -1
    outer loop
      vertex -10.9 24 0
      vertex -10.910112073988387 24.205835994692077 0
      vertex 10.910112073988387 24.205835994692077 0
    endloop
  endfacet
  facet normal 0 0 -1
    outer loop
      vertex -10.910112073988387 24.205835994692077 0
      vertex -10.940350911153216 24.40968967623387 0
      vertex 10.940350911153216 24.40968967623387 0
    endloop
  endfacet
  facet normal 0 0 -1
    outer loop
      vertex -10.940350911153216 24.40968967623387 0
      vertex -10.99042529496236 24.60959782223437 0
      vertex 10.99042529496236 24.60959782223437 0
    endloop
  endfacet
  facet normal 0 0 -1
    outer loop
      vertex -11.059852981726298 24.80363520796669 0
      vertex 11.059852981726298 24.80363520796669 0
      vertex -10.99042529496236 24.60959782223437 0
    endloop
  endfacet
  facet normal 0 0 -1
    outer loop
      vertex -11.059852981726298 24.80363520796669 0
      vertex -11.147965344868455 24.989933147334597 0
      vertex 11.147965344868455 24.989933147334597 0
    endloop
  endfacet
  facet normal 0 0 -1
    outer loop
      vertex -11.253913814164655 25.166697489341164 0
      vertex 11.253913814164655 25.166697489341164 0
      vertex -11.147965344868455 24.989933147334597 0
    endloop
  endfacet
  facet normal 0 0 1
    outer loop
      vertex -12.651658387294646 22.85167159712135 1.200000000000001
      vertex -12.765891613580646 22.823057663516124 1.200000000000001
      vertex 12.651658387294646 22.85167159712135 1.200000000000001
    endloop
  endfacet
  facet normal 0 0 1
    outer loop
      vertex -12.540779881161892 22.891344560986457 1.200000000000001
      vertex -12.651658387294646 22.85167159712135 1.200000000000001
      vertex 12.540779881161892 22.891344560986457 1.200000000000001
    endloop
  endfacet
  facet normal 0 0 1
    outer loop
      vertex -12.434323915808802 22.941694482781973 1.200000000000001
      vertex -12.540779881161892 22.891344560986457 1.200000000000001
      vertex 12.434323915808802 22.941694482781973 1.200000000000001
    endloop
  endfacet
  facet normal 0 0 1
    outer loop
      vertex -12.333315720376477 23.002236465236948 1.200000000000001
      vertex -12.434323915808802 22.941694482781973 1.200000000000001
      vertex 12.333315720376477 23.002236465236948 1.200000000000001
    endloop
  endfacet
  facet normal 0 0 1
    outer loop
      vertex -12.238728059003625 23.072387455964716 1.200000000000001
      vertex -12.333315720376477 23.002236465236948 1.200000000000001
      vertex 12.238728059003625 23.072387455964716 1.200000000000001
    endloop
  endfacet
  facet normal 0 0 1
    outer loop
      vertex -12.151471862576143 23.151471862576145 1.200000000000001
      vertex -12.238728059003625 23.072387455964716 1.200000000000001
      vertex 12.151471862576143 23.151471862576145 1.200000000000001
    endloop
  endfacet
  facet normal 0 0 1
    outer loop
      vertex -12.151471862576143 23.151471862576145 1.200000000000001
      vertex 12.072387455964716 23.238728059003627 1.200000000000001
      vertex -12.072387455964716 23.238728059003627 1.200000000000001
    endloop
  endfacet
  facet normal 0 0 1
    outer loop
      vertex -12.072387455964716 23.238728059003627 1.200000000000001
      vertex 12.002236465236946 23.333315720376476 1.200000000000001
      vertex -12.002236465236946 23.333315720376476 1.200000000000001
    endloop
  endfacet
  facet normal 0 0 1
    outer loop
      vertex -12.002236465236946 23.333315720376476 1.200000000000001
      vertex 11.8 24 1.200000000000001
      vertex -11.941694482781974 23.434323915808804 1.200000000000001
    endloop
  endfacet
  facet normal 0 0 1
    outer loop
      vertex -11.941694482781974 23.434323915808804 1.200000000000001
      vertex 11.8 24 1.200000000000001
      vertex -11.891344560986456 23.540779881161892 1.200000000000001
    endloop
  endfacet
  facet normal 0 0 1
    outer loop
      vertex -11.891344560986456 23.540779881161892 1.200000000000001
      vertex 11.8 24 1.200000000000001
      vertex -11.85167159712135 23.651658387294646 1.200000000000001
    endloop
  endfacet
  facet normal 0 0 1
    outer loop
      vertex -11.85167159712135 23.651658387294646 1.200000000000001
      vertex 11.8 24 1.200000000000001
      vertex -11.823057663516124 23.765891613580646 1.200000000000001
    endloop
  endfacet
  facet normal 0 0 1
    outer loop
      vertex -11.823057663516124 23.765891613580646 1.200000000000001
      vertex 11.8 24 1.200000000000001
      vertex -11.805778327993364 23.882379431604527 1.200000000000001
    endloop
  endfacet
  facet normal 0 0 1
    outer loop
      vertex -11.805778327993364 23.882379431604527 1.200000000000001
      vertex 11.8 24 1.200000000000001
      vertex -11.8 24 1.200000000000001
    endloop
  endfacet
  facet normal 0 0 1
    outer loop
      vertex -11.8 24 1.200000000000001
      vertex 11.8 24 1.200000000000001
      vertex -11.805778327993364 24.117620568395473 1.200000000000001
    endloop
  endfacet
  facet normal 0 0 1
    outer loop
      vertex -11.805778327993364 24.117620568395473 1.200000000000001
      vertex 11.8 24 1.200000000000001
      vertex -11.823057663516124 24.234108386419354 1.200000000000001
    endloop
  endfacet
  facet normal 0 0 1
    outer loop
      vertex -11.891344560986456 24.459220118838108 1.200000000000001
      vertex 11.8 24 1.200000000000001
      vertex -11.941694482781974 24.565676084191196 1.200000000000001
    endloop
  endfacet
  facet normal 0 0 1
    outer loop
      vertex -11.823057663516124 24.234108386419354 1.200000000000001
      vertex 11.8 24 1.200000000000001
      vertex -11.85167159712135 24.348341612705354 1.200000000000001
    endloop
  endfacet
  facet normal 0 0 1
    outer loop
      vertex -11.85167159712135 24.348341612705354 1.200000000000001
      vertex 11.8 24 1.200000000000001
      vertex -11.891344560986456 24.459220118838108 1.200000000000001
    endloop
  endfacet
  facet normal 0 0 1
    outer loop
      vertex -12.882379431604527 25.194221672006638 1.200000000000001
      vertex -12.765891613580646 25.176942336483876 1.200000000000001
      vertex 12.333315720376477 24.997763534763052 1.200000000000001
    endloop
  endfacet
  facet normal 0 0 1
    outer loop
      vertex -12.002236465236946 24.666684279623524 1.200000000000001
      vertex 11.823057663516124 24.234108386419354 1.200000000000001
      vertex -12.072387455964716 24.761271940996373 1.200000000000001
    endloop
  endfacet
  facet normal 0 0 1
    outer loop
      vertex -12.765891613580646 25.176942336483876 1.200000000000001
      vertex -12.651658387294646 25.14832840287865 1.200000000000001
      vertex 12.333315720376477 24.997763534763052 1.200000000000001
    endloop
  endfacet
  facet normal 0 0 1
    outer loop
      vertex -12.651658387294646 25.14832840287865 1.200000000000001
      vertex -12.540779881161892 25.108655439013543 1.200000000000001
      vertex 12.333315720376477 24.997763534763052 1.200000000000001
    endloop
  endfacet
  facet normal 0 0 1
    outer loop
      vertex -12.540779881161892 25.108655439013543 1.200000000000001
      vertex -12.434323915808802 25.058305517218027 1.200000000000001
      vertex 12.333315720376477 24.997763534763052 1.200000000000001
    endloop
  endfacet
  facet normal 0 0 1
    outer loop
      vertex -12.434323915808802 25.058305517218027 1.200000000000001
      vertex -12.333315720376477 24.997763534763052 1.200000000000001
      vertex 12.333315720376477 24.997763534763052 1.200000000000001
    endloop
  endfacet
  facet normal 0 0 1
    outer loop
      vertex -12.333315720376477 24.997763534763052 1.200000000000001
      vertex -12.238728059003625 24.927612544035284 1.200000000000001
      vertex 12.333315720376477 24.997763534763052 1.200000000000001
    endloop
  endfacet
  facet normal 0 0 1
    outer loop
      vertex -11.941694482781974 24.565676084191196 1.200000000000001
      vertex 11.8 24 1.200000000000001
      vertex -12.002236465236946 24.666684279623524 1.200000000000001
    endloop
  endfacet
  facet normal 0 0 1
    outer loop
      vertex -12.072387455964716 24.761271940996373 1.200000000000001
      vertex 12.151471862576143 24.848528137423855 1.200000000000001
      vertex -12.151471862576143 24.848528137423855 1.200000000000001
    endloop
  endfacet
  facet normal 0 0 1
    outer loop
      vertex -12.238728059003625 24.927612544035284 1.200000000000001
      vertex -12.151471862576143 24.848528137423855 1.200000000000001
      vertex 12.238728059003625 24.927612544035284 1.200000000000001
    endloop
  endfacet
  facet normal 0 0 -1
    outer loop
      vertex -20 27 0
      vertex 7.234447731414233 26.23222774180357 0
      vertex 7.215371775677416 26.1560722576129 0
    endloop
  endfacet
  facet normal 0 0 -1
    outer loop
      vertex -20 27 0
      vertex 7.26089637399097 26.30614674589207 0
      vertex 7.234447731414233 26.23222774180357 0
    endloop
  endfacet
  facet normal 0 0 -1
    outer loop
      vertex -20 27 0
      vertex 7.294462988521316 26.3771173894608 0
      vertex 7.26089637399097 26.30614674589207 0
    endloop
  endfacet
  facet normal 0 0 -1
    outer loop
      vertex -20 27 0
      vertex 7.3348243101579635 26.44445618641568 0
      vertex 7.294462988521316 26.3771173894608 0
    endloop
  endfacet
  facet normal 0 0 -1
    outer loop
      vertex -20 27 0
      vertex 7.3815916373098105 26.507514627330917 0
      vertex 7.3348243101579635 26.44445618641568 0
    endloop
  endfacet
  facet normal 0 0 -1
    outer loop
      vertex -20 27 0
      vertex 7.434314575050762 26.565685424949237 0
      vertex 7.3815916373098105 26.507514627330917 0
    endloop
  endfacet
  facet normal 0 0 -1
    outer loop
      vertex -20 27 0
      vertex 7.492485372669083 26.61840836269019 0
      vertex 7.434314575050762 26.565685424949237 0
    endloop
  endfacet
  facet normal 0 0 -1
    outer loop
      vertex -20 27 0
      vertex 7.555543813584318 26.665175689842037 0
      vertex 7.492485372669083 26.61840836269019 0
    endloop
  endfacet
  facet normal 0 0 -1
    outer loop
      vertex -20 27 0
      vertex 7.622882610539202 26.705537011478683 0
      vertex 7.555543813584318 26.665175689842037 0
    endloop
  endfacet
  facet normal 0 0 -1
    outer loop
      vertex -20 27 0
      vertex 7.693853254107928 26.73910362600903 0
      vertex 7.622882610539202 26.705537011478683 0
    endloop
  endfacet
  facet normal 0 0 -1
    outer loop
      vertex -20 27 0
      vertex 7.76777225819643 26.76555226858577 0
      vertex 7.693853254107928 26.73910362600903 0
    endloop
  endfacet
  facet normal 0 0 -1
    outer loop
      vertex -20 27 0
      vertex 7.8439277423870974 26.784628224322585 0
      vertex 7.76777225819643 26.76555226858577 0
    endloop
  endfacet
  facet normal 0 0 -1
    outer loop
      vertex -20 27 0
      vertex 7.921586287736352 26.79614778133776 0
      vertex 7.8439277423870974 26.784628224322585 0
    endloop
  endfacet
  facet normal 0 0 1
    outer loop
      vertex -20 27 1.200000000000001
      vertex 7.921586287736352 26.79614778133776 1.200000000000001
      vertex 8 26.8 1.200000000000001
    endloop
  endfacet
  facet normal 0 0 -1
    outer loop
      vertex -19.94235584139824 -27.58527096360922 0
      vertex 11.533380819092699 -6.396332405424484 0
      vertex 20 -27 0
    endloop
  endfacet
  facet normal 0 0 1
    outer loop
      vertex -19.94235584139824 -27.58527096360922 1.200000000000001
      vertex 20 -27 1.200000000000001
      vertex 13.803853135021638 -7.08507265268381 1.200000000000001
    endloop
  endfacet
  facet normal 0 0 -1
    outer loop
      vertex -17 -30 0
      vertex 17.58527096360922 -29.94235584139824 0
      vertex 17 -30 0
    endloop
  endfacet
  facet normal 0 0 -1
    outer loop
      vertex -17 -30 0
      vertex 17.870854035019875 -29.87082100659609 0
      vertex 17.58527096360922 -29.94235584139824 0
    endloop
  endfacet
  facet normal 0 0 -1
    outer loop
      vertex -17.29405142366886 -29.985554181039333 0
      vertex 18.14805030077696 -29.771638594567776 0
      vertex 17.870854035019875 -29.87082100659609 0
    endloop
  endfacet
  facet normal 0 0 -1
    outer loop
      vertex -17.58527096360922 -29.94235584139824 0
      vertex 18.414190210402012 -29.64576379209757 0
      vertex 18.14805030077696 -29.771638594567776 0
    endloop
  endfacet
  facet normal 0 0 -1
    outer loop
      vertex -17.870854035019875 -29.87082100659609 0
      vertex 18.666710697114468 -29.49440883845091 0
      vertex 18.414190210402012 -29.64576379209757 0
    endloop
  endfacet
  facet normal 0 0 -1
    outer loop
      vertex -18.14805030077696 -29.771638594567776 0
      vertex 18.903179854154587 -29.319031357765198 0
      vertex 18.666710697114468 -29.49440883845091 0
    endloop
  endfacet
  facet normal 0 0 -1
    outer loop
      vertex -18.414190210402012 -29.64576379209757 0
      vertex 19.121320344507694 -29.121320344507694 0
      vertex 18.903179854154587 -29.319031357765198 0
    endloop
  endfacet
  facet normal 0 0 -1
    outer loop
      vertex -18.666710697114468 -29.49440883845091 0
      vertex 19.319031357765198 -28.903179854154587 0
      vertex 19.121320344507694 -29.121320344507694 0
    endloop
  endfacet
  facet normal 0 0 -1
    outer loop
      vertex -18.903179854154587 -29.319031357765198 0
      vertex 19.49440883845091 -28.666710697114468 0
      vertex 19.319031357765198 -28.903179854154587 0
    endloop
  endfacet
  facet normal 0 0 -1
    outer loop
      vertex -19.121320344507694 -29.121320344507694 0
      vertex 19.64576379209757 -28.414190210402012 0
      vertex 19.49440883845091 -28.666710697114468 0
    endloop
  endfacet
  facet normal 0 0 -1
    outer loop
      vertex -19.319031357765198 -28.903179854154587 0
      vertex 19.771638594567776 -28.14805030077696 0
      vertex 19.64576379209757 -28.414190210402012 0
    endloop
  endfacet
  facet normal 0 0 -1
    outer loop
      vertex -19.49440883845091 -28.666710697114468 0
      vertex 19.87082100659609 -27.870854035019875 0
      vertex 19.771638594567776 -28.14805030077696 0
    endloop
  endfacet
  facet normal 0 0 -1
    outer loop
      vertex -19.64576379209757 -28.414190210402012 0
      vertex 19.94235584139824 -27.58527096360922 0
      vertex 19.87082100659609 -27.870854035019875 0
    endloop
  endfacet
  facet normal 0 0 -1
    outer loop
      vertex -19.771638594567776 -28.14805030077696 0
      vertex 19.985554181039333 -27.29405142366886 0
      vertex 19.94235584139824 -27.58527096360922 0
    endloop
  endfacet
  facet normal 0 0 -1
    outer loop
      vertex -19.87082100659609 -27.870854035019875 0
      vertex 20 -27 0
      vertex 19.985554181039333 -27.29405142366886 0
    endloop
  endfacet
  facet normal 0 -1 0
    outer loop
      vertex -17 -30 1.200000000000001
      vertex 17 -30 0
      vertex 17 -30 1.200000000000001
    endloop
  endfacet
  facet normal 0 0 1
    outer loop
      vertex -17 -30 1.200000000000001
      vertex 17 -30 1.200000000000001
      vertex 17.58527096360922 -29.94235584139824 1.200000000000001
    endloop
  endfacet
  facet normal 0 0 1
    outer loop
      vertex -17 -30 1.200000000000001
      vertex 17.58527096360922 -29.94235584139824 1.200000000000001
      vertex 17.870854035019875 -29.87082100659609 1.200000000000001
    endloop
  endfacet
  facet normal 0 0 1
    outer loop
      vertex -17.29405142366886 -29.985554181039333 1.200000000000001
      vertex 17.870854035019875 -29.87082100659609 1.200000000000001
      vertex 18.14805030077696 -29.771638594567776 1.200000000000001
    endloop
  endfacet
  facet normal 0 0 1
    outer loop
      vertex -17.58527096360922 -29.94235584139824 1.200000000000001
      vertex 18.14805030077696 -29.771638594567776 1.200000000000001
      vertex 18.414190210402012 -29.64576379209757 1.200000000000001
    endloop
  endfacet
  facet normal 0 0 1
    outer loop
      vertex -17.870854035019875 -29.87082100659609 1.200000000000001
      vertex 18.414190210402012 -29.64576379209757 1.200000000000001
      vertex 18.666710697114468 -29.49440883845091 1.200000000000001
    endloop
  endfacet
  facet normal 0 0 1
    outer loop
      vertex -18.14805030077696 -29.771638594567776 1.200000000000001
      vertex 18.666710697114468 -29.49440883845091 1.200000000000001
      vertex 18.903179854154587 -29.319031357765198 1.200000000000001
    endloop
  endfacet
  facet normal 0 0 1
    outer loop
      vertex -18.414190210402012 -29.64576379209757 1.200000000000001
      vertex 18.903179854154587 -29.319031357765198 1.200000000000001
      vertex 19.121320344507694 -29.121320344507694 1.200000000000001
    endloop
  endfacet
  facet normal 0 0 1
    outer loop
      vertex -18.666710697114468 -29.49440883845091 1.200000000000001
      vertex 19.121320344507694 -29.121320344507694 1.200000000000001
      vertex 19.319031357765198 -28.903179854154587 1.200000000000001
    endloop
  endfacet
  facet normal 0 0 1
    outer loop
      vertex -18.903179854154587 -29.319031357765198 1.200000000000001
      vertex 19.319031357765198 -28.903179854154587 1.200000000000001
      vertex 19.49440883845091 -28.666710697114468 1.200000000000001
    endloop
  endfacet
  facet normal 0 0 1
    outer loop
      vertex -19.121320344507694 -29.121320344507694 1.200000000000001
      vertex 19.49440883845091 -28.666710697114468 1.200000000000001
      vertex 19.64576379209757 -28.414190210402012 1.200000000000001
    endloop
  endfacet
  facet normal 0 0 1
    outer loop
      vertex -19.319031357765198 -28.903179854154587 1.200000000000001
      vertex 19.64576379209757 -28.414190210402012 1.200000000000001
      vertex 19.771638594567776 -28.14805030077696 1.200000000000001
    endloop
  endfacet
  facet normal 0 0 1
    outer loop
      vertex -19.49440883845091 -28.666710697114468 1.200000000000001
      vertex 19.771638594567776 -28.14805030077696 1.200000000000001
      vertex 19.87082100659609 -27.870854035019875 1.200000000000001
    endloop
  endfacet
  facet normal 0 0 1
    outer loop
      vertex -19.64576379209757 -28.414190210402012 1.200000000000001
      vertex 19.87082100659609 -27.870854035019875 1.200000000000001
      vertex 19.94235584139824 -27.58527096360922 1.200000000000001
    endloop
  endfacet
  facet normal 0 0 1
    outer loop
      vertex -19.771638594567776 -28.14805030077696 1.200000000000001
      vertex 19.94235584139824 -27.58527096360922 1.200000000000001
      vertex 19.985554181039333 -27.29405142366886 1.200000000000001
    endloop
  endfacet
  facet normal 0 0 1
    outer loop
      vertex -19.87082100659609 -27.870854035019875 1.200000000000001
      vertex 19.985554181039333 -27.29405142366886 1.200000000000001
      vertex 20 -27 1.200000000000001
    endloop
  endfacet
  facet normal 0 0 -1
    outer loop
      vertex -19.94235584139824 -27.58527096360922 0
      vertex 11.103667594575516 -5.966619180907301 0
      vertex 11.307968978321703 -6.192031021678297 0
    endloop
  endfacet
  facet normal 0 0 -1
    outer loop
      vertex -19.94235584139824 -27.58527096360922 0
      vertex 11.307968978321703 -6.192031021678297 0
      vertex 11.533380819092699 -6.396332405424484 0
    endloop
  endfacet
  facet normal 0 0 -1
    outer loop
      vertex -19.94235584139824 -27.58527096360922 0
      vertex 10.7660440805201 -5.461329884160593 0
      vertex 10.92244420186211 -5.722267722360767 0
    endloop
  endfacet
  facet normal 0 0 -1
    outer loop
      vertex -19.94235584139824 -27.58527096360922 0
      vertex 10.635973449215012 -5.186318640331779 0
      vertex 10.7660440805201 -5.461329884160593 0
    endloop
  endfacet
  facet normal 0 0 -1
    outer loop
      vertex -19.94235584139824 -27.58527096360922 0
      vertex 10.533484959230153 -4.899882499488833 0
      vertex 10.635973449215012 -5.186318640331779 0
    endloop
  endfacet
  facet normal 0 0 -1
    outer loop
      vertex -19.94235584139824 -27.58527096360922 0
      vertex 10.459565630749985 -4.604779998249998 0
      vertex 10.533484959230153 -4.899882499488833 0
    endloop
  endfacet
  facet normal 0 0 -1
    outer loop
      vertex -19.94235584139824 -27.58527096360922 0
      vertex 10.41492734731619 -4.303853135021638 0
      vertex 10.459565630749985 -4.604779998249998 0
    endloop
  endfacet
  facet normal 0 0 -1
    outer loop
      vertex -19.94235584139824 -27.58527096360922 0
      vertex 10.4 -4 0
      vertex 10.41492734731619 -4.303853135021638 0
    endloop
  endfacet
  facet normal 0 0 -1
    outer loop
      vertex -19.94235584139824 -27.58527096360922 0
      vertex 10.92244420186211 -5.722267722360767 0
      vertex 11.103667594575516 -5.966619180907301 0
    endloop
  endfacet
  facet normal 0 0 1
    outer loop
      vertex -19.94235584139824 -27.58527096360922 1.200000000000001
      vertex 11.307968978321703 -6.192031021678297 1.200000000000001
      vertex 11.103667594575516 -5.966619180907301 1.200000000000001
    endloop
  endfacet
  facet normal 0 0 1
    outer loop
      vertex -19.94235584139824 -27.58527096360922 1.200000000000001
      vertex 11.533380819092699 -6.396332405424484 1.200000000000001
      vertex 11.307968978321703 -6.192031021678297 1.200000000000001
    endloop
  endfacet
  facet normal 0 0 1
    outer loop
      vertex -19.94235584139824 -27.58527096360922 1.200000000000001
      vertex 11.777732277639233 -6.57755579813789 1.200000000000001
      vertex 11.533380819092699 -6.396332405424484 1.200000000000001
    endloop
  endfacet
  facet normal 0 0 1
    outer loop
      vertex -19.94235584139824 -27.58527096360922 1.200000000000001
      vertex 10.92244420186211 -5.722267722360767 1.200000000000001
      vertex 10.7660440805201 -5.461329884160593 1.200000000000001
    endloop
  endfacet
  facet normal 0 0 1
    outer loop
      vertex -19.94235584139824 -27.58527096360922 1.200000000000001
      vertex 10.7660440805201 -5.461329884160593 1.200000000000001
      vertex 10.635973449215012 -5.186318640331779 1.200000000000001
    endloop
  endfacet
  facet normal 0 0 1
    outer loop
      vertex -19.94235584139824 -27.58527096360922 1.200000000000001
      vertex 10.635973449215012 -5.186318640331779 1.200000000000001
      vertex 10.533484959230153 -4.899882499488833 1.200000000000001
    endloop
  endfacet
  facet normal 0 0 1
    outer loop
      vertex -19.94235584139824 -27.58527096360922 1.200000000000001
      vertex 10.533484959230153 -4.899882499488833 1.200000000000001
      vertex 10.459565630749985 -4.604779998249998 1.200000000000001
    endloop
  endfacet
  facet normal 0 0 1
    outer loop
      vertex -19.94235584139824 -27.58527096360922 1.200000000000001
      vertex 10.459565630749985 -4.604779998249998 1.200000000000001
      vertex 10.41492734731619 -4.303853135021638 1.200000000000001
    endloop
  endfacet
  facet normal 0 0 1
    outer loop
      vertex -19.94235584139824 -27.58527096360922 1.200000000000001
      vertex 10.41492734731619 -4.303853135021638 1.200000000000001
      vertex 10.4 -4 1.200000000000001
    endloop
  endfacet
  facet normal 0 0 1
    outer loop
      vertex -19.94235584139824 -27.58527096360922 1.200000000000001
      vertex 10.4 -4 1.200000000000001
      vertex 10.41492734731619 -3.696146864978362 1.200000000000001
    endloop
  endfacet
  facet normal 0 0 1
    outer loop
      vertex -19.94235584139824 -27.58527096360922 1.200000000000001
      vertex 10.41492734731619 -3.696146864978362 1.200000000000001
      vertex 10.459565630749985 -3.3952200017500025 1.200000000000001
    endloop
  endfacet
  facet normal 0 0 1
    outer loop
      vertex -19.94235584139824 -27.58527096360922 1.200000000000001
      vertex 10.459565630749985 -3.3952200017500025 1.200000000000001
      vertex 10.533484959230153 -3.1001175005111667 1.200000000000001
    endloop
  endfacet
  facet normal 0 0 1
    outer loop
      vertex -19.94235584139824 -27.58527096360922 1.200000000000001
      vertex 11.103667594575516 -5.966619180907301 1.200000000000001
      vertex 10.92244420186211 -5.722267722360767 1.200000000000001
    endloop
  endfacet
  facet normal 0 0 1
    outer loop
      vertex -19.94235584139824 -27.58527096360922 1.200000000000001
      vertex 12.038670115839407 -6.7339559194799 1.200000000000001
      vertex 11.777732277639233 -6.57755579813789 1.200000000000001
    endloop
  endfacet
  facet normal 0 0 1
    outer loop
      vertex -19.94235584139824 -27.58527096360922 1.200000000000001
      vertex 12.313681359668221 -6.864026550784989 1.200000000000001
      vertex 12.038670115839407 -6.7339559194799 1.200000000000001
    endloop
  endfacet
  facet normal 0 0 1
    outer loop
      vertex -19.94235584139824 -27.58527096360922 1.200000000000001
      vertex 12.600117500511168 -6.966515040769847 1.200000000000001
      vertex 12.313681359668221 -6.864026550784989 1.200000000000001
    endloop
  endfacet
  facet normal 0 0 1
    outer loop
      vertex -19.94235584139824 -27.58527096360922 1.200000000000001
      vertex 12.895220001750003 -7.040434369250015 1.200000000000001
      vertex 12.600117500511168 -6.966515040769847 1.200000000000001
    endloop
  endfacet
  facet normal 0 0 1
    outer loop
      vertex -19.94235584139824 -27.58527096360922 1.200000000000001
      vertex 13.196146864978362 -7.08507265268381 1.200000000000001
      vertex 12.895220001750003 -7.040434369250015 1.200000000000001
    endloop
  endfacet
  facet normal 0 0 1
    outer loop
      vertex -19.94235584139824 -27.58527096360922 1.200000000000001
      vertex 13.5 -7.1 1.200000000000001
      vertex 13.196146864978362 -7.08507265268381 1.200000000000001
    endloop
  endfacet
  facet normal 0 0 1
    outer loop
      vertex -19.94235584139824 -27.58527096360922 1.200000000000001
      vertex 13.803853135021638 -7.08507265268381 1.200000000000001
      vertex 13.5 -7.1 1.200000000000001
    endloop
  endfacet
  facet normal 0 0 1
    outer loop
      vertex -19.94235584139824 -27.58527096360922 1.200000000000001
      vertex 10.533484959230153 -3.1001175005111667 1.200000000000001
      vertex 9.555543813584318 -0.6651756898420362 1.200000000000001
    endloop
  endfacet
  facet normal 0 0 -1
    outer loop
      vertex -19.94235584139824 -27.58527096360922 0
      vertex 20 27 0
      vertex 9.26089637399097 0.30614674589207186 0
    endloop
  endfacet
  facet normal 0 0 1
    outer loop
      vertex -19.94235584139824 -27.58527096360922 1.200000000000001
      vertex 9.26089637399097 0.30614674589207186 1.200000000000001
      vertex 20 27 1.200000000000001
    endloop
  endfacet
  facet normal 0 0 -1
    outer loop
      vertex 10.41492734731619 -3.696146864978362 0
      vertex 9.234447731414233 -0.23222774180356986 0
      vertex 9.26089637399097 -0.30614674589207186 0
    endloop
  endfacet
  facet normal 0 0 -1
    outer loop
      vertex 10.459565630749985 -3.3952200017500025 0
      vertex 9.26089637399097 -0.30614674589207186 0
      vertex 9.294462988521316 -0.37711738946079815 0
    endloop
  endfacet
  facet normal 0 0 -1
    outer loop
      vertex 10.459565630749985 -3.3952200017500025 0
      vertex 9.334824310157964 -0.44445618641568174 0
      vertex 9.38159163730981 -0.5075146273309165 0
    endloop
  endfacet
  facet normal 0 0 -1
    outer loop
      vertex 10.533484959230153 -3.1001175005111667 0
      vertex 9.434314575050761 -0.5656854249492381 0
      vertex 9.492485372669083 -0.6184083626901896 0
    endloop
  endfacet
  facet normal 0 0 -1
    outer loop
      vertex 10.533484959230153 -3.1001175005111667 0
      vertex 9.492485372669083 -0.6184083626901896 0
      vertex 9.555543813584318 -0.6651756898420362 0
    endloop
  endfacet
  facet normal 0 0 -1
    outer loop
      vertex 10.635973449215012 -2.8136813596682217 0
      vertex 9.622882610539202 -0.7055370114786841 0
      vertex 9.693853254107928 -0.7391036260090295 0
    endloop
  endfacet
  facet normal 0 0 -1
    outer loop
      vertex 10.459565630749985 -3.3952200017500025 0
      vertex 9.294462988521316 -0.37711738946079815 0
      vertex 9.334824310157964 -0.44445618641568174 0
    endloop
  endfacet
  facet normal 0 0 -1
    outer loop
      vertex 10.533484959230153 -3.1001175005111667 0
      vertex 9.38159163730981 -0.5075146273309165 0
      vertex 9.434314575050761 -0.5656854249492381 0
    endloop
  endfacet
  facet normal 0 0 -1
    outer loop
      vertex 10.635973449215012 -2.8136813596682217 0
      vertex 9.555543813584318 -0.6651756898420362 0
      vertex 9.622882610539202 -0.7055370114786841 0
    endloop
  endfacet
  facet normal 0 0 1
    outer loop
      vertex 10.533484959230153 -3.1001175005111667 1.200000000000001
      vertex 9.622882610539202 -0.7055370114786841 1.200000000000001
      vertex 9.555543813584318 -0.6651756898420362 1.200000000000001
    endloop
  endfacet
  facet normal 0 0 1
    outer loop
      vertex 10.635973449215012 -2.8136813596682217 1.200000000000001
      vertex 9.693853254107928 -0.7391036260090295 1.200000000000001
      vertex 9.622882610539202 -0.7055370114786841 1.200000000000001
    endloop
  endfacet
  facet normal 0 0 -1
    outer loop
      vertex 17 -30 0
      vertex 17.58527096360922 -29.94235584139824 0
      vertex 17.29405142366886 -29.985554181039333 0
    endloop
  endfacet
  facet normal 0.049067670415704694 -0.9987954563973426 0
    outer loop
      vertex 17 -30 0
      vertex 17.29405142366886 -29.985554181039333 0
      vertex 17 -30 1.200000000000001
    endloop
  endfacet
  facet normal 0.14673047975168185 -0.989176509179146 0
    outer loop
      vertex 17.29405142366886 -29.985554181039333 0
      vertex 17.58527096360922 -29.94235584139824 0
      vertex 17.29405142366886 -29.985554181039333 1.200000000000001
    endloop
  endfacet
  facet normal 0.049067670415704694 -0.9987954563973426 0
    outer loop
      vertex 17.29405142366886 -29.985554181039333 0
      vertex 17.29405142366886 -29.985554181039333 1.200000000000001
      vertex 17 -30 1.200000000000001
    endloop
  endfacet
  facet normal 0.14673047975168185 -0.989176509179146 0
    outer loop
      vertex 17.29405142366886 -29.985554181039333 1.200000000000001
      vertex 17.58527096360922 -29.94235584139824 0
      vertex 17.58527096360922 -29.94235584139824 1.200000000000001
    endloop
  endfacet
  facet normal 0 0 1
    outer loop
      vertex 17 -30 1.200000000000001
      vertex 17.29405142366886 -29.985554181039333 1.200000000000001
      vertex 17.58527096360922 -29.94235584139824 1.200000000000001
    endloop
  endfacet
  facet normal 0.24298017786540688 -0.9700312537050007 0
    outer loop
      vertex 17.58527096360922 -29.94235584139824 0
      vertex 17.870854035019875 -29.87082100659609 0
      vertex 17.58527096360922 -29.94235584139824 1.200000000000001
    endloop
  endfacet
  facet normal 0.3368898600571534 -0.9415440627982695 0
    outer loop
      vertex 17.870854035019875 -29.87082100659609 0
      vertex 18.14805030077696 -29.771638594567776 0
      vertex 17.870854035019875 -29.87082100659609 1.200000000000001
    endloop
  endfacet
  facet normal 0.42755509276037695 -0.9039892934402849 0
    outer loop
      vertex 18.14805030077696 -29.771638594567776 0
      vertex 18.414190210402012 -29.64576379209757 0
      vertex 18.14805030077696 -29.771638594567776 1.200000000000001
    endloop
  endfacet
  facet normal 0.5141027407673995 -0.8577286120536309 0
    outer loop
      vertex 18.414190210402012 -29.64576379209757 0
      vertex 18.666710697114468 -29.49440883845091 0
      vertex 18.414190210402012 -29.64576379209757 1.200000000000001
    endloop
  endfacet
  facet normal 0.5956993071010399 -0.8032075295459704 0
    outer loop
      vertex 18.666710697114468 -29.49440883845091 0
      vertex 18.903179854154587 -29.319031357765198 0
      vertex 18.666710697114468 -29.49440883845091 1.200000000000001
    endloop
  endfacet
  facet normal 0.6715589499566086 -0.7409511297873682 0
    outer loop
      vertex 18.903179854154587 -29.319031357765198 0
      vertex 19.121320344507694 -29.121320344507694 0
      vertex 18.903179854154587 -29.319031357765198 1.200000000000001
    endloop
  endfacet
  facet normal 0.7409511297873682 -0.6715589499566086 0
    outer loop
      vertex 19.121320344507694 -29.121320344507694 0
      vertex 19.319031357765198 -28.903179854154587 0
      vertex 19.121320344507694 -29.121320344507694 1.200000000000001
    endloop
  endfacet
  facet normal 0.8032075295459704 -0.5956993071010399 0
    outer loop
      vertex 19.319031357765198 -28.903179854154587 0
      vertex 19.49440883845091 -28.666710697114468 0
      vertex 19.319031357765198 -28.903179854154587 1.200000000000001
    endloop
  endfacet
  facet normal 0.8577286120536309 -0.5141027407673995 0
    outer loop
      vertex 19.49440883845091 -28.666710697114468 0
      vertex 19.64576379209757 -28.414190210402012 0
      vertex 19.49440883845091 -28.666710697114468 1.200000000000001
    endloop
  endfacet
  facet normal 0.9039892934402849 -0.42755509276037695 0
    outer loop
      vertex 19.64576379209757 -28.414190210402012 0
      vertex 19.771638594567776 -28.14805030077696 0
      vertex 19.64576379209757 -28.414190210402012 1.200000000000001
    endloop
  endfacet
  facet normal 0.9415440627982695 -0.3368898600571534 0
    outer loop
      vertex 19.771638594567776 -28.14805030077696 0
      vertex 19.87082100659609 -27.870854035019875 0
      vertex 19.771638594567776 -28.14805030077696 1.200000000000001
    endloop
  endfacet
  facet normal 0.9700312537050007 -0.24298017786540688 0
    outer loop
      vertex 19.87082100659609 -27.870854035019875 0
      vertex 19.94235584139824 -27.58527096360922 0
      vertex 19.87082100659609 -27.870854035019875 1.200000000000001
    endloop
  endfacet
  facet normal 0.989176509179146 -0.14673047975168185 0
    outer loop
      vertex 19.94235584139824 -27.58527096360922 0
      vertex 19.985554181039333 -27.29405142366886 0
      vertex 19.94235584139824 -27.58527096360922 1.200000000000001
    endloop
  endfacet
  facet normal 0.9987954563973426 -0.049067670415704694 0
    outer loop
      vertex 19.985554181039333 -27.29405142366886 0
      vertex 20 -27 0
      vertex 19.985554181039333 -27.29405142366886 1.200000000000001
    endloop
  endfacet
  facet normal 0.24298017786540688 -0.9700312537050007 0
    outer loop
      vertex 17.870854035019875 -29.87082100659609 0
      vertex 17.870854035019875 -29.87082100659609 1.200000000000001
      vertex 17.58527096360922 -29.94235584139824 1.200000000000001
    endloop
  endfacet
  facet normal 0.3368898600571534 -0.9415440627982695 0
    outer loop
      vertex 18.14805030077696 -29.771638594567776 0
      vertex 18.14805030077696 -29.771638594567776 1.200000000000001
      vertex 17.870854035019875 -29.87082100659609 1.200000000000001
    endloop
  endfacet
  facet normal 0.42755509276037695 -0.9039892934402849 0
    outer loop
      vertex 18.414190210402012 -29.64576379209757 0
      vertex 18.414190210402012 -29.64576379209757 1.200000000000001
      vertex 18.14805030077696 -29.771638594567776 1.200000000000001
    endloop
  endfacet
  facet normal 0.5141027407673995 -0.8577286120536309 0
    outer loop
      vertex 18.666710697114468 -29.49440883845091 0
      vertex 18.666710697114468 -29.49440883845091 1.200000000000001
      vertex 18.414190210402012 -29.64576379209757 1.200000000000001
    endloop
  endfacet
  facet normal 0.5956993071010399 -0.8032075295459704 0
    outer loop
      vertex 18.903179854154587 -29.319031357765198 0
      vertex 18.903179854154587 -29.319031357765198 1.200000000000001
      vertex 18.666710697114468 -29.49440883845091 1.200000000000001
    endloop
  endfacet
  facet normal 0.6715589499566086 -0.7409511297873682 0
    outer loop
      vertex 19.121320344507694 -29.121320344507694 0
      vertex 19.121320344507694 -29.121320344507694 1.200000000000001
      vertex 18.903179854154587 -29.319031357765198 1.200000000000001
    endloop
  endfacet
  facet normal 0.7409511297873682 -0.6715589499566086 0
    outer loop
      vertex 19.319031357765198 -28.903179854154587 0
      vertex 19.319031357765198 -28.903179854154587 1.200000000000001
      vertex 19.121320344507694 -29.121320344507694 1.200000000000001
    endloop
  endfacet
  facet normal 0.8032075295459704 -0.5956993071010399 0
    outer loop
      vertex 19.49440883845091 -28.666710697114468 0
      vertex 19.49440883845091 -28.666710697114468 1.200000000000001
      vertex 19.319031357765198 -28.903179854154587 1.200000000000001
    endloop
  endfacet
  facet normal 0.8577286120536309 -0.5141027407673995 0
    outer loop
      vertex 19.64576379209757 -28.414190210402012 0
      vertex 19.64576379209757 -28.414190210402012 1.200000000000001
      vertex 19.49440883845091 -28.666710697114468 1.200000000000001
    endloop
  endfacet
  facet normal 0.9039892934402849 -0.42755509276037695 0
    outer loop
      vertex 19.771638594567776 -28.14805030077696 0
      vertex 19.771638594567776 -28.14805030077696 1.200000000000001
      vertex 19.64576379209757 -28.414190210402012 1.200000000000001
    endloop
  endfacet
  facet normal 0.9415440627982695 -0.3368898600571534 0
    outer loop
      vertex 19.87082100659609 -27.870854035019875 0
      vertex 19.87082100659609 -27.870854035019875 1.200000000000001
      vertex 19.771638594567776 -28.14805030077696 1.200000000000001
    endloop
  endfacet
  facet normal 0.9700312537050007 -0.24298017786540688 0
    outer loop
      vertex 19.94235584139824 -27.58527096360922 0
      vertex 19.94235584139824 -27.58527096360922 1.200000000000001
      vertex 19.87082100659609 -27.870854035019875 1.200000000000001
    endloop
  endfacet
  facet normal 0.989176509179146 -0.14673047975168185 0
    outer loop
      vertex 19.985554181039333 -27.29405142366886 0
      vertex 19.985554181039333 -27.29405142366886 1.200000000000001
      vertex 19.94235584139824 -27.58527096360922 1.200000000000001
    endloop
  endfacet
  facet normal 0.9987954563973426 -0.049067670415704694 0
    outer loop
      vertex 20 -27 0
      vertex 20 -27 1.200000000000001
      vertex 19.985554181039333 -27.29405142366886 1.200000000000001
    endloop
  endfacet
  facet normal 0 0 -1
    outer loop
      vertex 20 -27 0
      vertex 11.533380819092699 -6.396332405424484 0
      vertex 11.777732277639233 -6.57755579813789 0
    endloop
  endfacet
  facet normal 0 0 -1
    outer loop
      vertex 20 -27 0
      vertex 11.777732277639233 -6.57755579813789 0
      vertex 12.038670115839407 -6.7339559194799 0
    endloop
  endfacet
  facet normal 0 0 -1
    outer loop
      vertex 20 -27 0
      vertex 12.313681359668221 -6.864026550784989 0
      vertex 12.600117500511168 -6.966515040769847 0
    endloop
  endfacet
  facet normal 0 0 -1
    outer loop
      vertex 20 -27 0
      vertex 12.038670115839407 -6.7339559194799 0
      vertex 12.313681359668221 -6.864026550784989 0
    endloop
  endfacet
  facet normal 0 0 -1
    outer loop
      vertex 10.4 -4 0
      vertex 9.234447731414233 -0.23222774180356986 0
      vertex 10.41492734731619 -3.696146864978362 0
    endloop
  endfacet
  facet normal 0 0 -1
    outer loop
      vertex 10.41492734731619 -3.696146864978362 0
      vertex 9.26089637399097 -0.30614674589207186 0
      vertex 10.459565630749985 -3.3952200017500025 0
    endloop
  endfacet
  facet normal 0 0 -1
    outer loop
      vertex 10.459565630749985 -3.3952200017500025 0
      vertex 9.38159163730981 -0.5075146273309165 0
      vertex 10.533484959230153 -3.1001175005111667 0
    endloop
  endfacet
  facet normal 0 0 -1
    outer loop
      vertex 10.533484959230153 -3.1001175005111667 0
      vertex 9.555543813584318 -0.6651756898420362 0
      vertex 10.635973449215012 -2.8136813596682217 0
    endloop
  endfacet
  facet normal 0 0 -1
    outer loop
      vertex 10.635973449215012 -2.8136813596682217 0
      vertex 9.693853254107928 -0.7391036260090295 0
      vertex 10.7660440805201 -2.538670115839407 0
    endloop
  endfacet
  facet normal 0 0 -1
    outer loop
      vertex 10.7660440805201 -2.538670115839407 0
      vertex 9.693853254107928 -0.7391036260090295 0
      vertex 9.76777225819643 -0.7655522685857671 0
    endloop
  endfacet
  facet normal 0 0 -1
    outer loop
      vertex 10.7660440805201 -2.538670115839407 0
      vertex 9.76777225819643 -0.7655522685857671 0
      vertex 9.843927742387097 -0.7846282243225844 0
    endloop
  endfacet
  facet normal 0 0 -1
    outer loop
      vertex 10.7660440805201 -2.538670115839407 0
      vertex 9.843927742387097 -0.7846282243225844 0
      vertex 9.921586287736352 -0.7961477813377575 0
    endloop
  endfacet
  facet normal 0 0 -1
    outer loop
      vertex 10.92244420186211 -2.2777322776392332 0
      vertex 9.921586287736352 -0.7961477813377575 0
      vertex 10 -0.8 0
    endloop
  endfacet
  facet normal 0 0 -1
    outer loop
      vertex 10.7660440805201 -2.538670115839407 0
      vertex 9.921586287736352 -0.7961477813377575 0
      vertex 10.92244420186211 -2.2777322776392332 0
    endloop
  endfacet
  facet normal 0 0 -1
    outer loop
      vertex 10.92244420186211 -2.2777322776392332 0
      vertex 10 -0.8 0
      vertex 10.078413712263648 -0.7961477813377575 0
    endloop
  endfacet
  facet normal 0 0 -1
    outer loop
      vertex 10.92244420186211 -2.2777322776392332 0
      vertex 10.078413712263648 -0.7961477813377575 0
      vertex 10.156072257612903 -0.7846282243225844 0
    endloop
  endfacet
  facet normal 0 0 -1
    outer loop
      vertex 11.103667594575516 -2.0333808190926987 0
      vertex 10.156072257612903 -0.7846282243225844 0
      vertex 10.23222774180357 -0.7655522685857671 0
    endloop
  endfacet
  facet normal 0 0 -1
    outer loop
      vertex 11.103667594575516 -2.0333808190926987 0
      vertex 10.23222774180357 -0.7655522685857671 0
      vertex 10.306146745892072 -0.7391036260090295 0
    endloop
  endfacet
  facet normal 0 0 -1
    outer loop
      vertex 11.103667594575516 -2.0333808190926987 0
      vertex 10.306146745892072 -0.7391036260090295 0
      vertex 10.377117389460798 -0.7055370114786841 0
    endloop
  endfacet
  facet normal 0 0 -1
    outer loop
      vertex 10.92244420186211 -2.2777322776392332 0
      vertex 10.156072257612903 -0.7846282243225844 0
      vertex 11.103667594575516 -2.0333808190926987 0
    endloop
  endfacet
  facet normal 0 0 -1
    outer loop
      vertex 11.103667594575516 -2.0333808190926987 0
      vertex 10.377117389460798 -0.7055370114786841 0
      vertex 11.307968978321703 -1.8079689783217026 0
    endloop
  endfacet
  facet normal 0 0 -1
    outer loop
      vertex 11.307968978321703 -1.8079689783217026 0
      vertex 10.377117389460798 -0.7055370114786841 0
      vertex 10.444456186415682 -0.6651756898420362 0
    endloop
  endfacet
  facet normal 0 0 -1
    outer loop
      vertex 11.307968978321703 -1.8079689783217026 0
      vertex 10.444456186415682 -0.6651756898420362 0
      vertex 10.507514627330917 -0.6184083626901896 0
    endloop
  endfacet
  facet normal 0 0 -1
    outer loop
      vertex 11.307968978321703 -1.8079689783217026 0
      vertex 10.507514627330917 -0.6184083626901896 0
      vertex 10.565685424949239 -0.5656854249492381 0
    endloop
  endfacet
  facet normal 0 0 -1
    outer loop
      vertex 11.533380819092699 -1.6036675945755152 0
      vertex 11.307968978321703 -1.8079689783217026 0
      vertex 10.565685424949239 -0.5656854249492381 0
    endloop
  endfacet
  facet normal 0 0 -1
    outer loop
      vertex 11.533380819092699 -1.6036675945755152 0
      vertex 10.565685424949239 -0.5656854249492381 0
      vertex 10.61840836269019 -0.5075146273309165 0
    endloop
  endfacet
  facet normal 0 0 -1
    outer loop
      vertex 11.533380819092699 -1.6036675945755152 0
      vertex 10.61840836269019 -0.5075146273309165 0
      vertex 10.665175689842036 -0.44445618641568174 0
    endloop
  endfacet
  facet normal 0 0 -1
    outer loop
      vertex 11.777732277639233 -1.4224442018621097 0
      vertex 10.665175689842036 -0.44445618641568174 0
      vertex 10.705537011478684 -0.37711738946079815 0
    endloop
  endfacet
  facet normal 0 0 -1
    outer loop
      vertex 11.777732277639233 -1.4224442018621097 0
      vertex 10.705537011478684 -0.37711738946079815 0
      vertex 10.73910362600903 -0.30614674589207186 0
    endloop
  endfacet
  facet normal 0 0 -1
    outer loop
      vertex 11.777732277639233 -1.4224442018621097 0
      vertex 10.73910362600903 -0.30614674589207186 0
      vertex 10.765552268585767 -0.23222774180356986 0
    endloop
  endfacet
  facet normal 0 0 -1
    outer loop
      vertex 12.038670115839407 -1.2660440805200994 0
      vertex 10.765552268585767 -0.23222774180356986 0
      vertex 10.784628224322585 -0.1560722576129026 0
    endloop
  endfacet
  facet normal 0 0 -1
    outer loop
      vertex 12.038670115839407 -1.2660440805200994 0
      vertex 10.784628224322585 -0.1560722576129026 0
      vertex 10.796147781337758 -0.07841371226364849 0
    endloop
  endfacet
  facet normal 0 0 -1
    outer loop
      vertex 11.777732277639233 -1.4224442018621097 0
      vertex 11.533380819092699 -1.6036675945755152 0
      vertex 10.665175689842036 -0.44445618641568174 0
    endloop
  endfacet
  facet normal 0 0 -1
    outer loop
      vertex 12.038670115839407 -1.2660440805200994 0
      vertex 11.777732277639233 -1.4224442018621097 0
      vertex 10.765552268585767 -0.23222774180356986 0
    endloop
  endfacet
  facet normal 0 0 -1
    outer loop
      vertex 12.313681359668221 -1.1359734492150109 0
      vertex 10.796147781337758 -0.07841371226364849 0
      vertex 10.8 0 0
    endloop
  endfacet
  facet normal 0 0 -1
    outer loop
      vertex 12.313681359668221 -1.1359734492150109 0
      vertex 10.8 0 0
      vertex 10.796147781337758 0.07841371226364849 0
    endloop
  endfacet
  facet normal 0 0 -1
    outer loop
      vertex 12.600117500511168 -1.0334849592301527 0
      vertex 10.796147781337758 0.07841371226364849 0
      vertex 10.784628224322585 0.1560722576129026 0
    endloop
  endfacet
  facet normal 0 0 -1
    outer loop
      vertex 12.600117500511168 -1.0334849592301527 0
      vertex 10.784628224322585 0.1560722576129026 0
      vertex 10.765552268585767 0.23222774180356986 0
    endloop
  endfacet
  facet normal 0 0 -1
    outer loop
      vertex 12.895220001750003 -0.9595656307499856 0
      vertex 10.765552268585767 0.23222774180356986 0
      vertex 10.73910362600903 0.30614674589207186 0
    endloop
  endfacet
  facet normal 0 0 -1
    outer loop
      vertex 12.895220001750003 -0.9595656307499856 0
      vertex 10.73910362600903 0.30614674589207186 0
      vertex 10.705537011478684 0.37711738946079815 0
    endloop
  endfacet
  facet normal 0 0 -1
    outer loop
      vertex 13.196146864978362 -0.9149273473161896 0
      vertex 10.705537011478684 0.37711738946079815 0
      vertex 10.665175689842036 0.44445618641568174 0
    endloop
  endfacet
  facet normal 0 0 -1
    outer loop
      vertex 12.313681359668221 -1.1359734492150109 0
      vertex 12.038670115839407 -1.2660440805200994 0
      vertex 10.796147781337758 -0.07841371226364849 0
    endloop
  endfacet
  facet normal 0 0 -1
    outer loop
      vertex 12.313681359668221 -1.1359734492150109 0
      vertex 10.796147781337758 0.07841371226364849 0
      vertex 12.600117500511168 -1.0334849592301527 0
    endloop
  endfacet
  facet normal 0 0 -1
    outer loop
      vertex 12.895220001750003 -0.9595656307499856 0
      vertex 12.600117500511168 -1.0334849592301527 0
      vertex 10.765552268585767 0.23222774180356986 0
    endloop
  endfacet
  facet normal 0 0 -1
    outer loop
      vertex 13.196146864978362 -0.9149273473161896 0
      vertex 12.895220001750003 -0.9595656307499856 0
      vertex 10.705537011478684 0.37711738946079815 0
    endloop
  endfacet
  facet normal 0 0 -1
    outer loop
      vertex 13.5 -0.8999999999999999 0
      vertex 13.196146864978362 -0.9149273473161896 0
      vertex 10.665175689842036 0.44445618641568174 0
    endloop
  endfacet
  facet normal 0 0 1
    outer loop
      vertex 10.635973449215012 -2.8136813596682217 1.200000000000001
      vertex 9.622882610539202 -0.7055370114786841 1.200000000000001
      vertex 10.533484959230153 -3.1001175005111667 1.200000000000001
    endloop
  endfacet
  facet normal 0 0 1
    outer loop
      vertex 10.7660440805201 -2.538670115839407 1.200000000000001
      vertex 9.76777225819643 -0.7655522685857671 1.200000000000001
      vertex 10.635973449215012 -2.8136813596682217 1.200000000000001
    endloop
  endfacet
  facet normal 0 0 1
    outer loop
      vertex 10.635973449215012 -2.8136813596682217 1.200000000000001
      vertex 9.76777225819643 -0.7655522685857671 1.200000000000001
      vertex 9.693853254107928 -0.7391036260090295 1.200000000000001
    endloop
  endfacet
  facet normal 0 0 1
    outer loop
      vertex 10.7660440805201 -2.538670115839407 1.200000000000001
      vertex 9.843927742387097 -0.7846282243225844 1.200000000000001
      vertex 9.76777225819643 -0.7655522685857671 1.200000000000001
    endloop
  endfacet
  facet normal 0 0 1
    outer loop
      vertex 10.7660440805201 -2.538670115839407 1.200000000000001
      vertex 9.921586287736352 -0.7961477813377575 1.200000000000001
      vertex 9.843927742387097 -0.7846282243225844 1.200000000000001
    endloop
  endfacet
  facet normal 0 0 1
    outer loop
      vertex 10.7660440805201 -2.538670115839407 1.200000000000001
      vertex 10 -0.8 1.200000000000001
      vertex 9.921586287736352 -0.7961477813377575 1.200000000000001
    endloop
  endfacet
  facet normal 0 0 1
    outer loop
      vertex 10.92244420186211 -2.2777322776392332 1.200000000000001
      vertex 10 -0.8 1.200000000000001
      vertex 10.7660440805201 -2.538670115839407 1.200000000000001
    endloop
  endfacet
  facet normal 0 0 1
    outer loop
      vertex 10.92244420186211 -2.2777322776392332 1.200000000000001
      vertex 10.078413712263648 -0.7961477813377575 1.200000000000001
      vertex 10 -0.8 1.200000000000001
    endloop
  endfacet
  facet normal 0 0 1
    outer loop
      vertex 10.92244420186211 -2.2777322776392332 1.200000000000001
      vertex 10.156072257612903 -0.7846282243225844 1.200000000000001
      vertex 10.078413712263648 -0.7961477813377575 1.200000000000001
    endloop
  endfacet
  facet normal 0 0 1
    outer loop
      vertex 11.103667594575516 -2.0333808190926987 1.200000000000001
      vertex 10.23222774180357 -0.7655522685857671 1.200000000000001
      vertex 10.156072257612903 -0.7846282243225844 1.200000000000001
    endloop
  endfacet
  facet normal 0 0 1
    outer loop
      vertex 11.103667594575516 -2.0333808190926987 1.200000000000001
      vertex 10.306146745892072 -0.7391036260090295 1.200000000000001
      vertex 10.23222774180357 -0.7655522685857671 1.200000000000001
    endloop
  endfacet
  facet normal 0 0 1
    outer loop
      vertex 11.103667594575516 -2.0333808190926987 1.200000000000001
      vertex 10.156072257612903 -0.7846282243225844 1.200000000000001
      vertex 10.92244420186211 -2.2777322776392332 1.200000000000001
    endloop
  endfacet
  facet normal 0 0 1
    outer loop
      vertex 11.307968978321703 -1.8079689783217026 1.200000000000001
      vertex 10.306146745892072 -0.7391036260090295 1.200000000000001
      vertex 11.103667594575516 -2.0333808190926987 1.200000000000001
    endloop
  endfacet
  facet normal 0 0 1
    outer loop
      vertex 11.307968978321703 -1.8079689783217026 1.200000000000001
      vertex 10.377117389460798 -0.7055370114786841 1.200000000000001
      vertex 10.306146745892072 -0.7391036260090295 1.200000000000001
    endloop
  endfacet
  facet normal 0 0 1
    outer loop
      vertex 11.307968978321703 -1.8079689783217026 1.200000000000001
      vertex 10.444456186415682 -0.6651756898420362 1.200000000000001
      vertex 10.377117389460798 -0.7055370114786841 1.200000000000001
    endloop
  endfacet
  facet normal 0 0 1
    outer loop
      vertex 11.533380819092699 -1.6036675945755152 1.200000000000001
      vertex 10.507514627330917 -0.6184083626901896 1.200000000000001
      vertex 10.444456186415682 -0.6651756898420362 1.200000000000001
    endloop
  endfacet
  facet normal 0 0 1
    outer loop
      vertex 11.307968978321703 -1.8079689783217026 1.200000000000001
      vertex 11.533380819092699 -1.6036675945755152 1.200000000000001
      vertex 10.444456186415682 -0.6651756898420362 1.200000000000001
    endloop
  endfacet
  facet normal 0 0 1
    outer loop
      vertex 11.533380819092699 -1.6036675945755152 1.200000000000001
      vertex 10.565685424949239 -0.5656854249492381 1.200000000000001
      vertex 10.507514627330917 -0.6184083626901896 1.200000000000001
    endloop
  endfacet
  facet normal 0 0 1
    outer loop
      vertex 11.533380819092699 -1.6036675945755152 1.200000000000001
      vertex 10.61840836269019 -0.5075146273309165 1.200000000000001
      vertex 10.565685424949239 -0.5656854249492381 1.200000000000001
    endloop
  endfacet
  facet normal 0 0 1
    outer loop
      vertex 11.777732277639233 -1.4224442018621097 1.200000000000001
      vertex 10.665175689842036 -0.44445618641568174 1.200000000000001
      vertex 10.61840836269019 -0.5075146273309165 1.200000000000001
    endloop
  endfacet
  facet normal 0 0 1
    outer loop
      vertex 11.777732277639233 -1.4224442018621097 1.200000000000001
      vertex 10.705537011478684 -0.37711738946079815 1.200000000000001
      vertex 10.665175689842036 -0.44445618641568174 1.200000000000001
    endloop
  endfacet
  facet normal 0 0 1
    outer loop
      vertex 12.038670115839407 -1.2660440805200994 1.200000000000001
      vertex 10.73910362600903 -0.30614674589207186 1.200000000000001
      vertex 10.705537011478684 -0.37711738946079815 1.200000000000001
    endloop
  endfacet
  facet normal 0 0 1
    outer loop
      vertex 12.038670115839407 -1.2660440805200994 1.200000000000001
      vertex 10.765552268585767 -0.23222774180356986 1.200000000000001
      vertex 10.73910362600903 -0.30614674589207186 1.200000000000001
    endloop
  endfacet
  facet normal 0 0 1
    outer loop
      vertex 12.038670115839407 -1.2660440805200994 1.200000000000001
      vertex 10.784628224322585 -0.1560722576129026 1.200000000000001
      vertex 10.765552268585767 -0.23222774180356986 1.200000000000001
    endloop
  endfacet
  facet normal 0 0 1
    outer loop
      vertex 11.533380819092699 -1.6036675945755152 1.200000000000001
      vertex 11.777732277639233 -1.4224442018621097 1.200000000000001
      vertex 10.61840836269019 -0.5075146273309165 1.200000000000001
    endloop
  endfacet
  facet normal 0 0 1
    outer loop
      vertex 11.777732277639233 -1.4224442018621097 1.200000000000001
      vertex 12.038670115839407 -1.2660440805200994 1.200000000000001
      vertex 10.705537011478684 -0.37711738946079815 1.200000000000001
    endloop
  endfacet
  facet normal 0 0 1
    outer loop
      vertex 12.313681359668221 -1.1359734492150109 1.200000000000001
      vertex 10.796147781337758 -0.07841371226364849 1.200000000000001
      vertex 10.784628224322585 -0.1560722576129026 1.200000000000001
    endloop
  endfacet
  facet normal 0 0 1
    outer loop
      vertex 12.313681359668221 -1.1359734492150109 1.200000000000001
      vertex 10.8 0 1.200000000000001
      vertex 10.796147781337758 -0.07841371226364849 1.200000000000001
    endloop
  endfacet
  facet normal 0 0 1
    outer loop
      vertex 12.038670115839407 -1.2660440805200994 1.200000000000001
      vertex 12.313681359668221 -1.1359734492150109 1.200000000000001
      vertex 10.784628224322585 -0.1560722576129026 1.200000000000001
    endloop
  endfacet
  facet normal 0 0 1
    outer loop
      vertex 12.313681359668221 -1.1359734492150109 1.200000000000001
      vertex 12.600117500511168 -1.0334849592301527 1.200000000000001
      vertex 10.8 0 1.200000000000001
    endloop
  endfacet
  facet normal 0 0 1
    outer loop
      vertex 12.600117500511168 -1.0334849592301527 1.200000000000001
      vertex 12.895220001750003 -0.9595656307499856 1.200000000000001
      vertex 10.8 0 1.200000000000001
    endloop
  endfacet
  facet normal 0 0 -1
    outer loop
      vertex 20 -27 0
      vertex 12.600117500511168 -6.966515040769847 0
      vertex 12.895220001750003 -7.040434369250015 0
    endloop
  endfacet
  facet normal 0 0 -1
    outer loop
      vertex 20 -27 0
      vertex 12.895220001750003 -7.040434369250015 0
      vertex 13.196146864978362 -7.08507265268381 0
    endloop
  endfacet
  facet normal 0 0 -1
    outer loop
      vertex 20 -27 0
      vertex 13.196146864978362 -7.08507265268381 0
      vertex 13.5 -7.1 0
    endloop
  endfacet
  facet normal 0 0 -1
    outer loop
      vertex 20 -27 0
      vertex 13.5 -7.1 0
      vertex 13.803853135021638 -7.08507265268381 0
    endloop
  endfacet
  facet normal 0 0 -1
    outer loop
      vertex 20 -27 0
      vertex 13.803853135021638 -7.08507265268381 0
      vertex 14.104779998249997 -7.040434369250015 0
    endloop
  endfacet
  facet normal 0 0 -1
    outer loop
      vertex 20 -27 0
      vertex 14.104779998249997 -7.040434369250015 0
      vertex 14.399882499488832 -6.966515040769847 0
    endloop
  endfacet
  facet normal 0 0 -1
    outer loop
      vertex 20 -27 0
      vertex 14.399882499488832 -6.966515040769847 0
      vertex 14.686318640331779 -6.864026550784989 0
    endloop
  endfacet
  facet normal 0 0 -1
    outer loop
      vertex 20 -27 0
      vertex 14.686318640331779 -6.864026550784989 0
      vertex 14.961329884160593 -6.7339559194799 0
    endloop
  endfacet
  facet normal 0 0 -1
    outer loop
      vertex 20 -27 0
      vertex 14.961329884160593 -6.7339559194799 0
      vertex 15.222267722360767 -6.57755579813789 0
    endloop
  endfacet
  facet normal 0 0 -1
    outer loop
      vertex 20 -27 0
      vertex 15.222267722360767 -6.57755579813789 0
      vertex 15.466619180907301 -6.396332405424484 0
    endloop
  endfacet
  facet normal 0 0 -1
    outer loop
      vertex 20 -27 0
      vertex 15.466619180907301 -6.396332405424484 0
      vertex 15.692031021678297 -6.192031021678297 0
    endloop
  endfacet
  facet normal 0 0 -1
    outer loop
      vertex 20 -27 0
      vertex 15.692031021678297 -6.192031021678297 0
      vertex 15.896332405424484 -5.966619180907301 0
    endloop
  endfacet
  facet normal 0 0 -1
    outer loop
      vertex 20 -27 0
      vertex 15.896332405424484 -5.966619180907301 0
      vertex 16.07755579813789 -5.722267722360767 0
    endloop
  endfacet
  facet normal 0 0 -1
    outer loop
      vertex 20 -27 0
      vertex 16.07755579813789 -5.722267722360767 0
      vertex 16.2339559194799 -5.461329884160593 0
    endloop
  endfacet
  facet normal 0 0 1
    outer loop
      vertex 20 -27 1.200000000000001
      vertex 14.104779998249997 -7.040434369250015 1.200000000000001
      vertex 13.803853135021638 -7.08507265268381 1.200000000000001
    endloop
  endfacet
  facet normal 0 0 1
    outer loop
      vertex 20 -27 1.200000000000001
      vertex 14.399882499488832 -6.966515040769847 1.200000000000001
      vertex 14.104779998249997 -7.040434369250015 1.200000000000001
    endloop
  endfacet
  facet normal 0 0 1
    outer loop
      vertex 20 -27 1.200000000000001
      vertex 14.686318640331779 -6.864026550784989 1.200000000000001
      vertex 14.399882499488832 -6.966515040769847 1.200000000000001
    endloop
  endfacet
  facet normal 0 0 1
    outer loop
      vertex 20 -27 1.200000000000001
      vertex 14.961329884160593 -6.7339559194799 1.200000000000001
      vertex 14.686318640331779 -6.864026550784989 1.200000000000001
    endloop
  endfacet
  facet normal 0 0 1
    outer loop
      vertex 20 -27 1.200000000000001
      vertex 15.222267722360767 -6.57755579813789 1.200000000000001
      vertex 14.961329884160593 -6.7339559194799 1.200000000000001
    endloop
  endfacet
  facet normal 0 0 1
    outer loop
      vertex 20 -27 1.200000000000001
      vertex 15.466619180907301 -6.396332405424484 1.200000000000001
      vertex 15.222267722360767 -6.57755579813789 1.200000000000001
    endloop
  endfacet
  facet normal 0 0 1
    outer loop
      vertex 20 -27 1.200000000000001
      vertex 15.692031021678297 -6.192031021678297 1.200000000000001
      vertex 15.466619180907301 -6.396332405424484 1.200000000000001
    endloop
  endfacet
  facet normal 0 0 1
    outer loop
      vertex 20 -27 1.200000000000001
      vertex 15.896332405424484 -5.966619180907301 1.200000000000001
      vertex 15.692031021678297 -6.192031021678297 1.200000000000001
    endloop
  endfacet
  facet normal 0 0 1
    outer loop
      vertex 20 -27 1.200000000000001
      vertex 16.07755579813789 -5.722267722360767 1.200000000000001
      vertex 15.896332405424484 -5.966619180907301 1.200000000000001
    endloop
  endfacet
  facet normal 0 0 1
    outer loop
      vertex 20 -27 1.200000000000001
      vertex 16.2339559194799 -5.461329884160593 1.200000000000001
      vertex 16.07755579813789 -5.722267722360767 1.200000000000001
    endloop
  endfacet
  facet normal 0 0 -1
    outer loop
      vertex 20 -27 0
      vertex 16.2339559194799 -5.461329884160593 0
      vertex 16.36402655078499 -5.186318640331779 0
    endloop
  endfacet
  facet normal 0 0 -1
    outer loop
      vertex 20 -27 0
      vertex 16.36402655078499 -5.186318640331779 0
      vertex 16.46651504076985 -4.899882499488833 0
    endloop
  endfacet
  facet normal 0 0 -1
    outer loop
      vertex 20 -27 0
      vertex 16.46651504076985 -4.899882499488833 0
      vertex 16.540434369250015 -4.604779998249998 0
    endloop
  endfacet
  facet normal 0 0 -1
    outer loop
      vertex 20 -27 0
      vertex 16.540434369250015 -4.604779998249998 0
      vertex 16.58507265268381 -4.303853135021638 0
    endloop
  endfacet
  facet normal 0 0 1
    outer loop
      vertex 20 -27 1.200000000000001
      vertex 16.36402655078499 -5.186318640331779 1.200000000000001
      vertex 16.2339559194799 -5.461329884160593 1.200000000000001
    endloop
  endfacet
  facet normal 0 0 1
    outer loop
      vertex 20 -27 1.200000000000001
      vertex 16.46651504076985 -4.899882499488833 1.200000000000001
      vertex 16.36402655078499 -5.186318640331779 1.200000000000001
    endloop
  endfacet
  facet normal 0 0 1
    outer loop
      vertex 20 -27 1.200000000000001
      vertex 16.540434369250015 -4.604779998249998 1.200000000000001
      vertex 16.46651504076985 -4.899882499488833 1.200000000000001
    endloop
  endfacet
  facet normal 0 0 1
    outer loop
      vertex 20 -27 1.200000000000001
      vertex 16.58507265268381 -4.303853135021638 1.200000000000001
      vertex 16.540434369250015 -4.604779998249998 1.200000000000001
    endloop
  endfacet
  facet normal 0 0 1
    outer loop
      vertex 20 -27 1.200000000000001
      vertex 16.6 -4 1.200000000000001
      vertex 16.58507265268381 -4.303853135021638 1.200000000000001
    endloop
  endfacet
  facet normal 1 0 0
    outer loop
      vertex 20 -27 0
      vertex 20 27 0
      vertex 20 -27 1.200000000000001
    endloop
  endfacet
  facet normal 0 0 -1
    outer loop
      vertex 20 -27 0
      vertex 16.58507265268381 -4.303853135021638 0
      vertex 20 27 0
    endloop
  endfacet
  facet normal 0 0 1
    outer loop
      vertex 20 -27 1.200000000000001
      vertex 20 27 1.200000000000001
      vertex 16.6 -4 1.200000000000001
    endloop
  endfacet
  facet normal 0 0 -1
    outer loop
      vertex -20 -27 0
      vertex 11.51507575950825 22.51507575950825 0
      vertex 11.667774103256345 22.376678047938253 0
    endloop
  endfacet
  facet normal 0 0 -1
    outer loop
      vertex -20 -27 0
      vertex 11.667774103256345 22.376678047938253 0
      vertex 11.833302510658836 22.253913814164655 0
    endloop
  endfacet
  facet normal 0 0 -1
    outer loop
      vertex -20 -27 0
      vertex 12.590310323766131 21.940350911153217 0
      vertex 12.794164005307923 21.910112073988387 0
    endloop
  endfacet
  facet normal 0 0 -1
    outer loop
      vertex -20 -27 0
      vertex 12.794164005307923 21.910112073988387 0
      vertex 13 21.9 0
    endloop
  endfacet
  facet normal 0 0 -1
    outer loop
      vertex -20 -27 0
      vertex 13 21.9 0
      vertex 13.205835994692077 21.910112073988387 0
    endloop
  endfacet
  facet normal 0 0 -1
    outer loop
      vertex -20 -27 0
      vertex 13.205835994692077 21.910112073988387 0
      vertex 13.409689676233869 21.940350911153217 0
    endloop
  endfacet
  facet normal 0 0 -1
    outer loop
      vertex -20 -27 0
      vertex 11.833302510658836 22.253913814164655 0
      vertex 12.010066852665405 22.147965344868453 0
    endloop
  endfacet
  facet normal 0 0 -1
    outer loop
      vertex -20 -27 0
      vertex 12.010066852665405 22.147965344868453 0
      vertex 12.196364792033311 22.059852981726298 0
    endloop
  endfacet
  facet normal 0 0 -1
    outer loop
      vertex -20 -27 0
      vertex 12.196364792033311 22.059852981726298 0
      vertex 12.39040217776563 21.99042529496236 0
    endloop
  endfacet
  facet normal 0 0 -1
    outer loop
      vertex -20 -27 0
      vertex 12.39040217776563 21.99042529496236 0
      vertex 12.590310323766131 21.940350911153217 0
    endloop
  endfacet
  facet normal 0 0 -1
    outer loop
      vertex -20 -27 0
      vertex 13.409689676233869 21.940350911153217 0
      vertex 13.60959782223437 21.99042529496236 0
    endloop
  endfacet
  facet normal 0 0 -1
    outer loop
      vertex -20 -27 0
      vertex 13.60959782223437 21.99042529496236 0
      vertex 13.803635207966689 22.059852981726298 0
    endloop
  endfacet
  facet normal 0 0 -1
    outer loop
      vertex -20 -27 0
      vertex 13.803635207966689 22.059852981726298 0
      vertex 13.989933147334595 22.147965344868453 0
    endloop
  endfacet
  facet normal 0 0 -1
    outer loop
      vertex -20 -27 0
      vertex 13.989933147334595 22.147965344868453 0
      vertex 14.166697489341164 22.253913814164655 0
    endloop
  endfacet
  facet normal 0 0 -1
    outer loop
      vertex -20 -27 0
      vertex 14.166697489341164 22.253913814164655 0
      vertex 14.332225896743655 22.376678047938253 0
    endloop
  endfacet
  facet normal 0 0 -1
    outer loop
      vertex -20 -27 0
      vertex 14.332225896743655 22.376678047938253 0
      vertex 14.48492424049175 22.51507575950825 0
    endloop
  endfacet
  facet normal 0 0 -1
    outer loop
      vertex -20 -27 0
      vertex 14.48492424049175 22.51507575950825 0
      vertex 19.94235584139824 27.58527096360922 0
    endloop
  endfacet
  facet normal 0 0 1
    outer loop
      vertex -14.961329884160593 -4.2660440805201 1.200000000000001
      vertex 12.882379431604527 22.805778327993362 1.200000000000001
      vertex 12.765891613580646 22.823057663516124 1.200000000000001
    endloop
  endfacet
  facet normal 0 0 1
    outer loop
      vertex -14.961329884160593 -4.2660440805201 1.200000000000001
      vertex 13 22.8 1.200000000000001
      vertex 12.882379431604527 22.805778327993362 1.200000000000001
    endloop
  endfacet
  facet normal 0 0 1
    outer loop
      vertex -14.961329884160593 -4.2660440805201 1.200000000000001
      vertex 13.117620568395473 22.805778327993362 1.200000000000001
      vertex 13 22.8 1.200000000000001
    endloop
  endfacet
  facet normal 0 0 1
    outer loop
      vertex -14.961329884160593 -4.2660440805201 1.200000000000001
      vertex 13.234108386419354 22.823057663516124 1.200000000000001
      vertex 13.117620568395473 22.805778327993362 1.200000000000001
    endloop
  endfacet
  facet normal 0 0 1
    outer loop
      vertex -14.961329884160593 -4.2660440805201 1.200000000000001
      vertex 13.348341612705354 22.85167159712135 1.200000000000001
      vertex 13.234108386419354 22.823057663516124 1.200000000000001
    endloop
  endfacet
  facet normal 0 0 1
    outer loop
      vertex -14.961329884160593 -4.2660440805201 1.200000000000001
      vertex 13.459220118838108 22.891344560986457 1.200000000000001
      vertex 13.348341612705354 22.85167159712135 1.200000000000001
    endloop
  endfacet
  facet normal 0 0 1
    outer loop
      vertex -14.961329884160593 -4.2660440805201 1.200000000000001
      vertex 13.565676084191198 22.941694482781973 1.200000000000001
      vertex 13.459220118838108 22.891344560986457 1.200000000000001
    endloop
  endfacet
  facet normal 0 0 1
    outer loop
      vertex -14.961329884160593 -4.2660440805201 1.200000000000001
      vertex 13.666684279623523 23.002236465236948 1.200000000000001
      vertex 13.565676084191198 22.941694482781973 1.200000000000001
    endloop
  endfacet
  facet normal 0 0 1
    outer loop
      vertex -14.961329884160593 -4.2660440805201 1.200000000000001
      vertex 13.761271940996375 23.072387455964716 1.200000000000001
      vertex 13.666684279623523 23.002236465236948 1.200000000000001
    endloop
  endfacet
  facet normal 0 0 1
    outer loop
      vertex -14.961329884160593 -4.2660440805201 1.200000000000001
      vertex 13.848528137423857 23.151471862576145 1.200000000000001
      vertex 13.761271940996375 23.072387455964716 1.200000000000001
    endloop
  endfacet
  facet normal 0 0 -1
    outer loop
      vertex -19.985554181039333 -27.29405142366886 0
      vertex 19.985554181039333 27.29405142366886 0
      vertex 20 27 0
    endloop
  endfacet
  facet normal 0 0 -1
    outer loop
      vertex -20 -27 0
      vertex 19.94235584139824 27.58527096360922 0
      vertex 19.985554181039333 27.29405142366886 0
    endloop
  endfacet
  facet normal 0 0 1
    outer loop
      vertex -19.985554181039333 -27.29405142366886 1.200000000000001
      vertex 20 27 1.200000000000001
      vertex 19.985554181039333 27.29405142366886 1.200000000000001
    endloop
  endfacet
  facet normal 0 0 1
    outer loop
      vertex -20 -27 1.200000000000001
      vertex 19.985554181039333 27.29405142366886 1.200000000000001
      vertex 19.94235584139824 27.58527096360922 1.200000000000001
    endloop
  endfacet
  facet normal 0 0 -1
    outer loop
      vertex -13 26.1 0
      vertex 7.2038522186622425 26.07841371226365 0
      vertex 7.2 26 0
    endloop
  endfacet
  facet normal 0 0 -1
    outer loop
      vertex -13 26.1 0
      vertex 7.215371775677416 26.1560722576129 0
      vertex 7.2038522186622425 26.07841371226365 0
    endloop
  endfacet
  facet normal 0 0 -1
    outer loop
      vertex -11.833302510658836 25.746086185835345 0
      vertex 7.234447731414233 25.76777225819643 0
      vertex 7.26089637399097 25.69385325410793 0
    endloop
  endfacet
  facet normal 0 0 -1
    outer loop
      vertex -12.196364792033311 25.940147018273702 0
      vertex 7.2 26 0
      vertex 7.2038522186622425 25.92158628773635 0
    endloop
  endfacet
  facet normal 0 0 -1
    outer loop
      vertex -12.010066852665405 25.852034655131547 0
      vertex 7.2038522186622425 25.92158628773635 0
      vertex 7.215371775677416 25.8439277423871 0
    endloop
  endfacet
  facet normal 0 0 -1
    outer loop
      vertex -11.833302510658836 25.746086185835345 0
      vertex 7.215371775677416 25.8439277423871 0
      vertex 7.234447731414233 25.76777225819643 0
    endloop
  endfacet
  facet normal 0 0 -1
    outer loop
      vertex -11.51507575950825 25.48492424049175 0
      vertex 7.3348243101579635 25.55554381358432 0
      vertex 7.3815916373098105 25.492485372669083 0
    endloop
  endfacet
  facet normal 0 0 -1
    outer loop
      vertex -11.667774103256345 25.623321952061747 0
      vertex 7.26089637399097 25.69385325410793 0
      vertex 7.294462988521316 25.6228826105392 0
    endloop
  endfacet
  facet normal 0 0 -1
    outer loop
      vertex -11.51507575950825 25.48492424049175 0
      vertex 7.294462988521316 25.6228826105392 0
      vertex 7.3348243101579635 25.55554381358432 0
    endloop
  endfacet
  facet normal 0 0 -1
    outer loop
      vertex -11.51507575950825 25.48492424049175 0
      vertex 7.3815916373098105 25.492485372669083 0
      vertex 7.434314575050762 25.434314575050763 0
    endloop
  endfacet
  facet normal 0 0 -1
    outer loop
      vertex -11.376678047938253 25.332225896743655 0
      vertex 7.434314575050762 25.434314575050763 0
      vertex 7.492485372669083 25.38159163730981 0
    endloop
  endfacet
  facet normal 0 0 -1
    outer loop
      vertex -11.376678047938253 25.332225896743655 0
      vertex 7.492485372669083 25.38159163730981 0
      vertex 7.555543813584318 25.334824310157963 0
    endloop
  endfacet
  facet normal 0 0 -1
    outer loop
      vertex -11.253913814164655 25.166697489341164 0
      vertex 7.622882610539202 25.294462988521317 0
      vertex 7.693853254107928 25.26089637399097 0
    endloop
  endfacet
  facet normal 0 0 -1
    outer loop
      vertex -11.253913814164655 25.166697489341164 0
      vertex 7.693853254107928 25.26089637399097 0
      vertex 7.76777225819643 25.23444773141423 0
    endloop
  endfacet
  facet normal 0 0 -1
    outer loop
      vertex -11.253913814164655 25.166697489341164 0
      vertex 7.76777225819643 25.23444773141423 0
      vertex 7.8439277423870974 25.215371775677415 0
    endloop
  endfacet
  facet normal 0 0 -1
    outer loop
      vertex -11.253913814164655 25.166697489341164 0
      vertex 7.8439277423870974 25.215371775677415 0
      vertex 7.921586287736352 25.20385221866224 0
    endloop
  endfacet
  facet normal 0 0 -1
    outer loop
      vertex -11.253913814164655 25.166697489341164 0
      vertex 7.921586287736352 25.20385221866224 0
      vertex 8 25.2 0
    endloop
  endfacet
  facet normal 0 0 -1
    outer loop
      vertex -11.376678047938253 25.332225896743655 0
      vertex 7.555543813584318 25.334824310157963 0
      vertex 7.622882610539202 25.294462988521317 0
    endloop
  endfacet
  facet normal 0 0 1
    outer loop
      vertex -12.882379431604527 25.194221672006638 1.200000000000001
      vertex 7.3815916373098105 25.492485372669083 1.200000000000001
      vertex 7.3348243101579635 25.55554381358432 1.200000000000001
    endloop
  endfacet
  facet normal 0 0 1
    outer loop
      vertex -12.882379431604527 25.194221672006638 1.200000000000001
      vertex 7.3348243101579635 25.55554381358432 1.200000000000001
      vertex 7.294462988521316 25.6228826105392 1.200000000000001
    endloop
  endfacet
  facet normal 0 0 1
    outer loop
      vertex -12.882379431604527 25.194221672006638 1.200000000000001
      vertex 7.294462988521316 25.6228826105392 1.200000000000001
      vertex 7.26089637399097 25.69385325410793 1.200000000000001
    endloop
  endfacet
  facet normal 0 0 1
    outer loop
      vertex -12.882379431604527 25.194221672006638 1.200000000000001
      vertex 7.234447731414233 25.76777225819643 1.200000000000001
      vertex 7.215371775677416 25.8439277423871 1.200000000000001
    endloop
  endfacet
  facet normal 0 0 1
    outer loop
      vertex -12.882379431604527 25.194221672006638 1.200000000000001
      vertex 7.26089637399097 25.69385325410793 1.200000000000001
      vertex 7.234447731414233 25.76777225819643 1.200000000000001
    endloop
  endfacet
  facet normal 0 0 1
    outer loop
      vertex -12.882379431604527 25.194221672006638 1.200000000000001
      vertex 7.215371775677416 25.8439277423871 1.200000000000001
      vertex 7.2038522186622425 25.92158628773635 1.200000000000001
    endloop
  endfacet
  facet normal 0 0 1
    outer loop
      vertex -12.882379431604527 25.194221672006638 1.200000000000001
      vertex 7.2038522186622425 25.92158628773635 1.200000000000001
      vertex 7.2 26 1.200000000000001
    endloop
  endfacet
  facet normal 0 0 1
    outer loop
      vertex -12.882379431604527 25.194221672006638 1.200000000000001
      vertex 7.2 26 1.200000000000001
      vertex 7.2038522186622425 26.07841371226365 1.200000000000001
    endloop
  endfacet
  facet normal 0 0 1
    outer loop
      vertex -12.882379431604527 25.194221672006638 1.200000000000001
      vertex 7.2038522186622425 26.07841371226365 1.200000000000001
      vertex 7.215371775677416 26.1560722576129 1.200000000000001
    endloop
  endfacet
  facet normal 0 0 1
    outer loop
      vertex -12.882379431604527 25.194221672006638 1.200000000000001
      vertex 7.215371775677416 26.1560722576129 1.200000000000001
      vertex 7.234447731414233 26.23222774180357 1.200000000000001
    endloop
  endfacet
  facet normal 0 0 1
    outer loop
      vertex -12.882379431604527 25.194221672006638 1.200000000000001
      vertex 7.234447731414233 26.23222774180357 1.200000000000001
      vertex 7.26089637399097 26.30614674589207 1.200000000000001
    endloop
  endfacet
  facet normal 0 0 1
    outer loop
      vertex -12.882379431604527 25.194221672006638 1.200000000000001
      vertex 7.294462988521316 26.3771173894608 1.200000000000001
      vertex 7.3348243101579635 26.44445618641568 1.200000000000001
    endloop
  endfacet
  facet normal 0 0 1
    outer loop
      vertex -12.882379431604527 25.194221672006638 1.200000000000001
      vertex 7.26089637399097 26.30614674589207 1.200000000000001
      vertex 7.294462988521316 26.3771173894608 1.200000000000001
    endloop
  endfacet
  facet normal 0 0 1
    outer loop
      vertex -12.882379431604527 25.194221672006638 1.200000000000001
      vertex 7.3348243101579635 26.44445618641568 1.200000000000001
      vertex 7.3815916373098105 26.507514627330917 1.200000000000001
    endloop
  endfacet
  facet normal 0 0 1
    outer loop
      vertex -12.882379431604527 25.194221672006638 1.200000000000001
      vertex 7.555543813584318 25.334824310157963 1.200000000000001
      vertex 7.492485372669083 25.38159163730981 1.200000000000001
    endloop
  endfacet
  facet normal 0 0 1
    outer loop
      vertex -12.882379431604527 25.194221672006638 1.200000000000001
      vertex 7.622882610539202 25.294462988521317 1.200000000000001
      vertex 7.555543813584318 25.334824310157963 1.200000000000001
    endloop
  endfacet
  facet normal 0 0 1
    outer loop
      vertex -12.882379431604527 25.194221672006638 1.200000000000001
      vertex 7.693853254107928 25.26089637399097 1.200000000000001
      vertex 7.622882610539202 25.294462988521317 1.200000000000001
    endloop
  endfacet
  facet normal 0 0 1
    outer loop
      vertex -12.882379431604527 25.194221672006638 1.200000000000001
      vertex 7.76777225819643 25.23444773141423 1.200000000000001
      vertex 7.693853254107928 25.26089637399097 1.200000000000001
    endloop
  endfacet
  facet normal 0 0 1
    outer loop
      vertex -12.882379431604527 25.194221672006638 1.200000000000001
      vertex 7.8439277423870974 25.215371775677415 1.200000000000001
      vertex 7.76777225819643 25.23444773141423 1.200000000000001
    endloop
  endfacet
  facet normal 0 0 1
    outer loop
      vertex -12.882379431604527 25.194221672006638 1.200000000000001
      vertex 7.921586287736352 25.20385221866224 1.200000000000001
      vertex 7.8439277423870974 25.215371775677415 1.200000000000001
    endloop
  endfacet
  facet normal 0 0 1
    outer loop
      vertex -12.882379431604527 25.194221672006638 1.200000000000001
      vertex 8 25.2 1.200000000000001
      vertex 7.921586287736352 25.20385221866224 1.200000000000001
    endloop
  endfacet
  facet normal 0 0 1
    outer loop
      vertex -12.882379431604527 25.194221672006638 1.200000000000001
      vertex 7.434314575050762 25.434314575050763 1.200000000000001
      vertex 7.3815916373098105 25.492485372669083 1.200000000000001
    endloop
  endfacet
  facet normal 0 0 1
    outer loop
      vertex -12.882379431604527 25.194221672006638 1.200000000000001
      vertex 7.492485372669083 25.38159163730981 1.200000000000001
      vertex 7.434314575050762 25.434314575050763 1.200000000000001
    endloop
  endfacet
  facet normal 0 0 1
    outer loop
      vertex -12.882379431604527 25.194221672006638 1.200000000000001
      vertex 7.3815916373098105 26.507514627330917 1.200000000000001
      vertex 7.434314575050762 26.565685424949237 1.200000000000001
    endloop
  endfacet
  facet normal 0 0 1
    outer loop
      vertex -12.882379431604527 25.194221672006638 1.200000000000001
      vertex 7.434314575050762 26.565685424949237 1.200000000000001
      vertex 7.492485372669083 26.61840836269019 1.200000000000001
    endloop
  endfacet
  facet normal 0 0 1
    outer loop
      vertex -12.882379431604527 25.194221672006638 1.200000000000001
      vertex 7.492485372669083 26.61840836269019 1.200000000000001
      vertex 7.555543813584318 26.665175689842037 1.200000000000001
    endloop
  endfacet
  facet normal 0 0 1
    outer loop
      vertex -12.882379431604527 25.194221672006638 1.200000000000001
      vertex 7.555543813584318 26.665175689842037 1.200000000000001
      vertex 7.622882610539202 26.705537011478683 1.200000000000001
    endloop
  endfacet
  facet normal 0 0 1
    outer loop
      vertex -12.882379431604527 25.194221672006638 1.200000000000001
      vertex 7.622882610539202 26.705537011478683 1.200000000000001
      vertex 7.693853254107928 26.73910362600903 1.200000000000001
    endloop
  endfacet
  facet normal 0 0 1
    outer loop
      vertex -12.882379431604527 25.194221672006638 1.200000000000001
      vertex 7.693853254107928 26.73910362600903 1.200000000000001
      vertex 7.76777225819643 26.76555226858577 1.200000000000001
    endloop
  endfacet
  facet normal 0 0 1
    outer loop
      vertex -12.882379431604527 25.194221672006638 1.200000000000001
      vertex 7.76777225819643 26.76555226858577 1.200000000000001
      vertex 7.8439277423870974 26.784628224322585 1.200000000000001
    endloop
  endfacet
  facet normal 0 0 1
    outer loop
      vertex -12.882379431604527 25.194221672006638 1.200000000000001
      vertex 12.333315720376477 24.997763534763052 1.200000000000001
      vertex 8 25.2 1.200000000000001
    endloop
  endfacet
  facet normal 0 0 1
    outer loop
      vertex -12.882379431604527 25.194221672006638 1.200000000000001
      vertex 7.8439277423870974 26.784628224322585 1.200000000000001
      vertex 7.921586287736352 26.79614778133776 1.200000000000001
    endloop
  endfacet
  facet normal 0 0 -1
    outer loop
      vertex -11.253913814164655 22.833302510658836 0
      vertex 11.147965344868455 23.010066852665403 0
      vertex 11.253913814164655 22.833302510658836 0
    endloop
  endfacet
  facet normal 0 0 -1
    outer loop
      vertex -11.147965344868455 23.010066852665403 0
      vertex 11.059852981726298 23.19636479203331 0
      vertex 11.147965344868455 23.010066852665403 0
    endloop
  endfacet
  facet normal 0 0 -1
    outer loop
      vertex -11.059852981726298 23.19636479203331 0
      vertex 10.99042529496236 23.39040217776563 0
      vertex 11.059852981726298 23.19636479203331 0
    endloop
  endfacet
  facet normal 0 0 -1
    outer loop
      vertex -10.99042529496236 23.39040217776563 0
      vertex 10.940350911153216 23.59031032376613 0
      vertex 10.99042529496236 23.39040217776563 0
    endloop
  endfacet
  facet normal 0 0 -1
    outer loop
      vertex -10.940350911153216 23.59031032376613 0
      vertex 10.910112073988387 23.794164005307923 0
      vertex 10.940350911153216 23.59031032376613 0
    endloop
  endfacet
  facet normal 0 0 -1
    outer loop
      vertex -10.910112073988387 23.794164005307923 0
      vertex 10.9 24 0
      vertex 10.910112073988387 23.794164005307923 0
    endloop
  endfacet
  facet normal 0 0 -1
    outer loop
      vertex -10.9 24 0
      vertex 10.910112073988387 24.205835994692077 0
      vertex 10.9 24 0
    endloop
  endfacet
  facet normal 0 0 -1
    outer loop
      vertex -10.910112073988387 24.205835994692077 0
      vertex 10.940350911153216 24.40968967623387 0
      vertex 10.910112073988387 24.205835994692077 0
    endloop
  endfacet
  facet normal 0 0 -1
    outer loop
      vertex -11.253913814164655 25.166697489341164 0
      vertex 8 25.2 0
      vertex 11.253913814164655 25.166697489341164 0
    endloop
  endfacet
  facet normal 0 0 -1
    outer loop
      vertex -10.940350911153216 24.40968967623387 0
      vertex 10.99042529496236 24.60959782223437 0
      vertex 10.940350911153216 24.40968967623387 0
    endloop
  endfacet
  facet normal 0 0 -1
    outer loop
      vertex -10.99042529496236 24.60959782223437 0
      vertex 11.059852981726298 24.80363520796669 0
      vertex 10.99042529496236 24.60959782223437 0
    endloop
  endfacet
  facet normal 0 0 -1
    outer loop
      vertex -11.059852981726298 24.80363520796669 0
      vertex 11.147965344868455 24.989933147334597 0
      vertex 11.059852981726298 24.80363520796669 0
    endloop
  endfacet
  facet normal 0 0 -1
    outer loop
      vertex -11.51507575950825 22.51507575950825 0
      vertex 11.376678047938253 22.667774103256345 0
      vertex 11.51507575950825 22.51507575950825 0
    endloop
  endfacet
  facet normal 0 0 -1
    outer loop
      vertex -11.376678047938253 22.667774103256345 0
      vertex 11.253913814164655 22.833302510658836 0
      vertex 11.376678047938253 22.667774103256345 0
    endloop
  endfacet
  facet normal 0 0 -1
    outer loop
      vertex -11.147965344868455 24.989933147334597 0
      vertex 11.253913814164655 25.166697489341164 0
      vertex 11.147965344868455 24.989933147334597 0
    endloop
  endfacet
  facet normal 0 0 1
    outer loop
      vertex -12.238728059003625 23.072387455964716 1.200000000000001
      vertex 12.238728059003625 23.072387455964716 1.200000000000001
      vertex 12.151471862576143 23.151471862576145 1.200000000000001
    endloop
  endfacet
  facet normal 0 0 1
    outer loop
      vertex -12.151471862576143 23.151471862576145 1.200000000000001
      vertex 12.151471862576143 23.151471862576145 1.200000000000001
      vertex 12.072387455964716 23.238728059003627 1.200000000000001
    endloop
  endfacet
  facet normal 0 0 1
    outer loop
      vertex -12.002236465236946 23.333315720376476 1.200000000000001
      vertex 11.941694482781974 23.434323915808804 1.200000000000001
      vertex 11.891344560986456 23.540779881161892 1.200000000000001
    endloop
  endfacet
  facet normal 0 0 1
    outer loop
      vertex -12.002236465236946 23.333315720376476 1.200000000000001
      vertex 12.002236465236946 23.333315720376476 1.200000000000001
      vertex 11.941694482781974 23.434323915808804 1.200000000000001
    endloop
  endfacet
  facet normal 0 0 1
    outer loop
      vertex -12.072387455964716 23.238728059003627 1.200000000000001
      vertex 12.072387455964716 23.238728059003627 1.200000000000001
      vertex 12.002236465236946 23.333315720376476 1.200000000000001
    endloop
  endfacet
  facet normal 0 0 1
    outer loop
      vertex -12.434323915808802 22.941694482781973 1.200000000000001
      vertex 12.434323915808802 22.941694482781973 1.200000000000001
      vertex 12.333315720376477 23.002236465236948 1.200000000000001
    endloop
  endfacet
  facet normal 0 0 1
    outer loop
      vertex -12.765891613580646 22.823057663516124 1.200000000000001
      vertex 12.765891613580646 22.823057663516124 1.200000000000001
      vertex 12.651658387294646 22.85167159712135 1.200000000000001
    endloop
  endfacet
  facet normal 0 0 1
    outer loop
      vertex -12.540779881161892 22.891344560986457 1.200000000000001
      vertex 12.540779881161892 22.891344560986457 1.200000000000001
      vertex 12.434323915808802 22.941694482781973 1.200000000000001
    endloop
  endfacet
  facet normal 0 0 1
    outer loop
      vertex -12.651658387294646 22.85167159712135 1.200000000000001
      vertex 12.651658387294646 22.85167159712135 1.200000000000001
      vertex 12.540779881161892 22.891344560986457 1.200000000000001
    endloop
  endfacet
  facet normal 0 0 1
    outer loop
      vertex -12.333315720376477 23.002236465236948 1.200000000000001
      vertex 12.333315720376477 23.002236465236948 1.200000000000001
      vertex 12.238728059003625 23.072387455964716 1.200000000000001
    endloop
  endfacet
  facet normal 0 0 1
    outer loop
      vertex -12.002236465236946 23.333315720376476 1.200000000000001
      vertex 11.85167159712135 23.651658387294646 1.200000000000001
      vertex 11.823057663516124 23.765891613580646 1.200000000000001
    endloop
  endfacet
  facet normal 0 0 1
    outer loop
      vertex -12.002236465236946 23.333315720376476 1.200000000000001
      vertex 11.823057663516124 23.765891613580646 1.200000000000001
      vertex 11.805778327993364 23.882379431604527 1.200000000000001
    endloop
  endfacet
  facet normal 0 0 1
    outer loop
      vertex -12.002236465236946 23.333315720376476 1.200000000000001
      vertex 11.805778327993364 23.882379431604527 1.200000000000001
      vertex 11.8 24 1.200000000000001
    endloop
  endfacet
  facet normal 0 0 1
    outer loop
      vertex -12.002236465236946 23.333315720376476 1.200000000000001
      vertex 11.891344560986456 23.540779881161892 1.200000000000001
      vertex 11.85167159712135 23.651658387294646 1.200000000000001
    endloop
  endfacet
  facet normal 0 0 1
    outer loop
      vertex -12.002236465236946 24.666684279623524 1.200000000000001
      vertex 11.8 24 1.200000000000001
      vertex 11.805778327993364 24.117620568395473 1.200000000000001
    endloop
  endfacet
  facet normal 0 0 1
    outer loop
      vertex -12.002236465236946 24.666684279623524 1.200000000000001
      vertex 11.805778327993364 24.117620568395473 1.200000000000001
      vertex 11.823057663516124 24.234108386419354 1.200000000000001
    endloop
  endfacet
  facet normal 0 0 1
    outer loop
      vertex -12.072387455964716 24.761271940996373 1.200000000000001
      vertex 11.823057663516124 24.234108386419354 1.200000000000001
      vertex 11.85167159712135 24.348341612705354 1.200000000000001
    endloop
  endfacet
  facet normal 0 0 1
    outer loop
      vertex -12.072387455964716 24.761271940996373 1.200000000000001
      vertex 11.85167159712135 24.348341612705354 1.200000000000001
      vertex 11.891344560986456 24.459220118838108 1.200000000000001
    endloop
  endfacet
  facet normal 0 0 1
    outer loop
      vertex -12.072387455964716 24.761271940996373 1.200000000000001
      vertex 11.891344560986456 24.459220118838108 1.200000000000001
      vertex 11.941694482781974 24.565676084191196 1.200000000000001
    endloop
  endfacet
  facet normal 0 0 1
    outer loop
      vertex -12.072387455964716 24.761271940996373 1.200000000000001
      vertex 11.941694482781974 24.565676084191196 1.200000000000001
      vertex 12.002236465236946 24.666684279623524 1.200000000000001
    endloop
  endfacet
  facet normal 0 0 1
    outer loop
      vertex -12.072387455964716 24.761271940996373 1.200000000000001
      vertex 12.002236465236946 24.666684279623524 1.200000000000001
      vertex 12.072387455964716 24.761271940996373 1.200000000000001
    endloop
  endfacet
  facet normal 0 0 1
    outer loop
      vertex -12.072387455964716 24.761271940996373 1.200000000000001
      vertex 12.072387455964716 24.761271940996373 1.200000000000001
      vertex 12.151471862576143 24.848528137423855 1.200000000000001
    endloop
  endfacet
  facet normal 0 0 1
    outer loop
      vertex -12.151471862576143 24.848528137423855 1.200000000000001
      vertex 12.151471862576143 24.848528137423855 1.200000000000001
      vertex 12.238728059003625 24.927612544035284 1.200000000000001
    endloop
  endfacet
  facet normal 0 0 1
    outer loop
      vertex -12.238728059003625 24.927612544035284 1.200000000000001
      vertex 12.238728059003625 24.927612544035284 1.200000000000001
      vertex 12.333315720376477 24.997763534763052 1.200000000000001
    endloop
  endfacet
  facet normal 0 0 -1
    outer loop
      vertex -20 27 0
      vertex 19.94235584139824 27.58527096360922 0
      vertex 7.921586287736352 26.79614778133776 0
    endloop
  endfacet
  facet normal 0 0 1
    outer loop
      vertex -20 27 1.200000000000001
      vertex 8 26.8 1.200000000000001
      vertex 19.94235584139824 27.58527096360922 1.200000000000001
    endloop
  endfacet
  facet normal 0 0 1
    outer loop
      vertex 19.94235584139824 27.58527096360922 1.200000000000001
      vertex 13.848528137423857 23.151471862576145 1.200000000000001
      vertex -14.961329884160593 -4.2660440805201 1.200000000000001
    endloop
  endfacet
  facet normal 0 0 -1
    outer loop
      vertex -17.870854035019875 29.87082100659609 0
      vertex 17 30 0
      vertex 17.29405142366886 29.985554181039333 0
    endloop
  endfacet
  facet normal 0 0 -1
    outer loop
      vertex -18.14805030077696 29.771638594567776 0
      vertex 17.29405142366886 29.985554181039333 0
      vertex 17.58527096360922 29.94235584139824 0
    endloop
  endfacet
  facet normal 0 0 -1
    outer loop
      vertex -19.49440883845091 28.666710697114468 0
      vertex 18.903179854154587 29.319031357765198 0
      vertex 19.121320344507694 29.121320344507694 0
    endloop
  endfacet
  facet normal 0 0 -1
    outer loop
      vertex -18.414190210402012 29.64576379209757 0
      vertex 17.58527096360922 29.94235584139824 0
      vertex 17.870854035019875 29.87082100659609 0
    endloop
  endfacet
  facet normal 0 0 -1
    outer loop
      vertex -18.666710697114468 29.49440883845091 0
      vertex 17.870854035019875 29.87082100659609 0
      vertex 18.14805030077696 29.771638594567776 0
    endloop
  endfacet
  facet normal 0 0 -1
    outer loop
      vertex -18.903179854154587 29.319031357765198 0
      vertex 18.14805030077696 29.771638594567776 0
      vertex 18.414190210402012 29.64576379209757 0
    endloop
  endfacet
  facet normal 0 0 -1
    outer loop
      vertex -19.319031357765198 28.903179854154587 0
      vertex 18.666710697114468 29.49440883845091 0
      vertex 18.903179854154587 29.319031357765198 0
    endloop
  endfacet
  facet normal 0 0 -1
    outer loop
      vertex -19.121320344507694 29.121320344507694 0
      vertex 18.414190210402012 29.64576379209757 0
      vertex 18.666710697114468 29.49440883845091 0
    endloop
  endfacet
  facet normal 0 1 0
    outer loop
      vertex -17 30 0
      vertex 17 30 1.200000000000001
      vertex 17 30 0
    endloop
  endfacet
  facet normal 0 0 -1
    outer loop
      vertex -19.985554181039333 27.29405142366886 0
      vertex 19.771638594567776 28.14805030077696 0
      vertex 19.87082100659609 27.870854035019875 0
    endloop
  endfacet
  facet normal 0 0 -1
    outer loop
      vertex -19.94235584139824 27.58527096360922 0
      vertex 19.64576379209757 28.414190210402012 0
      vertex 19.771638594567776 28.14805030077696 0
    endloop
  endfacet
  facet normal 0 0 -1
    outer loop
      vertex -20 27 0
      vertex 19.87082100659609 27.870854035019875 0
      vertex 19.94235584139824 27.58527096360922 0
    endloop
  endfacet
  facet normal 0 0 -1
    outer loop
      vertex -19.771638594567776 28.14805030077696 0
      vertex 19.319031357765198 28.903179854154587 0
      vertex 19.49440883845091 28.666710697114468 0
    endloop
  endfacet
  facet normal 0 0 -1
    outer loop
      vertex -19.87082100659609 27.870854035019875 0
      vertex 19.49440883845091 28.666710697114468 0
      vertex 19.64576379209757 28.414190210402012 0
    endloop
  endfacet
  facet normal 0 0 -1
    outer loop
      vertex -19.64576379209757 28.414190210402012 0
      vertex 19.121320344507694 29.121320344507694 0
      vertex 19.319031357765198 28.903179854154587 0
    endloop
  endfacet
  facet normal 0 0 1
    outer loop
      vertex -17.870854035019875 29.87082100659609 1.200000000000001
      vertex 17.29405142366886 29.985554181039333 1.200000000000001
      vertex 17 30 1.200000000000001
    endloop
  endfacet
  facet normal 0 0 1
    outer loop
      vertex -18.14805030077696 29.771638594567776 1.200000000000001
      vertex 17.58527096360922 29.94235584139824 1.200000000000001
      vertex 17.29405142366886 29.985554181039333 1.200000000000001
    endloop
  endfacet
  facet normal 0 0 1
    outer loop
      vertex -19.49440883845091 28.666710697114468 1.200000000000001
      vertex 19.121320344507694 29.121320344507694 1.200000000000001
      vertex 18.903179854154587 29.319031357765198 1.200000000000001
    endloop
  endfacet
  facet normal 0 0 1
    outer loop
      vertex -18.414190210402012 29.64576379209757 1.200000000000001
      vertex 17.870854035019875 29.87082100659609 1.200000000000001
      vertex 17.58527096360922 29.94235584139824 1.200000000000001
    endloop
  endfacet
  facet normal 0 0 1
    outer loop
      vertex -18.666710697114468 29.49440883845091 1.200000000000001
      vertex 18.14805030077696 29.771638594567776 1.200000000000001
      vertex 17.870854035019875 29.87082100659609 1.200000000000001
    endloop
  endfacet
  facet normal 0 0 1
    outer loop
      vertex -18.903179854154587 29.319031357765198 1.200000000000001
      vertex 18.414190210402012 29.64576379209757 1.200000000000001
      vertex 18.14805030077696 29.771638594567776 1.200000000000001
    endloop
  endfacet
  facet normal 0 0 1
    outer loop
      vertex -19.319031357765198 28.903179854154587 1.200000000000001
      vertex 18.903179854154587 29.319031357765198 1.200000000000001
      vertex 18.666710697114468 29.49440883845091 1.200000000000001
    endloop
  endfacet
  facet normal 0 0 1
    outer loop
      vertex -19.121320344507694 29.121320344507694 1.200000000000001
      vertex 18.666710697114468 29.49440883845091 1.200000000000001
      vertex 18.414190210402012 29.64576379209757 1.200000000000001
    endloop
  endfacet
  facet normal 0 0 1
    outer loop
      vertex -19.985554181039333 27.29405142366886 1.200000000000001
      vertex 19.87082100659609 27.870854035019875 1.200000000000001
      vertex 19.771638594567776 28.14805030077696 1.200000000000001
    endloop
  endfacet
  facet normal 0 0 1
    outer loop
      vertex -19.94235584139824 27.58527096360922 1.200000000000001
      vertex 19.771638594567776 28.14805030077696 1.200000000000001
      vertex 19.64576379209757 28.414190210402012 1.200000000000001
    endloop
  endfacet
  facet normal 0 0 1
    outer loop
      vertex -20 27 1.200000000000001
      vertex 19.94235584139824 27.58527096360922 1.200000000000001
      vertex 19.87082100659609 27.870854035019875 1.200000000000001
    endloop
  endfacet
  facet normal 0 0 1
    outer loop
      vertex -19.771638594567776 28.14805030077696 1.200000000000001
      vertex 19.49440883845091 28.666710697114468 1.200000000000001
      vertex 19.319031357765198 28.903179854154587 1.200000000000001
    endloop
  endfacet
  facet normal 0 0 1
    outer loop
      vertex -19.87082100659609 27.870854035019875 1.200000000000001
      vertex 19.64576379209757 28.414190210402012 1.200000000000001
      vertex 19.49440883845091 28.666710697114468 1.200000000000001
    endloop
  endfacet
  facet normal 0 0 1
    outer loop
      vertex -19.64576379209757 28.414190210402012 1.200000000000001
      vertex 19.319031357765198 28.903179854154587 1.200000000000001
      vertex 19.121320344507694 29.121320344507694 1.200000000000001
    endloop
  endfacet
  facet normal 0 0 -1
    outer loop
      vertex 11.253913814164655 25.166697489341164 0
      vertex 8 25.2 0
      vertex 8.078413712263648 25.20385221866224 0
    endloop
  endfacet
  facet normal 0 0 -1
    outer loop
      vertex 11.253913814164655 25.166697489341164 0
      vertex 8.078413712263648 25.20385221866224 0
      vertex 8.156072257612903 25.215371775677415 0
    endloop
  endfacet
  facet normal 0 0 -1
    outer loop
      vertex 11.253913814164655 25.166697489341164 0
      vertex 8.156072257612903 25.215371775677415 0
      vertex 8.23222774180357 25.23444773141423 0
    endloop
  endfacet
  facet normal 0 0 -1
    outer loop
      vertex 11.253913814164655 25.166697489341164 0
      vertex 8.23222774180357 25.23444773141423 0
      vertex 8.306146745892072 25.26089637399097 0
    endloop
  endfacet
  facet normal 0 0 -1
    outer loop
      vertex 11.253913814164655 25.166697489341164 0
      vertex 8.306146745892072 25.26089637399097 0
      vertex 8.377117389460798 25.294462988521317 0
    endloop
  endfacet
  facet normal 0 0 -1
    outer loop
      vertex 11.253913814164655 25.166697489341164 0
      vertex 8.377117389460798 25.294462988521317 0
      vertex 8.444456186415682 25.334824310157963 0
    endloop
  endfacet
  facet normal 0 0 -1
    outer loop
      vertex 11.376678047938253 25.332225896743655 0
      vertex 8.444456186415682 25.334824310157963 0
      vertex 8.507514627330917 25.38159163730981 0
    endloop
  endfacet
  facet normal 0 0 -1
    outer loop
      vertex 11.376678047938253 25.332225896743655 0
      vertex 8.507514627330917 25.38159163730981 0
      vertex 8.565685424949239 25.434314575050763 0
    endloop
  endfacet
  facet normal 0 0 -1
    outer loop
      vertex 11.376678047938253 25.332225896743655 0
      vertex 8.565685424949239 25.434314575050763 0
      vertex 8.61840836269019 25.492485372669083 0
    endloop
  endfacet
  facet normal 0 0 -1
    outer loop
      vertex 11.51507575950825 25.48492424049175 0
      vertex 8.61840836269019 25.492485372669083 0
      vertex 8.665175689842036 25.55554381358432 0
    endloop
  endfacet
  facet normal 0 0 -1
    outer loop
      vertex 11.51507575950825 25.48492424049175 0
      vertex 8.665175689842036 25.55554381358432 0
      vertex 8.705537011478684 25.6228826105392 0
    endloop
  endfacet
  facet normal 0 0 -1
    outer loop
      vertex 11.667774103256345 25.623321952061747 0
      vertex 8.705537011478684 25.6228826105392 0
      vertex 8.73910362600903 25.69385325410793 0
    endloop
  endfacet
  facet normal 0 0 -1
    outer loop
      vertex 11.667774103256345 25.623321952061747 0
      vertex 8.73910362600903 25.69385325410793 0
      vertex 8.765552268585767 25.76777225819643 0
    endloop
  endfacet
  facet normal 0 0 -1
    outer loop
      vertex 11.833302510658836 25.746086185835345 0
      vertex 8.765552268585767 25.76777225819643 0
      vertex 8.784628224322585 25.8439277423871 0
    endloop
  endfacet
  facet normal 0 0 -1
    outer loop
      vertex 12.010066852665405 25.852034655131547 0
      vertex 8.784628224322585 25.8439277423871 0
      vertex 8.796147781337758 25.92158628773635 0
    endloop
  endfacet
  facet normal 0 0 -1
    outer loop
      vertex 12.010066852665405 25.852034655131547 0
      vertex 8.796147781337758 25.92158628773635 0
      vertex 8.8 26 0
    endloop
  endfacet
  facet normal 0 0 -1
    outer loop
      vertex 12.39040217776563 26.00957470503764 0
      vertex 8.8 26 0
      vertex 8.796147781337758 26.07841371226365 0
    endloop
  endfacet
  facet normal 0 0 1
    outer loop
      vertex 12.333315720376477 24.997763534763052 1.200000000000001
      vertex 8.078413712263648 25.20385221866224 1.200000000000001
      vertex 8 25.2 1.200000000000001
    endloop
  endfacet
  facet normal 0 0 1
    outer loop
      vertex 12.333315720376477 24.997763534763052 1.200000000000001
      vertex 8.156072257612903 25.215371775677415 1.200000000000001
      vertex 8.078413712263648 25.20385221866224 1.200000000000001
    endloop
  endfacet
  facet normal 0 0 1
    outer loop
      vertex 12.333315720376477 24.997763534763052 1.200000000000001
      vertex 8.23222774180357 25.23444773141423 1.200000000000001
      vertex 8.156072257612903 25.215371775677415 1.200000000000001
    endloop
  endfacet
  facet normal 0 0 1
    outer loop
      vertex 12.333315720376477 24.997763534763052 1.200000000000001
      vertex 8.306146745892072 25.26089637399097 1.200000000000001
      vertex 8.23222774180357 25.23444773141423 1.200000000000001
    endloop
  endfacet
  facet normal 0 0 1
    outer loop
      vertex 12.333315720376477 24.997763534763052 1.200000000000001
      vertex 8.377117389460798 25.294462988521317 1.200000000000001
      vertex 8.306146745892072 25.26089637399097 1.200000000000001
    endloop
  endfacet
  facet normal 0 0 1
    outer loop
      vertex 12.333315720376477 24.997763534763052 1.200000000000001
      vertex 8.444456186415682 25.334824310157963 1.200000000000001
      vertex 8.377117389460798 25.294462988521317 1.200000000000001
    endloop
  endfacet
  facet normal 0 0 1
    outer loop
      vertex 12.333315720376477 24.997763534763052 1.200000000000001
      vertex 8.507514627330917 25.38159163730981 1.200000000000001
      vertex 8.444456186415682 25.334824310157963 1.200000000000001
    endloop
  endfacet
  facet normal 0 0 1
    outer loop
      vertex 12.333315720376477 24.997763534763052 1.200000000000001
      vertex 8.565685424949239 25.434314575050763 1.200000000000001
      vertex 8.507514627330917 25.38159163730981 1.200000000000001
    endloop
  endfacet
  facet normal 0 0 1
    outer loop
      vertex 12.333315720376477 24.997763534763052 1.200000000000001
      vertex 8.61840836269019 25.492485372669083 1.200000000000001
      vertex 8.565685424949239 25.434314575050763 1.200000000000001
    endloop
  endfacet
  facet normal 0 0 1
    outer loop
      vertex 12.333315720376477 24.997763534763052 1.200000000000001
      vertex 8.665175689842036 25.55554381358432 1.200000000000001
      vertex 8.61840836269019 25.492485372669083 1.200000000000001
    endloop
  endfacet
  facet normal 0 0 1
    outer loop
      vertex 12.333315720376477 24.997763534763052 1.200000000000001
      vertex 8.705537011478684 25.6228826105392 1.200000000000001
      vertex 8.665175689842036 25.55554381358432 1.200000000000001
    endloop
  endfacet
  facet normal 0 0 1
    outer loop
      vertex 12.333315720376477 24.997763534763052 1.200000000000001
      vertex 8.765552268585767 25.76777225819643 1.200000000000001
      vertex 8.73910362600903 25.69385325410793 1.200000000000001
    endloop
  endfacet
  facet normal 0 0 1
    outer loop
      vertex 12.333315720376477 24.997763534763052 1.200000000000001
      vertex 8.73910362600903 25.69385325410793 1.200000000000001
      vertex 8.705537011478684 25.6228826105392 1.200000000000001
    endloop
  endfacet
  facet normal 0 0 1
    outer loop
      vertex 12.333315720376477 24.997763534763052 1.200000000000001
      vertex 8.784628224322585 25.8439277423871 1.200000000000001
      vertex 8.765552268585767 25.76777225819643 1.200000000000001
    endloop
  endfacet
  facet normal 0 0 -1
    outer loop
      vertex 13 26.1 0
      vertex 8.507514627330917 26.61840836269019 0
      vertex 8.444456186415682 26.665175689842037 0
    endloop
  endfacet
  facet normal 0 0 -1
    outer loop
      vertex 13 26.1 0
      vertex 8.444456186415682 26.665175689842037 0
      vertex 8.377117389460798 26.705537011478683 0
    endloop
  endfacet
  facet normal 0 0 -1
    outer loop
      vertex 13.5 -0.8999999999999999 0
      vertex 10.665175689842036 0.44445618641568174 0
      vertex 10.61840836269019 0.5075146273309165 0
    endloop
  endfacet
  facet normal 0 0 -1
    outer loop
      vertex 20 27 0
      vertex 9.294462988521316 0.37711738946079815 0
      vertex 9.26089637399097 0.30614674589207186 0
    endloop
  endfacet
  facet normal 0 0 -1
    outer loop
      vertex 20 27 0
      vertex 9.334824310157964 0.44445618641568174 0
      vertex 9.294462988521316 0.37711738946079815 0
    endloop
  endfacet
  facet normal 0 0 -1
    outer loop
      vertex 20 27 0
      vertex 9.38159163730981 0.5075146273309165 0
      vertex 9.334824310157964 0.44445618641568174 0
    endloop
  endfacet
  facet normal 0 0 -1
    outer loop
      vertex 20 27 0
      vertex 9.434314575050761 0.5656854249492381 0
      vertex 9.38159163730981 0.5075146273309165 0
    endloop
  endfacet
  facet normal 0 0 -1
    outer loop
      vertex 20 27 0
      vertex 10.61840836269019 0.5075146273309165 0
      vertex 10.565685424949239 0.5656854249492381 0
    endloop
  endfacet
  facet normal 0 0 -1
    outer loop
      vertex 20 27 0
      vertex 9.492485372669083 0.6184083626901896 0
      vertex 9.434314575050761 0.5656854249492381 0
    endloop
  endfacet
  facet normal 0 0 -1
    outer loop
      vertex 20 27 0
      vertex 9.555543813584318 0.6651756898420362 0
      vertex 9.492485372669083 0.6184083626901896 0
    endloop
  endfacet
  facet normal 0 0 -1
    outer loop
      vertex 20 27 0
      vertex 9.622882610539202 0.7055370114786841 0
      vertex 9.555543813584318 0.6651756898420362 0
    endloop
  endfacet
  facet normal 0 0 -1
    outer loop
      vertex 20 27 0
      vertex 9.693853254107928 0.7391036260090295 0
      vertex 9.622882610539202 0.7055370114786841 0
    endloop
  endfacet
  facet normal 0 0 -1
    outer loop
      vertex 20 27 0
      vertex 9.76777225819643 0.7655522685857671 0
      vertex 9.693853254107928 0.7391036260090295 0
    endloop
  endfacet
  facet normal 0 0 -1
    outer loop
      vertex 20 27 0
      vertex 9.843927742387097 0.7846282243225844 0
      vertex 9.76777225819643 0.7655522685857671 0
    endloop
  endfacet
  facet normal 0 0 -1
    outer loop
      vertex 20 27 0
      vertex 9.921586287736352 0.7961477813377575 0
      vertex 9.843927742387097 0.7846282243225844 0
    endloop
  endfacet
  facet normal 0 0 -1
    outer loop
      vertex 20 27 0
      vertex 10 0.8 0
      vertex 9.921586287736352 0.7961477813377575 0
    endloop
  endfacet
  facet normal 0 0 -1
    outer loop
      vertex 20 27 0
      vertex 10.078413712263648 0.7961477813377575 0
      vertex 10 0.8 0
    endloop
  endfacet
  facet normal 0 0 -1
    outer loop
      vertex 20 27 0
      vertex 10.156072257612903 0.7846282243225844 0
      vertex 10.078413712263648 0.7961477813377575 0
    endloop
  endfacet
  facet normal 0 0 -1
    outer loop
      vertex 20 27 0
      vertex 10.23222774180357 0.7655522685857671 0
      vertex 10.156072257612903 0.7846282243225844 0
    endloop
  endfacet
  facet normal 0 0 -1
    outer loop
      vertex 20 27 0
      vertex 10.306146745892072 0.7391036260090295 0
      vertex 10.23222774180357 0.7655522685857671 0
    endloop
  endfacet
  facet normal 0 0 -1
    outer loop
      vertex 20 27 0
      vertex 10.377117389460798 0.7055370114786841 0
      vertex 10.306146745892072 0.7391036260090295 0
    endloop
  endfacet
  facet normal 0 0 -1
    outer loop
      vertex 20 27 0
      vertex 10.444456186415682 0.6651756898420362 0
      vertex 10.377117389460798 0.7055370114786841 0
    endloop
  endfacet
  facet normal 0 0 -1
    outer loop
      vertex 20 27 0
      vertex 10.507514627330917 0.6184083626901896 0
      vertex 10.444456186415682 0.6651756898420362 0
    endloop
  endfacet
  facet normal 0 0 -1
    outer loop
      vertex 20 27 0
      vertex 10.565685424949239 0.5656854249492381 0
      vertex 10.507514627330917 0.6184083626901896 0
    endloop
  endfacet
  facet normal 0 0 -1
    outer loop
      vertex 20 27 0
      vertex 13.5 -0.8999999999999999 0
      vertex 10.61840836269019 0.5075146273309165 0
    endloop
  endfacet
  facet normal 0 0 1
    outer loop
      vertex 20 27 1.200000000000001
      vertex 9.26089637399097 0.30614674589207186 1.200000000000001
      vertex 9.294462988521316 0.37711738946079815 1.200000000000001
    endloop
  endfacet
  facet normal 0 0 1
    outer loop
      vertex 20 27 1.200000000000001
      vertex 9.294462988521316 0.37711738946079815 1.200000000000001
      vertex 9.334824310157964 0.44445618641568174 1.200000000000001
    endloop
  endfacet
  facet normal 0 0 1
    outer loop
      vertex 20 27 1.200000000000001
      vertex 9.334824310157964 0.44445618641568174 1.200000000000001
      vertex 9.38159163730981 0.5075146273309165 1.200000000000001
    endloop
  endfacet
  facet normal 0 0 1
    outer loop
      vertex 20 27 1.200000000000001
      vertex 9.38159163730981 0.5075146273309165 1.200000000000001
      vertex 9.434314575050761 0.5656854249492381 1.200000000000001
    endloop
  endfacet
  facet normal 0 0 1
    outer loop
      vertex 20 27 1.200000000000001
      vertex 10.565685424949239 0.5656854249492381 1.200000000000001
      vertex 10.61840836269019 0.5075146273309165 1.200000000000001
    endloop
  endfacet
  facet normal 0 0 1
    outer loop
      vertex 20 27 1.200000000000001
      vertex 9.434314575050761 0.5656854249492381 1.200000000000001
      vertex 9.492485372669083 0.6184083626901896 1.200000000000001
    endloop
  endfacet
  facet normal 0 0 1
    outer loop
      vertex 20 27 1.200000000000001
      vertex 9.492485372669083 0.6184083626901896 1.200000000000001
      vertex 9.555543813584318 0.6651756898420362 1.200000000000001
    endloop
  endfacet
  facet normal 0 0 1
    outer loop
      vertex 20 27 1.200000000000001
      vertex 9.555543813584318 0.6651756898420362 1.200000000000001
      vertex 9.622882610539202 0.7055370114786841 1.200000000000001
    endloop
  endfacet
  facet normal 0 0 1
    outer loop
      vertex 20 27 1.200000000000001
      vertex 9.622882610539202 0.7055370114786841 1.200000000000001
      vertex 9.693853254107928 0.7391036260090295 1.200000000000001
    endloop
  endfacet
  facet normal 0 0 1
    outer loop
      vertex 20 27 1.200000000000001
      vertex 9.693853254107928 0.7391036260090295 1.200000000000001
      vertex 9.76777225819643 0.7655522685857671 1.200000000000001
    endloop
  endfacet
  facet normal 0 0 1
    outer loop
      vertex 20 27 1.200000000000001
      vertex 9.76777225819643 0.7655522685857671 1.200000000000001
      vertex 9.843927742387097 0.7846282243225844 1.200000000000001
    endloop
  endfacet
  facet normal 0 0 1
    outer loop
      vertex 20 27 1.200000000000001
      vertex 9.843927742387097 0.7846282243225844 1.200000000000001
      vertex 9.921586287736352 0.7961477813377575 1.200000000000001
    endloop
  endfacet
  facet normal 0 0 1
    outer loop
      vertex 20 27 1.200000000000001
      vertex 9.921586287736352 0.7961477813377575 1.200000000000001
      vertex 10 0.8 1.200000000000001
    endloop
  endfacet
  facet normal 0 0 1
    outer loop
      vertex 20 27 1.200000000000001
      vertex 10 0.8 1.200000000000001
      vertex 10.078413712263648 0.7961477813377575 1.200000000000001
    endloop
  endfacet
  facet normal 0 0 1
    outer loop
      vertex 20 27 1.200000000000001
      vertex 10.078413712263648 0.7961477813377575 1.200000000000001
      vertex 10.156072257612903 0.7846282243225844 1.200000000000001
    endloop
  endfacet
  facet normal 0 0 1
    outer loop
      vertex 20 27 1.200000000000001
      vertex 10.156072257612903 0.7846282243225844 1.200000000000001
      vertex 10.23222774180357 0.7655522685857671 1.200000000000001
    endloop
  endfacet
  facet normal 0 0 1
    outer loop
      vertex 20 27 1.200000000000001
      vertex 10.23222774180357 0.7655522685857671 1.200000000000001
      vertex 10.306146745892072 0.7391036260090295 1.200000000000001
    endloop
  endfacet
  facet normal 0 0 1
    outer loop
      vertex 20 27 1.200000000000001
      vertex 10.306146745892072 0.7391036260090295 1.200000000000001
      vertex 10.377117389460798 0.7055370114786841 1.200000000000001
    endloop
  endfacet
  facet normal 0 0 1
    outer loop
      vertex 20 27 1.200000000000001
      vertex 10.377117389460798 0.7055370114786841 1.200000000000001
      vertex 10.444456186415682 0.6651756898420362 1.200000000000001
    endloop
  endfacet
  facet normal 0 0 1
    outer loop
      vertex 20 27 1.200000000000001
      vertex 10.444456186415682 0.6651756898420362 1.200000000000001
      vertex 10.507514627330917 0.6184083626901896 1.200000000000001
    endloop
  endfacet
  facet normal 0 0 1
    outer loop
      vertex 20 27 1.200000000000001
      vertex 10.507514627330917 0.6184083626901896 1.200000000000001
      vertex 10.565685424949239 0.5656854249492381 1.200000000000001
    endloop
  endfacet
  facet normal 0 0 1
    outer loop
      vertex 20 27 1.200000000000001
      vertex 10.796147781337758 0.07841371226364849 1.200000000000001
      vertex 10.8 0 1.200000000000001
    endloop
  endfacet
  facet normal 0 0 1
    outer loop
      vertex 20 27 1.200000000000001
      vertex 10.784628224322585 0.1560722576129026 1.200000000000001
      vertex 10.796147781337758 0.07841371226364849 1.200000000000001
    endloop
  endfacet
  facet normal 0 0 1
    outer loop
      vertex 20 27 1.200000000000001
      vertex 10.765552268585767 0.23222774180356986 1.200000000000001
      vertex 10.784628224322585 0.1560722576129026 1.200000000000001
    endloop
  endfacet
  facet normal 0 0 1
    outer loop
      vertex 20 27 1.200000000000001
      vertex 10.705537011478684 0.37711738946079815 1.200000000000001
      vertex 10.73910362600903 0.30614674589207186 1.200000000000001
    endloop
  endfacet
  facet normal 0 0 1
    outer loop
      vertex 20 27 1.200000000000001
      vertex 10.61840836269019 0.5075146273309165 1.200000000000001
      vertex 10.665175689842036 0.44445618641568174 1.200000000000001
    endloop
  endfacet
  facet normal 0 0 1
    outer loop
      vertex 20 27 1.200000000000001
      vertex 10.665175689842036 0.44445618641568174 1.200000000000001
      vertex 10.705537011478684 0.37711738946079815 1.200000000000001
    endloop
  endfacet
  facet normal 0 0 1
    outer loop
      vertex 20 27 1.200000000000001
      vertex 10.73910362600903 0.30614674589207186 1.200000000000001
      vertex 10.765552268585767 0.23222774180356986 1.200000000000001
    endloop
  endfacet
  facet normal 0 0 1
    outer loop
      vertex 20 27 1.200000000000001
      vertex 10.8 0 1.200000000000001
      vertex 12.895220001750003 -0.9595656307499856 1.200000000000001
    endloop
  endfacet
  facet normal 0 0 -1
    outer loop
      vertex 20 27 0
      vertex 16.2339559194799 -2.538670115839407 0
      vertex 16.07755579813789 -2.2777322776392332 0
    endloop
  endfacet
  facet normal 0 0 1
    outer loop
      vertex 20 27 1.200000000000001
      vertex 16.07755579813789 -2.2777322776392332 1.200000000000001
      vertex 16.2339559194799 -2.538670115839407 1.200000000000001
    endloop
  endfacet
  facet normal 0 0 -1
    outer loop
      vertex 20 27 0
      vertex 16.58507265268381 -4.303853135021638 0
      vertex 16.6 -4 0
    endloop
  endfacet
  facet normal 0 0 -1
    outer loop
      vertex 20 27 0
      vertex 16.6 -4 0
      vertex 16.58507265268381 -3.696146864978362 0
    endloop
  endfacet
  facet normal 0 0 -1
    outer loop
      vertex 20 27 0
      vertex 16.46651504076985 -3.1001175005111667 0
      vertex 16.36402655078499 -2.8136813596682217 0
    endloop
  endfacet
  facet normal 0 0 -1
    outer loop
      vertex 20 27 0
      vertex 16.58507265268381 -3.696146864978362 0
      vertex 16.540434369250015 -3.3952200017500025 0
    endloop
  endfacet
  facet normal 0 0 -1
    outer loop
      vertex 20 27 0
      vertex 16.540434369250015 -3.3952200017500025 0
      vertex 16.46651504076985 -3.1001175005111667 0
    endloop
  endfacet
  facet normal 0 0 -1
    outer loop
      vertex 20 27 0
      vertex 16.36402655078499 -2.8136813596682217 0
      vertex 16.2339559194799 -2.538670115839407 0
    endloop
  endfacet
  facet normal 0 0 1
    outer loop
      vertex 20 27 1.200000000000001
      vertex 16.58507265268381 -3.696146864978362 1.200000000000001
      vertex 16.6 -4 1.200000000000001
    endloop
  endfacet
  facet normal 0 0 1
    outer loop
      vertex 20 27 1.200000000000001
      vertex 16.36402655078499 -2.8136813596682217 1.200000000000001
      vertex 16.46651504076985 -3.1001175005111667 1.200000000000001
    endloop
  endfacet
  facet normal 0 0 1
    outer loop
      vertex 20 27 1.200000000000001
      vertex 16.540434369250015 -3.3952200017500025 1.200000000000001
      vertex 16.58507265268381 -3.696146864978362 1.200000000000001
    endloop
  endfacet
  facet normal 0 0 1
    outer loop
      vertex 20 27 1.200000000000001
      vertex 16.46651504076985 -3.1001175005111667 1.200000000000001
      vertex 16.540434369250015 -3.3952200017500025 1.200000000000001
    endloop
  endfacet
  facet normal 0 0 1
    outer loop
      vertex 20 27 1.200000000000001
      vertex 16.2339559194799 -2.538670115839407 1.200000000000001
      vertex 16.36402655078499 -2.8136813596682217 1.200000000000001
    endloop
  endfacet
  facet normal 0 0 -1
    outer loop
      vertex 20 27 0
      vertex 13.803853135021638 -0.9149273473161896 0
      vertex 13.5 -0.8999999999999999 0
    endloop
  endfacet
  facet normal 0 0 -1
    outer loop
      vertex 20 27 0
      vertex 14.104779998249997 -0.9595656307499856 0
      vertex 13.803853135021638 -0.9149273473161896 0
    endloop
  endfacet
  facet normal 0 0 -1
    outer loop
      vertex 20 27 0
      vertex 14.399882499488832 -1.0334849592301527 0
      vertex 14.104779998249997 -0.9595656307499856 0
    endloop
  endfacet
  facet normal 0 0 -1
    outer loop
      vertex 20 27 0
      vertex 14.686318640331779 -1.1359734492150109 0
      vertex 14.399882499488832 -1.0334849592301527 0
    endloop
  endfacet
  facet normal 0 0 -1
    outer loop
      vertex 20 27 0
      vertex 14.961329884160593 -1.2660440805200994 0
      vertex 14.686318640331779 -1.1359734492150109 0
    endloop
  endfacet
  facet normal 0 0 -1
    outer loop
      vertex 20 27 0
      vertex 15.222267722360767 -1.4224442018621097 0
      vertex 14.961329884160593 -1.2660440805200994 0
    endloop
  endfacet
  facet normal 0 0 -1
    outer loop
      vertex 20 27 0
      vertex 15.692031021678297 -1.8079689783217026 0
      vertex 15.466619180907301 -1.6036675945755152 0
    endloop
  endfacet
  facet normal 0 0 -1
    outer loop
      vertex 20 27 0
      vertex 15.466619180907301 -1.6036675945755152 0
      vertex 15.222267722360767 -1.4224442018621097 0
    endloop
  endfacet
  facet normal 0 0 -1
    outer loop
      vertex 20 27 0
      vertex 15.896332405424484 -2.0333808190926987 0
      vertex 15.692031021678297 -1.8079689783217026 0
    endloop
  endfacet
  facet normal 0 0 -1
    outer loop
      vertex 20 27 0
      vertex 16.07755579813789 -2.2777322776392332 0
      vertex 15.896332405424484 -2.0333808190926987 0
    endloop
  endfacet
  facet normal 0 0 1
    outer loop
      vertex 20 27 1.200000000000001
      vertex 12.895220001750003 -0.9595656307499856 1.200000000000001
      vertex 13.196146864978362 -0.9149273473161896 1.200000000000001
    endloop
  endfacet
  facet normal 0 0 1
    outer loop
      vertex 20 27 1.200000000000001
      vertex 13.196146864978362 -0.9149273473161896 1.200000000000001
      vertex 13.5 -0.8999999999999999 1.200000000000001
    endloop
  endfacet
  facet normal 0 0 1
    outer loop
      vertex 20 27 1.200000000000001
      vertex 13.5 -0.8999999999999999 1.200000000000001
      vertex 13.803853135021638 -0.9149273473161896 1.200000000000001
    endloop
  endfacet
  facet normal 0 0 1
    outer loop
      vertex 20 27 1.200000000000001
      vertex 13.803853135021638 -0.9149273473161896 1.200000000000001
      vertex 14.104779998249997 -0.9595656307499856 1.200000000000001
    endloop
  endfacet
  facet normal 0 0 1
    outer loop
      vertex 20 27 1.200000000000001
      vertex 14.104779998249997 -0.9595656307499856 1.200000000000001
      vertex 14.399882499488832 -1.0334849592301527 1.200000000000001
    endloop
  endfacet
  facet normal 0 0 1
    outer loop
      vertex 20 27 1.200000000000001
      vertex 14.399882499488832 -1.0334849592301527 1.200000000000001
      vertex 14.686318640331779 -1.1359734492150109 1.200000000000001
    endloop
  endfacet
  facet normal 0 0 1
    outer loop
      vertex 20 27 1.200000000000001
      vertex 14.686318640331779 -1.1359734492150109 1.200000000000001
      vertex 14.961329884160593 -1.2660440805200994 1.200000000000001
    endloop
  endfacet
  facet normal 0 0 1
    outer loop
      vertex 20 27 1.200000000000001
      vertex 14.961329884160593 -1.2660440805200994 1.200000000000001
      vertex 15.222267722360767 -1.4224442018621097 1.200000000000001
    endloop
  endfacet
  facet normal 0 0 1
    outer loop
      vertex 20 27 1.200000000000001
      vertex 15.466619180907301 -1.6036675945755152 1.200000000000001
      vertex 15.692031021678297 -1.8079689783217026 1.200000000000001
    endloop
  endfacet
  facet normal 0 0 1
    outer loop
      vertex 20 27 1.200000000000001
      vertex 15.222267722360767 -1.4224442018621097 1.200000000000001
      vertex 15.466619180907301 -1.6036675945755152 1.200000000000001
    endloop
  endfacet
  facet normal 0 0 1
    outer loop
      vertex 20 27 1.200000000000001
      vertex 15.692031021678297 -1.8079689783217026 1.200000000000001
      vertex 15.896332405424484 -2.0333808190926987 1.200000000000001
    endloop
  endfacet
  facet normal 0 0 1
    outer loop
      vertex 20 27 1.200000000000001
      vertex 15.896332405424484 -2.0333808190926987 1.200000000000001
      vertex 16.07755579813789 -2.2777322776392332 1.200000000000001
    endloop
  endfacet
  facet normal 1 0 0
    outer loop
      vertex 20 -27 1.200000000000001
      vertex 20 27 0
      vertex 20 27 1.200000000000001
    endloop
  endfacet
  facet normal 0 0 -1
    outer loop
      vertex 11.253913814164655 25.166697489341164 0
      vertex 8.444456186415682 25.334824310157963 0
      vertex 11.376678047938253 25.332225896743655 0
    endloop
  endfacet
  facet normal 0 0 -1
    outer loop
      vertex 12.590310323766131 26.059649088846783 0
      vertex 8.796147781337758 26.07841371226365 0
      vertex 8.784628224322585 26.1560722576129 0
    endloop
  endfacet
  facet normal 0 0 -1
    outer loop
      vertex 12.590310323766131 26.059649088846783 0
      vertex 8.784628224322585 26.1560722576129 0
      vertex 8.765552268585767 26.23222774180357 0
    endloop
  endfacet
  facet normal 0 0 -1
    outer loop
      vertex 13 26.1 0
      vertex 8.765552268585767 26.23222774180357 0
      vertex 8.73910362600903 26.30614674589207 0
    endloop
  endfacet
  facet normal 0 0 -1
    outer loop
      vertex 11.376678047938253 25.332225896743655 0
      vertex 8.61840836269019 25.492485372669083 0
      vertex 11.51507575950825 25.48492424049175 0
    endloop
  endfacet
  facet normal 0 0 -1
    outer loop
      vertex 11.51507575950825 25.48492424049175 0
      vertex 8.705537011478684 25.6228826105392 0
      vertex 11.667774103256345 25.623321952061747 0
    endloop
  endfacet
  facet normal 0 0 -1
    outer loop
      vertex 11.667774103256345 25.623321952061747 0
      vertex 8.765552268585767 25.76777225819643 0
      vertex 11.833302510658836 25.746086185835345 0
    endloop
  endfacet
  facet normal 0 0 -1
    outer loop
      vertex 11.833302510658836 25.746086185835345 0
      vertex 8.784628224322585 25.8439277423871 0
      vertex 12.010066852665405 25.852034655131547 0
    endloop
  endfacet
  facet normal 0 0 -1
    outer loop
      vertex 12.010066852665405 25.852034655131547 0
      vertex 8.8 26 0
      vertex 12.196364792033311 25.940147018273702 0
    endloop
  endfacet
  facet normal 0 0 -1
    outer loop
      vertex 12.196364792033311 25.940147018273702 0
      vertex 8.8 26 0
      vertex 12.39040217776563 26.00957470503764 0
    endloop
  endfacet
  facet normal 0 0 -1
    outer loop
      vertex 12.39040217776563 26.00957470503764 0
      vertex 8.796147781337758 26.07841371226365 0
      vertex 12.590310323766131 26.059649088846783 0
    endloop
  endfacet
  facet normal 0 0 -1
    outer loop
      vertex 12.590310323766131 26.059649088846783 0
      vertex 8.765552268585767 26.23222774180357 0
      vertex 12.794164005307923 26.089887926011613 0
    endloop
  endfacet
  facet normal 0 0 -1
    outer loop
      vertex 12.794164005307923 26.089887926011613 0
      vertex 8.765552268585767 26.23222774180357 0
      vertex 13 26.1 0
    endloop
  endfacet
  facet normal 0 0 1
    outer loop
      vertex 12.434323915808802 25.058305517218027 1.200000000000001
      vertex 8.8 26 1.200000000000001
      vertex 8.796147781337758 25.92158628773635 1.200000000000001
    endloop
  endfacet
  facet normal 0 0 1
    outer loop
      vertex 12.434323915808802 25.058305517218027 1.200000000000001
      vertex 8.796147781337758 25.92158628773635 1.200000000000001
      vertex 8.784628224322585 25.8439277423871 1.200000000000001
    endloop
  endfacet
  facet normal 0 0 1
    outer loop
      vertex 12.333315720376477 24.997763534763052 1.200000000000001
      vertex 12.434323915808802 25.058305517218027 1.200000000000001
      vertex 8.784628224322585 25.8439277423871 1.200000000000001
    endloop
  endfacet
  facet normal 0 0 1
    outer loop
      vertex 12.434323915808802 25.058305517218027 1.200000000000001
      vertex 12.540779881161892 25.108655439013543 1.200000000000001
      vertex 8.8 26 1.200000000000001
    endloop
  endfacet
  facet normal 0 0 1
    outer loop
      vertex 12.540779881161892 25.108655439013543 1.200000000000001
      vertex 12.651658387294646 25.14832840287865 1.200000000000001
      vertex 8.8 26 1.200000000000001
    endloop
  endfacet
  facet normal 0 0 1
    outer loop
      vertex 12.651658387294646 25.14832840287865 1.200000000000001
      vertex 12.765891613580646 25.176942336483876 1.200000000000001
      vertex 8.8 26 1.200000000000001
    endloop
  endfacet
  facet normal 0 0 1
    outer loop
      vertex 12.765891613580646 25.176942336483876 1.200000000000001
      vertex 12.882379431604527 25.194221672006638 1.200000000000001
      vertex 8.8 26 1.200000000000001
    endloop
  endfacet
  facet normal 0 0 1
    outer loop
      vertex 12.882379431604527 25.194221672006638 1.200000000000001
      vertex 13 25.2 1.200000000000001
      vertex 8.8 26 1.200000000000001
    endloop
  endfacet
  facet normal 0 0 1
    outer loop
      vertex 13 25.2 1.200000000000001
      vertex 13.117620568395473 25.194221672006638 1.200000000000001
      vertex 8.8 26 1.200000000000001
    endloop
  endfacet
  facet normal 0 0 1
    outer loop
      vertex 13.117620568395473 25.194221672006638 1.200000000000001
      vertex 13.234108386419354 25.176942336483876 1.200000000000001
      vertex 8.8 26 1.200000000000001
    endloop
  endfacet
  facet normal 0 0 -1
    outer loop
      vertex 13 26.1 0
      vertex 8.565685424949239 26.565685424949237 0
      vertex 8.507514627330917 26.61840836269019 0
    endloop
  endfacet
  facet normal 0 0 -1
    outer loop
      vertex 13 26.1 0
      vertex 8.61840836269019 26.507514627330917 0
      vertex 8.565685424949239 26.565685424949237 0
    endloop
  endfacet
  facet normal 0 0 -1
    outer loop
      vertex 13 26.1 0
      vertex 8.665175689842036 26.44445618641568 0
      vertex 8.61840836269019 26.507514627330917 0
    endloop
  endfacet
  facet normal 0 0 -1
    outer loop
      vertex 13 26.1 0
      vertex 8.73910362600903 26.30614674589207 0
      vertex 8.705537011478684 26.3771173894608 0
    endloop
  endfacet
  facet normal 0 0 -1
    outer loop
      vertex 13 26.1 0
      vertex 8.705537011478684 26.3771173894608 0
      vertex 8.665175689842036 26.44445618641568 0
    endloop
  endfacet
  facet normal 0 0 -1
    outer loop
      vertex 19.94235584139824 27.58527096360922 0
      vertex 8 26.8 0
      vertex 7.921586287736352 26.79614778133776 0
    endloop
  endfacet
  facet normal 0 0 -1
    outer loop
      vertex 19.94235584139824 27.58527096360922 0
      vertex 8.078413712263648 26.79614778133776 0
      vertex 8 26.8 0
    endloop
  endfacet
  facet normal 0 0 -1
    outer loop
      vertex 19.94235584139824 27.58527096360922 0
      vertex 8.156072257612903 26.784628224322585 0
      vertex 8.078413712263648 26.79614778133776 0
    endloop
  endfacet
  facet normal 0 0 -1
    outer loop
      vertex 19.94235584139824 27.58527096360922 0
      vertex 8.23222774180357 26.76555226858577 0
      vertex 8.156072257612903 26.784628224322585 0
    endloop
  endfacet
  facet normal 0 0 -1
    outer loop
      vertex 19.94235584139824 27.58527096360922 0
      vertex 8.306146745892072 26.73910362600903 0
      vertex 8.23222774180357 26.76555226858577 0
    endloop
  endfacet
  facet normal 0 0 -1
    outer loop
      vertex 19.94235584139824 27.58527096360922 0
      vertex 8.377117389460798 26.705537011478683 0
      vertex 8.306146745892072 26.73910362600903 0
    endloop
  endfacet
  facet normal 0 0 1
    outer loop
      vertex 19.94235584139824 27.58527096360922 1.200000000000001
      vertex 8 26.8 1.200000000000001
      vertex 8.078413712263648 26.79614778133776 1.200000000000001
    endloop
  endfacet
  facet normal 0 0 1
    outer loop
      vertex 19.94235584139824 27.58527096360922 1.200000000000001
      vertex 8.078413712263648 26.79614778133776 1.200000000000001
      vertex 8.156072257612903 26.784628224322585 1.200000000000001
    endloop
  endfacet
  facet normal 0 0 1
    outer loop
      vertex 19.94235584139824 27.58527096360922 1.200000000000001
      vertex 8.156072257612903 26.784628224322585 1.200000000000001
      vertex 8.23222774180357 26.76555226858577 1.200000000000001
    endloop
  endfacet
  facet normal 0 0 1
    outer loop
      vertex 19.94235584139824 27.58527096360922 1.200000000000001
      vertex 8.23222774180357 26.76555226858577 1.200000000000001
      vertex 8.306146745892072 26.73910362600903 1.200000000000001
    endloop
  endfacet
  facet normal 0 0 1
    outer loop
      vertex 19.94235584139824 27.58527096360922 1.200000000000001
      vertex 8.765552268585767 26.23222774180357 1.200000000000001
      vertex 8.784628224322585 26.1560722576129 1.200000000000001
    endloop
  endfacet
  facet normal 0 0 1
    outer loop
      vertex 19.94235584139824 27.58527096360922 1.200000000000001
      vertex 8.73910362600903 26.30614674589207 1.200000000000001
      vertex 8.765552268585767 26.23222774180357 1.200000000000001
    endloop
  endfacet
  facet normal 0 0 1
    outer loop
      vertex 19.94235584139824 27.58527096360922 1.200000000000001
      vertex 8.507514627330917 26.61840836269019 1.200000000000001
      vertex 8.565685424949239 26.565685424949237 1.200000000000001
    endloop
  endfacet
  facet normal 0 0 1
    outer loop
      vertex 19.94235584139824 27.58527096360922 1.200000000000001
      vertex 8.306146745892072 26.73910362600903 1.200000000000001
      vertex 8.377117389460798 26.705537011478683 1.200000000000001
    endloop
  endfacet
  facet normal 0 0 1
    outer loop
      vertex 19.94235584139824 27.58527096360922 1.200000000000001
      vertex 8.377117389460798 26.705537011478683 1.200000000000001
      vertex 8.444456186415682 26.665175689842037 1.200000000000001
    endloop
  endfacet
  facet normal 0 0 1
    outer loop
      vertex 19.94235584139824 27.58527096360922 1.200000000000001
      vertex 8.444456186415682 26.665175689842037 1.200000000000001
      vertex 8.507514627330917 26.61840836269019 1.200000000000001
    endloop
  endfacet
  facet normal 0 0 1
    outer loop
      vertex 19.94235584139824 27.58527096360922 1.200000000000001
      vertex 8.565685424949239 26.565685424949237 1.200000000000001
      vertex 8.61840836269019 26.507514627330917 1.200000000000001
    endloop
  endfacet
  facet normal 0 0 1
    outer loop
      vertex 19.94235584139824 27.58527096360922 1.200000000000001
      vertex 8.61840836269019 26.507514627330917 1.200000000000001
      vertex 8.665175689842036 26.44445618641568 1.200000000000001
    endloop
  endfacet
  facet normal 0 0 1
    outer loop
      vertex 19.94235584139824 27.58527096360922 1.200000000000001
      vertex 8.665175689842036 26.44445618641568 1.200000000000001
      vertex 8.705537011478684 26.3771173894608 1.200000000000001
    endloop
  endfacet
  facet normal 0 0 1
    outer loop
      vertex 19.94235584139824 27.58527096360922 1.200000000000001
      vertex 8.705537011478684 26.3771173894608 1.200000000000001
      vertex 8.73910362600903 26.30614674589207 1.200000000000001
    endloop
  endfacet
  facet normal 0 0 -1
    outer loop
      vertex 13 26.1 0
      vertex 8.377117389460798 26.705537011478683 0
      vertex 19.94235584139824 27.58527096360922 0
    endloop
  endfacet
  facet normal 0 0 1
    outer loop
      vertex 19.94235584139824 27.58527096360922 1.200000000000001
      vertex 8.796147781337758 26.07841371226365 1.200000000000001
      vertex 8.8 26 1.200000000000001
    endloop
  endfacet
  facet normal 0 0 1
    outer loop
      vertex 19.94235584139824 27.58527096360922 1.200000000000001
      vertex 8.784628224322585 26.1560722576129 1.200000000000001
      vertex 8.796147781337758 26.07841371226365 1.200000000000001
    endloop
  endfacet
  facet normal 0 0 1
    outer loop
      vertex 19.94235584139824 27.58527096360922 1.200000000000001
      vertex 8.8 26 1.200000000000001
      vertex 13.234108386419354 25.176942336483876 1.200000000000001
    endloop
  endfacet
  facet normal 0 0 -1
    outer loop
      vertex 14.48492424049175 22.51507575950825 0
      vertex 14.623321952061747 22.667774103256345 0
      vertex 19.94235584139824 27.58527096360922 0
    endloop
  endfacet
  facet normal 0 0 -1
    outer loop
      vertex 14.623321952061747 22.667774103256345 0
      vertex 14.746086185835345 22.833302510658836 0
      vertex 19.94235584139824 27.58527096360922 0
    endloop
  endfacet
  facet normal 0 0 -1
    outer loop
      vertex 14.746086185835345 22.833302510658836 0
      vertex 14.852034655131545 23.010066852665403 0
      vertex 19.94235584139824 27.58527096360922 0
    endloop
  endfacet
  facet normal 0 0 -1
    outer loop
      vertex 14.852034655131545 23.010066852665403 0
      vertex 14.940147018273702 23.19636479203331 0
      vertex 19.94235584139824 27.58527096360922 0
    endloop
  endfacet
  facet normal 0 0 -1
    outer loop
      vertex 14.940147018273702 23.19636479203331 0
      vertex 15.00957470503764 23.39040217776563 0
      vertex 19.94235584139824 27.58527096360922 0
    endloop
  endfacet
  facet normal 0 0 -1
    outer loop
      vertex 15.00957470503764 23.39040217776563 0
      vertex 15.059649088846784 23.59031032376613 0
      vertex 19.94235584139824 27.58527096360922 0
    endloop
  endfacet
  facet normal 0 0 -1
    outer loop
      vertex 15.059649088846784 23.59031032376613 0
      vertex 15.089887926011613 23.794164005307923 0
      vertex 19.94235584139824 27.58527096360922 0
    endloop
  endfacet
  facet normal 0 0 -1
    outer loop
      vertex 15.089887926011613 23.794164005307923 0
      vertex 15.1 24 0
      vertex 19.94235584139824 27.58527096360922 0
    endloop
  endfacet
  facet normal 0 0 -1
    outer loop
      vertex 15.1 24 0
      vertex 15.089887926011613 24.205835994692077 0
      vertex 19.94235584139824 27.58527096360922 0
    endloop
  endfacet
  facet normal 0 0 -1
    outer loop
      vertex 14.332225896743655 25.623321952061747 0
      vertex 19.94235584139824 27.58527096360922 0
      vertex 14.48492424049175 25.48492424049175 0
    endloop
  endfacet
  facet normal 0 0 -1
    outer loop
      vertex 14.48492424049175 25.48492424049175 0
      vertex 19.94235584139824 27.58527096360922 0
      vertex 14.623321952061747 25.332225896743655 0
    endloop
  endfacet
  facet normal 0 0 -1
    outer loop
      vertex 14.746086185835345 25.166697489341164 0
      vertex 19.94235584139824 27.58527096360922 0
      vertex 14.852034655131545 24.989933147334597 0
    endloop
  endfacet
  facet normal 0 0 -1
    outer loop
      vertex 14.746086185835345 25.166697489341164 0
      vertex 14.623321952061747 25.332225896743655 0
      vertex 19.94235584139824 27.58527096360922 0
    endloop
  endfacet
  facet normal 0 0 -1
    outer loop
      vertex 15.089887926011613 24.205835994692077 0
      vertex 15.059649088846784 24.40968967623387 0
      vertex 19.94235584139824 27.58527096360922 0
    endloop
  endfacet
  facet normal 0 0 -1
    outer loop
      vertex 15.059649088846784 24.40968967623387 0
      vertex 15.00957470503764 24.60959782223437 0
      vertex 19.94235584139824 27.58527096360922 0
    endloop
  endfacet
  facet normal 0 0 -1
    outer loop
      vertex 14.940147018273702 24.80363520796669 0
      vertex 19.94235584139824 27.58527096360922 0
      vertex 15.00957470503764 24.60959782223437 0
    endloop
  endfacet
  facet normal 0 0 -1
    outer loop
      vertex 14.940147018273702 24.80363520796669 0
      vertex 14.852034655131545 24.989933147334597 0
      vertex 19.94235584139824 27.58527096360922 0
    endloop
  endfacet
  facet normal 0 0 1
    outer loop
      vertex 19.94235584139824 27.58527096360922 1.200000000000001
      vertex 13.234108386419354 25.176942336483876 1.200000000000001
      vertex 13.348341612705354 25.14832840287865 1.200000000000001
    endloop
  endfacet
  facet normal 0 0 1
    outer loop
      vertex 19.94235584139824 27.58527096360922 1.200000000000001
      vertex 13.348341612705354 25.14832840287865 1.200000000000001
      vertex 13.459220118838108 25.108655439013543 1.200000000000001
    endloop
  endfacet
  facet normal 0 0 1
    outer loop
      vertex 19.94235584139824 27.58527096360922 1.200000000000001
      vertex 13.927612544035284 23.238728059003627 1.200000000000001
      vertex 13.848528137423857 23.151471862576145 1.200000000000001
    endloop
  endfacet
  facet normal 0 0 1
    outer loop
      vertex 19.94235584139824 27.58527096360922 1.200000000000001
      vertex 13.997763534763054 23.333315720376476 1.200000000000001
      vertex 13.927612544035284 23.238728059003627 1.200000000000001
    endloop
  endfacet
  facet normal 0 0 1
    outer loop
      vertex 19.94235584139824 27.58527096360922 1.200000000000001
      vertex 14.058305517218026 23.434323915808804 1.200000000000001
      vertex 13.997763534763054 23.333315720376476 1.200000000000001
    endloop
  endfacet
  facet normal 0 0 1
    outer loop
      vertex 19.94235584139824 27.58527096360922 1.200000000000001
      vertex 14.108655439013544 23.540779881161892 1.200000000000001
      vertex 14.058305517218026 23.434323915808804 1.200000000000001
    endloop
  endfacet
  facet normal 0 0 1
    outer loop
      vertex 19.94235584139824 27.58527096360922 1.200000000000001
      vertex 14.14832840287865 23.651658387294646 1.200000000000001
      vertex 14.108655439013544 23.540779881161892 1.200000000000001
    endloop
  endfacet
  facet normal 0 0 1
    outer loop
      vertex 19.94235584139824 27.58527096360922 1.200000000000001
      vertex 14.176942336483876 23.765891613580646 1.200000000000001
      vertex 14.14832840287865 23.651658387294646 1.200000000000001
    endloop
  endfacet
  facet normal 0 0 1
    outer loop
      vertex 19.94235584139824 27.58527096360922 1.200000000000001
      vertex 14.194221672006636 23.882379431604527 1.200000000000001
      vertex 14.176942336483876 23.765891613580646 1.200000000000001
    endloop
  endfacet
  facet normal 0 0 1
    outer loop
      vertex 19.94235584139824 27.58527096360922 1.200000000000001
      vertex 14.2 24 1.200000000000001
      vertex 14.194221672006636 23.882379431604527 1.200000000000001
    endloop
  endfacet
  facet normal 0 0 1
    outer loop
      vertex 19.94235584139824 27.58527096360922 1.200000000000001
      vertex 14.194221672006636 24.117620568395473 1.200000000000001
      vertex 14.2 24 1.200000000000001
    endloop
  endfacet
  facet normal 0 0 1
    outer loop
      vertex 19.94235584139824 27.58527096360922 1.200000000000001
      vertex 14.176942336483876 24.234108386419354 1.200000000000001
      vertex 14.194221672006636 24.117620568395473 1.200000000000001
    endloop
  endfacet
  facet normal 0 0 1
    outer loop
      vertex 19.94235584139824 27.58527096360922 1.200000000000001
      vertex 13.848528137423857 24.848528137423855 1.200000000000001
      vertex 13.927612544035284 24.761271940996373 1.200000000000001
    endloop
  endfacet
  facet normal 0 0 1
    outer loop
      vertex 19.94235584139824 27.58527096360922 1.200000000000001
      vertex 13.459220118838108 25.108655439013543 1.200000000000001
      vertex 13.565676084191198 25.058305517218027 1.200000000000001
    endloop
  endfacet
  facet normal 0 0 1
    outer loop
      vertex 19.94235584139824 27.58527096360922 1.200000000000001
      vertex 13.565676084191198 25.058305517218027 1.200000000000001
      vertex 13.666684279623523 24.997763534763052 1.200000000000001
    endloop
  endfacet
  facet normal 0 0 1
    outer loop
      vertex 19.94235584139824 27.58527096360922 1.200000000000001
      vertex 13.666684279623523 24.997763534763052 1.200000000000001
      vertex 13.761271940996375 24.927612544035284 1.200000000000001
    endloop
  endfacet
  facet normal 0 0 1
    outer loop
      vertex 19.94235584139824 27.58527096360922 1.200000000000001
      vertex 13.761271940996375 24.927612544035284 1.200000000000001
      vertex 13.848528137423857 24.848528137423855 1.200000000000001
    endloop
  endfacet
  facet normal 0 0 1
    outer loop
      vertex 19.94235584139824 27.58527096360922 1.200000000000001
      vertex 14.14832840287865 24.348341612705354 1.200000000000001
      vertex 14.176942336483876 24.234108386419354 1.200000000000001
    endloop
  endfacet
  facet normal 0 0 1
    outer loop
      vertex 19.94235584139824 27.58527096360922 1.200000000000001
      vertex 14.058305517218026 24.565676084191196 1.200000000000001
      vertex 14.108655439013544 24.459220118838108 1.200000000000001
    endloop
  endfacet
  facet normal 0 0 1
    outer loop
      vertex 19.94235584139824 27.58527096360922 1.200000000000001
      vertex 14.108655439013544 24.459220118838108 1.200000000000001
      vertex 14.14832840287865 24.348341612705354 1.200000000000001
    endloop
  endfacet
  facet normal 0 0 1
    outer loop
      vertex 19.94235584139824 27.58527096360922 1.200000000000001
      vertex 13.997763534763054 24.666684279623524 1.200000000000001
      vertex 14.058305517218026 24.565676084191196 1.200000000000001
    endloop
  endfacet
  facet normal 0 0 1
    outer loop
      vertex 19.94235584139824 27.58527096360922 1.200000000000001
      vertex 13.927612544035284 24.761271940996373 1.200000000000001
      vertex 13.997763534763054 24.666684279623524 1.200000000000001
    endloop
  endfacet
  facet normal 0 0 -1
    outer loop
      vertex 13 26.1 0
      vertex 19.94235584139824 27.58527096360922 0
      vertex 13.205835994692077 26.089887926011613 0
    endloop
  endfacet
  facet normal 0 0 -1
    outer loop
      vertex 13.205835994692077 26.089887926011613 0
      vertex 19.94235584139824 27.58527096360922 0
      vertex 13.409689676233869 26.059649088846783 0
    endloop
  endfacet
  facet normal 0 0 -1
    outer loop
      vertex 13.409689676233869 26.059649088846783 0
      vertex 19.94235584139824 27.58527096360922 0
      vertex 13.60959782223437 26.00957470503764 0
    endloop
  endfacet
  facet normal 0 0 -1
    outer loop
      vertex 13.803635207966689 25.940147018273702 0
      vertex 19.94235584139824 27.58527096360922 0
      vertex 13.989933147334595 25.852034655131547 0
    endloop
  endfacet
  facet normal 0 0 -1
    outer loop
      vertex 13.60959782223437 26.00957470503764 0
      vertex 19.94235584139824 27.58527096360922 0
      vertex 13.803635207966689 25.940147018273702 0
    endloop
  endfacet
  facet normal 0 0 -1
    outer loop
      vertex 13.989933147334595 25.852034655131547 0
      vertex 19.94235584139824 27.58527096360922 0
      vertex 14.166697489341164 25.746086185835345 0
    endloop
  endfacet
  facet normal 0 0 -1
    outer loop
      vertex 14.166697489341164 25.746086185835345 0
      vertex 19.94235584139824 27.58527096360922 0
      vertex 14.332225896743655 25.623321952061747 0
    endloop
  endfacet
  facet normal 0.049067670415704694 0.9987954563973426 0
    outer loop
      vertex 17 30 0
      vertex 17.29405142366886 29.985554181039333 1.200000000000001
      vertex 17.29405142366886 29.985554181039333 0
    endloop
  endfacet
  facet normal 0.14673047975168185 0.989176509179146 0
    outer loop
      vertex 17.29405142366886 29.985554181039333 0
      vertex 17.58527096360922 29.94235584139824 1.200000000000001
      vertex 17.58527096360922 29.94235584139824 0
    endloop
  endfacet
  facet normal 0.049067670415704694 0.9987954563973426 0
    outer loop
      vertex 17 30 0
      vertex 17 30 1.200000000000001
      vertex 17.29405142366886 29.985554181039333 1.200000000000001
    endloop
  endfacet
  facet normal 0.14673047975168185 0.989176509179146 0
    outer loop
      vertex 17.29405142366886 29.985554181039333 0
      vertex 17.29405142366886 29.985554181039333 1.200000000000001
      vertex 17.58527096360922 29.94235584139824 1.200000000000001
    endloop
  endfacet
  facet normal 0.24298017786540688 0.9700312537050007 0
    outer loop
      vertex 17.58527096360922 29.94235584139824 0
      vertex 17.870854035019875 29.87082100659609 1.200000000000001
      vertex 17.870854035019875 29.87082100659609 0
    endloop
  endfacet
  facet normal 0.3368898600571534 0.9415440627982695 0
    outer loop
      vertex 17.870854035019875 29.87082100659609 0
      vertex 18.14805030077696 29.771638594567776 1.200000000000001
      vertex 18.14805030077696 29.771638594567776 0
    endloop
  endfacet
  facet normal 0.42755509276037695 0.9039892934402849 0
    outer loop
      vertex 18.14805030077696 29.771638594567776 0
      vertex 18.414190210402012 29.64576379209757 1.200000000000001
      vertex 18.414190210402012 29.64576379209757 0
    endloop
  endfacet
  facet normal 0.5141027407673995 0.8577286120536309 0
    outer loop
      vertex 18.414190210402012 29.64576379209757 0
      vertex 18.666710697114468 29.49440883845091 1.200000000000001
      vertex 18.666710697114468 29.49440883845091 0
    endloop
  endfacet
  facet normal 0.9987954563973426 0.049067670415704694 0
    outer loop
      vertex 20 27 0
      vertex 19.985554181039333 27.29405142366886 0
      vertex 20 27 1.200000000000001
    endloop
  endfacet
  facet normal 0.989176509179146 0.14673047975168185 0
    outer loop
      vertex 19.985554181039333 27.29405142366886 0
      vertex 19.94235584139824 27.58527096360922 0
      vertex 19.985554181039333 27.29405142366886 1.200000000000001
    endloop
  endfacet
  facet normal 0.9415440627982695 0.3368898600571534 0
    outer loop
      vertex 19.87082100659609 27.870854035019875 0
      vertex 19.771638594567776 28.14805030077696 0
      vertex 19.87082100659609 27.870854035019875 1.200000000000001
    endloop
  endfacet
  facet normal 0.9700312537050007 0.24298017786540688 0
    outer loop
      vertex 19.94235584139824 27.58527096360922 0
      vertex 19.87082100659609 27.870854035019875 0
      vertex 19.94235584139824 27.58527096360922 1.200000000000001
    endloop
  endfacet
  facet normal 0.7409511297873682 0.6715589499566086 0
    outer loop
      vertex 19.319031357765198 28.903179854154587 0
      vertex 19.121320344507694 29.121320344507694 0
      vertex 19.319031357765198 28.903179854154587 1.200000000000001
    endloop
  endfacet
  facet normal 0.5956993071010399 0.8032075295459704 0
    outer loop
      vertex 18.666710697114468 29.49440883845091 0
      vertex 18.903179854154587 29.319031357765198 1.200000000000001
      vertex 18.903179854154587 29.319031357765198 0
    endloop
  endfacet
  facet normal 0.6715589499566086 0.7409511297873682 0
    outer loop
      vertex 18.903179854154587 29.319031357765198 0
      vertex 19.121320344507694 29.121320344507694 1.200000000000001
      vertex 19.121320344507694 29.121320344507694 0
    endloop
  endfacet
  facet normal 0.8577286120536309 0.5141027407673995 0
    outer loop
      vertex 19.64576379209757 28.414190210402012 0
      vertex 19.49440883845091 28.666710697114468 0
      vertex 19.64576379209757 28.414190210402012 1.200000000000001
    endloop
  endfacet
  facet normal 0.8032075295459704 0.5956993071010399 0
    outer loop
      vertex 19.319031357765198 28.903179854154587 0
      vertex 19.49440883845091 28.666710697114468 1.200000000000001
      vertex 19.49440883845091 28.666710697114468 0
    endloop
  endfacet
  facet normal 0.9039892934402849 0.42755509276037695 0
    outer loop
      vertex 19.64576379209757 28.414190210402012 0
      vertex 19.771638594567776 28.14805030077696 1.200000000000001
      vertex 19.771638594567776 28.14805030077696 0
    endloop
  endfacet
  facet normal 0.24298017786540688 0.9700312537050007 0
    outer loop
      vertex 17.58527096360922 29.94235584139824 0
      vertex 17.58527096360922 29.94235584139824 1.200000000000001
      vertex 17.870854035019875 29.87082100659609 1.200000000000001
    endloop
  endfacet
  facet normal 0.3368898600571534 0.9415440627982695 0
    outer loop
      vertex 17.870854035019875 29.87082100659609 0
      vertex 17.870854035019875 29.87082100659609 1.200000000000001
      vertex 18.14805030077696 29.771638594567776 1.200000000000001
    endloop
  endfacet
  facet normal 0.42755509276037695 0.9039892934402849 0
    outer loop
      vertex 18.14805030077696 29.771638594567776 0
      vertex 18.14805030077696 29.771638594567776 1.200000000000001
      vertex 18.414190210402012 29.64576379209757 1.200000000000001
    endloop
  endfacet
  facet normal 0.5956993071010399 0.8032075295459704 0
    outer loop
      vertex 18.666710697114468 29.49440883845091 0
      vertex 18.666710697114468 29.49440883845091 1.200000000000001
      vertex 18.903179854154587 29.319031357765198 1.200000000000001
    endloop
  endfacet
  facet normal 0.5141027407673995 0.8577286120536309 0
    outer loop
      vertex 18.414190210402012 29.64576379209757 0
      vertex 18.414190210402012 29.64576379209757 1.200000000000001
      vertex 18.666710697114468 29.49440883845091 1.200000000000001
    endloop
  endfacet
  facet normal 0.9987954563973426 0.049067670415704694 0
    outer loop
      vertex 19.985554181039333 27.29405142366886 0
      vertex 19.985554181039333 27.29405142366886 1.200000000000001
      vertex 20 27 1.200000000000001
    endloop
  endfacet
  facet normal 0.989176509179146 0.14673047975168185 0
    outer loop
      vertex 19.94235584139824 27.58527096360922 0
      vertex 19.94235584139824 27.58527096360922 1.200000000000001
      vertex 19.985554181039333 27.29405142366886 1.200000000000001
    endloop
  endfacet
  facet normal 0.9415440627982695 0.3368898600571534 0
    outer loop
      vertex 19.771638594567776 28.14805030077696 0
      vertex 19.771638594567776 28.14805030077696 1.200000000000001
      vertex 19.87082100659609 27.870854035019875 1.200000000000001
    endloop
  endfacet
  facet normal 0.9700312537050007 0.24298017786540688 0
    outer loop
      vertex 19.87082100659609 27.870854035019875 0
      vertex 19.87082100659609 27.870854035019875 1.200000000000001
      vertex 19.94235584139824 27.58527096360922 1.200000000000001
    endloop
  endfacet
  facet normal 0.7409511297873682 0.6715589499566086 0
    outer loop
      vertex 19.121320344507694 29.121320344507694 0
      vertex 19.121320344507694 29.121320344507694 1.200000000000001
      vertex 19.319031357765198 28.903179854154587 1.200000000000001
    endloop
  endfacet
  facet normal 0.6715589499566086 0.7409511297873682 0
    outer loop
      vertex 18.903179854154587 29.319031357765198 0
      vertex 18.903179854154587 29.319031357765198 1.200000000000001
      vertex 19.121320344507694 29.121320344507694 1.200000000000001
    endloop
  endfacet
  facet normal 0.8577286120536309 0.5141027407673995 0
    outer loop
      vertex 19.49440883845091 28.666710697114468 0
      vertex 19.49440883845091 28.666710697114468 1.200000000000001
      vertex 19.64576379209757 28.414190210402012 1.200000000000001
    endloop
  endfacet
  facet normal 0.8032075295459704 0.5956993071010399 0
    outer loop
      vertex 19.319031357765198 28.903179854154587 0
      vertex 19.319031357765198 28.903179854154587 1.200000000000001
      vertex 19.49440883845091 28.666710697114468 1.200000000000001
    endloop
  endfacet
  facet normal 0.9039892934402849 0.42755509276037695 0
    outer loop
      vertex 19.64576379209757 28.414190210402012 0
      vertex 19.64576379209757 28.414190210402012 1.200000000000001
      vertex 19.771638594567776 28.14805030077696 1.200000000000001
    endloop
  endfacet
  facet normal 0.9415440651830186 0.3368898533922262 -1.5002856523577154e-18
    outer loop
      vertex -16.36402655078499 -8.186318640331779 0
      vertex -16.46651504076985 -7.899882499488833 0
      vertex -16.46651504076985 -7.899882499488833 1.200000000000001
    endloop
  endfacet
  facet normal 0.9039892931234433 0.4275550934302818 4.106254946639107e-18
    outer loop
      vertex -16.2339559194799 -8.461329884160593 0
      vertex -16.36402655078499 -8.186318640331779 0
      vertex -16.36402655078499 -8.186318640331779 1.200000000000001
    endloop
  endfacet
  facet normal 0.9700312531945446 0.24298017990326073 3.694530041675161e-18
    outer loop
      vertex -16.46651504076985 -7.899882499488833 0
      vertex -16.540434369250015 -7.604779998249998 0
      vertex -16.540434369250015 -7.604779998249998 1.200000000000001
    endloop
  endfacet
  facet normal 0.595699304492434 0.8032075314806444 0
    outer loop
      vertex -15.466619180907301 -9.396332405424484 0
      vertex -15.466619180907301 -9.396332405424484 1.200000000000001
      vertex -15.222267722360767 -9.57755579813789 0
    endloop
  endfacet
  facet normal 0.5141027441932204 0.857728610000273 0
    outer loop
      vertex -15.222267722360767 -9.57755579813789 0
      vertex -15.222267722360767 -9.57755579813789 1.200000000000001
      vertex -14.961329884160593 -9.7339559194799 0
    endloop
  endfacet
  facet normal 0.857728610000273 0.5141027441932204 -8.218056393302678e-19
    outer loop
      vertex -16.07755579813789 -8.722267722360767 0
      vertex -16.2339559194799 -8.461329884160593 0
      vertex -16.2339559194799 -8.461329884160593 1.200000000000001
    endloop
  endfacet
  facet normal 0.8032075314806444 0.595699304492434 5.892036478508173e-20
    outer loop
      vertex -15.896332405424484 -8.966619180907301 0
      vertex -16.07755579813789 -8.722267722360767 0
      vertex -16.07755579813789 -8.722267722360767 1.200000000000001
    endloop
  endfacet
  facet normal 0.7409511253549567 0.6715589548470209 3.781521066183851e-18
    outer loop
      vertex -15.692031021678297 -9.192031021678297 0
      vertex -15.896332405424484 -8.966619180907301 0
      vertex -15.896332405424484 -8.966619180907301 1.200000000000001
    endloop
  endfacet
  facet normal 0.6715589548470209 0.7409511253549567 3.781521066183851e-18
    outer loop
      vertex -15.466619180907301 -9.396332405424484 0
      vertex -15.692031021678297 -9.192031021678297 0
      vertex -15.692031021678297 -9.192031021678297 1.200000000000001
    endloop
  endfacet
  facet normal 0.9039892931234433 0.4275550934302818 0
    outer loop
      vertex -16.2339559194799 -8.461329884160593 0
      vertex -16.36402655078499 -8.186318640331779 1.200000000000001
      vertex -16.2339559194799 -8.461329884160593 1.200000000000001
    endloop
  endfacet
  facet normal 0.9415440651830186 0.3368898533922262 0
    outer loop
      vertex -16.36402655078499 -8.186318640331779 0
      vertex -16.46651504076985 -7.899882499488833 1.200000000000001
      vertex -16.36402655078499 -8.186318640331779 1.200000000000001
    endloop
  endfacet
  facet normal 0.9700312531945446 0.24298017990326073 0
    outer loop
      vertex -16.46651504076985 -7.899882499488833 0
      vertex -16.540434369250015 -7.604779998249998 1.200000000000001
      vertex -16.46651504076985 -7.899882499488833 1.200000000000001
    endloop
  endfacet
  facet normal 0.9891765099647816 0.1467304744553571 0
    outer loop
      vertex -16.540434369250015 -7.604779998249998 0
      vertex -16.58507265268381 -7.303853135021638 1.200000000000001
      vertex -16.540434369250015 -7.604779998249998 1.200000000000001
    endloop
  endfacet
  facet normal 0.595699304492434 0.8032075314806444 0
    outer loop
      vertex -15.222267722360767 -9.57755579813789 0
      vertex -15.466619180907301 -9.396332405424484 1.200000000000001
      vertex -15.222267722360767 -9.57755579813789 1.200000000000001
    endloop
  endfacet
  facet normal 0.5141027441932204 0.857728610000273 0
    outer loop
      vertex -14.961329884160593 -9.7339559194799 0
      vertex -15.222267722360767 -9.57755579813789 1.200000000000001
      vertex -14.961329884160593 -9.7339559194799 1.200000000000001
    endloop
  endfacet
  facet normal 0.857728610000273 0.5141027441932204 0
    outer loop
      vertex -16.07755579813789 -8.722267722360767 0
      vertex -16.2339559194799 -8.461329884160593 1.200000000000001
      vertex -16.07755579813789 -8.722267722360767 1.200000000000001
    endloop
  endfacet
  facet normal 0.8032075314806444 0.595699304492434 0
    outer loop
      vertex -15.896332405424484 -8.966619180907301 0
      vertex -16.07755579813789 -8.722267722360767 1.200000000000001
      vertex -15.896332405424484 -8.966619180907301 1.200000000000001
    endloop
  endfacet
  facet normal 0.7409511253549567 0.6715589548470209 0
    outer loop
      vertex -15.692031021678297 -9.192031021678297 0
      vertex -15.896332405424484 -8.966619180907301 1.200000000000001
      vertex -15.692031021678297 -9.192031021678297 1.200000000000001
    endloop
  endfacet
  facet normal 0.6715589548470209 0.7409511253549567 0
    outer loop
      vertex -15.466619180907301 -9.396332405424484 0
      vertex -15.692031021678297 -9.192031021678297 1.200000000000001
      vertex -15.466619180907301 -9.396332405424484 1.200000000000001
    endloop
  endfacet
  facet normal 0.9891765099647816 0.1467304744553571 1.5202674218160128e-18
    outer loop
      vertex -16.540434369250015 -7.604779998249998 0
      vertex -16.58507265268381 -7.303853135021638 0
      vertex -16.58507265268381 -7.303853135021638 1.200000000000001
    endloop
  endfacet
  facet normal 0.9987954562051721 0.049067674327425564 1.0602539727516433e-18
    outer loop
      vertex -16.58507265268381 -7.303853135021638 0
      vertex -16.6 -7 0
      vertex -16.6 -7 1.200000000000001
    endloop
  endfacet
  facet normal 0.9987954562051721 -0.049067674327425564 -1.0602539727516433e-18
    outer loop
      vertex -16.6 -7 0
      vertex -16.58507265268381 -6.696146864978362 0
      vertex -16.58507265268381 -6.696146864978362 1.200000000000001
    endloop
  endfacet
  facet normal 0.9891765099647816 -0.1467304744553571 -1.5202674218160128e-18
    outer loop
      vertex -16.58507265268381 -6.696146864978362 0
      vertex -16.540434369250015 -6.395220001750002 0
      vertex -16.540434369250015 -6.395220001750002 1.200000000000001
    endloop
  endfacet
  facet normal 0.9700312531945446 -0.24298017990326073 -3.694530041675161e-18
    outer loop
      vertex -16.540434369250015 -6.395220001750002 0
      vertex -16.46651504076985 -6.100117500511167 0
      vertex -16.46651504076985 -6.100117500511167 1.200000000000001
    endloop
  endfacet
  facet normal 0.9415440651830186 -0.3368898533922262 1.5002856523577154e-18
    outer loop
      vertex -16.46651504076985 -6.100117500511167 0
      vertex -16.36402655078499 -5.813681359668221 0
      vertex -16.36402655078499 -5.813681359668221 1.200000000000001
    endloop
  endfacet
  facet normal 0.9039892931234433 -0.4275550934302818 -4.106254946639107e-18
    outer loop
      vertex -16.36402655078499 -5.813681359668221 0
      vertex -16.2339559194799 -5.538670115839407 0
      vertex -16.2339559194799 -5.538670115839407 1.200000000000001
    endloop
  endfacet
  facet normal 0.857728610000273 -0.5141027441932204 8.218056393302678e-19
    outer loop
      vertex -16.2339559194799 -5.538670115839407 0
      vertex -16.07755579813789 -5.277732277639233 0
      vertex -16.07755579813789 -5.277732277639233 1.200000000000001
    endloop
  endfacet
  facet normal 0.8032075314806444 -0.595699304492434 -5.892036478508173e-20
    outer loop
      vertex -16.07755579813789 -5.277732277639233 0
      vertex -15.896332405424484 -5.033380819092699 0
      vertex -15.896332405424484 -5.033380819092699 1.200000000000001
    endloop
  endfacet
  facet normal 0.7409511253549581 -0.6715589548470196 -9.194473029955949e-19
    outer loop
      vertex -15.896332405424484 -5.033380819092699 0
      vertex -15.692031021678297 -4.807968978321703 0
      vertex -15.692031021678297 -4.807968978321703 1.200000000000001
    endloop
  endfacet
  facet normal 0.6715589548470193 -0.7409511253549582 0
    outer loop
      vertex -15.466619180907301 -4.603667594575516 0
      vertex -15.466619180907301 -4.603667594575516 1.200000000000001
      vertex -15.692031021678297 -4.807968978321703 0
    endloop
  endfacet
  facet normal 0.595699304492434 -0.8032075314806444 0
    outer loop
      vertex -15.222267722360767 -4.42244420186211 0
      vertex -15.222267722360767 -4.42244420186211 1.200000000000001
      vertex -15.466619180907301 -4.603667594575516 0
    endloop
  endfacet
  facet normal 0.5141027441932204 -0.857728610000273 0
    outer loop
      vertex -14.961329884160593 -4.2660440805201 0
      vertex -14.961329884160593 -4.2660440805201 1.200000000000001
      vertex -15.222267722360767 -4.42244420186211 0
    endloop
  endfacet
  facet normal 0.9987954562051721 0.049067674327425564 0
    outer loop
      vertex -16.58507265268381 -7.303853135021638 0
      vertex -16.6 -7 1.200000000000001
      vertex -16.58507265268381 -7.303853135021638 1.200000000000001
    endloop
  endfacet
  facet normal 0.9987954562051721 -0.049067674327425564 0
    outer loop
      vertex -16.6 -7 0
      vertex -16.58507265268381 -6.696146864978362 1.200000000000001
      vertex -16.6 -7 1.200000000000001
    endloop
  endfacet
  facet normal 0.9891765099647816 -0.1467304744553571 0
    outer loop
      vertex -16.58507265268381 -6.696146864978362 0
      vertex -16.540434369250015 -6.395220001750002 1.200000000000001
      vertex -16.58507265268381 -6.696146864978362 1.200000000000001
    endloop
  endfacet
  facet normal 0.9700312531945446 -0.24298017990326073 0
    outer loop
      vertex -16.540434369250015 -6.395220001750002 0
      vertex -16.46651504076985 -6.100117500511167 1.200000000000001
      vertex -16.540434369250015 -6.395220001750002 1.200000000000001
    endloop
  endfacet
  facet normal 0.9415440651830186 -0.3368898533922262 0
    outer loop
      vertex -16.46651504076985 -6.100117500511167 0
      vertex -16.36402655078499 -5.813681359668221 1.200000000000001
      vertex -16.46651504076985 -6.100117500511167 1.200000000000001
    endloop
  endfacet
  facet normal 0.9039892931234433 -0.4275550934302818 0
    outer loop
      vertex -16.36402655078499 -5.813681359668221 0
      vertex -16.2339559194799 -5.538670115839407 1.200000000000001
      vertex -16.36402655078499 -5.813681359668221 1.200000000000001
    endloop
  endfacet
  facet normal 0.857728610000273 -0.5141027441932204 0
    outer loop
      vertex -16.2339559194799 -5.538670115839407 0
      vertex -16.07755579813789 -5.277732277639233 1.200000000000001
      vertex -16.2339559194799 -5.538670115839407 1.200000000000001
    endloop
  endfacet
  facet normal 0.8032075314806444 -0.595699304492434 0
    outer loop
      vertex -16.07755579813789 -5.277732277639233 0
      vertex -15.896332405424484 -5.033380819092699 1.200000000000001
      vertex -16.07755579813789 -5.277732277639233 1.200000000000001
    endloop
  endfacet
  facet normal 0.7409511253549581 -0.6715589548470196 0
    outer loop
      vertex -15.896332405424484 -5.033380819092699 0
      vertex -15.692031021678297 -4.807968978321703 1.200000000000001
      vertex -15.896332405424484 -5.033380819092699 1.200000000000001
    endloop
  endfacet
  facet normal 0.6715589548470193 -0.7409511253549582 0
    outer loop
      vertex -15.692031021678297 -4.807968978321703 0
      vertex -15.466619180907301 -4.603667594575516 1.200000000000001
      vertex -15.692031021678297 -4.807968978321703 1.200000000000001
    endloop
  endfacet
  facet normal 0.595699304492434 -0.8032075314806444 0
    outer loop
      vertex -15.466619180907301 -4.603667594575516 0
      vertex -15.222267722360767 -4.42244420186211 1.200000000000001
      vertex -15.466619180907301 -4.603667594575516 1.200000000000001
    endloop
  endfacet
  facet normal 0.5141027441932204 -0.857728610000273 0
    outer loop
      vertex -15.222267722360767 -4.42244420186211 0
      vertex -14.961329884160593 -4.2660440805201 1.200000000000001
      vertex -15.222267722360767 -4.42244420186211 1.200000000000001
    endloop
  endfacet
  facet normal 0.4275550934302818 0.9039892931234433 0
    outer loop
      vertex -14.961329884160593 -9.7339559194799 0
      vertex -14.961329884160593 -9.7339559194799 1.200000000000001
      vertex -14.686318640331779 -9.864026550784988 0
    endloop
  endfacet
  facet normal 0.3368898533922201 0.9415440651830207 0
    outer loop
      vertex -14.686318640331779 -9.864026550784988 0
      vertex -14.686318640331779 -9.864026550784988 1.200000000000001
      vertex -14.399882499488832 -9.966515040769847 0
    endloop
  endfacet
  facet normal 0.24298017990326629 0.9700312531945435 0
    outer loop
      vertex -14.399882499488832 -9.966515040769847 0
      vertex -14.399882499488832 -9.966515040769847 1.200000000000001
      vertex -14.104779998249997 -10.040434369250015 0
    endloop
  endfacet
  facet normal 0.14673047445535797 0.9891765099647816 0
    outer loop
      vertex -14.104779998249997 -10.040434369250015 0
      vertex -14.104779998249997 -10.040434369250015 1.200000000000001
      vertex -13.803853135021638 -10.08507265268381 0
    endloop
  endfacet
  facet normal 0.049067674327419604 0.9987954562051724 0
    outer loop
      vertex -13.803853135021638 -10.08507265268381 0
      vertex -13.803853135021638 -10.08507265268381 1.200000000000001
      vertex -13.5 -10.1 0
    endloop
  endfacet
  facet normal -0.049067674327419604 0.9987954562051724 0
    outer loop
      vertex -13.5 -10.1 0
      vertex -13.5 -10.1 1.200000000000001
      vertex -13.196146864978362 -10.08507265268381 0
    endloop
  endfacet
  facet normal -0.14673047445535797 0.9891765099647816 0
    outer loop
      vertex -13.196146864978362 -10.08507265268381 0
      vertex -13.196146864978362 -10.08507265268381 1.200000000000001
      vertex -12.895220001750003 -10.040434369250015 0
    endloop
  endfacet
  facet normal -0.24298017990326629 0.9700312531945435 0
    outer loop
      vertex -12.895220001750003 -10.040434369250015 0
      vertex -12.895220001750003 -10.040434369250015 1.200000000000001
      vertex -12.600117500511168 -9.966515040769847 0
    endloop
  endfacet
  facet normal -0.3368898533922201 0.9415440651830207 0
    outer loop
      vertex -12.600117500511168 -9.966515040769847 0
      vertex -12.600117500511168 -9.966515040769847 1.200000000000001
      vertex -12.313681359668221 -9.864026550784988 0
    endloop
  endfacet
  facet normal 0.4275550934302818 0.9039892931234433 0
    outer loop
      vertex -14.686318640331779 -9.864026550784988 0
      vertex -14.961329884160593 -9.7339559194799 1.200000000000001
      vertex -14.686318640331779 -9.864026550784988 1.200000000000001
    endloop
  endfacet
  facet normal 0.3368898533922201 0.9415440651830207 0
    outer loop
      vertex -14.399882499488832 -9.966515040769847 0
      vertex -14.686318640331779 -9.864026550784988 1.200000000000001
      vertex -14.399882499488832 -9.966515040769847 1.200000000000001
    endloop
  endfacet
  facet normal 0.24298017990326629 0.9700312531945435 0
    outer loop
      vertex -14.104779998249997 -10.040434369250015 0
      vertex -14.399882499488832 -9.966515040769847 1.200000000000001
      vertex -14.104779998249997 -10.040434369250015 1.200000000000001
    endloop
  endfacet
  facet normal 0.14673047445535797 0.9891765099647816 0
    outer loop
      vertex -13.803853135021638 -10.08507265268381 0
      vertex -14.104779998249997 -10.040434369250015 1.200000000000001
      vertex -13.803853135021638 -10.08507265268381 1.200000000000001
    endloop
  endfacet
  facet normal 0.049067674327419604 0.9987954562051724 0
    outer loop
      vertex -13.5 -10.1 0
      vertex -13.803853135021638 -10.08507265268381 1.200000000000001
      vertex -13.5 -10.1 1.200000000000001
    endloop
  endfacet
  facet normal -0.049067674327419604 0.9987954562051724 0
    outer loop
      vertex -13.196146864978362 -10.08507265268381 0
      vertex -13.5 -10.1 1.200000000000001
      vertex -13.196146864978362 -10.08507265268381 1.200000000000001
    endloop
  endfacet
  facet normal -0.14673047445535797 0.9891765099647816 0
    outer loop
      vertex -12.895220001750003 -10.040434369250015 0
      vertex -13.196146864978362 -10.08507265268381 1.200000000000001
      vertex -12.895220001750003 -10.040434369250015 1.200000000000001
    endloop
  endfacet
  facet normal -0.24298017990326629 0.9700312531945435 0
    outer loop
      vertex -12.600117500511168 -9.966515040769847 0
      vertex -12.895220001750003 -10.040434369250015 1.200000000000001
      vertex -12.600117500511168 -9.966515040769847 1.200000000000001
    endloop
  endfacet
  facet normal -0.4275550934302818 0.9039892931234433 0
    outer loop
      vertex -12.313681359668221 -9.864026550784988 0
      vertex -12.313681359668221 -9.864026550784988 1.200000000000001
      vertex -12.038670115839407 -9.7339559194799 0
    endloop
  endfacet
  facet normal -0.5141027441932204 0.857728610000273 0
    outer loop
      vertex -12.038670115839407 -9.7339559194799 0
      vertex -12.038670115839407 -9.7339559194799 1.200000000000001
      vertex -11.777732277639233 -9.57755579813789 0
    endloop
  endfacet
  facet normal -0.595699304492434 0.8032075314806444 0
    outer loop
      vertex -11.777732277639233 -9.57755579813789 0
      vertex -11.777732277639233 -9.57755579813789 1.200000000000001
      vertex -11.533380819092699 -9.396332405424484 0
    endloop
  endfacet
  facet normal -0.6715589548470209 0.7409511253549567 0
    outer loop
      vertex -11.533380819092699 -9.396332405424484 0
      vertex -11.533380819092699 -9.396332405424484 1.200000000000001
      vertex -11.307968978321703 -9.192031021678297 0
    endloop
  endfacet
  facet normal -0.7409511253549567 0.6715589548470209 0
    outer loop
      vertex -11.307968978321703 -9.192031021678297 0
      vertex -11.307968978321703 -9.192031021678297 1.200000000000001
      vertex -11.103667594575516 -8.966619180907301 0
    endloop
  endfacet
  facet normal -0.8032075314806444 0.595699304492434 -5.892036478508173e-20
    outer loop
      vertex -10.92244420186211 -8.722267722360767 0
      vertex -11.103667594575516 -8.966619180907301 0
      vertex -11.103667594575516 -8.966619180907301 1.200000000000001
    endloop
  endfacet
  facet normal -0.857728610000273 0.5141027441932204 8.218056393302678e-19
    outer loop
      vertex -10.7660440805201 -8.461329884160593 0
      vertex -10.92244420186211 -8.722267722360767 0
      vertex -10.92244420186211 -8.722267722360767 1.200000000000001
    endloop
  endfacet
  facet normal -0.9039892931234433 0.4275550934302818 -4.106254946639107e-18
    outer loop
      vertex -10.635973449215012 -8.186318640331779 0
      vertex -10.7660440805201 -8.461329884160593 0
      vertex -10.7660440805201 -8.461329884160593 1.200000000000001
    endloop
  endfacet
  facet normal -0.9415440651830204 0.336889853392221 -4.7275154596687e-18
    outer loop
      vertex -10.533484959230153 -7.899882499488833 0
      vertex -10.635973449215012 -8.186318640331779 0
      vertex -10.635973449215012 -8.186318640331779 1.200000000000001
    endloop
  endfacet
  facet normal -0.9700312531945435 0.24298017990326629 -2.815623612052706e-18
    outer loop
      vertex -10.459565630749985 -7.604779998249998 0
      vertex -10.533484959230153 -7.899882499488833 0
      vertex -10.533484959230153 -7.899882499488833 1.200000000000001
    endloop
  endfacet
  facet normal -0.9891765099647816 0.1467304744553571 -1.5202674218160128e-18
    outer loop
      vertex -10.41492734731619 -7.303853135021638 0
      vertex -10.459565630749985 -7.604779998249998 0
      vertex -10.459565630749985 -7.604779998249998 1.200000000000001
    endloop
  endfacet
  facet normal -0.3368898533922201 0.9415440651830207 -2.4746352671051526e-18
    outer loop
      vertex -12.600117500511168 -9.966515040769847 1.200000000000001
      vertex -12.313681359668221 -9.864026550784988 1.200000000000001
      vertex -12.313681359668221 -9.864026550784988 0
    endloop
  endfacet
  facet normal -0.4275550934302818 0.9039892931234433 0
    outer loop
      vertex -12.038670115839407 -9.7339559194799 0
      vertex -12.313681359668221 -9.864026550784988 1.200000000000001
      vertex -12.038670115839407 -9.7339559194799 1.200000000000001
    endloop
  endfacet
  facet normal -0.5141027441932204 0.857728610000273 0
    outer loop
      vertex -11.777732277639233 -9.57755579813789 0
      vertex -12.038670115839407 -9.7339559194799 1.200000000000001
      vertex -11.777732277639233 -9.57755579813789 1.200000000000001
    endloop
  endfacet
  facet normal -0.595699304492434 0.8032075314806444 0
    outer loop
      vertex -11.533380819092699 -9.396332405424484 0
      vertex -11.777732277639233 -9.57755579813789 1.200000000000001
      vertex -11.533380819092699 -9.396332405424484 1.200000000000001
    endloop
  endfacet
  facet normal -0.6715589548470209 0.7409511253549567 0
    outer loop
      vertex -11.307968978321703 -9.192031021678297 0
      vertex -11.533380819092699 -9.396332405424484 1.200000000000001
      vertex -11.307968978321703 -9.192031021678297 1.200000000000001
    endloop
  endfacet
  facet normal -0.7409511253549567 0.6715589548470209 0
    outer loop
      vertex -11.103667594575516 -8.966619180907301 0
      vertex -11.307968978321703 -9.192031021678297 1.200000000000001
      vertex -11.103667594575516 -8.966619180907301 1.200000000000001
    endloop
  endfacet
  facet normal -0.8032075314806444 0.595699304492434 0
    outer loop
      vertex -10.92244420186211 -8.722267722360767 0
      vertex -11.103667594575516 -8.966619180907301 1.200000000000001
      vertex -10.92244420186211 -8.722267722360767 1.200000000000001
    endloop
  endfacet
  facet normal -0.857728610000273 0.5141027441932204 0
    outer loop
      vertex -10.7660440805201 -8.461329884160593 0
      vertex -10.92244420186211 -8.722267722360767 1.200000000000001
      vertex -10.7660440805201 -8.461329884160593 1.200000000000001
    endloop
  endfacet
  facet normal -0.9039892931234433 0.4275550934302818 0
    outer loop
      vertex -10.635973449215012 -8.186318640331779 0
      vertex -10.7660440805201 -8.461329884160593 1.200000000000001
      vertex -10.635973449215012 -8.186318640331779 1.200000000000001
    endloop
  endfacet
  facet normal -0.9415440651830204 0.336889853392221 0
    outer loop
      vertex -10.533484959230153 -7.899882499488833 0
      vertex -10.635973449215012 -8.186318640331779 1.200000000000001
      vertex -10.533484959230153 -7.899882499488833 1.200000000000001
    endloop
  endfacet
  facet normal -0.9700312531945435 0.24298017990326629 0
    outer loop
      vertex -10.459565630749985 -7.604779998249998 0
      vertex -10.533484959230153 -7.899882499488833 1.200000000000001
      vertex -10.459565630749985 -7.604779998249998 1.200000000000001
    endloop
  endfacet
  facet normal 0.4275550934302842 -0.9039892931234425 0
    outer loop
      vertex -14.686318640331779 -4.135973449215011 0
      vertex -14.686318640331779 -4.135973449215011 1.200000000000001
      vertex -14.961329884160593 -4.2660440805201 0
    endloop
  endfacet
  facet normal 0.33688985339221744 -0.9415440651830216 0
    outer loop
      vertex -14.399882499488832 -4.033484959230153 0
      vertex -14.399882499488832 -4.033484959230153 1.200000000000001
      vertex -14.686318640331779 -4.135973449215011 0
    endloop
  endfacet
  facet normal 0.2429801799032649 -0.9700312531945438 0
    outer loop
      vertex -14.104779998249997 -3.9595656307499856 0
      vertex -14.104779998249997 -3.9595656307499856 1.200000000000001
      vertex -14.399882499488832 -4.033484959230153 0
    endloop
  endfacet
  facet normal 0.14673047445536228 -0.9891765099647809 0
    outer loop
      vertex -13.803853135021638 -3.9149273473161896 0
      vertex -13.803853135021638 -3.9149273473161896 1.200000000000001
      vertex -14.104779998249997 -3.9595656307499856 0
    endloop
  endfacet
  facet normal 0.04906767432741814 -0.9987954562051724 0
    outer loop
      vertex -13.5 -3.9 0
      vertex -13.5 -3.9 1.200000000000001
      vertex -13.803853135021638 -3.9149273473161896 0
    endloop
  endfacet
  facet normal -0.04906767432741814 -0.9987954562051724 0
    outer loop
      vertex -13.196146864978362 -3.9149273473161896 0
      vertex -13.196146864978362 -3.9149273473161896 1.200000000000001
      vertex -13.5 -3.9 0
    endloop
  endfacet
  facet normal -0.14673047445536228 -0.9891765099647809 0
    outer loop
      vertex -12.895220001750003 -3.9595656307499856 0
      vertex -12.895220001750003 -3.9595656307499856 1.200000000000001
      vertex -13.196146864978362 -3.9149273473161896 0
    endloop
  endfacet
  facet normal -0.2429801799032649 -0.9700312531945438 0
    outer loop
      vertex -12.600117500511168 -4.033484959230153 0
      vertex -12.600117500511168 -4.033484959230153 1.200000000000001
      vertex -12.895220001750003 -3.9595656307499856 0
    endloop
  endfacet
  facet normal 0.4275550934302842 -0.9039892931234425 0
    outer loop
      vertex -14.961329884160593 -4.2660440805201 0
      vertex -14.686318640331779 -4.135973449215011 1.200000000000001
      vertex -14.961329884160593 -4.2660440805201 1.200000000000001
    endloop
  endfacet
  facet normal 0.33688985339221744 -0.9415440651830216 0
    outer loop
      vertex -14.686318640331779 -4.135973449215011 0
      vertex -14.399882499488832 -4.033484959230153 1.200000000000001
      vertex -14.686318640331779 -4.135973449215011 1.200000000000001
    endloop
  endfacet
  facet normal 0.2429801799032649 -0.9700312531945438 0
    outer loop
      vertex -14.399882499488832 -4.033484959230153 0
      vertex -14.104779998249997 -3.9595656307499856 1.200000000000001
      vertex -14.399882499488832 -4.033484959230153 1.200000000000001
    endloop
  endfacet
  facet normal 0.14673047445536228 -0.9891765099647809 0
    outer loop
      vertex -14.104779998249997 -3.9595656307499856 0
      vertex -13.803853135021638 -3.9149273473161896 1.200000000000001
      vertex -14.104779998249997 -3.9595656307499856 1.200000000000001
    endloop
  endfacet
  facet normal 0.04906767432741814 -0.9987954562051724 0
    outer loop
      vertex -13.803853135021638 -3.9149273473161896 0
      vertex -13.5 -3.9 1.200000000000001
      vertex -13.803853135021638 -3.9149273473161896 1.200000000000001
    endloop
  endfacet
  facet normal -0.04906767432741814 -0.9987954562051724 0
    outer loop
      vertex -13.5 -3.9 0
      vertex -13.196146864978362 -3.9149273473161896 1.200000000000001
      vertex -13.5 -3.9 1.200000000000001
    endloop
  endfacet
  facet normal -0.14673047445536228 -0.9891765099647809 0
    outer loop
      vertex -13.196146864978362 -3.9149273473161896 0
      vertex -12.895220001750003 -3.9595656307499856 1.200000000000001
      vertex -13.196146864978362 -3.9149273473161896 1.200000000000001
    endloop
  endfacet
  facet normal -0.2429801799032649 -0.9700312531945438 0
    outer loop
      vertex -12.895220001750003 -3.9595656307499856 0
      vertex -12.600117500511168 -4.033484959230153 1.200000000000001
      vertex -12.895220001750003 -3.9595656307499856 1.200000000000001
    endloop
  endfacet
  facet normal -0.33688985339221744 -0.9415440651830216 0
    outer loop
      vertex -12.600117500511168 -4.033484959230153 0
      vertex -12.313681359668221 -4.135973449215011 1.200000000000001
      vertex -12.600117500511168 -4.033484959230153 1.200000000000001
    endloop
  endfacet
  facet normal -0.33688985339221744 -0.9415440651830216 -3.915144989951041e-18
    outer loop
      vertex -12.600117500511168 -4.033484959230153 0
      vertex -12.313681359668221 -4.135973449215011 0
      vertex -12.313681359668221 -4.135973449215011 1.200000000000001
    endloop
  endfacet
  facet normal -0.4275550934302842 -0.9039892931234425 0
    outer loop
      vertex -12.038670115839407 -4.2660440805201 0
      vertex -12.038670115839407 -4.2660440805201 1.200000000000001
      vertex -12.313681359668221 -4.135973449215011 0
    endloop
  endfacet
  facet normal -0.6715589548470193 -0.7409511253549582 9.820335686924583e-19
    outer loop
      vertex -11.533380819092699 -4.603667594575516 0
      vertex -11.307968978321703 -4.807968978321703 0
      vertex -11.307968978321703 -4.807968978321703 1.200000000000001
    endloop
  endfacet
  facet normal -0.5141027441932204 -0.857728610000273 0
    outer loop
      vertex -11.777732277639233 -4.42244420186211 0
      vertex -11.777732277639233 -4.42244420186211 1.200000000000001
      vertex -12.038670115839407 -4.2660440805201 0
    endloop
  endfacet
  facet normal -0.595699304492434 -0.8032075314806444 0
    outer loop
      vertex -11.533380819092699 -4.603667594575516 0
      vertex -11.533380819092699 -4.603667594575516 1.200000000000001
      vertex -11.777732277639233 -4.42244420186211 0
    endloop
  endfacet
  facet normal -0.9039892931234433 -0.4275550934302818 4.106254946639107e-18
    outer loop
      vertex -10.7660440805201 -5.538670115839407 0
      vertex -10.635973449215012 -5.813681359668221 0
      vertex -10.635973449215012 -5.813681359668221 1.200000000000001
    endloop
  endfacet
  facet normal -0.9987954562051724 0.04906767432741975 6.237495031929297e-19
    outer loop
      vertex -10.4 -7 0
      vertex -10.41492734731619 -7.303853135021638 0
      vertex -10.41492734731619 -7.303853135021638 1.200000000000001
    endloop
  endfacet
  facet normal -0.9987954562051724 -0.04906767432741975 -6.237495031929297e-19
    outer loop
      vertex -10.41492734731619 -6.696146864978362 0
      vertex -10.4 -7 0
      vertex -10.4 -7 1.200000000000001
    endloop
  endfacet
  facet normal -0.9891765099647816 -0.1467304744553571 1.5202674218160128e-18
    outer loop
      vertex -10.459565630749985 -6.395220001750002 0
      vertex -10.41492734731619 -6.696146864978362 0
      vertex -10.41492734731619 -6.696146864978362 1.200000000000001
    endloop
  endfacet
  facet normal -0.9700312531945435 -0.24298017990326629 2.815623612052706e-18
    outer loop
      vertex -10.533484959230153 -6.100117500511167 0
      vertex -10.459565630749985 -6.395220001750002 0
      vertex -10.459565630749985 -6.395220001750002 1.200000000000001
    endloop
  endfacet
  facet normal -0.9415440651830204 -0.336889853392221 4.7275154596687e-18
    outer loop
      vertex -10.635973449215012 -5.813681359668221 0
      vertex -10.533484959230153 -6.100117500511167 0
      vertex -10.533484959230153 -6.100117500511167 1.200000000000001
    endloop
  endfacet
  facet normal -0.8032075314806444 -0.595699304492434 5.892036478508173e-20
    outer loop
      vertex -11.103667594575516 -5.033380819092699 0
      vertex -10.92244420186211 -5.277732277639233 0
      vertex -10.92244420186211 -5.277732277639233 1.200000000000001
    endloop
  endfacet
  facet normal -0.7409511253549581 -0.6715589548470196 9.194473029955949e-19
    outer loop
      vertex -11.307968978321703 -4.807968978321703 0
      vertex -11.103667594575516 -5.033380819092699 0
      vertex -11.103667594575516 -5.033380819092699 1.200000000000001
    endloop
  endfacet
  facet normal -0.857728610000273 -0.5141027441932204 0
    outer loop
      vertex -10.7660440805201 -5.538670115839407 0
      vertex -10.7660440805201 -5.538670115839407 1.200000000000001
      vertex -10.92244420186211 -5.277732277639233 0
    endloop
  endfacet
  facet normal -0.4275550934302842 -0.9039892931234425 0
    outer loop
      vertex -12.313681359668221 -4.135973449215011 0
      vertex -12.038670115839407 -4.2660440805201 1.200000000000001
      vertex -12.313681359668221 -4.135973449215011 1.200000000000001
    endloop
  endfacet
  facet normal -0.5141027441932204 -0.857728610000273 0
    outer loop
      vertex -12.038670115839407 -4.2660440805201 0
      vertex -11.777732277639233 -4.42244420186211 1.200000000000001
      vertex -12.038670115839407 -4.2660440805201 1.200000000000001
    endloop
  endfacet
  facet normal -0.595699304492434 -0.8032075314806444 0
    outer loop
      vertex -11.777732277639233 -4.42244420186211 0
      vertex -11.533380819092699 -4.603667594575516 1.200000000000001
      vertex -11.777732277639233 -4.42244420186211 1.200000000000001
    endloop
  endfacet
  facet normal -0.6715589548470193 -0.7409511253549582 0
    outer loop
      vertex -11.533380819092699 -4.603667594575516 0
      vertex -11.307968978321703 -4.807968978321703 1.200000000000001
      vertex -11.533380819092699 -4.603667594575516 1.200000000000001
    endloop
  endfacet
  facet normal -0.9039892931234433 -0.4275550934302818 0
    outer loop
      vertex -10.7660440805201 -5.538670115839407 0
      vertex -10.635973449215012 -5.813681359668221 1.200000000000001
      vertex -10.7660440805201 -5.538670115839407 1.200000000000001
    endloop
  endfacet
  facet normal -0.9891765099647816 0.1467304744553571 0
    outer loop
      vertex -10.41492734731619 -7.303853135021638 0
      vertex -10.459565630749985 -7.604779998249998 1.200000000000001
      vertex -10.41492734731619 -7.303853135021638 1.200000000000001
    endloop
  endfacet
  facet normal -0.9987954562051724 0.04906767432741975 0
    outer loop
      vertex -10.4 -7 0
      vertex -10.41492734731619 -7.303853135021638 1.200000000000001
      vertex -10.4 -7 1.200000000000001
    endloop
  endfacet
  facet normal -0.9987954562051724 -0.04906767432741975 0
    outer loop
      vertex -10.41492734731619 -6.696146864978362 0
      vertex -10.4 -7 1.200000000000001
      vertex -10.41492734731619 -6.696146864978362 1.200000000000001
    endloop
  endfacet
  facet normal -0.9700312531945435 -0.24298017990326629 0
    outer loop
      vertex -10.533484959230153 -6.100117500511167 0
      vertex -10.459565630749985 -6.395220001750002 1.200000000000001
      vertex -10.533484959230153 -6.100117500511167 1.200000000000001
    endloop
  endfacet
  facet normal -0.9891765099647816 -0.1467304744553571 0
    outer loop
      vertex -10.459565630749985 -6.395220001750002 0
      vertex -10.41492734731619 -6.696146864978362 1.200000000000001
      vertex -10.459565630749985 -6.395220001750002 1.200000000000001
    endloop
  endfacet
  facet normal -0.9415440651830204 -0.336889853392221 0
    outer loop
      vertex -10.635973449215012 -5.813681359668221 0
      vertex -10.533484959230153 -6.100117500511167 1.200000000000001
      vertex -10.635973449215012 -5.813681359668221 1.200000000000001
    endloop
  endfacet
  facet normal -0.7409511253549581 -0.6715589548470196 0
    outer loop
      vertex -11.307968978321703 -4.807968978321703 0
      vertex -11.103667594575516 -5.033380819092699 1.200000000000001
      vertex -11.307968978321703 -4.807968978321703 1.200000000000001
    endloop
  endfacet
  facet normal -0.8032075314806444 -0.595699304492434 0
    outer loop
      vertex -11.103667594575516 -5.033380819092699 0
      vertex -10.92244420186211 -5.277732277639233 1.200000000000001
      vertex -11.103667594575516 -5.033380819092699 1.200000000000001
    endloop
  endfacet
  facet normal -0.857728610000273 -0.5141027441932204 0
    outer loop
      vertex -10.92244420186211 -5.277732277639233 1.200000000000001
      vertex -10.92244420186211 -5.277732277639233 0
      vertex -10.7660440805201 -5.538670115839407 1.200000000000001
    endloop
  endfacet
  facet normal 0.8032075314806444 0.595699304492434 5.892036478508173e-20
    outer loop
      vertex 11.103667594575516 -5.966619180907301 0
      vertex 10.92244420186211 -5.722267722360767 0
      vertex 10.92244420186211 -5.722267722360767 1.200000000000001
    endloop
  endfacet
  facet normal 0.7409511253549581 0.6715589548470196 9.194473029955949e-19
    outer loop
      vertex 11.307968978321703 -6.192031021678297 0
      vertex 11.103667594575516 -5.966619180907301 0
      vertex 11.103667594575516 -5.966619180907301 1.200000000000001
    endloop
  endfacet
  facet normal 0.9415440651830204 0.336889853392221 4.7275154596687e-18
    outer loop
      vertex 10.635973449215012 -5.186318640331779 0
      vertex 10.533484959230153 -4.899882499488833 0
      vertex 10.533484959230153 -4.899882499488833 1.200000000000001
    endloop
  endfacet
  facet normal 0.9700312531945435 0.24298017990326629 2.815623612052706e-18
    outer loop
      vertex 10.533484959230153 -4.899882499488833 0
      vertex 10.459565630749985 -4.604779998249998 0
      vertex 10.459565630749985 -4.604779998249998 1.200000000000001
    endloop
  endfacet
  facet normal 0.9891765099647816 0.1467304744553571 1.5202674218160128e-18
    outer loop
      vertex 10.459565630749985 -4.604779998249998 0
      vertex 10.41492734731619 -4.303853135021638 0
      vertex 10.41492734731619 -4.303853135021638 1.200000000000001
    endloop
  endfacet
  facet normal 0.9987954562051724 0.04906767432741975 -6.237495031929297e-19
    outer loop
      vertex 10.41492734731619 -4.303853135021638 0
      vertex 10.4 -4 0
      vertex 10.4 -4 1.200000000000001
    endloop
  endfacet
  facet normal 0.9987954562051724 -0.04906767432741967 -2.2492485524693453e-19
    outer loop
      vertex 10.4 -4 0
      vertex 10.41492734731619 -3.696146864978362 0
      vertex 10.41492734731619 -3.696146864978362 1.200000000000001
    endloop
  endfacet
  facet normal 0.9039892931234433 0.4275550934302818 4.106254946639107e-18
    outer loop
      vertex 10.7660440805201 -5.461329884160593 0
      vertex 10.635973449215012 -5.186318640331779 0
      vertex 10.635973449215012 -5.186318640331779 1.200000000000001
    endloop
  endfacet
  facet normal 0.857728610000273 0.5141027441932204 -8.218056393302678e-19
    outer loop
      vertex 10.92244420186211 -5.722267722360767 0
      vertex 10.7660440805201 -5.461329884160593 0
      vertex 10.7660440805201 -5.461329884160593 1.200000000000001
    endloop
  endfacet
  facet normal 0.5141027441932204 0.857728610000273 0
    outer loop
      vertex 11.777732277639233 -6.57755579813789 0
      vertex 11.777732277639233 -6.57755579813789 1.200000000000001
      vertex 12.038670115839407 -6.7339559194799 0
    endloop
  endfacet
  facet normal 0.6715589548470193 0.7409511253549582 0
    outer loop
      vertex 11.307968978321703 -6.192031021678297 0
      vertex 11.307968978321703 -6.192031021678297 1.200000000000001
      vertex 11.533380819092699 -6.396332405424484 0
    endloop
  endfacet
  facet normal 0.595699304492434 0.8032075314806444 0
    outer loop
      vertex 11.533380819092699 -6.396332405424484 0
      vertex 11.533380819092699 -6.396332405424484 1.200000000000001
      vertex 11.777732277639233 -6.57755579813789 0
    endloop
  endfacet
  facet normal 0.4275550934302842 0.9039892931234425 0
    outer loop
      vertex 12.038670115839407 -6.7339559194799 0
      vertex 12.038670115839407 -6.7339559194799 1.200000000000001
      vertex 12.313681359668221 -6.864026550784989 0
    endloop
  endfacet
  facet normal 0.33688985339221744 0.9415440651830216 0
    outer loop
      vertex 12.313681359668221 -6.864026550784989 0
      vertex 12.313681359668221 -6.864026550784989 1.200000000000001
      vertex 12.600117500511168 -6.966515040769847 0
    endloop
  endfacet
  facet normal 0.857728610000273 0.5141027441932204 0
    outer loop
      vertex 10.92244420186211 -5.722267722360767 0
      vertex 10.7660440805201 -5.461329884160593 1.200000000000001
      vertex 10.92244420186211 -5.722267722360767 1.200000000000001
    endloop
  endfacet
  facet normal 0.7409511253549581 0.6715589548470196 0
    outer loop
      vertex 11.307968978321703 -6.192031021678297 0
      vertex 11.103667594575516 -5.966619180907301 1.200000000000001
      vertex 11.307968978321703 -6.192031021678297 1.200000000000001
    endloop
  endfacet
  facet normal 0.8032075314806444 0.595699304492434 0
    outer loop
      vertex 11.103667594575516 -5.966619180907301 0
      vertex 10.92244420186211 -5.722267722360767 1.200000000000001
      vertex 11.103667594575516 -5.966619180907301 1.200000000000001
    endloop
  endfacet
  facet normal 0.9415440651830204 0.336889853392221 0
    outer loop
      vertex 10.635973449215012 -5.186318640331779 0
      vertex 10.533484959230153 -4.899882499488833 1.200000000000001
      vertex 10.635973449215012 -5.186318640331779 1.200000000000001
    endloop
  endfacet
  facet normal 0.9700312531945435 0.24298017990326629 0
    outer loop
      vertex 10.533484959230153 -4.899882499488833 0
      vertex 10.459565630749985 -4.604779998249998 1.200000000000001
      vertex 10.533484959230153 -4.899882499488833 1.200000000000001
    endloop
  endfacet
  facet normal 0.9891765099647816 0.1467304744553571 0
    outer loop
      vertex 10.459565630749985 -4.604779998249998 0
      vertex 10.41492734731619 -4.303853135021638 1.200000000000001
      vertex 10.459565630749985 -4.604779998249998 1.200000000000001
    endloop
  endfacet
  facet normal 0.9987954562051724 0.04906767432741975 0
    outer loop
      vertex 10.41492734731619 -4.303853135021638 0
      vertex 10.4 -4 1.200000000000001
      vertex 10.41492734731619 -4.303853135021638 1.200000000000001
    endloop
  endfacet
  facet normal 0.9987954562051724 -0.04906767432741967 0
    outer loop
      vertex 10.4 -4 0
      vertex 10.41492734731619 -3.696146864978362 1.200000000000001
      vertex 10.4 -4 1.200000000000001
    endloop
  endfacet
  facet normal 0.9039892931234433 0.4275550934302818 0
    outer loop
      vertex 10.7660440805201 -5.461329884160593 0
      vertex 10.635973449215012 -5.186318640331779 1.200000000000001
      vertex 10.7660440805201 -5.461329884160593 1.200000000000001
    endloop
  endfacet
  facet normal 0.6715589548470193 0.7409511253549582 0
    outer loop
      vertex 11.533380819092699 -6.396332405424484 0
      vertex 11.307968978321703 -6.192031021678297 1.200000000000001
      vertex 11.533380819092699 -6.396332405424484 1.200000000000001
    endloop
  endfacet
  facet normal 0.595699304492434 0.8032075314806444 0
    outer loop
      vertex 11.777732277639233 -6.57755579813789 0
      vertex 11.533380819092699 -6.396332405424484 1.200000000000001
      vertex 11.777732277639233 -6.57755579813789 1.200000000000001
    endloop
  endfacet
  facet normal 0.5141027441932204 0.857728610000273 0
    outer loop
      vertex 12.038670115839407 -6.7339559194799 0
      vertex 11.777732277639233 -6.57755579813789 1.200000000000001
      vertex 12.038670115839407 -6.7339559194799 1.200000000000001
    endloop
  endfacet
  facet normal 0.4275550934302842 0.9039892931234425 0
    outer loop
      vertex 12.313681359668221 -6.864026550784989 0
      vertex 12.038670115839407 -6.7339559194799 1.200000000000001
      vertex 12.313681359668221 -6.864026550784989 1.200000000000001
    endloop
  endfacet
  facet normal 0.9891765099647816 -0.14673047445535756 -8.30305507833279e-19
    outer loop
      vertex 10.41492734731619 -3.696146864978362 0
      vertex 10.459565630749985 -3.3952200017500025 0
      vertex 10.459565630749985 -3.3952200017500025 1.200000000000001
    endloop
  endfacet
  facet normal 0.9700312531945435 -0.24298017990326595 1.5719791556924227e-18
    outer loop
      vertex 10.459565630749985 -3.3952200017500025 0
      vertex 10.533484959230153 -3.1001175005111667 0
      vertex 10.533484959230153 -3.1001175005111667 1.200000000000001
    endloop
  endfacet
  facet normal 0.9415440651830204 -0.33688985339222155 3.649725257121112e-18
    outer loop
      vertex 10.533484959230153 -3.1001175005111667 0
      vertex 10.635973449215012 -2.8136813596682217 0
      vertex 10.635973449215012 -2.8136813596682217 1.200000000000001
    endloop
  endfacet
  facet normal 0.9039892931234438 -0.42755509343028125 2.062021718234638e-18
    outer loop
      vertex 10.635973449215012 -2.8136813596682217 0
      vertex 10.7660440805201 -2.538670115839407 0
      vertex 10.7660440805201 -2.538670115839407 1.200000000000001
    endloop
  endfacet
  facet normal 0.8577286100002726 -0.514102744193221 6.391873586657255e-19
    outer loop
      vertex 10.7660440805201 -2.538670115839407 0
      vertex 10.92244420186211 -2.2777322776392332 0
      vertex 10.92244420186211 -2.2777322776392332 1.200000000000001
    endloop
  endfacet
  facet normal 0.8032075314806449 -0.5956993044924334 -7.69423201160612e-18
    outer loop
      vertex 10.92244420186211 -2.2777322776392332 0
      vertex 11.103667594575516 -2.0333808190926987 0
      vertex 11.103667594575516 -2.0333808190926987 1.200000000000001
    endloop
  endfacet
  facet normal 0.7409511253549581 -0.6715589548470196 -9.194473029955949e-19
    outer loop
      vertex 11.103667594575516 -2.0333808190926987 0
      vertex 11.307968978321703 -1.8079689783217026 0
      vertex 11.307968978321703 -1.8079689783217026 1.200000000000001
    endloop
  endfacet
  facet normal 0.6715589548470201 -0.7409511253549574 0
    outer loop
      vertex 11.533380819092699 -1.6036675945755152 0
      vertex 11.533380819092699 -1.6036675945755152 1.200000000000001
      vertex 11.307968978321703 -1.8079689783217026 0
    endloop
  endfacet
  facet normal 0.5956993044924331 -0.803207531480645 0
    outer loop
      vertex 11.777732277639233 -1.4224442018621097 0
      vertex 11.777732277639233 -1.4224442018621097 1.200000000000001
      vertex 11.533380819092699 -1.6036675945755152 0
    endloop
  endfacet
  facet normal 0.5141027441932214 -0.8577286100002723 0
    outer loop
      vertex 12.038670115839407 -1.2660440805200994 0
      vertex 12.038670115839407 -1.2660440805200994 1.200000000000001
      vertex 11.777732277639233 -1.4224442018621097 0
    endloop
  endfacet
  facet normal 0.42755509343028303 -0.903989293123443 0
    outer loop
      vertex 12.313681359668221 -1.1359734492150109 0
      vertex 12.313681359668221 -1.1359734492150109 1.200000000000001
      vertex 12.038670115839407 -1.2660440805200994 0
    endloop
  endfacet
  facet normal 0.9891765099647816 -0.14673047445535756 0
    outer loop
      vertex 10.41492734731619 -3.696146864978362 0
      vertex 10.459565630749985 -3.3952200017500025 1.200000000000001
      vertex 10.41492734731619 -3.696146864978362 1.200000000000001
    endloop
  endfacet
  facet normal 0.9700312531945435 -0.24298017990326595 0
    outer loop
      vertex 10.459565630749985 -3.3952200017500025 0
      vertex 10.533484959230153 -3.1001175005111667 1.200000000000001
      vertex 10.459565630749985 -3.3952200017500025 1.200000000000001
    endloop
  endfacet
  facet normal 0.9415440651830204 -0.33688985339222155 0
    outer loop
      vertex 10.533484959230153 -3.1001175005111667 0
      vertex 10.635973449215012 -2.8136813596682217 1.200000000000001
      vertex 10.533484959230153 -3.1001175005111667 1.200000000000001
    endloop
  endfacet
  facet normal 0.9039892931234438 -0.42755509343028125 0
    outer loop
      vertex 10.635973449215012 -2.8136813596682217 0
      vertex 10.7660440805201 -2.538670115839407 1.200000000000001
      vertex 10.635973449215012 -2.8136813596682217 1.200000000000001
    endloop
  endfacet
  facet normal 0.8577286100002726 -0.514102744193221 0
    outer loop
      vertex 10.7660440805201 -2.538670115839407 0
      vertex 10.92244420186211 -2.2777322776392332 1.200000000000001
      vertex 10.7660440805201 -2.538670115839407 1.200000000000001
    endloop
  endfacet
  facet normal 0.8032075314806449 -0.5956993044924334 0
    outer loop
      vertex 10.92244420186211 -2.2777322776392332 0
      vertex 11.103667594575516 -2.0333808190926987 1.200000000000001
      vertex 10.92244420186211 -2.2777322776392332 1.200000000000001
    endloop
  endfacet
  facet normal 0.7409511253549581 -0.6715589548470196 0
    outer loop
      vertex 11.103667594575516 -2.0333808190926987 0
      vertex 11.307968978321703 -1.8079689783217026 1.200000000000001
      vertex 11.103667594575516 -2.0333808190926987 1.200000000000001
    endloop
  endfacet
  facet normal 0.6715589548470201 -0.7409511253549574 0
    outer loop
      vertex 11.307968978321703 -1.8079689783217026 0
      vertex 11.533380819092699 -1.6036675945755152 1.200000000000001
      vertex 11.307968978321703 -1.8079689783217026 1.200000000000001
    endloop
  endfacet
  facet normal 0.5956993044924331 -0.803207531480645 0
    outer loop
      vertex 11.533380819092699 -1.6036675945755152 0
      vertex 11.777732277639233 -1.4224442018621097 1.200000000000001
      vertex 11.533380819092699 -1.6036675945755152 1.200000000000001
    endloop
  endfacet
  facet normal 0.5141027441932214 -0.8577286100002723 0
    outer loop
      vertex 11.777732277639233 -1.4224442018621097 0
      vertex 12.038670115839407 -1.2660440805200994 1.200000000000001
      vertex 11.777732277639233 -1.4224442018621097 1.200000000000001
    endloop
  endfacet
  facet normal 0.42755509343028303 -0.903989293123443 0
    outer loop
      vertex 12.038670115839407 -1.2660440805200994 0
      vertex 12.313681359668221 -1.1359734492150109 1.200000000000001
      vertex 12.038670115839407 -1.2660440805200994 1.200000000000001
    endloop
  endfacet
  facet normal 0.33688985339221744 -0.9415440651830216 0
    outer loop
      vertex 12.313681359668221 -1.1359734492150109 0
      vertex 12.600117500511168 -1.0334849592301527 1.200000000000001
      vertex 12.313681359668221 -1.1359734492150109 1.200000000000001
    endloop
  endfacet
  facet normal 0.24298017990326629 0.9700312531945435 0
    outer loop
      vertex 12.600117500511168 -6.966515040769847 0
      vertex 12.600117500511168 -6.966515040769847 1.200000000000001
      vertex 12.895220001750003 -7.040434369250015 0
    endloop
  endfacet
  facet normal 0.14673047445536086 0.9891765099647811 0
    outer loop
      vertex 12.895220001750003 -7.040434369250015 0
      vertex 12.895220001750003 -7.040434369250015 1.200000000000001
      vertex 13.196146864978362 -7.08507265268381 0
    endloop
  endfacet
  facet normal 0.04906767432741669 0.9987954562051724 0
    outer loop
      vertex 13.196146864978362 -7.08507265268381 0
      vertex 13.196146864978362 -7.08507265268381 1.200000000000001
      vertex 13.5 -7.1 0
    endloop
  endfacet
  facet normal -0.04906767432741669 0.9987954562051724 0
    outer loop
      vertex 13.5 -7.1 0
      vertex 13.5 -7.1 1.200000000000001
      vertex 13.803853135021638 -7.08507265268381 0
    endloop
  endfacet
  facet normal -0.14673047445536086 0.9891765099647811 0
    outer loop
      vertex 13.803853135021638 -7.08507265268381 0
      vertex 13.803853135021638 -7.08507265268381 1.200000000000001
      vertex 14.104779998249997 -7.040434369250015 0
    endloop
  endfacet
  facet normal -0.24298017990326629 0.9700312531945435 0
    outer loop
      vertex 14.104779998249997 -7.040434369250015 0
      vertex 14.104779998249997 -7.040434369250015 1.200000000000001
      vertex 14.399882499488832 -6.966515040769847 0
    endloop
  endfacet
  facet normal -0.33688985339221744 0.9415440651830216 0
    outer loop
      vertex 14.399882499488832 -6.966515040769847 0
      vertex 14.399882499488832 -6.966515040769847 1.200000000000001
      vertex 14.686318640331779 -6.864026550784989 0
    endloop
  endfacet
  facet normal -0.4275550934302842 0.9039892931234425 0
    outer loop
      vertex 14.686318640331779 -6.864026550784989 0
      vertex 14.686318640331779 -6.864026550784989 1.200000000000001
      vertex 14.961329884160593 -6.7339559194799 0
    endloop
  endfacet
  facet normal 0.33688985339221744 0.9415440651830216 -3.915144989951041e-18
    outer loop
      vertex 12.313681359668221 -6.864026550784989 1.200000000000001
      vertex 12.600117500511168 -6.966515040769847 1.200000000000001
      vertex 12.600117500511168 -6.966515040769847 0
    endloop
  endfacet
  facet normal 0.24298017990326629 0.9700312531945435 0
    outer loop
      vertex 12.895220001750003 -7.040434369250015 0
      vertex 12.600117500511168 -6.966515040769847 1.200000000000001
      vertex 12.895220001750003 -7.040434369250015 1.200000000000001
    endloop
  endfacet
  facet normal 0.14673047445536086 0.9891765099647811 0
    outer loop
      vertex 13.196146864978362 -7.08507265268381 0
      vertex 12.895220001750003 -7.040434369250015 1.200000000000001
      vertex 13.196146864978362 -7.08507265268381 1.200000000000001
    endloop
  endfacet
  facet normal 0.04906767432741669 0.9987954562051724 0
    outer loop
      vertex 13.5 -7.1 0
      vertex 13.196146864978362 -7.08507265268381 1.200000000000001
      vertex 13.5 -7.1 1.200000000000001
    endloop
  endfacet
  facet normal -0.04906767432741669 0.9987954562051724 0
    outer loop
      vertex 13.803853135021638 -7.08507265268381 0
      vertex 13.5 -7.1 1.200000000000001
      vertex 13.803853135021638 -7.08507265268381 1.200000000000001
    endloop
  endfacet
  facet normal -0.14673047445536086 0.9891765099647811 0
    outer loop
      vertex 14.104779998249997 -7.040434369250015 0
      vertex 13.803853135021638 -7.08507265268381 1.200000000000001
      vertex 14.104779998249997 -7.040434369250015 1.200000000000001
    endloop
  endfacet
  facet normal -0.24298017990326629 0.9700312531945435 0
    outer loop
      vertex 14.399882499488832 -6.966515040769847 0
      vertex 14.104779998249997 -7.040434369250015 1.200000000000001
      vertex 14.399882499488832 -6.966515040769847 1.200000000000001
    endloop
  endfacet
  facet normal -0.33688985339221744 0.9415440651830216 0
    outer loop
      vertex 14.686318640331779 -6.864026550784989 0
      vertex 14.399882499488832 -6.966515040769847 1.200000000000001
      vertex 14.686318640331779 -6.864026550784989 1.200000000000001
    endloop
  endfacet
  facet normal -0.4275550934302842 0.9039892931234425 0
    outer loop
      vertex 14.961329884160593 -6.7339559194799 0
      vertex 14.686318640331779 -6.864026550784989 1.200000000000001
      vertex 14.961329884160593 -6.7339559194799 1.200000000000001
    endloop
  endfacet
  facet normal 0.33688985339221744 -0.9415440651830216 3.915144989951041e-18
    outer loop
      vertex 12.313681359668221 -1.1359734492150109 0
      vertex 12.600117500511168 -1.0334849592301527 0
      vertex 12.600117500511168 -1.0334849592301527 1.200000000000001
    endloop
  endfacet
  facet normal 0.2429801799032649 -0.9700312531945438 0
    outer loop
      vertex 12.895220001750003 -0.9595656307499856 0
      vertex 12.895220001750003 -0.9595656307499856 1.200000000000001
      vertex 12.600117500511168 -1.0334849592301527 0
    endloop
  endfacet
  facet normal 0.14673047445536228 -0.9891765099647809 0
    outer loop
      vertex 13.196146864978362 -0.9149273473161896 0
      vertex 13.196146864978362 -0.9149273473161896 1.200000000000001
      vertex 12.895220001750003 -0.9595656307499856 0
    endloop
  endfacet
  facet normal 0.04906767432741814 -0.9987954562051724 0
    outer loop
      vertex 13.5 -0.8999999999999999 0
      vertex 13.5 -0.8999999999999999 1.200000000000001
      vertex 13.196146864978362 -0.9149273473161896 0
    endloop
  endfacet
  facet normal -0.04906767432741814 -0.9987954562051724 0
    outer loop
      vertex 13.803853135021638 -0.9149273473161896 0
      vertex 13.803853135021638 -0.9149273473161896 1.200000000000001
      vertex 13.5 -0.8999999999999999 0
    endloop
  endfacet
  facet normal -0.14673047445536228 -0.9891765099647809 0
    outer loop
      vertex 14.104779998249997 -0.9595656307499856 0
      vertex 14.104779998249997 -0.9595656307499856 1.200000000000001
      vertex 13.803853135021638 -0.9149273473161896 0
    endloop
  endfacet
  facet normal -0.2429801799032649 -0.9700312531945438 0
    outer loop
      vertex 14.399882499488832 -1.0334849592301527 0
      vertex 14.399882499488832 -1.0334849592301527 1.200000000000001
      vertex 14.104779998249997 -0.9595656307499856 0
    endloop
  endfacet
  facet normal -0.33688985339221744 -0.9415440651830216 0
    outer loop
      vertex 14.686318640331779 -1.1359734492150109 0
      vertex 14.686318640331779 -1.1359734492150109 1.200000000000001
      vertex 14.399882499488832 -1.0334849592301527 0
    endloop
  endfacet
  facet normal -0.42755509343028303 -0.903989293123443 0
    outer loop
      vertex 14.961329884160593 -1.2660440805200994 0
      vertex 14.961329884160593 -1.2660440805200994 1.200000000000001
      vertex 14.686318640331779 -1.1359734492150109 0
    endloop
  endfacet
  facet normal 0.2429801799032649 -0.9700312531945438 0
    outer loop
      vertex 12.600117500511168 -1.0334849592301527 0
      vertex 12.895220001750003 -0.9595656307499856 1.200000000000001
      vertex 12.600117500511168 -1.0334849592301527 1.200000000000001
    endloop
  endfacet
  facet normal 0.14673047445536228 -0.9891765099647809 0
    outer loop
      vertex 12.895220001750003 -0.9595656307499856 0
      vertex 13.196146864978362 -0.9149273473161896 1.200000000000001
      vertex 12.895220001750003 -0.9595656307499856 1.200000000000001
    endloop
  endfacet
  facet normal 0.04906767432741814 -0.9987954562051724 0
    outer loop
      vertex 13.196146864978362 -0.9149273473161896 0
      vertex 13.5 -0.8999999999999999 1.200000000000001
      vertex 13.196146864978362 -0.9149273473161896 1.200000000000001
    endloop
  endfacet
  facet normal -0.04906767432741814 -0.9987954562051724 0
    outer loop
      vertex 13.5 -0.8999999999999999 0
      vertex 13.803853135021638 -0.9149273473161896 1.200000000000001
      vertex 13.5 -0.8999999999999999 1.200000000000001
    endloop
  endfacet
  facet normal -0.2429801799032649 -0.9700312531945438 0
    outer loop
      vertex 14.104779998249997 -0.9595656307499856 0
      vertex 14.399882499488832 -1.0334849592301527 1.200000000000001
      vertex 14.104779998249997 -0.9595656307499856 1.200000000000001
    endloop
  endfacet
  facet normal -0.14673047445536228 -0.9891765099647809 0
    outer loop
      vertex 13.803853135021638 -0.9149273473161896 0
      vertex 14.104779998249997 -0.9595656307499856 1.200000000000001
      vertex 13.803853135021638 -0.9149273473161896 1.200000000000001
    endloop
  endfacet
  facet normal -0.33688985339221744 -0.9415440651830216 0
    outer loop
      vertex 14.399882499488832 -1.0334849592301527 0
      vertex 14.686318640331779 -1.1359734492150109 1.200000000000001
      vertex 14.399882499488832 -1.0334849592301527 1.200000000000001
    endloop
  endfacet
  facet normal -0.42755509343028303 -0.903989293123443 0
    outer loop
      vertex 14.686318640331779 -1.1359734492150109 0
      vertex 14.961329884160593 -1.2660440805200994 1.200000000000001
      vertex 14.686318640331779 -1.1359734492150109 1.200000000000001
    endloop
  endfacet
  facet normal -0.5141027441932204 0.857728610000273 0
    outer loop
      vertex 14.961329884160593 -6.7339559194799 0
      vertex 14.961329884160593 -6.7339559194799 1.200000000000001
      vertex 15.222267722360767 -6.57755579813789 0
    endloop
  endfacet
  facet normal -0.595699304492434 0.8032075314806444 0
    outer loop
      vertex 15.222267722360767 -6.57755579813789 0
      vertex 15.222267722360767 -6.57755579813789 1.200000000000001
      vertex 15.466619180907301 -6.396332405424484 0
    endloop
  endfacet
  facet normal -0.6715589548470193 0.7409511253549582 0
    outer loop
      vertex 15.466619180907301 -6.396332405424484 0
      vertex 15.466619180907301 -6.396332405424484 1.200000000000001
      vertex 15.692031021678297 -6.192031021678297 0
    endloop
  endfacet
  facet normal -0.7409511253549581 0.6715589548470196 0
    outer loop
      vertex 15.692031021678297 -6.192031021678297 0
      vertex 15.692031021678297 -6.192031021678297 1.200000000000001
      vertex 15.896332405424484 -5.966619180907301 0
    endloop
  endfacet
  facet normal -0.8032075314806444 0.595699304492434 -5.892036478508173e-20
    outer loop
      vertex 16.07755579813789 -5.722267722360767 0
      vertex 15.896332405424484 -5.966619180907301 0
      vertex 15.896332405424484 -5.966619180907301 1.200000000000001
    endloop
  endfacet
  facet normal -0.857728610000273 0.5141027441932204 0
    outer loop
      vertex 16.07755579813789 -5.722267722360767 0
      vertex 16.07755579813789 -5.722267722360767 1.200000000000001
      vertex 16.2339559194799 -5.461329884160593 0
    endloop
  endfacet
  facet normal -0.9039892931234433 0.4275550934302818 0
    outer loop
      vertex 16.2339559194799 -5.461329884160593 0
      vertex 16.2339559194799 -5.461329884160593 1.200000000000001
      vertex 16.36402655078499 -5.186318640331779 0
    endloop
  endfacet
  facet normal -0.9415440651830186 0.3368898533922262 1.5002856523577154e-18
    outer loop
      vertex 16.46651504076985 -4.899882499488833 0
      vertex 16.36402655078499 -5.186318640331779 0
      vertex 16.36402655078499 -5.186318640331779 1.200000000000001
    endloop
  endfacet
  facet normal -0.9700312531945446 0.24298017990326073 -3.694530041675161e-18
    outer loop
      vertex 16.540434369250015 -4.604779998249998 0
      vertex 16.46651504076985 -4.899882499488833 0
      vertex 16.46651504076985 -4.899882499488833 1.200000000000001
    endloop
  endfacet
  facet normal -0.9891765099647816 0.1467304744553571 -1.5202674218160128e-18
    outer loop
      vertex 16.58507265268381 -4.303853135021638 0
      vertex 16.540434369250015 -4.604779998249998 0
      vertex 16.540434369250015 -4.604779998249998 1.200000000000001
    endloop
  endfacet
  facet normal -0.9987954562051721 0.049067674327425564 -1.0602539727516433e-18
    outer loop
      vertex 16.6 -4 0
      vertex 16.58507265268381 -4.303853135021638 0
      vertex 16.58507265268381 -4.303853135021638 1.200000000000001
    endloop
  endfacet
  facet normal -0.9987954562051721 -0.049067674327425495 -4.669918720785534e-19
    outer loop
      vertex 16.58507265268381 -3.696146864978362 0
      vertex 16.6 -4 0
      vertex 16.6 -4 1.200000000000001
    endloop
  endfacet
  facet normal -0.5141027441932204 0.857728610000273 0
    outer loop
      vertex 15.222267722360767 -6.57755579813789 0
      vertex 14.961329884160593 -6.7339559194799 1.200000000000001
      vertex 15.222267722360767 -6.57755579813789 1.200000000000001
    endloop
  endfacet
  facet normal -0.595699304492434 0.8032075314806444 0
    outer loop
      vertex 15.466619180907301 -6.396332405424484 0
      vertex 15.222267722360767 -6.57755579813789 1.200000000000001
      vertex 15.466619180907301 -6.396332405424484 1.200000000000001
    endloop
  endfacet
  facet normal -0.6715589548470193 0.7409511253549582 0
    outer loop
      vertex 15.692031021678297 -6.192031021678297 0
      vertex 15.466619180907301 -6.396332405424484 1.200000000000001
      vertex 15.692031021678297 -6.192031021678297 1.200000000000001
    endloop
  endfacet
  facet normal -0.7409511253549581 0.6715589548470196 0
    outer loop
      vertex 15.896332405424484 -5.966619180907301 0
      vertex 15.692031021678297 -6.192031021678297 1.200000000000001
      vertex 15.896332405424484 -5.966619180907301 1.200000000000001
    endloop
  endfacet
  facet normal -0.8032075314806444 0.595699304492434 0
    outer loop
      vertex 16.07755579813789 -5.722267722360767 0
      vertex 15.896332405424484 -5.966619180907301 1.200000000000001
      vertex 16.07755579813789 -5.722267722360767 1.200000000000001
    endloop
  endfacet
  facet normal -0.857728610000273 0.5141027441932204 0
    outer loop
      vertex 16.2339559194799 -5.461329884160593 0
      vertex 16.07755579813789 -5.722267722360767 1.200000000000001
      vertex 16.2339559194799 -5.461329884160593 1.200000000000001
    endloop
  endfacet
  facet normal -0.9039892931234433 0.4275550934302818 0
    outer loop
      vertex 16.36402655078499 -5.186318640331779 0
      vertex 16.2339559194799 -5.461329884160593 1.200000000000001
      vertex 16.36402655078499 -5.186318640331779 1.200000000000001
    endloop
  endfacet
  facet normal -0.9415440651830186 0.3368898533922262 0
    outer loop
      vertex 16.46651504076985 -4.899882499488833 0
      vertex 16.36402655078499 -5.186318640331779 1.200000000000001
      vertex 16.46651504076985 -4.899882499488833 1.200000000000001
    endloop
  endfacet
  facet normal -0.9700312531945446 0.24298017990326073 0
    outer loop
      vertex 16.540434369250015 -4.604779998249998 0
      vertex 16.46651504076985 -4.899882499488833 1.200000000000001
      vertex 16.540434369250015 -4.604779998249998 1.200000000000001
    endloop
  endfacet
  facet normal -0.9891765099647816 0.1467304744553571 0
    outer loop
      vertex 16.58507265268381 -4.303853135021638 0
      vertex 16.540434369250015 -4.604779998249998 1.200000000000001
      vertex 16.58507265268381 -4.303853135021638 1.200000000000001
    endloop
  endfacet
  facet normal -0.9987954562051721 0.049067674327425564 0
    outer loop
      vertex 16.6 -4 0
      vertex 16.58507265268381 -4.303853135021638 1.200000000000001
      vertex 16.6 -4 1.200000000000001
    endloop
  endfacet
  facet normal -0.9987954562051721 -0.049067674327425495 0
    outer loop
      vertex 16.58507265268381 -3.696146864978362 0
      vertex 16.6 -4 1.200000000000001
      vertex 16.58507265268381 -3.696146864978362 1.200000000000001
    endloop
  endfacet
  facet normal -0.7409511253549581 -0.6715589548470196 9.194473029955949e-19
    outer loop
      vertex 15.692031021678297 -1.8079689783217026 0
      vertex 15.896332405424484 -2.0333808190926987 0
      vertex 15.896332405424484 -2.0333808190926987 1.200000000000001
    endloop
  endfacet
  facet normal -0.8577286100002726 -0.514102744193221 -6.391873586657255e-19
    outer loop
      vertex 16.07755579813789 -2.2777322776392332 0
      vertex 16.2339559194799 -2.538670115839407 0
      vertex 16.2339559194799 -2.538670115839407 1.200000000000001
    endloop
  endfacet
  facet normal -0.8032075314806449 -0.5956993044924334 7.69423201160612e-18
    outer loop
      vertex 15.896332405424484 -2.0333808190926987 0
      vertex 16.07755579813789 -2.2777322776392332 0
      vertex 16.07755579813789 -2.2777322776392332 1.200000000000001
    endloop
  endfacet
  facet normal -0.5141027441932214 -0.8577286100002723 0
    outer loop
      vertex 15.222267722360767 -1.4224442018621097 0
      vertex 15.222267722360767 -1.4224442018621097 1.200000000000001
      vertex 14.961329884160593 -1.2660440805200994 0
    endloop
  endfacet
  facet normal -0.5956993044924331 -0.803207531480645 0
    outer loop
      vertex 15.466619180907301 -1.6036675945755152 0
      vertex 15.466619180907301 -1.6036675945755152 1.200000000000001
      vertex 15.222267722360767 -1.4224442018621097 0
    endloop
  endfacet
  facet normal -0.6715589548470201 -0.7409511253549574 -7.121903495633462e-18
    outer loop
      vertex 15.466619180907301 -1.6036675945755152 0
      vertex 15.692031021678297 -1.8079689783217026 0
      vertex 15.692031021678297 -1.8079689783217026 1.200000000000001
    endloop
  endfacet
  facet normal -0.9700312531945449 -0.24298017990326043 -6.930727260678137e-19
    outer loop
      vertex 16.46651504076985 -3.1001175005111667 0
      vertex 16.540434369250015 -3.3952200017500025 0
      vertex 16.540434369250015 -3.3952200017500025 1.200000000000001
    endloop
  endfacet
  facet normal -0.9415440651830185 -0.3368898533922267 -3.7384555607378657e-19
    outer loop
      vertex 16.36402655078499 -2.8136813596682217 0
      vertex 16.46651504076985 -3.1001175005111667 0
      vertex 16.46651504076985 -3.1001175005111667 1.200000000000001
    endloop
  endfacet
  facet normal -0.9891765099647816 -0.14673047445535756 8.30305507833279e-19
    outer loop
      vertex 16.540434369250015 -3.3952200017500025 0
      vertex 16.58507265268381 -3.696146864978362 0
      vertex 16.58507265268381 -3.696146864978362 1.200000000000001
    endloop
  endfacet
  facet normal -0.9039892931234438 -0.42755509343028125 -2.062021718234638e-18
    outer loop
      vertex 16.2339559194799 -2.538670115839407 0
      vertex 16.36402655078499 -2.8136813596682217 0
      vertex 16.36402655078499 -2.8136813596682217 1.200000000000001
    endloop
  endfacet
  facet normal -0.7409511253549581 -0.6715589548470196 0
    outer loop
      vertex 15.692031021678297 -1.8079689783217026 0
      vertex 15.896332405424484 -2.0333808190926987 1.200000000000001
      vertex 15.692031021678297 -1.8079689783217026 1.200000000000001
    endloop
  endfacet
  facet normal -0.8577286100002726 -0.514102744193221 0
    outer loop
      vertex 16.07755579813789 -2.2777322776392332 0
      vertex 16.2339559194799 -2.538670115839407 1.200000000000001
      vertex 16.07755579813789 -2.2777322776392332 1.200000000000001
    endloop
  endfacet
  facet normal -0.8032075314806449 -0.5956993044924334 0
    outer loop
      vertex 15.896332405424484 -2.0333808190926987 0
      vertex 16.07755579813789 -2.2777322776392332 1.200000000000001
      vertex 15.896332405424484 -2.0333808190926987 1.200000000000001
    endloop
  endfacet
  facet normal -0.5956993044924331 -0.803207531480645 0
    outer loop
      vertex 15.222267722360767 -1.4224442018621097 0
      vertex 15.466619180907301 -1.6036675945755152 1.200000000000001
      vertex 15.222267722360767 -1.4224442018621097 1.200000000000001
    endloop
  endfacet
  facet normal -0.5141027441932214 -0.8577286100002723 0
    outer loop
      vertex 14.961329884160593 -1.2660440805200994 0
      vertex 15.222267722360767 -1.4224442018621097 1.200000000000001
      vertex 14.961329884160593 -1.2660440805200994 1.200000000000001
    endloop
  endfacet
  facet normal -0.6715589548470201 -0.7409511253549574 0
    outer loop
      vertex 15.466619180907301 -1.6036675945755152 0
      vertex 15.692031021678297 -1.8079689783217026 1.200000000000001
      vertex 15.466619180907301 -1.6036675945755152 1.200000000000001
    endloop
  endfacet
  facet normal -0.9891765099647816 -0.14673047445535756 0
    outer loop
      vertex 16.540434369250015 -3.3952200017500025 0
      vertex 16.58507265268381 -3.696146864978362 1.200000000000001
      vertex 16.540434369250015 -3.3952200017500025 1.200000000000001
    endloop
  endfacet
  facet normal -0.9415440651830185 -0.3368898533922267 0
    outer loop
      vertex 16.36402655078499 -2.8136813596682217 0
      vertex 16.46651504076985 -3.1001175005111667 1.200000000000001
      vertex 16.36402655078499 -2.8136813596682217 1.200000000000001
    endloop
  endfacet
  facet normal -0.9700312531945449 -0.24298017990326043 0
    outer loop
      vertex 16.46651504076985 -3.1001175005111667 0
      vertex 16.540434369250015 -3.3952200017500025 1.200000000000001
      vertex 16.46651504076985 -3.1001175005111667 1.200000000000001
    endloop
  endfacet
  facet normal -0.9039892931234438 -0.42755509343028125 0
    outer loop
      vertex 16.2339559194799 -2.538670115839407 0
      vertex 16.36402655078499 -2.8136813596682217 1.200000000000001
      vertex 16.2339559194799 -2.538670115839407 1.200000000000001
    endloop
  endfacet
  facet normal 0.9415440651830204 0.3368898533922214 1.3782243163666301e-18
    outer loop
      vertex 7.26089637399097 25.69385325410793 0
      vertex 7.234447731414233 25.76777225819643 0
      vertex 7.234447731414233 25.76777225819643 1.200000000000001
    endloop
  endfacet
  facet normal 0.8577286100002665 0.5141027441932313 -1.086055475314427e-18
    outer loop
      vertex 7.3348243101579635 25.55554381358432 0
      vertex 7.294462988521316 25.6228826105392 0
      vertex 7.294462988521316 25.6228826105392 1.200000000000001
    endloop
  endfacet
  facet normal 0.903989293123448 0.42755509343027215 0
    outer loop
      vertex 7.26089637399097 25.69385325410793 1.200000000000001
      vertex 7.294462988521316 25.6228826105392 0
      vertex 7.26089637399097 25.69385325410793 0
    endloop
  endfacet
  facet normal 0.8032075314806438 0.5956993044924347 0
    outer loop
      vertex 7.3348243101579635 25.55554381358432 1.200000000000001
      vertex 7.3815916373098105 25.492485372669083 0
      vertex 7.3348243101579635 25.55554381358432 0
    endloop
  endfacet
  facet normal 0.7409511253549507 0.6715589548470277 -8.892017344254768e-20
    outer loop
      vertex 7.434314575050762 25.434314575050763 0
      vertex 7.3815916373098105 25.492485372669083 0
      vertex 7.3815916373098105 25.492485372669083 1.200000000000001
    endloop
  endfacet
  facet normal 0.6715589548470282 0.7409511253549502 -5.969914772510538e-19
    outer loop
      vertex 7.492485372669083 25.38159163730981 0
      vertex 7.434314575050762 25.434314575050763 0
      vertex 7.434314575050762 25.434314575050763 1.200000000000001
    endloop
  endfacet
  facet normal 0.970031253194546 0.24298017990325563 -1.0941981016805503e-18
    outer loop
      vertex 7.234447731414233 25.76777225819643 0
      vertex 7.215371775677416 25.8439277423871 0
      vertex 7.215371775677416 25.8439277423871 1.200000000000001
    endloop
  endfacet
  facet normal 0.9891765099647798 0.14673047445536935 0
    outer loop
      vertex 7.2038522186622425 25.92158628773635 1.200000000000001
      vertex 7.215371775677416 25.8439277423871 0
      vertex 7.2038522186622425 25.92158628773635 0
    endloop
  endfacet
  facet normal 0.9987954562051727 0.04906767432741431 -2.1711949566303235e-19
    outer loop
      vertex 7.2038522186622425 25.92158628773635 0
      vertex 7.2 26 0
      vertex 7.2 26 1.200000000000001
    endloop
  endfacet
  facet normal 0.9987954562051727 -0.04906767432741431 2.1711949566303235e-19
    outer loop
      vertex 7.2 26 0
      vertex 7.2038522186622425 26.07841371226365 0
      vertex 7.2038522186622425 26.07841371226365 1.200000000000001
    endloop
  endfacet
  facet normal 0.9891765099647798 -0.14673047445536935 0
    outer loop
      vertex 7.215371775677416 26.1560722576129 1.200000000000001
      vertex 7.2038522186622425 26.07841371226365 0
      vertex 7.215371775677416 26.1560722576129 0
    endloop
  endfacet
  facet normal 0.970031253194546 -0.24298017990325563 1.0941981016805503e-18
    outer loop
      vertex 7.215371775677416 26.1560722576129 0
      vertex 7.234447731414233 26.23222774180357 0
      vertex 7.234447731414233 26.23222774180357 1.200000000000001
    endloop
  endfacet
  facet normal 0.9415440651830204 0.3368898533922214 1.3782243163666301e-18
    outer loop
      vertex 7.234447731414233 25.76777225819643 1.200000000000001
      vertex 7.26089637399097 25.69385325410793 1.200000000000001
      vertex 7.26089637399097 25.69385325410793 0
    endloop
  endfacet
  facet normal 0.903989293123448 0.42755509343027215 -1.0545734329598903e-18
    outer loop
      vertex 7.26089637399097 25.69385325410793 1.200000000000001
      vertex 7.294462988521316 25.6228826105392 1.200000000000001
      vertex 7.294462988521316 25.6228826105392 0
    endloop
  endfacet
  facet normal 0.8577286100002665 0.5141027441932313 -1.086055475314427e-18
    outer loop
      vertex 7.294462988521316 25.6228826105392 1.200000000000001
      vertex 7.3348243101579635 25.55554381358432 1.200000000000001
      vertex 7.3348243101579635 25.55554381358432 0
    endloop
  endfacet
  facet normal 0.8032075314806438 0.5956993044924347 -9.543292264749471e-19
    outer loop
      vertex 7.3348243101579635 25.55554381358432 1.200000000000001
      vertex 7.3815916373098105 25.492485372669083 1.200000000000001
      vertex 7.3815916373098105 25.492485372669083 0
    endloop
  endfacet
  facet normal 0.7409511253549507 0.6715589548470277 -8.892017344254768e-20
    outer loop
      vertex 7.3815916373098105 25.492485372669083 1.200000000000001
      vertex 7.434314575050762 25.434314575050763 1.200000000000001
      vertex 7.434314575050762 25.434314575050763 0
    endloop
  endfacet
  facet normal 0.6715589548470282 0.7409511253549502 0
    outer loop
      vertex 7.492485372669083 25.38159163730981 1.200000000000001
      vertex 7.492485372669083 25.38159163730981 0
      vertex 7.434314575050762 25.434314575050763 1.200000000000001
    endloop
  endfacet
  facet normal 0.9891765099647798 0.14673047445536935 -5.082976081549466e-19
    outer loop
      vertex 7.2038522186622425 25.92158628773635 1.200000000000001
      vertex 7.215371775677416 25.8439277423871 1.200000000000001
      vertex 7.215371775677416 25.8439277423871 0
    endloop
  endfacet
  facet normal 0.970031253194546 0.24298017990325563 -1.0941981016805503e-18
    outer loop
      vertex 7.215371775677416 25.8439277423871 1.200000000000001
      vertex 7.234447731414233 25.76777225819643 1.200000000000001
      vertex 7.234447731414233 25.76777225819643 0
    endloop
  endfacet
  facet normal 0.9987954562051727 0.04906767432741431 -2.1711949566303235e-19
    outer loop
      vertex 7.2 26 1.200000000000001
      vertex 7.2038522186622425 25.92158628773635 1.200000000000001
      vertex 7.2038522186622425 25.92158628773635 0
    endloop
  endfacet
  facet normal 0.9987954562051727 -0.04906767432741431 2.1711949566303235e-19
    outer loop
      vertex 7.2038522186622425 26.07841371226365 1.200000000000001
      vertex 7.2 26 1.200000000000001
      vertex 7.2 26 0
    endloop
  endfacet
  facet normal 0.9891765099647798 -0.14673047445536935 5.082976081549466e-19
    outer loop
      vertex 7.215371775677416 26.1560722576129 1.200000000000001
      vertex 7.2038522186622425 26.07841371226365 1.200000000000001
      vertex 7.2038522186622425 26.07841371226365 0
    endloop
  endfacet
  facet normal 0.970031253194546 -0.24298017990325563 1.0941981016805503e-18
    outer loop
      vertex 7.234447731414233 26.23222774180357 1.200000000000001
      vertex 7.215371775677416 26.1560722576129 1.200000000000001
      vertex 7.215371775677416 26.1560722576129 0
    endloop
  endfacet
  facet normal 0.9415440651830204 -0.3368898533922214 -1.3782243163666301e-18
    outer loop
      vertex 7.234447731414233 26.23222774180357 0
      vertex 7.26089637399097 26.30614674589207 0
      vertex 7.26089637399097 26.30614674589207 1.200000000000001
    endloop
  endfacet
  facet normal 0.903989293123448 -0.42755509343027215 0
    outer loop
      vertex 7.294462988521316 26.3771173894608 1.200000000000001
      vertex 7.26089637399097 26.30614674589207 0
      vertex 7.294462988521316 26.3771173894608 0
    endloop
  endfacet
  facet normal 0.8577286100002665 -0.5141027441932313 0
    outer loop
      vertex 7.3348243101579635 26.44445618641568 1.200000000000001
      vertex 7.294462988521316 26.3771173894608 0
      vertex 7.3348243101579635 26.44445618641568 0
    endloop
  endfacet
  facet normal 0.8032075314806438 -0.5956993044924347 0
    outer loop
      vertex 7.3815916373098105 26.507514627330917 1.200000000000001
      vertex 7.3348243101579635 26.44445618641568 0
      vertex 7.3815916373098105 26.507514627330917 0
    endloop
  endfacet
  facet normal 0.7409511253549507 -0.6715589548470277 0
    outer loop
      vertex 7.434314575050762 26.565685424949237 1.200000000000001
      vertex 7.3815916373098105 26.507514627330917 0
      vertex 7.434314575050762 26.565685424949237 0
    endloop
  endfacet
  facet normal 0.6715589548470282 -0.7409511253549502 0
    outer loop
      vertex 7.492485372669083 26.61840836269019 1.200000000000001
      vertex 7.434314575050762 26.565685424949237 0
      vertex 7.492485372669083 26.61840836269019 0
    endloop
  endfacet
  facet normal 0.9415440651830204 -0.3368898533922214 -1.3782243163666301e-18
    outer loop
      vertex 7.26089637399097 26.30614674589207 1.200000000000001
      vertex 7.234447731414233 26.23222774180357 1.200000000000001
      vertex 7.234447731414233 26.23222774180357 0
    endloop
  endfacet
  facet normal 0.903989293123448 -0.42755509343027215 1.0545734329598903e-18
    outer loop
      vertex 7.294462988521316 26.3771173894608 1.200000000000001
      vertex 7.26089637399097 26.30614674589207 1.200000000000001
      vertex 7.26089637399097 26.30614674589207 0
    endloop
  endfacet
  facet normal 0.8577286100002665 -0.5141027441932313 1.086055475314427e-18
    outer loop
      vertex 7.3348243101579635 26.44445618641568 1.200000000000001
      vertex 7.294462988521316 26.3771173894608 1.200000000000001
      vertex 7.294462988521316 26.3771173894608 0
    endloop
  endfacet
  facet normal 0.8032075314806438 -0.5956993044924347 9.543292264749471e-19
    outer loop
      vertex 7.3815916373098105 26.507514627330917 1.200000000000001
      vertex 7.3348243101579635 26.44445618641568 1.200000000000001
      vertex 7.3348243101579635 26.44445618641568 0
    endloop
  endfacet
  facet normal 0.7409511253549507 -0.6715589548470277 8.892017344254768e-20
    outer loop
      vertex 7.434314575050762 26.565685424949237 1.200000000000001
      vertex 7.3815916373098105 26.507514627330917 1.200000000000001
      vertex 7.3815916373098105 26.507514627330917 0
    endloop
  endfacet
  facet normal 0.6715589548470282 -0.7409511253549502 0
    outer loop
      vertex 7.434314575050762 26.565685424949237 1.200000000000001
      vertex 7.434314575050762 26.565685424949237 0
      vertex 7.492485372669083 26.61840836269019 1.200000000000001
    endloop
  endfacet
  facet normal 0.42755509343029946 0.9039892931234351 0
    outer loop
      vertex 7.622882610539202 25.294462988521317 1.200000000000001
      vertex 7.693853254107928 25.26089637399097 0
      vertex 7.622882610539202 25.294462988521317 0
    endloop
  endfacet
  facet normal 0.3368898533922313 0.9415440651830167 0
    outer loop
      vertex 7.693853254107928 25.26089637399097 1.200000000000001
      vertex 7.76777225819643 25.23444773141423 0
      vertex 7.693853254107928 25.26089637399097 0
    endloop
  endfacet
  facet normal 0.2429801799032583 0.9700312531945454 0
    outer loop
      vertex 7.76777225819643 25.23444773141423 1.200000000000001
      vertex 7.8439277423870974 25.215371775677415 0
      vertex 7.76777225819643 25.23444773141423 0
    endloop
  endfacet
  facet normal 0.14673047445536444 0.9891765099647806 0
    outer loop
      vertex 7.8439277423870974 25.215371775677415 1.200000000000001
      vertex 7.921586287736352 25.20385221866224 0
      vertex 7.8439277423870974 25.215371775677415 0
    endloop
  endfacet
  facet normal 0.04906767432741541 0.9987954562051725 0
    outer loop
      vertex 7.921586287736352 25.20385221866224 1.200000000000001
      vertex 8 25.2 0
      vertex 7.921586287736352 25.20385221866224 0
    endloop
  endfacet
  facet normal -0.04906767432741541 0.9987954562051725 0
    outer loop
      vertex 8 25.2 1.200000000000001
      vertex 8.078413712263648 25.20385221866224 0
      vertex 8 25.2 0
    endloop
  endfacet
  facet normal -0.1467304744553628 0.9891765099647809 0
    outer loop
      vertex 8.078413712263648 25.20385221866224 1.200000000000001
      vertex 8.156072257612903 25.215371775677415 0
      vertex 8.078413712263648 25.20385221866224 0
    endloop
  endfacet
  facet normal 0.5956993044924421 0.8032075314806385 0
    outer loop
      vertex 7.492485372669083 25.38159163730981 1.200000000000001
      vertex 7.555543813584318 25.334824310157963 0
      vertex 7.492485372669083 25.38159163730981 0
    endloop
  endfacet
  facet normal 0.5141027441931963 0.8577286100002873 7.994520901391807e-19
    outer loop
      vertex 7.622882610539202 25.294462988521317 0
      vertex 7.555543813584318 25.334824310157963 0
      vertex 7.555543813584318 25.334824310157963 1.200000000000001
    endloop
  endfacet
  facet normal -0.24298017990326096 0.9700312531945448 0
    outer loop
      vertex 8.156072257612903 25.215371775677415 1.200000000000001
      vertex 8.23222774180357 25.23444773141423 0
      vertex 8.156072257612903 25.215371775677415 0
    endloop
  endfacet
  facet normal -0.3368898533922313 0.9415440651830167 0
    outer loop
      vertex 8.23222774180357 25.23444773141423 1.200000000000001
      vertex 8.306146745892072 25.26089637399097 0
      vertex 8.23222774180357 25.23444773141423 0
    endloop
  endfacet
  facet normal -0.42755509343029946 0.9039892931234351 0
    outer loop
      vertex 8.306146745892072 25.26089637399097 1.200000000000001
      vertex 8.377117389460798 25.294462988521317 0
      vertex 8.306146745892072 25.26089637399097 0
    endloop
  endfacet
  facet normal -0.5141027441931963 0.8577286100002873 0
    outer loop
      vertex 8.377117389460798 25.294462988521317 1.200000000000001
      vertex 8.444456186415682 25.334824310157963 0
      vertex 8.377117389460798 25.294462988521317 0
    endloop
  endfacet
  facet normal -0.5956993044924421 0.8032075314806385 0
    outer loop
      vertex 8.444456186415682 25.334824310157963 1.200000000000001
      vertex 8.507514627330917 25.38159163730981 0
      vertex 8.444456186415682 25.334824310157963 0
    endloop
  endfacet
  facet normal -0.6715589548470227 0.7409511253549552 0
    outer loop
      vertex 8.507514627330917 25.38159163730981 1.200000000000001
      vertex 8.565685424949239 25.434314575050763 0
      vertex 8.507514627330917 25.38159163730981 0
    endloop
  endfacet
  facet normal -0.7409511253549563 0.6715589548470215 -5.269776212539528e-19
    outer loop
      vertex 8.61840836269019 25.492485372669083 0
      vertex 8.565685424949239 25.434314575050763 0
      vertex 8.565685424949239 25.434314575050763 1.200000000000001
    endloop
  endfacet
  facet normal -0.8032075314806493 0.5956993044924275 0
    outer loop
      vertex 8.61840836269019 25.492485372669083 1.200000000000001
      vertex 8.665175689842036 25.55554381358432 0
      vertex 8.61840836269019 25.492485372669083 0
    endloop
  endfacet
  facet normal -0.8577286100002613 0.5141027441932396 6.71092261232372e-19
    outer loop
      vertex 8.705537011478684 25.6228826105392 0
      vertex 8.665175689842036 25.55554381358432 0
      vertex 8.665175689842036 25.55554381358432 1.200000000000001
    endloop
  endfacet
  facet normal -0.903989293123448 0.42755509343027215 1.0545734329598903e-18
    outer loop
      vertex 8.73910362600903 25.69385325410793 0
      vertex 8.705537011478684 25.6228826105392 0
      vertex 8.705537011478684 25.6228826105392 1.200000000000001
    endloop
  endfacet
  facet normal -0.9415440651830239 0.3368898533922113 1.4476756357899015e-18
    outer loop
      vertex 8.765552268585767 25.76777225819643 0
      vertex 8.73910362600903 25.69385325410793 0
      vertex 8.73910362600903 25.69385325410793 1.200000000000001
    endloop
  endfacet
  facet normal -0.9700312531945408 0.24298017990327692 0
    outer loop
      vertex 8.765552268585767 25.76777225819643 1.200000000000001
      vertex 8.784628224322585 25.8439277423871 0
      vertex 8.765552268585767 25.76777225819643 0
    endloop
  endfacet
  facet normal -0.9891765099647798 0.14673047445536935 5.082976081549466e-19
    outer loop
      vertex 8.796147781337758 25.92158628773635 0
      vertex 8.784628224322585 25.8439277423871 0
      vertex 8.784628224322585 25.8439277423871 1.200000000000001
    endloop
  endfacet
  facet normal -0.9987954562051727 0.04906767432741431 2.1711949566303235e-19
    outer loop
      vertex 8.8 26 0
      vertex 8.796147781337758 25.92158628773635 0
      vertex 8.796147781337758 25.92158628773635 1.200000000000001
    endloop
  endfacet
  facet normal -0.9987954562051727 -0.04906767432741431 -2.1711949566303235e-19
    outer loop
      vertex 8.796147781337758 26.07841371226365 0
      vertex 8.8 26 0
      vertex 8.8 26 1.200000000000001
    endloop
  endfacet
  facet normal -0.9891765099647798 -0.14673047445536935 0
    outer loop
      vertex 8.796147781337758 26.07841371226365 1.200000000000001
      vertex 8.784628224322585 26.1560722576129 0
      vertex 8.796147781337758 26.07841371226365 0
    endloop
  endfacet
  facet normal -0.9700312531945408 -0.24298017990327692 -7.851444296841742e-19
    outer loop
      vertex 8.765552268585767 26.23222774180357 0
      vertex 8.784628224322585 26.1560722576129 0
      vertex 8.784628224322585 26.1560722576129 1.200000000000001
    endloop
  endfacet
  facet normal 0.5141027441931963 0.8577286100002873 0
    outer loop
      vertex 7.622882610539202 25.294462988521317 0
      vertex 7.555543813584318 25.334824310157963 1.200000000000001
      vertex 7.622882610539202 25.294462988521317 1.200000000000001
    endloop
  endfacet
  facet normal 0.42755509343029946 0.9039892931234351 0
    outer loop
      vertex 7.693853254107928 25.26089637399097 1.200000000000001
      vertex 7.693853254107928 25.26089637399097 0
      vertex 7.622882610539202 25.294462988521317 1.200000000000001
    endloop
  endfacet
  facet normal 0.3368898533922313 0.9415440651830167 0
    outer loop
      vertex 7.76777225819643 25.23444773141423 1.200000000000001
      vertex 7.76777225819643 25.23444773141423 0
      vertex 7.693853254107928 25.26089637399097 1.200000000000001
    endloop
  endfacet
  facet normal 0.2429801799032583 0.9700312531945454 0
    outer loop
      vertex 7.8439277423870974 25.215371775677415 1.200000000000001
      vertex 7.8439277423870974 25.215371775677415 0
      vertex 7.76777225819643 25.23444773141423 1.200000000000001
    endloop
  endfacet
  facet normal 0.14673047445536444 0.9891765099647806 0
    outer loop
      vertex 7.921586287736352 25.20385221866224 1.200000000000001
      vertex 7.921586287736352 25.20385221866224 0
      vertex 7.8439277423870974 25.215371775677415 1.200000000000001
    endloop
  endfacet
  facet normal 0.04906767432741541 0.9987954562051725 0
    outer loop
      vertex 8 25.2 1.200000000000001
      vertex 8 25.2 0
      vertex 7.921586287736352 25.20385221866224 1.200000000000001
    endloop
  endfacet
  facet normal -0.04906767432741541 0.9987954562051725 0
    outer loop
      vertex 8.078413712263648 25.20385221866224 1.200000000000001
      vertex 8.078413712263648 25.20385221866224 0
      vertex 8 25.2 1.200000000000001
    endloop
  endfacet
  facet normal 0.5956993044924421 0.8032075314806385 0
    outer loop
      vertex 7.555543813584318 25.334824310157963 1.200000000000001
      vertex 7.555543813584318 25.334824310157963 0
      vertex 7.492485372669083 25.38159163730981 1.200000000000001
    endloop
  endfacet
  facet normal -0.1467304744553628 0.9891765099647809 0
    outer loop
      vertex 8.156072257612903 25.215371775677415 1.200000000000001
      vertex 8.156072257612903 25.215371775677415 0
      vertex 8.078413712263648 25.20385221866224 1.200000000000001
    endloop
  endfacet
  facet normal -0.24298017990326096 0.9700312531945448 0
    outer loop
      vertex 8.23222774180357 25.23444773141423 1.200000000000001
      vertex 8.23222774180357 25.23444773141423 0
      vertex 8.156072257612903 25.215371775677415 1.200000000000001
    endloop
  endfacet
  facet normal -0.3368898533922313 0.9415440651830167 0
    outer loop
      vertex 8.306146745892072 25.26089637399097 1.200000000000001
      vertex 8.306146745892072 25.26089637399097 0
      vertex 8.23222774180357 25.23444773141423 1.200000000000001
    endloop
  endfacet
  facet normal -0.42755509343029946 0.9039892931234351 0
    outer loop
      vertex 8.377117389460798 25.294462988521317 1.200000000000001
      vertex 8.377117389460798 25.294462988521317 0
      vertex 8.306146745892072 25.26089637399097 1.200000000000001
    endloop
  endfacet
  facet normal -0.5141027441931963 0.8577286100002873 0
    outer loop
      vertex 8.444456186415682 25.334824310157963 0
      vertex 8.377117389460798 25.294462988521317 1.200000000000001
      vertex 8.444456186415682 25.334824310157963 1.200000000000001
    endloop
  endfacet
  facet normal -0.5956993044924421 0.8032075314806385 0
    outer loop
      vertex 8.507514627330917 25.38159163730981 1.200000000000001
      vertex 8.507514627330917 25.38159163730981 0
      vertex 8.444456186415682 25.334824310157963 1.200000000000001
    endloop
  endfacet
  facet normal -0.6715589548470227 0.7409511253549552 0
    outer loop
      vertex 8.565685424949239 25.434314575050763 1.200000000000001
      vertex 8.565685424949239 25.434314575050763 0
      vertex 8.507514627330917 25.38159163730981 1.200000000000001
    endloop
  endfacet
  facet normal -0.7409511253549563 0.6715589548470215 -5.269776212539528e-19
    outer loop
      vertex 8.565685424949239 25.434314575050763 1.200000000000001
      vertex 8.61840836269019 25.492485372669083 1.200000000000001
      vertex 8.61840836269019 25.492485372669083 0
    endloop
  endfacet
  facet normal -0.8032075314806493 0.5956993044924275 2.9288836264596227e-19
    outer loop
      vertex 8.61840836269019 25.492485372669083 1.200000000000001
      vertex 8.665175689842036 25.55554381358432 1.200000000000001
      vertex 8.665175689842036 25.55554381358432 0
    endloop
  endfacet
  facet normal -0.8577286100002613 0.5141027441932396 6.71092261232372e-19
    outer loop
      vertex 8.665175689842036 25.55554381358432 1.200000000000001
      vertex 8.705537011478684 25.6228826105392 1.200000000000001
      vertex 8.705537011478684 25.6228826105392 0
    endloop
  endfacet
  facet normal -0.903989293123448 0.42755509343027215 1.0545734329598903e-18
    outer loop
      vertex 8.705537011478684 25.6228826105392 1.200000000000001
      vertex 8.73910362600903 25.69385325410793 1.200000000000001
      vertex 8.73910362600903 25.69385325410793 0
    endloop
  endfacet
  facet normal -0.9415440651830239 0.3368898533922113 1.4476756357899015e-18
    outer loop
      vertex 8.73910362600903 25.69385325410793 1.200000000000001
      vertex 8.765552268585767 25.76777225819643 1.200000000000001
      vertex 8.765552268585767 25.76777225819643 0
    endloop
  endfacet
  facet normal -0.9700312531945408 0.24298017990327692 7.851444296841742e-19
    outer loop
      vertex 8.765552268585767 25.76777225819643 1.200000000000001
      vertex 8.784628224322585 25.8439277423871 1.200000000000001
      vertex 8.784628224322585 25.8439277423871 0
    endloop
  endfacet
  facet normal -0.9891765099647798 0.14673047445536935 5.082976081549466e-19
    outer loop
      vertex 8.784628224322585 25.8439277423871 1.200000000000001
      vertex 8.796147781337758 25.92158628773635 1.200000000000001
      vertex 8.796147781337758 25.92158628773635 0
    endloop
  endfacet
  facet normal -0.9987954562051727 0.04906767432741431 2.1711949566303235e-19
    outer loop
      vertex 8.796147781337758 25.92158628773635 1.200000000000001
      vertex 8.8 26 1.200000000000001
      vertex 8.8 26 0
    endloop
  endfacet
  facet normal -0.9891765099647798 -0.14673047445536935 -5.082976081549466e-19
    outer loop
      vertex 8.796147781337758 26.07841371226365 1.200000000000001
      vertex 8.784628224322585 26.1560722576129 1.200000000000001
      vertex 8.784628224322585 26.1560722576129 0
    endloop
  endfacet
  facet normal -0.9987954562051727 -0.04906767432741431 -2.1711949566303235e-19
    outer loop
      vertex 8.8 26 1.200000000000001
      vertex 8.796147781337758 26.07841371226365 1.200000000000001
      vertex 8.796147781337758 26.07841371226365 0
    endloop
  endfacet
  facet normal -0.9700312531945408 -0.24298017990327692 -7.851444296841742e-19
    outer loop
      vertex 8.784628224322585 26.1560722576129 1.200000000000001
      vertex 8.765552268585767 26.23222774180357 1.200000000000001
      vertex 8.765552268585767 26.23222774180357 0
    endloop
  endfacet
  facet normal 0.5956993044924421 -0.8032075314806385 0
    outer loop
      vertex 7.555543813584318 26.665175689842037 1.200000000000001
      vertex 7.492485372669083 26.61840836269019 0
      vertex 7.555543813584318 26.665175689842037 0
    endloop
  endfacet
  facet normal 0.5141027441931963 -0.8577286100002873 0
    outer loop
      vertex 7.622882610539202 26.705537011478683 1.200000000000001
      vertex 7.555543813584318 26.665175689842037 0
      vertex 7.622882610539202 26.705537011478683 0
    endloop
  endfacet
  facet normal 0.42755509343029946 -0.9039892931234351 0
    outer loop
      vertex 7.693853254107928 26.73910362600903 1.200000000000001
      vertex 7.622882610539202 26.705537011478683 0
      vertex 7.693853254107928 26.73910362600903 0
    endloop
  endfacet
  facet normal 0.3368898533922313 -0.9415440651830167 0
    outer loop
      vertex 7.76777225819643 26.76555226858577 1.200000000000001
      vertex 7.693853254107928 26.73910362600903 0
      vertex 7.76777225819643 26.76555226858577 0
    endloop
  endfacet
  facet normal 0.2429801799032583 -0.9700312531945454 0
    outer loop
      vertex 7.8439277423870974 26.784628224322585 1.200000000000001
      vertex 7.76777225819643 26.76555226858577 0
      vertex 7.8439277423870974 26.784628224322585 0
    endloop
  endfacet
  facet normal 0.14673047445536444 -0.9891765099647806 0
    outer loop
      vertex 7.921586287736352 26.79614778133776 1.200000000000001
      vertex 7.8439277423870974 26.784628224322585 0
      vertex 7.921586287736352 26.79614778133776 0
    endloop
  endfacet
  facet normal 0.04906767432741541 -0.9987954562051725 0
    outer loop
      vertex 8 26.8 1.200000000000001
      vertex 7.921586287736352 26.79614778133776 0
      vertex 8 26.8 0
    endloop
  endfacet
  facet normal -0.04906767432741541 -0.9987954562051725 0
    outer loop
      vertex 8.078413712263648 26.79614778133776 1.200000000000001
      vertex 8 26.8 0
      vertex 8.078413712263648 26.79614778133776 0
    endloop
  endfacet
  facet normal -0.42755509343029946 -0.9039892931234351 0
    outer loop
      vertex 8.377117389460798 26.705537011478683 1.200000000000001
      vertex 8.306146745892072 26.73910362600903 0
      vertex 8.377117389460798 26.705537011478683 0
    endloop
  endfacet
  facet normal -0.5141027441931963 -0.8577286100002873 0
    outer loop
      vertex 8.444456186415682 26.665175689842037 1.200000000000001
      vertex 8.377117389460798 26.705537011478683 0
      vertex 8.444456186415682 26.665175689842037 0
    endloop
  endfacet
  facet normal -0.1467304744553628 -0.9891765099647809 0
    outer loop
      vertex 8.156072257612903 26.784628224322585 1.200000000000001
      vertex 8.078413712263648 26.79614778133776 0
      vertex 8.156072257612903 26.784628224322585 0
    endloop
  endfacet
  facet normal -0.24298017990326096 -0.9700312531945448 0
    outer loop
      vertex 8.23222774180357 26.76555226858577 1.200000000000001
      vertex 8.156072257612903 26.784628224322585 0
      vertex 8.23222774180357 26.76555226858577 0
    endloop
  endfacet
  facet normal -0.3368898533922313 -0.9415440651830167 -3.9922112530838703e-19
    outer loop
      vertex 8.23222774180357 26.76555226858577 0
      vertex 8.306146745892072 26.73910362600903 0
      vertex 8.306146745892072 26.73910362600903 1.200000000000001
    endloop
  endfacet
  facet normal -0.5956993044924421 -0.8032075314806385 0
    outer loop
      vertex 8.507514627330917 26.61840836269019 1.200000000000001
      vertex 8.444456186415682 26.665175689842037 0
      vertex 8.507514627330917 26.61840836269019 0
    endloop
  endfacet
  facet normal -0.6715589548470227 -0.7409511253549552 -4.891649863630705e-19
    outer loop
      vertex 8.507514627330917 26.61840836269019 0
      vertex 8.565685424949239 26.565685424949237 0
      vertex 8.565685424949239 26.565685424949237 1.200000000000001
    endloop
  endfacet
  facet normal -0.8032075314806493 -0.5956993044924275 0
    outer loop
      vertex 8.665175689842036 26.44445618641568 1.200000000000001
      vertex 8.61840836269019 26.507514627330917 0
      vertex 8.665175689842036 26.44445618641568 0
    endloop
  endfacet
  facet normal -0.903989293123448 -0.42755509343027215 0
    outer loop
      vertex 8.73910362600903 26.30614674589207 1.200000000000001
      vertex 8.705537011478684 26.3771173894608 0
      vertex 8.73910362600903 26.30614674589207 0
    endloop
  endfacet
  facet normal -0.8577286100002613 -0.5141027441932396 0
    outer loop
      vertex 8.705537011478684 26.3771173894608 1.200000000000001
      vertex 8.665175689842036 26.44445618641568 0
      vertex 8.705537011478684 26.3771173894608 0
    endloop
  endfacet
  facet normal -0.7409511253549563 -0.6715589548470215 0
    outer loop
      vertex 8.61840836269019 26.507514627330917 1.200000000000001
      vertex 8.565685424949239 26.565685424949237 0
      vertex 8.61840836269019 26.507514627330917 0
    endloop
  endfacet
  facet normal -0.9415440651830239 -0.3368898533922113 0
    outer loop
      vertex 8.765552268585767 26.23222774180357 1.200000000000001
      vertex 8.73910362600903 26.30614674589207 0
      vertex 8.765552268585767 26.23222774180357 0
    endloop
  endfacet
  facet normal 0.5956993044924421 -0.8032075314806385 0
    outer loop
      vertex 7.492485372669083 26.61840836269019 1.200000000000001
      vertex 7.492485372669083 26.61840836269019 0
      vertex 7.555543813584318 26.665175689842037 1.200000000000001
    endloop
  endfacet
  facet normal 0.5141027441931963 -0.8577286100002873 0
    outer loop
      vertex 7.555543813584318 26.665175689842037 1.200000000000001
      vertex 7.555543813584318 26.665175689842037 0
      vertex 7.622882610539202 26.705537011478683 1.200000000000001
    endloop
  endfacet
  facet normal 0.42755509343029946 -0.9039892931234351 0
    outer loop
      vertex 7.622882610539202 26.705537011478683 1.200000000000001
      vertex 7.622882610539202 26.705537011478683 0
      vertex 7.693853254107928 26.73910362600903 1.200000000000001
    endloop
  endfacet
  facet normal 0.3368898533922313 -0.9415440651830167 0
    outer loop
      vertex 7.693853254107928 26.73910362600903 1.200000000000001
      vertex 7.693853254107928 26.73910362600903 0
      vertex 7.76777225819643 26.76555226858577 1.200000000000001
    endloop
  endfacet
  facet normal 0.2429801799032583 -0.9700312531945454 0
    outer loop
      vertex 7.76777225819643 26.76555226858577 1.200000000000001
      vertex 7.76777225819643 26.76555226858577 0
      vertex 7.8439277423870974 26.784628224322585 1.200000000000001
    endloop
  endfacet
  facet normal 0.14673047445536444 -0.9891765099647806 0
    outer loop
      vertex 7.8439277423870974 26.784628224322585 1.200000000000001
      vertex 7.8439277423870974 26.784628224322585 0
      vertex 7.921586287736352 26.79614778133776 1.200000000000001
    endloop
  endfacet
  facet normal 0.04906767432741541 -0.9987954562051725 0
    outer loop
      vertex 7.921586287736352 26.79614778133776 1.200000000000001
      vertex 7.921586287736352 26.79614778133776 0
      vertex 8 26.8 1.200000000000001
    endloop
  endfacet
  facet normal -0.04906767432741541 -0.9987954562051725 0
    outer loop
      vertex 8 26.8 1.200000000000001
      vertex 8 26.8 0
      vertex 8.078413712263648 26.79614778133776 1.200000000000001
    endloop
  endfacet
  facet normal -0.1467304744553628 -0.9891765099647809 0
    outer loop
      vertex 8.078413712263648 26.79614778133776 1.200000000000001
      vertex 8.078413712263648 26.79614778133776 0
      vertex 8.156072257612903 26.784628224322585 1.200000000000001
    endloop
  endfacet
  facet normal -0.5141027441931963 -0.8577286100002873 0
    outer loop
      vertex 8.377117389460798 26.705537011478683 1.200000000000001
      vertex 8.377117389460798 26.705537011478683 0
      vertex 8.444456186415682 26.665175689842037 1.200000000000001
    endloop
  endfacet
  facet normal -0.24298017990326096 -0.9700312531945448 0
    outer loop
      vertex 8.156072257612903 26.784628224322585 1.200000000000001
      vertex 8.156072257612903 26.784628224322585 0
      vertex 8.23222774180357 26.76555226858577 1.200000000000001
    endloop
  endfacet
  facet normal -0.3368898533922313 -0.9415440651830167 0
    outer loop
      vertex 8.23222774180357 26.76555226858577 1.200000000000001
      vertex 8.23222774180357 26.76555226858577 0
      vertex 8.306146745892072 26.73910362600903 1.200000000000001
    endloop
  endfacet
  facet normal -0.42755509343029946 -0.9039892931234351 0
    outer loop
      vertex 8.306146745892072 26.73910362600903 1.200000000000001
      vertex 8.306146745892072 26.73910362600903 0
      vertex 8.377117389460798 26.705537011478683 1.200000000000001
    endloop
  endfacet
  facet normal -0.5956993044924421 -0.8032075314806385 0
    outer loop
      vertex 8.444456186415682 26.665175689842037 1.200000000000001
      vertex 8.444456186415682 26.665175689842037 0
      vertex 8.507514627330917 26.61840836269019 1.200000000000001
    endloop
  endfacet
  facet normal -0.6715589548470227 -0.7409511253549552 0
    outer loop
      vertex 8.507514627330917 26.61840836269019 1.200000000000001
      vertex 8.507514627330917 26.61840836269019 0
      vertex 8.565685424949239 26.565685424949237 1.200000000000001
    endloop
  endfacet
  facet normal -0.7409511253549563 -0.6715589548470215 5.269776212539528e-19
    outer loop
      vertex 8.61840836269019 26.507514627330917 1.200000000000001
      vertex 8.565685424949239 26.565685424949237 1.200000000000001
      vertex 8.565685424949239 26.565685424949237 0
    endloop
  endfacet
  facet normal -0.9415440651830239 -0.3368898533922113 -1.4476756357899015e-18
    outer loop
      vertex 8.765552268585767 26.23222774180357 1.200000000000001
      vertex 8.73910362600903 26.30614674589207 1.200000000000001
      vertex 8.73910362600903 26.30614674589207 0
    endloop
  endfacet
  facet normal -0.903989293123448 -0.42755509343027215 -1.0545734329598903e-18
    outer loop
      vertex 8.73910362600903 26.30614674589207 1.200000000000001
      vertex 8.705537011478684 26.3771173894608 1.200000000000001
      vertex 8.705537011478684 26.3771173894608 0
    endloop
  endfacet
  facet normal -0.8577286100002613 -0.5141027441932396 -6.71092261232372e-19
    outer loop
      vertex 8.705537011478684 26.3771173894608 1.200000000000001
      vertex 8.665175689842036 26.44445618641568 1.200000000000001
      vertex 8.665175689842036 26.44445618641568 0
    endloop
  endfacet
  facet normal -0.8032075314806493 -0.5956993044924275 -2.9288836264596227e-19
    outer loop
      vertex 8.665175689842036 26.44445618641568 1.200000000000001
      vertex 8.61840836269019 26.507514627330917 1.200000000000001
      vertex 8.61840836269019 26.507514627330917 0
    endloop
  endfacet
  facet normal 0.9891765099647806 0.1467304744553646 3.4606785588381128e-19
    outer loop
      vertex 9.215371775677415 -0.1560722576129026 0
      vertex 9.203852218662242 -0.07841371226364849 0
      vertex 9.203852218662242 -0.07841371226364849 1.200000000000001
    endloop
  endfacet
  facet normal 0.9987954562051725 0.04906767432741532 -5.468406570527373e-21
    outer loop
      vertex 9.203852218662242 -0.07841371226364849 0
      vertex 9.2 0 0
      vertex 9.2 0 1.200000000000001
    endloop
  endfacet
  facet normal 0.9415440651830238 0.3368898533922115 3.265745159914975e-19
    outer loop
      vertex 9.26089637399097 -0.30614674589207186 0
      vertex 9.234447731414233 -0.23222774180356986 0
      vertex 9.234447731414233 -0.23222774180356986 1.200000000000001
    endloop
  endfacet
  facet normal 0.9039892931234438 0.4275550934302809 1.1957863081931716e-18
    outer loop
      vertex 9.294462988521316 -0.37711738946079815 0
      vertex 9.26089637399097 -0.30614674589207186 0
      vertex 9.26089637399097 -0.30614674589207186 1.200000000000001
    endloop
  endfacet
  facet normal 0.8577286100002667 0.5141027441932305 1.5186659838348002e-19
    outer loop
      vertex 9.334824310157964 -0.44445618641568174 0
      vertex 9.294462988521316 -0.37711738946079815 0
      vertex 9.294462988521316 -0.37711738946079815 1.200000000000001
    endloop
  endfacet
  facet normal 0.8032075314806487 0.5956993044924281 -4.19776121901044e-19
    outer loop
      vertex 9.38159163730981 -0.5075146273309165 0
      vertex 9.334824310157964 -0.44445618641568174 0
      vertex 9.334824310157964 -0.44445618641568174 1.200000000000001
    endloop
  endfacet
  facet normal 0.9700312531945402 0.24298017990327905 3.306620533881164e-19
    outer loop
      vertex 9.234447731414233 -0.23222774180356986 0
      vertex 9.215371775677415 -0.1560722576129026 0
      vertex 9.215371775677415 -0.1560722576129026 1.200000000000001
    endloop
  endfacet
  facet normal 0.740951125354964 0.6715589548470131 6.887173576110371e-19
    outer loop
      vertex 9.434314575050761 -0.5656854249492381 0
      vertex 9.38159163730981 -0.5075146273309165 0
      vertex 9.38159163730981 -0.5075146273309165 1.200000000000001
    endloop
  endfacet
  facet normal 0.595699304492432 0.8032075314806459 0
    outer loop
      vertex 9.492485372669083 -0.6184083626901896 0
      vertex 9.492485372669083 -0.6184083626901896 1.200000000000001
      vertex 9.555543813584318 -0.6651756898420362 0
    endloop
  endfacet
  facet normal 0.6715589548470149 0.7409511253549622 0
    outer loop
      vertex 9.434314575050761 -0.5656854249492381 0
      vertex 9.434314575050761 -0.5656854249492381 1.200000000000001
      vertex 9.492485372669083 -0.6184083626901896 0
    endloop
  endfacet
  facet normal 0.42755509343028214 0.9039892931234434 0
    outer loop
      vertex 9.622882610539202 -0.7055370114786841 0
      vertex 9.622882610539202 -0.7055370114786841 1.200000000000001
      vertex 9.693853254107928 -0.7391036260090295 0
    endloop
  endfacet
  facet normal 0.5141027441932213 0.8577286100002725 0
    outer loop
      vertex 9.555543813584318 -0.6651756898420362 0
      vertex 9.555543813584318 -0.6651756898420362 1.200000000000001
      vertex 9.622882610539202 -0.7055370114786841 0
    endloop
  endfacet
  facet normal 0.33688985339221883 0.9415440651830214 0
    outer loop
      vertex 9.693853254107928 -0.7391036260090295 0
      vertex 9.693853254107928 -0.7391036260090295 1.200000000000001
      vertex 9.76777225819643 -0.7655522685857671 0
    endloop
  endfacet
  facet normal 0.2429801799032676 0.9700312531945431 0
    outer loop
      vertex 9.76777225819643 -0.7655522685857671 0
      vertex 9.76777225819643 -0.7655522685857671 1.200000000000001
      vertex 9.843927742387097 -0.7846282243225844 0
    endloop
  endfacet
  facet normal 0.14673047445536003 0.9891765099647813 0
    outer loop
      vertex 9.843927742387097 -0.7846282243225844 0
      vertex 9.843927742387097 -0.7846282243225844 1.200000000000001
      vertex 9.921586287736352 -0.7961477813377575 0
    endloop
  endfacet
  facet normal 0.04906767432741823 0.9987954562051724 0
    outer loop
      vertex 9.921586287736352 -0.7961477813377575 0
      vertex 9.921586287736352 -0.7961477813377575 1.200000000000001
      vertex 10 -0.8 0
    endloop
  endfacet
  facet normal 0.8032075314806487 0.5956993044924281 0
    outer loop
      vertex 9.38159163730981 -0.5075146273309165 0
      vertex 9.334824310157964 -0.44445618641568174 1.200000000000001
      vertex 9.38159163730981 -0.5075146273309165 1.200000000000001
    endloop
  endfacet
  facet normal 0.9891765099647806 0.1467304744553646 0
    outer loop
      vertex 9.215371775677415 -0.1560722576129026 0
      vertex 9.203852218662242 -0.07841371226364849 1.200000000000001
      vertex 9.215371775677415 -0.1560722576129026 1.200000000000001
    endloop
  endfacet
  facet normal 0.9987954562051725 0.04906767432741532 0
    outer loop
      vertex 9.203852218662242 -0.07841371226364849 0
      vertex 9.2 0 1.200000000000001
      vertex 9.203852218662242 -0.07841371226364849 1.200000000000001
    endloop
  endfacet
  facet normal 0.9039892931234438 0.4275550934302809 0
    outer loop
      vertex 9.294462988521316 -0.37711738946079815 0
      vertex 9.26089637399097 -0.30614674589207186 1.200000000000001
      vertex 9.294462988521316 -0.37711738946079815 1.200000000000001
    endloop
  endfacet
  facet normal 0.9415440651830238 0.3368898533922115 0
    outer loop
      vertex 9.26089637399097 -0.30614674589207186 0
      vertex 9.234447731414233 -0.23222774180356986 1.200000000000001
      vertex 9.26089637399097 -0.30614674589207186 1.200000000000001
    endloop
  endfacet
  facet normal 0.8577286100002667 0.5141027441932305 0
    outer loop
      vertex 9.334824310157964 -0.44445618641568174 0
      vertex 9.294462988521316 -0.37711738946079815 1.200000000000001
      vertex 9.334824310157964 -0.44445618641568174 1.200000000000001
    endloop
  endfacet
  facet normal 0.9700312531945402 0.24298017990327905 0
    outer loop
      vertex 9.234447731414233 -0.23222774180356986 0
      vertex 9.215371775677415 -0.1560722576129026 1.200000000000001
      vertex 9.234447731414233 -0.23222774180356986 1.200000000000001
    endloop
  endfacet
  facet normal 0.740951125354964 0.6715589548470131 0
    outer loop
      vertex 9.434314575050761 -0.5656854249492381 0
      vertex 9.38159163730981 -0.5075146273309165 1.200000000000001
      vertex 9.434314575050761 -0.5656854249492381 1.200000000000001
    endloop
  endfacet
  facet normal 0.6715589548470149 0.7409511253549622 0
    outer loop
      vertex 9.492485372669083 -0.6184083626901896 0
      vertex 9.434314575050761 -0.5656854249492381 1.200000000000001
      vertex 9.492485372669083 -0.6184083626901896 1.200000000000001
    endloop
  endfacet
  facet normal 0.42755509343028214 0.9039892931234434 0
    outer loop
      vertex 9.693853254107928 -0.7391036260090295 0
      vertex 9.622882610539202 -0.7055370114786841 1.200000000000001
      vertex 9.693853254107928 -0.7391036260090295 1.200000000000001
    endloop
  endfacet
  facet normal 0.595699304492432 0.8032075314806459 0
    outer loop
      vertex 9.555543813584318 -0.6651756898420362 0
      vertex 9.492485372669083 -0.6184083626901896 1.200000000000001
      vertex 9.555543813584318 -0.6651756898420362 1.200000000000001
    endloop
  endfacet
  facet normal 0.5141027441932213 0.8577286100002725 0
    outer loop
      vertex 9.622882610539202 -0.7055370114786841 0
      vertex 9.555543813584318 -0.6651756898420362 1.200000000000001
      vertex 9.622882610539202 -0.7055370114786841 1.200000000000001
    endloop
  endfacet
  facet normal 0.33688985339221883 0.9415440651830214 0
    outer loop
      vertex 9.76777225819643 -0.7655522685857671 0
      vertex 9.693853254107928 -0.7391036260090295 1.200000000000001
      vertex 9.76777225819643 -0.7655522685857671 1.200000000000001
    endloop
  endfacet
  facet normal 0.2429801799032676 0.9700312531945431 0
    outer loop
      vertex 9.843927742387097 -0.7846282243225844 0
      vertex 9.76777225819643 -0.7655522685857671 1.200000000000001
      vertex 9.843927742387097 -0.7846282243225844 1.200000000000001
    endloop
  endfacet
  facet normal 0.14673047445536003 0.9891765099647813 0
    outer loop
      vertex 9.921586287736352 -0.7961477813377575 0
      vertex 9.843927742387097 -0.7846282243225844 1.200000000000001
      vertex 9.921586287736352 -0.7961477813377575 1.200000000000001
    endloop
  endfacet
  facet normal 0.04906767432741823 0.9987954562051724 0
    outer loop
      vertex 10 -0.8 0
      vertex 9.921586287736352 -0.7961477813377575 1.200000000000001
      vertex 10 -0.8 1.200000000000001
    endloop
  endfacet
  facet normal -0.04906767432741823 0.9987954562051724 0
    outer loop
      vertex 10 -0.8 0
      vertex 10 -0.8 1.200000000000001
      vertex 10.078413712263648 -0.7961477813377575 0
    endloop
  endfacet
  facet normal -0.14673047445536003 0.9891765099647813 0
    outer loop
      vertex 10.078413712263648 -0.7961477813377575 0
      vertex 10.078413712263648 -0.7961477813377575 1.200000000000001
      vertex 10.156072257612903 -0.7846282243225844 0
    endloop
  endfacet
  facet normal -0.2429801799032676 0.9700312531945431 0
    outer loop
      vertex 10.156072257612903 -0.7846282243225844 0
      vertex 10.156072257612903 -0.7846282243225844 1.200000000000001
      vertex 10.23222774180357 -0.7655522685857671 0
    endloop
  endfacet
  facet normal -0.33688985339221883 0.9415440651830214 0
    outer loop
      vertex 10.23222774180357 -0.7655522685857671 0
      vertex 10.23222774180357 -0.7655522685857671 1.200000000000001
      vertex 10.306146745892072 -0.7391036260090295 0
    endloop
  endfacet
  facet normal -0.42755509343028214 0.9039892931234434 0
    outer loop
      vertex 10.306146745892072 -0.7391036260090295 0
      vertex 10.306146745892072 -0.7391036260090295 1.200000000000001
      vertex 10.377117389460798 -0.7055370114786841 0
    endloop
  endfacet
  facet normal -0.5141027441932213 0.8577286100002725 0
    outer loop
      vertex 10.377117389460798 -0.7055370114786841 0
      vertex 10.377117389460798 -0.7055370114786841 1.200000000000001
      vertex 10.444456186415682 -0.6651756898420362 0
    endloop
  endfacet
  facet normal -0.595699304492432 0.8032075314806459 0
    outer loop
      vertex 10.444456186415682 -0.6651756898420362 0
      vertex 10.444456186415682 -0.6651756898420362 1.200000000000001
      vertex 10.507514627330917 -0.6184083626901896 0
    endloop
  endfacet
  facet normal -0.6715589548470149 0.7409511253549622 0
    outer loop
      vertex 10.507514627330917 -0.6184083626901896 0
      vertex 10.507514627330917 -0.6184083626901896 1.200000000000001
      vertex 10.565685424949239 -0.5656854249492381 0
    endloop
  endfacet
  facet normal -0.740951125354964 0.6715589548470131 0
    outer loop
      vertex 10.565685424949239 -0.5656854249492381 0
      vertex 10.565685424949239 -0.5656854249492381 1.200000000000001
      vertex 10.61840836269019 -0.5075146273309165 0
    endloop
  endfacet
  facet normal -0.8032075314806487 0.5956993044924281 4.19776121901044e-19
    outer loop
      vertex 10.665175689842036 -0.44445618641568174 0
      vertex 10.61840836269019 -0.5075146273309165 0
      vertex 10.61840836269019 -0.5075146273309165 1.200000000000001
    endloop
  endfacet
  facet normal -0.8577286100002667 0.5141027441932305 -1.5186659838348002e-19
    outer loop
      vertex 10.705537011478684 -0.37711738946079815 0
      vertex 10.665175689842036 -0.44445618641568174 0
      vertex 10.665175689842036 -0.44445618641568174 1.200000000000001
    endloop
  endfacet
  facet normal -0.9039892931234438 0.4275550934302809 -1.1957863081931716e-18
    outer loop
      vertex 10.73910362600903 -0.30614674589207186 0
      vertex 10.705537011478684 -0.37711738946079815 0
      vertex 10.705537011478684 -0.37711738946079815 1.200000000000001
    endloop
  endfacet
  facet normal -0.9415440651830238 0.3368898533922115 -3.265745159914975e-19
    outer loop
      vertex 10.765552268585767 -0.23222774180356986 0
      vertex 10.73910362600903 -0.30614674589207186 0
      vertex 10.73910362600903 -0.30614674589207186 1.200000000000001
    endloop
  endfacet
  facet normal -0.9700312531945402 0.24298017990327905 -3.306620533881164e-19
    outer loop
      vertex 10.784628224322585 -0.1560722576129026 0
      vertex 10.765552268585767 -0.23222774180356986 0
      vertex 10.765552268585767 -0.23222774180356986 1.200000000000001
    endloop
  endfacet
  facet normal -0.9891765099647806 0.1467304744553646 -3.4606785588381128e-19
    outer loop
      vertex 10.796147781337758 -0.07841371226364849 0
      vertex 10.784628224322585 -0.1560722576129026 0
      vertex 10.784628224322585 -0.1560722576129026 1.200000000000001
    endloop
  endfacet
  facet normal -0.9987954562051725 0.04906767432741532 5.468406570527373e-21
    outer loop
      vertex 10.8 0 0
      vertex 10.796147781337758 -0.07841371226364849 0
      vertex 10.796147781337758 -0.07841371226364849 1.200000000000001
    endloop
  endfacet
  facet normal -0.04906767432741823 0.9987954562051724 0
    outer loop
      vertex 10.078413712263648 -0.7961477813377575 0
      vertex 10 -0.8 1.200000000000001
      vertex 10.078413712263648 -0.7961477813377575 1.200000000000001
    endloop
  endfacet
  facet normal -0.14673047445536003 0.9891765099647813 0
    outer loop
      vertex 10.156072257612903 -0.7846282243225844 0
      vertex 10.078413712263648 -0.7961477813377575 1.200000000000001
      vertex 10.156072257612903 -0.7846282243225844 1.200000000000001
    endloop
  endfacet
  facet normal -0.2429801799032676 0.9700312531945431 0
    outer loop
      vertex 10.23222774180357 -0.7655522685857671 0
      vertex 10.156072257612903 -0.7846282243225844 1.200000000000001
      vertex 10.23222774180357 -0.7655522685857671 1.200000000000001
    endloop
  endfacet
  facet normal -0.33688985339221883 0.9415440651830214 0
    outer loop
      vertex 10.306146745892072 -0.7391036260090295 0
      vertex 10.23222774180357 -0.7655522685857671 1.200000000000001
      vertex 10.306146745892072 -0.7391036260090295 1.200000000000001
    endloop
  endfacet
  facet normal -0.42755509343028214 0.9039892931234434 0
    outer loop
      vertex 10.377117389460798 -0.7055370114786841 0
      vertex 10.306146745892072 -0.7391036260090295 1.200000000000001
      vertex 10.377117389460798 -0.7055370114786841 1.200000000000001
    endloop
  endfacet
  facet normal -0.5141027441932213 0.8577286100002725 0
    outer loop
      vertex 10.444456186415682 -0.6651756898420362 0
      vertex 10.377117389460798 -0.7055370114786841 1.200000000000001
      vertex 10.444456186415682 -0.6651756898420362 1.200000000000001
    endloop
  endfacet
  facet normal -0.595699304492432 0.8032075314806459 0
    outer loop
      vertex 10.507514627330917 -0.6184083626901896 0
      vertex 10.444456186415682 -0.6651756898420362 1.200000000000001
      vertex 10.507514627330917 -0.6184083626901896 1.200000000000001
    endloop
  endfacet
  facet normal -0.6715589548470149 0.7409511253549622 0
    outer loop
      vertex 10.565685424949239 -0.5656854249492381 0
      vertex 10.507514627330917 -0.6184083626901896 1.200000000000001
      vertex 10.565685424949239 -0.5656854249492381 1.200000000000001
    endloop
  endfacet
  facet normal -0.740951125354964 0.6715589548470131 0
    outer loop
      vertex 10.61840836269019 -0.5075146273309165 0
      vertex 10.565685424949239 -0.5656854249492381 1.200000000000001
      vertex 10.61840836269019 -0.5075146273309165 1.200000000000001
    endloop
  endfacet
  facet normal -0.8032075314806487 0.5956993044924281 0
    outer loop
      vertex 10.665175689842036 -0.44445618641568174 0
      vertex 10.61840836269019 -0.5075146273309165 1.200000000000001
      vertex 10.665175689842036 -0.44445618641568174 1.200000000000001
    endloop
  endfacet
  facet normal -0.8577286100002667 0.5141027441932305 0
    outer loop
      vertex 10.705537011478684 -0.37711738946079815 0
      vertex 10.665175689842036 -0.44445618641568174 1.200000000000001
      vertex 10.705537011478684 -0.37711738946079815 1.200000000000001
    endloop
  endfacet
  facet normal -0.9039892931234438 0.4275550934302809 0
    outer loop
      vertex 10.73910362600903 -0.30614674589207186 0
      vertex 10.705537011478684 -0.37711738946079815 1.200000000000001
      vertex 10.73910362600903 -0.30614674589207186 1.200000000000001
    endloop
  endfacet
  facet normal -0.9415440651830238 0.3368898533922115 0
    outer loop
      vertex 10.765552268585767 -0.23222774180356986 0
      vertex 10.73910362600903 -0.30614674589207186 1.200000000000001
      vertex 10.765552268585767 -0.23222774180356986 1.200000000000001
    endloop
  endfacet
  facet normal -0.9700312531945402 0.24298017990327905 0
    outer loop
      vertex 10.784628224322585 -0.1560722576129026 0
      vertex 10.765552268585767 -0.23222774180356986 1.200000000000001
      vertex 10.784628224322585 -0.1560722576129026 1.200000000000001
    endloop
  endfacet
  facet normal -0.9891765099647806 0.1467304744553646 0
    outer loop
      vertex 10.796147781337758 -0.07841371226364849 0
      vertex 10.784628224322585 -0.1560722576129026 1.200000000000001
      vertex 10.796147781337758 -0.07841371226364849 1.200000000000001
    endloop
  endfacet
  facet normal -0.9987954562051725 0.04906767432741532 0
    outer loop
      vertex 10.8 0 0
      vertex 10.796147781337758 -0.07841371226364849 1.200000000000001
      vertex 10.8 0 1.200000000000001
    endloop
  endfacet
  facet normal 0.9987954562051725 -0.04906767432741532 5.468406570527373e-21
    outer loop
      vertex 9.2 0 0
      vertex 9.203852218662242 0.07841371226364849 0
      vertex 9.203852218662242 0.07841371226364849 1.200000000000001
    endloop
  endfacet
  facet normal 0.9891765099647806 -0.1467304744553646 -3.4606785588381128e-19
    outer loop
      vertex 9.203852218662242 0.07841371226364849 0
      vertex 9.215371775677415 0.1560722576129026 0
      vertex 9.215371775677415 0.1560722576129026 1.200000000000001
    endloop
  endfacet
  facet normal 0.9700312531945402 -0.24298017990327905 -3.306620533881164e-19
    outer loop
      vertex 9.215371775677415 0.1560722576129026 0
      vertex 9.234447731414233 0.23222774180356986 0
      vertex 9.234447731414233 0.23222774180356986 1.200000000000001
    endloop
  endfacet
  facet normal 0.9415440651830238 -0.3368898533922115 -3.265745159914975e-19
    outer loop
      vertex 9.234447731414233 0.23222774180356986 0
      vertex 9.26089637399097 0.30614674589207186 0
      vertex 9.26089637399097 0.30614674589207186 1.200000000000001
    endloop
  endfacet
  facet normal 0.9039892931234438 -0.4275550934302809 -1.1957863081931716e-18
    outer loop
      vertex 9.26089637399097 0.30614674589207186 0
      vertex 9.294462988521316 0.37711738946079815 0
      vertex 9.294462988521316 0.37711738946079815 1.200000000000001
    endloop
  endfacet
  facet normal 0.8577286100002667 -0.5141027441932305 -1.5186659838348002e-19
    outer loop
      vertex 9.294462988521316 0.37711738946079815 0
      vertex 9.334824310157964 0.44445618641568174 0
      vertex 9.334824310157964 0.44445618641568174 1.200000000000001
    endloop
  endfacet
  facet normal 0.8032075314806487 -0.5956993044924281 4.19776121901044e-19
    outer loop
      vertex 9.334824310157964 0.44445618641568174 0
      vertex 9.38159163730981 0.5075146273309165 0
      vertex 9.38159163730981 0.5075146273309165 1.200000000000001
    endloop
  endfacet
  facet normal 0.740951125354964 -0.6715589548470131 -6.887173576110371e-19
    outer loop
      vertex 9.38159163730981 0.5075146273309165 0
      vertex 9.434314575050761 0.5656854249492381 0
      vertex 9.434314575050761 0.5656854249492381 1.200000000000001
    endloop
  endfacet
  facet normal 0.6715589548470149 -0.7409511253549622 0
    outer loop
      vertex 9.492485372669083 0.6184083626901896 0
      vertex 9.492485372669083 0.6184083626901896 1.200000000000001
      vertex 9.434314575050761 0.5656854249492381 0
    endloop
  endfacet
  facet normal 0.595699304492432 -0.8032075314806459 0
    outer loop
      vertex 9.555543813584318 0.6651756898420362 0
      vertex 9.555543813584318 0.6651756898420362 1.200000000000001
      vertex 9.492485372669083 0.6184083626901896 0
    endloop
  endfacet
  facet normal 0.5141027441932213 -0.8577286100002725 0
    outer loop
      vertex 9.622882610539202 0.7055370114786841 0
      vertex 9.622882610539202 0.7055370114786841 1.200000000000001
      vertex 9.555543813584318 0.6651756898420362 0
    endloop
  endfacet
  facet normal 0.42755509343028214 -0.9039892931234434 0
    outer loop
      vertex 9.693853254107928 0.7391036260090295 0
      vertex 9.693853254107928 0.7391036260090295 1.200000000000001
      vertex 9.622882610539202 0.7055370114786841 0
    endloop
  endfacet
  facet normal 0.33688985339221883 -0.9415440651830214 0
    outer loop
      vertex 9.76777225819643 0.7655522685857671 0
      vertex 9.76777225819643 0.7655522685857671 1.200000000000001
      vertex 9.693853254107928 0.7391036260090295 0
    endloop
  endfacet
  facet normal 0.2429801799032676 -0.9700312531945431 0
    outer loop
      vertex 9.843927742387097 0.7846282243225844 0
      vertex 9.843927742387097 0.7846282243225844 1.200000000000001
      vertex 9.76777225819643 0.7655522685857671 0
    endloop
  endfacet
  facet normal 0.14673047445536003 -0.9891765099647813 0
    outer loop
      vertex 9.921586287736352 0.7961477813377575 0
      vertex 9.921586287736352 0.7961477813377575 1.200000000000001
      vertex 9.843927742387097 0.7846282243225844 0
    endloop
  endfacet
  facet normal 0.04906767432741823 -0.9987954562051724 0
    outer loop
      vertex 10 0.8 0
      vertex 10 0.8 1.200000000000001
      vertex 9.921586287736352 0.7961477813377575 0
    endloop
  endfacet
  facet normal 0.9987954562051725 -0.04906767432741532 0
    outer loop
      vertex 9.2 0 0
      vertex 9.203852218662242 0.07841371226364849 1.200000000000001
      vertex 9.2 0 1.200000000000001
    endloop
  endfacet
  facet normal 0.9891765099647806 -0.1467304744553646 0
    outer loop
      vertex 9.203852218662242 0.07841371226364849 0
      vertex 9.215371775677415 0.1560722576129026 1.200000000000001
      vertex 9.203852218662242 0.07841371226364849 1.200000000000001
    endloop
  endfacet
  facet normal 0.9700312531945402 -0.24298017990327905 0
    outer loop
      vertex 9.215371775677415 0.1560722576129026 0
      vertex 9.234447731414233 0.23222774180356986 1.200000000000001
      vertex 9.215371775677415 0.1560722576129026 1.200000000000001
    endloop
  endfacet
  facet normal 0.9415440651830238 -0.3368898533922115 0
    outer loop
      vertex 9.234447731414233 0.23222774180356986 0
      vertex 9.26089637399097 0.30614674589207186 1.200000000000001
      vertex 9.234447731414233 0.23222774180356986 1.200000000000001
    endloop
  endfacet
  facet normal 0.9039892931234438 -0.4275550934302809 0
    outer loop
      vertex 9.26089637399097 0.30614674589207186 0
      vertex 9.294462988521316 0.37711738946079815 1.200000000000001
      vertex 9.26089637399097 0.30614674589207186 1.200000000000001
    endloop
  endfacet
  facet normal 0.8577286100002667 -0.5141027441932305 0
    outer loop
      vertex 9.294462988521316 0.37711738946079815 0
      vertex 9.334824310157964 0.44445618641568174 1.200000000000001
      vertex 9.294462988521316 0.37711738946079815 1.200000000000001
    endloop
  endfacet
  facet normal 0.8032075314806487 -0.5956993044924281 0
    outer loop
      vertex 9.334824310157964 0.44445618641568174 0
      vertex 9.38159163730981 0.5075146273309165 1.200000000000001
      vertex 9.334824310157964 0.44445618641568174 1.200000000000001
    endloop
  endfacet
  facet normal 0.740951125354964 -0.6715589548470131 0
    outer loop
      vertex 9.38159163730981 0.5075146273309165 0
      vertex 9.434314575050761 0.5656854249492381 1.200000000000001
      vertex 9.38159163730981 0.5075146273309165 1.200000000000001
    endloop
  endfacet
  facet normal 0.6715589548470149 -0.7409511253549622 0
    outer loop
      vertex 9.434314575050761 0.5656854249492381 0
      vertex 9.492485372669083 0.6184083626901896 1.200000000000001
      vertex 9.434314575050761 0.5656854249492381 1.200000000000001
    endloop
  endfacet
  facet normal 0.595699304492432 -0.8032075314806459 0
    outer loop
      vertex 9.492485372669083 0.6184083626901896 0
      vertex 9.555543813584318 0.6651756898420362 1.200000000000001
      vertex 9.492485372669083 0.6184083626901896 1.200000000000001
    endloop
  endfacet
  facet normal 0.5141027441932213 -0.8577286100002725 0
    outer loop
      vertex 9.555543813584318 0.6651756898420362 0
      vertex 9.622882610539202 0.7055370114786841 1.200000000000001
      vertex 9.555543813584318 0.6651756898420362 1.200000000000001
    endloop
  endfacet
  facet normal 0.42755509343028214 -0.9039892931234434 0
    outer loop
      vertex 9.622882610539202 0.7055370114786841 0
      vertex 9.693853254107928 0.7391036260090295 1.200000000000001
      vertex 9.622882610539202 0.7055370114786841 1.200000000000001
    endloop
  endfacet
  facet normal 0.33688985339221883 -0.9415440651830214 0
    outer loop
      vertex 9.693853254107928 0.7391036260090295 0
      vertex 9.76777225819643 0.7655522685857671 1.200000000000001
      vertex 9.693853254107928 0.7391036260090295 1.200000000000001
    endloop
  endfacet
  facet normal 0.2429801799032676 -0.9700312531945431 0
    outer loop
      vertex 9.76777225819643 0.7655522685857671 0
      vertex 9.843927742387097 0.7846282243225844 1.200000000000001
      vertex 9.76777225819643 0.7655522685857671 1.200000000000001
    endloop
  endfacet
  facet normal 0.14673047445536003 -0.9891765099647813 0
    outer loop
      vertex 9.843927742387097 0.7846282243225844 0
      vertex 9.921586287736352 0.7961477813377575 1.200000000000001
      vertex 9.843927742387097 0.7846282243225844 1.200000000000001
    endloop
  endfacet
  facet normal 0.04906767432741823 -0.9987954562051724 0
    outer loop
      vertex 9.921586287736352 0.7961477813377575 0
      vertex 10 0.8 1.200000000000001
      vertex 9.921586287736352 0.7961477813377575 1.200000000000001
    endloop
  endfacet
  facet normal -0.04906767432741823 -0.9987954562051724 0
    outer loop
      vertex 10.078413712263648 0.7961477813377575 0
      vertex 10.078413712263648 0.7961477813377575 1.200000000000001
      vertex 10 0.8 0
    endloop
  endfacet
  facet normal -0.14673047445536003 -0.9891765099647813 0
    outer loop
      vertex 10.156072257612903 0.7846282243225844 0
      vertex 10.156072257612903 0.7846282243225844 1.200000000000001
      vertex 10.078413712263648 0.7961477813377575 0
    endloop
  endfacet
  facet normal -0.2429801799032676 -0.9700312531945431 0
    outer loop
      vertex 10.23222774180357 0.7655522685857671 0
      vertex 10.23222774180357 0.7655522685857671 1.200000000000001
      vertex 10.156072257612903 0.7846282243225844 0
    endloop
  endfacet
  facet normal -0.33688985339221883 -0.9415440651830214 0
    outer loop
      vertex 10.306146745892072 0.7391036260090295 0
      vertex 10.306146745892072 0.7391036260090295 1.200000000000001
      vertex 10.23222774180357 0.7655522685857671 0
    endloop
  endfacet
  facet normal -0.5141027441932213 -0.8577286100002725 0
    outer loop
      vertex 10.444456186415682 0.6651756898420362 0
      vertex 10.444456186415682 0.6651756898420362 1.200000000000001
      vertex 10.377117389460798 0.7055370114786841 0
    endloop
  endfacet
  facet normal -0.42755509343028214 -0.9039892931234434 0
    outer loop
      vertex 10.377117389460798 0.7055370114786841 0
      vertex 10.377117389460798 0.7055370114786841 1.200000000000001
      vertex 10.306146745892072 0.7391036260090295 0
    endloop
  endfacet
  facet normal -0.6715589548470149 -0.7409511253549622 0
    outer loop
      vertex 10.565685424949239 0.5656854249492381 0
      vertex 10.565685424949239 0.5656854249492381 1.200000000000001
      vertex 10.507514627330917 0.6184083626901896 0
    endloop
  endfacet
  facet normal -0.595699304492432 -0.8032075314806459 0
    outer loop
      vertex 10.507514627330917 0.6184083626901896 0
      vertex 10.507514627330917 0.6184083626901896 1.200000000000001
      vertex 10.444456186415682 0.6651756898420362 0
    endloop
  endfacet
  facet normal -0.740951125354964 -0.6715589548470131 6.887173576110371e-19
    outer loop
      vertex 10.565685424949239 0.5656854249492381 0
      vertex 10.61840836269019 0.5075146273309165 0
      vertex 10.61840836269019 0.5075146273309165 1.200000000000001
    endloop
  endfacet
  facet normal -0.9700312531945402 -0.24298017990327905 3.306620533881164e-19
    outer loop
      vertex 10.765552268585767 0.23222774180356986 0
      vertex 10.784628224322585 0.1560722576129026 0
      vertex 10.784628224322585 0.1560722576129026 1.200000000000001
    endloop
  endfacet
  facet normal -0.8032075314806487 -0.5956993044924281 -4.19776121901044e-19
    outer loop
      vertex 10.61840836269019 0.5075146273309165 0
      vertex 10.665175689842036 0.44445618641568174 0
      vertex 10.665175689842036 0.44445618641568174 1.200000000000001
    endloop
  endfacet
  facet normal -0.8577286100002667 -0.5141027441932305 1.5186659838348002e-19
    outer loop
      vertex 10.665175689842036 0.44445618641568174 0
      vertex 10.705537011478684 0.37711738946079815 0
      vertex 10.705537011478684 0.37711738946079815 1.200000000000001
    endloop
  endfacet
  facet normal -0.9039892931234438 -0.4275550934302809 1.1957863081931716e-18
    outer loop
      vertex 10.705537011478684 0.37711738946079815 0
      vertex 10.73910362600903 0.30614674589207186 0
      vertex 10.73910362600903 0.30614674589207186 1.200000000000001
    endloop
  endfacet
  facet normal -0.9415440651830238 -0.3368898533922115 3.265745159914975e-19
    outer loop
      vertex 10.73910362600903 0.30614674589207186 0
      vertex 10.765552268585767 0.23222774180356986 0
      vertex 10.765552268585767 0.23222774180356986 1.200000000000001
    endloop
  endfacet
  facet normal -0.9987954562051725 -0.04906767432741532 -5.468406570527373e-21
    outer loop
      vertex 10.796147781337758 0.07841371226364849 0
      vertex 10.8 0 0
      vertex 10.8 0 1.200000000000001
    endloop
  endfacet
  facet normal -0.9891765099647806 -0.1467304744553646 3.4606785588381128e-19
    outer loop
      vertex 10.784628224322585 0.1560722576129026 0
      vertex 10.796147781337758 0.07841371226364849 0
      vertex 10.796147781337758 0.07841371226364849 1.200000000000001
    endloop
  endfacet
  facet normal -0.04906767432741823 -0.9987954562051724 0
    outer loop
      vertex 10 0.8 0
      vertex 10.078413712263648 0.7961477813377575 1.200000000000001
      vertex 10 0.8 1.200000000000001
    endloop
  endfacet
  facet normal -0.14673047445536003 -0.9891765099647813 0
    outer loop
      vertex 10.078413712263648 0.7961477813377575 0
      vertex 10.156072257612903 0.7846282243225844 1.200000000000001
      vertex 10.078413712263648 0.7961477813377575 1.200000000000001
    endloop
  endfacet
  facet normal -0.2429801799032676 -0.9700312531945431 0
    outer loop
      vertex 10.156072257612903 0.7846282243225844 0
      vertex 10.23222774180357 0.7655522685857671 1.200000000000001
      vertex 10.156072257612903 0.7846282243225844 1.200000000000001
    endloop
  endfacet
  facet normal -0.33688985339221883 -0.9415440651830214 0
    outer loop
      vertex 10.23222774180357 0.7655522685857671 0
      vertex 10.306146745892072 0.7391036260090295 1.200000000000001
      vertex 10.23222774180357 0.7655522685857671 1.200000000000001
    endloop
  endfacet
  facet normal -0.5141027441932213 -0.8577286100002725 0
    outer loop
      vertex 10.377117389460798 0.7055370114786841 0
      vertex 10.444456186415682 0.6651756898420362 1.200000000000001
      vertex 10.377117389460798 0.7055370114786841 1.200000000000001
    endloop
  endfacet
  facet normal -0.595699304492432 -0.8032075314806459 0
    outer loop
      vertex 10.444456186415682 0.6651756898420362 0
      vertex 10.507514627330917 0.6184083626901896 1.200000000000001
      vertex 10.444456186415682 0.6651756898420362 1.200000000000001
    endloop
  endfacet
  facet normal -0.42755509343028214 -0.9039892931234434 0
    outer loop
      vertex 10.306146745892072 0.7391036260090295 0
      vertex 10.377117389460798 0.7055370114786841 1.200000000000001
      vertex 10.306146745892072 0.7391036260090295 1.200000000000001
    endloop
  endfacet
  facet normal -0.6715589548470149 -0.7409511253549622 0
    outer loop
      vertex 10.507514627330917 0.6184083626901896 0
      vertex 10.565685424949239 0.5656854249492381 1.200000000000001
      vertex 10.507514627330917 0.6184083626901896 1.200000000000001
    endloop
  endfacet
  facet normal -0.740951125354964 -0.6715589548470131 0
    outer loop
      vertex 10.565685424949239 0.5656854249492381 0
      vertex 10.61840836269019 0.5075146273309165 1.200000000000001
      vertex 10.565685424949239 0.5656854249492381 1.200000000000001
    endloop
  endfacet
  facet normal -0.9700312531945402 -0.24298017990327905 0
    outer loop
      vertex 10.765552268585767 0.23222774180356986 0
      vertex 10.784628224322585 0.1560722576129026 1.200000000000001
      vertex 10.765552268585767 0.23222774180356986 1.200000000000001
    endloop
  endfacet
  facet normal -0.8577286100002667 -0.5141027441932305 0
    outer loop
      vertex 10.665175689842036 0.44445618641568174 0
      vertex 10.705537011478684 0.37711738946079815 1.200000000000001
      vertex 10.665175689842036 0.44445618641568174 1.200000000000001
    endloop
  endfacet
  facet normal -0.9415440651830238 -0.3368898533922115 0
    outer loop
      vertex 10.73910362600903 0.30614674589207186 0
      vertex 10.765552268585767 0.23222774180356986 1.200000000000001
      vertex 10.73910362600903 0.30614674589207186 1.200000000000001
    endloop
  endfacet
  facet normal -0.9039892931234438 -0.4275550934302809 0
    outer loop
      vertex 10.705537011478684 0.37711738946079815 0
      vertex 10.73910362600903 0.30614674589207186 1.200000000000001
      vertex 10.705537011478684 0.37711738946079815 1.200000000000001
    endloop
  endfacet
  facet normal -0.9987954562051725 -0.04906767432741532 0
    outer loop
      vertex 10.796147781337758 0.07841371226364849 0
      vertex 10.8 0 1.200000000000001
      vertex 10.796147781337758 0.07841371226364849 1.200000000000001
    endloop
  endfacet
  facet normal -0.9891765099647806 -0.1467304744553646 0
    outer loop
      vertex 10.784628224322585 0.1560722576129026 0
      vertex 10.796147781337758 0.07841371226364849 1.200000000000001
      vertex 10.784628224322585 0.1560722576129026 1.200000000000001
    endloop
  endfacet
  facet normal -0.8032075314806487 -0.5956993044924281 0
    outer loop
      vertex 10.61840836269019 0.5075146273309165 0
      vertex 10.665175689842036 0.44445618641568174 1.200000000000001
      vertex 10.61840836269019 0.5075146273309165 1.200000000000001
    endloop
  endfacet
  facet normal 0.85772861000028 0.5141027441932086 -1.8614805461527596e-19
    outer loop
      vertex -13.997763534763054 23.333315720376476 -9.45
      vertex -14.058305517218026 23.434323915808804 -9.45
      vertex -14.058305517218026 23.434323915808804 1.200000000000001
    endloop
  endfacet
  facet normal 0.803207531480635 0.5956993044924468 -1.4930259632810448e-19
    outer loop
      vertex -13.927612544035284 23.238728059003627 -9.45
      vertex -13.997763534763054 23.333315720376476 -9.45
      vertex -13.997763534763054 23.333315720376476 1.200000000000001
    endloop
  endfacet
  facet normal 0.6715589548470263 0.7409511253549518 0
    outer loop
      vertex -13.848528137423857 23.151471862576145 -9.45
      vertex -13.848528137423857 23.151471862576145 1.200000000000001
      vertex -13.761271940996375 23.072387455964716 -9.45
    endloop
  endfacet
  facet normal 0.7409511253549593 0.6715589548470181 -3.0182257016769927e-19
    outer loop
      vertex -13.848528137423857 23.151471862576145 -9.45
      vertex -13.927612544035284 23.238728059003627 -9.45
      vertex -13.927612544035284 23.238728059003627 1.200000000000001
    endloop
  endfacet
  facet normal 0.9039892931234397 0.42755509343029 -2.4449786254284503e-20
    outer loop
      vertex -14.058305517218026 23.434323915808804 -9.45
      vertex -14.108655439013544 23.540779881161892 -9.45
      vertex -14.108655439013544 23.540779881161892 1.200000000000001
    endloop
  endfacet
  facet normal 0.9415440651830216 0.336889853392218 2.4662929161489597e-19
    outer loop
      vertex -14.108655439013544 23.540779881161892 -9.45
      vertex -14.14832840287865 23.651658387294646 -9.45
      vertex -14.14832840287865 23.651658387294646 1.200000000000001
    endloop
  endfacet
  facet normal 0.9700312531945451 0.24298017990325918 -7.162877900669869e-20
    outer loop
      vertex -14.14832840287865 23.651658387294646 -9.45
      vertex -14.176942336483876 23.765891613580646 -9.45
      vertex -14.176942336483876 23.765891613580646 1.200000000000001
    endloop
  endfacet
  facet normal 0.9891765099647806 0.146730474455365 9.050747603909726e-20
    outer loop
      vertex -14.176942336483876 23.765891613580646 -9.45
      vertex -14.194221672006636 23.882379431604527 -9.45
      vertex -14.194221672006636 23.882379431604527 1.200000000000001
    endloop
  endfacet
  facet normal 0.9987954562051725 0.04906767432741504 -2.1816352172924407e-20
    outer loop
      vertex -14.194221672006636 23.882379431604527 -9.45
      vertex -14.2 24 -9.45
      vertex -14.2 24 1.200000000000001
    endloop
  endfacet
  facet normal 0.9987954562051725 -0.04906767432741504 2.1816352172924407e-20
    outer loop
      vertex -14.2 24 -9.45
      vertex -14.194221672006636 24.117620568395473 -9.45
      vertex -14.194221672006636 24.117620568395473 1.200000000000001
    endloop
  endfacet
  facet normal 0.9891765099647806 -0.146730474455365 -9.050747603909726e-20
    outer loop
      vertex -14.194221672006636 24.117620568395473 -9.45
      vertex -14.176942336483876 24.234108386419354 -9.45
      vertex -14.176942336483876 24.234108386419354 1.200000000000001
    endloop
  endfacet
  facet normal 0.9700312531945451 -0.24298017990325918 7.162877900669869e-20
    outer loop
      vertex -14.176942336483876 24.234108386419354 -9.45
      vertex -14.14832840287865 24.348341612705354 -9.45
      vertex -14.14832840287865 24.348341612705354 1.200000000000001
    endloop
  endfacet
  facet normal 0.9415440651830216 -0.336889853392218 -2.4662929161489597e-19
    outer loop
      vertex -14.14832840287865 24.348341612705354 -9.45
      vertex -14.108655439013544 24.459220118838108 -9.45
      vertex -14.108655439013544 24.459220118838108 1.200000000000001
    endloop
  endfacet
  facet normal 0.9039892931234397 -0.42755509343029 2.4449786254284503e-20
    outer loop
      vertex -14.108655439013544 24.459220118838108 -9.45
      vertex -14.058305517218026 24.565676084191196 -9.45
      vertex -14.058305517218026 24.565676084191196 1.200000000000001
    endloop
  endfacet
  facet normal 0.85772861000028 -0.5141027441932086 1.8614805461527596e-19
    outer loop
      vertex -14.058305517218026 24.565676084191196 -9.45
      vertex -13.997763534763054 24.666684279623524 -9.45
      vertex -13.997763534763054 24.666684279623524 1.200000000000001
    endloop
  endfacet
  facet normal 0.803207531480635 -0.5956993044924468 1.4930259632810448e-19
    outer loop
      vertex -13.997763534763054 24.666684279623524 -9.45
      vertex -13.927612544035284 24.761271940996373 -9.45
      vertex -13.927612544035284 24.761271940996373 1.200000000000001
    endloop
  endfacet
  facet normal 0.7409511253549593 -0.6715589548470181 3.0182257016769927e-19
    outer loop
      vertex -13.927612544035284 24.761271940996373 -9.45
      vertex -13.848528137423857 24.848528137423855 -9.45
      vertex -13.848528137423857 24.848528137423855 1.200000000000001
    endloop
  endfacet
  facet normal 0.6715589548470263 -0.7409511253549518 0
    outer loop
      vertex -13.761271940996375 24.927612544035284 -9.45
      vertex -13.761271940996375 24.927612544035284 1.200000000000001
      vertex -13.848528137423857 24.848528137423855 -9.45
    endloop
  endfacet
  facet normal 0.42755509343025955 0.9039892931234541 0
    outer loop
      vertex -13.565676084191198 22.941694482781973 -9.45
      vertex -13.565676084191198 22.941694482781973 1.200000000000001
      vertex -13.459220118838108 22.891344560986457 -9.45
    endloop
  endfacet
  facet normal 0.5956993044924226 0.8032075314806528 0
    outer loop
      vertex -13.761271940996375 23.072387455964716 -9.45
      vertex -13.761271940996375 23.072387455964716 1.200000000000001
      vertex -13.666684279623523 23.002236465236948 -9.45
    endloop
  endfacet
  facet normal 0.5141027441932441 0.8577286100002587 0
    outer loop
      vertex -13.666684279623523 23.002236465236948 -9.45
      vertex -13.666684279623523 23.002236465236948 1.200000000000001
      vertex -13.565676084191198 22.941694482781973 -9.45
    endloop
  endfacet
  facet normal 0.3368898533922314 0.9415440651830167 0
    outer loop
      vertex -13.459220118838108 22.891344560986457 -9.45
      vertex -13.459220118838108 22.891344560986457 1.200000000000001
      vertex -13.348341612705354 22.85167159712135 -9.45
    endloop
  endfacet
  facet normal 0.24298017990325918 0.9700312531945451 0
    outer loop
      vertex -13.348341612705354 22.85167159712135 -9.45
      vertex -13.348341612705354 22.85167159712135 1.200000000000001
      vertex -13.234108386419354 22.823057663516124 -9.45
    endloop
  endfacet
  facet normal 0.14673047445537973 0.9891765099647782 0
    outer loop
      vertex -13.234108386419354 22.823057663516124 -9.45
      vertex -13.234108386419354 22.823057663516124 1.200000000000001
      vertex -13.117620568395473 22.805778327993362 -9.45
    endloop
  endfacet
  facet normal 0.049067674327399995 0.9987954562051733 0
    outer loop
      vertex -13.117620568395473 22.805778327993362 -9.45
      vertex -13.117620568395473 22.805778327993362 1.200000000000001
      vertex -13 22.8 -9.45
    endloop
  endfacet
  facet normal -0.049067674327399995 0.9987954562051733 0
    outer loop
      vertex -13 22.8 -9.45
      vertex -13 22.8 1.200000000000001
      vertex -12.882379431604527 22.805778327993362 -9.45
    endloop
  endfacet
  facet normal -0.14673047445537973 0.9891765099647782 0
    outer loop
      vertex -12.882379431604527 22.805778327993362 -9.45
      vertex -12.882379431604527 22.805778327993362 1.200000000000001
      vertex -12.765891613580646 22.823057663516124 -9.45
    endloop
  endfacet
  facet normal -0.24298017990325918 0.9700312531945451 0
    outer loop
      vertex -12.765891613580646 22.823057663516124 -9.45
      vertex -12.765891613580646 22.823057663516124 1.200000000000001
      vertex -12.651658387294646 22.85167159712135 -9.45
    endloop
  endfacet
  facet normal -0.3368898533922314 0.9415440651830167 0
    outer loop
      vertex -12.651658387294646 22.85167159712135 -9.45
      vertex -12.651658387294646 22.85167159712135 1.200000000000001
      vertex -12.540779881161892 22.891344560986457 -9.45
    endloop
  endfacet
  facet normal -0.42755509343025955 0.9039892931234541 0
    outer loop
      vertex -12.540779881161892 22.891344560986457 -9.45
      vertex -12.540779881161892 22.891344560986457 1.200000000000001
      vertex -12.434323915808802 22.941694482781973 -9.45
    endloop
  endfacet
  facet normal 0.5956993044924226 -0.8032075314806528 0
    outer loop
      vertex -13.666684279623523 24.997763534763052 -9.45
      vertex -13.666684279623523 24.997763534763052 1.200000000000001
      vertex -13.761271940996375 24.927612544035284 -9.45
    endloop
  endfacet
  facet normal 0.5141027441932441 -0.8577286100002587 0
    outer loop
      vertex -13.565676084191198 25.058305517218027 -9.45
      vertex -13.565676084191198 25.058305517218027 1.200000000000001
      vertex -13.666684279623523 24.997763534763052 -9.45
    endloop
  endfacet
  facet normal 0.42755509343025955 -0.9039892931234541 0
    outer loop
      vertex -13.459220118838108 25.108655439013543 -9.45
      vertex -13.459220118838108 25.108655439013543 1.200000000000001
      vertex -13.565676084191198 25.058305517218027 -9.45
    endloop
  endfacet
  facet normal 0.3368898533922314 -0.9415440651830167 0
    outer loop
      vertex -13.348341612705354 25.14832840287865 -9.45
      vertex -13.348341612705354 25.14832840287865 1.200000000000001
      vertex -13.459220118838108 25.108655439013543 -9.45
    endloop
  endfacet
  facet normal 0.24298017990325918 -0.9700312531945451 0
    outer loop
      vertex -13.234108386419354 25.176942336483876 -9.45
      vertex -13.234108386419354 25.176942336483876 1.200000000000001
      vertex -13.348341612705354 25.14832840287865 -9.45
    endloop
  endfacet
  facet normal 0.14673047445537973 -0.9891765099647782 0
    outer loop
      vertex -13.117620568395473 25.194221672006638 -9.45
      vertex -13.117620568395473 25.194221672006638 1.200000000000001
      vertex -13.234108386419354 25.176942336483876 -9.45
    endloop
  endfacet
  facet normal 0.049067674327399995 -0.9987954562051733 0
    outer loop
      vertex -13 25.2 -9.45
      vertex -13 25.2 1.200000000000001
      vertex -13.117620568395473 25.194221672006638 -9.45
    endloop
  endfacet
  facet normal -0.049067674327399995 -0.9987954562051733 0
    outer loop
      vertex -12.882379431604527 25.194221672006638 -9.45
      vertex -12.882379431604527 25.194221672006638 1.200000000000001
      vertex -13 25.2 -9.45
    endloop
  endfacet
  facet normal -0.14673047445537973 -0.9891765099647782 0
    outer loop
      vertex -12.765891613580646 25.176942336483876 -9.45
      vertex -12.765891613580646 25.176942336483876 1.200000000000001
      vertex -12.882379431604527 25.194221672006638 -9.45
    endloop
  endfacet
  facet normal -0.24298017990325918 -0.9700312531945451 0
    outer loop
      vertex -12.651658387294646 25.14832840287865 -9.45
      vertex -12.651658387294646 25.14832840287865 1.200000000000001
      vertex -12.765891613580646 25.176942336483876 -9.45
    endloop
  endfacet
  facet normal -0.3368898533922314 -0.9415440651830167 0
    outer loop
      vertex -12.540779881161892 25.108655439013543 -9.45
      vertex -12.540779881161892 25.108655439013543 1.200000000000001
      vertex -12.651658387294646 25.14832840287865 -9.45
    endloop
  endfacet
  facet normal -0.5141027441932441 0.8577286100002587 0
    outer loop
      vertex -12.434323915808802 22.941694482781973 -9.45
      vertex -12.434323915808802 22.941694482781973 1.200000000000001
      vertex -12.333315720376477 23.002236465236948 -9.45
    endloop
  endfacet
  facet normal -0.5956993044924226 0.8032075314806528 0
    outer loop
      vertex -12.333315720376477 23.002236465236948 -9.45
      vertex -12.333315720376477 23.002236465236948 1.200000000000001
      vertex -12.238728059003625 23.072387455964716 -9.45
    endloop
  endfacet
  facet normal -0.6715589548470263 0.7409511253549518 0
    outer loop
      vertex -12.238728059003625 23.072387455964716 -9.45
      vertex -12.238728059003625 23.072387455964716 1.200000000000001
      vertex -12.151471862576143 23.151471862576145 -9.45
    endloop
  endfacet
  facet normal -0.7409511253549593 0.6715589548470181 3.0182257016769927e-19
    outer loop
      vertex -12.072387455964716 23.238728059003627 -9.45
      vertex -12.151471862576143 23.151471862576145 -9.45
      vertex -12.151471862576143 23.151471862576145 1.200000000000001
    endloop
  endfacet
  facet normal -0.803207531480635 0.5956993044924468 1.4930259632810448e-19
    outer loop
      vertex -12.002236465236946 23.333315720376476 -9.45
      vertex -12.072387455964716 23.238728059003627 -9.45
      vertex -12.072387455964716 23.238728059003627 1.200000000000001
    endloop
  endfacet
  facet normal -0.85772861000028 0.5141027441932086 1.8614805461527596e-19
    outer loop
      vertex -11.941694482781974 23.434323915808804 -9.45
      vertex -12.002236465236946 23.333315720376476 -9.45
      vertex -12.002236465236946 23.333315720376476 1.200000000000001
    endloop
  endfacet
  facet normal -0.9039892931234397 0.42755509343029 2.4449786254284503e-20
    outer loop
      vertex -11.891344560986456 23.540779881161892 -9.45
      vertex -11.941694482781974 23.434323915808804 -9.45
      vertex -11.941694482781974 23.434323915808804 1.200000000000001
    endloop
  endfacet
  facet normal -0.9415440651830216 0.336889853392218 -2.4662929161489597e-19
    outer loop
      vertex -11.85167159712135 23.651658387294646 -9.45
      vertex -11.891344560986456 23.540779881161892 -9.45
      vertex -11.891344560986456 23.540779881161892 1.200000000000001
    endloop
  endfacet
  facet normal -0.9700312531945451 0.24298017990325918 7.162877900669869e-20
    outer loop
      vertex -11.823057663516124 23.765891613580646 -9.45
      vertex -11.85167159712135 23.651658387294646 -9.45
      vertex -11.85167159712135 23.651658387294646 1.200000000000001
    endloop
  endfacet
  facet normal -0.9891765099647806 0.146730474455365 -9.050747603909726e-20
    outer loop
      vertex -11.805778327993364 23.882379431604527 -9.45
      vertex -11.823057663516124 23.765891613580646 -9.45
      vertex -11.823057663516124 23.765891613580646 1.200000000000001
    endloop
  endfacet
  facet normal -0.9987954562051725 0.04906767432741504 2.1816352172924407e-20
    outer loop
      vertex -11.8 24 -9.45
      vertex -11.805778327993364 23.882379431604527 -9.45
      vertex -11.805778327993364 23.882379431604527 1.200000000000001
    endloop
  endfacet
  facet normal -0.9987954562051725 -0.04906767432741504 -2.1816352172924407e-20
    outer loop
      vertex -11.805778327993364 24.117620568395473 -9.45
      vertex -11.8 24 -9.45
      vertex -11.8 24 1.200000000000001
    endloop
  endfacet
  facet normal -0.9891765099647806 -0.146730474455365 9.050747603909726e-20
    outer loop
      vertex -11.823057663516124 24.234108386419354 -9.45
      vertex -11.805778327993364 24.117620568395473 -9.45
      vertex -11.805778327993364 24.117620568395473 1.200000000000001
    endloop
  endfacet
  facet normal -0.9700312531945451 -0.24298017990325918 -7.162877900669869e-20
    outer loop
      vertex -11.85167159712135 24.348341612705354 -9.45
      vertex -11.823057663516124 24.234108386419354 -9.45
      vertex -11.823057663516124 24.234108386419354 1.200000000000001
    endloop
  endfacet
  facet normal -0.42755509343025955 -0.9039892931234541 0
    outer loop
      vertex -12.434323915808802 25.058305517218027 -9.45
      vertex -12.434323915808802 25.058305517218027 1.200000000000001
      vertex -12.540779881161892 25.108655439013543 -9.45
    endloop
  endfacet
  facet normal -0.5141027441932441 -0.8577286100002587 0
    outer loop
      vertex -12.333315720376477 24.997763534763052 -9.45
      vertex -12.333315720376477 24.997763534763052 1.200000000000001
      vertex -12.434323915808802 25.058305517218027 -9.45
    endloop
  endfacet
  facet normal -0.5956993044924226 -0.8032075314806528 0
    outer loop
      vertex -12.238728059003625 24.927612544035284 -9.45
      vertex -12.238728059003625 24.927612544035284 1.200000000000001
      vertex -12.333315720376477 24.997763534763052 -9.45
    endloop
  endfacet
  facet normal -0.7409511253549593 -0.6715589548470181 -3.0182257016769927e-19
    outer loop
      vertex -12.151471862576143 24.848528137423855 -9.45
      vertex -12.072387455964716 24.761271940996373 -9.45
      vertex -12.072387455964716 24.761271940996373 1.200000000000001
    endloop
  endfacet
  facet normal -0.85772861000028 -0.5141027441932086 -1.8614805461527596e-19
    outer loop
      vertex -12.002236465236946 24.666684279623524 -9.45
      vertex -11.941694482781974 24.565676084191196 -9.45
      vertex -11.941694482781974 24.565676084191196 1.200000000000001
    endloop
  endfacet
  facet normal -0.9039892931234397 -0.42755509343029 -2.4449786254284503e-20
    outer loop
      vertex -11.941694482781974 24.565676084191196 -9.45
      vertex -11.891344560986456 24.459220118838108 -9.45
      vertex -11.891344560986456 24.459220118838108 1.200000000000001
    endloop
  endfacet
  facet normal -0.803207531480635 -0.5956993044924468 -1.4930259632810448e-19
    outer loop
      vertex -12.072387455964716 24.761271940996373 -9.45
      vertex -12.002236465236946 24.666684279623524 -9.45
      vertex -12.002236465236946 24.666684279623524 1.200000000000001
    endloop
  endfacet
  facet normal -0.6715589548470263 -0.7409511253549518 -9.482523610508049e-20
    outer loop
      vertex -12.238728059003625 24.927612544035284 -9.45
      vertex -12.151471862576143 24.848528137423855 -9.45
      vertex -12.151471862576143 24.848528137423855 1.200000000000001
    endloop
  endfacet
  facet normal -0.9415440651830216 -0.336889853392218 2.4662929161489597e-19
    outer loop
      vertex -11.891344560986456 24.459220118838108 -9.45
      vertex -11.85167159712135 24.348341612705354 -9.45
      vertex -11.85167159712135 24.348341612705354 1.200000000000001
    endloop
  endfacet
  facet normal 0.85772861000028 0.5141027441932086 0
    outer loop
      vertex -13.997763534763054 23.333315720376476 -9.45
      vertex -14.058305517218026 23.434323915808804 1.200000000000001
      vertex -13.997763534763054 23.333315720376476 1.200000000000001
    endloop
  endfacet
  facet normal 0.803207531480635 0.5956993044924468 0
    outer loop
      vertex -13.927612544035284 23.238728059003627 -9.45
      vertex -13.997763534763054 23.333315720376476 1.200000000000001
      vertex -13.927612544035284 23.238728059003627 1.200000000000001
    endloop
  endfacet
  facet normal 0.7409511253549593 0.6715589548470181 0
    outer loop
      vertex -13.848528137423857 23.151471862576145 -9.45
      vertex -13.927612544035284 23.238728059003627 1.200000000000001
      vertex -13.848528137423857 23.151471862576145 1.200000000000001
    endloop
  endfacet
  facet normal 0.6715589548470263 0.7409511253549518 0
    outer loop
      vertex -13.761271940996375 23.072387455964716 -9.45
      vertex -13.848528137423857 23.151471862576145 1.200000000000001
      vertex -13.761271940996375 23.072387455964716 1.200000000000001
    endloop
  endfacet
  facet normal 0.9039892931234397 0.42755509343029 0
    outer loop
      vertex -14.058305517218026 23.434323915808804 -9.45
      vertex -14.108655439013544 23.540779881161892 1.200000000000001
      vertex -14.058305517218026 23.434323915808804 1.200000000000001
    endloop
  endfacet
  facet normal 0.9415440651830216 0.336889853392218 0
    outer loop
      vertex -14.108655439013544 23.540779881161892 -9.45
      vertex -14.14832840287865 23.651658387294646 1.200000000000001
      vertex -14.108655439013544 23.540779881161892 1.200000000000001
    endloop
  endfacet
  facet normal 0.9700312531945451 0.24298017990325918 0
    outer loop
      vertex -14.14832840287865 23.651658387294646 -9.45
      vertex -14.176942336483876 23.765891613580646 1.200000000000001
      vertex -14.14832840287865 23.651658387294646 1.200000000000001
    endloop
  endfacet
  facet normal 0.9891765099647806 0.146730474455365 0
    outer loop
      vertex -14.176942336483876 23.765891613580646 -9.45
      vertex -14.194221672006636 23.882379431604527 1.200000000000001
      vertex -14.176942336483876 23.765891613580646 1.200000000000001
    endloop
  endfacet
  facet normal 0.9987954562051725 0.04906767432741504 0
    outer loop
      vertex -14.194221672006636 23.882379431604527 -9.45
      vertex -14.2 24 1.200000000000001
      vertex -14.194221672006636 23.882379431604527 1.200000000000001
    endloop
  endfacet
  facet normal 0.9987954562051725 -0.04906767432741504 0
    outer loop
      vertex -14.2 24 -9.45
      vertex -14.194221672006636 24.117620568395473 1.200000000000001
      vertex -14.2 24 1.200000000000001
    endloop
  endfacet
  facet normal 0.9891765099647806 -0.146730474455365 0
    outer loop
      vertex -14.194221672006636 24.117620568395473 -9.45
      vertex -14.176942336483876 24.234108386419354 1.200000000000001
      vertex -14.194221672006636 24.117620568395473 1.200000000000001
    endloop
  endfacet
  facet normal 0.9700312531945451 -0.24298017990325918 0
    outer loop
      vertex -14.176942336483876 24.234108386419354 -9.45
      vertex -14.14832840287865 24.348341612705354 1.200000000000001
      vertex -14.176942336483876 24.234108386419354 1.200000000000001
    endloop
  endfacet
  facet normal 0.9415440651830216 -0.336889853392218 0
    outer loop
      vertex -14.14832840287865 24.348341612705354 -9.45
      vertex -14.108655439013544 24.459220118838108 1.200000000000001
      vertex -14.14832840287865 24.348341612705354 1.200000000000001
    endloop
  endfacet
  facet normal 0.9039892931234397 -0.42755509343029 0
    outer loop
      vertex -14.108655439013544 24.459220118838108 -9.45
      vertex -14.058305517218026 24.565676084191196 1.200000000000001
      vertex -14.108655439013544 24.459220118838108 1.200000000000001
    endloop
  endfacet
  facet normal 0.85772861000028 -0.5141027441932086 0
    outer loop
      vertex -14.058305517218026 24.565676084191196 -9.45
      vertex -13.997763534763054 24.666684279623524 1.200000000000001
      vertex -14.058305517218026 24.565676084191196 1.200000000000001
    endloop
  endfacet
  facet normal 0.803207531480635 -0.5956993044924468 0
    outer loop
      vertex -13.997763534763054 24.666684279623524 -9.45
      vertex -13.927612544035284 24.761271940996373 1.200000000000001
      vertex -13.997763534763054 24.666684279623524 1.200000000000001
    endloop
  endfacet
  facet normal 0.7409511253549593 -0.6715589548470181 0
    outer loop
      vertex -13.927612544035284 24.761271940996373 -9.45
      vertex -13.848528137423857 24.848528137423855 1.200000000000001
      vertex -13.927612544035284 24.761271940996373 1.200000000000001
    endloop
  endfacet
  facet normal 0.6715589548470263 -0.7409511253549518 0
    outer loop
      vertex -13.848528137423857 24.848528137423855 -9.45
      vertex -13.761271940996375 24.927612544035284 1.200000000000001
      vertex -13.848528137423857 24.848528137423855 1.200000000000001
    endloop
  endfacet
  facet normal 0.5141027441932441 0.8577286100002587 0
    outer loop
      vertex -13.565676084191198 22.941694482781973 -9.45
      vertex -13.666684279623523 23.002236465236948 1.200000000000001
      vertex -13.565676084191198 22.941694482781973 1.200000000000001
    endloop
  endfacet
  facet normal 0.42755509343025955 0.9039892931234541 0
    outer loop
      vertex -13.459220118838108 22.891344560986457 -9.45
      vertex -13.565676084191198 22.941694482781973 1.200000000000001
      vertex -13.459220118838108 22.891344560986457 1.200000000000001
    endloop
  endfacet
  facet normal 0.5956993044924226 0.8032075314806528 0
    outer loop
      vertex -13.666684279623523 23.002236465236948 -9.45
      vertex -13.761271940996375 23.072387455964716 1.200000000000001
      vertex -13.666684279623523 23.002236465236948 1.200000000000001
    endloop
  endfacet
  facet normal 0.3368898533922314 0.9415440651830167 0
    outer loop
      vertex -13.348341612705354 22.85167159712135 -9.45
      vertex -13.459220118838108 22.891344560986457 1.200000000000001
      vertex -13.348341612705354 22.85167159712135 1.200000000000001
    endloop
  endfacet
  facet normal 0.24298017990325918 0.9700312531945451 0
    outer loop
      vertex -13.234108386419354 22.823057663516124 -9.45
      vertex -13.348341612705354 22.85167159712135 1.200000000000001
      vertex -13.234108386419354 22.823057663516124 1.200000000000001
    endloop
  endfacet
  facet normal 0.14673047445537973 0.9891765099647782 0
    outer loop
      vertex -13.117620568395473 22.805778327993362 -9.45
      vertex -13.234108386419354 22.823057663516124 1.200000000000001
      vertex -13.117620568395473 22.805778327993362 1.200000000000001
    endloop
  endfacet
  facet normal 0.049067674327399995 0.9987954562051733 0
    outer loop
      vertex -13 22.8 -9.45
      vertex -13.117620568395473 22.805778327993362 1.200000000000001
      vertex -13 22.8 1.200000000000001
    endloop
  endfacet
  facet normal -0.049067674327399995 0.9987954562051733 0
    outer loop
      vertex -12.882379431604527 22.805778327993362 -9.45
      vertex -13 22.8 1.200000000000001
      vertex -12.882379431604527 22.805778327993362 1.200000000000001
    endloop
  endfacet
  facet normal -0.14673047445537973 0.9891765099647782 0
    outer loop
      vertex -12.765891613580646 22.823057663516124 -9.45
      vertex -12.882379431604527 22.805778327993362 1.200000000000001
      vertex -12.765891613580646 22.823057663516124 1.200000000000001
    endloop
  endfacet
  facet normal -0.24298017990325918 0.9700312531945451 0
    outer loop
      vertex -12.651658387294646 22.85167159712135 -9.45
      vertex -12.765891613580646 22.823057663516124 1.200000000000001
      vertex -12.651658387294646 22.85167159712135 1.200000000000001
    endloop
  endfacet
  facet normal -0.3368898533922314 0.9415440651830167 0
    outer loop
      vertex -12.540779881161892 22.891344560986457 -9.45
      vertex -12.651658387294646 22.85167159712135 1.200000000000001
      vertex -12.540779881161892 22.891344560986457 1.200000000000001
    endloop
  endfacet
  facet normal 0.5956993044924226 -0.8032075314806528 0
    outer loop
      vertex -13.761271940996375 24.927612544035284 -9.45
      vertex -13.666684279623523 24.997763534763052 1.200000000000001
      vertex -13.761271940996375 24.927612544035284 1.200000000000001
    endloop
  endfacet
  facet normal 0.5141027441932441 -0.8577286100002587 0
    outer loop
      vertex -13.666684279623523 24.997763534763052 -9.45
      vertex -13.565676084191198 25.058305517218027 1.200000000000001
      vertex -13.666684279623523 24.997763534763052 1.200000000000001
    endloop
  endfacet
  facet normal 0.42755509343025955 -0.9039892931234541 0
    outer loop
      vertex -13.565676084191198 25.058305517218027 -9.45
      vertex -13.459220118838108 25.108655439013543 1.200000000000001
      vertex -13.565676084191198 25.058305517218027 1.200000000000001
    endloop
  endfacet
  facet normal 0.3368898533922314 -0.9415440651830167 0
    outer loop
      vertex -13.459220118838108 25.108655439013543 -9.45
      vertex -13.348341612705354 25.14832840287865 1.200000000000001
      vertex -13.459220118838108 25.108655439013543 1.200000000000001
    endloop
  endfacet
  facet normal 0.24298017990325918 -0.9700312531945451 0
    outer loop
      vertex -13.348341612705354 25.14832840287865 -9.45
      vertex -13.234108386419354 25.176942336483876 1.200000000000001
      vertex -13.348341612705354 25.14832840287865 1.200000000000001
    endloop
  endfacet
  facet normal 0.14673047445537973 -0.9891765099647782 0
    outer loop
      vertex -13.234108386419354 25.176942336483876 -9.45
      vertex -13.117620568395473 25.194221672006638 1.200000000000001
      vertex -13.234108386419354 25.176942336483876 1.200000000000001
    endloop
  endfacet
  facet normal 0.049067674327399995 -0.9987954562051733 0
    outer loop
      vertex -13.117620568395473 25.194221672006638 -9.45
      vertex -13 25.2 1.200000000000001
      vertex -13.117620568395473 25.194221672006638 1.200000000000001
    endloop
  endfacet
  facet normal -0.049067674327399995 -0.9987954562051733 0
    outer loop
      vertex -13 25.2 -9.45
      vertex -12.882379431604527 25.194221672006638 1.200000000000001
      vertex -13 25.2 1.200000000000001
    endloop
  endfacet
  facet normal -0.14673047445537973 -0.9891765099647782 0
    outer loop
      vertex -12.882379431604527 25.194221672006638 -9.45
      vertex -12.765891613580646 25.176942336483876 1.200000000000001
      vertex -12.882379431604527 25.194221672006638 1.200000000000001
    endloop
  endfacet
  facet normal -0.24298017990325918 -0.9700312531945451 0
    outer loop
      vertex -12.765891613580646 25.176942336483876 -9.45
      vertex -12.651658387294646 25.14832840287865 1.200000000000001
      vertex -12.765891613580646 25.176942336483876 1.200000000000001
    endloop
  endfacet
  facet normal -0.3368898533922314 -0.9415440651830167 0
    outer loop
      vertex -12.651658387294646 25.14832840287865 -9.45
      vertex -12.540779881161892 25.108655439013543 1.200000000000001
      vertex -12.651658387294646 25.14832840287865 1.200000000000001
    endloop
  endfacet
  facet normal -0.42755509343025955 -0.9039892931234541 0
    outer loop
      vertex -12.540779881161892 25.108655439013543 -9.45
      vertex -12.434323915808802 25.058305517218027 1.200000000000001
      vertex -12.540779881161892 25.108655439013543 1.200000000000001
    endloop
  endfacet
  facet normal -0.42755509343025955 0.9039892931234541 0
    outer loop
      vertex -12.434323915808802 22.941694482781973 -9.45
      vertex -12.540779881161892 22.891344560986457 1.200000000000001
      vertex -12.434323915808802 22.941694482781973 1.200000000000001
    endloop
  endfacet
  facet normal -0.5141027441932441 0.8577286100002587 0
    outer loop
      vertex -12.333315720376477 23.002236465236948 -9.45
      vertex -12.434323915808802 22.941694482781973 1.200000000000001
      vertex -12.333315720376477 23.002236465236948 1.200000000000001
    endloop
  endfacet
  facet normal -0.5956993044924226 0.8032075314806528 0
    outer loop
      vertex -12.238728059003625 23.072387455964716 -9.45
      vertex -12.333315720376477 23.002236465236948 1.200000000000001
      vertex -12.238728059003625 23.072387455964716 1.200000000000001
    endloop
  endfacet
  facet normal -0.6715589548470263 0.7409511253549518 0
    outer loop
      vertex -12.151471862576143 23.151471862576145 -9.45
      vertex -12.238728059003625 23.072387455964716 1.200000000000001
      vertex -12.151471862576143 23.151471862576145 1.200000000000001
    endloop
  endfacet
  facet normal -0.7409511253549593 0.6715589548470181 0
    outer loop
      vertex -12.072387455964716 23.238728059003627 -9.45
      vertex -12.151471862576143 23.151471862576145 1.200000000000001
      vertex -12.072387455964716 23.238728059003627 1.200000000000001
    endloop
  endfacet
  facet normal -0.803207531480635 0.5956993044924468 0
    outer loop
      vertex -12.002236465236946 23.333315720376476 -9.45
      vertex -12.072387455964716 23.238728059003627 1.200000000000001
      vertex -12.002236465236946 23.333315720376476 1.200000000000001
    endloop
  endfacet
  facet normal -0.85772861000028 0.5141027441932086 0
    outer loop
      vertex -11.941694482781974 23.434323915808804 -9.45
      vertex -12.002236465236946 23.333315720376476 1.200000000000001
      vertex -11.941694482781974 23.434323915808804 1.200000000000001
    endloop
  endfacet
  facet normal -0.9039892931234397 0.42755509343029 0
    outer loop
      vertex -11.891344560986456 23.540779881161892 -9.45
      vertex -11.941694482781974 23.434323915808804 1.200000000000001
      vertex -11.891344560986456 23.540779881161892 1.200000000000001
    endloop
  endfacet
  facet normal -0.9415440651830216 0.336889853392218 0
    outer loop
      vertex -11.85167159712135 23.651658387294646 -9.45
      vertex -11.891344560986456 23.540779881161892 1.200000000000001
      vertex -11.85167159712135 23.651658387294646 1.200000000000001
    endloop
  endfacet
  facet normal -0.9700312531945451 0.24298017990325918 0
    outer loop
      vertex -11.823057663516124 23.765891613580646 -9.45
      vertex -11.85167159712135 23.651658387294646 1.200000000000001
      vertex -11.823057663516124 23.765891613580646 1.200000000000001
    endloop
  endfacet
  facet normal -0.9891765099647806 0.146730474455365 0
    outer loop
      vertex -11.805778327993364 23.882379431604527 -9.45
      vertex -11.823057663516124 23.765891613580646 1.200000000000001
      vertex -11.805778327993364 23.882379431604527 1.200000000000001
    endloop
  endfacet
  facet normal -0.9987954562051725 0.04906767432741504 0
    outer loop
      vertex -11.8 24 -9.45
      vertex -11.805778327993364 23.882379431604527 1.200000000000001
      vertex -11.8 24 1.200000000000001
    endloop
  endfacet
  facet normal -0.9987954562051725 -0.04906767432741504 0
    outer loop
      vertex -11.805778327993364 24.117620568395473 -9.45
      vertex -11.8 24 1.200000000000001
      vertex -11.805778327993364 24.117620568395473 1.200000000000001
    endloop
  endfacet
  facet normal -0.9891765099647806 -0.146730474455365 0
    outer loop
      vertex -11.823057663516124 24.234108386419354 -9.45
      vertex -11.805778327993364 24.117620568395473 1.200000000000001
      vertex -11.823057663516124 24.234108386419354 1.200000000000001
    endloop
  endfacet
  facet normal -0.9700312531945451 -0.24298017990325918 0
    outer loop
      vertex -11.85167159712135 24.348341612705354 -9.45
      vertex -11.823057663516124 24.234108386419354 1.200000000000001
      vertex -11.85167159712135 24.348341612705354 1.200000000000001
    endloop
  endfacet
  facet normal -0.5141027441932441 -0.8577286100002587 0
    outer loop
      vertex -12.434323915808802 25.058305517218027 -9.45
      vertex -12.333315720376477 24.997763534763052 1.200000000000001
      vertex -12.434323915808802 25.058305517218027 1.200000000000001
    endloop
  endfacet
  facet normal -0.5956993044924226 -0.8032075314806528 0
    outer loop
      vertex -12.333315720376477 24.997763534763052 -9.45
      vertex -12.238728059003625 24.927612544035284 1.200000000000001
      vertex -12.333315720376477 24.997763534763052 1.200000000000001
    endloop
  endfacet
  facet normal -0.6715589548470263 -0.7409511253549518 0
    outer loop
      vertex -12.238728059003625 24.927612544035284 -9.45
      vertex -12.151471862576143 24.848528137423855 1.200000000000001
      vertex -12.238728059003625 24.927612544035284 1.200000000000001
    endloop
  endfacet
  facet normal -0.7409511253549593 -0.6715589548470181 0
    outer loop
      vertex -12.151471862576143 24.848528137423855 -9.45
      vertex -12.072387455964716 24.761271940996373 1.200000000000001
      vertex -12.151471862576143 24.848528137423855 1.200000000000001
    endloop
  endfacet
  facet normal -0.803207531480635 -0.5956993044924468 0
    outer loop
      vertex -12.072387455964716 24.761271940996373 -9.45
      vertex -12.002236465236946 24.666684279623524 1.200000000000001
      vertex -12.072387455964716 24.761271940996373 1.200000000000001
    endloop
  endfacet
  facet normal -0.9415440651830216 -0.336889853392218 0
    outer loop
      vertex -11.891344560986456 24.459220118838108 -9.45
      vertex -11.85167159712135 24.348341612705354 1.200000000000001
      vertex -11.891344560986456 24.459220118838108 1.200000000000001
    endloop
  endfacet
  facet normal -0.9039892931234397 -0.42755509343029 0
    outer loop
      vertex -11.941694482781974 24.565676084191196 -9.45
      vertex -11.891344560986456 24.459220118838108 1.200000000000001
      vertex -11.941694482781974 24.565676084191196 1.200000000000001
    endloop
  endfacet
  facet normal -0.85772861000028 -0.5141027441932086 0
    outer loop
      vertex -12.002236465236946 24.666684279623524 -9.45
      vertex -11.941694482781974 24.565676084191196 1.200000000000001
      vertex -12.002236465236946 24.666684279623524 1.200000000000001
    endloop
  endfacet
  facet normal 0.9415440651830216 0.336889853392218 0
    outer loop
      vertex 11.85167159712135 23.651658387294646 1.200000000000001
      vertex 11.891344560986456 23.540779881161892 -9.45
      vertex 11.85167159712135 23.651658387294646 -9.45
    endloop
  endfacet
  facet normal 0.9700312531945451 0.24298017990325918 -7.162877900669869e-20
    outer loop
      vertex 11.85167159712135 23.651658387294646 -9.45
      vertex 11.823057663516124 23.765891613580646 -9.45
      vertex 11.823057663516124 23.765891613580646 1.200000000000001
    endloop
  endfacet
  facet normal 0.9891765099647806 0.146730474455365 0
    outer loop
      vertex 11.805778327993364 23.882379431604527 1.200000000000001
      vertex 11.823057663516124 23.765891613580646 -9.45
      vertex 11.805778327993364 23.882379431604527 -9.45
    endloop
  endfacet
  facet normal 0.9987954562051725 0.04906767432741504 0
    outer loop
      vertex 11.8 24 1.200000000000001
      vertex 11.805778327993364 23.882379431604527 -9.45
      vertex 11.8 24 -9.45
    endloop
  endfacet
  facet normal 0.9987954562051725 -0.04906767432741504 0
    outer loop
      vertex 11.805778327993364 24.117620568395473 1.200000000000001
      vertex 11.8 24 -9.45
      vertex 11.805778327993364 24.117620568395473 -9.45
    endloop
  endfacet
  facet normal 0.9891765099647806 -0.146730474455365 0
    outer loop
      vertex 11.823057663516124 24.234108386419354 1.200000000000001
      vertex 11.805778327993364 24.117620568395473 -9.45
      vertex 11.823057663516124 24.234108386419354 -9.45
    endloop
  endfacet
  facet normal 0.9700312531945451 -0.24298017990325918 7.162877900669869e-20
    outer loop
      vertex 11.823057663516124 24.234108386419354 -9.45
      vertex 11.85167159712135 24.348341612705354 -9.45
      vertex 11.85167159712135 24.348341612705354 1.200000000000001
    endloop
  endfacet
  facet normal 0.803207531480635 0.5956993044924468 -1.4930259632810448e-19
    outer loop
      vertex 12.072387455964716 23.238728059003627 -9.45
      vertex 12.002236465236946 23.333315720376476 -9.45
      vertex 12.002236465236946 23.333315720376476 1.200000000000001
    endloop
  endfacet
  facet normal 0.85772861000028 0.5141027441932086 0
    outer loop
      vertex 11.941694482781974 23.434323915808804 1.200000000000001
      vertex 12.002236465236946 23.333315720376476 -9.45
      vertex 11.941694482781974 23.434323915808804 -9.45
    endloop
  endfacet
  facet normal 0.6715589548470263 0.7409511253549518 0
    outer loop
      vertex 12.151471862576143 23.151471862576145 1.200000000000001
      vertex 12.238728059003625 23.072387455964716 -9.45
      vertex 12.151471862576143 23.151471862576145 -9.45
    endloop
  endfacet
  facet normal 0.7409511253549593 0.6715589548470181 0
    outer loop
      vertex 12.072387455964716 23.238728059003627 1.200000000000001
      vertex 12.151471862576143 23.151471862576145 -9.45
      vertex 12.072387455964716 23.238728059003627 -9.45
    endloop
  endfacet
  facet normal 0.42755509343025955 0.9039892931234541 0
    outer loop
      vertex 12.434323915808802 22.941694482781973 1.200000000000001
      vertex 12.540779881161892 22.891344560986457 -9.45
      vertex 12.434323915808802 22.941694482781973 -9.45
    endloop
  endfacet
  facet normal 0.5956993044924226 0.8032075314806528 0
    outer loop
      vertex 12.238728059003625 23.072387455964716 1.200000000000001
      vertex 12.333315720376477 23.002236465236948 -9.45
      vertex 12.238728059003625 23.072387455964716 -9.45
    endloop
  endfacet
  facet normal 0.5141027441932441 0.8577286100002587 0
    outer loop
      vertex 12.333315720376477 23.002236465236948 1.200000000000001
      vertex 12.434323915808802 22.941694482781973 -9.45
      vertex 12.333315720376477 23.002236465236948 -9.45
    endloop
  endfacet
  facet normal 0.9039892931234397 0.42755509343029 -2.4449786254284503e-20
    outer loop
      vertex 11.941694482781974 23.434323915808804 -9.45
      vertex 11.891344560986456 23.540779881161892 -9.45
      vertex 11.891344560986456 23.540779881161892 1.200000000000001
    endloop
  endfacet
  facet normal 0.9415440651830216 -0.336889853392218 0
    outer loop
      vertex 11.891344560986456 24.459220118838108 1.200000000000001
      vertex 11.85167159712135 24.348341612705354 -9.45
      vertex 11.891344560986456 24.459220118838108 -9.45
    endloop
  endfacet
  facet normal 0.9039892931234397 -0.42755509343029 0
    outer loop
      vertex 11.941694482781974 24.565676084191196 1.200000000000001
      vertex 11.891344560986456 24.459220118838108 -9.45
      vertex 11.941694482781974 24.565676084191196 -9.45
    endloop
  endfacet
  facet normal 0.85772861000028 -0.5141027441932086 1.8614805461527596e-19
    outer loop
      vertex 11.941694482781974 24.565676084191196 -9.45
      vertex 12.002236465236946 24.666684279623524 -9.45
      vertex 12.002236465236946 24.666684279623524 1.200000000000001
    endloop
  endfacet
  facet normal 0.803207531480635 -0.5956993044924468 1.4930259632810448e-19
    outer loop
      vertex 12.002236465236946 24.666684279623524 -9.45
      vertex 12.072387455964716 24.761271940996373 -9.45
      vertex 12.072387455964716 24.761271940996373 1.200000000000001
    endloop
  endfacet
  facet normal 0.7409511253549593 -0.6715589548470181 3.0182257016769927e-19
    outer loop
      vertex 12.072387455964716 24.761271940996373 -9.45
      vertex 12.151471862576143 24.848528137423855 -9.45
      vertex 12.151471862576143 24.848528137423855 1.200000000000001
    endloop
  endfacet
  facet normal 0.6715589548470263 -0.7409511253549518 0
    outer loop
      vertex 12.238728059003625 24.927612544035284 1.200000000000001
      vertex 12.151471862576143 24.848528137423855 -9.45
      vertex 12.238728059003625 24.927612544035284 -9.45
    endloop
  endfacet
  facet normal 0.5956993044924226 -0.8032075314806528 0
    outer loop
      vertex 12.333315720376477 24.997763534763052 1.200000000000001
      vertex 12.238728059003625 24.927612544035284 -9.45
      vertex 12.333315720376477 24.997763534763052 -9.45
    endloop
  endfacet
  facet normal 0.5141027441932441 -0.8577286100002587 0
    outer loop
      vertex 12.434323915808802 25.058305517218027 1.200000000000001
      vertex 12.333315720376477 24.997763534763052 -9.45
      vertex 12.434323915808802 25.058305517218027 -9.45
    endloop
  endfacet
  facet normal 0.3368898533922314 0.9415440651830167 0
    outer loop
      vertex 12.540779881161892 22.891344560986457 1.200000000000001
      vertex 12.651658387294646 22.85167159712135 -9.45
      vertex 12.540779881161892 22.891344560986457 -9.45
    endloop
  endfacet
  facet normal 0.24298017990325918 0.9700312531945451 0
    outer loop
      vertex 12.651658387294646 22.85167159712135 1.200000000000001
      vertex 12.765891613580646 22.823057663516124 -9.45
      vertex 12.651658387294646 22.85167159712135 -9.45
    endloop
  endfacet
  facet normal 0.14673047445537973 0.9891765099647782 0
    outer loop
      vertex 12.765891613580646 22.823057663516124 1.200000000000001
      vertex 12.882379431604527 22.805778327993362 -9.45
      vertex 12.765891613580646 22.823057663516124 -9.45
    endloop
  endfacet
  facet normal 0.049067674327399995 0.9987954562051733 0
    outer loop
      vertex 12.882379431604527 22.805778327993362 1.200000000000001
      vertex 13 22.8 -9.45
      vertex 12.882379431604527 22.805778327993362 -9.45
    endloop
  endfacet
  facet normal -0.049067674327399995 0.9987954562051733 0
    outer loop
      vertex 13 22.8 1.200000000000001
      vertex 13.117620568395473 22.805778327993362 -9.45
      vertex 13 22.8 -9.45
    endloop
  endfacet
  facet normal -0.14673047445537973 0.9891765099647782 0
    outer loop
      vertex 13.117620568395473 22.805778327993362 1.200000000000001
      vertex 13.234108386419354 22.823057663516124 -9.45
      vertex 13.117620568395473 22.805778327993362 -9.45
    endloop
  endfacet
  facet normal -0.24298017990325918 0.9700312531945451 0
    outer loop
      vertex 13.234108386419354 22.823057663516124 1.200000000000001
      vertex 13.348341612705354 22.85167159712135 -9.45
      vertex 13.234108386419354 22.823057663516124 -9.45
    endloop
  endfacet
  facet normal -0.3368898533922314 0.9415440651830167 0
    outer loop
      vertex 13.348341612705354 22.85167159712135 1.200000000000001
      vertex 13.459220118838108 22.891344560986457 -9.45
      vertex 13.348341612705354 22.85167159712135 -9.45
    endloop
  endfacet
  facet normal -0.42755509343025955 0.9039892931234541 0
    outer loop
      vertex 13.459220118838108 22.891344560986457 1.200000000000001
      vertex 13.565676084191198 22.941694482781973 -9.45
      vertex 13.459220118838108 22.891344560986457 -9.45
    endloop
  endfacet
  facet normal -0.5141027441932441 0.8577286100002587 0
    outer loop
      vertex 13.565676084191198 22.941694482781973 1.200000000000001
      vertex 13.666684279623523 23.002236465236948 -9.45
      vertex 13.565676084191198 22.941694482781973 -9.45
    endloop
  endfacet
  facet normal -0.5956993044924226 0.8032075314806528 0
    outer loop
      vertex 13.666684279623523 23.002236465236948 1.200000000000001
      vertex 13.761271940996375 23.072387455964716 -9.45
      vertex 13.666684279623523 23.002236465236948 -9.45
    endloop
  endfacet
  facet normal 0.42755509343025955 -0.9039892931234541 0
    outer loop
      vertex 12.540779881161892 25.108655439013543 1.200000000000001
      vertex 12.434323915808802 25.058305517218027 -9.45
      vertex 12.540779881161892 25.108655439013543 -9.45
    endloop
  endfacet
  facet normal 0.3368898533922314 -0.9415440651830167 0
    outer loop
      vertex 12.651658387294646 25.14832840287865 1.200000000000001
      vertex 12.540779881161892 25.108655439013543 -9.45
      vertex 12.651658387294646 25.14832840287865 -9.45
    endloop
  endfacet
  facet normal 0.24298017990325918 -0.9700312531945451 0
    outer loop
      vertex 12.765891613580646 25.176942336483876 1.200000000000001
      vertex 12.651658387294646 25.14832840287865 -9.45
      vertex 12.765891613580646 25.176942336483876 -9.45
    endloop
  endfacet
  facet normal 0.14673047445537973 -0.9891765099647782 0
    outer loop
      vertex 12.882379431604527 25.194221672006638 1.200000000000001
      vertex 12.765891613580646 25.176942336483876 -9.45
      vertex 12.882379431604527 25.194221672006638 -9.45
    endloop
  endfacet
  facet normal 0.049067674327399995 -0.9987954562051733 0
    outer loop
      vertex 13 25.2 1.200000000000001
      vertex 12.882379431604527 25.194221672006638 -9.45
      vertex 13 25.2 -9.45
    endloop
  endfacet
  facet normal -0.049067674327399995 -0.9987954562051733 0
    outer loop
      vertex 13.117620568395473 25.194221672006638 1.200000000000001
      vertex 13 25.2 -9.45
      vertex 13.117620568395473 25.194221672006638 -9.45
    endloop
  endfacet
  facet normal -0.14673047445537973 -0.9891765099647782 0
    outer loop
      vertex 13.234108386419354 25.176942336483876 1.200000000000001
      vertex 13.117620568395473 25.194221672006638 -9.45
      vertex 13.234108386419354 25.176942336483876 -9.45
    endloop
  endfacet
  facet normal -0.24298017990325918 -0.9700312531945451 0
    outer loop
      vertex 13.348341612705354 25.14832840287865 1.200000000000001
      vertex 13.234108386419354 25.176942336483876 -9.45
      vertex 13.348341612705354 25.14832840287865 -9.45
    endloop
  endfacet
  facet normal -0.3368898533922314 -0.9415440651830167 0
    outer loop
      vertex 13.459220118838108 25.108655439013543 1.200000000000001
      vertex 13.348341612705354 25.14832840287865 -9.45
      vertex 13.459220118838108 25.108655439013543 -9.45
    endloop
  endfacet
  facet normal -0.42755509343025955 -0.9039892931234541 0
    outer loop
      vertex 13.565676084191198 25.058305517218027 1.200000000000001
      vertex 13.459220118838108 25.108655439013543 -9.45
      vertex 13.565676084191198 25.058305517218027 -9.45
    endloop
  endfacet
  facet normal -0.5141027441932441 -0.8577286100002587 0
    outer loop
      vertex 13.666684279623523 24.997763534763052 1.200000000000001
      vertex 13.565676084191198 25.058305517218027 -9.45
      vertex 13.666684279623523 24.997763534763052 -9.45
    endloop
  endfacet
  facet normal -0.5956993044924226 -0.8032075314806528 0
    outer loop
      vertex 13.761271940996375 24.927612544035284 1.200000000000001
      vertex 13.666684279623523 24.997763534763052 -9.45
      vertex 13.761271940996375 24.927612544035284 -9.45
    endloop
  endfacet
  facet normal -0.6715589548470263 0.7409511253549518 0
    outer loop
      vertex 13.761271940996375 23.072387455964716 1.200000000000001
      vertex 13.848528137423857 23.151471862576145 -9.45
      vertex 13.761271940996375 23.072387455964716 -9.45
    endloop
  endfacet
  facet normal -0.7409511253549593 0.6715589548470181 3.0182257016769927e-19
    outer loop
      vertex 13.927612544035284 23.238728059003627 -9.45
      vertex 13.848528137423857 23.151471862576145 -9.45
      vertex 13.848528137423857 23.151471862576145 1.200000000000001
    endloop
  endfacet
  facet normal -0.803207531480635 0.5956993044924468 1.4930259632810448e-19
    outer loop
      vertex 13.997763534763054 23.333315720376476 -9.45
      vertex 13.927612544035284 23.238728059003627 -9.45
      vertex 13.927612544035284 23.238728059003627 1.200000000000001
    endloop
  endfacet
  facet normal -0.85772861000028 0.5141027441932086 1.8614805461527596e-19
    outer loop
      vertex 14.058305517218026 23.434323915808804 -9.45
      vertex 13.997763534763054 23.333315720376476 -9.45
      vertex 13.997763534763054 23.333315720376476 1.200000000000001
    endloop
  endfacet
  facet normal -0.9039892931234397 0.42755509343029 0
    outer loop
      vertex 14.058305517218026 23.434323915808804 1.200000000000001
      vertex 14.108655439013544 23.540779881161892 -9.45
      vertex 14.058305517218026 23.434323915808804 -9.45
    endloop
  endfacet
  facet normal -0.9415440651830216 0.336889853392218 0
    outer loop
      vertex 14.108655439013544 23.540779881161892 1.200000000000001
      vertex 14.14832840287865 23.651658387294646 -9.45
      vertex 14.108655439013544 23.540779881161892 -9.45
    endloop
  endfacet
  facet normal -0.9700312531945451 0.24298017990325918 7.162877900669869e-20
    outer loop
      vertex 14.176942336483876 23.765891613580646 -9.45
      vertex 14.14832840287865 23.651658387294646 -9.45
      vertex 14.14832840287865 23.651658387294646 1.200000000000001
    endloop
  endfacet
  facet normal -0.9891765099647806 0.146730474455365 0
    outer loop
      vertex 14.176942336483876 23.765891613580646 1.200000000000001
      vertex 14.194221672006636 23.882379431604527 -9.45
      vertex 14.176942336483876 23.765891613580646 -9.45
    endloop
  endfacet
  facet normal -0.9987954562051725 0.04906767432741504 0
    outer loop
      vertex 14.194221672006636 23.882379431604527 1.200000000000001
      vertex 14.2 24 -9.45
      vertex 14.194221672006636 23.882379431604527 -9.45
    endloop
  endfacet
  facet normal -0.9987954562051725 -0.04906767432741504 0
    outer loop
      vertex 14.2 24 1.200000000000001
      vertex 14.194221672006636 24.117620568395473 -9.45
      vertex 14.2 24 -9.45
    endloop
  endfacet
  facet normal -0.9891765099647806 -0.146730474455365 0
    outer loop
      vertex 14.194221672006636 24.117620568395473 1.200000000000001
      vertex 14.176942336483876 24.234108386419354 -9.45
      vertex 14.194221672006636 24.117620568395473 -9.45
    endloop
  endfacet
  facet normal -0.9700312531945451 -0.24298017990325918 -7.162877900669869e-20
    outer loop
      vertex 14.14832840287865 24.348341612705354 -9.45
      vertex 14.176942336483876 24.234108386419354 -9.45
      vertex 14.176942336483876 24.234108386419354 1.200000000000001
    endloop
  endfacet
  facet normal -0.7409511253549593 -0.6715589548470181 0
    outer loop
      vertex 13.927612544035284 24.761271940996373 1.200000000000001
      vertex 13.848528137423857 24.848528137423855 -9.45
      vertex 13.927612544035284 24.761271940996373 -9.45
    endloop
  endfacet
  facet normal -0.85772861000028 -0.5141027441932086 0
    outer loop
      vertex 14.058305517218026 24.565676084191196 1.200000000000001
      vertex 13.997763534763054 24.666684279623524 -9.45
      vertex 14.058305517218026 24.565676084191196 -9.45
    endloop
  endfacet
  facet normal -0.803207531480635 -0.5956993044924468 -1.4930259632810448e-19
    outer loop
      vertex 13.927612544035284 24.761271940996373 -9.45
      vertex 13.997763534763054 24.666684279623524 -9.45
      vertex 13.997763534763054 24.666684279623524 1.200000000000001
    endloop
  endfacet
  facet normal -0.6715589548470263 -0.7409511253549518 0
    outer loop
      vertex 13.848528137423857 24.848528137423855 1.200000000000001
      vertex 13.761271940996375 24.927612544035284 -9.45
      vertex 13.848528137423857 24.848528137423855 -9.45
    endloop
  endfacet
  facet normal -0.9415440651830216 -0.336889853392218 0
    outer loop
      vertex 14.14832840287865 24.348341612705354 1.200000000000001
      vertex 14.108655439013544 24.459220118838108 -9.45
      vertex 14.14832840287865 24.348341612705354 -9.45
    endloop
  endfacet
  facet normal -0.9039892931234397 -0.42755509343029 -2.4449786254284503e-20
    outer loop
      vertex 14.058305517218026 24.565676084191196 -9.45
      vertex 14.108655439013544 24.459220118838108 -9.45
      vertex 14.108655439013544 24.459220118838108 1.200000000000001
    endloop
  endfacet
  facet normal 0.9700312531945451 0.24298017990325918 -7.162877900669869e-20
    outer loop
      vertex 11.823057663516124 23.765891613580646 1.200000000000001
      vertex 11.85167159712135 23.651658387294646 1.200000000000001
      vertex 11.85167159712135 23.651658387294646 -9.45
    endloop
  endfacet
  facet normal 0.9891765099647806 0.146730474455365 9.050747603909726e-20
    outer loop
      vertex 11.805778327993364 23.882379431604527 1.200000000000001
      vertex 11.823057663516124 23.765891613580646 1.200000000000001
      vertex 11.823057663516124 23.765891613580646 -9.45
    endloop
  endfacet
  facet normal 0.9987954562051725 0.04906767432741504 -2.1816352172924407e-20
    outer loop
      vertex 11.8 24 1.200000000000001
      vertex 11.805778327993364 23.882379431604527 1.200000000000001
      vertex 11.805778327993364 23.882379431604527 -9.45
    endloop
  endfacet
  facet normal 0.9987954562051725 -0.04906767432741504 2.1816352172924407e-20
    outer loop
      vertex 11.805778327993364 24.117620568395473 1.200000000000001
      vertex 11.8 24 1.200000000000001
      vertex 11.8 24 -9.45
    endloop
  endfacet
  facet normal 0.9891765099647806 -0.146730474455365 -9.050747603909726e-20
    outer loop
      vertex 11.823057663516124 24.234108386419354 1.200000000000001
      vertex 11.805778327993364 24.117620568395473 1.200000000000001
      vertex 11.805778327993364 24.117620568395473 -9.45
    endloop
  endfacet
  facet normal 0.9700312531945451 -0.24298017990325918 7.162877900669869e-20
    outer loop
      vertex 11.85167159712135 24.348341612705354 1.200000000000001
      vertex 11.823057663516124 24.234108386419354 1.200000000000001
      vertex 11.823057663516124 24.234108386419354 -9.45
    endloop
  endfacet
  facet normal 0.85772861000028 0.5141027441932086 -1.8614805461527596e-19
    outer loop
      vertex 11.941694482781974 23.434323915808804 1.200000000000001
      vertex 12.002236465236946 23.333315720376476 1.200000000000001
      vertex 12.002236465236946 23.333315720376476 -9.45
    endloop
  endfacet
  facet normal 0.7409511253549593 0.6715589548470181 -3.0182257016769927e-19
    outer loop
      vertex 12.072387455964716 23.238728059003627 1.200000000000001
      vertex 12.151471862576143 23.151471862576145 1.200000000000001
      vertex 12.151471862576143 23.151471862576145 -9.45
    endloop
  endfacet
  facet normal 0.803207531480635 0.5956993044924468 -1.4930259632810448e-19
    outer loop
      vertex 12.002236465236946 23.333315720376476 1.200000000000001
      vertex 12.072387455964716 23.238728059003627 1.200000000000001
      vertex 12.072387455964716 23.238728059003627 -9.45
    endloop
  endfacet
  facet normal 0.5141027441932441 0.8577286100002587 0
    outer loop
      vertex 12.434323915808802 22.941694482781973 1.200000000000001
      vertex 12.434323915808802 22.941694482781973 -9.45
      vertex 12.333315720376477 23.002236465236948 1.200000000000001
    endloop
  endfacet
  facet normal 0.6715589548470263 0.7409511253549518 0
    outer loop
      vertex 12.238728059003625 23.072387455964716 1.200000000000001
      vertex 12.238728059003625 23.072387455964716 -9.45
      vertex 12.151471862576143 23.151471862576145 1.200000000000001
    endloop
  endfacet
  facet normal 0.5956993044924226 0.8032075314806528 0
    outer loop
      vertex 12.333315720376477 23.002236465236948 1.200000000000001
      vertex 12.333315720376477 23.002236465236948 -9.45
      vertex 12.238728059003625 23.072387455964716 1.200000000000001
    endloop
  endfacet
  facet normal 0.9039892931234397 0.42755509343029 -2.4449786254284503e-20
    outer loop
      vertex 11.891344560986456 23.540779881161892 1.200000000000001
      vertex 11.941694482781974 23.434323915808804 1.200000000000001
      vertex 11.941694482781974 23.434323915808804 -9.45
    endloop
  endfacet
  facet normal 0.9415440651830216 0.336889853392218 2.4662929161489597e-19
    outer loop
      vertex 11.85167159712135 23.651658387294646 1.200000000000001
      vertex 11.891344560986456 23.540779881161892 1.200000000000001
      vertex 11.891344560986456 23.540779881161892 -9.45
    endloop
  endfacet
  facet normal 0.9415440651830216 -0.336889853392218 -2.4662929161489597e-19
    outer loop
      vertex 11.891344560986456 24.459220118838108 1.200000000000001
      vertex 11.85167159712135 24.348341612705354 1.200000000000001
      vertex 11.85167159712135 24.348341612705354 -9.45
    endloop
  endfacet
  facet normal 0.9039892931234397 -0.42755509343029 2.4449786254284503e-20
    outer loop
      vertex 11.941694482781974 24.565676084191196 1.200000000000001
      vertex 11.891344560986456 24.459220118838108 1.200000000000001
      vertex 11.891344560986456 24.459220118838108 -9.45
    endloop
  endfacet
  facet normal 0.85772861000028 -0.5141027441932086 1.8614805461527596e-19
    outer loop
      vertex 12.002236465236946 24.666684279623524 1.200000000000001
      vertex 11.941694482781974 24.565676084191196 1.200000000000001
      vertex 11.941694482781974 24.565676084191196 -9.45
    endloop
  endfacet
  facet normal 0.803207531480635 -0.5956993044924468 1.4930259632810448e-19
    outer loop
      vertex 12.072387455964716 24.761271940996373 1.200000000000001
      vertex 12.002236465236946 24.666684279623524 1.200000000000001
      vertex 12.002236465236946 24.666684279623524 -9.45
    endloop
  endfacet
  facet normal 0.7409511253549593 -0.6715589548470181 3.0182257016769927e-19
    outer loop
      vertex 12.151471862576143 24.848528137423855 1.200000000000001
      vertex 12.072387455964716 24.761271940996373 1.200000000000001
      vertex 12.072387455964716 24.761271940996373 -9.45
    endloop
  endfacet
  facet normal 0.6715589548470263 -0.7409511253549518 0
    outer loop
      vertex 12.151471862576143 24.848528137423855 1.200000000000001
      vertex 12.151471862576143 24.848528137423855 -9.45
      vertex 12.238728059003625 24.927612544035284 1.200000000000001
    endloop
  endfacet
  facet normal 0.5956993044924226 -0.8032075314806528 0
    outer loop
      vertex 12.238728059003625 24.927612544035284 1.200000000000001
      vertex 12.238728059003625 24.927612544035284 -9.45
      vertex 12.333315720376477 24.997763534763052 1.200000000000001
    endloop
  endfacet
  facet normal 0.5141027441932441 -0.8577286100002587 0
    outer loop
      vertex 12.333315720376477 24.997763534763052 1.200000000000001
      vertex 12.333315720376477 24.997763534763052 -9.45
      vertex 12.434323915808802 25.058305517218027 1.200000000000001
    endloop
  endfacet
  facet normal 0.42755509343025955 -0.9039892931234541 0
    outer loop
      vertex 12.434323915808802 25.058305517218027 1.200000000000001
      vertex 12.434323915808802 25.058305517218027 -9.45
      vertex 12.540779881161892 25.108655439013543 1.200000000000001
    endloop
  endfacet
  facet normal 0.42755509343025955 0.9039892931234541 0
    outer loop
      vertex 12.540779881161892 22.891344560986457 1.200000000000001
      vertex 12.540779881161892 22.891344560986457 -9.45
      vertex 12.434323915808802 22.941694482781973 1.200000000000001
    endloop
  endfacet
  facet normal 0.3368898533922314 0.9415440651830167 0
    outer loop
      vertex 12.651658387294646 22.85167159712135 1.200000000000001
      vertex 12.651658387294646 22.85167159712135 -9.45
      vertex 12.540779881161892 22.891344560986457 1.200000000000001
    endloop
  endfacet
  facet normal 0.24298017990325918 0.9700312531945451 0
    outer loop
      vertex 12.765891613580646 22.823057663516124 1.200000000000001
      vertex 12.765891613580646 22.823057663516124 -9.45
      vertex 12.651658387294646 22.85167159712135 1.200000000000001
    endloop
  endfacet
  facet normal 0.14673047445537973 0.9891765099647782 0
    outer loop
      vertex 12.882379431604527 22.805778327993362 1.200000000000001
      vertex 12.882379431604527 22.805778327993362 -9.45
      vertex 12.765891613580646 22.823057663516124 1.200000000000001
    endloop
  endfacet
  facet normal 0.049067674327399995 0.9987954562051733 0
    outer loop
      vertex 13 22.8 1.200000000000001
      vertex 13 22.8 -9.45
      vertex 12.882379431604527 22.805778327993362 1.200000000000001
    endloop
  endfacet
  facet normal -0.049067674327399995 0.9987954562051733 0
    outer loop
      vertex 13.117620568395473 22.805778327993362 1.200000000000001
      vertex 13.117620568395473 22.805778327993362 -9.45
      vertex 13 22.8 1.200000000000001
    endloop
  endfacet
  facet normal -0.14673047445537973 0.9891765099647782 0
    outer loop
      vertex 13.234108386419354 22.823057663516124 1.200000000000001
      vertex 13.234108386419354 22.823057663516124 -9.45
      vertex 13.117620568395473 22.805778327993362 1.200000000000001
    endloop
  endfacet
  facet normal -0.24298017990325918 0.9700312531945451 0
    outer loop
      vertex 13.348341612705354 22.85167159712135 1.200000000000001
      vertex 13.348341612705354 22.85167159712135 -9.45
      vertex 13.234108386419354 22.823057663516124 1.200000000000001
    endloop
  endfacet
  facet normal -0.3368898533922314 0.9415440651830167 0
    outer loop
      vertex 13.459220118838108 22.891344560986457 -9.45
      vertex 13.348341612705354 22.85167159712135 1.200000000000001
      vertex 13.459220118838108 22.891344560986457 1.200000000000001
    endloop
  endfacet
  facet normal -0.42755509343025955 0.9039892931234541 0
    outer loop
      vertex 13.565676084191198 22.941694482781973 1.200000000000001
      vertex 13.565676084191198 22.941694482781973 -9.45
      vertex 13.459220118838108 22.891344560986457 1.200000000000001
    endloop
  endfacet
  facet normal -0.5141027441932441 0.8577286100002587 0
    outer loop
      vertex 13.666684279623523 23.002236465236948 1.200000000000001
      vertex 13.666684279623523 23.002236465236948 -9.45
      vertex 13.565676084191198 22.941694482781973 1.200000000000001
    endloop
  endfacet
  facet normal -0.5956993044924226 0.8032075314806528 0
    outer loop
      vertex 13.761271940996375 23.072387455964716 1.200000000000001
      vertex 13.761271940996375 23.072387455964716 -9.45
      vertex 13.666684279623523 23.002236465236948 1.200000000000001
    endloop
  endfacet
  facet normal 0.3368898533922314 -0.9415440651830167 0
    outer loop
      vertex 12.540779881161892 25.108655439013543 -9.45
      vertex 12.651658387294646 25.14832840287865 1.200000000000001
      vertex 12.540779881161892 25.108655439013543 1.200000000000001
    endloop
  endfacet
  facet normal 0.24298017990325918 -0.9700312531945451 0
    outer loop
      vertex 12.651658387294646 25.14832840287865 1.200000000000001
      vertex 12.651658387294646 25.14832840287865 -9.45
      vertex 12.765891613580646 25.176942336483876 1.200000000000001
    endloop
  endfacet
  facet normal 0.14673047445537973 -0.9891765099647782 0
    outer loop
      vertex 12.765891613580646 25.176942336483876 1.200000000000001
      vertex 12.765891613580646 25.176942336483876 -9.45
      vertex 12.882379431604527 25.194221672006638 1.200000000000001
    endloop
  endfacet
  facet normal 0.049067674327399995 -0.9987954562051733 0
    outer loop
      vertex 12.882379431604527 25.194221672006638 1.200000000000001
      vertex 12.882379431604527 25.194221672006638 -9.45
      vertex 13 25.2 1.200000000000001
    endloop
  endfacet
  facet normal -0.049067674327399995 -0.9987954562051733 0
    outer loop
      vertex 13 25.2 1.200000000000001
      vertex 13 25.2 -9.45
      vertex 13.117620568395473 25.194221672006638 1.200000000000001
    endloop
  endfacet
  facet normal -0.14673047445537973 -0.9891765099647782 0
    outer loop
      vertex 13.117620568395473 25.194221672006638 1.200000000000001
      vertex 13.117620568395473 25.194221672006638 -9.45
      vertex 13.234108386419354 25.176942336483876 1.200000000000001
    endloop
  endfacet
  facet normal -0.24298017990325918 -0.9700312531945451 0
    outer loop
      vertex 13.234108386419354 25.176942336483876 1.200000000000001
      vertex 13.234108386419354 25.176942336483876 -9.45
      vertex 13.348341612705354 25.14832840287865 1.200000000000001
    endloop
  endfacet
  facet normal -0.3368898533922314 -0.9415440651830167 0
    outer loop
      vertex 13.348341612705354 25.14832840287865 1.200000000000001
      vertex 13.348341612705354 25.14832840287865 -9.45
      vertex 13.459220118838108 25.108655439013543 1.200000000000001
    endloop
  endfacet
  facet normal -0.42755509343025955 -0.9039892931234541 0
    outer loop
      vertex 13.459220118838108 25.108655439013543 1.200000000000001
      vertex 13.459220118838108 25.108655439013543 -9.45
      vertex 13.565676084191198 25.058305517218027 1.200000000000001
    endloop
  endfacet
  facet normal -0.5141027441932441 -0.8577286100002587 0
    outer loop
      vertex 13.565676084191198 25.058305517218027 1.200000000000001
      vertex 13.565676084191198 25.058305517218027 -9.45
      vertex 13.666684279623523 24.997763534763052 1.200000000000001
    endloop
  endfacet
  facet normal -0.5956993044924226 -0.8032075314806528 0
    outer loop
      vertex 13.666684279623523 24.997763534763052 1.200000000000001
      vertex 13.666684279623523 24.997763534763052 -9.45
      vertex 13.761271940996375 24.927612544035284 1.200000000000001
    endloop
  endfacet
  facet normal -0.6715589548470263 0.7409511253549518 0
    outer loop
      vertex 13.848528137423857 23.151471862576145 1.200000000000001
      vertex 13.848528137423857 23.151471862576145 -9.45
      vertex 13.761271940996375 23.072387455964716 1.200000000000001
    endloop
  endfacet
  facet normal -0.7409511253549593 0.6715589548470181 3.0182257016769927e-19
    outer loop
      vertex 13.848528137423857 23.151471862576145 1.200000000000001
      vertex 13.927612544035284 23.238728059003627 1.200000000000001
      vertex 13.927612544035284 23.238728059003627 -9.45
    endloop
  endfacet
  facet normal -0.803207531480635 0.5956993044924468 1.4930259632810448e-19
    outer loop
      vertex 13.927612544035284 23.238728059003627 1.200000000000001
      vertex 13.997763534763054 23.333315720376476 1.200000000000001
      vertex 13.997763534763054 23.333315720376476 -9.45
    endloop
  endfacet
  facet normal -0.85772861000028 0.5141027441932086 1.8614805461527596e-19
    outer loop
      vertex 13.997763534763054 23.333315720376476 1.200000000000001
      vertex 14.058305517218026 23.434323915808804 1.200000000000001
      vertex 14.058305517218026 23.434323915808804 -9.45
    endloop
  endfacet
  facet normal -0.9039892931234397 0.42755509343029 2.4449786254284503e-20
    outer loop
      vertex 14.058305517218026 23.434323915808804 1.200000000000001
      vertex 14.108655439013544 23.540779881161892 1.200000000000001
      vertex 14.108655439013544 23.540779881161892 -9.45
    endloop
  endfacet
  facet normal -0.9415440651830216 0.336889853392218 -2.4662929161489597e-19
    outer loop
      vertex 14.108655439013544 23.540779881161892 1.200000000000001
      vertex 14.14832840287865 23.651658387294646 1.200000000000001
      vertex 14.14832840287865 23.651658387294646 -9.45
    endloop
  endfacet
  facet normal -0.9700312531945451 0.24298017990325918 7.162877900669869e-20
    outer loop
      vertex 14.14832840287865 23.651658387294646 1.200000000000001
      vertex 14.176942336483876 23.765891613580646 1.200000000000001
      vertex 14.176942336483876 23.765891613580646 -9.45
    endloop
  endfacet
  facet normal -0.9891765099647806 0.146730474455365 -9.050747603909726e-20
    outer loop
      vertex 14.176942336483876 23.765891613580646 1.200000000000001
      vertex 14.194221672006636 23.882379431604527 1.200000000000001
      vertex 14.194221672006636 23.882379431604527 -9.45
    endloop
  endfacet
  facet normal -0.9987954562051725 0.04906767432741504 2.1816352172924407e-20
    outer loop
      vertex 14.194221672006636 23.882379431604527 1.200000000000001
      vertex 14.2 24 1.200000000000001
      vertex 14.2 24 -9.45
    endloop
  endfacet
  facet normal -0.9987954562051725 -0.04906767432741504 -2.1816352172924407e-20
    outer loop
      vertex 14.2 24 1.200000000000001
      vertex 14.194221672006636 24.117620568395473 1.200000000000001
      vertex 14.194221672006636 24.117620568395473 -9.45
    endloop
  endfacet
  facet normal -0.9891765099647806 -0.146730474455365 9.050747603909726e-20
    outer loop
      vertex 14.194221672006636 24.117620568395473 1.200000000000001
      vertex 14.176942336483876 24.234108386419354 1.200000000000001
      vertex 14.176942336483876 24.234108386419354 -9.45
    endloop
  endfacet
  facet normal -0.9700312531945451 -0.24298017990325918 -7.162877900669869e-20
    outer loop
      vertex 14.176942336483876 24.234108386419354 1.200000000000001
      vertex 14.14832840287865 24.348341612705354 1.200000000000001
      vertex 14.14832840287865 24.348341612705354 -9.45
    endloop
  endfacet
  facet normal -0.7409511253549593 -0.6715589548470181 -3.0182257016769927e-19
    outer loop
      vertex 13.927612544035284 24.761271940996373 1.200000000000001
      vertex 13.848528137423857 24.848528137423855 1.200000000000001
      vertex 13.848528137423857 24.848528137423855 -9.45
    endloop
  endfacet
  facet normal -0.803207531480635 -0.5956993044924468 -1.4930259632810448e-19
    outer loop
      vertex 13.997763534763054 24.666684279623524 1.200000000000001
      vertex 13.927612544035284 24.761271940996373 1.200000000000001
      vertex 13.927612544035284 24.761271940996373 -9.45
    endloop
  endfacet
  facet normal -0.85772861000028 -0.5141027441932086 -1.8614805461527596e-19
    outer loop
      vertex 14.058305517218026 24.565676084191196 1.200000000000001
      vertex 13.997763534763054 24.666684279623524 1.200000000000001
      vertex 13.997763534763054 24.666684279623524 -9.45
    endloop
  endfacet
  facet normal -0.6715589548470263 -0.7409511253549518 0
    outer loop
      vertex 13.761271940996375 24.927612544035284 1.200000000000001
      vertex 13.761271940996375 24.927612544035284 -9.45
      vertex 13.848528137423857 24.848528137423855 1.200000000000001
    endloop
  endfacet
  facet normal -0.9415440651830216 -0.336889853392218 2.4662929161489597e-19
    outer loop
      vertex 14.14832840287865 24.348341612705354 1.200000000000001
      vertex 14.108655439013544 24.459220118838108 1.200000000000001
      vertex 14.108655439013544 24.459220118838108 -9.45
    endloop
  endfacet
  facet normal -0.9039892931234397 -0.42755509343029 -2.4449786254284503e-20
    outer loop
      vertex 14.108655439013544 24.459220118838108 1.200000000000001
      vertex 14.058305517218026 24.565676084191196 1.200000000000001
      vertex 14.058305517218026 24.565676084191196 -9.45
    endloop
  endfacet
endsolid OpenSCAD_Model
