v -0.113597 -0.162728 0.0
v -0.112378 -0.261813 0.0
v -0.112378 -0.364252 0.0
newmtl 1
Ka 0.25098039215686274 0.25098039215686274 0.25098039215686274
Kd 0.25098039215686274 0.25098039215686274 0.25098039215686274
Ks 0.12549019607843137 0.12549019607843137 0.12549019607843137
d 0.0
endmtl
v -0.102012 -0.095959 0.0
v -0.113597 -0.076447 0.0
v -0.080061 -0.095959 0.0
v 0.528993 -0.076447 0.0
v 0.034591 -0.23437 0.0
v 0.053356 -0.222724 0.0
v 0.087622 -0.337423 0.0
v 0.06811 -0.142796 0.0
v -0.082046 -0.099544 0.0
v 0.064952 -0.118487 0.0
v 0.055305 -0.095959 0.0
v 0.082135 -0.095959 0.0
v 0.065904 -0.162488 0.0
v 0.060521 -0.17738 0.0
v 0.051022 -0.19155 0.0
v 0.037623 -0.203573 0.0
v 0.022153 -0.211734 0.0
v 4.99E-4 -0.217025 0.0
v -0.014512 -0.217911 0.0
v -0.036147 -0.215889 0.0
v -0.053358 -0.210456 0.0
v -0.092865 -0.147293 0.0
v -0.077037 -0.192863 0.0
v -0.090791 -0.165873 0.0
v -0.085379 -0.180583 0.0
v -0.067248 -0.20214 0.0
v -0.089919 -0.120745 0.0
v -0.060011 -0.236978 0.0
v -0.090426 -0.261813 0.0
v -0.079103 -0.226422 0.0
v -0.095016 -0.211473 0.0
v -0.112256 -0.17564 0.0
v -0.105527 -0.195179 0.0
v -0.090426 -0.337423 0.0
v 0.070274 -0.205404 0.0
v 0.081358 -0.18674 0.0
v 0.088113 -0.164816 0.0
v -0.038792 -0.242897 0.0
v -0.01615 -0.24474 0.0
v 0.01175 -0.241978 0.0
v 0.090061 -0.143025 0.0
v 0.088409 -0.119083 0.0
v -0.110765 -0.117278 0.0
v -0.113597 -0.137488 0.0
v -0.528993 -0.076447 0.0
v -0.114723 -0.145521 0.0
v -0.114817 -0.15099 0.0
v 0.087622 -0.364252 0.0
v 0.528993 -0.903993 0.0
v -0.113597 -0.903993 0.0
v -0.528993 -0.903993 0.0
v 0.065671 0.045504 0.0
v 0.065671 -0.030106 0.0
v -1.82E-4 -0.030106 0.0
v -1.82E-4 0.040626 0.0
v -0.022134 0.040626 0.0
v -0.112378 0.089406 0.0
v -0.112378 0.050382 0.0
v -0.112378 -0.056935 0.0
v 0.087622 -0.056935 0.0
v 0.087622 0.045504 0.0
v 0.05543 0.226488 0.0
v 0.039424 0.238385 0.0
v 0.087622 0.340626 0.0
v 0.019918 0.246503 0.0
v 0.087622 0.089406 0.0
v 0.087622 0.145847 0.0
v -0.057523 0.240414 0.0
v -0.075417 0.228954 0.0
v -0.112378 0.265016 0.0
v -0.091186 0.212499 0.0
v -0.103327 0.191631 0.0
v 0.528993 0.903993 0.0
v 0.087622 0.367455 0.0
v -0.113597 0.903993 0.0
v -0.112378 0.445504 0.0
v -0.112378 0.416236 0.0
v 0.084633 0.174308 0.0
v 0.076475 0.197834 0.0
v 0.063657 0.217686 0.0
v -0.00107 0.250073 0.0
v -0.009862 0.250382 0.0
v -0.036628 0.247576 0.0
v -0.05628 0.395999 0.0
v -0.05628 0.313377 0.0
v -0.112378 0.294284 0.0
v -0.110208 0.168587 0.0
v -0.112378 0.143789 0.0
v -0.528993 0.903993 0.0
v -0.090426 0.050382 0.0
v -0.090426 -0.030106 0.0
v -0.022134 -0.030106 0.0
v 0.017326 0.596985 0.9
v 0.029973 0.602572 0.9
v 0.113771 0.910961 0.9
v 0.065499 0.602938 0.9
v 0.077463 0.598052 0.9
v -0.030022 0.471011 0.9
v -0.042277 0.461423 0.9
v 0.071851 0.461885 0.9
v -0.091259 0.605178 0.9
v -0.127845 0.605178 0.9
v -0.535961 0.910961 0.9
v -0.015494 0.489151 0.9
v 0.045569 0.605111 0.9
v 0.048222 0.605178 0.9
v -0.535961 0.437495 0.9
v -0.131942 0.491557 0.9
v -0.138862 0.516061 0.9
v 0.006172 0.588344 0.9
v -0.006459 0.572603 0.9
v 0.088317 0.590194 0.9
v 0.097632 0.579459 0.9
v 0.105709 0.565401 0.9
v -0.103326 0.459229 0.9
v -0.113934 0.466278 0.9
v -0.122963 0.475872 0.9
v 7.76E-4 0.518526 0.9
v 0.081665 0.480786 0.9
v 0.013089 0.541763 0.9
v 0.086773 0.502158 0.9
v 0.087857 0.519431 0.9
v -0.022709 0.544059 0.9
v -0.10249 0.586902 0.9
v -0.042153 0.507782 0.9
v -0.111591 0.557291 0.9
v -0.042442 0.50734 0.9
v 0.113771 0.437495 0.9
v 0.108436 0.461885 0.9
v -0.055239 0.455492 0.9
v -0.068213 0.452955 0.9
v -0.0733 0.452739 0.9
v -0.090822 0.454695 0.9
v -0.140802 0.542249 0.9
v -0.137486 0.574425 0.9
v -0.131675 0.597165 0.9
v 0.058988 0.570878 0.9
v 0.051509 0.571641 0.9
v 0.086274 0.536875 0.9
v 0.082087 0.550018 0.9
v 0.076594 0.559378 0.9
v 0.071007 0.56511 0.9
v 0.04197 0.570543 0.9
v 0.035076 0.567912 0.9
v 0.028875 0.563685 0.9
v 0.022152 0.556018 0.9
v -0.113363 0.538533 0.9
v -0.111964 0.520381 0.9
v -0.108534 0.507693 0.9
v -0.103584 0.498726 0.9
v -0.098678 0.493521 0.9
v -0.093721 0.490211 0.9
v 0.065706 0.568562 0.9
v -0.085924 0.487333 0.9
v -0.076063 0.486275 0.9
v -0.051393 0.496587 0.9
v -0.067028 0.487451 0.9
v -0.059879 0.490299 0.9
v 0.113771 0.532394 0.9
v 0.115296 0.516763 0.9
v 0.535961 0.437495 0.9
v 0.114107 0.489009 0.9
v 0.113771 0.487405 0.9
v 0.1126 0.5444 0.9
v 0.535961 0.910961 0.9
v -0.135738 0.262924 0.9
v -0.535961 0.214934 0.9
v -0.124796 0.236275 0.9
v 0.113771 0.214934 0.9
v -0.097357 0.236275 0.9
v 0.113771 0.273016 0.9
v 0.113231 0.26518 0.9
v 0.105387 0.236275 0.9
v 0.071851 0.236275 0.9
v 0.083909 0.264435 0.9
v -0.099839 0.240756 0.9
v 0.087857 0.294822 0.9
v 0.085092 0.319439 0.9
v -0.015421 0.388714 0.9
v -0.042446 0.386191 0.9
v -0.103769 0.3425 0.9
v -0.110616 0.324308 0.9
v -0.113363 0.300443 0.9
v 0.043402 0.410455 0.9
v 0.067612 0.396111 0.9
v 0.089641 0.374244 0.9
v 0.103994 0.350694 0.9
v 0.112758 0.32288 0.9
v 0.113771 0.311792 0.9
v -0.093293 0.357788 0.9
v -0.10968 0.267257 0.9
v -0.129847 0.358879 0.9
v -0.117381 0.379024 0.9
v -0.098487 0.397568 0.9
v -0.075308 0.411253 0.9
v 0.078339 0.338151 0.9
v 0.066763 0.355454 0.9
v 0.050096 0.370551 0.9
v -0.0642 0.379296 0.9
v -0.081487 0.368925 0.9
v 0.030794 0.380858 0.9
v 0.004031 0.387522 0.9
v -0.14067 0.29772 0.9
v -0.140802 0.305064 0.9
v -0.137982 0.334148 0.9
v -0.048714 0.41941 0.9
v -0.017469 0.422251 0.9
v 0.013836 0.419504 0.9
v 0.115296 0.295107 0.9
v 0.535961 0.214934 0.9
v 0.092813 -0.16321 0.9
v 0.103506 -0.175704 0.9
v 0.113771 -0.115859 0.9
v 0.11125 -0.1915 0.9
v 0.113771 -0.203227 0.9
v -0.138882 -0.194552 0.9
v -0.133698 -0.180111 0.9
v -0.535961 -0.115859 0.9
v 0.113771 -0.232554 0.9
v 0.113397 -0.236129 0.9
v 0.113771 -0.315554 0.9
v 0.108319 -0.250757 0.9
v 0.100089 -0.263361 0.9
v -0.125347 -0.167509 0.9
v -0.114014 -0.15683 0.9
v -0.09457 -0.145533 0.9
v 0.018525 -0.134581 0.9
v 0.051932 -0.141214 0.9
v 0.077119 -0.15179 0.9
v -0.079045 -0.288384 0.9
v -0.103239 -0.277729 0.9
v -0.535961 -0.315554 0.9
v -0.118899 -0.26594 0.9
v -0.129241 -0.253643 0.9
v -0.063074 -0.136306 0.9
v -0.018891 -0.132645 0.9
v -0.017612 -0.132627 0.9
v 0.089113 -0.273631 0.9
v 0.070987 -0.28396 0.9
v 0.040652 -0.292939 0.9
v -0.136234 -0.239773 0.9
v -0.14007 -0.223922 0.9
v -0.140802 -0.212372 0.9
v -0.00379 -0.297137 0.9
v -0.011705 -0.297261 0.9
v -0.04651 -0.295274 0.9
v 0.115296 -0.217993 0.9
v 0.535961 -0.315554 0.9
v 0.114769 -0.207868 0.9
v 0.535961 -0.115859 0.9
v 0.535961 0.077739 0.9
v 0.113771 0.077739 0.9
v -0.027997 0.09908 0.9
v -0.052387 0.09908 0.9
v 0.112247 0.056397 0.9
v -0.027997 0.193592 0.9
v -0.052387 0.193592 0.9
v -0.535961 0.077739 0.9
v 0.084808 0.056397 0.9
v 0.084808 -0.065554 0.9
v 0.0193 -0.031449 0.9
v -0.0193 -0.014222 0.9
v 0.112247 -0.09909 0.9
v 0.093192 -0.09909 0.9
v 0.017914 -0.061244 0.9
v -0.049781 -0.034196 0.9
v -0.112101 -0.017006 0.9
v -0.137753 -0.012962 0.9
v -0.137753 0.020574 0.9
v -0.083282 0.008665 0.9
v 0.113771 -0.454273 0.9
v -0.027997 -0.428359 0.9
v -0.052387 -0.428359 0.9
v -0.027997 -0.333847 0.9
v -0.052387 -0.333847 0.9
v -0.535961 -0.454273 0.9
v -0.014849 -0.483237 0.9
v 0.112247 -0.492574 0.9
v 0.112247 -0.611286 0.9
v 0.113771 -0.767221 0.9
v -0.012753 -0.525824 0.9
v -0.013222 -0.504501 0.9
v -0.113363 -0.531779 0.9
v -0.100406 -0.480188 0.9
v -0.109994 -0.50521 0.9
v -0.024137 -0.571019 0.9
v -0.020864 -0.565571 0.9
v -0.08099 -0.621165 0.9
v -0.097245 -0.615289 0.9
v -0.535961 -0.767221 0.9
v -0.112459 -0.605007 0.9
v -0.125067 -0.590739 0.9
v -0.131036 -0.480188 0.9
v -0.134341 -0.487276 0.9
v -0.139009 -0.506021 0.9
v -0.015506 -0.551076 0.9
v -0.012784 -0.528134 0.9
v -0.111774 -0.548327 0.9
v -0.071506 -0.589214 0.9
v -0.061962 -0.589944 0.9
v -0.049136 -0.588478 0.9
v 0.012539 -0.5617 0.9
v 0.00665 -0.581522 0.9
v 0.084808 -0.611286 0.9
v -0.002949 -0.597987 0.9
v -0.013771 -0.608999 0.9
v -0.039572 -0.584921 0.9
v -0.030994 -0.578922 0.9
v 0.014686 -0.536876 0.9
v 0.084808 -0.519012 0.9
v 0.013733 -0.513725 0.9
v -0.107453 -0.561451 0.9
v -0.10043 -0.572607 0.9
v -0.082269 -0.586218 0.9
v -0.092418 -0.580395 0.9
v -0.133943 -0.57387 0.9
v -0.139891 -0.549328 0.9
v -0.140802 -0.533113 0.9
v -0.026016 -0.616627 0.9
v -0.040354 -0.621465 0.9
v -0.059914 -0.623481 0.9
v 0.535961 -0.454273 0.9
v 0.535961 -0.767221 0.9
v 0.535961 -0.910961 0.9
v 0.113771 -0.910961 0.9
v -0.535961 -0.910961 0.9
v 0.625 0.95 0.7
v 0.625 -0.95 0.7
v 0.625 0.95 0.6
v 0.625 -0.95 0.6
v -0.575 1.0 0.7
v 0.575 1.0 0.7
v -0.575 1.0 0.6
v 0.575 1.0 0.6
v -0.625 0.95 0.6
v -0.625 -0.95 0.6
v -0.625 0.95 0.7
v -0.625 -0.95 0.7
v -0.575 -1.0 0.6
v 0.575 -1.0 0.6
v -0.575 -1.0 0.7
v 0.575 -1.0 0.7
v -0.576471 0.999978 0.700087
v -0.535961 0.959468 0.862127
v 0.535961 0.959468 0.862127
v 0.576471 0.999978 0.700087
v -0.624978 -0.951471 0.700087
v -0.584468 -0.910961 0.862127
v -0.584468 0.910961 0.862127
v -0.624978 0.951471 0.700087
v 0.624978 0.951471 0.700087
v 0.584468 0.910961 0.862127
v 0.584468 -0.910961 0.862127
v 0.624978 -0.951471 0.700087
v 0.576471 -0.999978 0.700087
v 0.535961 -0.959468 0.862127
v -0.535961 -0.959468 0.862127
v -0.576471 -0.999978 0.700087
v -0.528993 -0.953821 0.045848
v 0.528993 -0.953821 0.045848
v 0.575173 -1.0 0.6
v -0.575173 -1.0 0.6
v 0.578821 0.903993 0.045848
v 0.625 0.950173 0.6
v 0.578821 -0.903993 0.045848
v 0.625 -0.950173 0.6
v -0.578821 -0.903993 0.045848
v -0.625 -0.950173 0.6
v -0.578821 0.903993 0.045848
v -0.625 0.950173 0.6
v 0.528993 0.953821 0.045848
v -0.528993 0.953821 0.045848
v -0.575173 1.0 0.6
v 0.575173 1.0 0.6
v 0.535961 0.921919 0.898777
v 0.535961 0.955779 0.872167
v -0.535961 0.955779 0.872167
v 0.535961 0.955601 0.872444
v -0.535961 0.955601 0.872444
v 0.535961 0.949789 0.881502
v -0.535961 0.949789 0.881502
v 0.535961 0.949601 0.881687
v -0.535961 0.949601 0.881687
v 0.535961 0.941888 0.889288
v -0.535961 0.941888 0.889288
v 0.535961 0.94172 0.889392
v -0.535961 0.94172 0.889392
v 0.535961 0.932466 0.895139
v -0.535961 0.932466 0.895139
v 0.535961 0.932341 0.895182
v -0.535961 0.932341 0.895182
v 0.535961 0.921985 0.89877
v -0.535961 0.921985 0.89877
v -0.535961 0.921919 0.898777
v 0.543966 0.940834 0.889288
v 0.541527 0.931733 0.895139
v 0.538814 0.921609 0.89877
v 0.541473 0.920508 0.89877
v 0.545508 0.916473 0.89877
v 0.543756 0.918756 0.89877
v 0.546609 0.913814 0.89877
v 0.547561 0.954252 0.872167
v 0.548321 0.957112 0.864628
v 0.548077 0.957224 0.864594
v 0.559427 0.952057 0.86614
v 0.55837 0.949774 0.872167
v 0.559603 0.951918 0.86615
v 0.567652 0.942652 0.872167
v 0.569295 0.944295 0.866667
v 0.574774 0.93337 0.872167
v 0.576918 0.934603 0.86615
v 0.577057 0.934427 0.86614
v 0.579252 0.922561 0.872167
v 0.582112 0.923321 0.864628
v 0.582224 0.923077 0.864594
v 0.580779 0.910961 0.872167
v 0.546919 0.910961 0.898777
v 0.546713 0.929585 0.895139
v 0.551167 0.926167 0.895139
v 0.554585 0.921713 0.895139
v 0.556733 0.916527 0.895139
v 0.546985 0.910961 0.89877
v 0.557341 0.910961 0.895182
v 0.557466 0.910961 0.895139
v 0.56672 0.910961 0.889392
v 0.551425 0.937745 0.889288
v 0.55783 0.93283 0.889288
v 0.562745 0.926425 0.889288
v 0.565834 0.918966 0.889288
v 0.546011 0.948466 0.881502
v 0.555375 0.944587 0.881502
v 0.563417 0.938417 0.881502
v 0.569587 0.930375 0.881502
v 0.573466 0.921011 0.881502
v 0.566888 0.910961 0.889288
v 0.574601 0.910961 0.881687
v 0.574789 0.910961 0.881502
v 0.580601 0.910961 0.872444
v -0.574601 0.910961 0.881687
v -0.566888 0.910961 0.889288
v -0.565834 0.918966 0.889288
v -0.556733 0.916527 0.895139
v -0.546609 0.913814 0.89877
v -0.545508 0.916473 0.89877
v -0.541473 0.920508 0.89877
v -0.543756 0.918756 0.89877
v -0.538814 0.921609 0.89877
v -0.546919 0.910961 0.898777
v -0.579252 0.922561 0.872167
v -0.582112 0.923321 0.864628
v -0.582224 0.923077 0.864594
v -0.577057 0.934427 0.86614
v -0.574774 0.93337 0.872167
v -0.576918 0.934603 0.86615
v -0.567652 0.942652 0.872167
v -0.569295 0.944295 0.866667
v -0.55837 0.949774 0.872167
v -0.559603 0.951918 0.86615
v -0.559427 0.952057 0.86614
v -0.547561 0.954252 0.872167
v -0.548321 0.957112 0.864628
v -0.548077 0.957224 0.864594
v -0.56672 0.910961 0.889392
v -0.557466 0.910961 0.895139
v -0.557341 0.910961 0.895182
v -0.546985 0.910961 0.89877
v -0.554585 0.921713 0.895139
v -0.551167 0.926167 0.895139
v -0.546713 0.929585 0.895139
v -0.541527 0.931733 0.895139
v -0.562745 0.926425 0.889288
v -0.55783 0.93283 0.889288
v -0.551425 0.937745 0.889288
v -0.543966 0.940834 0.889288
v -0.580601 0.910961 0.872444
v -0.574789 0.910961 0.881502
v -0.573466 0.921011 0.881502
v -0.569587 0.930375 0.881502
v -0.563417 0.938417 0.881502
v -0.555375 0.944587 0.881502
v -0.546011 0.948466 0.881502
v -0.580779 0.910961 0.872167
v 0.580779 -0.910961 0.872167
v 0.580601 -0.910961 0.872444
v 0.574789 -0.910961 0.881502
v 0.574601 -0.910961 0.881687
v 0.566888 -0.910961 0.889288
v 0.56672 -0.910961 0.889392
v 0.557466 -0.910961 0.895139
v 0.557341 -0.910961 0.895182
v 0.546985 -0.910961 0.89877
v 0.546919 -0.910961 0.898777
v 0.587923 0.998184 0.701258
v 0.600424 0.993054 0.702152
v 0.599977 0.993247 0.702122
v 0.588886 0.998033 0.701357
v 0.610355 0.985355 0.702423
v 0.618054 0.975424 0.702152
v 0.618247 0.974977 0.702122
v 0.623033 0.963886 0.701357
v 0.623184 0.962923 0.701258
v -0.623184 0.962923 0.701258
v -0.618054 0.975424 0.702152
v -0.618247 0.974977 0.702122
v -0.623033 0.963886 0.701357
v -0.610355 0.985355 0.702423
v -0.600424 0.993054 0.702152
v -0.599977 0.993247 0.702122
v -0.588886 0.998033 0.701357
v -0.587923 0.998184 0.701258
v -0.546919 -0.910961 0.898777
v -0.546985 -0.910961 0.89877
v -0.557341 -0.910961 0.895182
v -0.557466 -0.910961 0.895139
v -0.56672 -0.910961 0.889392
v -0.566888 -0.910961 0.889288
v -0.574601 -0.910961 0.881687
v -0.574789 -0.910961 0.881502
v -0.580601 -0.910961 0.872444
v -0.580779 -0.910961 0.872167
v -0.535961 -0.921919 0.898777
v 0.535961 -0.921919 0.898777
v 0.535961 -0.921985 0.89877
v -0.535961 -0.921985 0.89877
v 0.535961 -0.932341 0.895182
v -0.535961 -0.932341 0.895182
v 0.535961 -0.932466 0.895139
v -0.535961 -0.932466 0.895139
v 0.535961 -0.94172 0.889392
v -0.535961 -0.94172 0.889392
v 0.535961 -0.941888 0.889288
v -0.535961 -0.941888 0.889288
v 0.535961 -0.949601 0.881687
v -0.535961 -0.949601 0.881687
v 0.535961 -0.949789 0.881502
v -0.535961 -0.949789 0.881502
v 0.535961 -0.955601 0.872444
v -0.535961 -0.955601 0.872444
v 0.535961 -0.955779 0.872167
v -0.535961 -0.955779 0.872167
v 0.565834 -0.918966 0.889288
v 0.556733 -0.916527 0.895139
v 0.546609 -0.913814 0.89877
v 0.545508 -0.916473 0.89877
v 0.541473 -0.920508 0.89877
v 0.543756 -0.918756 0.89877
v 0.538814 -0.921609 0.89877
v 0.579252 -0.922561 0.872167
v 0.582112 -0.923321 0.864628
v 0.582224 -0.923077 0.864594
v 0.577057 -0.934427 0.86614
v 0.574774 -0.93337 0.872167
v 0.576918 -0.934603 0.86615
v 0.567652 -0.942652 0.872167
v 0.569295 -0.944295 0.866667
v 0.55837 -0.949774 0.872167
v 0.559603 -0.951918 0.86615
v 0.559427 -0.952057 0.86614
v 0.547561 -0.954252 0.872167
v 0.548321 -0.957112 0.864628
v 0.548077 -0.957224 0.864594
v 0.554585 -0.921713 0.895139
v 0.551167 -0.926167 0.895139
v 0.546713 -0.929585 0.895139
v 0.541527 -0.931733 0.895139
v 0.562745 -0.926425 0.889288
v 0.55783 -0.93283 0.889288
v 0.551425 -0.937745 0.889288
v 0.543966 -0.940834 0.889288
v 0.573466 -0.921011 0.881502
v 0.569587 -0.930375 0.881502
v 0.563417 -0.938417 0.881502
v 0.555375 -0.944587 0.881502
v 0.546011 -0.948466 0.881502
v 0.623282 0.962939 0.599538
v 0.587939 0.998282 0.599538
v 0.588052 0.998266 0.599534
v 0.599997 0.993294 0.599244
v 0.60005 0.993273 0.599243
v 0.610355 0.985355 0.599144
v 0.618273 0.97505 0.599243
v 0.618294 0.974997 0.599244
v 0.623266 0.963052 0.599534
v -0.587939 0.998282 0.599538
v -0.623282 0.962939 0.599538
v -0.623266 0.963052 0.599534
v -0.618294 0.974997 0.599244
v -0.618273 0.97505 0.599243
v -0.610355 0.985355 0.599144
v -0.60005 0.993273 0.599243
v -0.599997 0.993294 0.599244
v -0.588052 0.998266 0.599534
v -0.543966 -0.940834 0.889288
v -0.541527 -0.931733 0.895139
v -0.538814 -0.921609 0.89877
v -0.541473 -0.920508 0.89877
v -0.545508 -0.916473 0.89877
v -0.543756 -0.918756 0.89877
v -0.546609 -0.913814 0.89877
v -0.547561 -0.954252 0.872167
v -0.548321 -0.957112 0.864628
v -0.548077 -0.957224 0.864594
v -0.559427 -0.952057 0.86614
v -0.55837 -0.949774 0.872167
v -0.559603 -0.951918 0.86615
v -0.567652 -0.942652 0.872167
v -0.569295 -0.944295 0.866667
v -0.574774 -0.93337 0.872167
v -0.576918 -0.934603 0.86615
v -0.577057 -0.934427 0.86614
v -0.579252 -0.922561 0.872167
v -0.582112 -0.923321 0.864628
v -0.582224 -0.923077 0.864594
v -0.546713 -0.929585 0.895139
v -0.551167 -0.926167 0.895139
v -0.554585 -0.921713 0.895139
v -0.556733 -0.916527 0.895139
v -0.551425 -0.937745 0.889288
v -0.55783 -0.93283 0.889288
v -0.562745 -0.926425 0.889288
v -0.565834 -0.918966 0.889288
v -0.546011 -0.948466 0.881502
v -0.555375 -0.944587 0.881502
v -0.563417 -0.938417 0.881502
v -0.569587 -0.930375 0.881502
v -0.573466 -0.921011 0.881502
v 0.623184 -0.962923 0.701258
v 0.618054 -0.975424 0.702152
v 0.618247 -0.974977 0.702122
v 0.623033 -0.963886 0.701357
v 0.610355 -0.985355 0.702423
v 0.600424 -0.993054 0.702152
v 0.599977 -0.993247 0.702122
v 0.588886 -0.998033 0.701357
v 0.587923 -0.998184 0.701258
v 0.577049 0.916835 0.044925
v 0.577036 0.916866 0.044924
v 0.572031 0.928808 0.044346
v 0.572014 0.928831 0.044345
v 0.541835 0.952049 0.044925
v 0.564106 0.939106 0.044148
v 0.553831 0.947014 0.044345
v 0.553808 0.947031 0.044346
v 0.541866 0.952036 0.044924
v -0.528993 0.916263 0.001538
v -0.528993 0.951397 0.034099
v 0.528993 0.951397 0.034099
v -0.528993 0.951237 0.033766
v 0.528993 0.951237 0.033766
v -0.528993 0.946005 0.022889
v 0.528993 0.946005 0.022889
v -0.528993 0.945815 0.022663
v 0.528993 0.945815 0.022663
v -0.528993 0.938013 0.013357
v 0.528993 0.938013 0.013357
v -0.528993 0.937833 0.013228
v 0.528993 0.937833 0.013228
v -0.528993 0.927915 0.006094
v 0.528993 0.927915 0.006094
v -0.528993 0.927777 0.00604
v 0.528993 0.927777 0.00604
v -0.528993 0.916336 0.001547
v 0.528993 0.916336 0.001547
v 0.528993 0.916263 0.001538
v -0.541835 0.952049 0.044925
v -0.541866 0.952036 0.044924
v -0.553808 0.947031 0.044346
v -0.553831 0.947014 0.044345
v -0.577049 0.916835 0.044925
v -0.564106 0.939106 0.044148
v -0.572014 0.928831 0.044345
v -0.572031 0.928808 0.044346
v -0.577036 0.916866 0.044924
v -0.587923 -0.998184 0.701258
v -0.600424 -0.993054 0.702152
v -0.599977 -0.993247 0.702122
v -0.588886 -0.998033 0.701357
v -0.610355 -0.985355 0.702423
v -0.618054 -0.975424 0.702152
v -0.618247 -0.974977 0.702122
v -0.623033 -0.963886 0.701357
v -0.623184 -0.962923 0.701258
v 0.587939 -0.998282 0.599538
v 0.623282 -0.962939 0.599538
v 0.623266 -0.963052 0.599534
v 0.618294 -0.974997 0.599244
v 0.618273 -0.97505 0.599243
v 0.610355 -0.985355 0.599144
v 0.60005 -0.993273 0.599243
v 0.599997 -0.993294 0.599244
v 0.588052 -0.998266 0.599534
v 0.541263 0.903993 0.001538
v 0.540915 0.907188 0.001547
v 0.535185 0.927099 0.006094
v 0.537798 0.936854 0.013357
v 0.539867 0.944574 0.022889
v 0.541262 0.949782 0.034099
v 0.552695 0.945047 0.034099
v 0.576397 0.903993 0.034099
v 0.574782 0.916262 0.034099
v 0.576237 0.903993 0.033766
v 0.569574 0.914867 0.022889
v 0.549999 0.940377 0.022889
v 0.562513 0.937513 0.034099
v 0.571005 0.903993 0.022889
v 0.570815 0.903993 0.022663
v 0.561854 0.912798 0.013357
v 0.546003 0.933455 0.013357
v 0.5587 0.9337 0.022889
v 0.563013 0.903993 0.013357
v 0.562833 0.903993 0.013228
v 0.552099 0.910185 0.006094
v 0.553049 0.928049 0.013357
v 0.540954 0.92471 0.006094
v 0.532188 0.915915 0.001547
v 0.570047 0.927695 0.034099
v 0.565377 0.924999 0.022889
v 0.558455 0.921003 0.013357
v 0.54971 0.915954 0.006094
v 0.539682 0.910165 0.001547
v 0.545908 0.920908 0.006094
v 0.535165 0.914682 0.001547
v 0.537721 0.912721 0.001547
v 0.552915 0.903993 0.006094
v 0.552777 0.903993 0.00604
v 0.541336 0.903993 0.001547
v -0.532188 0.915915 0.001547
v -0.552777 0.903993 0.00604
v -0.552915 0.903993 0.006094
v -0.552099 0.910185 0.006094
v -0.562833 0.903993 0.013228
v -0.563013 0.903993 0.013357
v -0.561854 0.912798 0.013357
v -0.569574 0.914867 0.022889
v -0.574782 0.916262 0.034099
v -0.570047 0.927695 0.034099
v -0.541262 0.949782 0.034099
v -0.576397 0.903993 0.034099
v -0.576237 0.903993 0.033766
v -0.571005 0.903993 0.022889
v -0.570815 0.903993 0.022663
v -0.539867 0.944574 0.022889
v -0.565377 0.924999 0.022889
v -0.562513 0.937513 0.034099
v -0.537798 0.936854 0.013357
v -0.558455 0.921003 0.013357
v -0.5587 0.9337 0.022889
v -0.535185 0.927099 0.006094
v -0.553049 0.928049 0.013357
v -0.54971 0.915954 0.006094
v -0.540915 0.907188 0.001547
v -0.552695 0.945047 0.034099
v -0.549999 0.940377 0.022889
v -0.546003 0.933455 0.013357
v -0.540954 0.92471 0.006094
v -0.535165 0.914682 0.001547
v -0.541263 0.903993 0.001538
v -0.541336 0.903993 0.001547
v -0.545908 0.920908 0.006094
v -0.539682 0.910165 0.001547
v -0.537721 0.912721 0.001547
v -0.623282 -0.962939 0.599538
v -0.587939 -0.998282 0.599538
v -0.588052 -0.998266 0.599534
v -0.599997 -0.993294 0.599244
v -0.60005 -0.993273 0.599243
v -0.610355 -0.985355 0.599144
v -0.618273 -0.97505 0.599243
v -0.618294 -0.974997 0.599244
v -0.623266 -0.963052 0.599534
v 0.540037 -0.952297 0.045054
v 0.541835 -0.952049 0.044925
v 0.550423 -0.94845 0.04451
v 0.553808 -0.947031 0.044346
v 0.559705 -0.942493 0.044232
v 0.564106 -0.939106 0.044148
v 0.567493 -0.934705 0.044232
v 0.572031 -0.928808 0.044346
v 0.57345 -0.925422 0.04451
v 0.577049 -0.916835 0.044925
v 0.577297 -0.915037 0.045054
v 0.541263 -0.903993 0.001538
v 0.541336 -0.903993 0.001547
v 0.552777 -0.903993 0.00604
v 0.552915 -0.903993 0.006094
v 0.562833 -0.903993 0.013228
v 0.563013 -0.903993 0.013357
v 0.570815 -0.903993 0.022663
v 0.571005 -0.903993 0.022889
v 0.576237 -0.903993 0.033766
v 0.576397 -0.903993 0.034099
v -0.541263 -0.903993 0.001538
v -0.576397 -0.903993 0.034099
v -0.576237 -0.903993 0.033766
v -0.571005 -0.903993 0.022889
v -0.570815 -0.903993 0.022663
v -0.563013 -0.903993 0.013357
v -0.562833 -0.903993 0.013228
v -0.552915 -0.903993 0.006094
v -0.552777 -0.903993 0.00604
v -0.541336 -0.903993 0.001547
v -0.577049 -0.916835 0.044925
v -0.577036 -0.916866 0.044924
v -0.572031 -0.928808 0.044346
v -0.572014 -0.928831 0.044345
v -0.541835 -0.952049 0.044925
v -0.564106 -0.939106 0.044148
v -0.553831 -0.947014 0.044345
v -0.553808 -0.947031 0.044346
v -0.541866 -0.952036 0.044924
v 0.528993 -0.916263 0.001538
v 0.53174 -0.916026 0.001547
v 0.538643 -0.911689 0.001547
v 0.536689 -0.913643 0.001547
v 0.552315 -0.909316 0.006094
v 0.56216 -0.911563 0.013357
v 0.569952 -0.913342 0.022889
v 0.575209 -0.914542 0.034099
v 0.571703 -0.924561 0.034099
v 0.549561 -0.946703 0.034099
v 0.539542 -0.950209 0.034099
v 0.566055 -0.933549 0.034099
v 0.528993 -0.951397 0.034099
v 0.528993 -0.951237 0.033766
v 0.538342 -0.944952 0.022889
v 0.566845 -0.922222 0.022889
v 0.528993 -0.946005 0.022889
v 0.528993 -0.945815 0.022663
v 0.536563 -0.93716 0.013357
v 0.559644 -0.918754 0.013357
v 0.56184 -0.930187 0.022889
v 0.558549 -0.941055 0.034099
v 0.528993 -0.938013 0.013357
v 0.528993 -0.937833 0.013228
v 0.534316 -0.927315 0.006094
v 0.555187 -0.93684 0.022889
v 0.555591 -0.925204 0.013357
v 0.550546 -0.914372 0.006094
v 0.541026 -0.90674 0.001547
v 0.543908 -0.922696 0.006094
v 0.547222 -0.941845 0.022889
v 0.543754 -0.934644 0.013357
v 0.539372 -0.925546 0.006094
v 0.534349 -0.915114 0.001547
v 0.550204 -0.930591 0.013357
v 0.547696 -0.918908 0.006094
v 0.540114 -0.909349 0.001547
v 0.528993 -0.927915 0.006094
v 0.528993 -0.927777 0.00604
v 0.528993 -0.916336 0.001547
v -0.540915 -0.907188 0.001547
v -0.528993 -0.927777 0.00604
v -0.528993 -0.927915 0.006094
v -0.535185 -0.927099 0.006094
v -0.528993 -0.937833 0.013228
v -0.528993 -0.938013 0.013357
v -0.537798 -0.936854 0.013357
v -0.539867 -0.944574 0.022889
v -0.541262 -0.949782 0.034099
v -0.552695 -0.945047 0.034099
v -0.574782 -0.916262 0.034099
v -0.528993 -0.951397 0.034099
v -0.528993 -0.951237 0.033766
v -0.528993 -0.946005 0.022889
v -0.528993 -0.945815 0.022663
v -0.569574 -0.914867 0.022889
v -0.549999 -0.940377 0.022889
v -0.562513 -0.937513 0.034099
v -0.561854 -0.912798 0.013357
v -0.546003 -0.933455 0.013357
v -0.5587 -0.9337 0.022889
v -0.552099 -0.910185 0.006094
v -0.553049 -0.928049 0.013357
v -0.540954 -0.92471 0.006094
v -0.532188 -0.915915 0.001547
v -0.570047 -0.927695 0.034099
v -0.565377 -0.924999 0.022889
v -0.558455 -0.921003 0.013357
v -0.54971 -0.915954 0.006094
v -0.539682 -0.910165 0.001547
v -0.528993 -0.916263 0.001538
v -0.528993 -0.916336 0.001547
v -0.545908 -0.920908 0.006094
v -0.535165 -0.914682 0.001547
v -0.537721 -0.912721 0.001547
v -0.059914 -0.623481 0.89
newmtl 2
Ka 0.6470588235294118 0.6470588235294118 0.6470588235294118
Kd 0.6470588235294118 0.6470588235294118 0.6470588235294118
Ks 0.3215686274509804 0.3215686274509804 0.3215686274509804
d 0.0
endmtl
v -0.040354 -0.621465 0.89
v -0.026016 -0.616627 0.89
v -0.013771 -0.608999 0.89
v -0.002949 -0.597987 0.89
v 0.00665 -0.581522 0.89
v 0.012539 -0.5617 0.89
v 0.014686 -0.536876 0.89
v -0.140802 -0.533113 0.89
v -0.139891 -0.549328 0.89
v -0.133943 -0.57387 0.89
v -0.125067 -0.590739 0.89
v -0.112459 -0.605007 0.89
v -0.097245 -0.615289 0.89
v -0.08099 -0.621165 0.89
v -0.131036 -0.480188 0.89
v -0.134341 -0.487276 0.89
v -0.139009 -0.506021 0.89
v -0.100406 -0.480188 0.89
v -0.113363 -0.531779 0.89
v -0.109994 -0.50521 0.89
v -0.061962 -0.589944 0.89
v -0.071506 -0.589214 0.89
v -0.082269 -0.586218 0.89
v -0.092418 -0.580395 0.89
v -0.10043 -0.572607 0.89
v -0.107453 -0.561451 0.89
v -0.111774 -0.548327 0.89
v -0.012753 -0.525824 0.89
v -0.012784 -0.528134 0.89
v -0.015506 -0.551076 0.89
v -0.020864 -0.565571 0.89
v -0.024137 -0.571019 0.89
v -0.030994 -0.578922 0.89
v -0.039572 -0.584921 0.89
v -0.049136 -0.588478 0.89
v -0.014849 -0.483237 0.89
v -0.013222 -0.504501 0.89
v 0.112247 -0.492574 0.89
v 0.112247 -0.611286 0.89
v 0.084808 -0.611286 0.89
v 0.084808 -0.519012 0.89
v 0.013733 -0.513725 0.89
v -0.027997 -0.428359 0.89
v -0.052387 -0.428359 0.89
v -0.052387 -0.333847 0.89
v -0.027997 -0.333847 0.89
v -0.017612 -0.132627 0.89
v -0.018891 -0.132645 0.89
v -0.063074 -0.136306 0.89
v -0.09457 -0.145533 0.89
v -0.114014 -0.15683 0.89
v -0.125347 -0.167509 0.89
v -0.133698 -0.180111 0.89
v -0.138882 -0.194552 0.89
v -0.140802 -0.212372 0.89
v 0.115296 -0.217993 0.89
v 0.114769 -0.207868 0.89
v 0.11125 -0.1915 0.89
v 0.103506 -0.175704 0.89
v 0.092813 -0.16321 0.89
v 0.077119 -0.15179 0.89
v 0.051932 -0.141214 0.89
v 0.018525 -0.134581 0.89
v 0.113397 -0.236129 0.89
v 0.108319 -0.250757 0.89
v 0.100089 -0.263361 0.89
v 0.089113 -0.273631 0.89
v 0.070987 -0.28396 0.89
v 0.040652 -0.292939 0.89
v -0.00379 -0.297137 0.89
v -0.011705 -0.297261 0.89
v -0.14007 -0.223922 0.89
v -0.136234 -0.239773 0.89
v -0.129241 -0.253643 0.89
v -0.118899 -0.26594 0.89
v -0.103239 -0.277729 0.89
v -0.079045 -0.288384 0.89
v -0.04651 -0.295274 0.89
v -0.112194 -0.225367 0.89
v 0.078469 -0.190665 0.89
v -0.109195 -0.233126 0.89
v -0.104325 -0.240158 0.89
v -0.096567 -0.247017 0.89
v -0.08351 -0.253915 0.89
v -0.058181 -0.260602 0.89
v 0.070359 -0.18361 0.89
v 0.056023 -0.176134 0.89
v 0.028193 -0.169116 0.89
v -0.016088 -0.166164 0.89
v 0.083521 -0.197903 0.89
v 0.086601 -0.205835 0.89
v 0.087857 -0.216278 0.89
v 0.087694 -0.219923 0.89
v 0.08614 -0.227677 0.89
v 0.082503 -0.235512 0.89
v 0.077306 -0.241833 0.89
v 0.067611 -0.24911 0.89
v 0.053684 -0.25525 0.89
v 0.023607 -0.261687 0.89
v -0.014468 -0.263725 0.89
v -0.113363 -0.215325 0.89
v -0.11323 -0.212208 0.89
v -0.111717 -0.203379 0.89
v -0.107903 -0.194796 0.89
v -0.102432 -0.187873 0.89
v -0.093077 -0.180703 0.89
v -0.080139 -0.174668 0.89
v -0.051538 -0.168167 0.89
v -0.016088 -0.166164 0.9
v 0.028193 -0.169116 0.9
v 0.056023 -0.176134 0.9
v 0.070359 -0.18361 0.9
v 0.078469 -0.190665 0.9
v 0.083521 -0.197903 0.9
v 0.086601 -0.205835 0.9
v 0.087857 -0.216278 0.9
v 0.087694 -0.219923 0.9
v 0.08614 -0.227677 0.9
v 0.082503 -0.235512 0.9
v 0.077306 -0.241833 0.9
v 0.067611 -0.24911 0.9
v 0.053684 -0.25525 0.9
v 0.023607 -0.261687 0.9
v -0.014468 -0.263725 0.9
v -0.058181 -0.260602 0.9
v -0.08351 -0.253915 0.9
v -0.096567 -0.247017 0.9
v -0.104325 -0.240158 0.9
v -0.109195 -0.233126 0.9
v -0.112194 -0.225367 0.9
v -0.113363 -0.215325 0.9
v -0.11323 -0.212208 0.9
v -0.111717 -0.203379 0.9
v -0.107903 -0.194796 0.9
v -0.102432 -0.187873 0.9
v -0.093077 -0.180703 0.9
v -0.080139 -0.174668 0.9
v -0.051538 -0.168167 0.9
v 0.112247 -0.09909 0.89
v 0.093192 -0.09909 0.89
v -0.137753 -0.012962 0.89
v -0.112101 -0.017006 0.89
v -0.049781 -0.034196 0.89
v 0.017914 -0.061244 0.89
v -0.137753 0.020574 0.89
v 0.084808 -0.065554 0.89
v 0.0193 -0.031449 0.89
v -0.0193 -0.014222 0.89
v -0.083282 0.008665 0.89
v 0.084808 0.056397 0.89
v 0.112247 0.056397 0.89
v -0.027997 0.09908 0.89
v -0.052387 0.09908 0.89
v -0.052387 0.193592 0.89
v -0.027997 0.193592 0.89
v -0.097357 0.236275 0.89
v -0.124796 0.236275 0.89
v -0.140802 0.305064 0.89
v -0.14067 0.29772 0.89
v -0.135738 0.262924 0.89
v -0.017469 0.422251 0.89
v -0.048714 0.41941 0.89
v -0.075308 0.411253 0.89
v -0.098487 0.397568 0.89
v -0.117381 0.379024 0.89
v -0.129847 0.358879 0.89
v -0.137982 0.334148 0.89
v 0.115296 0.295107 0.89
v 0.112758 0.32288 0.89
v 0.103994 0.350694 0.89
v 0.089641 0.374244 0.89
v 0.067612 0.396111 0.89
v 0.043402 0.410455 0.89
v 0.013836 0.419504 0.89
v 0.113231 0.26518 0.89
v 0.105387 0.236275 0.89
v 0.071851 0.236275 0.89
v 0.087857 0.294822 0.89
v 0.083909 0.264435 0.89
v -0.015421 0.388714 0.89
v 0.004031 0.387522 0.89
v 0.030794 0.380858 0.89
v 0.050096 0.370551 0.89
v 0.066763 0.355454 0.89
v 0.078339 0.338151 0.89
v 0.085092 0.319439 0.89
v -0.113363 0.300443 0.89
v -0.110616 0.324308 0.89
v -0.103769 0.3425 0.89
v -0.093293 0.357788 0.89
v -0.081487 0.368925 0.89
v -0.0642 0.379296 0.89
v -0.042446 0.386191 0.89
v -0.099839 0.240756 0.89
v -0.10968 0.267257 0.89
v -0.127845 0.605178 0.89
v -0.091259 0.605178 0.89
v -0.113363 0.538533 0.89
v -0.111591 0.557291 0.89
v -0.10249 0.586902 0.89
v -0.076063 0.486275 0.89
v -0.085924 0.487333 0.89
v -0.093721 0.490211 0.89
v -0.098678 0.493521 0.89
v -0.103584 0.498726 0.89
v -0.108534 0.507693 0.89
v -0.111964 0.520381 0.89
v -0.022709 0.544059 0.89
v -0.042153 0.507782 0.89
v -0.042442 0.50734 0.89
v -0.051393 0.496587 0.89
v -0.059879 0.490299 0.89
v -0.067028 0.487451 0.89
v 0.048222 0.605178 0.89
v 0.045569 0.605111 0.89
v 0.029973 0.602572 0.89
v 0.017326 0.596985 0.89
v 0.006172 0.588344 0.89
v -0.006459 0.572603 0.89
v 0.115296 0.516763 0.89
v 0.1126 0.5444 0.89
v 0.105709 0.565401 0.89
v 0.097632 0.579459 0.89
v 0.088317 0.590194 0.89
v 0.077463 0.598052 0.89
v 0.065499 0.602938 0.89
v 0.114107 0.489009 0.89
v 0.108436 0.461885 0.89
v 0.071851 0.461885 0.89
v 0.087857 0.519431 0.89
v 0.086773 0.502158 0.89
v 0.081665 0.480786 0.89
v 0.051509 0.571641 0.89
v 0.058988 0.570878 0.89
v 0.065706 0.568562 0.89
v 0.071007 0.56511 0.89
v 0.076594 0.559378 0.89
v 0.082087 0.550018 0.89
v 0.086274 0.536875 0.89
v 7.76E-4 0.518526 0.89
v 0.013089 0.541763 0.89
v 0.022152 0.556018 0.89
v 0.028875 0.563685 0.89
v 0.035076 0.567912 0.89
v 0.04197 0.570543 0.89
v -0.0733 0.452739 0.89
v -0.068213 0.452955 0.89
v -0.055239 0.455492 0.89
v -0.042277 0.461423 0.89
v -0.030022 0.471011 0.89
v -0.015494 0.489151 0.89
v -0.140802 0.542249 0.89
v -0.138862 0.516061 0.89
v -0.131942 0.491557 0.89
v -0.122963 0.475872 0.89
v -0.113934 0.466278 0.89
v -0.103326 0.459229 0.89
v -0.090822 0.454695 0.89
v -0.131675 0.597165 0.89
v -0.137486 0.574425 0.89
v 0.087622 0.367455 0.01
v -0.112378 0.445504 0.01
newmtl 3
Ka 1.0 1.0 1.0
Kd 1.0 1.0 1.0
Ks 0.8784313725490196 0.8784313725490196 0.8784313725490196
d 0.0
endmtl
v -0.112378 0.416236 0.01
v -0.05628 0.395999 0.01
v -0.05628 0.313377 0.01
v -0.112378 0.294284 0.01
v -0.112378 0.265016 0.01
v 0.087622 0.340626 0.01
v -0.034329 0.320123 0.01
v 0.049208 0.349963 0.01
v 0.056144 0.351888 0.01
v 0.063232 0.353164 0.01
v 0.063232 0.353812 0.01
v 0.056166 0.355117 0.01
v -0.034329 0.387006 0.01
v 0.049208 0.356899 0.01
v -0.034329 0.320123 0.0
v -0.034329 0.387006 0.0
v 0.049208 0.349963 0.0
v 0.056144 0.351888 0.0
v 0.063232 0.353164 0.0
v 0.063232 0.353812 0.0
v 0.056166 0.355117 0.0
v 0.049208 0.356899 0.0
v -0.112378 0.143789 0.01
v -0.112378 0.089406 0.01
v 0.087622 0.089406 0.01
v 0.087622 0.145847 0.01
v -0.009862 0.250382 0.01
v -0.00107 0.250073 0.01
v 0.019918 0.246503 0.01
v 0.039424 0.238385 0.01
v 0.05543 0.226488 0.01
v 0.063657 0.217686 0.01
v 0.076475 0.197834 0.01
v 0.084633 0.174308 0.01
v -0.110208 0.168587 0.01
v -0.103327 0.191631 0.01
v -0.091186 0.212499 0.01
v -0.075417 0.228954 0.01
v -0.057523 0.240414 0.01
v -0.036628 0.247576 0.01
v -0.010434 0.223553 0.01
v 0.009469 0.221855 0.01
v 0.025308 0.217166 0.01
v 0.037571 0.210276 0.01
v 0.0479 0.20057 0.01
v 0.057349 0.185973 0.01
v 0.063138 0.169475 0.01
v 0.065671 0.145733 0.01
v 0.065671 0.116236 0.01
v -0.090426 0.116236 0.01
v -0.090426 0.144627 0.01
v -0.088469 0.165694 0.01
v -0.083197 0.182584 0.01
v -0.075226 0.19605 0.01
v -0.06421 0.20724 0.01
v -0.050377 0.215789 0.01
v -0.034663 0.221046 0.01
v 0.065671 0.145733 0.0
v 0.065671 0.116236 0.0
v 0.063138 0.169475 0.0
v 0.057349 0.185973 0.0
v 0.0479 0.20057 0.0
v 0.037571 0.210276 0.0
v 0.025308 0.217166 0.0
v 0.009469 0.221855 0.0
v -0.010434 0.223553 0.0
v -0.034663 0.221046 0.0
v -0.050377 0.215789 0.0
v -0.06421 0.20724 0.0
v -0.075226 0.19605 0.0
v -0.083197 0.182584 0.0
v -0.088469 0.165694 0.0
v -0.090426 0.144627 0.0
v -0.090426 0.116236 0.0
v -0.090426 0.050382 0.01
v -0.112378 0.050382 0.01
v -0.112378 -0.056935 0.01
v 0.087622 -0.056935 0.01
v 0.087622 0.045504 0.01
v 0.065671 0.045504 0.01
v 0.065671 -0.030106 0.01
v -1.82E-4 -0.030106 0.01
v -1.82E-4 0.040626 0.01
v -0.022134 0.040626 0.01
v -0.022134 -0.030106 0.01
v -0.090426 -0.030106 0.01
v -0.080061 -0.095959 0.01
v -0.102012 -0.095959 0.01
v -0.110765 -0.117278 0.01
v -0.114817 -0.15099 0.01
v -0.114723 -0.145521 0.01
v -0.01615 -0.24474 0.01
v -0.038792 -0.242897 0.01
v -0.060011 -0.236978 0.01
v -0.079103 -0.226422 0.01
v -0.095016 -0.211473 0.01
v -0.105527 -0.195179 0.01
v -0.112256 -0.17564 0.01
v 0.090061 -0.143025 0.01
v 0.088113 -0.164816 0.01
v 0.081358 -0.18674 0.01
v 0.070274 -0.205404 0.01
v 0.053356 -0.222724 0.01
v 0.034591 -0.23437 0.01
v 0.01175 -0.241978 0.01
v 0.082135 -0.095959 0.01
v 0.088409 -0.119083 0.01
v 0.055305 -0.095959 0.01
v 0.06811 -0.142796 0.01
v 0.064952 -0.118487 0.01
v -0.014512 -0.217911 0.01
v 4.99E-4 -0.217025 0.01
v 0.022153 -0.211734 0.01
v 0.037623 -0.203573 0.01
v 0.051022 -0.19155 0.01
v 0.060521 -0.17738 0.01
v 0.065904 -0.162488 0.01
v -0.092865 -0.147293 0.01
v -0.090791 -0.165873 0.01
v -0.085379 -0.180583 0.01
v -0.077037 -0.192863 0.01
v -0.067248 -0.20214 0.01
v -0.053358 -0.210456 0.01
v -0.036147 -0.215889 0.01
v -0.082046 -0.099544 0.01
v -0.089919 -0.120745 0.01
v -0.090426 -0.261813 0.01
v -0.112378 -0.261813 0.01
v -0.112378 -0.364252 0.01
v 0.087622 -0.364252 0.01
v 0.087622 -0.337423 0.01
v -0.090426 -0.337423 0.01
v -0.625 0.8 0.7
v -0.625 0.5 0.7
v -0.625 0.8 0.6
newmtl 4
Ka 0.8549019607843137 0.8549019607843137 0.8549019607843137
Kd 0.8549019607843137 0.8549019607843137 0.8549019607843137
Ks 0.42745098039215684 0.42745098039215684 0.42745098039215684
d 0.0
endmtl
v -0.625 0.5 0.6
v -1.05 0.5 0.0
v -1.05 0.8 0.0
v -1.05 0.5 -0.1
v -1.05 0.8 -0.1
v -0.636126 0.8 0.598746
v -0.636126 0.5 0.598746
v -0.646694 0.8 0.595048
v -0.646694 0.5 0.595048
v -0.656174 0.8 0.589092
v -0.656174 0.5 0.589092
v -0.664092 0.8 0.581174
v -0.664092 0.5 0.581174
v -0.670048 0.8 0.571694
v -0.670048 0.5 0.571694
v -0.673746 0.8 0.561126
v -0.673746 0.5 0.561126
v -0.675 0.8 0.55
v -0.675 0.5 0.55
v -0.775 0.8 0.55
v -0.651047 0.8 0.697721
v -0.676303 0.8 0.690954
v -0.772721 0.8 0.576047
v -0.765954 0.8 0.601303
v -0.754904 0.8 0.625
v -0.739907 0.8 0.646418
v -0.721418 0.8 0.664907
v -0.7 0.8 0.679904
v -0.775 0.5 0.55
v -0.772721 0.5 0.576047
v -0.765954 0.5 0.601303
v -0.754904 0.5 0.625
v -0.739907 0.5 0.646418
v -0.721418 0.5 0.664907
v -0.7 0.5 0.679904
v -0.676303 0.5 0.690954
v -0.651047 0.5 0.697721
v -0.675 0.5 0.05
v -0.675 0.8 0.05
v -0.775 0.8 0.05
v -0.775 0.5 0.05
v -0.825 0.5 -0.1
v -0.825 0.8 -0.1
v -0.798953 0.8 -0.097721
v -0.798953 0.5 -0.097721
v -0.773697 0.8 -0.090954
v -0.773697 0.5 -0.090954
v -0.75 0.8 -0.079904
v -0.75 0.5 -0.079904
v -0.728582 0.8 -0.064907
v -0.728582 0.5 -0.064907
v -0.710093 0.8 -0.046418
v -0.710093 0.5 -0.046418
v -0.695096 0.8 -0.025
v -0.695096 0.5 -0.025
v -0.684046 0.8 -0.001303
v -0.684046 0.5 -0.001303
v -0.677279 0.8 0.023953
v -0.677279 0.5 0.023953
v -0.781699 0.8 0.025
v -0.776704 0.8 0.037059
v -0.825 0.8 0.0
v -0.812059 0.8 0.001704
v -0.8 0.8 0.006699
v -0.789645 0.8 0.014645
v -0.776704 0.5 0.037059
v -0.781699 0.5 0.025
v -0.789645 0.5 0.014645
v -0.8 0.5 0.006699
v -0.812059 0.5 0.001704
v -0.825 0.5 0.0
v -0.625 0.15 0.7
v -0.625 -0.15 0.7
v -0.625 0.15 0.6
v -0.625 -0.15 0.6
v -1.05 -0.15 0.0
v -1.05 0.15 0.0
v -1.05 -0.15 -0.1
v -1.05 0.15 -0.1
v -0.636126 0.15 0.598746
v -0.636126 -0.15 0.598746
v -0.646694 0.15 0.595048
v -0.646694 -0.15 0.595048
v -0.656174 0.15 0.589092
v -0.656174 -0.15 0.589092
v -0.664092 0.15 0.581174
v -0.664092 -0.15 0.581174
v -0.670048 0.15 0.571694
v -0.670048 -0.15 0.571694
v -0.673746 0.15 0.561126
v -0.673746 -0.15 0.561126
v -0.675 0.15 0.55
v -0.675 -0.15 0.55
v -0.775 0.15 0.55
v -0.651047 0.15 0.697721
v -0.676303 0.15 0.690954
v -0.772721 0.15 0.576047
v -0.765954 0.15 0.601303
v -0.754904 0.15 0.625
v -0.739907 0.15 0.646418
v -0.721418 0.15 0.664907
v -0.7 0.15 0.679904
v -0.775 -0.15 0.55
v -0.772721 -0.15 0.576047
v -0.765954 -0.15 0.601303
v -0.754904 -0.15 0.625
v -0.739907 -0.15 0.646418
v -0.721418 -0.15 0.664907
v -0.7 -0.15 0.679904
v -0.676303 -0.15 0.690954
v -0.651047 -0.15 0.697721
v -0.675 -0.15 0.05
v -0.675 0.15 0.05
v -0.775 0.15 0.05
v -0.775 -0.15 0.05
v -0.825 -0.15 -0.1
v -0.825 0.15 -0.1
v -0.798953 0.15 -0.097721
v -0.798953 -0.15 -0.097721
v -0.773697 0.15 -0.090954
v -0.773697 -0.15 -0.090954
v -0.75 0.15 -0.079904
v -0.75 -0.15 -0.079904
v -0.728582 0.15 -0.064907
v -0.728582 -0.15 -0.064907
v -0.710093 0.15 -0.046418
v -0.710093 -0.15 -0.046418
v -0.695096 0.15 -0.025
v -0.695096 -0.15 -0.025
v -0.684046 0.15 -0.001303
v -0.684046 -0.15 -0.001303
v -0.677279 0.15 0.023953
v -0.677279 -0.15 0.023953
v -0.781699 0.15 0.025
v -0.776704 0.15 0.037059
v -0.825 0.15 0.0
v -0.812059 0.15 0.001704
v -0.8 0.15 0.006699
v -0.789645 0.15 0.014645
v -0.776704 -0.15 0.037059
v -0.781699 -0.15 0.025
v -0.789645 -0.15 0.014645
v -0.8 -0.15 0.006699
v -0.812059 -0.15 0.001704
v -0.825 -0.15 0.0
v -0.625 -0.5 0.7
v -0.625 -0.8 0.7
v -0.625 -0.5 0.6
v -0.625 -0.8 0.6
v -1.05 -0.8 0.0
v -1.05 -0.5 0.0
v -1.05 -0.8 -0.1
v -1.05 -0.5 -0.1
v -0.636126 -0.5 0.598746
v -0.636126 -0.8 0.598746
v -0.646694 -0.5 0.595048
v -0.646694 -0.8 0.595048
v -0.656174 -0.5 0.589092
v -0.656174 -0.8 0.589092
v -0.664092 -0.5 0.581174
v -0.664092 -0.8 0.581174
v -0.670048 -0.5 0.571694
v -0.670048 -0.8 0.571694
v -0.673746 -0.5 0.561126
v -0.673746 -0.8 0.561126
v -0.675 -0.5 0.55
v -0.675 -0.8 0.55
v -0.775 -0.5 0.55
v -0.651047 -0.5 0.697721
v -0.676303 -0.5 0.690954
v -0.772721 -0.5 0.576047
v -0.765954 -0.5 0.601303
v -0.754904 -0.5 0.625
v -0.739907 -0.5 0.646418
v -0.721418 -0.5 0.664907
v -0.7 -0.5 0.679904
v -0.775 -0.8 0.55
v -0.772721 -0.8 0.576047
v -0.765954 -0.8 0.601303
v -0.754904 -0.8 0.625
v -0.739907 -0.8 0.646418
v -0.721418 -0.8 0.664907
v -0.7 -0.8 0.679904
v -0.676303 -0.8 0.690954
v -0.651047 -0.8 0.697721
v -0.675 -0.8 0.05
v -0.675 -0.5 0.05
v -0.775 -0.5 0.05
v -0.775 -0.8 0.05
v -0.825 -0.8 -0.1
v -0.825 -0.5 -0.1
v -0.798953 -0.5 -0.097721
v -0.798953 -0.8 -0.097721
v -0.773697 -0.5 -0.090954
v -0.773697 -0.8 -0.090954
v -0.75 -0.5 -0.079904
v -0.75 -0.8 -0.079904
v -0.728582 -0.5 -0.064907
v -0.728582 -0.8 -0.064907
v -0.710093 -0.5 -0.046418
v -0.710093 -0.8 -0.046418
v -0.695096 -0.5 -0.025
v -0.695096 -0.8 -0.025
v -0.684046 -0.5 -0.001303
v -0.684046 -0.8 -0.001303
v -0.677279 -0.5 0.023953
v -0.677279 -0.8 0.023953
v -0.781699 -0.5 0.025
v -0.776704 -0.5 0.037059
v -0.825 -0.5 0.0
v -0.812059 -0.5 0.001704
v -0.8 -0.5 0.006699
v -0.789645 -0.5 0.014645
v -0.776704 -0.8 0.037059
v -0.781699 -0.8 0.025
v -0.789645 -0.8 0.014645
v -0.8 -0.8 0.006699
v -0.812059 -0.8 0.001704
v -0.825 -0.8 0.0
v 0.625 0.5 0.7
v 0.625 0.8 0.7
v 0.625 0.5 0.6
v 0.625 0.8 0.6
v 1.05 0.8 0.0
v 1.05 0.5 0.0
v 1.05 0.8 -0.1
v 1.05 0.5 -0.1
v 0.636126 0.5 0.598746
v 0.636126 0.8 0.598746
v 0.646694 0.5 0.595048
v 0.646694 0.8 0.595048
v 0.656174 0.5 0.589092
v 0.656174 0.8 0.589092
v 0.664092 0.5 0.581174
v 0.664092 0.8 0.581174
v 0.670048 0.5 0.571694
v 0.670048 0.8 0.571694
v 0.673746 0.5 0.561126
v 0.673746 0.8 0.561126
v 0.675 0.5 0.55
v 0.675 0.8 0.55
v 0.775 0.5 0.55
v 0.651047 0.5 0.697721
v 0.676303 0.5 0.690954
v 0.772721 0.5 0.576047
v 0.765954 0.5 0.601303
v 0.754904 0.5 0.625
v 0.739907 0.5 0.646418
v 0.721418 0.5 0.664907
v 0.7 0.5 0.679904
v 0.775 0.8 0.55
v 0.772721 0.8 0.576047
v 0.765954 0.8 0.601303
v 0.754904 0.8 0.625
v 0.739907 0.8 0.646418
v 0.721418 0.8 0.664907
v 0.7 0.8 0.679904
v 0.676303 0.8 0.690954
v 0.651047 0.8 0.697721
v 0.675 0.8 0.05
v 0.675 0.5 0.05
v 0.775 0.5 0.05
v 0.775 0.8 0.05
v 0.825 0.8 -0.1
v 0.825 0.5 -0.1
v 0.798953 0.5 -0.097721
v 0.798953 0.8 -0.097721
v 0.773697 0.5 -0.090954
v 0.773697 0.8 -0.090954
v 0.75 0.5 -0.079904
v 0.75 0.8 -0.079904
v 0.728582 0.5 -0.064907
v 0.728582 0.8 -0.064907
v 0.710093 0.5 -0.046418
v 0.710093 0.8 -0.046418
v 0.695096 0.5 -0.025
v 0.695096 0.8 -0.025
v 0.684046 0.5 -0.001303
v 0.684046 0.8 -0.001303
v 0.677279 0.5 0.023953
v 0.677279 0.8 0.023953
v 0.781699 0.5 0.025
v 0.776704 0.5 0.037059
v 0.825 0.5 0.0
v 0.812059 0.5 0.001704
v 0.8 0.5 0.006699
v 0.789645 0.5 0.014645
v 0.776704 0.8 0.037059
v 0.781699 0.8 0.025
v 0.789645 0.8 0.014645
v 0.8 0.8 0.006699
v 0.812059 0.8 0.001704
v 0.825 0.8 0.0
v 0.625 -0.8 0.7
v 0.625 -0.5 0.7
v 0.625 -0.8 0.6
v 0.625 -0.5 0.6
v 1.05 -0.5 0.0
v 1.05 -0.8 0.0
v 1.05 -0.5 -0.1
v 1.05 -0.8 -0.1
v 0.636126 -0.8 0.598746
v 0.636126 -0.5 0.598746
v 0.646694 -0.8 0.595048
v 0.646694 -0.5 0.595048
v 0.656174 -0.8 0.589092
v 0.656174 -0.5 0.589092
v 0.664092 -0.8 0.581174
v 0.664092 -0.5 0.581174
v 0.670048 -0.8 0.571694
v 0.670048 -0.5 0.571694
v 0.673746 -0.8 0.561126
v 0.673746 -0.5 0.561126
v 0.675 -0.8 0.55
v 0.675 -0.5 0.55
v 0.775 -0.8 0.55
v 0.651047 -0.8 0.697721
v 0.676303 -0.8 0.690954
v 0.772721 -0.8 0.576047
v 0.765954 -0.8 0.601303
v 0.754904 -0.8 0.625
v 0.739907 -0.8 0.646418
v 0.721418 -0.8 0.664907
v 0.7 -0.8 0.679904
v 0.775 -0.5 0.55
v 0.772721 -0.5 0.576047
v 0.765954 -0.5 0.601303
v 0.754904 -0.5 0.625
v 0.739907 -0.5 0.646418
v 0.721418 -0.5 0.664907
v 0.7 -0.5 0.679904
v 0.676303 -0.5 0.690954
v 0.651047 -0.5 0.697721
v 0.675 -0.5 0.05
v 0.675 -0.8 0.05
v 0.775 -0.8 0.05
v 0.775 -0.5 0.05
v 0.825 -0.5 -0.1
v 0.825 -0.8 -0.1
v 0.798953 -0.8 -0.097721
v 0.798953 -0.5 -0.097721
v 0.773697 -0.8 -0.090954
v 0.773697 -0.5 -0.090954
v 0.75 -0.8 -0.079904
v 0.75 -0.5 -0.079904
v 0.728582 -0.8 -0.064907
v 0.728582 -0.5 -0.064907
v 0.710093 -0.8 -0.046418
v 0.710093 -0.5 -0.046418
v 0.695096 -0.8 -0.025
v 0.695096 -0.5 -0.025
v 0.684046 -0.8 -0.001303
v 0.684046 -0.5 -0.001303
v 0.677279 -0.8 0.023953
v 0.677279 -0.5 0.023953
v 0.781699 -0.8 0.025
v 0.776704 -0.8 0.037059
v 0.825 -0.8 0.0
v 0.812059 -0.8 0.001704
v 0.8 -0.8 0.006699
v 0.789645 -0.8 0.014645
v 0.776704 -0.5 0.037059
v 0.781699 -0.5 0.025
v 0.789645 -0.5 0.014645
v 0.8 -0.5 0.006699
v 0.812059 -0.5 0.001704
v 0.825 -0.5 0.0
usemtl 1
f 1// 2// 3//
f 4// 5// 6//
f 6// 5// 7//
f 8// 9// 10//
f 11// 12// 13//
f 13// 12// 6//
f 13// 6// 14//
f 14// 6// 7//
f 14// 7// 15//
f 11// 16// 12//
f 12// 16// 17//
f 12// 17// 18//
f 18// 19// 12//
f 12// 19// 20//
f 12// 20// 21//
f 21// 22// 12//
f 12// 22// 23//
f 12// 23// 24//
f 25// 26// 27//
f 27// 26// 28//
f 24// 29// 12//
f 12// 29// 26//
f 12// 26// 30//
f 30// 26// 25//
f 31// 32// 33//
f 33// 32// 2//
f 33// 2// 34//
f 1// 35// 2//
f 2// 35// 36//
f 2// 36// 34//
f 10// 37// 32//
f 38// 39// 7//
f 7// 39// 40//
f 31// 41// 32//
f 32// 41// 42//
f 32// 42// 10//
f 10// 42// 43//
f 10// 43// 8//
f 40// 44// 7//
f 7// 44// 45//
f 7// 45// 15//
f 4// 46// 5//
f 5// 46// 47//
f 5// 47// 48//
f 47// 49// 48//
f 48// 49// 50//
f 48// 50// 1//
f 9// 38// 10//
f 10// 38// 7//
f 10// 7// 51//
f 51// 7// 52//
f 51// 52// 3//
f 3// 52// 53//
f 3// 53// 1//
f 1// 53// 54//
f 1// 54// 48//
f 55// 56// 57//
f 58// 59// 60//
f 61// 62// 5//
f 5// 62// 63//
f 5// 63// 7//
f 7// 63// 64//
f 65// 66// 67//
f 67// 66// 68//
f 57// 58// 55//
f 55// 58// 60//
f 55// 60// 64//
f 64// 60// 69//
f 64// 69// 7//
f 7// 69// 70//
f 71// 72// 73//
f 73// 72// 74//
f 73// 74// 75//
f 7// 67// 76//
f 76// 67// 77//
f 76// 77// 78//
f 78// 77// 79//
f 78// 79// 80//
f 70// 81// 7//
f 7// 81// 82//
f 7// 82// 67//
f 67// 82// 83//
f 67// 83// 65//
f 68// 84// 67//
f 67// 84// 85//
f 67// 85// 73//
f 73// 85// 86//
f 73// 86// 71//
f 87// 88// 80//
f 80// 88// 89//
f 80// 89// 78//
f 78// 89// 73//
f 75// 90// 73//
f 73// 90// 91//
f 73// 91// 78//
f 78// 91// 60//
f 48// 92// 5//
f 5// 92// 78//
f 5// 78// 61//
f 61// 78// 60//
f 61// 60// 93//
f 93// 60// 59//
f 93// 59// 94//
f 94// 59// 95//
f 96// 97// 98//
f 98// 99// 100//
f 101// 102// 103//
f 104// 98// 105//
f 105// 98// 106//
f 101// 103// 107//
f 97// 108// 98//
f 98// 108// 109//
f 98// 109// 99//
f 110// 111// 112//
f 96// 98// 113//
f 113// 98// 104//
f 113// 104// 114//
f 100// 115// 98//
f 98// 115// 116//
f 98// 116// 117//
f 118// 119// 110//
f 110// 119// 120//
f 110// 120// 111//
f 107// 103// 121//
f 121// 103// 122//
f 121// 122// 123//
f 123// 122// 124//
f 123// 124// 125//
f 114// 104// 126//
f 126// 104// 127//
f 126// 127// 128//
f 128// 127// 129//
f 128// 129// 130//
f 131// 132// 103//
f 102// 133// 103//
f 103// 133// 134//
f 103// 134// 131//
f 131// 134// 135//
f 131// 135// 110//
f 110// 135// 136//
f 110// 136// 118//
f 112// 137// 110//
f 110// 137// 138//
f 110// 138// 106//
f 106// 138// 139//
f 106// 139// 105//
f 140// 141// 142//
f 143// 144// 145//
f 142// 141// 125//
f 125// 141// 146//
f 125// 146// 147//
f 147// 148// 125//
f 125// 148// 149//
f 125// 149// 123//
f 129// 150// 130//
f 130// 150// 151//
f 130// 151// 152//
f 152// 153// 130//
f 130// 153// 154//
f 130// 154// 155//
f 143// 145// 142//
f 142// 145// 156//
f 142// 156// 140//
f 155// 157// 130//
f 130// 157// 158//
f 130// 158// 159//
f 159// 158// 160//
f 159// 160// 161//
f 162// 163// 164//
f 164// 163// 165//
f 164// 165// 166//
f 117// 167// 98//
f 98// 167// 162//
f 98// 162// 168//
f 168// 162// 164//
f 169// 170// 171//
f 171// 170// 172//
f 171// 172// 173//
f 172// 174// 175//
f 175// 176// 172//
f 172// 176// 177//
f 172// 177// 173//
f 173// 177// 178//
f 173// 178// 179//
f 179// 178// 180//
f 179// 180// 181//
f 179// 182// 183//
f 184// 185// 186//
f 187// 188// 131//
f 131// 188// 189//
f 189// 190// 131//
f 131// 190// 191//
f 131// 191// 192//
f 184// 186// 193//
f 193// 186// 194//
f 193// 194// 179//
f 195// 196// 110//
f 110// 196// 197//
f 110// 197// 198//
f 181// 199// 179//
f 179// 199// 200//
f 179// 200// 201//
f 183// 202// 179//
f 179// 202// 203//
f 179// 203// 193//
f 201// 204// 179//
f 179// 204// 205//
f 179// 205// 182//
f 169// 206// 170//
f 170// 206// 207//
f 170// 207// 110//
f 110// 207// 208//
f 110// 208// 195//
f 198// 209// 110//
f 110// 209// 210//
f 110// 210// 131//
f 131// 210// 211//
f 131// 211// 187//
f 212// 213// 192//
f 192// 213// 164//
f 192// 164// 131//
f 131// 164// 166//
f 131// 166// 132//
f 214// 215// 216//
f 216// 215// 217//
f 216// 217// 218//
f 219// 220// 221//
f 222// 223// 224//
f 224// 223// 225//
f 224// 225// 226//
f 220// 227// 221//
f 221// 227// 228//
f 221// 228// 229//
f 230// 231// 216//
f 216// 231// 232//
f 216// 232// 214//
f 233// 234// 235//
f 235// 234// 236//
f 235// 236// 237//
f 229// 238// 221//
f 221// 238// 239//
f 221// 239// 216//
f 216// 239// 240//
f 216// 240// 230//
f 226// 241// 224//
f 224// 241// 242//
f 224// 242// 243//
f 237// 244// 235//
f 235// 244// 245//
f 235// 245// 221//
f 221// 245// 246//
f 221// 246// 219//
f 243// 247// 224//
f 224// 247// 248//
f 224// 248// 235//
f 235// 248// 249//
f 235// 249// 233//
f 250// 251// 252//
f 252// 251// 253//
f 252// 253// 218//
f 212// 174// 213//
f 213// 174// 172//
f 213// 172// 254//
f 254// 172// 255//
f 254// 255// 253//
f 255// 256// 257//
f 218// 253// 216//
f 216// 253// 255//
f 216// 255// 258//
f 256// 255// 259//
f 259// 255// 172//
f 259// 172// 260//
f 260// 172// 170//
f 260// 170// 257//
f 257// 170// 261//
f 257// 261// 255//
f 255// 261// 262//
f 255// 262// 258//
f 263// 262// 264//
f 264// 262// 265//
f 258// 266// 216//
f 216// 266// 267//
f 216// 267// 221//
f 221// 267// 268//
f 221// 268// 269//
f 269// 270// 221//
f 221// 270// 271//
f 221// 271// 261//
f 261// 271// 272//
f 261// 272// 262//
f 262// 272// 273//
f 262// 273// 265//
f 274// 275// 276//
f 275// 274// 277//
f 277// 274// 224//
f 277// 224// 278//
f 278// 224// 235//
f 278// 235// 276//
f 276// 235// 279//
f 276// 279// 274//
f 280// 281// 274//
f 274// 281// 282//
f 274// 282// 283//
f 284// 285// 286//
f 286// 285// 287//
f 286// 287// 288//
f 286// 289// 290//
f 291// 292// 293//
f 293// 292// 294//
f 293// 294// 295//
f 285// 280// 287//
f 287// 280// 274//
f 287// 274// 296//
f 296// 274// 279//
f 296// 279// 297//
f 297// 279// 298//
f 290// 299// 286//
f 286// 299// 300//
f 286// 300// 284//
f 301// 302// 286//
f 286// 302// 303//
f 286// 303// 304//
f 305// 306// 307//
f 307// 306// 308//
f 307// 308// 309//
f 304// 310// 286//
f 286// 310// 311//
f 286// 311// 289//
f 305// 307// 312//
f 312// 307// 313//
f 312// 313// 314//
f 301// 315// 302//
f 302// 315// 316//
f 302// 316// 317//
f 317// 316// 318//
f 295// 319// 293//
f 293// 319// 320//
f 293// 320// 279//
f 279// 320// 321//
f 279// 321// 298//
f 309// 322// 307//
f 307// 322// 323//
f 307// 323// 293//
f 293// 323// 324//
f 293// 324// 291//
f 250// 222// 251//
f 251// 222// 224//
f 251// 224// 325//
f 325// 224// 274//
f 325// 274// 326//
f 326// 274// 283//
f 326// 283// 327//
f 327// 283// 328//
f 282// 307// 283//
f 283// 307// 293//
f 283// 293// 328//
f 328// 293// 329//
f 330// 331// 332//
f 332// 331// 333//
f 334// 335// 336//
f 336// 335// 337//
f 338// 339// 340//
f 340// 339// 341//
f 342// 343// 344//
f 344// 343// 345//
f 334// 346// 347//
f 334// 347// 335//
f 335// 347// 348//
f 335// 348// 349//
f 341// 350// 351//
f 341// 351// 340//
f 340// 351// 352//
f 340// 352// 353//
f 330// 354// 355//
f 330// 355// 331//
f 331// 355// 356//
f 331// 356// 357//
f 345// 358// 359//
f 345// 359// 344//
f 344// 359// 360//
f 344// 360// 361//
f 362// 363// 364//
f 364// 343// 362//
f 362// 343// 342//
f 362// 342// 365//
f 366// 367// 332//
f 366// 332// 368//
f 368// 332// 333//
f 368// 333// 369//
f 370// 371// 339//
f 370// 339// 372//
f 372// 339// 338//
f 372// 338// 373//
f 374// 375// 376//
f 376// 336// 374//
f 374// 336// 337//
f 374// 337// 377//
f 98// 168// 378//
f 348// 347// 379//
f 379// 347// 380//
f 379// 380// 381//
f 381// 380// 382//
f 381// 382// 383//
f 383// 382// 384//
f 383// 384// 385//
f 385// 384// 386//
f 385// 386// 387//
f 387// 386// 388//
f 387// 388// 389//
f 389// 388// 390//
f 389// 390// 391//
f 391// 390// 392//
f 391// 392// 393//
f 393// 392// 394//
f 393// 394// 395//
f 395// 394// 396//
f 395// 396// 378//
f 378// 396// 397//
f 378// 397// 98//
f 98// 397// 106//
f 385// 387// 398//
f 399// 400// 401//
f 168// 402// 403//
f 404// 402// 168//
f 401// 400// 168//
f 378// 168// 400//
f 405// 406// 407//
f 406// 405// 408//
f 408// 405// 409//
f 408// 409// 410//
f 410// 409// 411//
f 410// 411// 412//
f 412// 411// 413//
f 412// 413// 414//
f 414// 413// 415//
f 415// 413// 416//
f 415// 416// 417//
f 417// 416// 418//
f 418// 416// 419//
f 418// 419// 355//
f 420// 404// 168//
f 389// 391// 399//
f 399// 391// 393//
f 399// 393// 400//
f 400// 393// 395//
f 400// 395// 378//
f 421// 403// 422//
f 422// 403// 402//
f 422// 402// 423//
f 423// 402// 404//
f 423// 404// 424//
f 420// 425// 404//
f 404// 425// 426//
f 404// 426// 424//
f 424// 426// 427//
f 424// 427// 428//
f 398// 421// 429//
f 429// 421// 422//
f 429// 422// 430//
f 430// 422// 423//
f 430// 423// 431//
f 431// 423// 424//
f 431// 424// 432//
f 432// 424// 428//
f 381// 383// 433//
f 433// 383// 385//
f 385// 398// 433//
f 433// 398// 429//
f 433// 429// 434//
f 434// 429// 430//
f 434// 430// 435//
f 435// 430// 431//
f 435// 431// 436//
f 436// 431// 432//
f 436// 432// 437//
f 387// 389// 398//
f 398// 389// 399//
f 398// 399// 421//
f 421// 399// 401//
f 421// 401// 403//
f 403// 401// 168//
f 381// 405// 379//
f 379// 405// 407//
f 379// 407// 348//
f 428// 438// 432//
f 432// 438// 439//
f 432// 439// 437//
f 437// 439// 440//
f 437// 440// 441//
f 381// 433// 405//
f 405// 433// 434//
f 405// 434// 409//
f 409// 434// 435//
f 409// 435// 411//
f 411// 435// 436//
f 411// 436// 413//
f 413// 436// 437//
f 413// 437// 416//
f 416// 437// 441//
f 416// 441// 419//
f 442// 443// 444//
f 445// 446// 447//
f 106// 448// 449//
f 450// 448// 106//
f 447// 446// 106//
f 451// 106// 446//
f 452// 453// 454//
f 453// 452// 455//
f 455// 452// 456//
f 455// 456// 457//
f 457// 456// 458//
f 457// 458// 459//
f 459// 458// 460//
f 459// 460// 461//
f 461// 460// 462//
f 462// 460// 463//
f 462// 463// 464//
f 464// 463// 465//
f 465// 463// 380//
f 465// 380// 347//
f 397// 450// 106//
f 466// 467// 445//
f 445// 467// 468//
f 445// 468// 446//
f 446// 468// 469//
f 446// 469// 451//
f 470// 449// 471//
f 471// 449// 448//
f 471// 448// 472//
f 472// 448// 450//
f 472// 450// 473//
f 397// 396// 450//
f 450// 396// 394//
f 450// 394// 473//
f 473// 394// 392//
f 473// 392// 390//
f 444// 470// 474//
f 474// 470// 471//
f 474// 471// 475//
f 475// 471// 472//
f 475// 472// 476//
f 476// 472// 473//
f 476// 473// 477//
f 477// 473// 390//
f 478// 479// 480//
f 480// 479// 442//
f 442// 444// 480//
f 480// 444// 474//
f 480// 474// 481//
f 481// 474// 475//
f 481// 475// 482//
f 482// 475// 476//
f 482// 476// 483//
f 483// 476// 477//
f 483// 477// 484//
f 443// 466// 444//
f 444// 466// 445//
f 444// 445// 470//
f 470// 445// 447//
f 470// 447// 449//
f 449// 447// 106//
f 478// 452// 485//
f 485// 452// 454//
f 485// 454// 352//
f 390// 388// 477//
f 477// 388// 386//
f 477// 386// 484//
f 484// 386// 384//
f 484// 384// 382//
f 478// 480// 452//
f 452// 480// 481//
f 452// 481// 456//
f 456// 481// 482//
f 456// 482// 458//
f 458// 482// 483//
f 458// 483// 460//
f 460// 483// 484//
f 460// 484// 463//
f 463// 484// 382//
f 463// 382// 380//
f 356// 355// 486//
f 486// 355// 419//
f 486// 419// 487//
f 487// 419// 441//
f 487// 441// 488//
f 488// 441// 440//
f 488// 440// 489//
f 489// 440// 439//
f 489// 439// 490//
f 490// 439// 438//
f 490// 438// 491//
f 491// 438// 428//
f 491// 428// 492//
f 492// 428// 427//
f 492// 427// 493//
f 493// 427// 426//
f 493// 426// 494//
f 494// 426// 425//
f 494// 425// 495//
f 495// 425// 420//
f 420// 168// 164//
f 251// 325// 495//
f 495// 325// 326//
f 495// 326// 327//
f 164// 213// 420//
f 420// 213// 254//
f 420// 254// 495//
f 495// 254// 253//
f 495// 253// 251//
f 349// 348// 496//
f 496// 348// 407//
f 497// 498// 407//
f 407// 498// 499//
f 407// 499// 496//
f 407// 406// 497//
f 497// 406// 408//
f 497// 408// 500//
f 500// 408// 410//
f 410// 412// 500//
f 500// 412// 414//
f 500// 414// 501//
f 501// 414// 415//
f 501// 415// 502//
f 502// 415// 417//
f 502// 417// 503//
f 503// 417// 418//
f 503// 418// 504//
f 504// 418// 355//
f 504// 355// 354//
f 353// 352// 505//
f 505// 352// 454//
f 506// 507// 454//
f 454// 507// 508//
f 454// 508// 505//
f 454// 453// 506//
f 506// 453// 455//
f 506// 455// 509//
f 509// 455// 457//
f 457// 459// 509//
f 509// 459// 461//
f 509// 461// 510//
f 510// 461// 462//
f 510// 462// 511//
f 511// 462// 464//
f 511// 464// 512//
f 512// 464// 465//
f 512// 465// 513//
f 513// 465// 347//
f 513// 347// 346//
f 514// 451// 515//
f 515// 451// 469//
f 515// 469// 516//
f 516// 469// 468//
f 516// 468// 517//
f 517// 468// 467//
f 517// 467// 518//
f 518// 467// 466//
f 518// 466// 519//
f 519// 466// 443//
f 519// 443// 520//
f 520// 443// 442//
f 520// 442// 521//
f 521// 442// 479//
f 521// 479// 522//
f 522// 479// 478//
f 522// 478// 523//
f 523// 478// 485//
f 523// 485// 351//
f 351// 485// 352//
f 279// 514// 293//
f 293// 514// 329//
f 279// 235// 514//
f 514// 235// 221//
f 514// 221// 451//
f 451// 221// 261//
f 261// 170// 451//
f 451// 170// 110//
f 451// 110// 106//
f 328// 329// 524//
f 327// 328// 525//
f 525// 328// 524//
f 525// 524// 526//
f 526// 524// 527//
f 526// 527// 528//
f 528// 527// 529//
f 528// 529// 530//
f 530// 529// 531//
f 530// 531// 532//
f 532// 531// 533//
f 532// 533// 534//
f 534// 533// 535//
f 534// 535// 536//
f 536// 535// 537//
f 536// 537// 538//
f 538// 537// 539//
f 538// 539// 540//
f 540// 539// 541//
f 540// 541// 542//
f 542// 541// 543//
f 542// 543// 359//
f 359// 543// 360//
f 489// 490// 544//
f 545// 546// 547//
f 327// 548// 549//
f 550// 548// 327//
f 547// 546// 327//
f 495// 327// 546//
f 551// 552// 553//
f 552// 551// 554//
f 554// 551// 555//
f 554// 555// 556//
f 556// 555// 557//
f 556// 557// 558//
f 558// 557// 559//
f 558// 559// 560//
f 560// 559// 561//
f 561// 559// 562//
f 561// 562// 563//
f 563// 562// 564//
f 564// 562// 542//
f 564// 542// 359//
f 525// 550// 327//
f 491// 492// 545//
f 545// 492// 493//
f 545// 493// 546//
f 546// 493// 494//
f 546// 494// 495//
f 565// 549// 566//
f 566// 549// 548//
f 566// 548// 567//
f 567// 548// 550//
f 567// 550// 568//
f 525// 526// 550//
f 550// 526// 528//
f 550// 528// 568//
f 568// 528// 530//
f 568// 530// 532//
f 544// 565// 569//
f 569// 565// 566//
f 569// 566// 570//
f 570// 566// 567//
f 570// 567// 571//
f 571// 567// 568//
f 571// 568// 572//
f 572// 568// 532//
f 487// 488// 573//
f 573// 488// 489//
f 489// 544// 573//
f 573// 544// 569//
f 573// 569// 574//
f 574// 569// 570//
f 574// 570// 575//
f 575// 570// 571//
f 575// 571// 576//
f 576// 571// 572//
f 576// 572// 577//
f 490// 491// 544//
f 544// 491// 545//
f 544// 545// 565//
f 565// 545// 547//
f 565// 547// 549//
f 549// 547// 327//
f 487// 551// 486//
f 486// 551// 553//
f 486// 553// 356//
f 532// 534// 572//
f 572// 534// 536//
f 572// 536// 577//
f 577// 536// 538//
f 577// 538// 540//
f 487// 573// 551//
f 551// 573// 574//
f 551// 574// 555//
f 555// 574// 575//
f 555// 575// 557//
f 557// 575// 576//
f 557// 576// 559//
f 559// 576// 577//
f 559// 577// 562//
f 562// 577// 540//
f 562// 540// 542//
f 330// 332// 354//
f 354// 332// 367//
f 354// 367// 578//
f 337// 335// 377//
f 377// 335// 349//
f 377// 349// 579//
f 579// 349// 496//
f 579// 496// 580//
f 580// 496// 499//
f 580// 499// 581//
f 581// 499// 498//
f 581// 498// 582//
f 582// 498// 497//
f 582// 497// 583//
f 583// 497// 500//
f 583// 500// 584//
f 584// 500// 501//
f 584// 501// 585//
f 585// 501// 502//
f 585// 502// 586//
f 586// 502// 503//
f 586// 503// 578//
f 578// 503// 504//
f 578// 504// 354//
f 334// 336// 346//
f 346// 336// 376//
f 346// 376// 587//
f 338// 340// 373//
f 373// 340// 353//
f 373// 353// 588//
f 588// 353// 505//
f 588// 505// 589//
f 589// 505// 508//
f 589// 508// 590//
f 590// 508// 507//
f 590// 507// 591//
f 591// 507// 506//
f 591// 506// 592//
f 592// 506// 509//
f 592// 509// 593//
f 593// 509// 510//
f 593// 510// 594//
f 594// 510// 511//
f 594// 511// 595//
f 595// 511// 512//
f 595// 512// 587//
f 587// 512// 513//
f 587// 513// 346//
f 537// 535// 596//
f 597// 598// 599//
f 329// 600// 601//
f 602// 600// 329//
f 599// 598// 329//
f 524// 329// 598//
f 603// 604// 605//
f 604// 603// 606//
f 606// 603// 607//
f 606// 607// 608//
f 608// 607// 609//
f 608// 609// 610//
f 610// 609// 611//
f 610// 611// 612//
f 612// 611// 613//
f 613// 611// 614//
f 613// 614// 615//
f 615// 614// 616//
f 616// 614// 523//
f 616// 523// 351//
f 514// 602// 329//
f 533// 531// 597//
f 597// 531// 529//
f 597// 529// 598//
f 598// 529// 527//
f 598// 527// 524//
f 617// 601// 618//
f 618// 601// 600//
f 618// 600// 619//
f 619// 600// 602//
f 619// 602// 620//
f 514// 515// 602//
f 602// 515// 516//
f 602// 516// 620//
f 620// 516// 517//
f 620// 517// 518//
f 596// 617// 621//
f 621// 617// 618//
f 621// 618// 622//
f 622// 618// 619//
f 622// 619// 623//
f 623// 619// 620//
f 623// 620// 624//
f 624// 620// 518//
f 541// 539// 625//
f 625// 539// 537//
f 537// 596// 625//
f 625// 596// 621//
f 625// 621// 626//
f 626// 621// 622//
f 626// 622// 627//
f 627// 622// 623//
f 627// 623// 628//
f 628// 623// 624//
f 628// 624// 629//
f 535// 533// 596//
f 596// 533// 597//
f 596// 597// 617//
f 617// 597// 599//
f 617// 599// 601//
f 601// 599// 329//
f 541// 603// 543//
f 543// 603// 605//
f 543// 605// 360//
f 518// 519// 624//
f 624// 519// 520//
f 624// 520// 629//
f 629// 520// 521//
f 629// 521// 522//
f 541// 625// 603//
f 603// 625// 626//
f 603// 626// 607//
f 607// 626// 627//
f 607// 627// 609//
f 609// 627// 628//
f 609// 628// 611//
f 611// 628// 629//
f 611// 629// 614//
f 614// 629// 522//
f 614// 522// 523//
f 357// 356// 630//
f 630// 356// 553//
f 631// 632// 553//
f 553// 632// 633//
f 553// 633// 630//
f 553// 552// 631//
f 631// 552// 554//
f 631// 554// 634//
f 634// 554// 556//
f 556// 558// 634//
f 634// 558// 560//
f 634// 560// 635//
f 635// 560// 561//
f 635// 561// 636//
f 636// 561// 563//
f 636// 563// 637//
f 637// 563// 564//
f 637// 564// 638//
f 638// 564// 359//
f 638// 359// 358//
f 584// 585// 639//
f 639// 585// 586//
f 639// 586// 366//
f 366// 586// 578//
f 366// 578// 367//
f 639// 640// 584//
f 584// 640// 641//
f 584// 641// 583//
f 583// 641// 642//
f 643// 374// 377//
f 642// 644// 583//
f 583// 644// 645//
f 583// 645// 582//
f 582// 645// 646//
f 582// 646// 581//
f 581// 646// 647//
f 581// 647// 580//
f 580// 647// 643//
f 580// 643// 579//
f 579// 643// 377//
f 78// 92// 648//
f 375// 374// 649//
f 649// 374// 650//
f 649// 650// 651//
f 651// 650// 652//
f 651// 652// 653//
f 653// 652// 654//
f 653// 654// 655//
f 655// 654// 656//
f 655// 656// 657//
f 657// 656// 658//
f 657// 658// 659//
f 659// 658// 660//
f 659// 660// 661//
f 661// 660// 662//
f 661// 662// 663//
f 663// 662// 664//
f 663// 664// 665//
f 665// 664// 666//
f 665// 666// 648//
f 648// 666// 667//
f 648// 667// 78//
f 78// 667// 76//
f 593// 594// 668//
f 668// 594// 595//
f 668// 595// 375//
f 375// 595// 587//
f 375// 587// 376//
f 668// 669// 593//
f 593// 669// 670//
f 593// 670// 592//
f 592// 670// 671//
f 672// 372// 373//
f 671// 673// 592//
f 592// 673// 674//
f 592// 674// 591//
f 591// 674// 675//
f 591// 675// 590//
f 590// 675// 676//
f 590// 676// 589//
f 589// 676// 672//
f 589// 672// 588//
f 588// 672// 373//
f 361// 360// 677//
f 677// 360// 605//
f 678// 679// 605//
f 605// 679// 680//
f 605// 680// 677//
f 605// 604// 678//
f 678// 604// 606//
f 678// 606// 681//
f 681// 606// 608//
f 608// 610// 681//
f 681// 610// 612//
f 681// 612// 682//
f 682// 612// 613//
f 682// 613// 683//
f 683// 613// 615//
f 683// 615// 684//
f 684// 615// 616//
f 684// 616// 685//
f 685// 616// 351//
f 685// 351// 350//
f 345// 343// 358//
f 358// 343// 364//
f 358// 364// 686//
f 333// 331// 369//
f 369// 331// 357//
f 369// 357// 687//
f 687// 357// 630//
f 687// 630// 688//
f 688// 630// 633//
f 688// 633// 689//
f 689// 633// 632//
f 689// 632// 690//
f 690// 632// 631//
f 690// 631// 691//
f 691// 631// 634//
f 691// 634// 692//
f 692// 634// 635//
f 692// 635// 693//
f 693// 635// 636//
f 693// 636// 694//
f 694// 636// 637//
f 694// 637// 686//
f 686// 637// 638//
f 686// 638// 358//
f 695// 76// 696//
f 664// 662// 697//
f 660// 658// 698//
f 699// 700// 701//
f 639// 366// 702//
f 641// 640// 703//
f 703// 640// 639//
f 643// 647// 700//
f 700// 647// 646//
f 700// 646// 701//
f 701// 646// 645//
f 701// 645// 644//
f 374// 643// 650//
f 650// 643// 700//
f 650// 700// 652//
f 652// 700// 699//
f 652// 699// 654//
f 654// 699// 656//
f 639// 702// 703//
f 703// 702// 704//
f 703// 704// 705//
f 658// 656// 698//
f 698// 656// 699//
f 698// 699// 706//
f 706// 699// 701//
f 706// 701// 707//
f 707// 701// 644//
f 704// 708// 705//
f 705// 708// 709//
f 705// 709// 710//
f 662// 660// 697//
f 697// 660// 698//
f 697// 698// 711//
f 711// 698// 706//
f 711// 706// 712//
f 712// 706// 707//
f 709// 713// 710//
f 710// 713// 714//
f 710// 714// 715//
f 712// 716// 711//
f 711// 716// 717//
f 711// 717// 697//
f 697// 717// 718//
f 697// 718// 664//
f 642// 641// 719//
f 719// 641// 703//
f 719// 703// 720//
f 720// 703// 705//
f 720// 705// 721//
f 721// 705// 710//
f 721// 710// 722//
f 722// 710// 715//
f 722// 715// 723//
f 723// 715// 696//
f 723// 696// 76//
f 76// 667// 718//
f 718// 667// 666//
f 718// 666// 664//
f 716// 724// 717//
f 717// 724// 725//
f 717// 725// 718//
f 718// 725// 76//
f 724// 726// 725//
f 725// 726// 76//
f 714// 727// 715//
f 715// 727// 728//
f 715// 728// 696//
f 696// 728// 729//
f 696// 729// 695//
f 644// 642// 707//
f 707// 642// 719//
f 707// 719// 712//
f 712// 719// 720//
f 712// 720// 716//
f 716// 720// 721//
f 716// 721// 724//
f 724// 721// 722//
f 724// 722// 726//
f 726// 722// 723//
f 726// 723// 76//
f 648// 92// 730//
f 731// 732// 733//
f 734// 735// 736//
f 737// 738// 739//
f 668// 375// 649//
f 670// 669// 740//
f 740// 669// 668//
f 672// 676// 738//
f 738// 676// 675//
f 738// 675// 739//
f 739// 675// 674//
f 739// 674// 673//
f 372// 672// 741//
f 741// 672// 738//
f 741// 738// 742//
f 742// 738// 737//
f 742// 737// 743//
f 743// 737// 744//
f 668// 649// 740//
f 740// 649// 651//
f 740// 651// 745//
f 735// 744// 736//
f 736// 744// 737//
f 736// 737// 746//
f 746// 737// 739//
f 746// 739// 747//
f 747// 739// 673//
f 651// 653// 745//
f 745// 653// 655//
f 745// 655// 748//
f 732// 734// 733//
f 733// 734// 736//
f 733// 736// 749//
f 749// 736// 746//
f 749// 746// 750//
f 750// 746// 747//
f 655// 657// 748//
f 748// 657// 659//
f 748// 659// 751//
f 750// 752// 749//
f 749// 752// 753//
f 749// 753// 733//
f 733// 753// 754//
f 733// 754// 731//
f 671// 670// 755//
f 755// 670// 740//
f 755// 740// 756//
f 756// 740// 745//
f 756// 745// 757//
f 757// 745// 748//
f 757// 748// 758//
f 758// 748// 751//
f 758// 751// 759//
f 759// 751// 730//
f 759// 730// 92//
f 92// 760// 754//
f 754// 760// 761//
f 754// 761// 731//
f 752// 762// 753//
f 753// 762// 763//
f 753// 763// 754//
f 754// 763// 92//
f 762// 764// 763//
f 763// 764// 92//
f 659// 661// 751//
f 751// 661// 663//
f 751// 663// 730//
f 730// 663// 665//
f 730// 665// 648//
f 673// 671// 747//
f 747// 671// 755//
f 747// 755// 750//
f 750// 755// 756//
f 750// 756// 752//
f 752// 756// 757//
f 752// 757// 762//
f 762// 757// 758//
f 762// 758// 764//
f 764// 758// 759//
f 764// 759// 92//
f 341// 339// 350//
f 350// 339// 371//
f 350// 371// 765//
f 342// 344// 365//
f 365// 344// 361//
f 365// 361// 766//
f 766// 361// 677//
f 766// 677// 767//
f 767// 677// 680//
f 767// 680// 768//
f 768// 680// 679//
f 768// 679// 769//
f 769// 679// 678//
f 769// 678// 770//
f 770// 678// 681//
f 770// 681// 771//
f 771// 681// 682//
f 771// 682// 772//
f 772// 682// 683//
f 772// 683// 773//
f 773// 683// 684//
f 773// 684// 765//
f 765// 684// 685//
f 765// 685// 350//
f 364// 363// 686//
f 686// 363// 774//
f 686// 774// 694//
f 694// 774// 775//
f 694// 775// 693//
f 693// 775// 776//
f 693// 776// 692//
f 776// 777// 692//
f 692// 777// 778//
f 692// 778// 691//
f 778// 779// 691//
f 691// 779// 780//
f 691// 780// 690//
f 690// 780// 781//
f 690// 781// 689//
f 689// 781// 782//
f 689// 782// 688//
f 688// 782// 783//
f 688// 783// 687//
f 687// 783// 369//
f 369// 783// 784//
f 369// 784// 368//
f 7// 76// 695//
f 52// 7// 785//
f 785// 7// 695//
f 785// 695// 786//
f 786// 695// 729//
f 786// 729// 787//
f 787// 729// 728//
f 787// 728// 788//
f 788// 728// 727//
f 788// 727// 789//
f 789// 727// 714//
f 789// 714// 790//
f 790// 714// 713//
f 790// 713// 791//
f 791// 713// 709//
f 791// 709// 792//
f 792// 709// 708//
f 792// 708// 793//
f 793// 708// 704//
f 793// 704// 794//
f 794// 704// 702//
f 794// 702// 368//
f 368// 702// 366//
f 48// 54// 795//
f 370// 372// 796//
f 796// 372// 741//
f 796// 741// 797//
f 797// 741// 742//
f 797// 742// 798//
f 798// 742// 743//
f 798// 743// 799//
f 799// 743// 744//
f 799// 744// 800//
f 800// 744// 735//
f 800// 735// 801//
f 801// 735// 734//
f 801// 734// 802//
f 802// 734// 732//
f 802// 732// 803//
f 803// 732// 731//
f 803// 731// 804//
f 804// 731// 761//
f 804// 761// 795//
f 795// 761// 760//
f 795// 760// 48//
f 48// 760// 92//
f 771// 772// 805//
f 805// 772// 773//
f 805// 773// 370//
f 370// 773// 765//
f 370// 765// 371//
f 805// 806// 771//
f 771// 806// 807//
f 771// 807// 770//
f 770// 807// 808//
f 809// 362// 365//
f 808// 810// 770//
f 770// 810// 811//
f 770// 811// 769//
f 769// 811// 812//
f 769// 812// 768//
f 768// 812// 813//
f 768// 813// 767//
f 767// 813// 809//
f 767// 809// 766//
f 766// 809// 365//
f 814// 52// 815//
f 816// 817// 52//
f 787// 788// 818//
f 789// 790// 819//
f 820// 821// 822//
f 777// 776// 823//
f 775// 774// 824//
f 824// 774// 363//
f 825// 780// 779//
f 822// 782// 781//
f 782// 822// 783//
f 783// 822// 821//
f 783// 821// 784//
f 368// 784// 794//
f 794// 784// 821//
f 794// 821// 793//
f 793// 821// 820//
f 793// 820// 792//
f 792// 820// 791//
f 363// 826// 824//
f 824// 826// 827//
f 824// 827// 828//
f 790// 791// 819//
f 819// 791// 820//
f 819// 820// 829//
f 829// 820// 822//
f 829// 822// 825//
f 825// 822// 781//
f 825// 781// 780//
f 827// 830// 828//
f 828// 830// 831//
f 828// 831// 832//
f 788// 789// 818//
f 818// 789// 819//
f 818// 819// 833//
f 833// 819// 829//
f 833// 829// 834//
f 834// 829// 825//
f 834// 825// 835//
f 835// 825// 779//
f 835// 779// 778//
f 831// 836// 832//
f 832// 836// 837//
f 832// 837// 838//
f 835// 839// 834//
f 834// 839// 840//
f 834// 840// 833//
f 833// 840// 841//
f 833// 841// 818//
f 818// 841// 842//
f 818// 842// 787//
f 817// 816// 843//
f 776// 775// 823//
f 823// 775// 824//
f 823// 824// 844//
f 844// 824// 828//
f 844// 828// 845//
f 845// 828// 832//
f 845// 832// 846//
f 846// 832// 838//
f 846// 838// 847//
f 847// 838// 815//
f 847// 815// 52//
f 52// 785// 842//
f 842// 785// 786//
f 842// 786// 787//
f 839// 848// 840//
f 840// 848// 849//
f 840// 849// 841//
f 841// 849// 850//
f 841// 850// 842//
f 842// 850// 52//
f 848// 843// 849//
f 849// 843// 816//
f 849// 816// 850//
f 850// 816// 52//
f 837// 851// 838//
f 838// 851// 852//
f 838// 852// 815//
f 815// 852// 853//
f 815// 853// 814//
f 778// 777// 835//
f 835// 777// 823//
f 835// 823// 839//
f 839// 823// 844//
f 839// 844// 848//
f 848// 844// 845//
f 848// 845// 843//
f 843// 845// 846//
f 843// 846// 817//
f 817// 846// 847//
f 817// 847// 52//
f 795// 54// 854//
f 855// 856// 857//
f 858// 859// 860//
f 861// 862// 863//
f 805// 370// 796//
f 807// 806// 864//
f 864// 806// 805//
f 809// 813// 862//
f 862// 813// 812//
f 862// 812// 863//
f 863// 812// 811//
f 863// 811// 810//
f 362// 809// 865//
f 865// 809// 862//
f 865// 862// 866//
f 866// 862// 861//
f 866// 861// 867//
f 867// 861// 868//
f 805// 796// 864//
f 864// 796// 797//
f 864// 797// 869//
f 859// 868// 860//
f 860// 868// 861//
f 860// 861// 870//
f 870// 861// 863//
f 870// 863// 871//
f 871// 863// 810//
f 797// 798// 869//
f 869// 798// 799//
f 869// 799// 872//
f 856// 858// 857//
f 857// 858// 860//
f 857// 860// 873//
f 873// 860// 870//
f 873// 870// 874//
f 874// 870// 871//
f 799// 800// 872//
f 872// 800// 801//
f 872// 801// 875//
f 874// 876// 873//
f 873// 876// 877//
f 873// 877// 857//
f 857// 877// 878//
f 857// 878// 855//
f 808// 807// 879//
f 879// 807// 864//
f 879// 864// 880//
f 880// 864// 869//
f 880// 869// 881//
f 881// 869// 872//
f 881// 872// 882//
f 882// 872// 875//
f 882// 875// 883//
f 883// 875// 854//
f 883// 854// 54//
f 54// 884// 878//
f 878// 884// 885//
f 878// 885// 855//
f 876// 886// 877//
f 877// 886// 887//
f 877// 887// 878//
f 878// 887// 54//
f 886// 888// 887//
f 887// 888// 54//
f 801// 802// 875//
f 875// 802// 803//
f 875// 803// 854//
f 854// 803// 804//
f 854// 804// 795//
f 810// 808// 871//
f 871// 808// 879//
f 871// 879// 874//
f 874// 879// 880//
f 874// 880// 876//
f 876// 880// 881//
f 876// 881// 886//
f 886// 881// 882//
f 886// 882// 888//
f 888// 882// 883//
f 888// 883// 54//
f 53// 52// 814//
f 54// 53// 884//
f 884// 53// 814//
f 884// 814// 885//
f 885// 814// 853//
f 885// 853// 855//
f 855// 853// 852//
f 855// 852// 856//
f 856// 852// 851//
f 856// 851// 858//
f 858// 851// 837//
f 858// 837// 859//
f 859// 837// 836//
f 859// 836// 868//
f 868// 836// 831//
f 868// 831// 867//
f 867// 831// 830//
f 867// 830// 866//
f 866// 830// 827//
f 866// 827// 865//
f 865// 827// 826//
f 865// 826// 362//
f 362// 826// 363//
usemtl 2
f 889// 324// 323//
f 889// 323// 890//
f 890// 323// 322//
f 890// 322// 891//
f 891// 322// 309//
f 891// 309// 892//
f 892// 309// 308//
f 892// 308// 893//
f 893// 308// 306//
f 893// 306// 894//
f 894// 306// 305//
f 894// 305// 895//
f 895// 305// 312//
f 895// 312// 896//
f 897// 321// 320//
f 897// 320// 898//
f 898// 320// 319//
f 898// 319// 899//
f 899// 319// 295//
f 899// 295// 900//
f 900// 295// 294//
f 900// 294// 901//
f 901// 294// 292//
f 901// 292// 902//
f 902// 292// 291//
f 902// 291// 903//
f 903// 291// 324//
f 903// 324// 889//
f 904// 296// 297//
f 904// 297// 905//
f 905// 297// 298//
f 905// 298// 906//
f 906// 298// 321//
f 906// 321// 897//
f 904// 907// 296//
f 296// 907// 287//
f 908// 286// 288//
f 908// 288// 909//
f 909// 288// 287//
f 909// 287// 907//
f 910// 303// 302//
f 910// 302// 911//
f 911// 302// 317//
f 911// 317// 912//
f 912// 317// 318//
f 912// 318// 913//
f 913// 318// 316//
f 913// 316// 914//
f 914// 316// 315//
f 914// 315// 915//
f 915// 315// 301//
f 915// 301// 916//
f 916// 301// 286//
f 916// 286// 908//
f 917// 284// 300//
f 917// 300// 918//
f 918// 300// 299//
f 918// 299// 919//
f 919// 299// 290//
f 919// 290// 920//
f 920// 290// 289//
f 920// 289// 921//
f 921// 289// 311//
f 921// 311// 922//
f 922// 311// 310//
f 922// 310// 923//
f 923// 310// 304//
f 923// 304// 924//
f 924// 304// 303//
f 924// 303// 910//
f 925// 280// 285//
f 925// 285// 926//
f 926// 285// 284//
f 926// 284// 917//
f 925// 927// 280//
f 280// 927// 281//
f 927// 928// 281//
f 281// 928// 282//
f 928// 929// 282//
f 282// 929// 307//
f 929// 930// 307//
f 307// 930// 313//
f 930// 931// 313//
f 313// 931// 314//
f 931// 896// 314//
f 314// 896// 312//
f 929// 928// 930//
f 930// 928// 927//
f 930// 927// 931//
f 927// 925// 931//
f 931// 925// 926//
f 931// 926// 896//
f 926// 917// 896//
f 896// 917// 918//
f 896// 918// 895//
f 895// 918// 919//
f 895// 919// 894//
f 894// 919// 920//
f 894// 920// 893//
f 893// 920// 921//
f 893// 921// 892//
f 892// 921// 922//
f 892// 922// 891//
f 891// 922// 923//
f 891// 923// 890//
f 890// 923// 924//
f 890// 924// 889//
f 889// 924// 910//
f 889// 910// 903//
f 903// 910// 911//
f 903// 911// 902//
f 902// 911// 912//
f 902// 912// 901//
f 901// 912// 913//
f 901// 913// 900//
f 900// 913// 914//
f 900// 914// 899//
f 899// 914// 915//
f 899// 915// 898//
f 898// 915// 916//
f 898// 916// 897//
f 897// 916// 908//
f 897// 908// 906//
f 906// 908// 909//
f 906// 909// 905//
f 905// 909// 907//
f 905// 907// 904//
f 932// 933// 275//
f 275// 933// 276//
f 933// 934// 276//
f 276// 934// 278//
f 934// 935// 278//
f 278// 935// 277//
f 935// 932// 277//
f 277// 932// 275//
f 935// 934// 932//
f 932// 934// 933//
f 936// 240// 239//
f 936// 239// 937//
f 937// 239// 238//
f 937// 238// 938//
f 938// 238// 229//
f 938// 229// 939//
f 939// 229// 228//
f 939// 228// 940//
f 940// 228// 227//
f 940// 227// 941//
f 941// 227// 220//
f 941// 220// 942//
f 942// 220// 219//
f 942// 219// 943//
f 943// 219// 246//
f 943// 246// 944//
f 945// 250// 252//
f 945// 252// 946//
f 946// 252// 218//
f 946// 218// 947//
f 218// 217// 947//
f 947// 217// 215//
f 947// 215// 948//
f 948// 215// 214//
f 948// 214// 949//
f 949// 214// 232//
f 949// 232// 950//
f 950// 232// 231//
f 950// 231// 951//
f 951// 231// 230//
f 951// 230// 952//
f 952// 230// 240//
f 952// 240// 936//
f 250// 945// 222//
f 222// 945// 953//
f 222// 953// 223//
f 223// 953// 954//
f 223// 954// 225//
f 225// 954// 955//
f 225// 955// 226//
f 226// 955// 956//
f 226// 956// 241//
f 241// 956// 957//
f 241// 957// 242//
f 242// 957// 958//
f 242// 958// 243//
f 243// 958// 959//
f 243// 959// 247//
f 247// 959// 960//
f 247// 960// 248//
f 944// 246// 245//
f 944// 245// 961//
f 961// 245// 244//
f 961// 244// 962//
f 962// 244// 237//
f 962// 237// 963//
f 963// 237// 236//
f 963// 236// 964//
f 964// 236// 234//
f 964// 234// 965//
f 965// 234// 233//
f 965// 233// 966//
f 966// 233// 249//
f 966// 249// 967//
f 967// 249// 248//
f 967// 248// 960//
f 944// 961// 968//
f 947// 948// 969//
f 968// 961// 970//
f 970// 961// 962//
f 970// 962// 971//
f 971// 962// 963//
f 971// 963// 972//
f 972// 963// 964//
f 972// 964// 973//
f 973// 964// 965//
f 973// 965// 974//
f 969// 948// 975//
f 975// 948// 949//
f 975// 949// 976//
f 949// 950// 976//
f 976// 950// 951//
f 976// 951// 977//
f 977// 951// 952//
f 977// 952// 978//
f 969// 979// 947//
f 947// 979// 980//
f 947// 980// 946//
f 946// 980// 981//
f 946// 981// 945//
f 945// 981// 982//
f 945// 982// 953//
f 953// 982// 983//
f 953// 983// 954//
f 954// 983// 984//
f 954// 984// 955//
f 955// 984// 985//
f 955// 985// 956//
f 956// 985// 986//
f 956// 986// 957//
f 957// 986// 987//
f 957// 987// 958//
f 958// 987// 988//
f 958// 988// 959//
f 959// 988// 989//
f 965// 966// 974//
f 974// 966// 967//
f 974// 967// 989//
f 989// 967// 960//
f 989// 960// 959//
f 968// 990// 944//
f 944// 990// 991//
f 944// 991// 943//
f 943// 991// 992//
f 943// 992// 942//
f 942// 992// 993//
f 942// 993// 941//
f 941// 993// 994//
f 941// 994// 940//
f 940// 994// 995//
f 940// 995// 939//
f 939// 995// 996//
f 939// 996// 938//
f 938// 996// 997//
f 938// 997// 937//
f 937// 997// 978//
f 937// 978// 936//
f 936// 978// 952//
f 978// 998// 999//
f 978// 999// 977//
f 977// 999// 1000//
f 977// 1000// 976//
f 976// 1000// 1001//
f 976// 1001// 975//
f 975// 1001// 1002//
f 975// 1002// 969//
f 969// 1002// 1003//
f 969// 1003// 979//
f 979// 1003// 1004//
f 979// 1004// 980//
f 980// 1004// 1005//
f 980// 1005// 981//
f 981// 1005// 1006//
f 981// 1006// 982//
f 982// 1006// 1007//
f 982// 1007// 983//
f 983// 1007// 1008//
f 983// 1008// 984//
f 984// 1008// 1009//
f 984// 1009// 985//
f 985// 1009// 1010//
f 985// 1010// 986//
f 986// 1010// 1011//
f 986// 1011// 987//
f 987// 1011// 1012//
f 987// 1012// 988//
f 988// 1012// 1013//
f 988// 1013// 989//
f 989// 1013// 1014//
f 989// 1014// 974//
f 974// 1014// 1015//
f 974// 1015// 973//
f 973// 1015// 1016//
f 973// 1016// 972//
f 972// 1016// 1017//
f 972// 1017// 971//
f 971// 1017// 1018//
f 971// 1018// 970//
f 970// 1018// 1019//
f 970// 1019// 968//
f 968// 1019// 1020//
f 968// 1020// 990//
f 990// 1020// 1021//
f 990// 1021// 991//
f 991// 1021// 1022//
f 991// 1022// 992//
f 992// 1022// 1023//
f 992// 1023// 993//
f 993// 1023// 1024//
f 993// 1024// 994//
f 994// 1024// 1025//
f 994// 1025// 995//
f 995// 1025// 1026//
f 995// 1026// 996//
f 996// 1026// 1027//
f 996// 1027// 997//
f 997// 1027// 998//
f 997// 998// 978//
f 1028// 1029// 266//
f 266// 1029// 267//
f 1030// 271// 270//
f 1030// 270// 1031//
f 1031// 270// 269//
f 1031// 269// 1032//
f 1032// 269// 268//
f 1032// 268// 1033//
f 1033// 268// 267//
f 1033// 267// 1029//
f 1030// 1034// 271//
f 271// 1034// 272//
f 1035// 263// 264//
f 1035// 264// 1036//
f 1036// 264// 265//
f 1036// 265// 1037//
f 1037// 265// 273//
f 1037// 273// 1038//
f 1038// 273// 272//
f 1038// 272// 1034//
f 1035// 1039// 263//
f 263// 1039// 262//
f 1039// 1040// 262//
f 262// 1040// 258//
f 1040// 1028// 258//
f 258// 1028// 266//
f 1040// 1039// 1028//
f 1028// 1039// 1035//
f 1034// 1030// 1038//
f 1038// 1030// 1031//
f 1038// 1031// 1037//
f 1037// 1031// 1032//
f 1037// 1032// 1036//
f 1036// 1032// 1033//
f 1036// 1033// 1035//
f 1035// 1033// 1029//
f 1035// 1029// 1028//
f 1041// 1042// 256//
f 256// 1042// 257//
f 1042// 1043// 257//
f 257// 1043// 260//
f 1043// 1044// 260//
f 260// 1044// 259//
f 1044// 1041// 259//
f 259// 1041// 256//
f 1044// 1043// 1041//
f 1041// 1043// 1042//
f 1045// 1046// 173//
f 173// 1046// 171//
f 1047// 207// 206//
f 1047// 206// 1048//
f 1048// 206// 169//
f 1048// 169// 1049//
f 1049// 169// 171//
f 1049// 171// 1046//
f 1050// 210// 209//
f 1050// 209// 1051//
f 1051// 209// 198//
f 1051// 198// 1052//
f 1052// 198// 197//
f 1052// 197// 1053//
f 1053// 197// 196//
f 1053// 196// 1054//
f 1054// 196// 195//
f 1054// 195// 1055//
f 1055// 195// 208//
f 1055// 208// 1056//
f 1056// 208// 207//
f 1056// 207// 1047//
f 1057// 212// 1058//
f 1058// 212// 192//
f 192// 191// 1058//
f 1058// 191// 190//
f 1058// 190// 1059//
f 1059// 190// 189//
f 1059// 189// 1060//
f 1060// 189// 188//
f 1060// 188// 1061//
f 1061// 188// 187//
f 1061// 187// 1062//
f 1062// 187// 211//
f 1062// 211// 1063//
f 1063// 211// 210//
f 1063// 210// 1050//
f 212// 1057// 174//
f 174// 1057// 1064//
f 174// 1064// 175//
f 175// 1064// 1065//
f 175// 1065// 176//
f 1065// 1066// 176//
f 176// 1066// 177//
f 1067// 180// 178//
f 1067// 178// 1068//
f 1068// 178// 177//
f 1068// 177// 1066//
f 1069// 182// 205//
f 1069// 205// 1070//
f 1070// 205// 204//
f 1070// 204// 1071//
f 1071// 204// 201//
f 1071// 201// 1072//
f 1072// 201// 200//
f 1072// 200// 1073//
f 1073// 200// 199//
f 1073// 199// 1074//
f 1074// 199// 181//
f 1074// 181// 1075//
f 1075// 181// 180//
f 1075// 180// 1067//
f 1076// 186// 185//
f 1076// 185// 1077//
f 1077// 185// 184//
f 1077// 184// 1078//
f 1078// 184// 193//
f 1078// 193// 1079//
f 1079// 193// 203//
f 1079// 203// 1080//
f 1080// 203// 202//
f 1080// 202// 1081//
f 1081// 202// 183//
f 1081// 183// 1082//
f 1082// 183// 182//
f 1082// 182// 1069//
f 1045// 173// 179//
f 1045// 179// 1083//
f 1083// 179// 194//
f 1083// 194// 1084//
f 1084// 194// 186//
f 1084// 186// 1076//
f 1077// 1047// 1076//
f 1076// 1047// 1048//
f 1076// 1048// 1084//
f 1084// 1048// 1049//
f 1084// 1049// 1083//
f 1083// 1049// 1046//
f 1083// 1046// 1045//
f 1066// 1065// 1068//
f 1068// 1065// 1064//
f 1068// 1064// 1067//
f 1067// 1064// 1057//
f 1067// 1057// 1075//
f 1075// 1057// 1058//
f 1075// 1058// 1074//
f 1074// 1058// 1059//
f 1074// 1059// 1073//
f 1073// 1059// 1060//
f 1073// 1060// 1072//
f 1072// 1060// 1061//
f 1072// 1061// 1071//
f 1071// 1061// 1062//
f 1071// 1062// 1070//
f 1070// 1062// 1063//
f 1070// 1063// 1069//
f 1069// 1063// 1050//
f 1069// 1050// 1082//
f 1082// 1050// 1051//
f 1082// 1051// 1081//
f 1081// 1051// 1052//
f 1081// 1052// 1080//
f 1080// 1052// 1053//
f 1080// 1053// 1079//
f 1079// 1053// 1054//
f 1079// 1054// 1078//
f 1078// 1054// 1055//
f 1078// 1055// 1077//
f 1077// 1055// 1056//
f 1077// 1056// 1047//
f 1085// 1086// 105//
f 105// 1086// 104//
f 1087// 150// 129//
f 1087// 129// 1088//
f 1088// 129// 127//
f 1088// 127// 1089//
f 1089// 127// 104//
f 1089// 104// 1086//
f 1090// 158// 157//
f 1090// 157// 1091//
f 1091// 157// 155//
f 1091// 155// 1092//
f 1092// 155// 154//
f 1092// 154// 1093//
f 1093// 154// 153//
f 1093// 153// 1094//
f 1094// 153// 152//
f 1094// 152// 1095//
f 1095// 152// 151//
f 1095// 151// 1096//
f 1096// 151// 150//
f 1096// 150// 1087//
f 1097// 126// 128//
f 1097// 128// 1098//
f 1098// 128// 130//
f 1098// 130// 1099//
f 1099// 130// 159//
f 1099// 159// 1100//
f 1100// 159// 161//
f 1100// 161// 1101//
f 1101// 161// 160//
f 1101// 160// 1102//
f 1102// 160// 158//
f 1102// 158// 1090//
f 1103// 109// 108//
f 1103// 108// 1104//
f 1104// 108// 97//
f 1104// 97// 1105//
f 1105// 97// 96//
f 1105// 96// 1106//
f 1106// 96// 113//
f 1106// 113// 1107//
f 1107// 113// 114//
f 1107// 114// 1108//
f 1108// 114// 126//
f 1108// 126// 1097//
f 1109// 163// 1110//
f 1110// 163// 162//
f 162// 167// 1110//
f 1110// 167// 117//
f 1110// 117// 1111//
f 1111// 117// 116//
f 1111// 116// 1112//
f 1112// 116// 115//
f 1112// 115// 1113//
f 1113// 115// 100//
f 1113// 100// 1114//
f 1114// 100// 99//
f 1114// 99// 1115//
f 1115// 99// 109//
f 1115// 109// 1103//
f 163// 1109// 1116//
f 1117// 132// 166//
f 1117// 166// 1116//
f 1116// 166// 165//
f 1116// 165// 163//
f 1117// 1118// 132//
f 132// 1118// 103//
f 1119// 125// 124//
f 1119// 124// 1120//
f 1120// 124// 122//
f 1120// 122// 1121//
f 1121// 122// 103//
f 1121// 103// 1118//
f 1122// 141// 140//
f 1122// 140// 1123//
f 1123// 140// 156//
f 1123// 156// 1124//
f 1124// 156// 145//
f 1124// 145// 1125//
f 1125// 145// 144//
f 1125// 144// 1126//
f 1126// 144// 143//
f 1126// 143// 1127//
f 1127// 143// 142//
f 1127// 142// 1128//
f 1128// 142// 125//
f 1128// 125// 1119//
f 1129// 121// 123//
f 1129// 123// 1130//
f 1130// 123// 149//
f 1130// 149// 1131//
f 1131// 149// 148//
f 1131// 148// 1132//
f 1132// 148// 147//
f 1132// 147// 1133//
f 1133// 147// 146//
f 1133// 146// 1134//
f 1134// 146// 141//
f 1134// 141// 1122//
f 1135// 135// 134//
f 1135// 134// 1136//
f 1136// 134// 133//
f 1136// 133// 1137//
f 1137// 133// 102//
f 1137// 102// 1138//
f 1138// 102// 101//
f 1138// 101// 1139//
f 1139// 101// 107//
f 1139// 107// 1140//
f 1140// 107// 121//
f 1140// 121// 1129//
f 1141// 137// 112//
f 1141// 112// 1142//
f 1142// 112// 111//
f 1142// 111// 1143//
f 1143// 111// 120//
f 1143// 120// 1144//
f 1144// 120// 119//
f 1144// 119// 1145//
f 1145// 119// 118//
f 1145// 118// 1146//
f 1146// 118// 136//
f 1146// 136// 1147//
f 1147// 136// 135//
f 1147// 135// 1135//
f 1085// 105// 139//
f 1085// 139// 1148//
f 1148// 139// 138//
f 1148// 138// 1149//
f 1149// 138// 137//
f 1149// 137// 1141//
f 1121// 1118// 1117//
f 1122// 1104// 1134//
f 1134// 1104// 1105//
f 1134// 1105// 1133//
f 1133// 1105// 1106//
f 1133// 1106// 1132//
f 1132// 1106// 1107//
f 1132// 1107// 1131//
f 1131// 1107// 1108//
f 1131// 1108// 1130//
f 1130// 1108// 1097//
f 1130// 1097// 1129//
f 1129// 1097// 1098//
f 1129// 1098// 1140//
f 1140// 1098// 1099//
f 1140// 1099// 1139//
f 1139// 1099// 1100//
f 1139// 1100// 1138//
f 1138// 1100// 1101//
f 1138// 1101// 1137//
f 1137// 1101// 1102//
f 1137// 1102// 1136//
f 1136// 1102// 1090//
f 1086// 1085// 1089//
f 1089// 1085// 1148//
f 1089// 1148// 1088//
f 1088// 1148// 1149//
f 1088// 1149// 1087//
f 1087// 1149// 1141//
f 1087// 1141// 1096//
f 1096// 1141// 1142//
f 1096// 1142// 1095//
f 1095// 1142// 1143//
f 1095// 1143// 1094//
f 1094// 1143// 1144//
f 1094// 1144// 1093//
f 1093// 1144// 1145//
f 1093// 1145// 1092//
f 1092// 1145// 1146//
f 1092// 1146// 1091//
f 1091// 1146// 1147//
f 1091// 1147// 1090//
f 1090// 1147// 1135//
f 1090// 1135// 1136//
f 1121// 1117// 1120//
f 1120// 1117// 1116//
f 1120// 1116// 1119//
f 1119// 1116// 1109//
f 1119// 1109// 1128//
f 1128// 1109// 1110//
f 1128// 1110// 1127//
f 1127// 1110// 1111//
f 1127// 1111// 1126//
f 1126// 1111// 1112//
f 1126// 1112// 1125//
f 1125// 1112// 1113//
f 1125// 1113// 1124//
f 1124// 1113// 1114//
f 1124// 1114// 1123//
f 1123// 1114// 1115//
f 1123// 1115// 1122//
f 1122// 1115// 1103//
f 1122// 1103// 1104//
usemtl 1
f 1012// 998// 1013//
f 1013// 998// 1027//
f 1000// 999// 1005//
f 1005// 999// 998//
f 1005// 998// 1006//
f 1015// 1014// 1020//
f 1020// 1014// 1013//
f 1020// 1013// 1021//
f 1027// 1026// 1013//
f 1013// 1026// 1025//
f 1013// 1025// 1024//
f 1012// 1011// 998//
f 998// 1011// 1010//
f 998// 1010// 1009//
f 1005// 1004// 1003//
f 1020// 1019// 1015//
f 1015// 1019// 1018//
f 1015// 1018// 1016//
f 1016// 1018// 1017//
f 1009// 1008// 998//
f 998// 1008// 1007//
f 998// 1007// 1006//
f 1003// 1002// 1005//
f 1005// 1002// 1001//
f 1005// 1001// 1000//
f 1024// 1023// 1013//
f 1013// 1023// 1022//
f 1013// 1022// 1021//
usemtl 3
f 1150// 1151// 77//
f 77// 1151// 79//
f 1151// 1152// 79//
f 79// 1152// 80//
f 1152// 1153// 80//
f 80// 1153// 87//
f 1153// 1154// 87//
f 87// 1154// 88//
f 1154// 1155// 88//
f 88// 1155// 89//
f 1155// 1156// 89//
f 89// 1156// 73//
f 1156// 1157// 73//
f 73// 1157// 67//
f 1157// 1150// 67//
f 67// 1150// 77//
f 1158// 1159// 1157//
f 1156// 1155// 1154//
f 1159// 1160// 1157//
f 1157// 1160// 1161//
f 1157// 1161// 1150//
f 1150// 1161// 1162//
f 1150// 1162// 1163//
f 1157// 1156// 1158//
f 1158// 1156// 1154//
f 1158// 1154// 1164//
f 1164// 1154// 1153//
f 1163// 1165// 1150//
f 1150// 1165// 1164//
f 1150// 1164// 1151//
f 1151// 1164// 1153//
f 1151// 1153// 1152//
f 1158// 1164// 1166//
f 1166// 1164// 1167//
f 1159// 1158// 1168//
f 1168// 1158// 1166//
f 1159// 1168// 1169//
f 1159// 1169// 1160//
f 1160// 1169// 1170//
f 1160// 1170// 1161//
f 1162// 1161// 1171//
f 1171// 1161// 1170//
f 1162// 1171// 1172//
f 1162// 1172// 1163//
f 1163// 1172// 1173//
f 1163// 1173// 1165//
f 1164// 1165// 1167//
f 1167// 1165// 1173//
f 1174// 1175// 91//
f 91// 1175// 60//
f 1175// 1176// 60//
f 60// 1176// 69//
f 1176// 1177// 69//
f 69// 1177// 70//
f 1178// 85// 84//
f 1178// 84// 1179//
f 1179// 84// 68//
f 1179// 68// 1180//
f 1180// 68// 66//
f 1180// 66// 1181//
f 1181// 66// 65//
f 1181// 65// 1182//
f 1182// 65// 83//
f 1182// 83// 1183//
f 1183// 83// 82//
f 1183// 82// 1184//
f 1184// 82// 81//
f 1184// 81// 1185//
f 1185// 81// 70//
f 1185// 70// 1177//
f 1174// 91// 90//
f 1174// 90// 1186//
f 1186// 90// 75//
f 1186// 75// 1187//
f 1187// 75// 74//
f 1187// 74// 1188//
f 1188// 74// 72//
f 1188// 72// 1189//
f 1189// 72// 71//
f 1189// 71// 1190//
f 1190// 71// 86//
f 1190// 86// 1191//
f 1191// 86// 85//
f 1191// 85// 1178//
f 1191// 1178// 1192//
f 1192// 1178// 1179//
f 1192// 1179// 1193//
f 1193// 1179// 1180//
f 1193// 1180// 1194//
f 1194// 1180// 1181//
f 1194// 1181// 1195//
f 1195// 1181// 1182//
f 1195// 1182// 1196//
f 1196// 1182// 1183//
f 1196// 1183// 1197//
f 1197// 1183// 1184//
f 1197// 1184// 1198//
f 1198// 1184// 1185//
f 1198// 1185// 1199//
f 1199// 1185// 1177//
f 1199// 1177// 1200//
f 1200// 1177// 1176//
f 1200// 1176// 1201//
f 1201// 1176// 1175//
f 1201// 1175// 1202//
f 1202// 1175// 1174//
f 1202// 1174// 1203//
f 1203// 1174// 1186//
f 1203// 1186// 1204//
f 1204// 1186// 1187//
f 1204// 1187// 1205//
f 1205// 1187// 1188//
f 1205// 1188// 1206//
f 1206// 1188// 1189//
f 1206// 1189// 1207//
f 1207// 1189// 1190//
f 1207// 1190// 1208//
f 1208// 1190// 1191//
f 1208// 1191// 1192//
f 1199// 1200// 1209//
f 1209// 1200// 1210//
f 1199// 1209// 1211//
f 1199// 1211// 1198//
f 1198// 1211// 1212//
f 1198// 1212// 1197//
f 1197// 1212// 1213//
f 1197// 1213// 1196//
f 1196// 1213// 1214//
f 1196// 1214// 1195//
f 1195// 1214// 1215//
f 1195// 1215// 1194//
f 1194// 1215// 1216//
f 1194// 1216// 1193//
f 1193// 1216// 1217//
f 1193// 1217// 1192//
f 1192// 1217// 1218//
f 1192// 1218// 1208//
f 1208// 1218// 1219//
f 1208// 1219// 1207//
f 1207// 1219// 1220//
f 1207// 1220// 1206//
f 1206// 1220// 1221//
f 1206// 1221// 1205//
f 1205// 1221// 1222//
f 1205// 1222// 1204//
f 1204// 1222// 1223//
f 1204// 1223// 1203//
f 1203// 1223// 1224//
f 1203// 1224// 1202//
f 1201// 1202// 1225//
f 1225// 1202// 1224//
f 1200// 1201// 1210//
f 1210// 1201// 1225//
f 1226// 1227// 93//
f 93// 1227// 61//
f 1227// 1228// 61//
f 61// 1228// 62//
f 1228// 1229// 62//
f 62// 1229// 63//
f 1229// 1230// 63//
f 63// 1230// 64//
f 1230// 1231// 64//
f 64// 1231// 55//
f 1231// 1232// 55//
f 55// 1232// 56//
f 1232// 1233// 56//
f 56// 1233// 57//
f 1233// 1234// 57//
f 57// 1234// 58//
f 1234// 1235// 58//
f 58// 1235// 59//
f 1235// 1236// 59//
f 59// 1236// 95//
f 1236// 1237// 95//
f 95// 1237// 94//
f 1237// 1226// 94//
f 94// 1226// 93//
f 1228// 1227// 1226//
f 1226// 1237// 1228//
f 1228// 1237// 1236//
f 1228// 1236// 1229//
f 1231// 1230// 1232//
f 1232// 1230// 1229//
f 1232// 1229// 1233//
f 1233// 1229// 1236//
f 1233// 1236// 1234//
f 1234// 1236// 1235//
f 1238// 1239// 6//
f 6// 1239// 4//
f 4// 1239// 1240//
f 1241// 50// 49//
f 1241// 49// 1242//
f 1242// 49// 47//
f 1242// 47// 1240//
f 1240// 47// 46//
f 1240// 46// 4//
f 1243// 42// 41//
f 1243// 41// 1244//
f 1244// 41// 31//
f 1244// 31// 1245//
f 1245// 31// 33//
f 1245// 33// 1246//
f 1246// 33// 34//
f 1246// 34// 1247//
f 1247// 34// 36//
f 1247// 36// 1248//
f 1248// 36// 35//
f 1248// 35// 1249//
f 1249// 35// 1241//
f 1241// 35// 1//
f 1241// 1// 50//
f 1250// 44// 40//
f 1250// 40// 1251//
f 1251// 40// 39//
f 1251// 39// 1252//
f 1252// 39// 38//
f 1252// 38// 1253//
f 1253// 38// 9//
f 1253// 9// 1254//
f 1254// 9// 8//
f 1254// 8// 1255//
f 1255// 8// 43//
f 1255// 43// 1256//
f 1256// 43// 42//
f 1256// 42// 1243//
f 1257// 15// 45//
f 1257// 45// 1258//
f 1258// 45// 44//
f 1258// 44// 1250//
f 1257// 1259// 15//
f 15// 1259// 14//
f 1260// 11// 13//
f 1260// 13// 1261//
f 1261// 13// 14//
f 1261// 14// 1259//
f 1262// 22// 21//
f 1262// 21// 1263//
f 1263// 21// 20//
f 1263// 20// 1264//
f 1264// 20// 19//
f 1264// 19// 1265//
f 1265// 19// 18//
f 1265// 18// 1266//
f 1266// 18// 17//
f 1266// 17// 1267//
f 1267// 17// 16//
f 1267// 16// 1268//
f 1268// 16// 11//
f 1268// 11// 1260//
f 1269// 25// 27//
f 1269// 27// 1270//
f 1270// 27// 28//
f 1270// 28// 1271//
f 1271// 28// 26//
f 1271// 26// 1272//
f 1272// 26// 29//
f 1272// 29// 1273//
f 1273// 29// 24//
f 1273// 24// 1274//
f 1274// 24// 23//
f 1274// 23// 1275//
f 1275// 23// 22//
f 1275// 22// 1262//
f 1238// 6// 12//
f 1238// 12// 1276//
f 1276// 12// 30//
f 1276// 30// 1277//
f 1277// 30// 25//
f 1277// 25// 1269//
f 1270// 1241// 1269//
f 1269// 1241// 1242//
f 1269// 1242// 1277//
f 1277// 1242// 1240//
f 1277// 1240// 1276//
f 1276// 1240// 1239//
f 1276// 1239// 1238//
f 1259// 1257// 1261//
f 1261// 1257// 1258//
f 1261// 1258// 1260//
f 1260// 1258// 1250//
f 1260// 1250// 1268//
f 1268// 1250// 1251//
f 1268// 1251// 1267//
f 1267// 1251// 1252//
f 1267// 1252// 1266//
f 1266// 1252// 1253//
f 1266// 1253// 1265//
f 1265// 1253// 1254//
f 1265// 1254// 1264//
f 1264// 1254// 1255//
f 1264// 1255// 1263//
f 1263// 1255// 1256//
f 1263// 1256// 1262//
f 1262// 1256// 1243//
f 1262// 1243// 1275//
f 1275// 1243// 1244//
f 1275// 1244// 1274//
f 1274// 1244// 1245//
f 1274// 1245// 1273//
f 1273// 1245// 1246//
f 1273// 1246// 1272//
f 1272// 1246// 1247//
f 1272// 1247// 1271//
f 1271// 1247// 1248//
f 1271// 1248// 1270//
f 1270// 1248// 1249//
f 1270// 1249// 1241//
f 1278// 1279// 32//
f 32// 1279// 2//
f 1279// 1280// 2//
f 2// 1280// 3//
f 1280// 1281// 3//
f 3// 1281// 51//
f 1281// 1282// 51//
f 51// 1282// 10//
f 1282// 1283// 10//
f 10// 1283// 37//
f 1283// 1278// 37//
f 37// 1278// 32//
f 1282// 1281// 1283//
f 1283// 1281// 1280//
f 1283// 1280// 1278//
f 1278// 1280// 1279//
usemtl 1
f 1166// 1167// 1168//
f 1168// 1167// 1173//
f 1168// 1173// 1169//
f 1169// 1173// 1172//
f 1169// 1172// 1170//
f 1170// 1172// 1171//
f 1209// 1210// 1225//
f 1218// 1217// 1209//
f 1218// 1209// 1219//
f 1217// 1216// 1209//
f 1209// 1216// 1215//
f 1209// 1215// 1211//
f 1225// 1224// 1209//
f 1209// 1224// 1223//
f 1209// 1223// 1222//
f 1214// 1213// 1215//
f 1215// 1213// 1212//
f 1215// 1212// 1211//
f 1222// 1221// 1209//
f 1209// 1221// 1220//
f 1209// 1220// 1219//
usemtl 4
f 1284// 1285// 1286//
f 1286// 1285// 1287//
f 1288// 1289// 1290//
f 1290// 1289// 1291//
f 1286// 1287// 1292//
f 1292// 1287// 1293//
f 1292// 1293// 1294//
f 1294// 1293// 1295//
f 1294// 1295// 1296//
f 1296// 1295// 1297//
f 1296// 1297// 1298//
f 1298// 1297// 1299//
f 1298// 1299// 1300//
f 1300// 1299// 1301//
f 1300// 1301// 1302//
f 1302// 1301// 1303//
f 1302// 1303// 1304//
f 1304// 1303// 1305//
f 1302// 1304// 1306//
f 1284// 1286// 1307//
f 1307// 1286// 1292//
f 1307// 1292// 1308//
f 1308// 1292// 1294//
f 1306// 1309// 1302//
f 1302// 1309// 1310//
f 1302// 1310// 1300//
f 1300// 1310// 1311//
f 1300// 1311// 1298//
f 1298// 1311// 1312//
f 1298// 1312// 1296//
f 1296// 1312// 1313//
f 1296// 1313// 1294//
f 1294// 1313// 1314//
f 1294// 1314// 1308//
f 1306// 1315// 1316//
f 1306// 1316// 1309//
f 1309// 1316// 1317//
f 1309// 1317// 1310//
f 1310// 1317// 1318//
f 1310// 1318// 1311//
f 1311// 1318// 1319//
f 1311// 1319// 1312//
f 1312// 1319// 1320//
f 1312// 1320// 1313//
f 1313// 1320// 1321//
f 1313// 1321// 1314//
f 1314// 1321// 1322//
f 1314// 1322// 1308//
f 1308// 1322// 1323//
f 1308// 1323// 1307//
f 1307// 1323// 1285//
f 1307// 1285// 1284//
f 1293// 1287// 1285//
f 1315// 1305// 1316//
f 1316// 1305// 1303//
f 1316// 1303// 1317//
f 1317// 1303// 1301//
f 1285// 1323// 1293//
f 1293// 1323// 1322//
f 1293// 1322// 1295//
f 1295// 1322// 1321//
f 1295// 1321// 1297//
f 1297// 1321// 1320//
f 1297// 1320// 1299//
f 1299// 1320// 1319//
f 1299// 1319// 1301//
f 1301// 1319// 1318//
f 1301// 1318// 1317//
f 1305// 1324// 1304//
f 1304// 1324// 1325//
f 1304// 1325// 1306//
f 1306// 1325// 1326//
f 1306// 1326// 1315//
f 1315// 1326// 1327//
f 1305// 1315// 1324//
f 1324// 1315// 1327//
f 1328// 1329// 1330//
f 1328// 1330// 1331//
f 1331// 1330// 1332//
f 1331// 1332// 1333//
f 1333// 1332// 1334//
f 1333// 1334// 1335//
f 1335// 1334// 1336//
f 1335// 1336// 1337//
f 1337// 1336// 1338//
f 1337// 1338// 1339//
f 1339// 1338// 1340//
f 1339// 1340// 1341//
f 1341// 1340// 1342//
f 1341// 1342// 1343//
f 1343// 1342// 1344//
f 1343// 1344// 1345//
f 1345// 1344// 1325//
f 1345// 1325// 1324//
f 1346// 1347// 1342//
f 1342// 1347// 1344//
f 1344// 1347// 1326//
f 1344// 1326// 1325//
f 1329// 1348// 1330//
f 1330// 1348// 1349//
f 1330// 1349// 1332//
f 1332// 1349// 1350//
f 1342// 1340// 1346//
f 1346// 1340// 1338//
f 1346// 1338// 1351//
f 1351// 1338// 1336//
f 1351// 1336// 1350//
f 1350// 1336// 1334//
f 1350// 1334// 1332//
f 1327// 1326// 1352//
f 1352// 1326// 1347//
f 1352// 1347// 1353//
f 1353// 1347// 1346//
f 1353// 1346// 1354//
f 1354// 1346// 1351//
f 1354// 1351// 1355//
f 1355// 1351// 1350//
f 1355// 1350// 1356//
f 1356// 1350// 1349//
f 1356// 1349// 1357//
f 1357// 1349// 1348//
f 1356// 1357// 1328//
f 1324// 1327// 1345//
f 1345// 1327// 1352//
f 1354// 1339// 1353//
f 1353// 1339// 1341//
f 1353// 1341// 1352//
f 1352// 1341// 1343//
f 1352// 1343// 1345//
f 1328// 1331// 1356//
f 1356// 1331// 1333//
f 1356// 1333// 1355//
f 1355// 1333// 1335//
f 1355// 1335// 1354//
f 1354// 1335// 1337//
f 1354// 1337// 1339//
f 1328// 1290// 1329//
f 1329// 1290// 1291//
f 1329// 1291// 1348//
f 1348// 1291// 1289//
f 1348// 1289// 1357//
f 1357// 1289// 1288//
f 1328// 1357// 1290//
f 1290// 1357// 1288//
f 1358// 1359// 1360//
f 1360// 1359// 1361//
f 1362// 1363// 1364//
f 1364// 1363// 1365//
f 1360// 1361// 1366//
f 1366// 1361// 1367//
f 1366// 1367// 1368//
f 1368// 1367// 1369//
f 1368// 1369// 1370//
f 1370// 1369// 1371//
f 1370// 1371// 1372//
f 1372// 1371// 1373//
f 1372// 1373// 1374//
f 1374// 1373// 1375//
f 1374// 1375// 1376//
f 1376// 1375// 1377//
f 1376// 1377// 1378//
f 1378// 1377// 1379//
f 1376// 1378// 1380//
f 1358// 1360// 1381//
f 1381// 1360// 1366//
f 1381// 1366// 1382//
f 1382// 1366// 1368//
f 1380// 1383// 1376//
f 1376// 1383// 1384//
f 1376// 1384// 1374//
f 1374// 1384// 1385//
f 1374// 1385// 1372//
f 1372// 1385// 1386//
f 1372// 1386// 1370//
f 1370// 1386// 1387//
f 1370// 1387// 1368//
f 1368// 1387// 1388//
f 1368// 1388// 1382//
f 1380// 1389// 1390//
f 1380// 1390// 1383//
f 1383// 1390// 1391//
f 1383// 1391// 1384//
f 1384// 1391// 1392//
f 1384// 1392// 1385//
f 1385// 1392// 1393//
f 1385// 1393// 1386//
f 1386// 1393// 1394//
f 1386// 1394// 1387//
f 1387// 1394// 1395//
f 1387// 1395// 1388//
f 1388// 1395// 1396//
f 1388// 1396// 1382//
f 1382// 1396// 1397//
f 1382// 1397// 1381//
f 1381// 1397// 1359//
f 1381// 1359// 1358//
f 1367// 1361// 1359//
f 1389// 1379// 1390//
f 1390// 1379// 1377//
f 1390// 1377// 1391//
f 1391// 1377// 1375//
f 1359// 1397// 1367//
f 1367// 1397// 1396//
f 1367// 1396// 1369//
f 1369// 1396// 1395//
f 1369// 1395// 1371//
f 1371// 1395// 1394//
f 1371// 1394// 1373//
f 1373// 1394// 1393//
f 1373// 1393// 1375//
f 1375// 1393// 1392//
f 1375// 1392// 1391//
f 1379// 1398// 1378//
f 1378// 1398// 1399//
f 1378// 1399// 1380//
f 1380// 1399// 1400//
f 1380// 1400// 1389//
f 1389// 1400// 1401//
f 1379// 1389// 1398//
f 1398// 1389// 1401//
f 1402// 1403// 1404//
f 1402// 1404// 1405//
f 1405// 1404// 1406//
f 1405// 1406// 1407//
f 1407// 1406// 1408//
f 1407// 1408// 1409//
f 1409// 1408// 1410//
f 1409// 1410// 1411//
f 1411// 1410// 1412//
f 1411// 1412// 1413//
f 1413// 1412// 1414//
f 1413// 1414// 1415//
f 1415// 1414// 1416//
f 1415// 1416// 1417//
f 1417// 1416// 1418//
f 1417// 1418// 1419//
f 1419// 1418// 1399//
f 1419// 1399// 1398//
f 1420// 1421// 1416//
f 1416// 1421// 1418//
f 1418// 1421// 1400//
f 1418// 1400// 1399//
f 1403// 1422// 1404//
f 1404// 1422// 1423//
f 1404// 1423// 1406//
f 1406// 1423// 1424//
f 1416// 1414// 1420//
f 1420// 1414// 1412//
f 1420// 1412// 1425//
f 1425// 1412// 1410//
f 1425// 1410// 1424//
f 1424// 1410// 1408//
f 1424// 1408// 1406//
f 1401// 1400// 1426//
f 1426// 1400// 1421//
f 1426// 1421// 1427//
f 1427// 1421// 1420//
f 1427// 1420// 1428//
f 1428// 1420// 1425//
f 1428// 1425// 1429//
f 1429// 1425// 1424//
f 1429// 1424// 1430//
f 1430// 1424// 1423//
f 1430// 1423// 1431//
f 1431// 1423// 1422//
f 1430// 1431// 1402//
f 1398// 1401// 1419//
f 1419// 1401// 1426//
f 1428// 1413// 1427//
f 1427// 1413// 1415//
f 1427// 1415// 1426//
f 1426// 1415// 1417//
f 1426// 1417// 1419//
f 1402// 1405// 1430//
f 1430// 1405// 1407//
f 1430// 1407// 1429//
f 1429// 1407// 1409//
f 1429// 1409// 1428//
f 1428// 1409// 1411//
f 1428// 1411// 1413//
f 1402// 1364// 1403//
f 1403// 1364// 1365//
f 1403// 1365// 1422//
f 1422// 1365// 1363//
f 1422// 1363// 1431//
f 1431// 1363// 1362//
f 1402// 1431// 1364//
f 1364// 1431// 1362//
f 1432// 1433// 1434//
f 1434// 1433// 1435//
f 1436// 1437// 1438//
f 1438// 1437// 1439//
f 1434// 1435// 1440//
f 1440// 1435// 1441//
f 1440// 1441// 1442//
f 1442// 1441// 1443//
f 1442// 1443// 1444//
f 1444// 1443// 1445//
f 1444// 1445// 1446//
f 1446// 1445// 1447//
f 1446// 1447// 1448//
f 1448// 1447// 1449//
f 1448// 1449// 1450//
f 1450// 1449// 1451//
f 1450// 1451// 1452//
f 1452// 1451// 1453//
f 1450// 1452// 1454//
f 1432// 1434// 1455//
f 1455// 1434// 1440//
f 1455// 1440// 1456//
f 1456// 1440// 1442//
f 1454// 1457// 1450//
f 1450// 1457// 1458//
f 1450// 1458// 1448//
f 1448// 1458// 1459//
f 1448// 1459// 1446//
f 1446// 1459// 1460//
f 1446// 1460// 1444//
f 1444// 1460// 1461//
f 1444// 1461// 1442//
f 1442// 1461// 1462//
f 1442// 1462// 1456//
f 1454// 1463// 1464//
f 1454// 1464// 1457//
f 1457// 1464// 1465//
f 1457// 1465// 1458//
f 1458// 1465// 1466//
f 1458// 1466// 1459//
f 1459// 1466// 1467//
f 1459// 1467// 1460//
f 1460// 1467// 1468//
f 1460// 1468// 1461//
f 1461// 1468// 1469//
f 1461// 1469// 1462//
f 1462// 1469// 1470//
f 1462// 1470// 1456//
f 1456// 1470// 1471//
f 1456// 1471// 1455//
f 1455// 1471// 1433//
f 1455// 1433// 1432//
f 1441// 1435// 1433//
f 1463// 1453// 1464//
f 1464// 1453// 1451//
f 1464// 1451// 1465//
f 1465// 1451// 1449//
f 1433// 1471// 1441//
f 1441// 1471// 1470//
f 1441// 1470// 1443//
f 1443// 1470// 1469//
f 1443// 1469// 1445//
f 1445// 1469// 1468//
f 1445// 1468// 1447//
f 1447// 1468// 1467//
f 1447// 1467// 1449//
f 1449// 1467// 1466//
f 1449// 1466// 1465//
f 1453// 1472// 1452//
f 1452// 1472// 1473//
f 1452// 1473// 1454//
f 1454// 1473// 1474//
f 1454// 1474// 1463//
f 1463// 1474// 1475//
f 1453// 1463// 1472//
f 1472// 1463// 1475//
f 1476// 1477// 1478//
f 1476// 1478// 1479//
f 1479// 1478// 1480//
f 1479// 1480// 1481//
f 1481// 1480// 1482//
f 1481// 1482// 1483//
f 1483// 1482// 1484//
f 1483// 1484// 1485//
f 1485// 1484// 1486//
f 1485// 1486// 1487//
f 1487// 1486// 1488//
f 1487// 1488// 1489//
f 1489// 1488// 1490//
f 1489// 1490// 1491//
f 1491// 1490// 1492//
f 1491// 1492// 1493//
f 1493// 1492// 1473//
f 1493// 1473// 1472//
f 1494// 1495// 1490//
f 1490// 1495// 1492//
f 1492// 1495// 1474//
f 1492// 1474// 1473//
f 1477// 1496// 1478//
f 1478// 1496// 1497//
f 1478// 1497// 1480//
f 1480// 1497// 1498//
f 1490// 1488// 1494//
f 1494// 1488// 1486//
f 1494// 1486// 1499//
f 1499// 1486// 1484//
f 1499// 1484// 1498//
f 1498// 1484// 1482//
f 1498// 1482// 1480//
f 1475// 1474// 1500//
f 1500// 1474// 1495//
f 1500// 1495// 1501//
f 1501// 1495// 1494//
f 1501// 1494// 1502//
f 1502// 1494// 1499//
f 1502// 1499// 1503//
f 1503// 1499// 1498//
f 1503// 1498// 1504//
f 1504// 1498// 1497//
f 1504// 1497// 1505//
f 1505// 1497// 1496//
f 1504// 1505// 1476//
f 1472// 1475// 1493//
f 1493// 1475// 1500//
f 1502// 1487// 1501//
f 1501// 1487// 1489//
f 1501// 1489// 1500//
f 1500// 1489// 1491//
f 1500// 1491// 1493//
f 1476// 1479// 1504//
f 1504// 1479// 1481//
f 1504// 1481// 1503//
f 1503// 1481// 1483//
f 1503// 1483// 1502//
f 1502// 1483// 1485//
f 1502// 1485// 1487//
f 1476// 1438// 1477//
f 1477// 1438// 1439//
f 1477// 1439// 1496//
f 1496// 1439// 1437//
f 1496// 1437// 1505//
f 1505// 1437// 1436//
f 1476// 1505// 1438//
f 1438// 1505// 1436//
f 1506// 1507// 1508//
f 1508// 1507// 1509//
f 1510// 1511// 1512//
f 1512// 1511// 1513//
f 1508// 1509// 1514//
f 1514// 1509// 1515//
f 1514// 1515// 1516//
f 1516// 1515// 1517//
f 1516// 1517// 1518//
f 1518// 1517// 1519//
f 1518// 1519// 1520//
f 1520// 1519// 1521//
f 1520// 1521// 1522//
f 1522// 1521// 1523//
f 1522// 1523// 1524//
f 1524// 1523// 1525//
f 1524// 1525// 1526//
f 1526// 1525// 1527//
f 1524// 1526// 1528//
f 1506// 1508// 1529//
f 1529// 1508// 1514//
f 1529// 1514// 1530//
f 1530// 1514// 1516//
f 1528// 1531// 1524//
f 1524// 1531// 1532//
f 1524// 1532// 1522//
f 1522// 1532// 1533//
f 1522// 1533// 1520//
f 1520// 1533// 1534//
f 1520// 1534// 1518//
f 1518// 1534// 1535//
f 1518// 1535// 1516//
f 1516// 1535// 1536//
f 1516// 1536// 1530//
f 1528// 1537// 1538//
f 1528// 1538// 1531//
f 1531// 1538// 1539//
f 1531// 1539// 1532//
f 1532// 1539// 1540//
f 1532// 1540// 1533//
f 1533// 1540// 1541//
f 1533// 1541// 1534//
f 1534// 1541// 1542//
f 1534// 1542// 1535//
f 1535// 1542// 1543//
f 1535// 1543// 1536//
f 1536// 1543// 1544//
f 1536// 1544// 1530//
f 1530// 1544// 1545//
f 1530// 1545// 1529//
f 1529// 1545// 1507//
f 1529// 1507// 1506//
f 1515// 1509// 1507//
f 1537// 1527// 1538//
f 1538// 1527// 1525//
f 1538// 1525// 1539//
f 1539// 1525// 1523//
f 1507// 1545// 1515//
f 1515// 1545// 1544//
f 1515// 1544// 1517//
f 1517// 1544// 1543//
f 1517// 1543// 1519//
f 1519// 1543// 1542//
f 1519// 1542// 1521//
f 1521// 1542// 1541//
f 1521// 1541// 1523//
f 1523// 1541// 1540//
f 1523// 1540// 1539//
f 1527// 1546// 1526//
f 1526// 1546// 1547//
f 1526// 1547// 1528//
f 1528// 1547// 1548//
f 1528// 1548// 1537//
f 1537// 1548// 1549//
f 1527// 1537// 1546//
f 1546// 1537// 1549//
f 1550// 1551// 1552//
f 1550// 1552// 1553//
f 1553// 1552// 1554//
f 1553// 1554// 1555//
f 1555// 1554// 1556//
f 1555// 1556// 1557//
f 1557// 1556// 1558//
f 1557// 1558// 1559//
f 1559// 1558// 1560//
f 1559// 1560// 1561//
f 1561// 1560// 1562//
f 1561// 1562// 1563//
f 1563// 1562// 1564//
f 1563// 1564// 1565//
f 1565// 1564// 1566//
f 1565// 1566// 1567//
f 1567// 1566// 1547//
f 1567// 1547// 1546//
f 1568// 1569// 1564//
f 1564// 1569// 1566//
f 1566// 1569// 1548//
f 1566// 1548// 1547//
f 1551// 1570// 1552//
f 1552// 1570// 1571//
f 1552// 1571// 1554//
f 1554// 1571// 1572//
f 1564// 1562// 1568//
f 1568// 1562// 1560//
f 1568// 1560// 1573//
f 1573// 1560// 1558//
f 1573// 1558// 1572//
f 1572// 1558// 1556//
f 1572// 1556// 1554//
f 1549// 1548// 1574//
f 1574// 1548// 1569//
f 1574// 1569// 1575//
f 1575// 1569// 1568//
f 1575// 1568// 1576//
f 1576// 1568// 1573//
f 1576// 1573// 1577//
f 1577// 1573// 1572//
f 1577// 1572// 1578//
f 1578// 1572// 1571//
f 1578// 1571// 1579//
f 1579// 1571// 1570//
f 1578// 1579// 1550//
f 1546// 1549// 1567//
f 1567// 1549// 1574//
f 1576// 1561// 1575//
f 1575// 1561// 1563//
f 1575// 1563// 1574//
f 1574// 1563// 1565//
f 1574// 1565// 1567//
f 1550// 1553// 1578//
f 1578// 1553// 1555//
f 1578// 1555// 1577//
f 1577// 1555// 1557//
f 1577// 1557// 1576//
f 1576// 1557// 1559//
f 1576// 1559// 1561//
f 1550// 1512// 1551//
f 1551// 1512// 1513//
f 1551// 1513// 1570//
f 1570// 1513// 1511//
f 1570// 1511// 1579//
f 1579// 1511// 1510//
f 1550// 1579// 1512//
f 1512// 1579// 1510//
f 1580// 1581// 1582//
f 1582// 1581// 1583//
f 1584// 1585// 1586//
f 1586// 1585// 1587//
f 1582// 1583// 1588//
f 1588// 1583// 1589//
f 1588// 1589// 1590//
f 1590// 1589// 1591//
f 1590// 1591// 1592//
f 1592// 1591// 1593//
f 1592// 1593// 1594//
f 1594// 1593// 1595//
f 1594// 1595// 1596//
f 1596// 1595// 1597//
f 1596// 1597// 1598//
f 1598// 1597// 1599//
f 1598// 1599// 1600//
f 1600// 1599// 1601//
f 1598// 1600// 1602//
f 1580// 1582// 1603//
f 1603// 1582// 1588//
f 1603// 1588// 1604//
f 1604// 1588// 1590//
f 1602// 1605// 1598//
f 1598// 1605// 1606//
f 1598// 1606// 1596//
f 1596// 1606// 1607//
f 1596// 1607// 1594//
f 1594// 1607// 1608//
f 1594// 1608// 1592//
f 1592// 1608// 1609//
f 1592// 1609// 1590//
f 1590// 1609// 1610//
f 1590// 1610// 1604//
f 1602// 1611// 1612//
f 1602// 1612// 1605//
f 1605// 1612// 1613//
f 1605// 1613// 1606//
f 1606// 1613// 1614//
f 1606// 1614// 1607//
f 1607// 1614// 1615//
f 1607// 1615// 1608//
f 1608// 1615// 1616//
f 1608// 1616// 1609//
f 1609// 1616// 1617//
f 1609// 1617// 1610//
f 1610// 1617// 1618//
f 1610// 1618// 1604//
f 1604// 1618// 1619//
f 1604// 1619// 1603//
f 1603// 1619// 1581//
f 1603// 1581// 1580//
f 1589// 1583// 1581//
f 1611// 1601// 1612//
f 1612// 1601// 1599//
f 1612// 1599// 1613//
f 1613// 1599// 1597//
f 1581// 1619// 1589//
f 1589// 1619// 1618//
f 1589// 1618// 1591//
f 1591// 1618// 1617//
f 1591// 1617// 1593//
f 1593// 1617// 1616//
f 1593// 1616// 1595//
f 1595// 1616// 1615//
f 1595// 1615// 1597//
f 1597// 1615// 1614//
f 1597// 1614// 1613//
f 1601// 1620// 1600//
f 1600// 1620// 1621//
f 1600// 1621// 1602//
f 1602// 1621// 1622//
f 1602// 1622// 1611//
f 1611// 1622// 1623//
f 1601// 1611// 1620//
f 1620// 1611// 1623//
f 1624// 1625// 1626//
f 1624// 1626// 1627//
f 1627// 1626// 1628//
f 1627// 1628// 1629//
f 1629// 1628// 1630//
f 1629// 1630// 1631//
f 1631// 1630// 1632//
f 1631// 1632// 1633//
f 1633// 1632// 1634//
f 1633// 1634// 1635//
f 1635// 1634// 1636//
f 1635// 1636// 1637//
f 1637// 1636// 1638//
f 1637// 1638// 1639//
f 1639// 1638// 1640//
f 1639// 1640// 1641//
f 1641// 1640// 1621//
f 1641// 1621// 1620//
f 1642// 1643// 1638//
f 1638// 1643// 1640//
f 1640// 1643// 1622//
f 1640// 1622// 1621//
f 1625// 1644// 1626//
f 1626// 1644// 1645//
f 1626// 1645// 1628//
f 1628// 1645// 1646//
f 1638// 1636// 1642//
f 1642// 1636// 1634//
f 1642// 1634// 1647//
f 1647// 1634// 1632//
f 1647// 1632// 1646//
f 1646// 1632// 1630//
f 1646// 1630// 1628//
f 1623// 1622// 1648//
f 1648// 1622// 1643//
f 1648// 1643// 1649//
f 1649// 1643// 1642//
f 1649// 1642// 1650//
f 1650// 1642// 1647//
f 1650// 1647// 1651//
f 1651// 1647// 1646//
f 1651// 1646// 1652//
f 1652// 1646// 1645//
f 1652// 1645// 1653//
f 1653// 1645// 1644//
f 1652// 1653// 1624//
f 1620// 1623// 1641//
f 1641// 1623// 1648//
f 1650// 1635// 1649//
f 1649// 1635// 1637//
f 1649// 1637// 1648//
f 1648// 1637// 1639//
f 1648// 1639// 1641//
f 1624// 1627// 1652//
f 1652// 1627// 1629//
f 1652// 1629// 1651//
f 1651// 1629// 1631//
f 1651// 1631// 1650//
f 1650// 1631// 1633//
f 1650// 1633// 1635//
f 1624// 1586// 1625//
f 1625// 1586// 1587//
f 1625// 1587// 1644//
f 1644// 1587// 1585//
f 1644// 1585// 1653//
f 1653// 1585// 1584//
f 1624// 1653// 1586//
f 1586// 1653// 1584//
