v -1.25 -1.05 1.3
v -1.085332 -0.92514 1.3
v -1.25 -1.3 1.3
newmtl 1
Ka 0.5019607843137255 0.5019607843137255 0.5019607843137255
Kd 0.5019607843137255 0.5019607843137255 0.5019607843137255
Ks 0.25098039215686274 0.25098039215686274 0.25098039215686274
d 0.0
endmtl
v -0.999585 -1.017182 1.3
v -0.906061 -1.10131 1.3
v -0.805487 -1.176869 1.3
v -0.698647 -1.243271 1.3
v -0.58637 -1.3 1.3
v -1.289571 0.608964 1.3
v -1.338217 0.492956 1.3
v -1.5 0.8 1.3
v -1.376451 0.373113 1.3
v -1.403975 0.250366 1.3
v -0.58637 1.3 1.3
v -0.698647 1.243271 1.3
v -1.25 1.3 1.3
v -0.805487 1.176869 1.3
v -1.338217 -0.492956 1.3
v -1.5 -0.8 1.3
v -1.376451 -0.373113 1.3
v -1.403975 -0.250366 1.3
v -0.906061 1.10131 1.3
v -0.999585 1.017182 1.3
v -1.25 1.05 1.3
v -1.085332 0.92514 1.3
v -1.162635 0.8259 1.3
v -1.230891 0.720234 1.3
v -1.289571 -0.608964 1.3
v -1.230891 -0.720234 1.3
v -1.162635 -0.8259 1.3
v -1.420576 0.125672 1.3
v -1.426124 -0.0 1.3
v -1.420576 -0.125672 1.3
v 1.5 -0.8 0.0
v 1.25 -1.05 0.0
v 1.5 -0.049969 0.0
v 1.25 -0.75 0.0
v 0.085037 -0.049969 0.0
v 0.089054 -0.050532 0.0
v -0.018654 -0.75 0.0
v 0.091788 -0.050579 0.0
v -0.008898 -0.038384 0.0
v -0.008898 -0.049359 0.0
v -0.018654 -0.049969 0.0
v 0.044761 -0.049359 0.0
v 1.25 1.05 0.0
v 1.5 0.8 0.0
v 1.25 0.75 0.0
v -0.006459 0.039665 0.0
v 0.031346 0.039665 0.0
v 0.031346 0.006738 0.0
v 0.064273 -0.044176 0.0
v 0.064273 -0.033201 0.0
v 0.044761 0.050641 0.0
v 0.031346 -0.004237 0.0
v 0.031346 -0.038384 0.0
v -0.00402 -0.004237 0.0
v -0.00402 0.006738 0.0
v 0.198419 -0.049359 0.0
v 0.097669 -0.049969 0.0
v 0.1472 -0.049359 0.0
v 0.104112 -0.049301 0.0
v 0.113804 -0.045965 0.0
v -0.006459 0.050641 0.0
v -0.018654 0.75 0.0
v 0.097538 0.039779 0.0
v 0.105023 0.037077 0.0
v 0.066065 -0.034194 0.0
v 0.111945 0.032447 0.0
v 0.117983 0.02578 0.0
v 0.125249 -4.26E-4 0.0
v 0.124236 -0.011252 0.0
v 0.121519 -0.019853 0.0
v 0.099267 -0.038557 0.0
v 0.08994 -0.039603 0.0
v 0.106554 -0.035875 0.0
v 0.112691 -0.031738 0.0
v 0.117383 -0.026787 0.0
v 0.076666 -0.03813 0.0
v 0.133386 0.024302 0.0
v 0.127524 0.033651 0.0
v 0.185005 0.050641 0.0
v 0.122106 0.018059 0.0
v 0.124772 0.007354 0.0
v 0.118496 0.042334 0.0
v 0.198419 0.050641 0.0
v 0.121848 -0.040828 0.0
v 0.129359 -0.032921 0.0
v 0.1472 -0.038384 0.0
v 0.134687 -0.023412 0.0
v 0.185005 -0.038384 0.0
v 0.137696 -0.012827 0.0
v 0.138663 -0.001246 0.0
v 0.137225 0.012971 0.0
v 0.108998 0.047802 0.0
v 0.09785 0.05104 0.0
v 0.087806 0.05186 0.0
v 0.075835 0.051034 0.0
v 0.064273 0.047897 0.0
v 0.064273 0.034482 0.0
v 0.075537 0.039305 0.0
v 0.087691 0.040885 0.0
v -0.130849 -0.049359 0.0
v -0.116215 -0.049359 0.0
v -1.5 -0.049969 0.0
v -1.5 0.8 0.0
v -1.25 0.75 0.0
v -1.25 1.05 0.0
v -0.103904 -0.021952 0.0
v -0.09817 -0.030896 0.0
v -0.089939 -0.038777 0.0
v -0.079497 -0.044845 0.0
v -0.15402 0.050641 0.0
v -0.167434 0.050641 0.0
v -0.206459 -0.049359 0.0
v -0.191825 -0.049359 0.0
v -0.181706 -0.021311 0.0
v -0.140395 -0.021311 0.0
v -0.02841 0.050641 0.0
v -0.05663 0.050641 0.0
v -0.093766 0.037602 0.0
v -0.100838 0.029761 0.0
v -0.105485 0.02116 0.0
v -0.067974 -0.048279 0.0
v -0.055601 -0.049359 0.0
v -0.02841 -0.049359 0.0
v -0.071077 0.049096 0.0
v -0.082778 0.044988 0.0
v -0.093662 0.037694 0.0
v -0.108171 0.011308 0.0
v -0.108898 0.001898 0.0
v -0.107495 -0.011485 0.0
v -1.25 -1.05 0.0
v -1.5 -0.8 0.0
v -1.25 -0.75 0.0
v 0.074932 -0.048553 0.0
v -1.25 -1.3 1.5
v -1.25 -1.05 1.5
v 1.25 -1.3 1.3
v 1.25 -1.05 1.3
v 1.25 -1.3 1.5
v 1.25 -1.05 1.5
v 1.5 -0.8 1.5
v 1.5 -0.8 1.3
v 1.5 0.8 1.5
v 1.5 0.8 1.3
v 1.25 1.05 1.5
v 1.25 1.05 1.3
v 1.25 1.3 1.5
v 1.25 1.3 1.3
v -1.25 1.3 1.5
v -1.25 1.05 1.5
v -1.5 0.8 1.5
v -1.5 -0.8 1.5
v 1.085332 0.92514 1.3
v 0.999585 1.017182 1.3
v 0.906061 1.10131 1.3
v 0.805487 -1.176869 1.3
v 0.698647 -1.243271 1.3
v 0.58637 -1.3 1.3
v 0.805487 1.176869 1.3
v 0.698647 1.243271 1.3
v 0.58637 1.3 1.3
v 1.403975 0.250366 1.3
v 1.376451 0.373113 1.3
v 1.338217 0.492956 1.3
v 0.906061 -1.10131 1.3
v 0.999585 -1.017182 1.3
v 1.289571 0.608964 1.3
v 1.230891 0.720234 1.3
v 1.162635 0.8259 1.3
v 1.289571 -0.608964 1.3
v 1.338217 -0.492956 1.3
v 1.376451 -0.373113 1.3
v 1.403975 -0.250366 1.3
v 1.085332 -0.92514 1.3
v 1.162635 -0.8259 1.3
v 1.230891 -0.720234 1.3
v 1.420576 -0.125672 1.3
v 1.426124 0.0 1.3
v 1.420576 0.125672 1.3
v 0.100092 1.144051 0.386504
v -0.0 1.148421 0.386504
v -0.0 1.115219 0.481735
newmtl 2
Ka 0.25098039215686274 0.25098039215686274 0.25098039215686274
Kd 0.25098039215686274 0.25098039215686274 0.25098039215686274
Ks 0.12549019607843137 0.12549019607843137 0.12549019607843137
d 0.0
endmtl
v 1.13458 0.0 1.077591
v 1.134354 0.0 1.076848
v 1.129476 0.104661 1.07686
v 1.148421 0.0 1.113496
v 1.143954 0.101201 1.113496
v 1.143323 0.105936 1.113496
v 1.130586 0.201614 1.113496
v 1.115001 0.20843 1.07686
v 1.128495 0.210938 1.113496
v 1.108421 0.300458 1.113496
v 1.091013 0.31042 1.07686
v 1.104064 0.314115 1.113496
v 1.077632 0.396965 1.113496
v 1.057717 0.409762 1.07686
v 1.07024 0.414593 1.113496
v 1.038459 0.490383 1.113496
v 1.015397 0.505608 1.07686
v 1.027312 0.51152 1.113496
v 0.991205 0.579986 1.113496
v 0.964414 0.59714 1.07686
v 0.975645 0.604074 1.113496
v 0.93624 0.665076 1.113496
v 0.905203 0.683577 1.07686
v 0.91568 0.691471 1.113496
v 0.87399 0.744992 1.113496
v 0.838269 0.764183 1.07686
v 0.847925 0.77297 1.113496
v 0.804941 0.819111 1.113496
v 0.764183 0.838269 1.07686
v 0.772956 0.847882 1.113496
v 0.729628 0.886857 1.113496
v 0.683577 0.905203 1.07686
v 0.691409 0.915569 1.113496
v 0.648639 0.947702 1.113496
v 0.59714 0.964414 1.07686
v 0.603977 0.97546 1.113496
v 0.505608 1.015397 1.07686
v 0.409762 1.057717 1.07686
v 0.419553 1.06989 1.115426
v 0.472189 1.046857 1.113496
v 0.5114 1.027045 1.113496
v 0.562602 1.001174 1.113496
v 0.307967 1.113001 1.12878
v 0.315839 1.11011 1.127673
v 0.31042 1.091013 1.07686
v 0.364481 1.092244 1.120826
v 0.415166 1.071671 1.115857
v 0.250153 1.131612 1.138218
v 0.20843 1.115001 1.07686
v 0.213412 1.141726 1.144311
v 0.098888 1.164799 1.160235
v 0.107787 1.163336 1.159158
v 0.104661 1.129476 1.07686
v 0.150505 1.156313 1.153988
v 0.204364 1.144217 1.145812
v -0.0 1.134315 1.07686
v -0.0 1.134615 1.077576
v 0.048971 1.169809 1.164118
v -0.0 1.171462 1.165431
v 1.144051 0.100092 0.386504
v 1.143283 0.105931 0.386504
v 1.110462 0.102899 0.481735
v 1.130974 0.199421 0.386504
v 1.09623 0.204921 0.481735
v 1.128424 0.210924 0.386504
v 1.10929 0.297233 0.386504
v 1.072646 0.305194 0.481735
v 1.103975 0.314089 0.386504
v 1.079163 0.392783 0.386504
v 1.039911 0.402864 0.481735
v 1.070144 0.414557 0.386504
v 1.040823 0.485344 0.386504
v 0.998303 0.497096 0.481735
v 1.02722 0.511476 0.386504
v 0.994562 0.574211 0.386504
v 0.948178 0.587087 0.481735
v 0.975565 0.604029 0.386504
v 0.940732 0.658707 0.386504
v 0.889964 0.67207 0.481735
v 0.91562 0.691434 0.386504
v 0.879742 0.738191 0.386504
v 0.824157 0.751318 0.481735
v 0.847891 0.772951 0.386504
v 0.812057 0.812057 0.386504
v 0.751318 0.824157 0.481735
v 0.772951 0.847891 0.386504
v 0.738191 0.879742 0.386504
v 0.67207 0.889964 0.481735
v 0.691434 0.91562 0.386504
v 0.658707 0.940732 0.386504
v 0.587087 0.948178 0.481735
v 0.604029 0.975565 0.386504
v 0.574211 0.994562 0.386504
v 0.497096 0.998303 0.481735
v 0.511476 1.02722 0.386504
v 0.485344 1.040823 0.386504
v 0.402864 1.039911 0.481735
v 0.414557 1.070144 0.386504
v 0.392783 1.079163 0.386504
v 0.305194 1.072646 0.481735
v 0.314089 1.103975 0.386504
v 0.297233 1.10929 0.386504
v 0.204921 1.09623 0.481735
v 0.105931 1.143283 0.386504
v 0.102899 1.110462 0.481735
v 0.199421 1.130974 0.386504
v 0.210924 1.128424 0.386504
v 1.148421 0.0 0.386504
v 1.115225 0.0 0.481737
v 1.115188 0.0 0.481842
v 1.092142 0.0 0.58014
v 0.100774 1.087523 0.579922
v 0.200688 1.073585 0.579922
v 0.29889 1.050488 0.579922
v 0.394542 1.018429 0.579922
v 0.486827 0.977681 0.579922
v 0.57496 0.928592 0.579922
v 0.658187 0.87158 0.579922
v 0.735798 0.807132 0.579922
v 0.807132 0.735798 0.579922
v 0.87158 0.658187 0.579922
v 0.928592 0.57496 0.579922
v 0.977681 0.486827 0.579922
v 1.018429 0.394542 0.579922
v 1.050488 0.29889 0.579922
v 1.073585 0.200688 0.579922
v 1.087523 0.100774 0.579922
v -0.0 1.115194 0.481843
v -0.0 1.092182 0.579922
v -0.0 1.079563 0.679982
v 0.09961 1.074958 0.679982
v 0.198369 1.061182 0.679982
v 0.295437 1.038352 0.679982
v 0.389983 1.006663 0.679982
v 0.481203 0.966386 0.679982
v 0.568317 0.917863 0.679982
v 0.650582 0.86151 0.679982
v 0.727297 0.797807 0.679982
v 0.797807 0.727297 0.679982
v 0.86151 0.650582 0.679982
v 0.917863 0.568317 0.679982
v 0.966386 0.481203 0.679982
v 1.006663 0.389983 0.679982
v 1.038352 0.295437 0.679982
v 1.061182 0.198369 0.679982
v 1.074958 0.09961 0.679982
v 1.079539 0.0 0.680314
v -0.0 1.077503 0.780814
v 0.099419 1.072907 0.780814
v 0.197991 1.059157 0.780814
v 0.294873 1.03637 0.780814
v 0.389239 1.004742 0.780814
v 0.480284 0.964541 0.780814
v 0.567232 0.916112 0.780814
v 0.649341 0.859866 0.780814
v 0.725909 0.796284 0.780814
v 0.796284 0.725909 0.780814
v 0.859866 0.649341 0.780814
v 0.916112 0.567232 0.780814
v 0.964541 0.480284 0.780814
v 1.004742 0.389239 0.780814
v 1.03637 0.294873 0.780814
v 1.059157 0.197991 0.780814
v 1.072907 0.099419 0.780814
v 1.077517 0.0 0.781258
v -0.0 1.086023 0.881307
v 0.100206 1.081391 0.881307
v 0.199556 1.067532 0.881307
v 0.297204 1.044565 0.881307
v 0.392317 1.012687 0.881307
v 0.484082 0.972168 0.881307
v 0.571718 0.923356 0.881307
v 0.654475 0.866665 0.881307
v 0.731649 0.802581 0.881307
v 0.802581 0.731649 0.881307
v 0.866665 0.654475 0.881307
v 0.923356 0.571718 0.881307
v 0.972168 0.484082 0.881307
v 1.012687 0.392317 0.881307
v 1.044565 0.297204 0.881307
v 1.067532 0.199556 0.881307
v 1.081391 0.100206 0.881307
v 1.086099 0.0 0.881857
v -0.0 1.10503 0.980352
v 0.101959 1.100317 0.980352
v 0.203049 1.086215 0.980352
v 0.302406 1.062847 0.980352
v 0.399183 1.03041 0.980352
v 0.492554 0.989183 0.980352
v 0.581724 0.939516 0.980352
v 0.66593 0.881833 0.980352
v 0.744454 0.816627 0.980352
v 0.816627 0.744454 0.980352
v 0.881833 0.66593 0.980352
v 0.939516 0.581724 0.980352
v 0.989183 0.492554 0.980352
v 1.03041 0.399183 0.980352
v 1.062847 0.302406 0.980352
v 1.086215 0.203049 0.980352
v 1.100317 0.101959 0.980352
v 1.10519 0.0 0.980999
v 1.129337 -0.108946 1.077591
v -0.106124 1.100083 0.980999
v 1.110035 -0.107084 0.481842
v 1.108421 -0.300458 1.113496
v 1.100116 -0.32649 1.113496
v 1.087685 -0.322819 1.077591
v 0.262866 -1.127765 1.136093
v 0.257732 -1.129227 1.136948
v 0.252468 -1.106133 1.077591
v 0.160911 -1.154223 1.152513
v 0.149082 -1.156327 1.154039
v 0.145087 -1.125265 1.077591
v -1.143954 -0.101201 1.113496
v -1.145175 -0.07354 1.113496
v -1.132249 -0.072693 1.077591
v -0.648639 0.947702 1.113496
v -0.626047 0.961743 1.113496
v -0.618953 0.950878 1.077591
v -0.112181 1.162892 1.158799
v -0.111077 1.163088 1.158941
v -0.108946 1.129337 1.077591
v -0.070187 1.16808 1.162762
v -0.023266 1.171088 1.165132
v -0.160911 1.154223 1.152513
v -0.216885 1.113657 1.077591
v -0.211553 1.142373 1.144641
v -0.32814 1.105672 1.125887
v -0.314683 1.11066 1.127746
v -0.322819 1.087685 1.077591
v -0.262866 1.127765 1.136093
v -0.221887 1.139431 1.14292
v -0.42577 1.051661 1.077591
v -0.431097 1.064836 1.11501
v -0.419298 1.069999 1.115444
v -0.366859 1.09132 1.120537
v -0.524787 1.005918 1.077591
v -0.562602 1.001174 1.113496
v -0.530729 1.017279 1.113496
v -0.472189 1.046857 1.113496
v -0.715645 0.897361 1.113496
v -0.707399 0.88705 1.077591
v -0.729628 0.886857 1.113496
v -0.789307 0.815025 1.077591
v -0.79871 0.824715 1.113496
v -0.804941 0.819111 1.113496
v -0.863921 0.735467 1.077591
v -0.87399 0.744992 1.113496
v -0.93624 0.665076 1.113496
v -0.930551 0.649112 1.077591
v -0.941574 0.656818 1.113496
v -0.991205 0.579986 1.113496
v -0.98858 0.556758 1.077591
v -1.00004 0.563233 1.113496
v -1.038459 0.490383 1.113496
v -1.037474 0.459259 1.077591
v -1.049306 0.464516 1.113496
v -1.077632 0.396965 1.113496
v -1.076779 0.357515 1.077591
v -1.088927 0.361561 1.113496
v -1.108421 0.300458 1.113496
v -1.106133 0.252468 1.077591
v -1.118546 0.255305 1.113496
v -1.125265 0.145087 1.077591
v -1.137895 0.146711 1.113496
v -1.130586 0.201614 1.113496
v -1.133997 0.036365 1.077591
v -1.148421 -0.0 1.113496
v -1.146798 0.036763 1.113496
v -1.143954 0.101201 1.113496
v -1.133037 -0.1832 1.113496
v -1.120036 -0.181079 1.077591
v -1.130586 -0.201614 1.113496
v -1.097473 -0.287791 1.077591
v -1.110492 -0.291219 1.113496
v -1.108421 -0.300458 1.113496
v -1.064767 -0.391844 1.077591
v -1.077632 -0.396965 1.113496
v -1.038459 -0.490383 1.113496
v -1.022221 -0.492276 1.077591
v -1.03438 -0.498117 1.113496
v -0.991205 -0.579986 1.113496
v -0.970228 -0.588158 1.077591
v -0.981519 -0.594981 1.113496
v -0.93624 -0.665076 1.113496
v -0.909268 -0.678604 1.077591
v -0.919672 -0.686346 1.113496
v -0.87399 -0.744992 1.113496
v -0.839904 -0.762779 1.077591
v -0.849401 -0.771386 1.113496
v -0.804941 -0.819111 1.113496
v -0.762779 -0.839904 1.077591
v -0.771346 -0.84933 1.113496
v -0.729628 -0.886857 1.113496
v -0.678604 -0.909268 1.077591
v -0.686215 -0.919472 1.113496
v -0.588158 -0.970228 1.077591
v -0.594781 -0.981175 1.113496
v -0.648639 -0.947702 1.113496
v -0.391844 -1.064767 1.077591
v -0.397073 -1.079016 1.11765
v -0.428092 -1.066257 1.114871
v -0.492276 -1.022221 1.077591
v -0.472189 -1.046857 1.113496
v -0.497871 -1.03388 1.113496
v -0.562602 -1.001174 1.113496
v -0.287791 -1.097473 1.077591
v -0.316675 -1.10996 1.127443
v -0.373166 -1.08885 1.119791
v -0.185696 -1.148651 1.148751
v -0.236793 -1.135496 1.140456
v -0.181079 -1.120036 1.077591
v -0.258653 -1.129056 1.136796
v -0.293077 -1.117726 1.131247
v -0.074957 -1.167529 1.162335
v -0.077506 -1.167345 1.16219
v -0.072693 -1.132249 1.077591
v -0.128425 -1.160336 1.156897
v -0.181431 -1.149749 1.149443
v 0.036365 -1.133997 1.077591
v 0.020958 -1.171158 1.165188
v -0.028001 -1.17092 1.164999
v 0.111077 -1.163088 1.158941
v 0.070187 -1.16808 1.162762
v 0.037517 -1.170123 1.164372
v 0.211553 -1.142373 1.144641
v 0.419298 -1.069999 1.115444
v 0.357515 -1.076779 1.077591
v 0.464837 -1.050074 1.113767
v 0.459259 -1.037474 1.077591
v 0.472189 -1.046857 1.113496
v 0.366859 -1.09132 1.120537
v 0.362835 -1.092812 1.121093
v 0.314683 -1.11066 1.127746
v 0.562602 -1.001174 1.113496
v 0.556758 -0.98858 1.077591
v 0.563525 -1.000601 1.113496
v 0.648639 -0.947702 1.113496
v 0.649112 -0.930551 1.077591
v 0.656788 -0.94158 1.113496
v 0.729628 -0.886857 1.113496
v 0.735467 -0.863921 1.077591
v 0.743978 -0.873948 1.113496
v 0.804941 -0.819111 1.113496
v 0.815025 -0.789307 1.077591
v 0.824308 -0.798322 1.113496
v 0.87399 -0.744992 1.113496
v 0.88705 -0.707399 1.077591
v 0.89705 -0.715388 1.113496
v 0.93624 -0.665076 1.113496
v 0.950878 -0.618953 1.077591
v 0.961546 -0.625901 1.113496
v 1.005918 -0.524787 1.077591
v 1.017211 -0.530673 1.113496
v 0.991205 -0.579986 1.113496
v 1.051661 -0.42577 1.077591
v 1.077632 -0.396965 1.113496
v 1.063542 -0.430567 1.113496
v 1.038459 -0.490383 1.113496
v 1.1266 -0.219386 1.113496
v 1.113657 -0.216885 1.077591
v 1.130586 -0.201614 1.113496
v 1.142752 -0.110227 1.113496
v 1.143954 -0.101201 1.113496
v -0.107084 1.110035 0.481842
v -0.100092 1.144051 0.386504
v -0.110223 1.142718 0.386504
v -0.199421 1.130974 0.386504
v -0.213178 1.094623 0.481842
v -0.219377 1.12655 0.386504
v -0.297233 1.10929 0.386504
v -0.317302 1.069095 0.481842
v -0.326478 1.100069 0.386504
v -0.392783 1.079163 0.386504
v -0.418493 1.033686 0.481842
v -0.43056 1.063515 0.386504
v -0.485344 1.040823 0.386504
v -0.515817 0.988725 0.481842
v -0.530684 1.01722 0.386504
v -0.574211 0.994562 0.386504
v -0.608374 0.934626 0.481842
v -0.625946 0.961603 0.386504
v -0.658707 0.940732 0.386504
v -0.695308 0.871889 0.481842
v -0.715486 0.897164 0.386504
v -0.738191 0.879742 0.386504
v -0.775817 0.801095 0.481842
v -0.874219 0.744218 0.386504
v -0.849155 0.722897 0.481842
v -0.812057 0.812057 0.386504
v -0.798494 0.824484 0.386504
v -0.879742 0.738191 0.386504
v -0.940732 0.658707 0.386504
v -0.914646 0.638018 0.481842
v -0.94183 0.656984 0.386504
v -0.994562 0.574211 0.386504
v -0.971684 0.547242 0.481842
v -1.000224 0.563334 0.386504
v -1.040823 0.485344 0.386504
v -1.019742 0.45141 0.481842
v -1.049428 0.464571 0.386504
v -1.079163 0.392783 0.386504
v -1.058376 0.351405 0.481842
v -1.088999 0.361588 0.386504
v -1.10929 0.297233 0.386504
v -1.087228 0.248153 0.481842
v -1.118583 0.255316 0.386504
v -1.130974 0.199421 0.386504
v -1.106032 0.142607 0.481842
v -1.137913 0.146715 0.386504
v -1.144051 0.100092 0.386504
v -1.114615 0.035744 0.481842
v -1.146816 0.036764 0.386504
v -1.148421 -0.0 0.386504
v -1.112897 -0.07145 0.481842
v -1.145211 -0.073542 0.386504
v -1.144051 -0.100092 0.386504
v -1.100893 -0.177984 0.481842
v -1.110617 -0.291248 0.386504
v -1.078716 -0.282873 0.481842
v -1.130974 -0.199421 0.386504
v -1.133108 -0.18321 0.386504
v -1.10929 -0.297233 0.386504
v -1.079163 -0.392783 0.386504
v -1.046569 -0.385147 0.481842
v -1.077599 -0.396559 0.386504
v -1.040823 -0.485344 0.386504
v -1.00475 -0.483862 0.481842
v -1.034217 -0.498034 0.386504
v -0.994562 -0.574211 0.386504
v -0.953645 -0.578105 0.481842
v -0.981382 -0.594899 0.386504
v -0.940732 -0.658707 0.386504
v -0.893727 -0.667006 0.481842
v -0.919575 -0.68628 0.386504
v -0.879742 -0.738191 0.386504
v -0.825549 -0.749742 0.481842
v -0.849354 -0.771354 0.386504
v -0.812057 -0.812057 0.386504
v -0.749742 -0.825549 0.481842
v -0.771354 -0.849354 0.386504
v -0.738191 -0.879742 0.386504
v -0.667006 -0.893727 0.481842
v -0.68628 -0.919575 0.386504
v -0.658707 -0.940732 0.386504
v -0.578105 -0.953645 0.481842
v -0.594899 -0.981382 0.386504
v -0.574211 -0.994562 0.386504
v -0.483862 -1.00475 0.481842
v -0.498034 -1.034217 0.386504
v -0.485344 -1.040823 0.386504
v -0.385147 -1.046569 0.481842
v -0.297233 -1.10929 0.386504
v -0.282873 -1.078716 0.481842
v -0.392783 -1.079163 0.386504
v -0.396559 -1.077599 0.386504
v -0.291248 -1.110617 0.386504
v -0.199421 -1.130974 0.386504
v -0.177984 -1.100893 0.481842
v -0.18321 -1.133108 0.386504
v -0.100092 -1.144051 0.386504
v -0.07145 -1.112897 0.481842
v -0.073542 -1.145211 0.386504
v 0.0 -1.148421 0.386504
v 0.035744 -1.114615 0.481842
v 0.036764 -1.146816 0.386504
v 0.100092 -1.144051 0.386504
v 0.142607 -1.106032 0.481842
v 0.146715 -1.137913 0.386504
v 0.199421 -1.130974 0.386504
v 0.248153 -1.087228 0.481842
v 0.255316 -1.118583 0.386504
v 0.297233 -1.10929 0.386504
v 0.351405 -1.058376 0.481842
v 0.361588 -1.088999 0.386504
v 0.392783 -1.079163 0.386504
v 0.45141 -1.019742 0.481842
v 0.464571 -1.049428 0.386504
v 0.485344 -1.040823 0.386504
v 0.547242 -0.971684 0.481842
v 0.563334 -1.000224 0.386504
v 0.574211 -0.994562 0.386504
v 0.638018 -0.914646 0.481842
v 0.738191 -0.879742 0.386504
v 0.722897 -0.849155 0.481842
v 0.658707 -0.940732 0.386504
v 0.656984 -0.94183 0.386504
v 0.744218 -0.874219 0.386504
v 0.812057 -0.812057 0.386504
v 0.801095 -0.775817 0.481842
v 0.824484 -0.798494 0.386504
v 0.879742 -0.738191 0.386504
v 0.871889 -0.695308 0.481842
v 0.897164 -0.715486 0.386504
v 0.940732 -0.658707 0.386504
v 0.934626 -0.608374 0.481842
v 0.961603 -0.625946 0.386504
v 0.994562 -0.574211 0.386504
v 0.988725 -0.515817 0.481842
v 1.01722 -0.530684 0.386504
v 1.040823 -0.485344 0.386504
v 1.033686 -0.418493 0.481842
v 1.063515 -0.43056 0.386504
v 1.079163 -0.392783 0.386504
v 1.069095 -0.317302 0.481842
v 1.100069 -0.326478 0.386504
v 1.10929 -0.297233 0.386504
v 1.094623 -0.213178 0.481842
v 1.12655 -0.219377 0.386504
v 1.130974 -0.199421 0.386504
v 1.144051 -0.100092 0.386504
v 1.142718 -0.110223 0.386504
v 1.087096 -0.104871 0.58014
v 1.072002 -0.208772 0.58014
v 1.047002 -0.310745 0.58014
v 1.012325 -0.409845 0.58014
v 0.968293 -0.505158 0.58014
v 0.915312 -0.595802 0.58014
v 0.853871 -0.68094 0.58014
v 0.78454 -0.759784 0.58014
v 0.707958 -0.831608 0.58014
v 0.624833 -0.895745 0.58014
v 0.535933 -0.951604 0.58014
v 0.442081 -0.998669 0.58014
v 0.344143 -1.036504 0.58014
v 0.243025 -1.06476 0.58014
v 0.13966 -1.083176 0.58014
v 0.035005 -1.091581 0.58014
v -0.069974 -1.089898 0.58014
v -0.174306 -1.078143 0.58014
v -0.277027 -1.056424 0.58014
v -0.377188 -1.024941 0.58014
v -0.473863 -0.983986 0.58014
v -0.566159 -0.933938 0.58014
v -0.653222 -0.875258 0.58014
v -0.734248 -0.808489 0.58014
v -0.808489 -0.734248 0.58014
v -0.875258 -0.653222 0.58014
v -0.933938 -0.566159 0.58014
v -0.983986 -0.473863 0.58014
v -1.024941 -0.377188 0.58014
v -1.056424 -0.277027 0.58014
v -1.078143 -0.174306 0.58014
v -1.089898 -0.069974 0.58014
v -1.091581 0.035005 0.58014
v -1.083176 0.13966 0.58014
v -1.06476 0.243025 0.58014
v -1.036504 0.344143 0.58014
v -0.998669 0.442081 0.58014
v -0.951604 0.535933 0.58014
v -0.895745 0.624833 0.58014
v -0.831608 0.707958 0.58014
v -0.759784 0.78454 0.58014
v -0.68094 0.853871 0.58014
v -0.595802 0.915312 0.58014
v -0.505158 0.968293 0.58014
v -0.409845 1.012325 0.58014
v -0.310745 1.047002 0.58014
v -0.208772 1.072002 0.58014
v -0.104871 1.087096 0.58014
v 1.074551 -0.103661 0.680314
v 1.059632 -0.206363 0.680314
v 1.03492 -0.307159 0.680314
v 1.000643 -0.405115 0.680314
v 0.957119 -0.499328 0.680314
v 0.904749 -0.588926 0.680314
v 0.844018 -0.673082 0.680314
v 0.775486 -0.751017 0.680314
v 0.699788 -0.822011 0.680314
v 0.617622 -0.885408 0.680314
v 0.529749 -0.940623 0.680314
v 0.43698 -0.987144 0.680314
v 0.340172 -1.024543 0.680314
v 0.24022 -1.052473 0.680314
v 0.138048 -1.070676 0.680314
v 0.034601 -1.078985 0.680314
v -0.069166 -1.077321 0.680314
v -0.172294 -1.065701 0.680314
v -0.27383 -1.044233 0.680314
v -0.372835 -1.013113 0.680314
v -0.468395 -0.972631 0.680314
v -0.559625 -0.92316 0.680314
v -0.645684 -0.865157 0.680314
v -0.725775 -0.799159 0.680314
v -0.799159 -0.725775 0.680314
v -0.865157 -0.645684 0.680314
v -0.92316 -0.559625 0.680314
v -0.972631 -0.468395 0.680314
v -1.013113 -0.372835 0.680314
v -1.044233 -0.27383 0.680314
v -1.065701 -0.172294 0.680314
v -1.077321 -0.069166 0.680314
v -1.078985 0.034601 0.680314
v -1.070676 0.138048 0.680314
v -1.052473 0.24022 0.680314
v -1.024543 0.340172 0.680314
v -0.987144 0.43698 0.680314
v -0.940623 0.529749 0.680314
v -0.885408 0.617622 0.680314
v -0.822011 0.699788 0.680314
v -0.751017 0.775486 0.680314
v -0.673082 0.844018 0.680314
v -0.588926 0.904749 0.680314
v -0.499328 0.957119 0.680314
v -0.405115 1.000643 0.680314
v -0.307159 1.03492 0.680314
v -0.206363 1.059632 0.680314
v -0.103661 1.074551 0.680314
v 1.072538 -0.103466 0.781258
v 1.057647 -0.205977 0.781258
v 1.032981 -0.306583 0.781258
v 0.998769 -0.404357 0.781258
v 0.955326 -0.498393 0.781258
v 0.903055 -0.587823 0.781258
v 0.842437 -0.671821 0.781258
v 0.774034 -0.74961 0.781258
v 0.698477 -0.820471 0.781258
v 0.616466 -0.88375 0.781258
v 0.528757 -0.938861 0.781258
v 0.436161 -0.985296 0.781258
v 0.339535 -1.022624 0.781258
v 0.23977 -1.050502 0.781258
v 0.13779 -1.068671 0.781258
v 0.034536 -1.076964 0.781258
v -0.069037 -1.075304 0.781258
v -0.171972 -1.063706 0.781258
v -0.273317 -1.042277 0.781258
v -0.372137 -1.011216 0.781258
v -0.467517 -0.97081 0.781258
v -0.558577 -0.921431 0.781258
v -0.644475 -0.863537 0.781258
v -0.724416 -0.797662 0.781258
v -0.797662 -0.724416 0.781258
v -0.863537 -0.644475 0.781258
v -0.921431 -0.558577 0.781258
v -0.97081 -0.467517 0.781258
v -1.011216 -0.372137 0.781258
v -1.042277 -0.273317 0.781258
v -1.063706 -0.171972 0.781258
v -1.075304 -0.069037 0.781258
v -1.076964 0.034536 0.781258
v -1.068671 0.13779 0.781258
v -1.050502 0.23977 0.781258
v -1.022624 0.339535 0.781258
v -0.985296 0.436161 0.781258
v -0.938861 0.528757 0.781258
v -0.88375 0.616466 0.781258
v -0.820471 0.698477 0.781258
v -0.74961 0.774034 0.781258
v -0.671821 0.842437 0.781258
v -0.587823 0.903055 0.781258
v -0.498393 0.955326 0.781258
v -0.404357 0.998769 0.781258
v -0.306583 1.032981 0.781258
v -0.205977 1.057647 0.781258
v -0.103466 1.072538 0.781258
v 1.081081 -0.104291 0.881857
v 1.066071 -0.207617 0.881857
v 1.041209 -0.309025 0.881857
v 1.006724 -0.407577 0.881857
v 0.962935 -0.502363 0.881857
v 0.910247 -0.592505 0.881857
v 0.849147 -0.677172 0.881857
v 0.780199 -0.75558 0.881857
v 0.70404 -0.827006 0.881857
v 0.621376 -0.890789 0.881857
v 0.532968 -0.946339 0.881857
v 0.439635 -0.993143 0.881857
v 0.342239 -1.030769 0.881857
v 0.24168 -1.058869 0.881857
v 0.138887 -1.077183 0.881857
v 0.034811 -1.085541 0.881857
v -0.069587 -1.083868 0.881857
v -0.173341 -1.072178 0.881857
v -0.275494 -1.050578 0.881857
v -0.375101 -1.01927 0.881857
v -0.471241 -0.978542 0.881857
v -0.563026 -0.92877 0.881857
v -0.649607 -0.870415 0.881857
v -0.730186 -0.804016 0.881857
v -0.804016 -0.730186 0.881857
v -0.870415 -0.649607 0.881857
v -0.92877 -0.563026 0.881857
v -0.978542 -0.471241 0.881857
v -1.01927 -0.375101 0.881857
v -1.050578 -0.275494 0.881857
v -1.072178 -0.173341 0.881857
v -1.083868 -0.069587 0.881857
v -1.085541 0.034811 0.881857
v -1.077183 0.138887 0.881857
v -1.058869 0.24168 0.881857
v -1.030769 0.342239 0.881857
v -0.993143 0.439635 0.881857
v -0.946339 0.532968 0.881857
v -0.890789 0.621376 0.881857
v -0.827006 0.70404 0.881857
v -0.75558 0.780199 0.881857
v -0.677172 0.849147 0.881857
v -0.592505 0.910247 0.881857
v -0.502363 0.962935 0.881857
v -0.407577 1.006724 0.881857
v -0.309025 1.041209 0.881857
v -0.207617 1.066071 0.881857
v -0.104291 1.081081 0.881857
v 1.100083 -0.106124 0.980999
v 1.08481 -0.211267 0.980999
v 1.05951 -0.314457 0.980999
v 1.02442 -0.414741 0.980999
v 0.979861 -0.511193 0.980999
v 0.926247 -0.60292 0.980999
v 0.864073 -0.689075 0.980999
v 0.793913 -0.768862 0.980999
v 0.716416 -0.841543 0.980999
v 0.632298 -0.906446 0.980999
v 0.542336 -0.962973 0.980999
v 0.447363 -1.0106 0.980999
v 0.348255 -1.048887 0.980999
v 0.245928 -1.077481 0.980999
v 0.141329 -1.096117 0.980999
v 0.035423 -1.104623 0.980999
v -0.07081 -1.10292 0.980999
v -0.176388 -1.091024 0.980999
v -0.280337 -1.069045 0.980999
v -0.381694 -1.037186 0.980999
v -0.479524 -0.995742 0.980999
v -0.572922 -0.945096 0.980999
v -0.661026 -0.885715 0.980999
v -0.74302 -0.818148 0.980999
v -0.818148 -0.74302 0.980999
v -0.885715 -0.661026 0.980999
v -0.945096 -0.572922 0.980999
v -0.995742 -0.479524 0.980999
v -1.037186 -0.381694 0.980999
v -1.069045 -0.280337 0.980999
v -1.091024 -0.176388 0.980999
v -1.10292 -0.07081 0.980999
v -1.104623 0.035423 0.980999
v -1.096117 0.141329 0.980999
v -1.077481 0.245928 0.980999
v -1.048887 0.348255 0.980999
v -1.0106 0.447363 0.980999
v -0.962973 0.542336 0.980999
v -0.906446 0.632298 0.980999
v -0.841543 0.716416 0.980999
v -0.768862 0.793913 0.980999
v -0.689075 0.864073 0.980999
v -0.60292 0.926247 0.980999
v -0.511193 0.979861 0.980999
v -0.414741 1.02442 0.980999
v -0.314457 1.05951 0.980999
v -0.211267 1.08481 0.980999
v -1.5 0.8 0.2
v -1.25 1.05 0.2
v -1.25 0.75 -0.01
v -1.25 1.5 0.2
v -1.25 1.5 -0.01
v 1.25 1.5 -0.01
v 1.25 1.5 0.2
v 1.25 0.75 -0.01
v 1.25 1.05 0.2
v 1.5 0.8 0.2
v 1.5 -0.8 0.2
v 1.25 -1.05 0.2
v 1.25 -0.75 -0.01
v 1.25 -1.5 0.2
v 1.25 -1.5 -0.01
v -1.25 -1.5 -0.01
v -1.25 -1.5 0.2
v -1.25 -0.75 -0.01
v -1.25 -1.05 0.2
v -1.5 -0.8 0.2
v 1.420697 -0.124295 0.2
v 1.426124 0.0 0.2
v 1.420697 0.124295 0.2
v 1.404458 0.247644 0.2
v 1.292507 0.602706 0.2
v 1.340118 0.487763 0.2
v 1.37753 0.369108 0.2
v -0.916695 1.092474 0.2
v -1.008422 1.008422 0.2
v -1.092474 0.916695 0.2
v 0.247644 1.404458 0.2
v 0.369108 1.37753 0.2
v 0.487763 1.340118 0.2
v 0.602706 1.292507 0.2
v 0.713062 1.23506 0.2
v -1.292507 0.602706 0.2
v -1.23506 0.713062 0.2
v 0.817991 1.168212 0.2
v 0.916695 1.092474 0.2
v 1.008422 1.008422 0.2
v 0.817991 -1.168212 0.2
v 0.713062 -1.23506 0.2
v 0.602706 -1.292507 0.2
v 1.404458 -0.247644 0.2
v 1.37753 -0.369108 0.2
v 1.340118 -0.487763 0.2
v 1.092474 0.916695 0.2
v 1.168212 0.817991 0.2
v 1.23506 0.713062 0.2
v -0.817991 1.168212 0.2
v -0.713062 1.23506 0.2
v -0.602706 1.292507 0.2
v -0.487763 1.340118 0.2
v -0.369108 1.37753 0.2
v -0.247644 1.404458 0.2
v -0.124295 1.420697 0.2
v -0.0 1.426124 0.2
v 0.124295 1.420697 0.2
v -0.713062 -1.23506 0.2
v -0.817991 -1.168212 0.2
v -0.916695 -1.092474 0.2
v -1.008422 -1.008422 0.2
v -1.168212 0.817991 0.2
v 1.292507 -0.602706 0.2
v 1.23506 -0.713062 0.2
v 1.168212 -0.817991 0.2
v 1.092474 -0.916695 0.2
v 1.008422 -1.008422 0.2
v 0.916695 -1.092474 0.2
v -1.404458 0.247644 0.2
v -1.37753 0.369108 0.2
v -1.340118 0.487763 0.2
v 0.487763 -1.340118 0.2
v 0.369108 -1.37753 0.2
v 0.247644 -1.404458 0.2
v 0.124295 -1.420697 0.2
v 0.0 -1.426124 0.2
v -0.124295 -1.420697 0.2
v -0.247644 -1.404458 0.2
v -0.369108 -1.37753 0.2
v -0.487763 -1.340118 0.2
v -0.602706 -1.292507 0.2
v -1.092474 -0.916695 0.2
v -1.168212 -0.817991 0.2
v -1.23506 -0.713062 0.2
v -1.292507 -0.602706 0.2
v -1.340118 -0.487763 0.2
v -1.37753 -0.369108 0.2
v -1.404458 -0.247644 0.2
v -1.420697 -0.124295 0.2
v -1.426124 -0.0 0.2
v -1.420697 0.124295 0.2
v -0.167434 0.050641 0.001
v -0.206459 -0.049359 0.001
newmtl 3
Ka 0.0 0.0 0.0
Kd 0.0 0.0 0.0
Ks 0.0 0.0 0.0
d 0.0
endmtl
v -0.191825 -0.049359 0.001
v -0.181706 -0.021311 0.001
v -0.140395 -0.021311 0.001
v -0.130849 -0.049359 0.001
v -0.116215 -0.049359 0.001
v -0.15402 0.050641 0.001
v -0.143768 -0.010335 0.001
v -0.177209 -0.010335 0.001
v -0.158688 0.031433 0.001
v -0.159651 0.034902 0.001
v -0.160289 0.038446 0.001
v -0.160613 0.038446 0.001
v -0.161265 0.034912 0.001
v -0.162156 0.031433 0.001
v -0.143768 -0.010335 0.0
v -0.177209 -0.010335 0.0
v -0.158688 0.031433 0.0
v -0.159651 0.034902 -0.0
v -0.160289 0.038446 0.0
v -0.160613 0.038446 0.0
v -0.161265 0.034912 0.0
v -0.162156 0.031433 0.0
v -0.055601 -0.049359 0.001
v -0.02841 -0.049359 0.001
v -0.02841 0.050641 0.001
v -0.05663 0.050641 0.001
v -0.108898 0.001898 0.001
v -0.108171 0.011308 0.001
v -0.105485 0.02116 0.001
v -0.100838 0.029761 0.001
v -0.093766 0.037602 0.001
v -0.093662 0.037694 0.001
v -0.082778 0.044988 0.001
v -0.071077 0.049096 0.001
v -0.067974 -0.048279 0.001
v -0.079497 -0.044845 0.001
v -0.089939 -0.038777 0.001
v -0.09817 -0.030896 0.001
v -0.103904 -0.021952 0.001
v -0.107495 -0.011485 0.001
v -0.088825 0.025642 0.001
v -0.083968 0.030799 0.001
v -0.076663 0.035518 0.001
v -0.068409 0.038407 0.001
v -0.056573 0.039665 0.001
v -0.041825 0.039665 0.001
v -0.041825 -0.038384 0.001
v -0.05602 -0.038384 0.001
v -0.066571 -0.037402 0.001
v -0.074986 -0.034775 0.001
v -0.081806 -0.030725 0.001
v -0.087414 -0.025186 0.001
v -0.091632 -0.018291 0.001
v -0.094565 -0.008891 0.001
v -0.095483 0.001612 0.001
v -0.094634 0.011565 0.001
v -0.092299 0.019474 0.001
v -0.056573 0.039665 0.0
v -0.041825 0.039665 0.0
v -0.068409 0.038407 0.0
v -0.076663 0.035518 0.0
v -0.083968 0.030799 0.0
v -0.088825 0.025642 0.0
v -0.092299 0.019474 -0.0
v -0.094634 0.011565 0.0
v -0.095483 0.001612 0.0
v -0.094565 -0.008891 -0.0
v -0.091632 -0.018291 0.0
v -0.087414 -0.025186 0.0
v -0.081806 -0.030725 0.0
v -0.074986 -0.034775 0.0
v -0.066571 -0.037402 0.0
v -0.05602 -0.038384 0.0
v -0.041825 -0.038384 0.0
v -0.008898 -0.038384 0.001
v -0.008898 -0.049359 0.001
v 0.044761 -0.049359 0.001
v 0.044761 0.050641 0.001
v -0.006459 0.050641 0.001
v -0.006459 0.039665 0.001
v 0.031346 0.039665 0.001
v 0.031346 0.006738 0.001
v -0.00402 0.006738 0.001
v -0.00402 -0.004237 0.001
v 0.031346 -0.004237 0.001
v 0.031346 -0.038384 0.001
v 0.064273 -0.033201 0.001
v 0.064273 -0.044176 0.001
v 0.074932 -0.048553 0.001
v 0.091788 -0.050579 0.001
v 0.089054 -0.050532 0.001
v 0.104112 -0.049301 0.001
v 0.113804 -0.045965 0.001
v 0.121848 -0.040828 0.001
v 0.129359 -0.032921 0.001
v 0.134687 -0.023412 0.001
v 0.137696 -0.012827 0.001
v 0.138663 -0.001246 0.001
v 0.087806 0.05186 0.001
v 0.09785 0.05104 0.001
v 0.108998 0.047802 0.001
v 0.118496 0.042334 0.001
v 0.127524 0.033651 0.001
v 0.133386 0.024302 0.001
v 0.137225 0.012971 0.001
v 0.064273 0.047897 0.001
v 0.075835 0.051034 0.001
v 0.064273 0.034482 0.001
v 0.087691 0.040885 0.001
v 0.075537 0.039305 0.001
v 0.125249 -4.26E-4 0.001
v 0.124772 0.007354 0.001
v 0.122106 0.018059 0.001
v 0.117983 0.02578 0.001
v 0.111945 0.032447 0.001
v 0.105023 0.037077 0.001
v 0.097538 0.039779 0.001
v 0.08994 -0.039603 0.001
v 0.099267 -0.038557 0.001
v 0.106554 -0.035875 0.001
v 0.112691 -0.031738 0.001
v 0.117383 -0.026787 0.001
v 0.121519 -0.019853 0.001
v 0.124236 -0.011252 0.001
v 0.066065 -0.034194 0.001
v 0.076666 -0.03813 0.001
v 0.1472 -0.038384 0.001
v 0.1472 -0.049359 0.001
v 0.198419 -0.049359 0.001
v 0.198419 0.050641 0.001
v 0.185005 0.050641 0.001
v 0.185005 -0.038384 0.001
v -0.531493 -1.3 1.3
v -0.462936 -1.3 1.3
v -0.392365 -1.3 1.3
v -0.319975 -1.3 1.3
v -0.292752 -1.3 1.3
v -0.223959 -1.3 1.3
v -0.158321 -1.3 1.3
v -0.095459 -1.3 1.3
v -0.034469 -1.3 1.3
v 0.025798 -1.3 1.3
v 0.086436 -1.3 1.3
v 0.136886 -1.3 1.3
v 0.198523 -1.3 1.3
v 0.261359 -1.3 1.3
v 0.325227 -1.3 1.3
v 0.389878 -1.3 1.3
v 0.455056 -1.3 1.3
v 0.520528 -1.3 1.3
v 0.520846 1.3 1.3
v 0.452085 1.3 1.3
v 0.381492 1.3 1.3
v 0.309386 1.3 1.3
v 0.252428 1.3 1.3
v 0.185638 1.3 1.3
v 0.121836 1.3 1.3
v 0.060294 1.3 1.3
v 0.0 1.3 1.3
v -0.02864 1.3 1.3
v -0.086436 1.3 1.3
v -0.136886 1.3 1.3
v -0.198523 1.3 1.3
v -0.261359 1.3 1.3
v -0.325227 1.3 1.3
v -0.389878 1.3 1.3
v -0.455056 1.3 1.3
v -0.520528 1.3 1.3
newmtl 4
Ka 1.0 1.0 1.0
Kd 1.0 1.0 1.0
Ks 0.5019607843137255 0.5019607843137255 0.5019607843137255
d 0.0
endmtl
v -0.557461 -1.235909 1.291645
v -0.565709 -1.254195 1.294029
v -0.673931 -1.199288 1.295727
v -0.606704 -1.079656 1.234044
v -0.509438 -1.129441 1.233192
v -0.526721 -1.167756 1.261421
v -0.509438 1.129441 1.233192
v -0.606704 1.079656 1.234044
v -0.627295 1.116299 1.262273
v -0.744267 -0.90465 1.158581
v -0.661653 -0.966717 1.158581
v -0.678764 -0.991717 1.199149
v -0.482278 -1.069225 1.157751
v -0.57389 -1.021262 1.158581
v -0.821091 -0.835545 1.158581
v -0.891526 -0.759939 1.158581
v -0.57389 1.021262 1.158581
v -0.661653 0.966717 1.158581
v -0.744267 0.90465 1.158581
v -0.821091 0.835545 1.158581
v -0.891526 0.759939 1.158581
v -0.955025 0.67842 1.158581
v -1.011093 0.591623 1.158581
v -1.059294 0.500222 1.158581
v -1.099253 0.40493 1.158581
v -1.13066 0.306487 1.158581
v -1.153269 0.205659 1.158581
v -1.166906 0.103231 1.158581
v -1.171463 -0.0 1.158581
v -1.166906 -0.103231 1.158581
v -1.153269 -0.205659 1.158581
v -1.13066 -0.306487 1.158581
v -1.099253 -0.40493 1.158581
v -1.059294 -0.500222 1.158581
v -1.011093 -0.591623 1.158581
v -0.955025 -0.67842 1.158581
v -0.494741 1.096856 1.19776
v -0.486305 1.078154 1.175418
v -0.482278 1.069225 1.157751
v -0.505996 1.121808 1.227569
v -0.588732 1.047673 1.199149
v -0.678764 0.991717 1.199149
v -0.763515 0.928046 1.199149
v -0.842325 0.857153 1.199149
v -0.914582 0.779592 1.199149
v -0.979723 0.695965 1.199149
v -1.037241 0.606923 1.199149
v -1.086689 0.513159 1.199149
v -1.127681 0.415402 1.199149
v -1.1599 0.314413 1.199149
v -1.183095 0.210977 1.199149
v -1.197084 0.105901 1.199149
v -1.201759 -0.0 1.199149
v -1.197084 -0.105901 1.199149
v -1.183095 -0.210977 1.199149
v -1.1599 -0.314413 1.199149
v -1.127681 -0.415402 1.199149
v -1.086689 -0.513159 1.199149
v -1.037241 -0.606923 1.199149
v -0.979723 -0.695965 1.199149
v -0.914582 -0.779592 1.199149
v -0.588732 -1.047673 1.199149
v -0.699485 1.021992 1.234044
v -0.786823 0.956376 1.234044
v -0.868039 0.88332 1.234044
v -0.942502 0.803391 1.234044
v -1.009631 0.717211 1.234044
v -1.068905 0.62545 1.234044
v -1.119862 0.528824 1.234044
v -1.162107 0.428083 1.234044
v -1.195309 0.324011 1.234044
v -1.219211 0.217418 1.234044
v -1.233627 0.109134 1.234044
v -1.238445 -0.0 1.234044
v -1.233627 -0.109134 1.234044
v -1.219211 -0.217418 1.234044
v -1.195309 -0.324011 1.234044
v -1.162107 -0.428083 1.234044
v -1.119862 -0.528824 1.234044
v -1.068905 -0.62545 1.234044
v -1.009631 -0.717211 1.234044
v -0.942502 -0.803391 1.234044
v -0.868039 -0.88332 1.234044
v -0.486305 -1.078154 1.175418
v -0.494741 -1.096856 1.19776
v -0.505996 -1.121808 1.227569
v -0.723225 1.056678 1.262273
v -0.813528 0.988836 1.262273
v -0.8975 0.9133 1.262273
v -0.97449 0.830658 1.262273
v -1.043898 0.741553 1.262273
v -1.105183 0.646678 1.262273
v -1.15787 0.546772 1.262273
v -1.201548 0.442612 1.262273
v -1.235877 0.335008 1.262273
v -1.260591 0.224797 1.262273
v -1.275496 0.112838 1.262273
v -1.280478 -0.0 1.262273
v -1.275496 -0.112838 1.262273
v -1.260591 -0.224797 1.262273
v -1.235877 -0.335008 1.262273
v -1.201548 -0.442612 1.262273
v -1.15787 -0.546772 1.262273
v -1.105183 -0.646678 1.262273
v -1.043898 -0.741553 1.262273
v -0.97449 -0.830658 1.262273
v -0.8975 -0.9133 1.262273
v -0.813528 -0.988836 1.262273
v -0.545767 1.209981 1.281106
v -0.530163 1.175388 1.267044
v -0.526721 1.167756 1.261421
v -0.557461 1.235909 1.291645
v -0.649919 1.156559 1.283031
v -0.749309 1.094787 1.283031
v -0.842868 1.024498 1.283031
v -0.929869 0.946238 1.283031
v -1.009635 0.860616 1.283031
v -1.081546 0.768297 1.283031
v -1.145042 0.670001 1.283031
v -1.199629 0.566491 1.283031
v -1.244882 0.458575 1.283031
v -1.28045 0.34709 1.283031
v -1.306054 0.232905 1.283031
v -1.321497 0.116907 1.283031
v -1.326658 -0.0 1.283031
v -1.321497 -0.116907 1.283031
v -1.306054 -0.232905 1.283031
v -1.28045 -0.34709 1.283031
v -1.244882 -0.458575 1.283031
v -1.199629 -0.566491 1.283031
v -1.145042 -0.670001 1.283031
v -1.081546 -0.768297 1.283031
v -1.009635 -0.860616 1.283031
v -0.929869 -0.946238 1.283031
v -0.842868 -1.024498 1.283031
v -0.749309 -1.094787 1.283031
v -0.763515 -0.928046 1.199149
v -0.699485 -1.021992 1.234044
v -0.627295 -1.116299 1.262273
v -0.530163 -1.175388 1.267044
v -0.842325 -0.857153 1.199149
v -0.786823 -0.956376 1.234044
v -0.723225 -1.056678 1.262273
v -0.649919 -1.156559 1.283031
v -0.545767 -1.209981 1.281106
v -0.565709 1.254195 1.294029
v -0.673931 1.199288 1.295727
v -0.776992 1.135235 1.295727
v -0.874008 1.062349 1.295727
v -0.964224 0.981197 1.295727
v -1.046937 0.892412 1.295727
v -1.121505 0.796682 1.295727
v -1.187347 0.694754 1.295727
v -1.24395 0.587421 1.295727
v -1.290875 0.475517 1.295727
v -1.327757 0.359913 1.295727
v -1.354307 0.241509 1.295727
v -1.370321 0.121226 1.295727
v -1.375673 -0.0 1.295727
v -1.370321 -0.121226 1.295727
v -1.354307 -0.241509 1.295727
v -1.327757 -0.359913 1.295727
v -1.290875 -0.475517 1.295727
v -1.24395 -0.587421 1.295727
v -1.187347 -0.694754 1.295727
v -1.121505 -0.796682 1.295727
v -1.046937 -0.892412 1.295727
v -0.964224 -0.981197 1.295727
v -0.874008 -1.062349 1.295727
v -0.776992 -1.135235 1.295727
v 0.433076 -1.098243 1.172846
v 0.379815 -1.117163 1.173353
v -0.506097 -1.239938 1.287864
v -0.46021 -1.134849 1.222792
v -0.441963 -1.094959 1.173038
v -0.481943 -1.183976 1.261702
v -0.386245 -1.114955 1.173156
v -0.328461 -1.13394 1.175974
v -0.268717 -1.151277 1.18071
v -0.246127 -1.157143 1.182767
v -0.188764 -1.170144 1.188134
v -0.133697 -1.1798 1.192838
v -0.080717 -1.186185 1.196285
v -0.029166 -1.189437 1.198145
v 0.02183 -1.189654 1.198271
v 0.073097 -1.186854 1.196662
v 0.115654 -1.182308 1.19416
v 0.16746 -1.174226 1.190048
v 0.219999 -1.163415 1.185217
v 0.273067 -1.150102 1.180325
v 0.326417 -1.134574 1.176111
v 0.451016 -1.137435 1.222087
v 0.395802 -1.152534 1.219381
v 0.3403 -1.166667 1.218843
v 0.284751 -1.179411 1.219872
v 0.229437 -1.190409 1.221861
v 0.174649 -1.199369 1.224223
v 0.120616 -1.206076 1.226426
v 0.076231 -1.20985 1.227831
v 0.022765 -1.212174 1.228755
v -0.030415 -1.211994 1.228682
v -0.084178 -1.209295 1.227616
v -0.139435 -1.203995 1.225703
v -0.196867 -1.195984 1.223253
v -0.256677 -1.185222 1.220797
v -0.280219 -1.18038 1.220006
v -0.342427 -1.166149 1.21883
v -0.402476 -1.150756 1.21958
v 0.472263 -1.185711 1.260824
v 0.495807 -1.240772 1.287213
v 0.414175 -1.196007 1.256767
v 0.434196 -1.245831 1.284006
v 0.355862 -1.205854 1.254493
v 0.372577 -1.250805 1.281854
v 0.297586 -1.214861 1.253607
v 0.311207 -1.255441 1.280572
v 0.239643 -1.222706 1.253694
v 0.250369 -1.259531 1.27995
v 0.182329 -1.229135 1.254338
v 0.190342 -1.26291 1.279771
v 0.125873 -1.233962 1.255157
v 0.131329 -1.26546 1.27983
v 0.079536 -1.236683 1.255745
v 0.082957 -1.266902 1.279937
v 0.023749 -1.238359 1.256153
v 0.024765 -1.267791 1.280029
v -0.03173 -1.23823 1.256121
v -0.033089 -1.267722 1.280021
v -0.08783 -1.236282 1.255653
v -0.091612 -1.266689 1.279918
v -0.145529 -1.232463 1.254872
v -0.151864 -1.264667 1.279794
v -0.205562 -1.226703 1.254034
v -0.214659 -1.261629 1.279804
v -0.268166 -1.218998 1.253556
v -0.280297 -1.257593 1.280188
v -0.292835 -1.215549 1.253583
v -0.306212 -1.255799 1.280499
v -0.358096 -1.20549 1.254552
v -0.374933 -1.25062 1.281919
v -0.421193 -1.194781 1.257154
v -0.441626 -1.24522 1.284333
v 0.482278 -1.069225 1.157751
v 0.486305 -1.078154 1.175418
v 0.494741 -1.096856 1.19776
v 0.505996 -1.121808 1.227569
v 0.509438 -1.129441 1.233192
v 0.526721 -1.167756 1.261421
v 0.530163 -1.175388 1.267044
v 0.545767 -1.209981 1.281106
v 0.557461 -1.235909 1.291645
v 0.565709 -1.254195 1.294029
v -0.451016 1.137435 1.222087
v -0.433076 1.098243 1.172846
v -0.0 1.18993 1.198432
v -0.0 1.212403 1.228848
v -0.024234 1.18959 1.198233
v -0.073097 1.186854 1.196662
v -0.115654 1.182308 1.19416
v -0.16746 1.174226 1.190048
v -0.219999 1.163415 1.185217
v -0.273067 1.150102 1.180325
v -0.326417 1.134574 1.176111
v -0.379815 1.117163 1.173353
v -0.472263 1.185711 1.260824
v -0.495807 1.240772 1.287213
v -0.414175 1.196007 1.256767
v -0.434196 1.245831 1.284006
v -0.355862 1.205854 1.254493
v -0.372577 1.250805 1.281854
v -0.297586 1.214861 1.253607
v -0.311207 1.255441 1.280572
v -0.239643 1.222706 1.253694
v -0.250369 1.259531 1.27995
v -0.182329 1.229135 1.254338
v -0.190342 1.26291 1.279771
v -0.125873 1.233962 1.255157
v -0.131329 1.26546 1.27983
v -0.079536 1.236683 1.255745
v -0.082957 1.266902 1.279937
v -0.026365 1.238321 1.256144
v -0.027494 1.267771 1.280027
v -0.0 1.267879 1.280039
v -0.395802 1.152534 1.219381
v -0.3403 1.166667 1.218843
v -0.284751 1.179411 1.219872
v -0.229437 1.190409 1.221861
v -0.174649 1.199369 1.224223
v -0.120616 1.206076 1.226426
v -0.076231 1.20985 1.227831
v -0.025273 1.212121 1.228733
v -0.0 1.238525 1.256196
v 0.57389 -1.021262 1.158581
v 0.661653 -0.966717 1.158581
v 0.744267 -0.90465 1.158581
v 0.821091 -0.835545 1.158581
v 0.891526 -0.759939 1.158581
v 0.955025 -0.67842 1.158581
v 1.011093 -0.591623 1.158581
v 1.059294 -0.500222 1.158581
v 1.099253 -0.40493 1.158581
v 1.13066 -0.306487 1.158581
v 1.153269 -0.205659 1.158581
v 1.171463 0.0 1.158581
v 1.166906 -0.103231 1.158581
v 1.201759 0.0 1.199149
v 1.197084 -0.105901 1.199149
v 1.183095 -0.210977 1.199149
v 1.1599 -0.314413 1.199149
v 1.127681 -0.415402 1.199149
v 1.086689 -0.513159 1.199149
v 1.037241 -0.606923 1.199149
v 0.979723 -0.695965 1.199149
v 0.914582 -0.779592 1.199149
v 0.842325 -0.857153 1.199149
v 0.763515 -0.928046 1.199149
v 0.678764 -0.991717 1.199149
v 0.588732 -1.047673 1.199149
v 1.238445 0.0 1.234044
v 1.233627 -0.109134 1.234044
v 1.219211 -0.217418 1.234044
v 1.195309 -0.324011 1.234044
v 1.162107 -0.428083 1.234044
v 1.119862 -0.528824 1.234044
v 1.068905 -0.62545 1.234044
v 1.009631 -0.717211 1.234044
v 0.942502 -0.803391 1.234044
v 0.868039 -0.88332 1.234044
v 0.786823 -0.956376 1.234044
v 0.699485 -1.021992 1.234044
v 0.606704 -1.079656 1.234044
v 1.280478 0.0 1.262273
v 1.275496 -0.112838 1.262273
v 1.260591 -0.224797 1.262273
v 1.235877 -0.335008 1.262273
v 1.201548 -0.442612 1.262273
v 1.15787 -0.546772 1.262273
v 1.105183 -0.646678 1.262273
v 1.043898 -0.741553 1.262273
v 0.97449 -0.830658 1.262273
v 0.8975 -0.9133 1.262273
v 0.813528 -0.988836 1.262273
v 0.723225 -1.056678 1.262273
v 0.627295 -1.116299 1.262273
v 1.326658 0.0 1.283031
v 1.321497 -0.116907 1.283031
v 1.306054 -0.232905 1.283031
v 1.28045 -0.34709 1.283031
v 1.244882 -0.458575 1.283031
v 1.199629 -0.566491 1.283031
v 1.145042 -0.670001 1.283031
v 1.081546 -0.768297 1.283031
v 1.009635 -0.860616 1.283031
v 0.929869 -0.946238 1.283031
v 0.842868 -1.024498 1.283031
v 0.749309 -1.094787 1.283031
v 0.649919 -1.156559 1.283031
v 1.375673 0.0 1.295727
v 1.370321 -0.121226 1.295727
v 1.354307 -0.241509 1.295727
v 1.327757 -0.359913 1.295727
v 1.290875 -0.475517 1.295727
v 1.24395 -0.587421 1.295727
v 1.187347 -0.694754 1.295727
v 1.121505 -0.796682 1.295727
v 1.046937 -0.892412 1.295727
v 0.964224 -0.981197 1.295727
v 0.874008 -1.062349 1.295727
v 0.776992 -1.135235 1.295727
v 0.673931 -1.199288 1.295727
v 0.057874 1.267401 1.279986
v 0.565709 1.254195 1.294029
v 0.557461 1.235909 1.291645
v 0.496107 1.240748 1.287232
v 0.545767 1.209981 1.281106
v 0.530163 1.175388 1.267044
v 0.472545 1.18566 1.260848
v 0.509438 1.129441 1.233192
v 0.505996 1.121808 1.227569
v 0.451283 1.13736 1.222106
v 0.482278 1.069225 1.157751
v 0.494741 1.096856 1.19776
v 0.486305 1.078154 1.175418
v 0.433335 1.098148 1.17285
v 0.526721 1.167756 1.261421
v 0.37739 1.11799 1.173435
v 0.319518 1.136693 1.17659
v 0.259938 1.153604 1.181499
v 0.21255 1.165098 1.185919
v 0.15665 1.176133 1.190979
v 0.102972 1.183867 1.195002
v 0.051006 1.188427 1.197559
v 0.053192 1.211156 1.228344
v 0.107389 1.20737 1.226894
v 0.163374 1.200951 1.224709
v 0.221671 1.191802 1.222185
v 0.27107 1.182299 1.220297
v 0.333121 1.1684 1.2189
v 0.393284 1.153201 1.219314
v 0.055494 1.237625 1.25597
v 0.11206 1.234895 1.255348
v 0.170543 1.230272 1.254505
v 0.231513 1.223704 1.25376
v 0.283247 1.216915 1.253554
v 0.348326 1.207072 1.254309
v 0.411528 1.196467 1.256628
v 0.116905 1.265954 1.279861
v 0.178014 1.26351 1.27977
v 0.241846 1.260054 1.279903
v 0.296136 1.256508 1.280365
v 0.36463 1.251428 1.281644
v 0.431393 1.246061 1.283887
v 0.673931 1.199288 1.295727
v 0.606704 1.079656 1.234044
v 0.744267 0.90465 1.158581
v 0.661653 0.966717 1.158581
v 0.678764 0.991717 1.199149
v 0.57389 1.021262 1.158581
v 0.821091 0.835545 1.158581
v 0.891526 0.759939 1.158581
v 1.166906 0.103231 1.158581
v 1.153269 0.205659 1.158581
v 1.13066 0.306487 1.158581
v 1.099253 0.40493 1.158581
v 1.059294 0.500222 1.158581
v 1.011093 0.591623 1.158581
v 0.955025 0.67842 1.158581
v 1.197084 0.105901 1.199149
v 1.183095 0.210977 1.199149
v 1.1599 0.314413 1.199149
v 1.127681 0.415402 1.199149
v 1.086689 0.513159 1.199149
v 1.037241 0.606923 1.199149
v 0.979723 0.695965 1.199149
v 0.914582 0.779592 1.199149
v 0.588732 1.047673 1.199149
v 1.233627 0.109134 1.234044
v 1.219211 0.217418 1.234044
v 1.195309 0.324011 1.234044
v 1.162107 0.428083 1.234044
v 1.119862 0.528824 1.234044
v 1.068905 0.62545 1.234044
v 1.009631 0.717211 1.234044
v 0.942502 0.803391 1.234044
v 0.868039 0.88332 1.234044
v 1.275496 0.112838 1.262273
v 1.260591 0.224797 1.262273
v 1.235877 0.335008 1.262273
v 1.201548 0.442612 1.262273
v 1.15787 0.546772 1.262273
v 1.105183 0.646678 1.262273
v 1.043898 0.741553 1.262273
v 0.97449 0.830658 1.262273
v 0.8975 0.9133 1.262273
v 0.813528 0.988836 1.262273
v 1.321497 0.116907 1.283031
v 1.306054 0.232905 1.283031
v 1.28045 0.34709 1.283031
v 1.244882 0.458575 1.283031
v 1.199629 0.566491 1.283031
v 1.145042 0.670001 1.283031
v 1.081546 0.768297 1.283031
v 1.009635 0.860616 1.283031
v 0.929869 0.946238 1.283031
v 0.842868 1.024498 1.283031
v 0.749309 1.094787 1.283031
v 0.763515 0.928046 1.199149
v 0.699485 1.021992 1.234044
v 0.627295 1.116299 1.262273
v 0.842325 0.857153 1.199149
v 0.786823 0.956376 1.234044
v 0.723225 1.056678 1.262273
v 0.649919 1.156559 1.283031
v 1.370321 0.121226 1.295727
v 1.354307 0.241509 1.295727
v 1.327757 0.359913 1.295727
v 1.290875 0.475517 1.295727
v 1.24395 0.587421 1.295727
v 1.187347 0.694754 1.295727
v 1.121505 0.796682 1.295727
v 1.046937 0.892412 1.295727
v 0.964224 0.981197 1.295727
v 0.874008 1.062349 1.295727
v 0.776992 1.135235 1.295727
v 1.014517 -0.585732 0.341419
v 0.959606 -0.671924 0.341419
v 0.897393 -0.753002 0.341419
v 0.82835 -0.82835 0.341419
v 0.495082 -1.061706 0.341419
v 0.400664 -1.100815 0.341419
v 0.303197 -1.131547 0.341419
v -0.1021 -1.167005 0.341419
v -0.203422 -1.153666 0.341419
v -0.585732 -1.014517 0.341419
v -0.671924 -0.959606 0.341419
v -0.753002 -0.897393 0.341419
v -1.014517 -0.585732 0.341419
v -1.061706 -0.495082 0.341419
v -1.167005 -0.1021 0.341419
v -1.171463 -0.0 0.341419
v -1.167005 0.1021 0.341419
v -1.061706 0.495082 0.341419
v -1.014517 0.585732 0.341419
v -0.753002 0.897393 0.341419
v -0.671924 0.959606 0.341419
v -0.585732 1.014517 0.341419
v 0.581384 -1.246783 0.204273
v 0.687836 -1.191368 0.204273
v 0.663329 -1.14892 0.216969
v 1.375673 0.0 0.204273
v 1.370438 -0.119898 0.204273
v 1.354773 -0.238883 0.204273
v 1.328798 -0.35605 0.204273
v 1.292709 -0.470508 0.204273
v 1.246783 -0.581384 0.204273
v 1.191368 -0.687836 0.204273
v 1.126885 -0.789053 0.204273
v 0.734452 -1.048906 0.237727
v 0.76094 -1.086735 0.216969
v 0.789053 -1.126885 0.204273
v 0.796057 -0.948704 0.265956
v 0.823075 -0.980903 0.237727
v 0.85276 -1.016279 0.216969
v 0.884265 -1.053826 0.204273
v 0.849772 -0.849772 0.300851
v 0.875713 -0.875713 0.265956
v 0.905434 -0.905434 0.237727
v 0.938089 -0.938089 0.216969
v 0.972748 -0.972748 0.204273
v -0.10474 1.197186 0.300851
v -0.0 1.201759 0.300851
v -0.0 1.238445 0.265956
v 0.920601 -0.772476 0.300851
v 0.948704 -0.796057 0.265956
v 0.980903 -0.823075 0.237727
v 1.016279 -0.85276 0.216969
v 1.053826 -0.884265 0.204273
v -0.0 1.171463 0.341419
v -0.1021 1.167005 0.341419
v -0.203422 1.153666 0.341419
v -0.400664 1.100815 0.341419
v -0.303197 1.131547 0.341419
v -0.311038 1.16081 0.300851
v -0.208683 1.183501 0.300851
v -0.215054 1.21963 0.265956
v -0.107938 1.233733 0.265956
v -0.111601 1.275605 0.237727
v -0.0 1.280478 0.237727
v -0.0 1.326658 0.216969
v -0.470508 1.292709 0.204273
v -0.581384 1.246783 0.204273
v -0.56067 1.202361 0.216969
v -0.663329 1.14892 0.216969
v -0.640239 1.108926 0.237727
v -0.734452 1.048906 0.237727
v -0.710343 1.014475 0.265956
v -0.796057 0.948704 0.265956
v -0.772476 0.920601 0.300851
v -0.849772 0.849772 0.300851
v -0.82835 0.82835 0.341419
v -0.897393 0.753002 0.341419
v -0.687836 1.191368 0.204273
v -0.76094 1.086735 0.216969
v -0.823075 0.980903 0.237727
v -0.875713 0.875713 0.265956
v -0.920601 0.772476 0.300851
v -0.959606 0.671924 0.341419
v -0.972748 0.972748 0.204273
v -1.053826 0.884265 0.204273
v -1.016279 0.85276 0.216969
v -1.086735 0.76094 0.216969
v -1.048906 0.734452 0.237727
v -1.108926 0.640239 0.237727
v -1.072525 0.619223 0.265956
v -1.122413 0.52339 0.265956
v -1.089163 0.507885 0.300851
v -1.129284 0.411026 0.300851
v -1.100815 0.400664 0.341419
v -1.131547 0.303197 0.341419
v -1.328798 0.35605 0.204273
v -1.354773 0.238883 0.204273
v -1.306504 0.230372 0.216969
v -1.32161 0.115626 0.216969
v -1.275605 0.111601 0.237727
v -1.280478 -0.0 0.237727
v -1.238445 -0.0 0.265956
v -1.233733 -0.107938 0.265956
v -1.197186 -0.10474 0.300851
v -1.183501 -0.208683 0.300851
v -1.153666 -0.203422 0.341419
v -1.131547 -0.303197 0.341419
v -1.370438 0.119898 0.204273
v -1.326658 -0.0 0.216969
v -1.275605 -0.111601 0.237727
v -1.21963 -0.215054 0.265956
v -1.16081 -0.311038 0.300851
v -1.100815 -0.400664 0.341419
v -1.354773 -0.238883 0.204273
v -1.328798 -0.35605 0.204273
v -1.281454 -0.343364 0.216969
v -1.246651 -0.453744 0.216969
v -1.203255 -0.437949 0.237727
v -1.160507 -0.541153 0.237727
v -1.122413 -0.52339 0.265956
v -1.072525 -0.619223 0.265956
v -1.040754 -0.600879 0.300851
v -0.984423 -0.6893 0.300851
v -0.959606 -0.671924 0.341419
v -0.897393 -0.753002 0.341419
v -1.053826 -0.884265 0.204273
v -0.972748 -0.972748 0.204273
v -0.938089 -0.938089 0.216969
v -0.85276 -1.016279 0.216969
v -0.823075 -0.980903 0.237727
v -0.734452 -1.048906 0.237727
v -0.710343 -1.014475 0.265956
v -0.619223 -1.072525 0.265956
v -0.600879 -1.040754 0.300851
v -0.507885 -1.089163 0.300851
v -0.495082 -1.061706 0.341419
v -0.400664 -1.100815 0.341419
v -0.884265 -1.053826 0.204273
v -0.76094 -1.086735 0.216969
v -0.640239 -1.108926 0.237727
v -0.52339 -1.122413 0.265956
v -0.411026 -1.129284 0.300851
v -0.303197 -1.131547 0.341419
v -0.581384 -1.246783 0.204273
v -0.470508 -1.292709 0.204273
v -0.453744 -1.246651 0.216969
v -0.343364 -1.281454 0.216969
v -0.331412 -1.236846 0.237727
v -0.222353 -1.261024 0.237727
v -0.215054 -1.21963 0.265956
v -0.107938 -1.233733 0.265956
v -0.10474 -1.197186 0.300851
v 0.0 -1.201759 0.300851
v 0.0 -1.171463 0.341419
v 0.1021 -1.167005 0.341419
v 0.119898 -1.370438 0.204273
v 0.238883 -1.354773 0.204273
v 0.230372 -1.306504 0.216969
v 0.343364 -1.281454 0.216969
v 0.331412 -1.236846 0.237727
v 0.437949 -1.203255 0.237727
v 0.423573 -1.163758 0.265956
v 0.52339 -1.122413 0.265956
v 0.507885 -1.089163 0.300851
v 0.600879 -1.040754 0.300851
v 0.585732 -1.014517 0.341419
v 0.671924 -0.959606 0.341419
v 0.35605 -1.328798 0.204273
v 0.453744 -1.246651 0.216969
v 0.541153 -1.160507 0.237727
v 0.619223 -1.072525 0.265956
v 0.6893 -0.984423 0.300851
v 0.753002 -0.897393 0.341419
v -0.495082 1.061706 0.341419
v -0.411026 1.129284 0.300851
v -0.320533 1.196246 0.265956
v -0.222353 1.261024 0.237727
v -0.115626 1.32161 0.216969
v -0.0 1.375673 0.204273
v -0.507885 1.089163 0.300851
v -0.423573 1.163758 0.265956
v -0.331412 1.236846 0.237727
v -0.230372 1.306504 0.216969
v -0.119898 1.370438 0.204273
v -0.600879 1.040754 0.300851
v -0.52339 1.122413 0.265956
v -0.437949 1.203255 0.237727
v -0.343364 1.281454 0.216969
v -0.238883 1.354773 0.204273
v -0.6893 0.984423 0.300851
v -0.619223 1.072525 0.265956
v -0.541153 1.160507 0.237727
v -0.453744 1.246651 0.216969
v -0.35605 1.328798 0.204273
v -0.984423 0.6893 0.300851
v -0.948704 0.796057 0.265956
v -0.905434 0.905434 0.237727
v -0.85276 1.016279 0.216969
v -0.789053 1.126885 0.204273
v -1.040754 0.600879 0.300851
v -1.014475 0.710343 0.265956
v -0.980903 0.823075 0.237727
v -0.938089 0.938089 0.216969
v -0.884265 1.053826 0.204273
v -1.153666 0.203422 0.341419
v -1.16081 0.311038 0.300851
v -1.163758 0.423573 0.265956
v -1.160507 0.541153 0.237727
v -1.14892 0.663329 0.216969
v -1.126885 0.789053 0.204273
v -1.183501 0.208683 0.300851
v -1.196246 0.320533 0.265956
v -1.203255 0.437949 0.237727
v -1.202361 0.56067 0.216969
v -1.191368 0.687836 0.204273
v -1.197186 0.10474 0.300851
v -1.21963 0.215054 0.265956
v -1.236846 0.331412 0.237727
v -1.246651 0.453744 0.216969
v -1.246783 0.581384 0.204273
v -1.201759 -0.0 0.300851
v -1.233733 0.107938 0.265956
v -1.261024 0.222353 0.237727
v -1.281454 0.343364 0.216969
v -1.292709 0.470508 0.204273
v -1.129284 -0.411026 0.300851
v -1.196246 -0.320533 0.265956
v -1.261024 -0.222353 0.237727
v -1.32161 -0.115626 0.216969
v -1.375673 -0.0 0.204273
v -1.089163 -0.507885 0.300851
v -1.163758 -0.423573 0.265956
v -1.236846 -0.331412 0.237727
v -1.306504 -0.230372 0.216969
v -1.370438 -0.119898 0.204273
v -0.82835 -0.82835 0.341419
v -0.920601 -0.772476 0.300851
v -1.014475 -0.710343 0.265956
v -1.108926 -0.640239 0.237727
v -1.202361 -0.56067 0.216969
v -1.292709 -0.470508 0.204273
v -0.849772 -0.849772 0.300851
v -0.948704 -0.796057 0.265956
v -1.048906 -0.734452 0.237727
v -1.14892 -0.663329 0.216969
v -1.246783 -0.581384 0.204273
v -0.772476 -0.920601 0.300851
v -0.875713 -0.875713 0.265956
v -0.980903 -0.823075 0.237727
v -1.086735 -0.76094 0.216969
v -1.191368 -0.687836 0.204273
v -0.6893 -0.984423 0.300851
v -0.796057 -0.948704 0.265956
v -0.905434 -0.905434 0.237727
v -1.016279 -0.85276 0.216969
v -1.126885 -0.789053 0.204273
v -0.311038 -1.16081 0.300851
v -0.423573 -1.163758 0.265956
v -0.541153 -1.160507 0.237727
v -0.663329 -1.14892 0.216969
v -0.789053 -1.126885 0.204273
v -0.208683 -1.183501 0.300851
v -0.320533 -1.196246 0.265956
v -0.437949 -1.203255 0.237727
v -0.56067 -1.202361 0.216969
v -0.687836 -1.191368 0.204273
v 0.203422 -1.153666 0.341419
v 0.10474 -1.197186 0.300851
v 0.0 -1.238445 0.265956
v -0.111601 -1.275605 0.237727
v -0.230372 -1.306504 0.216969
v -0.35605 -1.328798 0.204273
v 0.208683 -1.183501 0.300851
v 0.107938 -1.233733 0.265956
v 0.0 -1.280478 0.237727
v -0.115626 -1.32161 0.216969
v -0.238883 -1.354773 0.204273
v 0.311038 -1.16081 0.300851
v 0.215054 -1.21963 0.265956
v 0.111601 -1.275605 0.237727
v 0.0 -1.326658 0.216969
v -0.119898 -1.370438 0.204273
v 0.411026 -1.129284 0.300851
v 0.320533 -1.196246 0.265956
v 0.222353 -1.261024 0.237727
v 0.115626 -1.32161 0.216969
v 0.0 -1.375673 0.204273
v 0.772476 -0.920601 0.300851
v 0.710343 -1.014475 0.265956
v 0.640239 -1.108926 0.237727
v 0.56067 -1.202361 0.216969
v 0.470508 -1.292709 0.204273
v 1.086735 -0.76094 0.216969
v 1.048906 -0.734452 0.237727
v 1.014475 -0.710343 0.265956
v 0.984423 -0.6893 0.300851
v 1.14892 -0.663329 0.216969
v 1.108926 -0.640239 0.237727
v 1.072525 -0.619223 0.265956
v 1.040754 -0.600879 0.300851
v 1.202361 -0.56067 0.216969
v 1.160507 -0.541153 0.237727
v 1.122413 -0.52339 0.265956
v 1.089163 -0.507885 0.300851
v 1.061706 -0.495082 0.341419
v 1.100815 -0.400664 0.341419
v 1.246651 -0.453744 0.216969
v 1.203255 -0.437949 0.237727
v 1.163758 -0.423573 0.265956
v 1.129284 -0.411026 0.300851
v 1.131547 -0.303197 0.341419
v 1.281454 -0.343364 0.216969
v 1.236846 -0.331412 0.237727
v 1.196246 -0.320533 0.265956
v 1.16081 -0.311038 0.300851
v 1.153666 -0.203422 0.341419
v 1.306504 -0.230372 0.216969
v 1.261024 -0.222353 0.237727
v 1.21963 -0.215054 0.265956
v 1.183501 -0.208683 0.300851
v 1.167005 -0.1021 0.341419
v 1.32161 -0.115626 0.216969
v 1.275605 -0.111601 0.237727
v 1.233733 -0.107938 0.265956
v 1.197186 -0.10474 0.300851
v 1.326658 0.0 0.216969
v 1.280478 0.0 0.237727
v 1.238445 0.0 0.265956
v 1.201759 0.0 0.300851
v 1.171463 0.0 0.341419
v 0.897393 0.753002 0.341419
v 0.959606 0.671924 0.341419
v 1.014517 0.585732 0.341419
v 0.119898 1.370438 0.204273
v 0.238883 1.354773 0.204273
v 0.35605 1.328798 0.204273
v 0.470508 1.292709 0.204273
v 0.581384 1.246783 0.204273
v 0.687836 1.191368 0.204273
v 0.789053 1.126885 0.204273
v 0.884265 1.053826 0.204273
v 0.972748 0.972748 0.204273
v 1.053826 0.884265 0.204273
v 1.126885 0.789053 0.204273
v 1.191368 0.687836 0.204273
v 1.246783 0.581384 0.204273
v 1.292709 0.470508 0.204273
v 1.328798 0.35605 0.204273
v 1.354773 0.238883 0.204273
v 1.370438 0.119898 0.204273
v 1.32161 0.115626 0.216969
v 1.275605 0.111601 0.237727
v 1.233733 0.107938 0.265956
v 1.197186 0.10474 0.300851
v 1.167005 0.1021 0.341419
v 1.153666 0.203422 0.341419
v 1.306504 0.230372 0.216969
v 1.261024 0.222353 0.237727
v 1.21963 0.215054 0.265956
v 1.183501 0.208683 0.300851
v 1.131547 0.303197 0.341419
v 1.281454 0.343364 0.216969
v 1.236846 0.331412 0.237727
v 1.196246 0.320533 0.265956
v 1.16081 0.311038 0.300851
v 1.100815 0.400664 0.341419
v 1.246651 0.453744 0.216969
v 1.203255 0.437949 0.237727
v 1.163758 0.423573 0.265956
v 1.129284 0.411026 0.300851
v 1.061706 0.495082 0.341419
v 1.202361 0.56067 0.216969
v 1.160507 0.541153 0.237727
v 1.122413 0.52339 0.265956
v 1.089163 0.507885 0.300851
v 1.14892 0.663329 0.216969
v 1.108926 0.640239 0.237727
v 1.072525 0.619223 0.265956
v 1.040754 0.600879 0.300851
v 1.086735 0.76094 0.216969
v 1.048906 0.734452 0.237727
v 1.014475 0.710343 0.265956
v 0.984423 0.6893 0.300851
v 1.016279 0.85276 0.216969
v 0.980903 0.823075 0.237727
v 0.948704 0.796057 0.265956
v 0.920601 0.772476 0.300851
v 0.938089 0.938089 0.216969
v 0.905434 0.905434 0.237727
v 0.875713 0.875713 0.265956
v 0.849772 0.849772 0.300851
v 0.82835 0.82835 0.341419
v 0.753002 0.897393 0.341419
v 0.85276 1.016279 0.216969
v 0.823075 0.980903 0.237727
v 0.796057 0.948704 0.265956
v 0.772476 0.920601 0.300851
v 0.671924 0.959606 0.341419
v 0.76094 1.086735 0.216969
v 0.734452 1.048906 0.237727
v 0.710343 1.014475 0.265956
v 0.6893 0.984423 0.300851
v 0.585732 1.014517 0.341419
v 0.663329 1.14892 0.216969
v 0.640239 1.108926 0.237727
v 0.619223 1.072525 0.265956
v 0.600879 1.040754 0.300851
v 0.495082 1.061706 0.341419
v 0.56067 1.202361 0.216969
v 0.541153 1.160507 0.237727
v 0.52339 1.122413 0.265956
v 0.507885 1.089163 0.300851
v 0.400664 1.100815 0.341419
v 0.453744 1.246651 0.216969
v 0.437949 1.203255 0.237727
v 0.423573 1.163758 0.265956
v 0.411026 1.129284 0.300851
v 0.303197 1.131547 0.341419
v 0.343364 1.281454 0.216969
v 0.331412 1.236846 0.237727
v 0.320533 1.196246 0.265956
v 0.311038 1.16081 0.300851
v 0.203422 1.153666 0.341419
v 0.230372 1.306504 0.216969
v 0.222353 1.261024 0.237727
v 0.215054 1.21963 0.265956
v 0.208683 1.183501 0.300851
v 0.1021 1.167005 0.341419
v 0.115626 1.32161 0.216969
v 0.111601 1.275605 0.237727
v 0.107938 1.233733 0.265956
v 0.10474 1.197186 0.300851
usemtl 1
f 1// 2// 3//
f 3// 2// 4//
f 3// 4// 5//
f 5// 6// 3//
f 3// 6// 7//
f 3// 7// 8//
f 9// 10// 11//
f 11// 10// 12//
f 11// 12// 13//
f 14// 15// 16//
f 16// 15// 17//
f 18// 19// 20//
f 20// 19// 21//
f 17// 22// 16//
f 16// 22// 23//
f 16// 23// 24//
f 23// 25// 24//
f 24// 25// 26//
f 24// 26// 11//
f 11// 26// 27//
f 11// 27// 9//
f 18// 28// 19//
f 19// 28// 29//
f 19// 29// 1//
f 1// 29// 30//
f 1// 30// 2//
f 13// 31// 11//
f 11// 31// 32//
f 11// 32// 19//
f 19// 32// 33//
f 19// 33// 21//
f 34// 35// 36//
f 36// 35// 37//
f 38// 39// 40//
f 40// 39// 37//
f 37// 39// 41//
f 37// 41// 36//
f 42// 43// 44//
f 44// 43// 45//
f 46// 47// 48//
f 48// 47// 36//
f 49// 50// 51//
f 52// 45// 53//
f 53// 45// 54//
f 55// 56// 57//
f 57// 56// 42//
f 57// 42// 58//
f 59// 60// 61//
f 61// 60// 62//
f 61// 62// 63//
f 51// 58// 49//
f 49// 58// 42//
f 49// 42// 64//
f 64// 42// 65//
f 64// 65// 54//
f 66// 67// 68//
f 68// 67// 69//
f 68// 69// 70//
f 71// 72// 68//
f 68// 72// 73//
f 74// 75// 76//
f 76// 75// 77//
f 73// 78// 68//
f 68// 78// 77//
f 68// 77// 79//
f 79// 77// 75//
f 80// 81// 82//
f 70// 83// 68//
f 68// 83// 84//
f 68// 84// 71//
f 81// 85// 82//
f 82// 85// 65//
f 82// 65// 86//
f 86// 65// 48//
f 86// 48// 59//
f 59// 48// 36//
f 59// 36// 60//
f 60// 36// 41//
f 63// 87// 61//
f 61// 87// 88//
f 61// 88// 89//
f 89// 88// 90//
f 89// 90// 91//
f 90// 92// 91//
f 91// 92// 93//
f 91// 93// 82//
f 82// 93// 94//
f 82// 94// 80//
f 85// 95// 65//
f 65// 95// 96//
f 65// 96// 97//
f 97// 98// 65//
f 65// 98// 99//
f 65// 99// 54//
f 54// 99// 100//
f 54// 100// 53//
f 53// 100// 101//
f 53// 101// 68//
f 68// 101// 102//
f 68// 102// 66//
f 103// 104// 44//
f 105// 106// 107//
f 107// 106// 108//
f 109// 110// 104//
f 104// 110// 111//
f 104// 111// 112//
f 65// 113// 107//
f 107// 113// 114//
f 107// 114// 105//
f 105// 114// 115//
f 105// 115// 44//
f 44// 115// 116//
f 44// 116// 103//
f 103// 116// 117//
f 103// 117// 118//
f 42// 44// 65//
f 65// 44// 119//
f 65// 119// 120//
f 121// 122// 113//
f 113// 122// 123//
f 112// 124// 104//
f 104// 124// 125//
f 104// 125// 44//
f 44// 125// 126//
f 44// 126// 119//
f 120// 127// 65//
f 65// 127// 128//
f 65// 128// 113//
f 113// 128// 129//
f 113// 129// 121//
f 123// 130// 113//
f 113// 130// 131//
f 113// 131// 104//
f 104// 131// 132//
f 104// 132// 109//
f 133// 134// 135//
f 135// 134// 105//
f 135// 105// 40//
f 40// 105// 44//
f 40// 44// 38//
f 38// 44// 45//
f 38// 45// 136//
f 136// 45// 52//
f 137// 138// 3//
f 3// 138// 1//
f 139// 140// 141//
f 141// 140// 142//
f 143// 142// 144//
f 144// 142// 140//
f 145// 143// 146//
f 146// 143// 144//
f 147// 145// 148//
f 148// 145// 146//
f 149// 147// 150//
f 150// 147// 148//
f 16// 24// 151//
f 151// 24// 152//
f 153// 152// 11//
f 11// 152// 24//
f 154// 153// 19//
f 19// 153// 11//
f 138// 154// 1//
f 1// 154// 19//
f 152// 153// 154//
f 142// 143// 145//
f 147// 149// 151//
f 138// 137// 141//
f 141// 142// 138//
f 138// 142// 145//
f 138// 145// 154//
f 154// 145// 147//
f 154// 147// 152//
f 152// 147// 151//
f 148// 155// 150//
f 150// 155// 156//
f 150// 156// 157//
f 158// 139// 159//
f 159// 139// 160//
f 157// 161// 150//
f 150// 161// 162//
f 150// 162// 163//
f 164// 165// 146//
f 146// 165// 166//
f 158// 167// 139//
f 139// 167// 168//
f 139// 168// 140//
f 166// 169// 146//
f 146// 169// 170//
f 146// 170// 148//
f 148// 170// 171//
f 148// 171// 155//
f 172// 173// 144//
f 144// 173// 174//
f 144// 174// 175//
f 168// 176// 140//
f 140// 176// 177//
f 140// 177// 144//
f 144// 177// 178//
f 144// 178// 172//
f 175// 179// 144//
f 144// 179// 180//
f 144// 180// 146//
f 146// 180// 181//
f 146// 181// 164//
usemtl 2
f 182// 183// 184//
f 185// 186// 187//
f 188// 185// 189//
f 189// 185// 187//
f 189// 187// 190//
f 190// 187// 191//
f 191// 187// 192//
f 191// 192// 193//
f 193// 192// 194//
f 194// 192// 195//
f 194// 195// 196//
f 196// 195// 197//
f 197// 195// 198//
f 197// 198// 199//
f 199// 198// 200//
f 200// 198// 201//
f 200// 201// 202//
f 202// 201// 203//
f 203// 201// 204//
f 203// 204// 205//
f 205// 204// 206//
f 206// 204// 207//
f 206// 207// 208//
f 208// 207// 209//
f 209// 207// 210//
f 209// 210// 211//
f 211// 210// 212//
f 212// 210// 213//
f 212// 213// 214//
f 214// 213// 215//
f 215// 213// 216//
f 215// 216// 217//
f 217// 216// 218//
f 218// 216// 219//
f 218// 219// 220//
f 221// 222// 223//
f 223// 224// 221//
f 221// 224// 225//
f 221// 225// 219//
f 219// 225// 226//
f 219// 226// 220//
f 227// 228// 229//
f 229// 228// 230//
f 229// 230// 222//
f 222// 230// 231//
f 222// 231// 223//
f 227// 229// 232//
f 232// 229// 233//
f 232// 233// 234//
f 235// 236// 237//
f 237// 236// 238//
f 237// 238// 233//
f 233// 238// 239//
f 233// 239// 234//
f 237// 240// 241//
f 235// 237// 242//
f 242// 237// 241//
f 242// 241// 243//
f 244// 245// 246//
f 246// 245// 247//
f 246// 247// 248//
f 247// 249// 248//
f 248// 249// 250//
f 248// 250// 251//
f 250// 252// 251//
f 251// 252// 253//
f 251// 253// 254//
f 253// 255// 254//
f 254// 255// 256//
f 254// 256// 257//
f 256// 258// 257//
f 257// 258// 259//
f 257// 259// 260//
f 259// 261// 260//
f 260// 261// 262//
f 260// 262// 263//
f 262// 264// 263//
f 263// 264// 265//
f 263// 265// 266//
f 265// 267// 266//
f 266// 267// 268//
f 266// 268// 269//
f 268// 270// 269//
f 269// 270// 271//
f 269// 271// 272//
f 271// 273// 272//
f 272// 273// 274//
f 272// 274// 275//
f 274// 276// 275//
f 275// 276// 277//
f 275// 277// 278//
f 277// 279// 278//
f 278// 279// 280//
f 278// 280// 281//
f 280// 282// 281//
f 281// 282// 283//
f 281// 283// 284//
f 283// 285// 284//
f 284// 285// 286//
f 284// 286// 287//
f 288// 289// 290//
f 290// 289// 287//
f 290// 287// 291//
f 291// 287// 286//
f 292// 244// 293//
f 293// 244// 246//
f 293// 246// 294//
f 294// 246// 295//
f 289// 296// 287//
f 287// 296// 297//
f 287// 297// 284//
f 284// 297// 298//
f 284// 298// 281//
f 281// 298// 299//
f 281// 299// 278//
f 278// 299// 300//
f 278// 300// 275//
f 275// 300// 301//
f 275// 301// 272//
f 272// 301// 302//
f 272// 302// 269//
f 269// 302// 303//
f 269// 303// 266//
f 266// 303// 304//
f 266// 304// 263//
f 263// 304// 305//
f 263// 305// 260//
f 260// 305// 306//
f 260// 306// 257//
f 257// 306// 307//
f 257// 307// 254//
f 254// 307// 308//
f 254// 308// 251//
f 251// 308// 309//
f 251// 309// 248//
f 248// 309// 310//
f 248// 310// 246//
f 246// 310// 311//
f 246// 311// 295//
f 288// 182// 289//
f 289// 182// 184//
f 289// 184// 296//
f 296// 184// 312//
f 296// 312// 313//
f 313// 314// 296//
f 296// 314// 315//
f 296// 315// 297//
f 297// 315// 316//
f 297// 316// 298//
f 298// 316// 317//
f 298// 317// 299//
f 299// 317// 318//
f 299// 318// 300//
f 300// 318// 319//
f 300// 319// 301//
f 301// 319// 320//
f 301// 320// 302//
f 302// 320// 321//
f 302// 321// 303//
f 303// 321// 322//
f 303// 322// 304//
f 304// 322// 323//
f 304// 323// 305//
f 305// 323// 324//
f 305// 324// 306//
f 306// 324// 325//
f 306// 325// 307//
f 307// 325// 326//
f 307// 326// 308//
f 308// 326// 327//
f 308// 327// 309//
f 309// 327// 328//
f 309// 328// 310//
f 310// 328// 329//
f 310// 329// 311//
f 311// 329// 330//
f 311// 330// 295//
f 295// 330// 331//
f 314// 332// 315//
f 315// 332// 333//
f 315// 333// 316//
f 316// 333// 334//
f 316// 334// 317//
f 317// 334// 335//
f 317// 335// 318//
f 318// 335// 336//
f 318// 336// 319//
f 319// 336// 337//
f 319// 337// 320//
f 320// 337// 338//
f 320// 338// 321//
f 321// 338// 339//
f 321// 339// 322//
f 322// 339// 340//
f 322// 340// 323//
f 323// 340// 341//
f 323// 341// 324//
f 324// 341// 342//
f 324// 342// 325//
f 325// 342// 343//
f 325// 343// 326//
f 326// 343// 344//
f 326// 344// 327//
f 327// 344// 345//
f 327// 345// 328//
f 328// 345// 346//
f 328// 346// 329//
f 329// 346// 347//
f 329// 347// 330//
f 330// 347// 348//
f 330// 348// 331//
f 331// 348// 349//
f 332// 350// 333//
f 333// 350// 351//
f 333// 351// 334//
f 334// 351// 352//
f 334// 352// 335//
f 335// 352// 353//
f 335// 353// 336//
f 336// 353// 354//
f 336// 354// 337//
f 337// 354// 355//
f 337// 355// 338//
f 338// 355// 356//
f 338// 356// 339//
f 339// 356// 357//
f 339// 357// 340//
f 340// 357// 358//
f 340// 358// 341//
f 341// 358// 359//
f 341// 359// 342//
f 342// 359// 360//
f 342// 360// 343//
f 343// 360// 361//
f 343// 361// 344//
f 344// 361// 362//
f 344// 362// 345//
f 345// 362// 363//
f 345// 363// 346//
f 346// 363// 364//
f 346// 364// 347//
f 347// 364// 365//
f 347// 365// 348//
f 348// 365// 366//
f 348// 366// 349//
f 349// 366// 367//
f 350// 368// 351//
f 351// 368// 369//
f 351// 369// 352//
f 352// 369// 370//
f 352// 370// 353//
f 353// 370// 371//
f 353// 371// 354//
f 354// 371// 372//
f 354// 372// 355//
f 355// 372// 373//
f 355// 373// 356//
f 356// 373// 374//
f 356// 374// 357//
f 357// 374// 375//
f 357// 375// 358//
f 358// 375// 376//
f 358// 376// 359//
f 359// 376// 377//
f 359// 377// 360//
f 360// 377// 378//
f 360// 378// 361//
f 361// 378// 379//
f 361// 379// 362//
f 362// 379// 380//
f 362// 380// 363//
f 363// 380// 381//
f 363// 381// 364//
f 364// 381// 382//
f 364// 382// 365//
f 365// 382// 383//
f 365// 383// 366//
f 366// 383// 384//
f 366// 384// 367//
f 367// 384// 385//
f 368// 240// 369//
f 369// 240// 237//
f 369// 237// 370//
f 370// 237// 233//
f 370// 233// 371//
f 371// 233// 229//
f 371// 229// 372//
f 372// 229// 222//
f 372// 222// 373//
f 373// 222// 221//
f 373// 221// 374//
f 374// 221// 219//
f 374// 219// 375//
f 375// 219// 216//
f 375// 216// 376//
f 376// 216// 213//
f 376// 213// 377//
f 377// 213// 210//
f 377// 210// 378//
f 378// 210// 207//
f 378// 207// 379//
f 379// 207// 204//
f 379// 204// 380//
f 380// 204// 201//
f 380// 201// 381//
f 381// 201// 198//
f 381// 198// 382//
f 382// 198// 195//
f 382// 195// 383//
f 383// 195// 192//
f 383// 192// 384//
f 384// 192// 187//
f 384// 187// 385//
f 385// 187// 186//
f 186// 185// 386//
f 240// 368// 387//
f 293// 294// 388//
f 389// 390// 391//
f 392// 393// 394//
f 395// 396// 397//
f 398// 399// 400//
f 401// 402// 403//
f 404// 405// 406//
f 406// 405// 407//
f 406// 407// 241//
f 241// 407// 408//
f 241// 408// 243//
f 404// 406// 409//
f 409// 406// 410//
f 409// 410// 411//
f 412// 413// 414//
f 414// 413// 415//
f 414// 415// 410//
f 410// 415// 416//
f 410// 416// 411//
f 417// 418// 419//
f 417// 419// 414//
f 414// 419// 420//
f 414// 420// 412//
f 403// 402// 421//
f 402// 422// 421//
f 421// 422// 423//
f 421// 423// 417//
f 417// 423// 424//
f 417// 424// 418//
f 401// 403// 425//
f 425// 403// 426//
f 425// 426// 427//
f 427// 426// 428//
f 427// 428// 429//
f 429// 428// 430//
f 430// 428// 431//
f 430// 431// 432//
f 432// 431// 433//
f 433// 431// 434//
f 433// 434// 435//
f 435// 434// 436//
f 436// 434// 437//
f 436// 437// 438//
f 438// 437// 439//
f 439// 437// 440//
f 439// 440// 441//
f 441// 440// 442//
f 442// 440// 443//
f 442// 443// 444//
f 444// 443// 445//
f 445// 443// 446//
f 445// 446// 447//
f 448// 449// 446//
f 446// 449// 450//
f 446// 450// 447//
f 400// 399// 451//
f 399// 452// 451//
f 451// 452// 453//
f 451// 453// 448//
f 448// 453// 454//
f 448// 454// 449//
f 398// 400// 455//
f 455// 400// 456//
f 455// 456// 457//
f 457// 456// 458//
f 457// 458// 459//
f 459// 458// 460//
f 460// 458// 461//
f 460// 461// 462//
f 462// 461// 463//
f 463// 461// 464//
f 463// 464// 465//
f 465// 464// 466//
f 466// 464// 467//
f 466// 467// 468//
f 468// 467// 469//
f 469// 467// 470//
f 469// 470// 471//
f 471// 470// 472//
f 472// 470// 473//
f 472// 473// 474//
f 474// 473// 475//
f 475// 473// 476//
f 475// 476// 477//
f 477// 476// 478//
f 478// 476// 479//
f 478// 479// 480//
f 481// 482// 479//
f 479// 482// 483//
f 479// 483// 480//
f 484// 485// 486//
f 484// 486// 487//
f 486// 488// 487//
f 487// 488// 489//
f 487// 489// 481//
f 481// 489// 490//
f 481// 490// 482//
f 491// 492// 484//
f 484// 492// 493//
f 484// 493// 485//
f 494// 495// 496//
f 496// 495// 497//
f 496// 497// 491//
f 491// 497// 498//
f 491// 498// 492//
f 499// 500// 501//
f 501// 500// 502//
f 501// 502// 496//
f 496// 502// 503//
f 496// 503// 494//
f 504// 505// 501//
f 501// 505// 506//
f 501// 506// 499//
f 396// 507// 397//
f 397// 507// 508//
f 397// 508// 504//
f 504// 508// 509//
f 504// 509// 505//
f 394// 393// 397//
f 397// 393// 510//
f 397// 510// 395//
f 511// 512// 513//
f 513// 512// 514//
f 513// 514// 515//
f 511// 516// 512//
f 512// 516// 517//
f 512// 517// 394//
f 394// 517// 518//
f 394// 518// 392//
f 515// 514// 519//
f 519// 514// 520//
f 519// 520// 521//
f 521// 520// 522//
f 522// 520// 523//
f 522// 523// 524//
f 524// 523// 525//
f 525// 523// 526//
f 525// 526// 527//
f 527// 526// 528//
f 528// 526// 529//
f 528// 529// 530//
f 530// 529// 531//
f 531// 529// 532//
f 531// 532// 533//
f 533// 532// 534//
f 534// 532// 535//
f 534// 535// 536//
f 537// 538// 535//
f 535// 538// 539//
f 535// 539// 536//
f 391// 390// 540//
f 390// 541// 540//
f 540// 541// 542//
f 540// 542// 537//
f 537// 542// 543//
f 537// 543// 538//
f 389// 391// 544//
f 544// 391// 545//
f 544// 545// 546//
f 546// 545// 386//
f 546// 386// 547//
f 547// 386// 548//
f 548// 386// 185//
f 548// 185// 188//
f 549// 312// 184//
f 183// 550// 184//
f 184// 550// 551//
f 184// 551// 549//
f 549// 551// 552//
f 549// 552// 553//
f 552// 554// 553//
f 553// 554// 555//
f 553// 555// 556//
f 555// 557// 556//
f 556// 557// 558//
f 556// 558// 559//
f 558// 560// 559//
f 559// 560// 561//
f 559// 561// 562//
f 561// 563// 562//
f 562// 563// 564//
f 562// 564// 565//
f 564// 566// 565//
f 565// 566// 567//
f 565// 567// 568//
f 567// 569// 568//
f 568// 569// 570//
f 568// 570// 571//
f 572// 573// 574//
f 574// 573// 571//
f 574// 571// 575//
f 575// 571// 570//
f 572// 576// 573//
f 573// 576// 577//
f 573// 577// 578//
f 577// 579// 578//
f 578// 579// 580//
f 578// 580// 581//
f 580// 582// 581//
f 581// 582// 583//
f 581// 583// 584//
f 583// 585// 584//
f 584// 585// 586//
f 584// 586// 587//
f 586// 588// 587//
f 587// 588// 589//
f 587// 589// 590//
f 589// 591// 590//
f 590// 591// 592//
f 590// 592// 593//
f 592// 594// 593//
f 593// 594// 595//
f 593// 595// 596//
f 595// 597// 596//
f 596// 597// 598//
f 596// 598// 599//
f 598// 600// 599//
f 599// 600// 601//
f 599// 601// 602//
f 603// 604// 605//
f 605// 604// 602//
f 605// 602// 606//
f 606// 602// 601//
f 603// 607// 604//
f 604// 607// 608//
f 604// 608// 609//
f 608// 610// 609//
f 609// 610// 611//
f 609// 611// 612//
f 611// 613// 612//
f 612// 613// 614//
f 612// 614// 615//
f 614// 616// 615//
f 615// 616// 617//
f 615// 617// 618//
f 617// 619// 618//
f 618// 619// 620//
f 618// 620// 621//
f 620// 622// 621//
f 621// 622// 623//
f 621// 623// 624//
f 623// 625// 624//
f 624// 625// 626//
f 624// 626// 627//
f 626// 628// 627//
f 627// 628// 629//
f 627// 629// 630//
f 629// 631// 630//
f 630// 631// 632//
f 630// 632// 633//
f 632// 634// 633//
f 633// 634// 635//
f 633// 635// 636//
f 637// 638// 639//
f 639// 638// 636//
f 639// 636// 640//
f 640// 636// 635//
f 637// 641// 638//
f 638// 641// 642//
f 638// 642// 643//
f 642// 644// 643//
f 643// 644// 645//
f 643// 645// 646//
f 645// 647// 646//
f 646// 647// 648//
f 646// 648// 649//
f 648// 650// 649//
f 649// 650// 651//
f 649// 651// 652//
f 651// 653// 652//
f 652// 653// 654//
f 652// 654// 655//
f 654// 656// 655//
f 655// 656// 657//
f 655// 657// 658//
f 657// 659// 658//
f 658// 659// 660//
f 658// 660// 661//
f 660// 662// 661//
f 661// 662// 663//
f 661// 663// 664//
f 663// 665// 664//
f 664// 665// 666//
f 664// 666// 667//
f 668// 669// 670//
f 670// 669// 667//
f 670// 667// 671//
f 671// 667// 666//
f 668// 672// 669//
f 669// 672// 673//
f 669// 673// 674//
f 673// 675// 674//
f 674// 675// 676//
f 674// 676// 677//
f 676// 678// 677//
f 677// 678// 679//
f 677// 679// 680//
f 679// 681// 680//
f 680// 681// 682//
f 680// 682// 683//
f 682// 684// 683//
f 683// 684// 685//
f 683// 685// 686//
f 685// 687// 686//
f 686// 687// 688//
f 686// 688// 689//
f 688// 690// 689//
f 689// 690// 691//
f 689// 691// 692//
f 691// 693// 692//
f 692// 693// 694//
f 692// 694// 388//
f 292// 293// 695//
f 695// 293// 388//
f 695// 388// 696//
f 696// 388// 694//
f 294// 295// 388//
f 388// 295// 697//
f 388// 697// 692//
f 692// 697// 698//
f 692// 698// 689//
f 689// 698// 699//
f 689// 699// 686//
f 686// 699// 700//
f 686// 700// 683//
f 683// 700// 701//
f 683// 701// 680//
f 680// 701// 702//
f 680// 702// 677//
f 677// 702// 703//
f 677// 703// 674//
f 674// 703// 704//
f 674// 704// 669//
f 669// 704// 705//
f 669// 705// 667//
f 667// 705// 706//
f 667// 706// 664//
f 664// 706// 707//
f 664// 707// 661//
f 661// 707// 708//
f 661// 708// 658//
f 658// 708// 709//
f 658// 709// 655//
f 655// 709// 710//
f 655// 710// 652//
f 652// 710// 711//
f 652// 711// 649//
f 649// 711// 712//
f 649// 712// 646//
f 646// 712// 713//
f 646// 713// 643//
f 643// 713// 714//
f 643// 714// 638//
f 638// 714// 715//
f 638// 715// 636//
f 636// 715// 716//
f 636// 716// 633//
f 633// 716// 717//
f 633// 717// 630//
f 630// 717// 718//
f 630// 718// 627//
f 627// 718// 719//
f 627// 719// 624//
f 624// 719// 720//
f 624// 720// 621//
f 621// 720// 721//
f 621// 721// 618//
f 618// 721// 722//
f 618// 722// 615//
f 615// 722// 723//
f 615// 723// 612//
f 612// 723// 724//
f 612// 724// 609//
f 609// 724// 725//
f 609// 725// 604//
f 604// 725// 726//
f 604// 726// 602//
f 602// 726// 727//
f 602// 727// 599//
f 599// 727// 728//
f 599// 728// 596//
f 596// 728// 729//
f 596// 729// 593//
f 593// 729// 730//
f 593// 730// 590//
f 590// 730// 731//
f 590// 731// 587//
f 587// 731// 732//
f 587// 732// 584//
f 584// 732// 733//
f 584// 733// 581//
f 581// 733// 734//
f 581// 734// 578//
f 578// 734// 735//
f 578// 735// 573//
f 573// 735// 736//
f 573// 736// 571//
f 571// 736// 737//
f 571// 737// 568//
f 568// 737// 738//
f 568// 738// 565//
f 565// 738// 739//
f 565// 739// 562//
f 562// 739// 740//
f 562// 740// 559//
f 559// 740// 741//
f 559// 741// 556//
f 556// 741// 742//
f 556// 742// 553//
f 553// 742// 743//
f 553// 743// 549//
f 549// 743// 744//
f 549// 744// 312//
f 312// 744// 313//
f 295// 331// 697//
f 697// 331// 745//
f 697// 745// 698//
f 698// 745// 746//
f 698// 746// 699//
f 699// 746// 747//
f 699// 747// 700//
f 700// 747// 748//
f 700// 748// 701//
f 701// 748// 749//
f 701// 749// 702//
f 702// 749// 750//
f 702// 750// 703//
f 703// 750// 751//
f 703// 751// 704//
f 704// 751// 752//
f 704// 752// 705//
f 705// 752// 753//
f 705// 753// 706//
f 706// 753// 754//
f 706// 754// 707//
f 707// 754// 755//
f 707// 755// 708//
f 708// 755// 756//
f 708// 756// 709//
f 709// 756// 757//
f 709// 757// 710//
f 710// 757// 758//
f 710// 758// 711//
f 711// 758// 759//
f 711// 759// 712//
f 712// 759// 760//
f 712// 760// 713//
f 713// 760// 761//
f 713// 761// 714//
f 714// 761// 762//
f 714// 762// 715//
f 715// 762// 763//
f 715// 763// 716//
f 716// 763// 764//
f 716// 764// 717//
f 717// 764// 765//
f 717// 765// 718//
f 718// 765// 766//
f 718// 766// 719//
f 719// 766// 767//
f 719// 767// 720//
f 720// 767// 768//
f 720// 768// 721//
f 721// 768// 769//
f 721// 769// 722//
f 722// 769// 770//
f 722// 770// 723//
f 723// 770// 771//
f 723// 771// 724//
f 724// 771// 772//
f 724// 772// 725//
f 725// 772// 773//
f 725// 773// 726//
f 726// 773// 774//
f 726// 774// 727//
f 727// 774// 775//
f 727// 775// 728//
f 728// 775// 776//
f 728// 776// 729//
f 729// 776// 777//
f 729// 777// 730//
f 730// 777// 778//
f 730// 778// 731//
f 731// 778// 779//
f 731// 779// 732//
f 732// 779// 780//
f 732// 780// 733//
f 733// 780// 781//
f 733// 781// 734//
f 734// 781// 782//
f 734// 782// 735//
f 735// 782// 783//
f 735// 783// 736//
f 736// 783// 784//
f 736// 784// 737//
f 737// 784// 785//
f 737// 785// 738//
f 738// 785// 786//
f 738// 786// 739//
f 739// 786// 787//
f 739// 787// 740//
f 740// 787// 788//
f 740// 788// 741//
f 741// 788// 789//
f 741// 789// 742//
f 742// 789// 790//
f 742// 790// 743//
f 743// 790// 791//
f 743// 791// 744//
f 744// 791// 792//
f 744// 792// 313//
f 313// 792// 314//
f 331// 349// 745//
f 745// 349// 793//
f 745// 793// 746//
f 746// 793// 794//
f 746// 794// 747//
f 747// 794// 795//
f 747// 795// 748//
f 748// 795// 796//
f 748// 796// 749//
f 749// 796// 797//
f 749// 797// 750//
f 750// 797// 798//
f 750// 798// 751//
f 751// 798// 799//
f 751// 799// 752//
f 752// 799// 800//
f 752// 800// 753//
f 753// 800// 801//
f 753// 801// 754//
f 754// 801// 802//
f 754// 802// 755//
f 755// 802// 803//
f 755// 803// 756//
f 756// 803// 804//
f 756// 804// 757//
f 757// 804// 805//
f 757// 805// 758//
f 758// 805// 806//
f 758// 806// 759//
f 759// 806// 807//
f 759// 807// 760//
f 760// 807// 808//
f 760// 808// 761//
f 761// 808// 809//
f 761// 809// 762//
f 762// 809// 810//
f 762// 810// 763//
f 763// 810// 811//
f 763// 811// 764//
f 764// 811// 812//
f 764// 812// 765//
f 765// 812// 813//
f 765// 813// 766//
f 766// 813// 814//
f 766// 814// 767//
f 767// 814// 815//
f 767// 815// 768//
f 768// 815// 816//
f 768// 816// 769//
f 769// 816// 817//
f 769// 817// 770//
f 770// 817// 818//
f 770// 818// 771//
f 771// 818// 819//
f 771// 819// 772//
f 772// 819// 820//
f 772// 820// 773//
f 773// 820// 821//
f 773// 821// 774//
f 774// 821// 822//
f 774// 822// 775//
f 775// 822// 823//
f 775// 823// 776//
f 776// 823// 824//
f 776// 824// 777//
f 777// 824// 825//
f 777// 825// 778//
f 778// 825// 826//
f 778// 826// 779//
f 779// 826// 827//
f 779// 827// 780//
f 780// 827// 828//
f 780// 828// 781//
f 781// 828// 829//
f 781// 829// 782//
f 782// 829// 830//
f 782// 830// 783//
f 783// 830// 831//
f 783// 831// 784//
f 784// 831// 832//
f 784// 832// 785//
f 785// 832// 833//
f 785// 833// 786//
f 786// 833// 834//
f 786// 834// 787//
f 787// 834// 835//
f 787// 835// 788//
f 788// 835// 836//
f 788// 836// 789//
f 789// 836// 837//
f 789// 837// 790//
f 790// 837// 838//
f 790// 838// 791//
f 791// 838// 839//
f 791// 839// 792//
f 792// 839// 840//
f 792// 840// 314//
f 314// 840// 332//
f 349// 367// 793//
f 793// 367// 841//
f 793// 841// 794//
f 794// 841// 842//
f 794// 842// 795//
f 795// 842// 843//
f 795// 843// 796//
f 796// 843// 844//
f 796// 844// 797//
f 797// 844// 845//
f 797// 845// 798//
f 798// 845// 846//
f 798// 846// 799//
f 799// 846// 847//
f 799// 847// 800//
f 800// 847// 848//
f 800// 848// 801//
f 801// 848// 849//
f 801// 849// 802//
f 802// 849// 850//
f 802// 850// 803//
f 803// 850// 851//
f 803// 851// 804//
f 804// 851// 852//
f 804// 852// 805//
f 805// 852// 853//
f 805// 853// 806//
f 806// 853// 854//
f 806// 854// 807//
f 807// 854// 855//
f 807// 855// 808//
f 808// 855// 856//
f 808// 856// 809//
f 809// 856// 857//
f 809// 857// 810//
f 810// 857// 858//
f 810// 858// 811//
f 811// 858// 859//
f 811// 859// 812//
f 812// 859// 860//
f 812// 860// 813//
f 813// 860// 861//
f 813// 861// 814//
f 814// 861// 862//
f 814// 862// 815//
f 815// 862// 863//
f 815// 863// 816//
f 816// 863// 864//
f 816// 864// 817//
f 817// 864// 865//
f 817// 865// 818//
f 818// 865// 866//
f 818// 866// 819//
f 819// 866// 867//
f 819// 867// 820//
f 820// 867// 868//
f 820// 868// 821//
f 821// 868// 869//
f 821// 869// 822//
f 822// 869// 870//
f 822// 870// 823//
f 823// 870// 871//
f 823// 871// 824//
f 824// 871// 872//
f 824// 872// 825//
f 825// 872// 873//
f 825// 873// 826//
f 826// 873// 874//
f 826// 874// 827//
f 827// 874// 875//
f 827// 875// 828//
f 828// 875// 876//
f 828// 876// 829//
f 829// 876// 877//
f 829// 877// 830//
f 830// 877// 878//
f 830// 878// 831//
f 831// 878// 879//
f 831// 879// 832//
f 832// 879// 880//
f 832// 880// 833//
f 833// 880// 881//
f 833// 881// 834//
f 834// 881// 882//
f 834// 882// 835//
f 835// 882// 883//
f 835// 883// 836//
f 836// 883// 884//
f 836// 884// 837//
f 837// 884// 885//
f 837// 885// 838//
f 838// 885// 886//
f 838// 886// 839//
f 839// 886// 887//
f 839// 887// 840//
f 840// 887// 888//
f 840// 888// 332//
f 332// 888// 350//
f 367// 385// 841//
f 841// 385// 889//
f 841// 889// 842//
f 842// 889// 890//
f 842// 890// 843//
f 843// 890// 891//
f 843// 891// 844//
f 844// 891// 892//
f 844// 892// 845//
f 845// 892// 893//
f 845// 893// 846//
f 846// 893// 894//
f 846// 894// 847//
f 847// 894// 895//
f 847// 895// 848//
f 848// 895// 896//
f 848// 896// 849//
f 849// 896// 897//
f 849// 897// 850//
f 850// 897// 898//
f 850// 898// 851//
f 851// 898// 899//
f 851// 899// 852//
f 852// 899// 900//
f 852// 900// 853//
f 853// 900// 901//
f 853// 901// 854//
f 854// 901// 902//
f 854// 902// 855//
f 855// 902// 903//
f 855// 903// 856//
f 856// 903// 904//
f 856// 904// 857//
f 857// 904// 905//
f 857// 905// 858//
f 858// 905// 906//
f 858// 906// 859//
f 859// 906// 907//
f 859// 907// 860//
f 860// 907// 908//
f 860// 908// 861//
f 861// 908// 909//
f 861// 909// 862//
f 862// 909// 910//
f 862// 910// 863//
f 863// 910// 911//
f 863// 911// 864//
f 864// 911// 912//
f 864// 912// 865//
f 865// 912// 913//
f 865// 913// 866//
f 866// 913// 914//
f 866// 914// 867//
f 867// 914// 915//
f 867// 915// 868//
f 868// 915// 916//
f 868// 916// 869//
f 869// 916// 917//
f 869// 917// 870//
f 870// 917// 918//
f 870// 918// 871//
f 871// 918// 919//
f 871// 919// 872//
f 872// 919// 920//
f 872// 920// 873//
f 873// 920// 921//
f 873// 921// 874//
f 874// 921// 922//
f 874// 922// 875//
f 875// 922// 923//
f 875// 923// 876//
f 876// 923// 924//
f 876// 924// 877//
f 877// 924// 925//
f 877// 925// 878//
f 878// 925// 926//
f 878// 926// 879//
f 879// 926// 927//
f 879// 927// 880//
f 880// 927// 928//
f 880// 928// 881//
f 881// 928// 929//
f 881// 929// 882//
f 882// 929// 930//
f 882// 930// 883//
f 883// 930// 931//
f 883// 931// 884//
f 884// 931// 932//
f 884// 932// 885//
f 885// 932// 933//
f 885// 933// 886//
f 886// 933// 934//
f 886// 934// 887//
f 887// 934// 935//
f 887// 935// 888//
f 888// 935// 387//
f 888// 387// 350//
f 350// 387// 368//
f 385// 186// 889//
f 889// 186// 386//
f 889// 386// 890//
f 890// 386// 545//
f 890// 545// 891//
f 891// 545// 391//
f 891// 391// 892//
f 892// 391// 540//
f 892// 540// 893//
f 893// 540// 537//
f 893// 537// 894//
f 894// 537// 535//
f 894// 535// 895//
f 895// 535// 532//
f 895// 532// 896//
f 896// 532// 529//
f 896// 529// 897//
f 897// 529// 526//
f 897// 526// 898//
f 898// 526// 523//
f 898// 523// 899//
f 899// 523// 520//
f 899// 520// 900//
f 900// 520// 514//
f 900// 514// 901//
f 901// 514// 512//
f 901// 512// 902//
f 902// 512// 394//
f 902// 394// 903//
f 903// 394// 397//
f 903// 397// 904//
f 904// 397// 504//
f 904// 504// 905//
f 905// 504// 501//
f 905// 501// 906//
f 906// 501// 496//
f 906// 496// 907//
f 907// 496// 491//
f 907// 491// 908//
f 908// 491// 484//
f 908// 484// 909//
f 909// 484// 487//
f 909// 487// 910//
f 910// 487// 481//
f 910// 481// 911//
f 911// 481// 479//
f 911// 479// 912//
f 912// 479// 476//
f 912// 476// 913//
f 913// 476// 473//
f 913// 473// 914//
f 914// 473// 470//
f 914// 470// 915//
f 915// 470// 467//
f 915// 467// 916//
f 916// 467// 464//
f 916// 464// 917//
f 917// 464// 461//
f 917// 461// 918//
f 918// 461// 458//
f 918// 458// 919//
f 919// 458// 456//
f 919// 456// 920//
f 920// 456// 400//
f 920// 400// 921//
f 921// 400// 451//
f 921// 451// 922//
f 922// 451// 448//
f 922// 448// 923//
f 923// 448// 446//
f 923// 446// 924//
f 924// 446// 443//
f 924// 443// 925//
f 925// 443// 440//
f 925// 440// 926//
f 926// 440// 437//
f 926// 437// 927//
f 927// 437// 434//
f 927// 434// 928//
f 928// 434// 431//
f 928// 431// 929//
f 929// 431// 428//
f 929// 428// 930//
f 930// 428// 426//
f 930// 426// 931//
f 931// 426// 403//
f 931// 403// 932//
f 932// 403// 421//
f 932// 421// 933//
f 933// 421// 417//
f 933// 417// 934//
f 934// 417// 414//
f 934// 414// 935//
f 935// 414// 410//
f 935// 410// 387//
f 387// 410// 406//
f 387// 406// 240//
f 240// 406// 241//
usemtl 1
f 936// 937// 106//
f 106// 937// 108//
f 938// 107// 108//
f 937// 939// 108//
f 108// 939// 940//
f 108// 940// 938//
f 941// 940// 942//
f 942// 940// 939//
f 48// 943// 46//
f 46// 943// 941//
f 46// 941// 944//
f 944// 941// 942//
f 944// 945// 46//
f 46// 945// 47//
f 47// 945// 36//
f 36// 945// 946//
f 36// 946// 34//
f 946// 947// 34//
f 34// 947// 35//
f 948// 37// 35//
f 947// 949// 35//
f 35// 949// 950//
f 35// 950// 948//
f 951// 950// 952//
f 952// 950// 949//
f 135// 953// 133//
f 133// 953// 951//
f 133// 951// 954//
f 954// 951// 952//
f 954// 955// 133//
f 133// 955// 134//
f 134// 955// 105//
f 105// 955// 936//
f 105// 936// 106//
f 956// 946// 957//
f 957// 946// 945//
f 957// 945// 958//
f 958// 945// 959//
f 960// 961// 945//
f 945// 961// 962//
f 945// 962// 959//
f 963// 939// 964//
f 964// 939// 937//
f 964// 937// 965//
f 966// 967// 942//
f 942// 967// 968//
f 942// 968// 944//
f 944// 968// 969//
f 944// 969// 970//
f 936// 971// 972//
f 970// 973// 944//
f 944// 973// 974//
f 944// 974// 975//
f 976// 977// 949//
f 949// 977// 978//
f 956// 979// 946//
f 946// 979// 980//
f 946// 980// 981//
f 975// 982// 944//
f 944// 982// 983//
f 944// 983// 945//
f 945// 983// 984//
f 945// 984// 960//
f 963// 985// 939//
f 939// 985// 986//
f 939// 986// 987//
f 987// 988// 939//
f 939// 988// 989//
f 939// 989// 990//
f 990// 991// 939//
f 939// 991// 992//
f 939// 992// 942//
f 942// 992// 993//
f 942// 993// 966//
f 994// 995// 954//
f 954// 995// 996//
f 954// 996// 997//
f 936// 972// 937//
f 937// 972// 998//
f 937// 998// 965//
f 981// 999// 946//
f 946// 999// 1000//
f 946// 1000// 947//
f 947// 1000// 1001//
f 1001// 1002// 947//
f 947// 1002// 1003//
f 947// 1003// 949//
f 949// 1003// 1004//
f 949// 1004// 976//
f 1005// 1006// 936//
f 936// 1006// 1007//
f 936// 1007// 971//
f 978// 1008// 949//
f 949// 1008// 1009//
f 949// 1009// 1010//
f 1010// 1011// 949//
f 949// 1011// 1012//
f 949// 1012// 952//
f 952// 1012// 1013//
f 952// 1013// 1014//
f 1014// 1015// 952//
f 952// 1015// 1016//
f 952// 1016// 954//
f 954// 1016// 1017//
f 954// 1017// 994//
f 997// 1018// 954//
f 954// 1018// 1019//
f 954// 1019// 955//
f 955// 1019// 1020//
f 955// 1020// 1021//
f 1021// 1022// 955//
f 955// 1022// 1023//
f 955// 1023// 1024//
f 1024// 1025// 955//
f 955// 1025// 1026//
f 955// 1026// 936//
f 936// 1026// 1027//
f 936// 1027// 1005//
usemtl 3
f 1028// 1029// 114//
f 114// 1029// 115//
f 1029// 1030// 115//
f 115// 1030// 116//
f 1030// 1031// 116//
f 116// 1031// 117//
f 1031// 1032// 117//
f 117// 1032// 118//
f 1032// 1033// 118//
f 118// 1033// 103//
f 1033// 1034// 103//
f 103// 1034// 104//
f 1034// 1035// 104//
f 104// 1035// 113//
f 1035// 1028// 113//
f 113// 1028// 114//
f 1036// 1032// 1037//
f 1037// 1032// 1031//
f 1038// 1035// 1036//
f 1036// 1035// 1034//
f 1036// 1034// 1032//
f 1032// 1034// 1033//
f 1038// 1039// 1035//
f 1035// 1039// 1040//
f 1035// 1040// 1028//
f 1028// 1040// 1041//
f 1028// 1041// 1042//
f 1042// 1043// 1028//
f 1028// 1043// 1037//
f 1028// 1037// 1029//
f 1029// 1037// 1031//
f 1029// 1031// 1030//
f 1036// 1037// 1044//
f 1044// 1037// 1045//
f 1038// 1036// 1046//
f 1046// 1036// 1044//
f 1038// 1046// 1047//
f 1038// 1047// 1039//
f 1039// 1047// 1048//
f 1039// 1048// 1040//
f 1041// 1040// 1049//
f 1049// 1040// 1048//
f 1041// 1049// 1050//
f 1041// 1050// 1042//
f 1042// 1050// 1051//
f 1042// 1051// 1043//
f 1037// 1043// 1045//
f 1045// 1043// 1051//
f 1052// 1053// 125//
f 125// 1053// 126//
f 1053// 1054// 126//
f 126// 1054// 119//
f 1054// 1055// 119//
f 119// 1055// 120//
f 1056// 131// 130//
f 1056// 130// 1057//
f 1057// 130// 123//
f 1057// 123// 1058//
f 1058// 123// 122//
f 1058// 122// 1059//
f 1059// 122// 121//
f 1059// 121// 1060//
f 1060// 121// 129//
f 1060// 129// 1061//
f 1061// 129// 128//
f 1061// 128// 1062//
f 1062// 128// 127//
f 1062// 127// 1063//
f 1063// 127// 120//
f 1063// 120// 1055//
f 1052// 125// 124//
f 1052// 124// 1064//
f 1064// 124// 112//
f 1064// 112// 1065//
f 1065// 112// 111//
f 1065// 111// 1066//
f 1066// 111// 110//
f 1066// 110// 1067//
f 1067// 110// 109//
f 1067// 109// 1068//
f 1068// 109// 132//
f 1068// 132// 1069//
f 1069// 132// 131//
f 1069// 131// 1056//
f 1058// 1059// 1070//
f 1070// 1059// 1060//
f 1070// 1060// 1071//
f 1071// 1060// 1061//
f 1071// 1061// 1072//
f 1072// 1061// 1062//
f 1072// 1062// 1073//
f 1073// 1062// 1063//
f 1073// 1063// 1074//
f 1074// 1063// 1055//
f 1074// 1055// 1075//
f 1075// 1055// 1054//
f 1075// 1054// 1076//
f 1076// 1054// 1053//
f 1076// 1053// 1077//
f 1077// 1053// 1052//
f 1077// 1052// 1078//
f 1078// 1052// 1064//
f 1078// 1064// 1079//
f 1079// 1064// 1065//
f 1079// 1065// 1080//
f 1080// 1065// 1066//
f 1080// 1066// 1081//
f 1081// 1066// 1067//
f 1081// 1067// 1082//
f 1082// 1067// 1068//
f 1082// 1068// 1083//
f 1083// 1068// 1069//
f 1083// 1069// 1084//
f 1084// 1069// 1056//
f 1084// 1056// 1085//
f 1085// 1056// 1057//
f 1085// 1057// 1086//
f 1086// 1057// 1058//
f 1086// 1058// 1070//
f 1074// 1075// 1087//
f 1087// 1075// 1088//
f 1074// 1087// 1089//
f 1074// 1089// 1073//
f 1073// 1089// 1090//
f 1073// 1090// 1072//
f 1072// 1090// 1091//
f 1072// 1091// 1071//
f 1071// 1091// 1092//
f 1071// 1092// 1070//
f 1070// 1092// 1093//
f 1070// 1093// 1086//
f 1086// 1093// 1094//
f 1086// 1094// 1085//
f 1085// 1094// 1095//
f 1085// 1095// 1084//
f 1084// 1095// 1096//
f 1084// 1096// 1083//
f 1083// 1096// 1097//
f 1083// 1097// 1082//
f 1082// 1097// 1098//
f 1082// 1098// 1081//
f 1081// 1098// 1099//
f 1081// 1099// 1080//
f 1080// 1099// 1100//
f 1080// 1100// 1079//
f 1079// 1100// 1101//
f 1079// 1101// 1078//
f 1078// 1101// 1102//
f 1078// 1102// 1077//
f 1076// 1077// 1103//
f 1103// 1077// 1102//
f 1075// 1076// 1088//
f 1088// 1076// 1103//
f 1104// 1105// 42//
f 42// 1105// 43//
f 1105// 1106// 43//
f 43// 1106// 45//
f 1106// 1107// 45//
f 45// 1107// 54//
f 1107// 1108// 54//
f 54// 1108// 64//
f 1108// 1109// 64//
f 64// 1109// 49//
f 1109// 1110// 49//
f 49// 1110// 50//
f 1110// 1111// 50//
f 50// 1111// 51//
f 1111// 1112// 51//
f 51// 1112// 58//
f 1112// 1113// 58//
f 58// 1113// 57//
f 1113// 1114// 57//
f 57// 1114// 55//
f 1114// 1115// 55//
f 55// 1115// 56//
f 1115// 1104// 56//
f 56// 1104// 42//
f 1106// 1105// 1104//
f 1104// 1115// 1106//
f 1106// 1115// 1114//
f 1106// 1114// 1107//
f 1109// 1108// 1110//
f 1110// 1108// 1107//
f 1110// 1107// 1111//
f 1111// 1107// 1114//
f 1111// 1114// 1112//
f 1112// 1114// 1113//
f 1116// 1117// 53//
f 53// 1117// 52//
f 52// 1117// 1118//
f 1119// 41// 39//
f 1119// 39// 1120//
f 1120// 39// 38//
f 1120// 38// 1118//
f 1118// 38// 136//
f 1118// 136// 52//
f 41// 1119// 60//
f 60// 1119// 1121//
f 60// 1121// 62//
f 62// 1121// 1122//
f 62// 1122// 63//
f 63// 1122// 1123//
f 63// 1123// 87//
f 87// 1123// 1124//
f 87// 1124// 88//
f 88// 1124// 1125//
f 88// 1125// 90//
f 90// 1125// 1126//
f 90// 1126// 92//
f 92// 1126// 1127//
f 92// 1127// 93//
f 1128// 97// 96//
f 1128// 96// 1129//
f 1129// 96// 95//
f 1129// 95// 1130//
f 1130// 95// 85//
f 1130// 85// 1131//
f 1131// 85// 81//
f 1131// 81// 1132//
f 1132// 81// 80//
f 1132// 80// 1133//
f 1133// 80// 94//
f 1133// 94// 1134//
f 1134// 94// 93//
f 1134// 93// 1127//
f 1135// 99// 98//
f 1135// 98// 1136//
f 1136// 98// 97//
f 1136// 97// 1128//
f 1135// 1137// 99//
f 99// 1137// 100//
f 1138// 102// 101//
f 1138// 101// 1139//
f 1139// 101// 100//
f 1139// 100// 1137//
f 1140// 71// 84//
f 1140// 84// 1141//
f 1141// 84// 83//
f 1141// 83// 1142//
f 1142// 83// 70//
f 1142// 70// 1143//
f 1143// 70// 69//
f 1143// 69// 1144//
f 1144// 69// 67//
f 1144// 67// 1145//
f 1145// 67// 66//
f 1145// 66// 1146//
f 1146// 66// 102//
f 1146// 102// 1138//
f 1147// 75// 74//
f 1147// 74// 1148//
f 1148// 74// 76//
f 1148// 76// 1149//
f 1149// 76// 77//
f 1149// 77// 1150//
f 1150// 77// 78//
f 1150// 78// 1151//
f 1151// 78// 73//
f 1151// 73// 1152//
f 1152// 73// 72//
f 1152// 72// 1153//
f 1153// 72// 71//
f 1153// 71// 1140//
f 1116// 53// 68//
f 1116// 68// 1154//
f 1154// 68// 79//
f 1154// 79// 1155//
f 1155// 79// 75//
f 1155// 75// 1147//
f 1148// 1119// 1147//
f 1147// 1119// 1120//
f 1147// 1120// 1155//
f 1155// 1120// 1118//
f 1155// 1118// 1154//
f 1154// 1118// 1117//
f 1154// 1117// 1116//
f 1137// 1135// 1139//
f 1139// 1135// 1136//
f 1139// 1136// 1138//
f 1138// 1136// 1128//
f 1138// 1128// 1146//
f 1146// 1128// 1129//
f 1146// 1129// 1145//
f 1145// 1129// 1130//
f 1145// 1130// 1144//
f 1144// 1130// 1131//
f 1144// 1131// 1143//
f 1143// 1131// 1132//
f 1143// 1132// 1142//
f 1142// 1132// 1133//
f 1142// 1133// 1141//
f 1141// 1133// 1134//
f 1141// 1134// 1140//
f 1140// 1134// 1127//
f 1140// 1127// 1153//
f 1153// 1127// 1126//
f 1153// 1126// 1152//
f 1152// 1126// 1125//
f 1152// 1125// 1151//
f 1151// 1125// 1124//
f 1151// 1124// 1150//
f 1150// 1124// 1123//
f 1150// 1123// 1149//
f 1149// 1123// 1122//
f 1149// 1122// 1148//
f 1148// 1122// 1121//
f 1148// 1121// 1119//
f 1156// 1157// 89//
f 89// 1157// 61//
f 1157// 1158// 61//
f 61// 1158// 59//
f 1158// 1159// 59//
f 59// 1159// 86//
f 1159// 1160// 86//
f 86// 1160// 82//
f 1160// 1161// 82//
f 82// 1161// 91//
f 1161// 1156// 91//
f 91// 1156// 89//
f 1160// 1159// 1161//
f 1161// 1159// 1158//
f 1161// 1158// 1156//
f 1156// 1158// 1157//
usemtl 1
f 1044// 1045// 1046//
f 1046// 1045// 1051//
f 1046// 1051// 1047//
f 1047// 1051// 1050//
f 1047// 1050// 1048//
f 1048// 1050// 1049//
f 1088// 1103// 1087//
f 1087// 1103// 1102//
f 1087// 1102// 1101//
f 1095// 1094// 1087//
f 1087// 1094// 1093//
f 1087// 1093// 1089//
f 1101// 1100// 1087//
f 1087// 1100// 1099//
f 1087// 1099// 1098//
f 1098// 1097// 1087//
f 1087// 1097// 1096//
f 1087// 1096// 1095//
f 1092// 1091// 1093//
f 1093// 1091// 1090//
f 1093// 1090// 1089//
f 3// 8// 137//
f 137// 8// 1162//
f 137// 1162// 1163//
f 1163// 1164// 137//
f 137// 1164// 1165//
f 137// 1165// 1166//
f 1166// 1167// 137//
f 137// 1167// 1168//
f 137// 1168// 1169//
f 1169// 1170// 137//
f 137// 1170// 1171//
f 137// 1171// 141//
f 141// 1171// 1172//
f 1172// 1173// 141//
f 141// 1173// 1174//
f 141// 1174// 1175//
f 1175// 1176// 141//
f 141// 1176// 1177//
f 141// 1177// 1178//
f 1178// 1179// 141//
f 141// 1179// 160//
f 141// 160// 139//
f 150// 163// 149//
f 149// 163// 1180//
f 1180// 1181// 149//
f 149// 1181// 1182//
f 149// 1182// 1183//
f 1183// 1184// 149//
f 149// 1184// 1185//
f 149// 1185// 1186//
f 1186// 1187// 149//
f 149// 1187// 1188//
f 149// 1188// 151//
f 151// 1188// 1189//
f 151// 1189// 1190//
f 1190// 1191// 151//
f 151// 1191// 1192//
f 151// 1192// 1193//
f 1193// 1194// 151//
f 151// 1194// 1195//
f 151// 1195// 1196//
f 1196// 1197// 151//
f 151// 1197// 14//
f 151// 14// 16//
usemtl 4
f 107// 938// 65//
f 65// 938// 943//
f 65// 943// 48//
f 941// 943// 940//
f 940// 943// 938//
f 37// 948// 40//
f 40// 948// 953//
f 40// 953// 135//
f 951// 953// 950//
f 950// 953// 948//
usemtl 2
f 1198// 1199// 1200//
f 1201// 1202// 1203//
f 1204// 1205// 1206//
f 1207// 1208// 1209//
f 489// 488// 1210//
f 482// 490// 1211//
f 477// 478// 1207//
f 474// 475// 1212//
f 471// 472// 1213//
f 424// 423// 1214//
f 423// 422// 1214//
f 1214// 422// 402//
f 1214// 402// 1215//
f 402// 401// 1215//
f 1215// 401// 425//
f 1215// 425// 1216//
f 425// 427// 1216//
f 1216// 427// 429//
f 1216// 429// 1217//
f 1217// 429// 430//
f 1217// 430// 1218//
f 1218// 430// 432//
f 1218// 432// 1219//
f 432// 433// 1219//
f 1219// 433// 435//
f 1219// 435// 1220//
f 435// 436// 1220//
f 1220// 436// 438//
f 1220// 438// 1221//
f 438// 439// 1221//
f 1221// 439// 441//
f 1221// 441// 1222//
f 441// 442// 1222//
f 1222// 442// 444//
f 1222// 444// 1223//
f 444// 445// 1223//
f 1223// 445// 447//
f 1223// 447// 1224//
f 1224// 447// 450//
f 1224// 450// 1225//
f 450// 449// 1225//
f 1225// 449// 454//
f 1225// 454// 1226//
f 1226// 454// 453//
f 453// 452// 1226//
f 1226// 452// 399//
f 1226// 399// 1227//
f 399// 398// 1227//
f 1227// 398// 455//
f 1227// 455// 1228//
f 455// 457// 1228//
f 1228// 457// 459//
f 1228// 459// 1229//
f 1229// 459// 460//
f 1229// 460// 1230//
f 1230// 460// 462//
f 1230// 462// 1231//
f 462// 463// 1231//
f 1231// 463// 465//
f 1231// 465// 1232//
f 469// 1233// 468//
f 468// 1233// 1232//
f 468// 1232// 466//
f 466// 1232// 465//
f 1207// 478// 1208//
f 1208// 478// 480//
f 1208// 480// 483//
f 489// 1210// 490//
f 1234// 1235// 1214//
f 1214// 1235// 1236//
f 1214// 1236// 424//
f 1237// 1234// 1238//
f 1238// 1234// 1214//
f 1238// 1214// 1239//
f 1239// 1214// 1215//
f 1239// 1215// 1240//
f 1240// 1215// 1216//
f 1240// 1216// 1241//
f 1241// 1216// 1217//
f 1241// 1217// 1242//
f 1242// 1217// 1218//
f 1242// 1218// 1243//
f 1243// 1218// 1219//
f 1243// 1219// 1244//
f 1244// 1219// 1220//
f 1244// 1220// 1245//
f 1245// 1220// 1221//
f 1245// 1221// 1246//
f 1246// 1221// 1222//
f 1246// 1222// 1247//
f 1247// 1222// 1223//
f 1247// 1223// 1248//
f 1248// 1223// 1224//
f 1248// 1224// 1249//
f 1249// 1224// 1225//
f 1249// 1225// 1250//
f 1250// 1225// 1226//
f 1250// 1226// 1251//
f 1251// 1226// 1227//
f 1251// 1227// 1252//
f 1252// 1227// 1228//
f 1252// 1228// 1253//
f 1253// 1228// 1229//
f 1253// 1229// 1254//
f 1254// 1229// 1230//
f 1254// 1230// 1255//
f 1255// 1230// 1231//
f 1255// 1231// 1256//
f 1256// 1231// 1232//
f 1256// 1232// 1257//
f 1257// 1232// 1233//
f 1257// 1233// 1258//
f 1201// 1209// 1259//
f 1259// 1209// 1208//
f 1259// 1208// 1211//
f 1211// 1208// 483//
f 1211// 483// 482//
f 1204// 1237// 1205//
f 1205// 1237// 1238//
f 1205// 1238// 1260//
f 1260// 1238// 1239//
f 1260// 1239// 1261//
f 1261// 1239// 1240//
f 1261// 1240// 1262//
f 1262// 1240// 1241//
f 1262// 1241// 1263//
f 1263// 1241// 1242//
f 1263// 1242// 1264//
f 1264// 1242// 1243//
f 1264// 1243// 1265//
f 1265// 1243// 1244//
f 1265// 1244// 1266//
f 1266// 1244// 1245//
f 1266// 1245// 1267//
f 1267// 1245// 1246//
f 1267// 1246// 1268//
f 1268// 1246// 1247//
f 1268// 1247// 1269//
f 1269// 1247// 1248//
f 1269// 1248// 1270//
f 1270// 1248// 1249//
f 1270// 1249// 1271//
f 1271// 1249// 1250//
f 1271// 1250// 1272//
f 1272// 1250// 1251//
f 1272// 1251// 1273//
f 1273// 1251// 1252//
f 1273// 1252// 1274//
f 1274// 1252// 1253//
f 1274// 1253// 1275//
f 1275// 1253// 1254//
f 1275// 1254// 1276//
f 1276// 1254// 1255//
f 1276// 1255// 1277//
f 1277// 1255// 1256//
f 1277// 1256// 1278//
f 1278// 1256// 1257//
f 1278// 1257// 1279//
f 1279// 1257// 1258//
f 1279// 1258// 1280//
f 490// 1210// 1211//
f 1211// 1210// 1281//
f 1211// 1281// 1259//
f 1259// 1281// 1282//
f 1259// 1282// 1201//
f 1201// 1282// 1283//
f 1201// 1283// 1202//
f 1206// 1205// 1284//
f 1284// 1205// 1260//
f 1284// 1260// 1285//
f 1285// 1260// 1261//
f 1285// 1261// 1286//
f 1286// 1261// 1262//
f 1286// 1262// 1287//
f 1287// 1262// 1263//
f 1287// 1263// 1288//
f 1288// 1263// 1264//
f 1288// 1264// 1289//
f 1289// 1264// 1265//
f 1289// 1265// 1290//
f 1290// 1265// 1266//
f 1290// 1266// 1291//
f 1291// 1266// 1267//
f 1291// 1267// 1292//
f 1292// 1267// 1268//
f 1292// 1268// 1293//
f 1293// 1268// 1269//
f 1293// 1269// 1294//
f 1294// 1269// 1270//
f 1294// 1270// 1295//
f 1295// 1270// 1271//
f 1295// 1271// 1296//
f 1296// 1271// 1272//
f 1296// 1272// 1297//
f 1297// 1272// 1273//
f 1297// 1273// 1298//
f 1298// 1273// 1274//
f 1298// 1274// 1299//
f 1299// 1274// 1275//
f 1299// 1275// 1300//
f 1300// 1275// 1276//
f 1300// 1276// 1301//
f 1301// 1276// 1277//
f 1301// 1277// 1302//
f 1302// 1277// 1278//
f 1302// 1278// 1303//
f 1303// 1278// 1279//
f 1303// 1279// 1304//
f 1304// 1279// 1280//
f 1304// 1280// 1305//
f 1306// 1307// 1206//
f 1206// 1307// 1308//
f 1206// 1308// 1204//
f 1309// 1306// 1310//
f 1310// 1306// 1206//
f 1310// 1206// 1311//
f 1311// 1206// 1284//
f 1311// 1284// 1312//
f 1312// 1284// 1285//
f 1312// 1285// 1313//
f 1313// 1285// 1286//
f 1313// 1286// 1314//
f 1314// 1286// 1287//
f 1314// 1287// 1315//
f 1315// 1287// 1288//
f 1315// 1288// 1316//
f 1316// 1288// 1289//
f 1316// 1289// 1317//
f 1317// 1289// 1290//
f 1317// 1290// 1318//
f 1318// 1290// 1291//
f 1318// 1291// 1319//
f 1319// 1291// 1292//
f 1319// 1292// 1320//
f 1320// 1292// 1293//
f 1320// 1293// 1321//
f 1321// 1293// 1294//
f 1321// 1294// 1322//
f 1322// 1294// 1295//
f 1322// 1295// 1323//
f 1323// 1295// 1296//
f 1323// 1296// 1324//
f 1324// 1296// 1297//
f 1324// 1297// 1325//
f 1325// 1297// 1298//
f 1325// 1298// 1326//
f 1326// 1298// 1299//
f 1326// 1299// 1327//
f 1327// 1299// 1300//
f 1327// 1300// 1328//
f 1328// 1300// 1301//
f 1328// 1301// 1329//
f 1329// 1301// 1302//
f 1329// 1302// 1330//
f 1330// 1302// 1303//
f 1330// 1303// 1331//
f 1331// 1303// 1304//
f 1331// 1304// 1332//
f 1332// 1304// 1305//
f 1332// 1305// 1333//
f 475// 477// 1212//
f 1212// 477// 1207//
f 1212// 1207// 1334//
f 1334// 1207// 1209//
f 1334// 1209// 1335//
f 1335// 1209// 1201//
f 1335// 1201// 1336//
f 1336// 1201// 1203//
f 1336// 1203// 1337//
f 472// 474// 1213//
f 1213// 474// 1212//
f 1213// 1212// 1338//
f 1338// 1212// 1334//
f 1338// 1334// 1339//
f 1339// 1334// 1335//
f 1339// 1335// 1340//
f 1340// 1335// 1336//
f 1340// 1336// 1341//
f 1341// 1336// 1337//
f 1341// 1337// 1342//
f 1343// 1309// 1344//
f 1344// 1309// 1310//
f 1344// 1310// 1345//
f 1345// 1310// 1311//
f 1345// 1311// 1346//
f 1346// 1311// 1312//
f 1346// 1312// 1347//
f 1347// 1312// 1313//
f 1347// 1313// 1348//
f 1348// 1313// 1314//
f 1348// 1314// 1349//
f 1349// 1314// 1315//
f 1349// 1315// 1350//
f 1350// 1315// 1316//
f 1350// 1316// 1351//
f 1351// 1316// 1317//
f 1351// 1317// 1352//
f 1352// 1317// 1318//
f 1352// 1318// 1353//
f 1353// 1318// 1319//
f 1353// 1319// 1354//
f 1354// 1319// 1320//
f 1354// 1320// 1355//
f 1355// 1320// 1321//
f 1355// 1321// 1356//
f 1356// 1321// 1322//
f 1356// 1322// 1357//
f 1357// 1322// 1323//
f 1357// 1323// 1358//
f 1358// 1323// 1324//
f 1358// 1324// 1359//
f 1359// 1324// 1325//
f 1359// 1325// 1360//
f 1360// 1325// 1326//
f 1360// 1326// 1361//
f 1361// 1326// 1327//
f 1361// 1327// 1362//
f 1362// 1327// 1328//
f 1362// 1328// 1363//
f 1363// 1328// 1329//
f 1363// 1329// 1364//
f 1364// 1329// 1330//
f 1364// 1330// 1365//
f 1365// 1330// 1331//
f 1365// 1331// 1366//
f 1366// 1331// 1332//
f 1366// 1332// 1367//
f 1367// 1332// 1333//
f 1367// 1333// 1200//
f 469// 471// 1233//
f 1233// 471// 1213//
f 1233// 1213// 1258//
f 1258// 1213// 1338//
f 1258// 1338// 1280//
f 1280// 1338// 1339//
f 1280// 1339// 1305//
f 1305// 1339// 1340//
f 1305// 1340// 1333//
f 1333// 1340// 1341//
f 1333// 1341// 1200//
f 1200// 1341// 1342//
f 1200// 1342// 1198//
f 1199// 8// 1200//
f 1200// 8// 7//
f 1200// 7// 1367//
f 1367// 7// 6//
f 1367// 6// 1366//
f 1366// 6// 5//
f 1366// 5// 1365//
f 1365// 5// 4//
f 1365// 4// 1364//
f 1364// 4// 2//
f 1364// 2// 1363//
f 1363// 2// 30//
f 1363// 30// 1362//
f 1362// 30// 29//
f 1362// 29// 1361//
f 1361// 29// 28//
f 1361// 28// 1360//
f 1360// 28// 18//
f 1360// 18// 1359//
f 1359// 18// 20//
f 1359// 20// 1358//
f 1358// 20// 21//
f 1358// 21// 1357//
f 1357// 21// 33//
f 1357// 33// 1356//
f 1356// 33// 32//
f 1356// 32// 1355//
f 1355// 32// 31//
f 1355// 31// 1354//
f 1354// 31// 13//
f 1354// 13// 1353//
f 1353// 13// 12//
f 1353// 12// 1352//
f 1352// 12// 10//
f 1352// 10// 1351//
f 1351// 10// 9//
f 1351// 9// 1350//
f 1350// 9// 27//
f 1350// 27// 1349//
f 1349// 27// 26//
f 1349// 26// 1348//
f 1348// 26// 25//
f 1348// 25// 1347//
f 1347// 25// 23//
f 1347// 23// 1346//
f 1346// 23// 22//
f 1346// 22// 1345//
f 1345// 22// 17//
f 1345// 17// 1344//
f 1344// 17// 15//
f 1344// 15// 1343//
f 1343// 15// 14//
f 511// 1368// 1369//
f 1199// 1198// 1370//
f 1202// 1283// 1371//
f 1210// 488// 486//
f 1282// 1281// 1372//
f 1372// 1281// 1210//
f 1342// 1337// 1373//
f 1373// 1337// 1203//
f 1162// 8// 1199//
f 1210// 486// 1372//
f 1372// 486// 485//
f 1372// 485// 1374//
f 485// 493// 1374//
f 1374// 493// 492//
f 1374// 492// 1375//
f 1375// 492// 498//
f 1375// 498// 1376//
f 498// 497// 1376//
f 1376// 497// 495//
f 1376// 495// 1377//
f 1377// 495// 494//
f 1377// 494// 1378//
f 494// 503// 1378//
f 1378// 503// 502//
f 1378// 502// 1379//
f 1379// 502// 500//
f 1379// 500// 1380//
f 1380// 500// 499//
f 1380// 499// 1381//
f 499// 506// 1381//
f 1381// 506// 505//
f 1381// 505// 1382//
f 1382// 505// 509//
f 1382// 509// 1383//
f 509// 508// 1383//
f 1383// 508// 507//
f 1383// 507// 1384//
f 1384// 507// 396//
f 1384// 396// 1385//
f 396// 395// 1385//
f 1385// 395// 510//
f 1385// 510// 1386//
f 1386// 510// 393//
f 1386// 393// 1387//
f 393// 392// 1387//
f 1387// 392// 518//
f 1387// 518// 1388//
f 1388// 518// 517//
f 1388// 517// 1369//
f 1369// 517// 516//
f 1369// 516// 511//
f 1368// 1389// 1369//
f 1369// 1389// 1390//
f 1369// 1390// 1388//
f 1388// 1390// 1391//
f 1388// 1391// 1387//
f 1387// 1391// 1392//
f 1387// 1392// 1386//
f 1386// 1392// 1393//
f 1386// 1393// 1385//
f 1385// 1393// 1394//
f 1385// 1394// 1384//
f 1384// 1394// 1395//
f 1384// 1395// 1383//
f 1383// 1395// 1396//
f 1383// 1396// 1382//
f 1382// 1396// 1397//
f 1382// 1397// 1381//
f 1381// 1397// 1398//
f 1381// 1398// 1380//
f 1380// 1398// 1399//
f 1380// 1399// 1379//
f 1379// 1399// 1400//
f 1379// 1400// 1378//
f 1378// 1400// 1401//
f 1378// 1401// 1377//
f 1377// 1401// 1402//
f 1377// 1402// 1376//
f 1376// 1402// 1403//
f 1376// 1403// 1375//
f 1375// 1403// 1404//
f 1375// 1404// 1374//
f 1374// 1404// 1405//
f 1374// 1405// 1372//
f 1372// 1405// 1371//
f 1372// 1371// 1282//
f 1282// 1371// 1283//
f 1406// 1407// 1408//
f 1408// 1407// 1409//
f 1408// 1409// 1410//
f 1410// 1409// 1411//
f 1410// 1411// 1412//
f 1412// 1411// 1413//
f 1412// 1413// 1414//
f 1414// 1413// 1415//
f 1414// 1415// 1416//
f 1416// 1415// 1417//
f 1416// 1417// 1418//
f 1418// 1417// 1419//
f 1418// 1419// 1420//
f 1420// 1419// 1421//
f 1420// 1421// 1422//
f 1422// 1421// 1423//
f 1422// 1423// 1424//
f 1424// 1423// 1425//
f 1424// 1425// 1426//
f 1426// 1425// 1427//
f 1426// 1427// 1428//
f 1428// 1427// 1429//
f 1428// 1429// 1430//
f 1430// 1429// 1431//
f 1430// 1431// 1432//
f 1432// 1431// 1433//
f 1432// 1433// 1434//
f 1434// 1433// 1435//
f 1434// 1435// 1436//
f 1436// 1435// 1437//
f 1436// 1437// 1438//
f 1438// 1437// 1439//
f 1438// 1439// 1373//
f 1373// 1439// 1370//
f 1373// 1370// 1342//
f 1342// 1370// 1198//
f 515// 1440// 513//
f 513// 1440// 1441//
f 513// 1441// 511//
f 511// 1441// 1368//
f 1368// 1441// 1442//
f 1368// 1442// 1389//
f 1389// 1442// 1443//
f 1389// 1443// 1444//
f 1444// 1445// 1389//
f 1389// 1445// 1406//
f 1389// 1406// 1390//
f 1390// 1406// 1408//
f 1390// 1408// 1391//
f 1391// 1408// 1410//
f 1391// 1410// 1392//
f 1392// 1410// 1412//
f 1392// 1412// 1393//
f 1393// 1412// 1414//
f 1393// 1414// 1394//
f 1394// 1414// 1416//
f 1394// 1416// 1395//
f 1395// 1416// 1418//
f 1395// 1418// 1396//
f 1396// 1418// 1420//
f 1396// 1420// 1397//
f 1397// 1420// 1422//
f 1397// 1422// 1398//
f 1398// 1422// 1424//
f 1398// 1424// 1399//
f 1399// 1424// 1426//
f 1399// 1426// 1400//
f 1400// 1426// 1428//
f 1400// 1428// 1401//
f 1401// 1428// 1430//
f 1401// 1430// 1402//
f 1402// 1430// 1432//
f 1402// 1432// 1403//
f 1403// 1432// 1434//
f 1403// 1434// 1404//
f 1404// 1434// 1436//
f 1404// 1436// 1405//
f 1405// 1436// 1438//
f 1405// 1438// 1371//
f 1371// 1438// 1373//
f 1371// 1373// 1202//
f 1202// 1373// 1203//
f 1445// 1446// 1406//
f 1406// 1446// 1447//
f 1406// 1447// 1407//
f 1407// 1447// 1448//
f 1407// 1448// 1449//
f 1199// 1370// 1162//
f 1162// 1370// 1439//
f 1162// 1439// 1163//
f 1163// 1439// 1437//
f 1163// 1437// 1164//
f 1164// 1437// 1435//
f 1164// 1435// 1165//
f 1165// 1435// 1433//
f 1165// 1433// 1166//
f 1166// 1433// 1431//
f 1166// 1431// 1167//
f 1167// 1431// 1429//
f 1167// 1429// 1168//
f 1168// 1429// 1427//
f 1168// 1427// 1169//
f 1169// 1427// 1425//
f 1169// 1425// 1170//
f 1170// 1425// 1423//
f 1170// 1423// 1171//
f 1171// 1423// 1421//
f 1171// 1421// 1172//
f 1172// 1421// 1419//
f 1172// 1419// 1173//
f 1173// 1419// 1417//
f 1173// 1417// 1174//
f 1174// 1417// 1415//
f 1174// 1415// 1175//
f 1175// 1415// 1413//
f 1175// 1413// 1176//
f 1176// 1413// 1411//
f 1176// 1411// 1177//
f 1177// 1411// 1409//
f 1177// 1409// 1178//
f 1178// 1409// 1407//
f 1178// 1407// 1179//
f 1179// 1407// 1449//
f 1179// 1449// 160//
f 1234// 1237// 1450//
f 1236// 1235// 1451//
f 1452// 243// 408//
f 1453// 1452// 1454//
f 1452// 408// 1454//
f 1454// 408// 407//
f 1454// 407// 1455//
f 1455// 407// 405//
f 1455// 405// 1456//
f 1456// 405// 404//
f 1456// 404// 1457//
f 404// 409// 1457//
f 1457// 409// 411//
f 1457// 411// 1458//
f 1458// 411// 416//
f 1458// 416// 1459//
f 416// 415// 1459//
f 1459// 415// 413//
f 1459// 413// 1460//
f 1460// 413// 412//
f 1460// 412// 1461//
f 1462// 1463// 1464//
f 1464// 1463// 1465//
f 1464// 1465// 1466//
f 1466// 1465// 1467//
f 1466// 1467// 1468//
f 1468// 1467// 1469//
f 1468// 1469// 1470//
f 1470// 1469// 1471//
f 1470// 1471// 1472//
f 1472// 1471// 1473//
f 1472// 1473// 1474//
f 1474// 1473// 1475//
f 1474// 1475// 1476//
f 1476// 1475// 1477//
f 1476// 1477// 1478//
f 1478// 1477// 1479//
f 1478// 1479// 1480//
f 1480// 1479// 1188//
f 424// 1236// 418//
f 418// 1236// 1451//
f 418// 1451// 419//
f 419// 1451// 1461//
f 419// 1461// 420//
f 420// 1461// 412//
f 1235// 1234// 1451//
f 1451// 1234// 1450//
f 1451// 1450// 1461//
f 1461// 1450// 1481//
f 1461// 1481// 1460//
f 1460// 1481// 1482//
f 1460// 1482// 1459//
f 1459// 1482// 1483//
f 1459// 1483// 1458//
f 1458// 1483// 1484//
f 1458// 1484// 1457//
f 1457// 1484// 1485//
f 1457// 1485// 1456//
f 1456// 1485// 1486//
f 1456// 1486// 1455//
f 1455// 1486// 1487//
f 1455// 1487// 1454//
f 1454// 1487// 1488//
f 1454// 1488// 1453//
f 1453// 1488// 1489//
f 1204// 1308// 1462//
f 1237// 1204// 1450//
f 1450// 1204// 1462//
f 1450// 1462// 1481//
f 1481// 1462// 1464//
f 1481// 1464// 1482//
f 1482// 1464// 1466//
f 1482// 1466// 1483//
f 1483// 1466// 1468//
f 1483// 1468// 1484//
f 1484// 1468// 1470//
f 1484// 1470// 1485//
f 1485// 1470// 1472//
f 1485// 1472// 1486//
f 1486// 1472// 1474//
f 1486// 1474// 1487//
f 1487// 1474// 1476//
f 1487// 1476// 1488//
f 1488// 1476// 1478//
f 1488// 1478// 1489//
f 1489// 1478// 1480//
f 1308// 1307// 1462//
f 1462// 1307// 1306//
f 1462// 1306// 1463//
f 1463// 1306// 1309//
f 1463// 1309// 1343//
f 1188// 1479// 1189//
f 1189// 1479// 1477//
f 1189// 1477// 1190//
f 1190// 1477// 1475//
f 1190// 1475// 1191//
f 1191// 1475// 1473//
f 1191// 1473// 1192//
f 1192// 1473// 1471//
f 1192// 1471// 1193//
f 1193// 1471// 1469//
f 1193// 1469// 1194//
f 1194// 1469// 1467//
f 1194// 1467// 1195//
f 1195// 1467// 1465//
f 1195// 1465// 1196//
f 1196// 1465// 1463//
f 1196// 1463// 1197//
f 1197// 1463// 1343//
f 1197// 1343// 14//
f 515// 519// 1490//
f 1490// 519// 521//
f 1490// 521// 1491//
f 521// 522// 1491//
f 1491// 522// 524//
f 1491// 524// 1492//
f 524// 525// 1492//
f 1492// 525// 527//
f 1492// 527// 1493//
f 527// 528// 1493//
f 1493// 528// 530//
f 1493// 530// 1494//
f 530// 531// 1494//
f 1494// 531// 533//
f 1494// 533// 1495//
f 533// 534// 1495//
f 1495// 534// 536//
f 1495// 536// 1496//
f 1496// 536// 539//
f 1496// 539// 1497//
f 539// 538// 1497//
f 1497// 538// 543//
f 1497// 543// 1498//
f 1498// 543// 542//
f 542// 541// 1498//
f 1498// 541// 390//
f 1498// 390// 1499//
f 390// 389// 1499//
f 1499// 389// 544//
f 1499// 544// 1500//
f 188// 1501// 548//
f 548// 1501// 1502//
f 548// 1502// 547//
f 547// 1502// 1500//
f 547// 1500// 546//
f 546// 1500// 544//
f 1442// 1441// 1490//
f 1490// 1441// 1440//
f 1490// 1440// 515//
f 1501// 1503// 1502//
f 1502// 1503// 1504//
f 1502// 1504// 1500//
f 1500// 1504// 1505//
f 1500// 1505// 1499//
f 1499// 1505// 1506//
f 1499// 1506// 1498//
f 1498// 1506// 1507//
f 1498// 1507// 1497//
f 1497// 1507// 1508//
f 1497// 1508// 1496//
f 1496// 1508// 1509//
f 1496// 1509// 1495//
f 1495// 1509// 1510//
f 1495// 1510// 1494//
f 1494// 1510// 1511//
f 1494// 1511// 1493//
f 1493// 1511// 1512//
f 1493// 1512// 1492//
f 1492// 1512// 1513//
f 1492// 1513// 1491//
f 1491// 1513// 1514//
f 1491// 1514// 1490//
f 1490// 1514// 1515//
f 1490// 1515// 1442//
f 1442// 1515// 1443//
f 1503// 1516// 1504//
f 1504// 1516// 1517//
f 1504// 1517// 1505//
f 1505// 1517// 1518//
f 1505// 1518// 1506//
f 1506// 1518// 1519//
f 1506// 1519// 1507//
f 1507// 1519// 1520//
f 1507// 1520// 1508//
f 1508// 1520// 1521//
f 1508// 1521// 1509//
f 1509// 1521// 1522//
f 1509// 1522// 1510//
f 1510// 1522// 1523//
f 1510// 1523// 1511//
f 1511// 1523// 1524//
f 1511// 1524// 1512//
f 1512// 1524// 1525//
f 1512// 1525// 1513//
f 1513// 1525// 1526//
f 1513// 1526// 1514//
f 1514// 1526// 1527//
f 1514// 1527// 1515//
f 1515// 1527// 1528//
f 1515// 1528// 1443//
f 1443// 1528// 1444//
f 1516// 1529// 1517//
f 1517// 1529// 1530//
f 1517// 1530// 1518//
f 1518// 1530// 1531//
f 1518// 1531// 1519//
f 1519// 1531// 1532//
f 1519// 1532// 1520//
f 1520// 1532// 1533//
f 1520// 1533// 1521//
f 1521// 1533// 1534//
f 1521// 1534// 1522//
f 1522// 1534// 1535//
f 1522// 1535// 1523//
f 1523// 1535// 1536//
f 1523// 1536// 1524//
f 1524// 1536// 1537//
f 1524// 1537// 1525//
f 1525// 1537// 1538//
f 1525// 1538// 1526//
f 1526// 1538// 1539//
f 1526// 1539// 1527//
f 1527// 1539// 1540//
f 1527// 1540// 1528//
f 1528// 1540// 1541//
f 1528// 1541// 1444//
f 1447// 1446// 1541//
f 1541// 1446// 1445//
f 1541// 1445// 1444//
f 1529// 1542// 1530//
f 1530// 1542// 1543//
f 1530// 1543// 1531//
f 1531// 1543// 1544//
f 1531// 1544// 1532//
f 1532// 1544// 1545//
f 1532// 1545// 1533//
f 1533// 1545// 1546//
f 1533// 1546// 1534//
f 1534// 1546// 1547//
f 1534// 1547// 1535//
f 1535// 1547// 1548//
f 1535// 1548// 1536//
f 1536// 1548// 1549//
f 1536// 1549// 1537//
f 1537// 1549// 1550//
f 1537// 1550// 1538//
f 1538// 1550// 1551//
f 1538// 1551// 1539//
f 1539// 1551// 1552//
f 1539// 1552// 1540//
f 1540// 1552// 1553//
f 1540// 1553// 1541//
f 1541// 1553// 1554//
f 1541// 1554// 1447//
f 1447// 1554// 1448//
f 1542// 1555// 1543//
f 1543// 1555// 1556//
f 1543// 1556// 1544//
f 1544// 1556// 1557//
f 1544// 1557// 1545//
f 1545// 1557// 1558//
f 1545// 1558// 1546//
f 1546// 1558// 1559//
f 1546// 1559// 1547//
f 1547// 1559// 1560//
f 1547// 1560// 1548//
f 1548// 1560// 1561//
f 1548// 1561// 1549//
f 1549// 1561// 1562//
f 1549// 1562// 1550//
f 1550// 1562// 1563//
f 1550// 1563// 1551//
f 1551// 1563// 1564//
f 1551// 1564// 1552//
f 1552// 1564// 1565//
f 1552// 1565// 1553//
f 1553// 1565// 1566//
f 1553// 1566// 1554//
f 1554// 1566// 1567//
f 1554// 1567// 1448//
f 1448// 1567// 1449//
f 1555// 180// 1556//
f 1556// 180// 179//
f 1556// 179// 1557//
f 1557// 179// 175//
f 1557// 175// 1558//
f 1558// 175// 174//
f 1558// 174// 1559//
f 1559// 174// 173//
f 1559// 173// 1560//
f 1560// 173// 172//
f 1560// 172// 1561//
f 1561// 172// 178//
f 1561// 178// 1562//
f 1562// 178// 177//
f 1562// 177// 1563//
f 1563// 177// 176//
f 1563// 176// 1564//
f 1564// 176// 168//
f 1564// 168// 1565//
f 1565// 168// 167//
f 1565// 167// 1566//
f 1566// 167// 158//
f 1566// 158// 1567//
f 1567// 158// 159//
f 1567// 159// 1449//
f 1449// 159// 160//
f 1489// 1480// 1568//
f 1569// 1570// 1571//
f 1572// 1573// 1574//
f 1575// 1576// 1577//
f 1578// 224// 223//
f 1579// 1580// 1581//
f 1581// 1580// 1578//
f 1575// 1577// 1582//
f 1180// 163// 1569//
f 1578// 223// 1581//
f 1581// 223// 231//
f 1581// 231// 1583//
f 231// 230// 1583//
f 1583// 230// 228//
f 1583// 228// 1584//
f 228// 227// 1584//
f 1584// 227// 232//
f 1584// 232// 1585//
f 1585// 232// 234//
f 1585// 234// 1586//
f 234// 239// 1586//
f 1586// 239// 238//
f 1586// 238// 1587//
f 1587// 238// 236//
f 1587// 236// 1588//
f 236// 235// 1588//
f 1588// 235// 242//
f 1588// 242// 1589//
f 1589// 242// 243//
f 243// 1452// 1589//
f 1589// 1452// 1590//
f 1589// 1590// 1588//
f 1588// 1590// 1591//
f 1588// 1591// 1587//
f 1587// 1591// 1592//
f 1587// 1592// 1586//
f 1586// 1592// 1593//
f 1586// 1593// 1585//
f 1585// 1593// 1594//
f 1585// 1594// 1584//
f 1584// 1594// 1595//
f 1584// 1595// 1583//
f 1583// 1595// 1596//
f 1583// 1596// 1581//
f 1581// 1596// 1577//
f 1581// 1577// 1579//
f 1579// 1577// 1576//
f 1452// 1453// 1590//
f 1590// 1453// 1597//
f 1590// 1597// 1591//
f 1591// 1597// 1598//
f 1591// 1598// 1592//
f 1592// 1598// 1599//
f 1592// 1599// 1593//
f 1593// 1599// 1600//
f 1593// 1600// 1594//
f 1594// 1600// 1601//
f 1594// 1601// 1595//
f 1595// 1601// 1602//
f 1595// 1602// 1596//
f 1596// 1602// 1603//
f 1596// 1603// 1577//
f 1577// 1603// 1574//
f 1577// 1574// 1582//
f 1582// 1574// 1573//
f 1453// 1489// 1597//
f 1597// 1489// 1568//
f 1597// 1568// 1598//
f 1598// 1568// 1604//
f 1598// 1604// 1599//
f 1599// 1604// 1605//
f 1599// 1605// 1600//
f 1600// 1605// 1606//
f 1600// 1606// 1601//
f 1601// 1606// 1607//
f 1601// 1607// 1602//
f 1602// 1607// 1608//
f 1602// 1608// 1603//
f 1603// 1608// 1609//
f 1603// 1609// 1574//
f 1574// 1609// 1571//
f 1574// 1571// 1572//
f 1572// 1571// 1570//
f 1569// 1571// 1180//
f 1180// 1571// 1609//
f 1180// 1609// 1181//
f 1181// 1609// 1608//
f 1181// 1608// 1182//
f 1182// 1608// 1607//
f 1182// 1607// 1183//
f 1183// 1607// 1606//
f 1183// 1606// 1184//
f 1184// 1606// 1605//
f 1184// 1605// 1185//
f 1185// 1605// 1604//
f 1185// 1604// 1186//
f 1186// 1604// 1568//
f 1186// 1568// 1187//
f 1187// 1568// 1480//
f 1187// 1480// 1188//
f 1570// 1569// 1610//
f 1611// 1575// 1582//
f 1612// 1613// 1614//
f 225// 224// 1578//
f 220// 226// 1615//
f 211// 212// 1616//
f 208// 209// 1617//
f 1618// 1501// 188//
f 188// 189// 1618//
f 1618// 189// 190//
f 1618// 190// 1619//
f 190// 191// 1619//
f 1619// 191// 193//
f 1619// 193// 1620//
f 193// 194// 1620//
f 1620// 194// 196//
f 1620// 196// 1621//
f 196// 197// 1621//
f 1621// 197// 199//
f 1621// 199// 1622//
f 199// 200// 1622//
f 1622// 200// 202//
f 1622// 202// 1623//
f 206// 1624// 205//
f 205// 1624// 1623//
f 205// 1623// 203//
f 203// 1623// 202//
f 218// 1613// 217//
f 217// 1613// 1612//
f 217// 1612// 215//
f 215// 1612// 214//
f 225// 1578// 226//
f 1503// 1501// 1625//
f 1625// 1501// 1618//
f 1625// 1618// 1626//
f 1626// 1618// 1619//
f 1626// 1619// 1627//
f 1627// 1619// 1620//
f 1627// 1620// 1628//
f 1628// 1620// 1621//
f 1628// 1621// 1629//
f 1629// 1621// 1622//
f 1629// 1622// 1630//
f 1630// 1622// 1623//
f 1630// 1623// 1631//
f 1631// 1623// 1624//
f 1631// 1624// 1632//
f 1611// 1614// 1633//
f 1633// 1614// 1613//
f 1633// 1613// 1615//
f 1615// 1613// 218//
f 1615// 218// 220//
f 1516// 1503// 1634//
f 1634// 1503// 1625//
f 1634// 1625// 1635//
f 1635// 1625// 1626//
f 1635// 1626// 1636//
f 1636// 1626// 1627//
f 1636// 1627// 1637//
f 1637// 1627// 1628//
f 1637// 1628// 1638//
f 1638// 1628// 1629//
f 1638// 1629// 1639//
f 1639// 1629// 1630//
f 1639// 1630// 1640//
f 1640// 1630// 1631//
f 1640// 1631// 1641//
f 1641// 1631// 1632//
f 1641// 1632// 1642//
f 226// 1578// 1615//
f 1615// 1578// 1580//
f 1615// 1580// 1633//
f 1633// 1580// 1579//
f 1633// 1579// 1611//
f 1611// 1579// 1576//
f 1611// 1576// 1575//
f 1529// 1516// 1643//
f 1643// 1516// 1634//
f 1643// 1634// 1644//
f 1644// 1634// 1635//
f 1644// 1635// 1645//
f 1645// 1635// 1636//
f 1645// 1636// 1646//
f 1646// 1636// 1637//
f 1646// 1637// 1647//
f 1647// 1637// 1638//
f 1647// 1638// 1648//
f 1648// 1638// 1639//
f 1648// 1639// 1649//
f 1649// 1639// 1640//
f 1649// 1640// 1650//
f 1650// 1640// 1641//
f 1650// 1641// 1651//
f 1651// 1641// 1642//
f 1651// 1642// 1652//
f 1542// 1529// 1653//
f 1653// 1529// 1643//
f 1653// 1643// 1654//
f 1654// 1643// 1644//
f 1654// 1644// 1655//
f 1655// 1644// 1645//
f 1655// 1645// 1656//
f 1656// 1645// 1646//
f 1656// 1646// 1657//
f 1657// 1646// 1647//
f 1657// 1647// 1658//
f 1658// 1647// 1648//
f 1658// 1648// 1659//
f 1659// 1648// 1649//
f 1659// 1649// 1660//
f 1660// 1649// 1650//
f 1660// 1650// 1661//
f 1661// 1650// 1651//
f 1661// 1651// 1662//
f 1662// 1651// 1652//
f 1662// 1652// 1663//
f 212// 214// 1616//
f 1616// 214// 1612//
f 1616// 1612// 1664//
f 1664// 1612// 1614//
f 1664// 1614// 1665//
f 1665// 1614// 1611//
f 1665// 1611// 1666//
f 1666// 1611// 1582//
f 1666// 1582// 1573//
f 209// 211// 1617//
f 1617// 211// 1616//
f 1617// 1616// 1667//
f 1667// 1616// 1664//
f 1667// 1664// 1668//
f 1668// 1664// 1665//
f 1668// 1665// 1669//
f 1669// 1665// 1666//
f 1669// 1666// 1670//
f 1670// 1666// 1573//
f 1670// 1573// 1572//
f 1555// 1542// 1671//
f 1671// 1542// 1653//
f 1671// 1653// 1672//
f 1672// 1653// 1654//
f 1672// 1654// 1673//
f 1673// 1654// 1655//
f 1673// 1655// 1674//
f 1674// 1655// 1656//
f 1674// 1656// 1675//
f 1675// 1656// 1657//
f 1675// 1657// 1676//
f 1676// 1657// 1658//
f 1676// 1658// 1677//
f 1677// 1658// 1659//
f 1677// 1659// 1678//
f 1678// 1659// 1660//
f 1678// 1660// 1679//
f 1679// 1660// 1661//
f 1679// 1661// 1680//
f 1680// 1661// 1662//
f 1680// 1662// 1681//
f 1681// 1662// 1663//
f 1681// 1663// 1610//
f 206// 208// 1624//
f 1624// 208// 1617//
f 1624// 1617// 1632//
f 1632// 1617// 1667//
f 1632// 1667// 1642//
f 1642// 1667// 1668//
f 1642// 1668// 1652//
f 1652// 1668// 1669//
f 1652// 1669// 1663//
f 1663// 1669// 1670//
f 1663// 1670// 1610//
f 1610// 1670// 1572//
f 1610// 1572// 1570//
f 1569// 163// 1610//
f 1610// 163// 162//
f 1610// 162// 1681//
f 1681// 162// 161//
f 1681// 161// 1680//
f 1680// 161// 157//
f 1680// 157// 1679//
f 1679// 157// 156//
f 1679// 156// 1678//
f 1678// 156// 155//
f 1678// 155// 1677//
f 1677// 155// 171//
f 1677// 171// 1676//
f 1676// 171// 170//
f 1676// 170// 1675//
f 1675// 170// 169//
f 1675// 169// 1674//
f 1674// 169// 166//
f 1674// 166// 1673//
f 1673// 166// 165//
f 1673// 165// 1672//
f 1672// 165// 164//
f 1672// 164// 1671//
f 1671// 164// 181//
f 1671// 181// 1555//
f 1555// 181// 180//
f 684// 682// 1682//
f 681// 679// 1683//
f 678// 676// 1684//
f 675// 673// 1685//
f 665// 663// 1686//
f 662// 660// 1687//
f 659// 657// 1688//
f 647// 645// 1689//
f 644// 642// 1690//
f 634// 632// 1691//
f 631// 629// 1692//
f 628// 626// 1693//
f 616// 614// 1694//
f 613// 611// 1695//
f 606// 601// 1696//
f 600// 598// 1697//
f 597// 595// 1698//
f 585// 583// 1699//
f 582// 580// 1700//
f 575// 570// 1701//
f 569// 567// 1702//
f 566// 564// 1703//
f 1704// 1705// 1706//
f 956// 957// 1707//
f 979// 956// 1708//
f 980// 979// 1709//
f 981// 980// 1710//
f 999// 981// 1711//
f 1000// 999// 1712//
f 1001// 1000// 1713//
f 1002// 1001// 1714//
f 977// 1705// 978//
f 978// 1705// 1704//
f 978// 1704// 1008//
f 1715// 1706// 1716//
f 1716// 1706// 1705//
f 1716// 1705// 1717//
f 1717// 1705// 977//
f 1717// 977// 976//
f 1718// 1715// 1719//
f 1719// 1715// 1716//
f 1719// 1716// 1720//
f 1720// 1716// 1717//
f 1720// 1717// 1721//
f 1721// 1717// 976//
f 1721// 976// 1004//
f 1722// 1718// 1723//
f 1723// 1718// 1719//
f 1723// 1719// 1724//
f 1724// 1719// 1720//
f 1724// 1720// 1725//
f 1725// 1720// 1721//
f 1725// 1721// 1726//
f 1726// 1721// 1004//
f 1726// 1004// 1003//
f 1727// 1728// 1729//
f 1684// 1722// 1730//
f 1730// 1722// 1723//
f 1730// 1723// 1731//
f 1731// 1723// 1724//
f 1731// 1724// 1732//
f 1732// 1724// 1725//
f 1732// 1725// 1733//
f 1733// 1725// 1726//
f 1733// 1726// 1734//
f 1734// 1726// 1003//
f 1734// 1003// 1002//
f 1735// 1728// 1736//
f 1736// 1728// 1727//
f 1736// 1727// 1737//
f 1738// 1739// 1740//
f 1740// 1739// 1741//
f 1740// 1741// 1742//
f 1742// 1741// 1743//
f 1742// 1743// 1744//
f 1744// 1743// 1745//
f 1744// 1745// 1746//
f 989// 988// 1747//
f 1747// 988// 1748//
f 1747// 1748// 1749//
f 1749// 1748// 1750//
f 1749// 1750// 1751//
f 1751// 1750// 1752//
f 1751// 1752// 1753//
f 1753// 1752// 1754//
f 1753// 1754// 1755//
f 1755// 1754// 1756//
f 1755// 1756// 1757//
f 1757// 1756// 1758//
f 988// 987// 1748//
f 1748// 987// 1759//
f 1748// 1759// 1750//
f 1750// 1759// 1760//
f 1750// 1760// 1752//
f 1752// 1760// 1761//
f 1752// 1761// 1754//
f 1754// 1761// 1762//
f 1754// 1762// 1756//
f 1756// 1762// 1763//
f 1756// 1763// 1758//
f 1758// 1763// 1764//
f 1758// 1764// 577//
f 577// 1764// 579//
f 963// 964// 1765//
f 1765// 964// 1766//
f 1765// 1766// 1767//
f 1767// 1766// 1768//
f 1767// 1768// 1769//
f 1769// 1768// 1770//
f 1769// 1770// 1771//
f 1771// 1770// 1772//
f 1771// 1772// 1773//
f 1773// 1772// 1774//
f 1773// 1774// 1775//
f 1775// 1774// 1776//
f 1007// 1006// 1777//
f 1777// 1006// 1778//
f 1777// 1778// 1779//
f 1779// 1778// 1780//
f 1779// 1780// 1781//
f 1781// 1780// 1782//
f 1781// 1782// 1783//
f 1783// 1782// 1784//
f 1783// 1784// 1785//
f 1785// 1784// 1786//
f 1785// 1786// 1787//
f 1787// 1786// 1788//
f 1006// 1005// 1778//
f 1778// 1005// 1789//
f 1778// 1789// 1780//
f 1780// 1789// 1790//
f 1780// 1790// 1782//
f 1782// 1790// 1791//
f 1782// 1791// 1784//
f 1784// 1791// 1792//
f 1784// 1792// 1786//
f 1786// 1792// 1793//
f 1786// 1793// 1788//
f 1788// 1793// 1794//
f 1788// 1794// 608//
f 608// 1794// 610//
f 1025// 1024// 1795//
f 1795// 1024// 1796//
f 1795// 1796// 1797//
f 1797// 1796// 1798//
f 1797// 1798// 1799//
f 1799// 1798// 1800//
f 1799// 1800// 1801//
f 1801// 1800// 1802//
f 1801// 1802// 1803//
f 1803// 1802// 1804//
f 1803// 1804// 1805//
f 1805// 1804// 1806//
f 1019// 1018// 1807//
f 1807// 1018// 1808//
f 1807// 1808// 1809//
f 1809// 1808// 1810//
f 1809// 1810// 1811//
f 1811// 1810// 1812//
f 1811// 1812// 1813//
f 1813// 1812// 1814//
f 1813// 1814// 1815//
f 1815// 1814// 1816//
f 1815// 1816// 1817//
f 1817// 1816// 1818//
f 1018// 997// 1808//
f 1808// 997// 1819//
f 1808// 1819// 1810//
f 1810// 1819// 1820//
f 1810// 1820// 1812//
f 1812// 1820// 1821//
f 1812// 1821// 1814//
f 1814// 1821// 1822//
f 1814// 1822// 1816//
f 1816// 1822// 1823//
f 1816// 1823// 1818//
f 1818// 1823// 1824//
f 1818// 1824// 637//
f 637// 1824// 641//
f 994// 1017// 1825//
f 1825// 1017// 1826//
f 1825// 1826// 1827//
f 1827// 1826// 1828//
f 1827// 1828// 1829//
f 1829// 1828// 1830//
f 1829// 1830// 1831//
f 1831// 1830// 1832//
f 1831// 1832// 1833//
f 1833// 1832// 1834//
f 1833// 1834// 1835//
f 1835// 1834// 1836//
f 1012// 1011// 1837//
f 1837// 1011// 1838//
f 1837// 1838// 1839//
f 1839// 1838// 1840//
f 1839// 1840// 1841//
f 1841// 1840// 1842//
f 1841// 1842// 1843//
f 1843// 1842// 1844//
f 1843// 1844// 1845//
f 1845// 1844// 1846//
f 1845// 1846// 1847//
f 1847// 1846// 1848//
f 1011// 1010// 1838//
f 1838// 1010// 1849//
f 1838// 1849// 1840//
f 1840// 1849// 1850//
f 1840// 1850// 1842//
f 1842// 1850// 1851//
f 1842// 1851// 1844//
f 1844// 1851// 1852//
f 1844// 1852// 1846//
f 1846// 1852// 1853//
f 1846// 1853// 1848//
f 1848// 1853// 1854//
f 1848// 1854// 668//
f 668// 1854// 672//
f 183// 1735// 550//
f 550// 1735// 1736//
f 550// 1736// 551//
f 551// 1736// 1737//
f 551// 1737// 552//
f 552// 1737// 554//
f 555// 554// 1739//
f 1739// 554// 1737//
f 1739// 1737// 1741//
f 1741// 1737// 1727//
f 1741// 1727// 1743//
f 1743// 1727// 1729//
f 1743// 1729// 1745//
f 563// 561// 1855//
f 1855// 561// 1738//
f 1855// 1738// 1856//
f 1856// 1738// 1740//
f 1856// 1740// 1857//
f 1857// 1740// 1742//
f 1857// 1742// 1858//
f 1858// 1742// 1744//
f 1858// 1744// 1859//
f 1859// 1744// 1746//
f 1859// 1746// 1860//
f 561// 560// 1738//
f 1738// 560// 558//
f 1738// 558// 1739//
f 1739// 558// 557//
f 1739// 557// 555//
f 564// 563// 1703//
f 1703// 563// 1855//
f 1703// 1855// 1861//
f 1861// 1855// 1856//
f 1861// 1856// 1862//
f 1862// 1856// 1857//
f 1862// 1857// 1863//
f 1863// 1857// 1858//
f 1863// 1858// 1864//
f 1864// 1858// 1859//
f 1864// 1859// 1865//
f 1865// 1859// 1860//
f 1865// 1860// 992//
f 567// 566// 1702//
f 1702// 566// 1703//
f 1702// 1703// 1866//
f 1866// 1703// 1861//
f 1866// 1861// 1867//
f 1867// 1861// 1862//
f 1867// 1862// 1868//
f 1868// 1862// 1863//
f 1868// 1863// 1869//
f 1869// 1863// 1864//
f 1869// 1864// 1870//
f 1870// 1864// 1865//
f 1870// 1865// 991//
f 991// 1865// 992//
f 570// 569// 1701//
f 1701// 569// 1702//
f 1701// 1702// 1871//
f 1871// 1702// 1866//
f 1871// 1866// 1872//
f 1872// 1866// 1867//
f 1872// 1867// 1873//
f 1873// 1867// 1868//
f 1873// 1868// 1874//
f 1874// 1868// 1869//
f 1874// 1869// 1875//
f 1875// 1869// 1870//
f 1875// 1870// 990//
f 990// 1870// 991//
f 990// 989// 1875//
f 1875// 989// 1747//
f 1875// 1747// 1874//
f 1874// 1747// 1749//
f 1874// 1749// 1873//
f 1873// 1749// 1751//
f 1873// 1751// 1872//
f 1872// 1751// 1753//
f 1872// 1753// 1871//
f 1871// 1753// 1755//
f 1871// 1755// 1701//
f 1701// 1755// 1757//
f 1701// 1757// 575//
f 577// 576// 1758//
f 1758// 576// 572//
f 1758// 572// 1757//
f 1757// 572// 574//
f 1757// 574// 575//
f 580// 579// 1700//
f 1700// 579// 1764//
f 1700// 1764// 1876//
f 1876// 1764// 1763//
f 1876// 1763// 1877//
f 1877// 1763// 1762//
f 1877// 1762// 1878//
f 1878// 1762// 1761//
f 1878// 1761// 1879//
f 1879// 1761// 1760//
f 1879// 1760// 1880//
f 1880// 1760// 1759//
f 1880// 1759// 986//
f 986// 1759// 987//
f 583// 582// 1699//
f 1699// 582// 1700//
f 1699// 1700// 1881//
f 1881// 1700// 1876//
f 1881// 1876// 1882//
f 1882// 1876// 1877//
f 1882// 1877// 1883//
f 1883// 1877// 1878//
f 1883// 1878// 1884//
f 1884// 1878// 1879//
f 1884// 1879// 1885//
f 1885// 1879// 1880//
f 1885// 1880// 985//
f 985// 1880// 986//
f 586// 585// 1775//
f 1775// 585// 1699//
f 1775// 1699// 1773//
f 1773// 1699// 1881//
f 1773// 1881// 1771//
f 1771// 1881// 1882//
f 1771// 1882// 1769//
f 1769// 1882// 1883//
f 1769// 1883// 1767//
f 1767// 1883// 1884//
f 1767// 1884// 1765//
f 1765// 1884// 1885//
f 1765// 1885// 963//
f 963// 1885// 985//
f 594// 592// 1886//
f 1886// 592// 1776//
f 1886// 1776// 1887//
f 1887// 1776// 1774//
f 1887// 1774// 1888//
f 1888// 1774// 1772//
f 1888// 1772// 1889//
f 1889// 1772// 1770//
f 1889// 1770// 1890//
f 1890// 1770// 1768//
f 1890// 1768// 1891//
f 1891// 1768// 1766//
f 1891// 1766// 965//
f 965// 1766// 964//
f 592// 591// 1776//
f 1776// 591// 589//
f 1776// 589// 1775//
f 1775// 589// 588//
f 1775// 588// 586//
f 595// 594// 1698//
f 1698// 594// 1886//
f 1698// 1886// 1892//
f 1892// 1886// 1887//
f 1892// 1887// 1893//
f 1893// 1887// 1888//
f 1893// 1888// 1894//
f 1894// 1888// 1889//
f 1894// 1889// 1895//
f 1895// 1889// 1890//
f 1895// 1890// 1896//
f 1896// 1890// 1891//
f 1896// 1891// 998//
f 998// 1891// 965//
f 598// 597// 1697//
f 1697// 597// 1698//
f 1697// 1698// 1897//
f 1897// 1698// 1892//
f 1897// 1892// 1898//
f 1898// 1892// 1893//
f 1898// 1893// 1899//
f 1899// 1893// 1894//
f 1899// 1894// 1900//
f 1900// 1894// 1895//
f 1900// 1895// 1901//
f 1901// 1895// 1896//
f 1901// 1896// 972//
f 972// 1896// 998//
f 601// 600// 1696//
f 1696// 600// 1697//
f 1696// 1697// 1902//
f 1902// 1697// 1897//
f 1902// 1897// 1903//
f 1903// 1897// 1898//
f 1903// 1898// 1904//
f 1904// 1898// 1899//
f 1904// 1899// 1905//
f 1905// 1899// 1900//
f 1905// 1900// 1906//
f 1906// 1900// 1901//
f 1906// 1901// 971//
f 971// 1901// 972//
f 971// 1007// 1906//
f 1906// 1007// 1777//
f 1906// 1777// 1905//
f 1905// 1777// 1779//
f 1905// 1779// 1904//
f 1904// 1779// 1781//
f 1904// 1781// 1903//
f 1903// 1781// 1783//
f 1903// 1783// 1902//
f 1902// 1783// 1785//
f 1902// 1785// 1696//
f 1696// 1785// 1787//
f 1696// 1787// 606//
f 608// 607// 1788//
f 1788// 607// 603//
f 1788// 603// 1787//
f 1787// 603// 605//
f 1787// 605// 606//
f 611// 610// 1695//
f 1695// 610// 1794//
f 1695// 1794// 1907//
f 1907// 1794// 1793//
f 1907// 1793// 1908//
f 1908// 1793// 1792//
f 1908// 1792// 1909//
f 1909// 1792// 1791//
f 1909// 1791// 1910//
f 1910// 1791// 1790//
f 1910// 1790// 1911//
f 1911// 1790// 1789//
f 1911// 1789// 1027//
f 1027// 1789// 1005//
f 614// 613// 1694//
f 1694// 613// 1695//
f 1694// 1695// 1912//
f 1912// 1695// 1907//
f 1912// 1907// 1913//
f 1913// 1907// 1908//
f 1913// 1908// 1914//
f 1914// 1908// 1909//
f 1914// 1909// 1915//
f 1915// 1909// 1910//
f 1915// 1910// 1916//
f 1916// 1910// 1911//
f 1916// 1911// 1026//
f 1026// 1911// 1027//
f 617// 616// 1805//
f 1805// 616// 1694//
f 1805// 1694// 1803//
f 1803// 1694// 1912//
f 1803// 1912// 1801//
f 1801// 1912// 1913//
f 1801// 1913// 1799//
f 1799// 1913// 1914//
f 1799// 1914// 1797//
f 1797// 1914// 1915//
f 1797// 1915// 1795//
f 1795// 1915// 1916//
f 1795// 1916// 1025//
f 1025// 1916// 1026//
f 625// 623// 1917//
f 1917// 623// 1806//
f 1917// 1806// 1918//
f 1918// 1806// 1804//
f 1918// 1804// 1919//
f 1919// 1804// 1802//
f 1919// 1802// 1920//
f 1920// 1802// 1800//
f 1920// 1800// 1921//
f 1921// 1800// 1798//
f 1921// 1798// 1922//
f 1922// 1798// 1796//
f 1922// 1796// 1023//
f 1023// 1796// 1024//
f 623// 622// 1806//
f 1806// 622// 620//
f 1806// 620// 1805//
f 1805// 620// 619//
f 1805// 619// 617//
f 626// 625// 1693//
f 1693// 625// 1917//
f 1693// 1917// 1923//
f 1923// 1917// 1918//
f 1923// 1918// 1924//
f 1924// 1918// 1919//
f 1924// 1919// 1925//
f 1925// 1919// 1920//
f 1925// 1920// 1926//
f 1926// 1920// 1921//
f 1926// 1921// 1927//
f 1927// 1921// 1922//
f 1927// 1922// 1022//
f 1022// 1922// 1023//
f 629// 628// 1692//
f 1692// 628// 1693//
f 1692// 1693// 1928//
f 1928// 1693// 1923//
f 1928// 1923// 1929//
f 1929// 1923// 1924//
f 1929// 1924// 1930//
f 1930// 1924// 1925//
f 1930// 1925// 1931//
f 1931// 1925// 1926//
f 1931// 1926// 1932//
f 1932// 1926// 1927//
f 1932// 1927// 1021//
f 1021// 1927// 1022//
f 632// 631// 1691//
f 1691// 631// 1692//
f 1691// 1692// 1933//
f 1933// 1692// 1928//
f 1933// 1928// 1934//
f 1934// 1928// 1929//
f 1934// 1929// 1935//
f 1935// 1929// 1930//
f 1935// 1930// 1936//
f 1936// 1930// 1931//
f 1936// 1931// 1937//
f 1937// 1931// 1932//
f 1937// 1932// 1020//
f 1020// 1932// 1021//
f 1020// 1019// 1937//
f 1937// 1019// 1807//
f 1937// 1807// 1936//
f 1936// 1807// 1809//
f 1936// 1809// 1935//
f 1935// 1809// 1811//
f 1935// 1811// 1934//
f 1934// 1811// 1813//
f 1934// 1813// 1933//
f 1933// 1813// 1815//
f 1933// 1815// 1691//
f 1691// 1815// 1817//
f 1691// 1817// 634//
f 637// 639// 1818//
f 1818// 639// 640//
f 1818// 640// 1817//
f 1817// 640// 635//
f 1817// 635// 634//
f 642// 641// 1690//
f 1690// 641// 1824//
f 1690// 1824// 1938//
f 1938// 1824// 1823//
f 1938// 1823// 1939//
f 1939// 1823// 1822//
f 1939// 1822// 1940//
f 1940// 1822// 1821//
f 1940// 1821// 1941//
f 1941// 1821// 1820//
f 1941// 1820// 1942//
f 1942// 1820// 1819//
f 1942// 1819// 996//
f 996// 1819// 997//
f 645// 644// 1689//
f 1689// 644// 1690//
f 1689// 1690// 1943//
f 1943// 1690// 1938//
f 1943// 1938// 1944//
f 1944// 1938// 1939//
f 1944// 1939// 1945//
f 1945// 1939// 1940//
f 1945// 1940// 1946//
f 1946// 1940// 1941//
f 1946// 1941// 1947//
f 1947// 1941// 1942//
f 1947// 1942// 995//
f 995// 1942// 996//
f 648// 647// 1835//
f 1835// 647// 1689//
f 1835// 1689// 1833//
f 1833// 1689// 1943//
f 1833// 1943// 1831//
f 1831// 1943// 1944//
f 1831// 1944// 1829//
f 1829// 1944// 1945//
f 1829// 1945// 1827//
f 1827// 1945// 1946//
f 1827// 1946// 1825//
f 1825// 1946// 1947//
f 1825// 1947// 994//
f 994// 1947// 995//
f 656// 654// 1948//
f 1948// 654// 1836//
f 1948// 1836// 1949//
f 1949// 1836// 1834//
f 1949// 1834// 1950//
f 1950// 1834// 1832//
f 1950// 1832// 1951//
f 1951// 1832// 1830//
f 1951// 1830// 1952//
f 1952// 1830// 1828//
f 1952// 1828// 1953//
f 1953// 1828// 1826//
f 1953// 1826// 1016//
f 1016// 1826// 1017//
f 654// 653// 1836//
f 1836// 653// 651//
f 1836// 651// 1835//
f 1835// 651// 650//
f 1835// 650// 648//
f 657// 656// 1688//
f 1688// 656// 1948//
f 1688// 1948// 1954//
f 1954// 1948// 1949//
f 1954// 1949// 1955//
f 1955// 1949// 1950//
f 1955// 1950// 1956//
f 1956// 1950// 1951//
f 1956// 1951// 1957//
f 1957// 1951// 1952//
f 1957// 1952// 1958//
f 1958// 1952// 1953//
f 1958// 1953// 1015//
f 1015// 1953// 1016//
f 660// 659// 1687//
f 1687// 659// 1688//
f 1687// 1688// 1959//
f 1959// 1688// 1954//
f 1959// 1954// 1960//
f 1960// 1954// 1955//
f 1960// 1955// 1961//
f 1961// 1955// 1956//
f 1961// 1956// 1962//
f 1962// 1956// 1957//
f 1962// 1957// 1963//
f 1963// 1957// 1958//
f 1963// 1958// 1014//
f 1014// 1958// 1015//
f 663// 662// 1686//
f 1686// 662// 1687//
f 1686// 1687// 1964//
f 1964// 1687// 1959//
f 1964// 1959// 1965//
f 1965// 1959// 1960//
f 1965// 1960// 1966//
f 1966// 1960// 1961//
f 1966// 1961// 1967//
f 1967// 1961// 1962//
f 1967// 1962// 1968//
f 1968// 1962// 1963//
f 1968// 1963// 1013//
f 1013// 1963// 1014//
f 1013// 1012// 1968//
f 1968// 1012// 1837//
f 1968// 1837// 1967//
f 1967// 1837// 1839//
f 1967// 1839// 1966//
f 1966// 1839// 1841//
f 1966// 1841// 1965//
f 1965// 1841// 1843//
f 1965// 1843// 1964//
f 1964// 1843// 1845//
f 1964// 1845// 1686//
f 1686// 1845// 1847//
f 1686// 1847// 665//
f 668// 670// 1848//
f 1848// 670// 671//
f 1848// 671// 1847//
f 1847// 671// 666//
f 1847// 666// 665//
f 673// 672// 1685//
f 1685// 672// 1854//
f 1685// 1854// 1969//
f 1969// 1854// 1853//
f 1969// 1853// 1970//
f 1970// 1853// 1852//
f 1970// 1852// 1971//
f 1971// 1852// 1851//
f 1971// 1851// 1972//
f 1972// 1851// 1850//
f 1972// 1850// 1973//
f 1973// 1850// 1849//
f 1973// 1849// 1009//
f 1009// 1849// 1010//
f 676// 675// 1684//
f 1684// 675// 1685//
f 1684// 1685// 1722//
f 1722// 1685// 1969//
f 1722// 1969// 1718//
f 1718// 1969// 1970//
f 1718// 1970// 1715//
f 1715// 1970// 1971//
f 1715// 1971// 1706//
f 1706// 1971// 1972//
f 1706// 1972// 1704//
f 1704// 1972// 1973//
f 1704// 1973// 1008//
f 1008// 1973// 1009//
f 1002// 1714// 1734//
f 1734// 1714// 1974//
f 1734// 1974// 1733//
f 1733// 1974// 1975//
f 1733// 1975// 1732//
f 1732// 1975// 1976//
f 1732// 1976// 1731//
f 1731// 1976// 1977//
f 1731// 1977// 1730//
f 1730// 1977// 1683//
f 1730// 1683// 1684//
f 1684// 1683// 679//
f 1684// 679// 678//
f 1001// 1713// 1714//
f 1714// 1713// 1978//
f 1714// 1978// 1974//
f 1974// 1978// 1979//
f 1974// 1979// 1975//
f 1975// 1979// 1980//
f 1975// 1980// 1976//
f 1976// 1980// 1981//
f 1976// 1981// 1977//
f 1977// 1981// 1682//
f 1977// 1682// 1683//
f 1683// 1682// 682//
f 1683// 682// 681//
f 1000// 1712// 1713//
f 1713// 1712// 1982//
f 1713// 1982// 1978//
f 1978// 1982// 1983//
f 1978// 1983// 1979//
f 1979// 1983// 1984//
f 1979// 1984// 1980//
f 1980// 1984// 1985//
f 1980// 1985// 1981//
f 1981// 1985// 1986//
f 1981// 1986// 1682//
f 1682// 1986// 685//
f 1682// 685// 684//
f 1987// 688// 687//
f 999// 1711// 1712//
f 1712// 1711// 1988//
f 1712// 1988// 1982//
f 1982// 1988// 1989//
f 1982// 1989// 1983//
f 1983// 1989// 1990//
f 1983// 1990// 1984//
f 1984// 1990// 1991//
f 1984// 1991// 1985//
f 1985// 1991// 1987//
f 1985// 1987// 1986//
f 1986// 1987// 687//
f 1986// 687// 685//
f 1992// 691// 690//
f 981// 1710// 1711//
f 1711// 1710// 1993//
f 1711// 1993// 1988//
f 1988// 1993// 1994//
f 1988// 1994// 1989//
f 1989// 1994// 1995//
f 1989// 1995// 1990//
f 1990// 1995// 1996//
f 1990// 1996// 1991//
f 1991// 1996// 1992//
f 1991// 1992// 1987//
f 1987// 1992// 690//
f 1987// 690// 688//
f 1997// 694// 693//
f 980// 1709// 1710//
f 1710// 1709// 1998//
f 1710// 1998// 1993//
f 1993// 1998// 1999//
f 1993// 1999// 1994//
f 1994// 1999// 2000//
f 1994// 2000// 1995//
f 1995// 2000// 2001//
f 1995// 2001// 1996//
f 1996// 2001// 1997//
f 1996// 1997// 1992//
f 1992// 1997// 693//
f 1992// 693// 691//
f 2002// 695// 696//
f 979// 1708// 1709//
f 1709// 1708// 2003//
f 1709// 2003// 1998//
f 1998// 2003// 2004//
f 1998// 2004// 1999//
f 1999// 2004// 2005//
f 1999// 2005// 2000//
f 2000// 2005// 2006//
f 2000// 2006// 2001//
f 2001// 2006// 2002//
f 2001// 2002// 1997//
f 1997// 2002// 696//
f 1997// 696// 694//
f 956// 1707// 1708//
f 1708// 1707// 2007//
f 1708// 2007// 2003//
f 2003// 2007// 2008//
f 2003// 2008// 2004//
f 2004// 2008// 2009//
f 2004// 2009// 2005//
f 2005// 2009// 2010//
f 2005// 2010// 2006//
f 2006// 2010// 2011//
f 2006// 2011// 2002//
f 2002// 2011// 292//
f 2002// 292// 695//
f 267// 265// 2012//
f 264// 262// 2013//
f 261// 259// 2014//
f 993// 992// 1860//
f 966// 993// 2015//
f 967// 966// 2016//
f 968// 967// 2017//
f 969// 968// 2018//
f 970// 969// 2019//
f 973// 970// 2020//
f 974// 973// 2021//
f 975// 974// 2022//
f 982// 975// 2023//
f 983// 982// 2024//
f 984// 983// 2025//
f 960// 984// 2026//
f 961// 960// 2027//
f 962// 961// 2028//
f 959// 962// 2029//
f 958// 959// 2030//
f 957// 958// 2031//
f 957// 2031// 1707//
f 1707// 2031// 2032//
f 1707// 2032// 2007//
f 2007// 2032// 2033//
f 2007// 2033// 2008//
f 2008// 2033// 2034//
f 2008// 2034// 2009//
f 2009// 2034// 2035//
f 2009// 2035// 2010//
f 2010// 2035// 2036//
f 2010// 2036// 2011//
f 2011// 2036// 244//
f 2011// 244// 292//
f 2037// 247// 245//
f 958// 2030// 2031//
f 2031// 2030// 2038//
f 2031// 2038// 2032//
f 2032// 2038// 2039//
f 2032// 2039// 2033//
f 2033// 2039// 2040//
f 2033// 2040// 2034//
f 2034// 2040// 2041//
f 2034// 2041// 2035//
f 2035// 2041// 2037//
f 2035// 2037// 2036//
f 2036// 2037// 245//
f 2036// 245// 244//
f 2042// 250// 249//
f 959// 2029// 2030//
f 2030// 2029// 2043//
f 2030// 2043// 2038//
f 2038// 2043// 2044//
f 2038// 2044// 2039//
f 2039// 2044// 2045//
f 2039// 2045// 2040//
f 2040// 2045// 2046//
f 2040// 2046// 2041//
f 2041// 2046// 2042//
f 2041// 2042// 2037//
f 2037// 2042// 249//
f 2037// 249// 247//
f 2047// 253// 252//
f 962// 2028// 2029//
f 2029// 2028// 2048//
f 2029// 2048// 2043//
f 2043// 2048// 2049//
f 2043// 2049// 2044//
f 2044// 2049// 2050//
f 2044// 2050// 2045//
f 2045// 2050// 2051//
f 2045// 2051// 2046//
f 2046// 2051// 2047//
f 2046// 2047// 2042//
f 2042// 2047// 252//
f 2042// 252// 250//
f 258// 256// 2052//
f 2052// 256// 255//
f 961// 2027// 2028//
f 2028// 2027// 2053//
f 2028// 2053// 2048//
f 2048// 2053// 2054//
f 2048// 2054// 2049//
f 2049// 2054// 2055//
f 2049// 2055// 2050//
f 2050// 2055// 2056//
f 2050// 2056// 2051//
f 2051// 2056// 2052//
f 2051// 2052// 2047//
f 2047// 2052// 255//
f 2047// 255// 253//
f 960// 2026// 2027//
f 2027// 2026// 2057//
f 2027// 2057// 2053//
f 2053// 2057// 2058//
f 2053// 2058// 2054//
f 2054// 2058// 2059//
f 2054// 2059// 2055//
f 2055// 2059// 2060//
f 2055// 2060// 2056//
f 2056// 2060// 2014//
f 2056// 2014// 2052//
f 2052// 2014// 259//
f 2052// 259// 258//
f 984// 2025// 2026//
f 2026// 2025// 2061//
f 2026// 2061// 2057//
f 2057// 2061// 2062//
f 2057// 2062// 2058//
f 2058// 2062// 2063//
f 2058// 2063// 2059//
f 2059// 2063// 2064//
f 2059// 2064// 2060//
f 2060// 2064// 2013//
f 2060// 2013// 2014//
f 2014// 2013// 262//
f 2014// 262// 261//
f 983// 2024// 2025//
f 2025// 2024// 2065//
f 2025// 2065// 2061//
f 2061// 2065// 2066//
f 2061// 2066// 2062//
f 2062// 2066// 2067//
f 2062// 2067// 2063//
f 2063// 2067// 2068//
f 2063// 2068// 2064//
f 2064// 2068// 2012//
f 2064// 2012// 2013//
f 2013// 2012// 265//
f 2013// 265// 264//
f 982// 2023// 2024//
f 2024// 2023// 2069//
f 2024// 2069// 2065//
f 2065// 2069// 2070//
f 2065// 2070// 2066//
f 2066// 2070// 2071//
f 2066// 2071// 2067//
f 2067// 2071// 2072//
f 2067// 2072// 2068//
f 2068// 2072// 2073//
f 2068// 2073// 2012//
f 2012// 2073// 268//
f 2012// 268// 267//
f 2074// 271// 270//
f 975// 2022// 2023//
f 2023// 2022// 2075//
f 2023// 2075// 2069//
f 2069// 2075// 2076//
f 2069// 2076// 2070//
f 2070// 2076// 2077//
f 2070// 2077// 2071//
f 2071// 2077// 2078//
f 2071// 2078// 2072//
f 2072// 2078// 2074//
f 2072// 2074// 2073//
f 2073// 2074// 270//
f 2073// 270// 268//
f 2079// 274// 273//
f 974// 2021// 2022//
f 2022// 2021// 2080//
f 2022// 2080// 2075//
f 2075// 2080// 2081//
f 2075// 2081// 2076//
f 2076// 2081// 2082//
f 2076// 2082// 2077//
f 2077// 2082// 2083//
f 2077// 2083// 2078//
f 2078// 2083// 2079//
f 2078// 2079// 2074//
f 2074// 2079// 273//
f 2074// 273// 271//
f 2084// 277// 276//
f 973// 2020// 2021//
f 2021// 2020// 2085//
f 2021// 2085// 2080//
f 2080// 2085// 2086//
f 2080// 2086// 2081//
f 2081// 2086// 2087//
f 2081// 2087// 2082//
f 2082// 2087// 2088//
f 2082// 2088// 2083//
f 2083// 2088// 2084//
f 2083// 2084// 2079//
f 2079// 2084// 276//
f 2079// 276// 274//
f 2089// 280// 279//
f 970// 2019// 2020//
f 2020// 2019// 2090//
f 2020// 2090// 2085//
f 2085// 2090// 2091//
f 2085// 2091// 2086//
f 2086// 2091// 2092//
f 2086// 2092// 2087//
f 2087// 2092// 2093//
f 2087// 2093// 2088//
f 2088// 2093// 2089//
f 2088// 2089// 2084//
f 2084// 2089// 279//
f 2084// 279// 277//
f 2094// 283// 282//
f 969// 2018// 2019//
f 2019// 2018// 2095//
f 2019// 2095// 2090//
f 2090// 2095// 2096//
f 2090// 2096// 2091//
f 2091// 2096// 2097//
f 2091// 2097// 2092//
f 2092// 2097// 2098//
f 2092// 2098// 2093//
f 2093// 2098// 2094//
f 2093// 2094// 2089//
f 2089// 2094// 282//
f 2089// 282// 280//
f 2099// 286// 285//
f 968// 2017// 2018//
f 2018// 2017// 2100//
f 2018// 2100// 2095//
f 2095// 2100// 2101//
f 2095// 2101// 2096//
f 2096// 2101// 2102//
f 2096// 2102// 2097//
f 2097// 2102// 2103//
f 2097// 2103// 2098//
f 2098// 2103// 2099//
f 2098// 2099// 2094//
f 2094// 2099// 285//
f 2094// 285// 283//
f 2104// 290// 291//
f 967// 2016// 2017//
f 2017// 2016// 2105//
f 2017// 2105// 2100//
f 2100// 2105// 2106//
f 2100// 2106// 2101//
f 2101// 2106// 2107//
f 2101// 2107// 2102//
f 2102// 2107// 2108//
f 2102// 2108// 2103//
f 2103// 2108// 2104//
f 2103// 2104// 2099//
f 2099// 2104// 291//
f 2099// 291// 286//
f 2109// 182// 288//
f 966// 2015// 2016//
f 2016// 2015// 2110//
f 2016// 2110// 2105//
f 2105// 2110// 2111//
f 2105// 2111// 2106//
f 2106// 2111// 2112//
f 2106// 2112// 2107//
f 2107// 2112// 2113//
f 2107// 2113// 2108//
f 2108// 2113// 2109//
f 2108// 2109// 2104//
f 2104// 2109// 288//
f 2104// 288// 290//
f 993// 1860// 2015//
f 2015// 1860// 1746//
f 2015// 1746// 2110//
f 2110// 1746// 1745//
f 2110// 1745// 2111//
f 2111// 1745// 1729//
f 2111// 1729// 2112//
f 2112// 1729// 1728//
f 2112// 1728// 2113//
f 2113// 1728// 1735//
f 2113// 1735// 2109//
f 2109// 1735// 183//
f 2109// 183// 182//
