v 0.875291 1.365379 7.943958
v 0.875291 1.365379 8.24965
v 0.948462 1.365379 8.24965
newmtl 1
Ka 1.0 0.984313725490196 0.9411764705882353
Kd 1.0 0.984313725490196 0.9411764705882353
Ks 0.5019607843137255 0.49411764705882355 0.47058823529411764
d 0.0
endmtl
v 0.443743 1.365379 7.943958
v 0.443743 1.365379 8.24965
v 0.781389 1.365379 8.24965
v 2.1 1.365379 7.34965
v 1.036877 1.365379 7.34965
v 1.036877 1.365379 7.42465
v 1.7 1.365379 6.474649
v 1.7 1.365379 5.949649
v 1.036877 1.365379 5.949649
v 0.141421 1.365379 7.916071
v 0.105078 1.365379 7.943958
v -0.0 1.365379 7.574649
v 0.051764 1.365379 7.581464
v 0.443743 1.365379 7.42465
v 0.1 1.365379 7.601445
v -2.432588 1.365379 7.527421
v -2.469552 1.365379 7.596576
v -0.2 1.365379 7.77465
v -2.331474 1.365379 7.42465
v -0.193185 1.365379 7.722886
v -0.173205 1.365379 7.67465
v 0.141421 1.365379 7.633228
v 0.173205 1.365379 7.67465
v 0.193185 1.365379 7.722886
v -0.141421 1.365379 7.633228
v -0.1 1.365379 7.601445
v -0.051764 1.365379 7.581464
v -2.382843 1.365379 7.466807
v -2.5 1.365379 7.842738
v -2.5 1.365379 7.849649
v -1.942 1.365379 7.849649
v -2.492314 1.365379 7.671614
v -2.5 1.365379 7.74965
v -0.193185 1.365379 7.826414
v -0.186423 1.365379 7.842738
v -0.173205 1.365379 7.87465
v 0.1 1.365379 7.947855
v 0.051764 1.365379 7.967835
v -0.0 1.365379 7.97465
v -0.051764 1.365379 7.967835
v -1.942 1.365379 8.24965
v -0.1 1.365379 7.947855
v -1.942 1.365379 7.943958
v -0.105078 1.365379 7.943958
v -0.141421 1.365379 7.916071
v 0.2 1.365379 7.77465
v 0.193185 1.365379 7.826414
v 0.443743 1.365379 7.842738
v 0.186423 1.365379 7.842738
v 0.173205 1.365379 7.87465
v 1.036877 1.365379 6.724649
v 2.338858 1.365379 6.724649
v 2.392515 1.365379 6.67989
v 2.442204 1.365379 6.618056
v 2.478714 1.365379 6.547632
v 2.5 1.365379 6.474649
v 2.261858 1.365379 6.768497
v 2.331601 1.365379 6.730703
v 2.186028 1.365379 6.791784
v 2.107094 1.365379 6.79965
v 1.036877 1.365379 6.79965
v 0.948462 1.365379 6.724649
v 0.948462 1.365379 6.79965
v 0.875291 1.365379 6.724649
v 0.875291 1.365379 6.79965
v 0.781389 1.365379 6.724649
v 0.781389 1.365379 6.79965
v 0.443743 1.365379 6.724649
v 0.65 1.365379 6.813047
v 0.674118 1.365379 6.803057
v 0.674118 1.365379 7.346242
v 0.65 1.365379 7.336252
v 0.629289 1.365379 7.32036
v 0.613397 1.365379 7.29965
v 0.7 1.365379 6.79965
v 0.603407 1.365379 6.873768
v 0.613397 1.365379 6.84965
v 0.629289 1.365379 6.828939
v 0.603407 1.365379 7.275532
v 0.6 1.365379 7.24965
v 0.6 1.365379 6.89965
v 0.7 1.365379 7.34965
v 0.781389 1.365379 7.42465
v 0.781389 1.365379 7.34965
v 0.875291 1.365379 7.42465
v 0.875291 1.365379 7.34965
v 0.948462 1.365379 7.42465
v 0.948462 1.365379 7.34965
v 2.5 1.365379 7.74965
v 2.492314 1.365379 7.671614
v 1.036877 1.365379 7.842738
v 2.469552 1.365379 7.596576
v 2.253073 1.365379 7.380098
v 2.178036 1.365379 7.357336
v 2.322228 1.365379 7.417062
v 2.331474 1.365379 7.42465
v 2.382843 1.365379 7.466807
v 2.432588 1.365379 7.527421
v 2.5 1.365379 7.842738
v 1.942 1.365379 7.849649
v 2.5 1.365379 7.849649
v 1.092364 1.365379 7.943348
v 1.07895 1.365379 7.943348
v 1.036877 1.365379 7.943958
v 1.942 1.365379 7.943958
v 1.092364 1.365379 7.843348
v 1.041145 1.365379 7.843348
v 1.041145 1.365379 7.854324
v 1.036877 1.365379 8.24965
v 1.942 1.365379 8.24965
v -2.1 1.365379 7.34965
v -2.178036 1.365379 7.357336
v -0.7 1.365379 7.34965
v -2.253073 1.365379 7.380098
v -0.141421 1.365379 6.933228
v -0.674118 1.365379 6.803057
v -0.173205 1.365379 6.974649
v -0.65 1.365379 6.813047
v -0.193185 1.365379 7.022886
v 0.141421 1.365379 6.933228
v 0.1 1.365379 6.901444
v 0.051764 1.365379 6.881465
v -2.322228 1.365379 7.417062
v -0.1 1.365379 6.901444
v -0.051764 1.365379 6.881465
v -0.7 1.365379 6.79965
v -0.0 1.365379 6.87465
v 0.193185 1.365379 7.126413
v 0.173205 1.365379 7.17465
v 0.141421 1.365379 7.216071
v 0.1 1.365379 7.247855
v 0.051764 1.365379 7.267835
v -0.0 1.365379 7.27465
v -0.65 1.365379 7.336252
v -0.051764 1.365379 7.267835
v -0.629289 1.365379 7.32036
v -0.2 1.365379 7.07465
v -0.629289 1.365379 6.828939
v -0.613397 1.365379 6.84965
v -0.674118 1.365379 7.346242
v -0.1 1.365379 7.247855
v -0.603407 1.365379 7.275532
v -0.613397 1.365379 7.29965
v -2.261858 1.365379 6.768497
v -2.186028 1.365379 6.791784
v -2.331601 1.365379 6.730703
v -2.107094 1.365379 6.79965
v -2.338858 1.365379 6.724649
v 0.173205 1.365379 6.974649
v 0.193185 1.365379 7.022886
v 0.2 1.365379 7.07465
v -0.141421 1.365379 7.216071
v -0.173205 1.365379 7.17465
v -0.6 1.365379 7.24965
v -0.193185 1.365379 7.126413
v -0.6 1.365379 6.89965
v -0.603407 1.365379 6.873768
v -1.7 1.365379 5.949649
v -0.173205 1.365379 6.27465
v -0.141421 1.365379 6.233228
v 0.443743 1.365379 5.949649
v 0.051764 1.365379 6.181465
v 0.1 1.365379 6.201445
v -0.1 1.365379 6.547855
v -0.141421 1.365379 6.516071
v -2.5 1.365379 6.474649
v -2.478714 1.365379 6.547632
v -1.7 1.365379 6.474649
v -0.2 1.365379 6.37465
v -0.193185 1.365379 6.322886
v -0.1 1.365379 6.201445
v -0.051764 1.365379 6.181465
v -0.0 1.365379 6.17465
v 0.141421 1.365379 6.516071
v 0.1 1.365379 6.547855
v 0.051764 1.365379 6.567835
v -0.0 1.365379 6.57465
v -0.051764 1.365379 6.567835
v 0.141421 1.365379 6.233228
v 0.173205 1.365379 6.27465
v 0.193185 1.365379 6.322886
v 0.2 1.365379 6.37465
v 0.193185 1.365379 6.426414
v 0.173205 1.365379 6.474649
v -0.173205 1.365379 6.474649
v -0.193185 1.365379 6.426414
v -2.392515 1.365379 6.67989
v -2.442204 1.365379 6.618056
v 0.948462 1.365379 7.842738
v 0.948462 1.365379 7.943958
v 0.958218 1.365379 7.859507
v 0.958218 1.365379 7.848531
v 0.968877 1.365379 7.844155
v 0.978982 1.365379 7.842738
v 0.972914 1.365379 7.943958
v 0.96978 1.365379 7.943742
v 0.958218 1.365379 7.940604
v 0.958218 1.365379 7.927189
v 0.969482 1.365379 7.932013
v 0.96001 1.365379 7.858514
v 0.981637 1.365379 7.933592
v 0.991483 1.365379 7.932486
v 0.998968 1.365379 7.929785
v 1.00589 1.365379 7.925155
v 1.011928 1.365379 7.918488
v 1.019194 1.365379 7.892281
v 1.018181 1.365379 7.881456
v 1.015464 1.365379 7.872854
v 0.993212 1.365379 7.854151
v 0.983885 1.365379 7.853105
v 1.000499 1.365379 7.856833
v 1.006636 1.365379 7.86097
v 1.011328 1.365379 7.86592
v 0.970611 1.365379 7.854578
v 1.016051 1.365379 7.910767
v 1.018717 1.365379 7.900062
v 0.98922 1.365379 7.943958
v 0.981751 1.365379 7.944568
v 1.007749 1.365379 7.846743
v 1.015793 1.365379 7.851879
v 1.021469 1.365379 7.926359
v 1.012441 1.365379 7.935041
v 1.002943 1.365379 7.940509
v 1.032608 1.365379 7.891462
v 1.03117 1.365379 7.905679
v 1.027331 1.365379 7.917009
v 0.991795 1.365379 7.943748
v 1.023304 1.365379 7.859787
v 1.028632 1.365379 7.869296
v 1.031641 1.365379 7.87988
v 1.07895 1.365379 7.854324
v 0.982999 1.365379 7.842175
v 0.985733 1.365379 7.842129
v 0.991614 1.365379 7.842738
v 0.998057 1.365379 7.843407
v 0.702121 1.365379 7.843348
v 0.781389 1.365379 7.842738
v 0.687486 1.365379 7.843348
v 0.726511 1.365379 7.943348
v 0.781389 1.365379 7.943958
v 0.712239 1.365379 7.871397
v 0.75355 1.365379 7.871397
v 0.763096 1.365379 7.843348
v 0.77773 1.365379 7.843348
v 0.739925 1.365379 7.943348
v 0.790041 1.365379 7.870756
v 0.795775 1.365379 7.861812
v 0.804006 1.365379 7.853931
v 0.814448 1.365379 7.847863
v 0.837315 1.365379 7.943348
v 0.822868 1.365379 7.941804
v 0.811167 1.365379 7.937696
v 0.800283 1.365379 7.930402
v 0.800179 1.365379 7.930309
v 0.793107 1.365379 7.922468
v 0.78846 1.365379 7.913868
v 0.825971 1.365379 7.844429
v 0.838344 1.365379 7.843348
v 0.875291 1.365379 7.842738
v 0.865535 1.365379 7.843348
v 0.865535 1.365379 7.943348
v 0.785774 1.365379 7.904016
v 0.785047 1.365379 7.894606
v 0.786451 1.365379 7.881223
v 0.887486 1.365379 7.943348
v 0.887486 1.365379 7.932373
v 0.885047 1.365379 7.854324
v 0.885047 1.365379 7.843348
v 0.938706 1.365379 7.843348
v 0.938706 1.365379 7.943348
v 0.925291 1.365379 7.88847
v 0.925291 1.365379 7.854324
v 0.889925 1.365379 7.88847
v 0.889925 1.365379 7.899446
v 0.925291 1.365379 7.899446
v 0.925291 1.365379 7.932373
v 0.948462 1.365379 5.949649
v 0.875291 1.365379 5.949649
v 0.781389 1.365379 5.949649
v -1.942 1.34162 7.849649
v -1.942 1.34162 8.24965
v -1.942 1.215379 8.24965
v -3.492 1.215379 8.24965
v -3.492 -0.574621 8.24965
v 1.942 1.215379 8.24965
v 1.942 1.29162 8.24965
v 1.8 1.29162 8.24965
v 3.492 -0.574621 8.24965
v 3.492 1.215379 8.24965
v -1.8 1.29162 8.24965
v -1.942 1.29162 8.24965
v 1.8 1.34162 8.24965
v 1.942 1.34162 8.24965
v -1.8 1.34162 8.24965
v 1.942 1.215379 7.849649
v 1.942 1.29162 7.849649
v 1.942 1.34162 7.849649
v 2.4 1.29162 7.849649
v 3.05 1.215379 7.849649
v 3.05 1.365379 7.849649
v 2.4 1.34162 7.849649
v -2.4 -0.574621 6.42465
v -2.4 1.165379 6.42465
v -2.4 -0.574621 5.949649
v -2.4 1.165379 5.949649
v 1.53637 0.518907 5.89965
v 1.65 1.115379 5.89965
v 1.55 0.415379 5.89965
v 1.53637 0.311851 5.89965
v -2.35 -0.534621 5.89965
v -1.53637 0.311851 5.89965
v -1.49641 0.215379 5.89965
v -1.253528 0.801749 5.89965
v -1.65 1.115379 5.89965
v -1.15 0.815379 5.89965
v -1.65 1.315379 5.89965
v -1.046472 0.801749 5.89965
v 1.65 1.315379 5.89965
v -0.95 0.761789 5.89965
v -0.867157 0.698222 5.89965
v -1.55 0.415379 5.89965
v -2.35 1.115379 5.89965
v -1.53637 0.518907 5.89965
v 1.49641 0.615379 5.89965
v 1.432843 0.698222 5.89965
v 1.35 0.761789 5.89965
v 1.253528 0.801749 5.89965
v -1.35 0.761789 5.89965
v -1.432843 0.698222 5.89965
v -1.49641 0.615379 5.89965
v -1.432843 0.132536 5.89965
v -1.35 0.068969 5.89965
v -1.253528 0.029009 5.89965
v -0.76363 0.311851 5.89965
v 2.35 -0.534621 5.89965
v -0.80359 0.215379 5.89965
v -0.867157 0.132536 5.89965
v 0.80359 0.215379 5.89965
v 0.867157 0.132536 5.89965
v -1.15 0.015379 5.89965
v -1.046472 0.029009 5.89965
v -0.95 0.068969 5.89965
v 1.15 0.815379 5.89965
v 1.046472 0.801749 5.89965
v 0.95 0.761789 5.89965
v 0.867157 0.698222 5.89965
v 0.80359 0.615379 5.89965
v 0.76363 0.518907 5.89965
v -0.80359 0.615379 5.89965
v -0.76363 0.518907 5.89965
v -0.75 0.415379 5.89965
v 0.75 0.415379 5.89965
v 0.76363 0.311851 5.89965
v 1.35 0.068969 5.89965
v 1.432843 0.132536 5.89965
v 1.253528 0.029009 5.89965
v 0.95 0.068969 5.89965
v 1.046472 0.029009 5.89965
v 1.15 0.015379 5.89965
v 2.35 1.115379 5.89965
v 1.49641 0.215379 5.89965
v 2.187791 1.415379 7.308296
v 2.272207 1.415379 7.333904
v 2.195895 1.415379 6.840801
v 2.55 1.415379 7.74965
v 2.55 1.415379 7.79965
v 3.0 1.415379 7.79965
v 2.484093 1.415379 6.645357
v 2.525166 1.415379 6.56613
v 3.0 1.415379 6.52465
v 2.539385 1.415379 6.52465
v 0.687059 1.415379 7.297946
v 0.7 1.415379 7.29965
v 0.65 1.415379 7.24965
v 2.428193 1.415379 6.714921
v 2.359665 1.415379 6.772085
v 2.281204 1.415379 6.814603
v 2.350007 1.415379 7.375489
v 2.418198 1.415379 7.431452
v 2.474161 1.415379 7.499643
v 2.515746 1.415379 7.577442
v 2.541353 1.415379 7.661859
v 0.65 1.415379 6.89965
v 0.656699 1.415379 7.27465
v 0.664645 1.415379 7.285005
v 0.675 1.415379 7.292951
v 2.1 1.415379 7.29965
v 2.107094 1.415379 6.84965
v 0.7 1.415379 6.84965
v 0.687059 1.415379 6.851353
v 0.675 1.415379 6.856349
v 0.664645 1.415379 6.864295
v 0.656699 1.415379 6.87465
v 0.651704 1.415379 6.886709
v 0.651704 1.415379 7.262591
v -2.428193 1.415379 6.714921
v -2.484093 1.415379 6.645357
v -3.0 1.415379 7.79965
v -0.7 1.415379 7.29965
v -0.7 1.415379 6.84965
v -2.1 1.415379 7.29965
v -2.107094 1.415379 6.84965
v -2.187791 1.415379 7.308296
v -2.195895 1.415379 6.840801
v -2.272207 1.415379 7.333904
v -2.350007 1.415379 7.375489
v -2.281204 1.415379 6.814603
v -2.418198 1.415379 7.431452
v -2.55 1.415379 7.79965
v -2.55 1.415379 7.74965
v -2.541353 1.415379 7.661859
v -2.515746 1.415379 7.577442
v -3.0 1.415379 6.52465
v -2.525166 1.415379 6.56613
v -2.539385 1.415379 6.52465
v -2.359665 1.415379 6.772085
v -2.474161 1.415379 7.499643
v -0.675 1.415379 7.292951
v -0.664645 1.415379 7.285005
v -0.656699 1.415379 7.27465
v -0.65 1.415379 7.24965
v -0.65 1.415379 6.89965
v -0.687059 1.415379 6.851353
v -0.687059 1.415379 7.297946
v -0.651704 1.415379 7.262591
v -0.651704 1.415379 6.886709
v -0.656699 1.415379 6.87465
v -0.664645 1.415379 6.864295
v -0.675 1.415379 6.856349
v 2.4 -0.574621 5.949649
v 2.4 1.165379 5.949649
v 2.4 -0.574621 6.42465
v 2.4 1.165379 6.42465
v 3.0 -0.574621 6.474649
v 2.45 -0.574621 6.474649
v 3.0 1.365379 6.474649
v 2.45 1.165379 6.474649
v 1.8 1.34162 6.474649
v 1.8 1.29162 6.474649
v 1.7 1.165379 6.474649
v 2.4 1.34162 6.474649
v 2.4 1.29162 6.474649
v -3.05 1.365379 7.849649
v -3.05 1.215379 7.849649
v -1.942 1.215379 7.849649
v -1.942 1.29162 7.849649
v -2.4 1.29162 7.849649
v -2.4 1.34162 7.849649
v 3.542 -0.574621 7.89965
v 3.542 1.215379 7.89965
v 3.542 -0.574621 8.19965
v 3.542 1.215379 8.19965
v 3.1 -0.574621 7.849649
v 3.1 1.215379 7.849649
v 3.492 -0.574621 7.849649
v 3.492 1.215379 7.849649
v 2.49 -0.584621 7.58465
v 2.407574 -0.584621 6.467076
v 2.49 -0.584621 6.56465
v 2.42 -0.584621 6.476611
v 2.434471 -0.584621 6.482605
v 2.45 -0.584621 6.48465
v 3.01 -0.584621 6.56465
v 3.0 -0.584621 6.48465
v 3.010353 -0.584621 6.486012
v 2.398039 -0.584621 6.45465
v 1.51 -0.584621 7.83465
v 2.392045 -0.584621 6.440179
v 1.51 -0.584621 6.31465
v 2.39 -0.584621 6.42465
v -2.392045 -0.584621 6.440179
v -2.39 -0.584621 6.42465
v -1.51 -0.584621 6.31465
v -2.39 -0.584621 5.949649
v 2.39 -0.584621 5.949649
v -2.398039 -0.584621 6.45465
v -1.51 -0.584621 7.83465
v -2.407574 -0.584621 6.467076
v -2.49 -0.584621 6.56465
v -2.434471 -0.584621 6.482605
v -2.42 -0.584621 6.476611
v 3.02 -0.584621 6.490008
v 3.028284 -0.584621 6.496365
v 3.034641 -0.584621 6.50465
v -3.02 -0.584621 6.490008
v -3.010353 -0.584621 6.486012
v -3.01 -0.584621 6.56465
v -3.0 -0.584621 6.48465
v -2.45 -0.584621 6.48465
v -3.048038 -0.584621 7.829649
v -3.042044 -0.584621 7.815178
v 3.048038 -0.584621 7.829649
v 3.057574 -0.584621 7.842076
v -3.492 -0.584621 8.239649
v 3.07 -0.584621 7.851611
v 3.492 -0.584621 8.239649
v -3.038637 -0.584621 6.514297
v -3.034641 -0.584621 6.50465
v -3.028284 -0.584621 6.496365
v -2.49 -0.584621 7.58465
v -3.01 -0.584621 7.58465
v -3.04 -0.584621 7.79965
v -3.04 -0.584621 6.52465
v 3.530637 -0.584621 7.889297
v 3.532 -0.584621 7.89965
v 3.492 -0.584621 7.85965
v 3.532 -0.584621 8.19965
v 3.1 -0.584621 7.85965
v 3.530997 -0.584621 8.20855
v 3.528039 -0.584621 8.217005
v 3.042044 -0.584621 7.815178
v 3.04 -0.584621 7.79965
v 3.512 -0.584621 7.865009
v 3.520284 -0.584621 7.871365
v 3.526641 -0.584621 7.879649
v 3.523273 -0.584621 8.224588
v 3.51694 -0.584621 8.230923
v 3.509355 -0.584621 8.235688
v 3.084471 -0.584621 7.857605
v 3.500901 -0.584621 8.238647
v -3.057574 -0.584621 7.842076
v -3.07 -0.584621 7.851611
v -3.084471 -0.584621 7.857605
v 3.038637 -0.584621 6.514297
v 3.04 -0.584621 6.52465
v 3.01 -0.584621 7.58465
v 3.502353 -0.584621 7.861012
v -3.530637 -0.584621 8.210003
v -3.532 -0.584621 8.19965
v -3.1 -0.584621 7.85965
v -3.532 -0.584621 7.89965
v -3.492 -0.584621 7.85965
v -3.502353 -0.584621 7.861012
v -3.502353 -0.584621 8.238287
v -3.512 -0.584621 8.23429
v -3.530637 -0.584621 7.889297
v -3.526641 -0.584621 7.879649
v -3.520284 -0.584621 7.871365
v -3.520284 -0.584621 8.227934
v -3.526641 -0.584621 8.21965
v -3.512 -0.584621 7.865009
v -3.542 -0.574621 8.19965
v -3.542 1.215379 8.19965
v -3.542 -0.574621 7.89965
v -3.542 1.215379 7.89965
v -1.5 -0.594621 6.32465
v -1.5 -1.534621 6.32465
v -1.5 -0.594621 7.82465
newmtl 2
Ka 0.25098039215686274 0.25098039215686274 0.25098039215686274
Kd 0.25098039215686274 0.25098039215686274 0.25098039215686274
Ks 0.12549019607843137 0.12549019607843137 0.12549019607843137
d 0.0
endmtl
v -1.5 -1.534621 7.82465
v 1.5 -0.594621 6.32465
v 1.5 -1.534621 6.32465
v 1.5 -0.594621 7.82465
v 1.5 -1.534621 7.82465
v -1.45 -1.584621 7.77465
v -1.45 -1.584621 6.37465
v 1.45 -1.584621 7.77465
v 1.45 -1.584621 6.37465
v -3.0 -0.594621 6.57465
v -3.0 -0.834621 6.57465
v -3.0 -0.594621 7.574649
v -3.0 -0.834621 7.574649
v -2.5 -0.594621 6.57465
v -2.5 -0.834621 6.57465
v -2.5 -0.594621 7.574649
v -2.5 -0.834621 7.574649
v -2.95 -0.884621 7.52465
v -2.95 -0.884621 6.62465
v -2.55 -0.884621 7.52465
v -2.55 -0.884621 6.62465
v 2.5 -0.594621 6.57465
v 2.5 -0.834621 6.57465
v 2.5 -0.594621 7.574649
v 2.5 -0.834621 7.574649
v 3.0 -0.594621 6.57465
v 3.0 -0.834621 6.57465
v 3.0 -0.594621 7.574649
v 3.0 -0.834621 7.574649
v 2.55 -0.884621 7.52465
v 2.55 -0.884621 6.62465
v 2.95 -0.884621 7.52465
v 2.95 -0.884621 6.62465
v 3.05 1.215379 7.79965
v 3.05 -0.574621 7.79965
v 3.05 -0.574621 6.52465
v 3.05 1.365379 6.52465
v -3.492 -0.574621 7.849649
v -3.492 1.215379 7.849649
v -3.1 -0.574621 7.849649
v -3.1 1.215379 7.849649
v -3.05 1.215379 7.79965
v -3.05 1.365379 6.52465
v -3.05 -0.574621 7.79965
v -3.05 -0.574621 6.52465
v -2.45 -0.574621 6.474649
v -3.0 -0.574621 6.474649
v -2.45 1.165379 6.474649
v -3.0 1.365379 6.474649
v -2.4 1.29162 6.474649
v -1.7 1.165379 6.474649
v -1.8 1.29162 6.474649
v -1.8 1.34162 6.474649
v -2.4 1.34162 6.474649
v -3.056699 1.215379 7.82465
v -3.051704 1.215379 7.81259
v -3.064645 1.215379 7.835005
v -3.075 1.215379 7.84295
v -3.087059 1.215379 7.847946
v -3.540296 1.215379 7.886709
v -3.540296 1.215379 8.21259
v -3.504941 1.215379 7.851354
v -3.517 1.215379 7.856349
v -3.527355 1.215379 7.864295
v -3.517 1.215379 8.24295
v -3.504941 1.215379 8.247947
v -3.527355 1.215379 8.235004
v -3.535301 1.215379 8.224649
v -3.535301 1.215379 7.87465
v 3.051704 1.215379 7.81259
v 3.075 1.215379 7.84295
v 3.064645 1.215379 7.835005
v 3.056699 1.215379 7.82465
v 3.517 1.215379 8.24295
v 3.527355 1.215379 8.235004
v 3.504941 1.215379 7.851354
v 3.087059 1.215379 7.847946
v 3.504941 1.215379 8.247947
v 3.535301 1.215379 8.224649
v 3.540296 1.215379 8.21259
v 3.540296 1.215379 7.886709
v 3.535301 1.215379 7.87465
v 3.527355 1.215379 7.864295
v 3.517 1.215379 7.856349
v -0.2 1.315379 7.07465
v -0.193185 1.315379 7.126413
v -0.173205 1.315379 7.17465
v -0.141421 1.315379 7.216071
v -0.1 1.315379 7.247855
v -0.051764 1.315379 7.267835
v -0.0 1.315379 7.27465
v 0.051764 1.315379 7.267835
v 0.1 1.315379 7.247855
v 0.141421 1.315379 7.216071
v 0.173205 1.315379 7.17465
v 0.193185 1.315379 7.126413
v 0.2 1.315379 7.07465
v 0.193185 1.315379 7.022886
v 0.173205 1.315379 6.974649
v 0.141421 1.315379 6.933228
v 0.1 1.315379 6.901444
v 0.051764 1.315379 6.881465
v -0.0 1.315379 6.87465
v -0.051764 1.315379 6.881465
v -0.1 1.315379 6.901444
v -0.141421 1.315379 6.933228
v -0.173205 1.315379 6.974649
v -0.193185 1.315379 7.022886
v -0.0 1.315379 7.07465
v -0.193185 1.315379 7.826414
v -0.173205 1.315379 7.87465
v -0.141421 1.315379 7.916071
v -0.1 1.315379 7.947855
v -0.051764 1.315379 7.967835
v -0.0 1.315379 7.97465
v 0.051764 1.315379 7.967835
v 0.1 1.315379 7.947855
v 0.141421 1.315379 7.916071
v 0.173205 1.315379 7.87465
v 0.193185 1.315379 7.826414
v 0.2 1.315379 7.77465
v 0.193185 1.315379 7.722886
v 0.173205 1.315379 7.67465
v 0.141421 1.315379 7.633228
v 0.1 1.315379 7.601445
v 0.051764 1.315379 7.581464
v -0.0 1.315379 7.574649
v -0.051764 1.315379 7.581464
v -0.1 1.315379 7.601445
v -0.141421 1.315379 7.633228
v -0.173205 1.315379 7.67465
v -0.193185 1.315379 7.722886
v -0.2 1.315379 7.77465
v -0.0 1.315379 7.77465
v -0.2 1.315379 6.37465
v -0.193185 1.315379 6.426414
v -0.173205 1.315379 6.474649
v -0.141421 1.315379 6.516071
v -0.1 1.315379 6.547855
v -0.051764 1.315379 6.567835
v -0.0 1.315379 6.57465
v 0.051764 1.315379 6.567835
v 0.1 1.315379 6.547855
v 0.141421 1.315379 6.516071
v 0.173205 1.315379 6.474649
v 0.193185 1.315379 6.426414
v 0.2 1.315379 6.37465
v 0.193185 1.315379 6.322886
v 0.173205 1.315379 6.27465
v 0.141421 1.315379 6.233228
v 0.1 1.315379 6.201445
v 0.051764 1.315379 6.181465
v -0.0 1.315379 6.17465
v -0.051764 1.315379 6.181465
v -0.1 1.315379 6.201445
v -0.141421 1.315379 6.233228
v -0.173205 1.315379 6.27465
v -0.193185 1.315379 6.322886
v -0.0 1.315379 6.37465
v -1.7 1.165379 5.949649
v -2.414645 1.165379 6.460005
v -2.406699 1.165379 6.44965
v -2.401704 1.165379 6.437591
v -2.425 1.165379 6.467951
v -2.437059 1.165379 6.472946
v 1.7 1.165379 5.949649
v 2.437059 1.165379 6.472946
v 2.425 1.165379 6.467951
v 2.414645 1.165379 6.460005
v 2.406699 1.165379 6.44965
v 2.401704 1.165379 6.437591
v 2.4 1.29162 8.268351
v 2.4 1.34162 8.268351
v 1.8 1.29162 8.268351
newmtl 3
Ka 0.7529411764705882 0.7529411764705882 0.7529411764705882
Kd 0.7529411764705882 0.7529411764705882 0.7529411764705882
Ks 0.3764705882352941 0.3764705882352941 0.3764705882352941
d 0.0
endmtl
v 1.8 1.34162 8.268351
v 1.8 1.59162 5.949649
v 1.8 1.59162 5.89965
v 1.8 1.36162 5.949649
v 1.8 1.34162 5.89965
v 1.8 1.357169 5.950151
v 1.8 1.352942 5.951631
v 1.8 1.330494 5.900903
v 1.8 1.319925 5.904602
v 1.8 1.34915 5.954013
v 1.8 1.310445 5.910558
v 1.8 1.345983 5.95718
v 1.8 1.29162 5.949649
v 1.8 1.302528 5.918475
v 1.8 1.296571 5.927955
v 1.8 1.3436 5.960972
v 1.8 1.292873 5.938523
v 1.8 1.342121 5.965199
v 1.8 1.34162 5.96965
v 2.4 1.29162 5.949649
v 2.4 1.34162 5.96965
v 2.4 1.34162 5.89965
v 2.4 1.59162 5.89965
v 2.4 1.59162 5.949649
v 2.4 1.292873 5.938523
v 2.4 1.3436 5.960972
v 2.4 1.296571 5.927955
v 2.4 1.345983 5.95718
v 2.4 1.302528 5.918475
v 2.4 1.34915 5.954013
v 2.4 1.36162 5.949649
v 2.4 1.357169 5.950151
v 2.4 1.330494 5.900903
v 2.4 1.352942 5.951631
v 2.4 1.319925 5.904602
v 2.4 1.310445 5.910558
v 2.4 1.342121 5.965199
v -2.4 1.34162 5.96965
v -1.8 1.34162 5.96965
v -2.4 1.342121 5.965199
v -1.8 1.342121 5.965199
v -2.4 1.3436 5.960972
v -1.8 1.3436 5.960972
v -2.4 1.345983 5.95718
v -1.8 1.345983 5.95718
v -2.4 1.34915 5.954013
v -1.8 1.34915 5.954013
v -2.4 1.352942 5.951631
v -1.8 1.352942 5.951631
v -2.4 1.357169 5.950151
v -1.8 1.357169 5.950151
v -2.4 1.36162 5.949649
v -1.8 1.36162 5.949649
v -2.4 1.59162 5.949649
v -1.8 1.59162 5.949649
v -2.4 1.59162 5.89965
v -1.8 1.59162 5.89965
v -2.4 1.34162 5.89965
v -1.8 1.34162 5.89965
v -1.8 1.330494 5.900903
v -2.4 1.330494 5.900903
v -1.8 1.319925 5.904602
v -2.4 1.319925 5.904602
v -1.8 1.310445 5.910558
v -2.4 1.310445 5.910558
v -1.8 1.302528 5.918475
v -2.4 1.302528 5.918475
v -1.8 1.296571 5.927955
v -2.4 1.296571 5.927955
v -1.8 1.292873 5.938523
v -2.4 1.292873 5.938523
v -1.8 1.29162 5.949649
v -2.4 1.29162 5.949649
v -1.8 1.34162 8.268351
v -2.4 1.34162 8.268351
v -1.8 1.29162 8.268351
v -2.4 1.29162 8.268351
v -1.461126 -1.583367 6.363523
v -1.489092 -1.565796 6.335558
v -1.493064 -1.559473 6.331585
v 1.495048 -1.556315 6.329601
v 1.493064 -1.559473 6.331585
v 1.489092 -1.565796 6.335558
v -1.485133 -1.569754 6.339517
v 1.485355 -1.569976 6.339294
v -1.481174 -1.573713 6.343475
v 1.480919 -1.573381 6.343731
v -1.474853 -1.577685 6.349797
v 1.475 -1.577922 6.34965
v -1.471694 -1.579669 6.352955
v 1.471558 -1.579348 6.353092
v -1.462885 -1.582752 6.361764
v 1.462941 -1.582917 6.361709
v 1.461096 -1.58316 6.363554
v -1.495048 -1.556315 6.329601
v -1.498296 -1.547562 6.326353
v 1.498296 -1.547562 6.326353
v -1.498643 -1.545727 6.326006
v 1.498746 -1.545747 6.325903
v -1.499686 -1.540219 6.324964
v 1.499686 -1.540219 6.324964
v 1.462941 -1.582917 7.787591
v 1.475 -1.577922 7.79965
v 1.485355 -1.569976 7.810005
v 1.489668 -1.565059 7.814317
v 1.493301 -1.559621 7.817951
v 1.496194 -1.553755 7.820844
v 1.498296 -1.547562 7.822946
v 1.499572 -1.541147 7.824222
v -1.499572 -1.541147 7.824222
v -1.498296 -1.547562 7.822946
v -1.496194 -1.553755 7.820844
v -1.493301 -1.559621 7.817951
v -1.489668 -1.565059 7.814317
v -1.485355 -1.569976 7.810005
v -1.475 -1.577922 7.79965
v -1.462941 -1.582917 7.787591
v 2.399572 1.164951 5.943123
v 2.399126 -0.573922 5.940342
v 2.398296 1.163675 5.936709
v 2.398072 -0.573078 5.936775
v 2.396194 1.161573 5.930515
v 2.396291 -0.571654 5.930752
v 2.393301 1.15868 5.92465
v 2.393028 -0.569043 5.9248
v 2.389668 1.155047 5.919211
v 2.390825 -0.567281 5.920782
v 2.385355 1.150734 5.914294
v 2.385044 -0.562656 5.914587
v 2.381623 -0.559919 5.91092
v 2.375 1.140379 5.906349
v 2.374676 -0.554362 5.90691
v 2.367718 -0.548795 5.902894
v 2.362941 1.12832 5.901353
v 2.362816 -0.544874 5.901997
v 2.358786 -0.545604 5.901661
v -2.358786 -0.545604 5.901661
v -2.364174 -0.552338 5.902894
v 2.364174 -0.552338 5.902894
v -2.367154 -0.556064 5.905044
v 2.367154 -0.556064 5.905044
v 2.374903 -0.56575 5.910635
v -2.374903 -0.56575 5.910635
v -2.375298 -0.566244 5.91092
v 2.375298 -0.566244 5.91092
v -2.381093 -0.573487 5.918683
v 2.381093 -0.573487 5.918683
v 2.38266 -0.575446 5.920782
v -2.38266 -0.575446 5.920782
v 2.38586 -0.579446 5.928077
v -2.38586 -0.579446 5.928077
v 2.387033 -0.580912 5.930752
v -2.387033 -0.580912 5.930752
v 2.388881 -0.583222 5.938566
v -2.388881 -0.583222 5.938566
v 2.389301 -0.583747 5.940342
v -2.389301 -0.583747 5.940342
v 1.699572 1.164951 5.943123
v 1.698296 1.163675 5.936709
v 1.696194 1.161573 5.930515
v 1.693301 1.15868 5.92465
v 1.689668 1.155047 5.919211
v 1.685355 1.150734 5.914294
v 1.675 1.140379 5.906349
v 1.662941 1.12832 5.901353
v -2.375 1.140379 5.906349
v -2.362941 1.12832 5.901353
v -2.362816 -0.544874 5.901997
v -2.367718 -0.548795 5.902894
v -2.374676 -0.554362 5.90691
v -2.385355 1.150734 5.914294
v -2.381623 -0.559919 5.91092
v -2.385044 -0.562656 5.914587
v -2.389668 1.155047 5.919211
v -2.390825 -0.567281 5.920782
v -2.393028 -0.569043 5.9248
v -2.393301 1.15868 5.92465
v -2.396291 -0.571654 5.930752
v -2.396194 1.161573 5.930515
v -2.398072 -0.573078 5.936775
v -2.398296 1.163675 5.936709
v -2.399126 -0.573922 5.940342
v -2.399572 1.164951 5.943123
v 1.685355 1.350734 5.914294
v 1.699572 1.364951 5.943123
v 1.698296 1.363675 5.936709
v 1.696194 1.361573 5.930515
v 1.693301 1.35868 5.92465
v 1.689668 1.355047 5.919211
v 1.675 1.340379 5.906349
v 1.662941 1.32832 5.901353
v -1.675 1.140379 5.906349
v -1.662941 1.12832 5.901353
v -1.693301 1.15868 5.92465
v -1.689668 1.155047 5.919211
v -1.685355 1.150734 5.914294
v -1.699572 1.164951 5.943123
v -1.698296 1.163675 5.936709
v -1.696194 1.161573 5.930515
v -1.699572 1.364951 5.943123
v -1.698296 1.363675 5.936709
v -1.696194 1.361573 5.930515
v -1.693301 1.35868 5.92465
v -1.689668 1.355047 5.919211
v -1.685355 1.350734 5.914294
v -1.675 1.340379 5.906349
v -1.662941 1.32832 5.901353
v 2.538874 -0.883367 6.613523
v 2.961095 -0.88316 6.613554
v 2.962941 -0.882917 6.611709
v 2.537115 -0.882752 6.611764
v 2.971558 -0.879348 6.603092
v 2.528306 -0.879669 6.602955
v 2.975 -0.877922 6.59965
v 2.525147 -0.877685 6.599797
v 2.980919 -0.873381 6.593731
v 2.518826 -0.873713 6.593475
v 2.985355 -0.869976 6.589294
v 2.514867 -0.869754 6.589517
v 2.989092 -0.865795 6.585558
v 2.510909 -0.865795 6.585558
v 2.993064 -0.859473 6.581585
v 2.506936 -0.859473 6.581585
v 2.995049 -0.856315 6.579601
v 2.504951 -0.856315 6.579601
v 2.501704 -0.847562 6.576353
v 2.998296 -0.847562 6.576353
v 2.501357 -0.845728 6.576006
v 2.998746 -0.845747 6.575903
v 2.500314 -0.840219 6.574964
v 2.999686 -0.840219 6.574964
v 2.962941 -0.882917 7.537591
v 2.975 -0.877922 7.54965
v 2.985355 -0.869976 7.560005
v 2.989668 -0.865059 7.564317
v 2.993301 -0.859621 7.567951
v 2.996194 -0.853755 7.570844
v 2.998296 -0.847562 7.572946
v 2.999572 -0.841147 7.574222
v 2.500428 -0.841147 7.574222
v 2.501704 -0.847562 7.572946
v 2.503806 -0.853755 7.570844
v 2.506699 -0.859621 7.567951
v 2.510332 -0.865059 7.564317
v 2.514645 -0.869976 7.560005
v 2.525 -0.877922 7.54965
v 2.537059 -0.882917 7.537591
v -2.961126 -0.883367 6.613523
v -2.538905 -0.88316 6.613554
v -2.537059 -0.882917 6.611709
v -2.971694 -0.879669 6.602955
v -2.528442 -0.879348 6.603092
v -2.525 -0.877922 6.59965
v -2.981174 -0.873713 6.593475
v -2.519081 -0.873381 6.593731
v -2.514645 -0.869976 6.589294
v -2.989092 -0.865795 6.585558
v -2.510909 -0.865795 6.585558
v -2.506936 -0.859473 6.581585
v -2.995049 -0.856315 6.579601
v -2.504951 -0.856315 6.579601
v -2.501704 -0.847562 6.576353
v -2.997194 -0.851135 6.577456
v -2.501254 -0.845747 6.575903
v -2.998746 -0.845747 6.575903
v -2.999686 -0.840219 6.574964
v -2.500314 -0.840219 6.574964
v -2.537059 -0.882917 7.537591
v -2.525 -0.877922 7.54965
v -2.514645 -0.869976 7.560005
v -2.510332 -0.865059 7.564317
v -2.506699 -0.859621 7.567951
v -2.503806 -0.853755 7.570844
v -2.501704 -0.847562 7.572946
v -2.500428 -0.841147 7.574222
v -2.999686 -0.840219 7.574335
v -2.998643 -0.845728 7.573293
v -2.998296 -0.847562 7.572946
v -2.995049 -0.856315 7.569698
v -2.993064 -0.859473 7.567714
v -2.989092 -0.865795 7.563741
v -2.981174 -0.873713 7.555824
v -2.985133 -0.869754 7.559783
v -2.961126 -0.883367 7.535776
v -2.962885 -0.882752 7.537535
v -2.971694 -0.879669 7.546344
v -2.974853 -0.877685 7.549502
v -3.504941 -0.574621 8.247947
v -3.517 -0.574621 8.24295
v -3.527355 -0.574621 8.235004
v -3.535301 -0.574621 8.224649
v -3.540296 -0.574621 8.21259
v -3.504941 -0.574621 7.851354
v -3.517 -0.574621 7.856349
v -3.527355 -0.574621 7.864295
v -3.535301 -0.574621 7.87465
v -3.540296 -0.574621 7.886709
v -3.087059 -0.574621 7.847946
v -3.075 -0.574621 7.84295
v -3.064645 -0.574621 7.835005
v -3.056699 -0.574621 7.82465
v -3.051704 -0.574621 7.81259
v -3.012941 -0.574621 6.476353
v -3.012941 1.365379 6.476353
v -3.025 -0.574621 6.481349
v -3.025 1.365379 6.481349
v -3.035355 -0.574621 6.489294
v -3.035355 1.365379 6.489294
v -3.043301 -0.574621 6.49965
v -3.043301 1.365379 6.49965
v -3.048296 -0.574621 6.511709
v -3.048296 1.365379 6.511709
v -2.437059 -0.574621 6.472946
v -2.425 -0.574621 6.467951
v -2.414645 -0.574621 6.460005
v -2.406699 -0.574621 6.44965
v -2.401704 -0.574621 6.437591
v 3.540746 -0.574621 8.210775
v 3.540132 -0.574621 8.212533
v 3.537048 -0.574621 8.221344
v 3.535065 -0.574621 8.224502
v 3.531092 -0.574621 8.230824
v 3.527133 -0.574621 8.234783
v 3.523175 -0.574621 8.238741
v 3.516851 -0.574621 8.242714
v 3.513694 -0.574621 8.244698
v 3.504883 -0.574621 8.247782
v 3.503126 -0.574621 8.248396
v 3.540296 -0.574621 7.886709
v 3.535301 -0.574621 7.87465
v 3.527355 -0.574621 7.864295
v 3.517 -0.574621 7.856349
v 3.504941 -0.574621 7.851354
v 3.051704 -0.574621 7.81259
v 3.056699 -0.574621 7.82465
v 3.064645 -0.574621 7.835005
v 3.075 -0.574621 7.84295
v 3.087059 -0.574621 7.847946
v 3.048296 -0.574621 6.511709
v 3.048296 1.365379 6.511709
v 3.043301 -0.574621 6.49965
v 3.043301 1.365379 6.49965
v 3.035355 -0.574621 6.489294
v 3.035355 1.365379 6.489294
v 3.025 -0.574621 6.481349
v 3.025 1.365379 6.481349
v 3.012941 -0.574621 6.476353
v 3.012941 1.365379 6.476353
v 2.401704 -0.574621 6.437591
v 2.406699 -0.574621 6.44965
v 2.414645 -0.574621 6.460005
v 2.425 -0.574621 6.467951
v 2.437059 -0.574621 6.472946
v -2.26795 1.414125 7.344183
v -2.343825 1.414125 7.384739
v -2.263906 1.410427 7.353947
v -2.337954 1.410427 7.393527
v -2.260278 1.404471 7.362705
v -2.332687 1.404471 7.401409
v -2.257248 1.396554 7.37002
v -2.328289 1.396554 7.407992
v -2.254968 1.387073 7.375524
v -2.324979 1.387073 7.412945
v -2.253553 1.376505 7.37894
v -2.322925 1.376505 7.41602
v -2.410331 1.414125 7.439319
v -2.46491 1.414125 7.505824
v -2.402858 1.410427 7.446792
v -2.456123 1.410427 7.511696
v -2.396154 1.404471 7.453495
v -2.448241 1.404471 7.516963
v -2.390556 1.396554 7.459094
v -2.441658 1.396554 7.521361
v -2.386344 1.387073 7.463306
v -2.436705 1.387073 7.524671
v -2.383729 1.376505 7.46592
v -2.43363 1.376505 7.526725
v -2.505466 1.414125 7.5817
v -2.495703 1.410427 7.585744
v -2.486944 1.404471 7.589372
v -2.47963 1.396554 7.592402
v -2.474126 1.387073 7.594681
v -2.47071 1.376505 7.596097
v -2.530441 1.414125 7.66403
v -2.520076 1.410427 7.666091
v -2.510778 1.404471 7.667941
v -2.503013 1.396554 7.669486
v -2.497171 1.387073 7.670648
v -2.493544 1.376505 7.671369
v -2.538874 1.414125 7.74965
v -2.528306 1.410427 7.74965
v -2.518826 1.404471 7.74965
v -2.510909 1.396554 7.74965
v -2.504951 1.387073 7.74965
v -2.501254 1.376505 7.74965
v -2.1 1.414125 7.310776
v -2.18562 1.414125 7.319209
v -2.1 1.410427 7.321344
v -2.183558 1.410427 7.329574
v -2.1 1.404471 7.330824
v -2.181709 1.404471 7.338871
v -2.1 1.396554 7.338741
v -2.180164 1.396554 7.346637
v -2.1 1.387073 7.344698
v -2.179002 1.387073 7.352479
v -2.1 1.376505 7.348396
v -2.178281 1.376505 7.356106
v -0.7 1.413918 7.310749
v -0.7 1.413675 7.312591
v -0.7 1.410105 7.32121
v -0.7 1.40868 7.324649
v -0.7 1.404138 7.330569
v -0.7 1.400734 7.335005
v -0.7 1.396298 7.338409
v -0.7 1.376478 7.348189
v -0.7 1.37832 7.347946
v -0.7 1.38694 7.344376
v -0.7 1.390379 7.342951
v -2.500314 1.370977 7.849336
v -2.501254 1.376505 7.848396
v -2.502806 1.381893 7.846843
v -2.504951 1.387073 7.844697
v -2.510909 1.396554 7.838741
v -2.518826 1.404471 7.830824
v -2.528306 1.410427 7.821344
v -2.538874 1.414125 7.810776
v -0.674559 1.37832 7.344596
v -0.675852 1.390379 7.339772
v -0.677908 1.400734 7.332097
v -0.680589 1.40868 7.322094
v -0.68371 1.413675 7.310446
v -0.650852 1.37832 7.334777
v -0.653349 1.390379 7.330451
v -0.657322 1.400734 7.32357
v -0.6625 1.40868 7.314601
v -0.66853 1.413675 7.304158
v -0.630494 1.37832 7.319156
v -0.634026 1.390379 7.315624
v -0.639645 1.400734 7.310005
v -0.646967 1.40868 7.302683
v -0.655494 1.413675 7.294156
v -0.614873 1.37832 7.298798
v -0.619199 1.390379 7.2963
v -0.62608 1.400734 7.292327
v -0.635048 1.40868 7.28715
v -0.645492 1.413675 7.28112
v -0.605053 1.37832 7.275091
v -0.609878 1.390379 7.273798
v -0.617553 1.400734 7.271741
v -0.627556 1.40868 7.269061
v -0.639204 1.413675 7.26594
v -0.601704 1.37832 7.24965
v -0.606699 1.390379 7.24965
v -0.614645 1.400734 7.24965
v -0.625 1.40868 7.24965
v -0.637059 1.413675 7.24965
v -3.049686 1.370977 7.849336
v -3.048644 1.376485 7.848293
v -3.048296 1.37832 7.847946
v -3.045048 1.387073 7.844697
v -3.043064 1.390231 7.842714
v -3.039092 1.396554 7.838741
v -3.031174 1.404471 7.830824
v -3.035133 1.400512 7.834783
v -3.011126 1.414125 7.810776
v -3.012885 1.41351 7.812534
v -3.021694 1.410427 7.821344
v -3.024853 1.408443 7.824502
v -0.637059 1.413675 6.89965
v -0.625 1.40868 6.89965
v -0.614645 1.400734 6.89965
v -0.606699 1.390379 6.89965
v -0.601704 1.37832 6.89965
v -3.012941 1.413675 6.52465
v -3.025 1.40868 6.52465
v -3.035355 1.400734 6.52465
v -3.043301 1.390379 6.52465
v -3.048296 1.37832 6.52465
v -0.605053 1.37832 6.874209
v -0.609878 1.390379 6.875502
v -0.617553 1.400734 6.877558
v -0.627556 1.40868 6.880238
v -0.639204 1.413675 6.883359
v -0.614873 1.37832 6.850502
v -0.619199 1.390379 6.852999
v -0.62608 1.400734 6.856972
v -0.635048 1.40868 6.86215
v -0.645492 1.413675 6.868179
v -0.630494 1.37832 6.830144
v -0.634026 1.390379 6.833676
v -0.639645 1.400734 6.839294
v -0.646967 1.40868 6.846617
v -0.655494 1.413675 6.855144
v -0.650852 1.37832 6.814523
v -0.653349 1.390379 6.818848
v -0.657322 1.400734 6.82573
v -0.6625 1.40868 6.834698
v -0.66853 1.413675 6.845141
v -0.674559 1.37832 6.804703
v -0.675852 1.390379 6.809527
v -0.677908 1.400734 6.817203
v -0.680589 1.40868 6.827206
v -0.68371 1.413675 6.838853
v -0.7 1.37832 6.801353
v -0.7 1.390379 6.806348
v -0.7 1.400734 6.814294
v -0.7 1.40868 6.82465
v -0.7 1.413675 6.836709
v -3.0125 1.37832 6.477999
v -3.024148 1.37832 6.482824
v -3.011207 1.390379 6.482824
v -3.021651 1.390379 6.48715
v -3.009151 1.400734 6.490499
v -3.017678 1.400734 6.494031
v -3.00647 1.40868 6.500502
v -3.0125 1.40868 6.502999
v -3.003349 1.413675 6.51215
v -3.00647 1.413675 6.513443
v -3.034151 1.37832 6.490499
v -3.030619 1.390379 6.494031
v -3.025 1.400734 6.49965
v -3.017678 1.40868 6.506972
v -3.009151 1.413675 6.515499
v -3.0 1.37832 6.476353
v -3.0 1.390379 6.481349
v -3.0 1.400734 6.489294
v -3.0 1.40868 6.49965
v -3.0 1.413675 6.511709
v -3.041826 1.37832 6.500502
v -3.046651 1.37832 6.51215
v -3.0375 1.390379 6.502999
v -3.041826 1.390379 6.513443
v -3.030619 1.400734 6.506972
v -3.034151 1.400734 6.515499
v -3.021651 1.40868 6.51215
v -3.024148 1.40868 6.518179
v -3.011207 1.413675 6.518179
v -3.0125 1.413675 6.5213
v -2.107094 1.413675 6.836709
v -2.107094 1.40868 6.82465
v -2.107094 1.400734 6.814294
v -2.107094 1.390379 6.806348
v -2.107094 1.37832 6.801353
v -2.500725 1.374701 6.475526
v -2.501435 1.378312 6.476388
v -2.501615 1.379229 6.476606
v -2.506008 1.391424 6.481969
v -2.505518 1.390368 6.481368
v -2.504767 1.388749 6.480447
v -2.514725 1.40391 6.492785
v -2.512029 1.400854 6.489414
v -2.511944 1.400722 6.48931
v -2.52956 1.413437 6.511751
v -2.528043 1.413111 6.509762
v -2.524073 1.411202 6.504645
v -2.520328 1.408281 6.499894
v -2.520319 1.408273 6.499881
v -2.538517 1.415366 6.523497
v -2.529552 1.413436 6.511741
v -2.393731 1.37832 6.681084
v -2.492319 1.400734 6.55305
v -2.484937 1.390379 6.55011
v -2.513144 1.413675 6.561343
v -2.50194 1.40868 6.556881
v -2.480297 1.37832 6.548263
v -2.473251 1.413675 6.638291
v -2.463148 1.40868 6.631706
v -2.454473 1.400734 6.626052
v -2.447816 1.390379 6.621714
v -2.443631 1.37832 6.618987
v -2.418959 1.413675 6.705854
v -2.410354 1.40868 6.697406
v -2.402965 1.400734 6.690151
v -2.397295 1.390379 6.684584
v -2.332557 1.37832 6.732113
v -2.335361 1.390379 6.736248
v -2.339821 1.400734 6.742824
v -2.345633 1.40868 6.751394
v -2.352401 1.413675 6.761375
v -2.276197 1.413675 6.80267
v -2.271531 1.40868 6.79155
v -2.267524 1.400734 6.782001
v -2.26445 1.390379 6.774674
v -2.262517 1.37832 6.770068
v -2.193341 1.413675 6.828115
v -2.190962 1.40868 6.816293
v -2.188918 1.400734 6.806141
v -2.18735 1.390379 6.798351
v -2.186364 1.37832 6.793454
v 0.7 1.37832 6.801353
v 0.674559 1.37832 6.804703
v 0.7 1.390379 6.806348
v 0.675852 1.390379 6.809527
v 0.7 1.400734 6.814294
v 0.677908 1.400734 6.817203
v 0.7 1.40868 6.82465
v 0.680589 1.40868 6.827206
v 0.7 1.413675 6.836709
v 0.68371 1.413675 6.838853
v 0.650852 1.37832 6.814523
v 0.653349 1.390379 6.818848
v 0.657322 1.400734 6.82573
v 0.6625 1.40868 6.834698
v 0.66853 1.413675 6.845141
v 0.630494 1.37832 6.830144
v 0.634026 1.390379 6.833676
v 0.639645 1.400734 6.839294
v 0.646967 1.40868 6.846617
v 0.655494 1.413675 6.855144
v 0.614873 1.37832 6.850502
v 0.619199 1.390379 6.852999
v 0.62608 1.400734 6.856972
v 0.635048 1.40868 6.86215
v 0.645492 1.413675 6.868179
v 0.605053 1.37832 6.874209
v 0.609878 1.390379 6.875502
v 0.617553 1.400734 6.877558
v 0.627556 1.40868 6.880238
v 0.639204 1.413675 6.883359
v 0.601704 1.37832 6.89965
v 0.606699 1.390379 6.89965
v 0.614645 1.400734 6.89965
v 0.625 1.40868 6.89965
v 0.637059 1.413675 6.89965
v 2.107094 1.413675 6.836709
v 2.107094 1.37832 6.801353
v 2.107094 1.40868 6.82465
v 2.107094 1.400734 6.814294
v 2.107094 1.390379 6.806348
v 0.638874 1.414125 7.24965
v 0.637117 1.413511 7.24965
v 0.628306 1.410427 7.24965
v 0.625149 1.408444 7.24965
v 0.618825 1.404471 7.24965
v 0.614867 1.400512 7.24965
v 0.610908 1.396554 7.24965
v 0.606935 1.39023 7.24965
v 0.604952 1.387073 7.24965
v 0.601869 1.378262 7.24965
v 0.601254 1.376505 7.24965
v 2.506008 1.391424 6.481969
v 2.505518 1.390368 6.481368
v 2.480297 1.37832 6.548263
v 2.504767 1.388749 6.480447
v 2.501615 1.379229 6.476606
v 2.501435 1.378312 6.476388
v 2.500725 1.374701 6.475526
v 2.512029 1.400854 6.489414
v 2.511944 1.400722 6.48931
v 2.492319 1.400734 6.55305
v 2.484937 1.390379 6.55011
v 2.50194 1.40868 6.556881
v 2.520319 1.408273 6.499881
v 2.514725 1.40391 6.492785
v 2.528043 1.413111 6.509762
v 2.513144 1.413675 6.561343
v 2.524073 1.411202 6.504645
v 2.520328 1.408281 6.499894
v 2.52956 1.413437 6.511751
v 2.529552 1.413436 6.511741
v 2.538517 1.415366 6.523497
v 2.276197 1.413675 6.80267
v 2.352401 1.413675 6.761375
v 2.271531 1.40868 6.79155
v 2.345633 1.40868 6.751394
v 2.267524 1.400734 6.782001
v 2.339821 1.400734 6.742824
v 2.26445 1.390379 6.774674
v 2.335361 1.390379 6.736248
v 2.262517 1.37832 6.770068
v 2.332557 1.37832 6.732113
v 2.418959 1.413675 6.705854
v 2.473251 1.413675 6.638291
v 2.410354 1.40868 6.697406
v 2.463148 1.40868 6.631706
v 2.402965 1.400734 6.690151
v 2.454473 1.400734 6.626052
v 2.397295 1.390379 6.684584
v 2.447816 1.390379 6.621714
v 2.393731 1.37832 6.681084
v 2.443631 1.37832 6.618987
v 2.193341 1.413675 6.828115
v 2.190962 1.40868 6.816293
v 2.188918 1.400734 6.806141
v 2.18735 1.390379 6.798351
v 2.186364 1.37832 6.793454
v 0.604618 1.376505 7.275207
v 0.60819 1.387073 7.27425
v 0.613944 1.396554 7.272708
v 0.621591 1.404471 7.270659
v 0.630749 1.410427 7.268205
v 0.640957 1.414125 7.265471
v 0.614483 1.376505 7.299023
v 0.617686 1.387073 7.297174
v 0.622844 1.396554 7.294196
v 0.629701 1.404471 7.290237
v 0.637911 1.410427 7.285497
v 0.647063 1.414125 7.280213
v 0.630176 1.376505 7.319474
v 0.632791 1.387073 7.316859
v 0.637003 1.396554 7.312647
v 0.642601 1.404471 7.307049
v 0.649305 1.410427 7.300345
v 0.656777 1.414125 7.292872
v 0.650627 1.376505 7.335166
v 0.652476 1.387073 7.331964
v 0.655454 1.396554 7.326805
v 0.659413 1.404471 7.319949
v 0.664153 1.410427 7.311738
v 0.669437 1.414125 7.302587
v 0.674443 1.376505 7.345031
v 0.6754 1.387073 7.341459
v 0.676941 1.396554 7.335706
v 0.67899 1.404471 7.328058
v 0.681444 1.410427 7.318901
v 0.684179 1.414125 7.308693
v 0.7 1.376505 7.348396
v 0.7 1.387073 7.344698
v 0.7 1.396554 7.338741
v 0.7 1.404471 7.330824
v 0.7 1.410427 7.321344
v 0.7 1.414125 7.310776
v 3.0 1.413675 6.511709
v 3.0 1.40868 6.49965
v 3.0 1.400734 6.489294
v 3.0 1.390379 6.481349
v 3.0 1.37832 6.476353
v 2.1 1.414125 7.310776
v 2.1 1.410427 7.321344
v 2.1 1.404471 7.330824
v 2.1 1.396554 7.338741
v 2.1 1.387073 7.344698
v 2.1 1.376505 7.348396
v 3.009151 1.413675 6.515499
v 3.00647 1.413675 6.513443
v 3.021561 1.410105 6.52465
v 3.025 1.40868 6.52465
v 3.024148 1.40868 6.518179
v 3.03092 1.404138 6.52465
v 3.035355 1.400734 6.52465
v 3.034151 1.400734 6.515499
v 3.0125 1.37832 6.477999
v 3.034151 1.37832 6.490499
v 3.048539 1.376478 6.52465
v 3.046651 1.37832 6.51215
v 3.048296 1.37832 6.52465
v 3.041826 1.37832 6.500502
v 3.0375 1.390379 6.502999
v 3.044726 1.38694 6.52465
v 3.041826 1.390379 6.513443
v 3.043301 1.390379 6.52465
v 3.038759 1.396298 6.52465
v 3.009151 1.400734 6.490499
v 3.030619 1.400734 6.506972
v 3.030619 1.390379 6.494031
v 3.024148 1.37832 6.482824
v 3.00647 1.40868 6.500502
v 3.0125 1.40868 6.502999
v 3.021651 1.390379 6.48715
v 3.025 1.400734 6.49965
v 3.021651 1.40868 6.51215
v 3.0125 1.413675 6.5213
v 3.003349 1.413675 6.51215
v 3.011099 1.413918 6.52465
v 3.012941 1.413675 6.52465
v 3.011207 1.390379 6.482824
v 3.017678 1.400734 6.494031
v 3.017678 1.40868 6.506972
v 3.011207 1.413675 6.518179
v 2.383729 1.376505 7.46592
v 2.538874 1.414125 7.74965
v 2.530441 1.414125 7.66403
v 2.537117 1.413511 7.74965
v 2.520076 1.410427 7.666091
v 2.510778 1.404471 7.667941
v 2.525149 1.408444 7.74965
v 2.528306 1.410427 7.74965
v 2.503013 1.396554 7.669486
v 2.514867 1.400512 7.74965
v 2.518826 1.404471 7.74965
v 2.497171 1.387073 7.670648
v 2.506935 1.39023 7.74965
v 2.510909 1.396554 7.74965
v 2.493544 1.376505 7.671369
v 2.501868 1.378262 7.74965
v 2.504951 1.387073 7.74965
v 2.501254 1.376505 7.74965
v 2.505466 1.414125 7.5817
v 2.495703 1.410427 7.585744
v 2.486944 1.404471 7.589372
v 2.47963 1.396554 7.592402
v 2.474126 1.387073 7.594681
v 2.47071 1.376505 7.596097
v 2.46491 1.414125 7.505824
v 2.456123 1.410427 7.511696
v 2.448241 1.404471 7.516963
v 2.441658 1.396554 7.521361
v 2.436705 1.387073 7.524671
v 2.43363 1.376505 7.526725
v 2.410331 1.414125 7.439319
v 2.402858 1.410427 7.446792
v 2.396154 1.404471 7.453495
v 2.390556 1.396554 7.459094
v 2.386344 1.387073 7.463306
v 2.322925 1.376505 7.41602
v 2.324979 1.387073 7.412945
v 2.328289 1.396554 7.407992
v 2.332687 1.404471 7.401409
v 2.337954 1.410427 7.393527
v 2.343825 1.414125 7.384739
v 2.26795 1.414125 7.344183
v 2.263906 1.410427 7.353947
v 2.260278 1.404471 7.362705
v 2.257248 1.396554 7.37002
v 2.254968 1.387073 7.375524
v 2.253553 1.376505 7.37894
v 2.18562 1.414125 7.319209
v 2.183558 1.410427 7.329574
v 2.181709 1.404471 7.338871
v 2.180164 1.396554 7.346637
v 2.179002 1.387073 7.352479
v 2.178281 1.376505 7.356106
v 3.049686 1.370977 7.849336
v 3.048746 1.376505 7.848396
v 3.047194 1.381893 7.846843
v 3.045048 1.387073 7.844697
v 3.039092 1.396554 7.838741
v 3.031174 1.404471 7.830824
v 3.021694 1.410427 7.821344
v 3.011126 1.414125 7.810776
v 2.538905 1.413918 7.810745
v 2.537059 1.413675 7.81259
v 2.528442 1.410106 7.821208
v 2.525 1.40868 7.82465
v 2.519081 1.404139 7.830569
v 2.514645 1.400734 7.835005
v 2.510909 1.396554 7.838741
v 2.506936 1.390231 7.842714
v 2.504951 1.387073 7.844697
v 2.501704 1.37832 7.847946
v 2.500314 1.370977 7.849336
v 2.501254 1.376505 7.848396
v -2.395715 -0.573858 5.930087
v -2.39179 -0.58334 5.939947
v -2.380817 -0.561136 5.910416
v -2.367166 -0.549411 5.902723
v -2.366594 -0.550022 5.90262
v -2.36479 -0.551787 5.902723
v -2.376515 -0.565438 5.910416
v -2.365401 -0.551215 5.90262
v -2.366004 -0.550625 5.902586
v -2.37988 -0.562324 5.910109
v -2.378834 -0.563455 5.910006
v -2.377703 -0.564501 5.910109
v -2.384424 -0.574687 5.920072
v -2.390065 -0.569045 5.920072
v -2.388996 -0.570736 5.919633
v -2.38766 -0.572281 5.919485
v -2.386115 -0.573617 5.919633
v -2.389237 -0.580336 5.930087
v -2.391318 -0.579271 5.929672
v -2.393157 -0.577778 5.929531
v -2.394651 -0.575939 5.929672
v -2.39872 -0.576411 5.939947
v -2.397699 -0.578739 5.9397
v -2.396131 -0.580752 5.939615
v -2.394118 -0.58232 5.9397
v -2.399659 -0.577209 5.949649
v -2.39866 -0.579621 5.949649
v -2.397071 -0.581692 5.949649
v -2.395 -0.583281 5.949649
v -2.392588 -0.58428 5.949649
v -2.399659 -0.577209 6.42465
v -2.39866 -0.579621 6.42465
v -2.397071 -0.581692 6.42465
v -2.395 -0.583281 6.42465
v -2.392588 -0.58428 6.42465
v -2.45 -0.577209 6.47499
v -2.436971 -0.577209 6.473275
v -2.45 -0.579621 6.475989
v -2.436712 -0.579621 6.47424
v -2.45 -0.581692 6.477579
v -2.436301 -0.581692 6.475775
v -2.45 -0.583281 6.47965
v -2.435765 -0.583281 6.477776
v -2.45 -0.58428 6.482061
v -2.435141 -0.58428 6.480105
v -2.42483 -0.577209 6.468246
v -2.42433 -0.579621 6.469111
v -2.423536 -0.581692 6.470488
v -2.4225 -0.583281 6.472281
v -2.421294 -0.58428 6.47437
v -2.414404 -0.577209 6.460246
v -2.413697 -0.579621 6.460953
v -2.412574 -0.581692 6.462076
v -2.411109 -0.583281 6.463541
v -2.409404 -0.58428 6.465246
v -2.406404 -0.577209 6.44982
v -2.405539 -0.579621 6.45032
v -2.404162 -0.581692 6.451114
v -2.402369 -0.583281 6.45215
v -2.40028 -0.58428 6.453356
v -2.401375 -0.577209 6.437679
v -2.40041 -0.579621 6.437937
v -2.398875 -0.581692 6.438349
v -2.396874 -0.583281 6.438885
v -2.394544 -0.58428 6.439509
v -3.0 -0.577209 6.47499
v -3.0 -0.579621 6.475989
v -3.0 -0.581692 6.477579
v -3.0 -0.583281 6.47965
v -3.0 -0.58428 6.482061
v -3.011023 -0.58428 6.483512
v -3.011647 -0.583281 6.481183
v -3.012183 -0.581692 6.479183
v -3.012594 -0.579621 6.477647
v -3.012853 -0.577209 6.476683
v -3.021294 -0.58428 6.487767
v -3.0225 -0.583281 6.485679
v -3.023535 -0.581692 6.483885
v -3.02433 -0.579621 6.482509
v -3.02483 -0.577209 6.481643
v -3.030114 -0.58428 6.494535
v -3.03182 -0.583281 6.49283
v -3.033284 -0.581692 6.491365
v -3.034408 -0.579621 6.490242
v -3.035114 -0.577209 6.489535
v -3.036882 -0.58428 6.503356
v -3.038971 -0.583281 6.50215
v -3.040765 -0.581692 6.501114
v -3.042141 -0.579621 6.500319
v -3.043006 -0.577209 6.49982
v -3.041137 -0.58428 6.513627
v -3.043467 -0.583281 6.513003
v -3.045467 -0.581692 6.512467
v -3.047002 -0.579621 6.512056
v -3.047967 -0.577209 6.511797
v -3.042588 -0.58428 6.52465
v -3.045 -0.583281 6.52465
v -3.047071 -0.581692 6.52465
v -3.04866 -0.579621 6.52465
v -3.049659 -0.577209 6.52465
v -3.049659 -0.577209 7.79965
v -3.04866 -0.579621 7.79965
v -3.047071 -0.581692 7.79965
v -3.045 -0.583281 7.79965
v -3.042588 -0.58428 7.79965
v -3.1 -0.577209 7.84999
v -3.086971 -0.577209 7.848275
v -3.1 -0.579621 7.85099
v -3.086712 -0.579621 7.84924
v -3.1 -0.581692 7.852579
v -3.086301 -0.581692 7.850776
v -3.1 -0.583281 7.85465
v -3.085765 -0.583281 7.852776
v -3.1 -0.58428 7.857062
v -3.085141 -0.58428 7.855105
v -3.07483 -0.577209 7.843246
v -3.07433 -0.579621 7.844111
v -3.073536 -0.581692 7.845488
v -3.0725 -0.583281 7.847281
v -3.071294 -0.58428 7.84937
v -3.064404 -0.577209 7.835246
v -3.063697 -0.579621 7.835953
v -3.062573 -0.581692 7.837076
v -3.061109 -0.583281 7.838541
v -3.059404 -0.58428 7.840246
v -3.056404 -0.577209 7.824821
v -3.055538 -0.579621 7.82532
v -3.054162 -0.581692 7.826114
v -3.052369 -0.583281 7.82715
v -3.05028 -0.58428 7.828356
v -3.051375 -0.577209 7.812679
v -3.05041 -0.579621 7.812938
v -3.048875 -0.581692 7.813348
v -3.046874 -0.583281 7.813885
v -3.044544 -0.58428 7.814509
v -3.492 -0.577209 7.84999
v -3.492 -0.579621 7.85099
v -3.492 -0.581692 7.852579
v -3.492 -0.583281 7.85465
v -3.492 -0.58428 7.857062
v -3.503023 -0.58428 7.858513
v -3.503647 -0.583281 7.856183
v -3.504183 -0.581692 7.854182
v -3.504594 -0.579621 7.852647
v -3.504853 -0.577209 7.851683
v -3.513294 -0.58428 7.862767
v -3.5145 -0.583281 7.860678
v -3.515536 -0.581692 7.858884
v -3.51633 -0.579621 7.857509
v -3.516829 -0.577209 7.856644
v -3.522114 -0.58428 7.869535
v -3.52382 -0.583281 7.86783
v -3.525284 -0.581692 7.866366
v -3.526408 -0.579621 7.865242
v -3.527114 -0.577209 7.864535
v -3.528883 -0.58428 7.878356
v -3.530971 -0.583281 7.87715
v -3.532765 -0.581692 7.876114
v -3.534141 -0.579621 7.875319
v -3.535006 -0.577209 7.87482
v -3.533137 -0.58428 7.888627
v -3.535467 -0.583281 7.888003
v -3.537467 -0.581692 7.887467
v -3.539002 -0.579621 7.887055
v -3.539967 -0.577209 7.886797
v -3.534588 -0.58428 7.89965
v -3.537 -0.583281 7.89965
v -3.539071 -0.581692 7.89965
v -3.54066 -0.579621 7.89965
v -3.541659 -0.577209 7.89965
v -3.534588 -0.58428 8.19965
v -3.537 -0.583281 8.19965
v -3.539071 -0.581692 8.19965
v -3.54066 -0.579621 8.19965
v -3.541659 -0.577209 8.19965
v -3.533137 -0.58428 8.210672
v -3.535467 -0.583281 8.211297
v -3.537467 -0.581692 8.211832
v -3.539002 -0.579621 8.212244
v -3.539967 -0.577209 8.212502
v -3.528883 -0.58428 8.220943
v -3.530971 -0.583281 8.22215
v -3.532765 -0.581692 8.223186
v -3.534141 -0.579621 8.22398
v -3.535006 -0.577209 8.224479
v -3.522114 -0.58428 8.229764
v -3.52382 -0.583281 8.231469
v -3.525284 -0.581692 8.232934
v -3.526408 -0.579621 8.234057
v -3.527114 -0.577209 8.234764
v -3.513294 -0.58428 8.236532
v -3.5145 -0.583281 8.238621
v -3.515536 -0.581692 8.240415
v -3.51633 -0.579621 8.241791
v -3.516829 -0.577209 8.242656
v -3.503023 -0.58428 8.240787
v -3.503647 -0.583281 8.243116
v -3.504183 -0.581692 8.245117
v -3.504594 -0.579621 8.246652
v -3.504853 -0.577209 8.247617
v -3.492 -0.58428 8.242238
v -3.492 -0.583281 8.24465
v -3.492 -0.581692 8.24672
v -3.492 -0.579621 8.248309
v -3.492 -0.577209 8.249309
v 3.492 -0.58437 8.241875
v 3.492 -0.584247 8.242227
v 3.492 -0.583631 8.243988
v 3.492 -0.583234 8.244619
v 3.492 -0.582439 8.245885
v 3.492 -0.581648 8.246676
v 3.492 -0.580856 8.247468
v 3.492 -0.579591 8.248263
v 3.492 -0.57896 8.24866
v 3.492 -0.577198 8.249276
v 3.492 -0.576846 8.249399
v 3.536823 -0.576846 8.221235
v 3.530895 -0.576846 8.230667
v 3.501396 -0.58437 8.240816
v 3.501866 -0.583631 8.242877
v 3.502288 -0.582439 8.244725
v 3.502641 -0.580856 8.246269
v 3.502906 -0.57896 8.247431
v 3.50307 -0.576846 8.248151
v 3.510321 -0.58437 8.237694
v 3.511238 -0.583631 8.239598
v 3.51206 -0.582439 8.241306
v 3.512748 -0.580856 8.242733
v 3.513264 -0.57896 8.243806
v 3.513585 -0.576846 8.244473
v 3.523018 -0.576846 8.238545
v 3.522557 -0.57896 8.237967
v 3.521814 -0.580856 8.237036
v 3.520827 -0.582439 8.235797
v 3.519645 -0.583631 8.234316
v 3.518327 -0.58437 8.232662
v 3.530317 -0.57896 8.230206
v 3.529386 -0.580856 8.229465
v 3.528148 -0.582439 8.228477
v 3.526665 -0.583631 8.227294
v 3.525013 -0.58437 8.225977
v 3.536156 -0.57896 8.220914
v 3.535083 -0.580856 8.220397
v 3.533656 -0.582439 8.21971
v 3.531948 -0.583631 8.218887
v 3.530044 -0.58437 8.217971
v 3.540502 -0.576846 8.210719
v 3.539781 -0.57896 8.210556
v 3.53862 -0.580856 8.21029
v 3.537076 -0.582439 8.209938
v 3.535227 -0.583631 8.209517
v 3.533167 -0.58437 8.209046
v 3.534225 -0.58437 8.19965
v 3.536339 -0.583631 8.19965
v 3.538235 -0.582439 8.19965
v 3.539818 -0.580856 8.19965
v 3.54101 -0.57896 8.19965
v 3.541749 -0.576846 8.19965
v 3.534225 -0.58437 7.89965
v 3.536339 -0.583631 7.89965
v 3.538235 -0.582439 7.89965
v 3.539818 -0.580856 7.89965
v 3.54101 -0.57896 7.89965
v 3.541749 -0.576846 7.89965
v 3.540054 -0.576846 7.886774
v 3.502929 -0.58437 7.858863
v 3.492 -0.58437 7.857424
v 3.492 -0.584247 7.857073
v 3.503476 -0.583631 7.856822
v 3.492 -0.583631 7.855311
v 3.492 -0.583234 7.85468
v 3.503966 -0.582439 7.85499
v 3.492 -0.582439 7.853415
v 3.492 -0.581648 7.852623
v 3.504376 -0.580856 7.85346
v 3.532786 -0.58437 7.888721
v 3.534828 -0.583631 7.888174
v 3.536659 -0.582439 7.887683
v 3.538189 -0.580856 7.887273
v 3.53934 -0.57896 7.886965
v 3.528568 -0.58437 7.878537
v 3.530398 -0.583631 7.87748
v 3.532041 -0.582439 7.876532
v 3.533412 -0.580856 7.875741
v 3.534444 -0.57896 7.875144
v 3.521858 -0.58437 7.869792
v 3.523352 -0.583631 7.868298
v 3.524693 -0.582439 7.866956
v 3.525813 -0.580856 7.865837
v 3.526655 -0.57896 7.864995
v 3.513113 -0.58437 7.863082
v 3.514169 -0.583631 7.861251
v 3.515117 -0.582439 7.859609
v 3.515909 -0.580856 7.858238
v 3.516505 -0.57896 7.857206
v 3.504685 -0.57896 7.85231
v 3.492 -0.580856 7.851831
v 3.492 -0.579591 7.851037
v 3.492 -0.57896 7.85064
v 3.492 -0.577198 7.850023
v 3.535084 -0.576846 7.874775
v 3.527178 -0.576846 7.864471
v 3.516875 -0.576846 7.856565
v 3.504876 -0.576846 7.851596
v 3.492 -0.576846 7.8499
v 3.1 -0.577209 7.84999
v 3.1 -0.579621 7.85099
v 3.1 -0.581692 7.852579
v 3.1 -0.583281 7.85465
v 3.1 -0.58428 7.857062
v 3.049708 -0.576841 7.79965
v 3.051375 -0.577209 7.812679
v 3.049659 -0.577209 7.79965
v 3.048945 -0.578933 7.79965
v 3.05041 -0.579621 7.812938
v 3.04866 -0.579621 7.79965
v 3.047752 -0.580805 7.79965
v 3.048875 -0.581692 7.813348
v 3.047071 -0.581692 7.79965
v 3.046184 -0.582373 7.79965
v 3.046874 -0.583281 7.813885
v 3.045 -0.583281 7.79965
v 3.044312 -0.583566 7.79965
v 3.044544 -0.58428 7.814509
v 3.042588 -0.58428 7.79965
v 3.04222 -0.584329 7.79965
v 3.056404 -0.577209 7.824821
v 3.055538 -0.579621 7.82532
v 3.054162 -0.581692 7.826114
v 3.052369 -0.583281 7.82715
v 3.05028 -0.58428 7.828356
v 3.064404 -0.577209 7.835246
v 3.063697 -0.579621 7.835953
v 3.062573 -0.581692 7.837076
v 3.061109 -0.583281 7.838541
v 3.059404 -0.58428 7.840246
v 3.07483 -0.577209 7.843246
v 3.07433 -0.579621 7.844111
v 3.073536 -0.581692 7.845488
v 3.0725 -0.583281 7.847281
v 3.071294 -0.58428 7.84937
v 3.086971 -0.577209 7.848275
v 3.086712 -0.579621 7.84924
v 3.086301 -0.581692 7.850776
v 3.085765 -0.583281 7.852776
v 3.085141 -0.58428 7.855105
v 3.04901 -0.57896 6.52465
v 3.049749 -0.576846 6.52465
v 3.047818 -0.580856 6.52465
v 3.046235 -0.582439 6.52465
v 3.044339 -0.583631 6.52465
v 3.042225 -0.58437 6.52465
v 3.048054 -0.576846 6.511774
v 3.010929 -0.58437 6.483863
v 3.0 -0.58437 6.482425
v 3.0 -0.584247 6.482073
v 3.011476 -0.583631 6.481822
v 3.0 -0.583631 6.480311
v 3.0 -0.583234 6.47968
v 3.011966 -0.582439 6.47999
v 3.0 -0.582439 6.478415
v 3.0 -0.581648 6.477623
v 3.012376 -0.580856 6.478461
v 3.040786 -0.58437 6.513721
v 3.042828 -0.583631 6.513174
v 3.04466 -0.582439 6.512683
v 3.046189 -0.580856 6.512274
v 3.04734 -0.57896 6.511965
v 3.036568 -0.58437 6.503537
v 3.038399 -0.583631 6.50248
v 3.04004 -0.582439 6.501532
v 3.041412 -0.580856 6.500741
v 3.042444 -0.57896 6.500145
v 3.029858 -0.58437 6.494792
v 3.031352 -0.583631 6.493298
v 3.032693 -0.582439 6.491957
v 3.033813 -0.580856 6.490837
v 3.034655 -0.57896 6.489995
v 3.021113 -0.58437 6.488081
v 3.022169 -0.583631 6.486251
v 3.023118 -0.582439 6.484609
v 3.023909 -0.580856 6.483238
v 3.024505 -0.57896 6.482206
v 3.012685 -0.57896 6.47731
v 3.0 -0.580856 6.476831
v 3.0 -0.579591 6.476037
v 3.0 -0.57896 6.47564
v 3.0 -0.577198 6.475023
v 3.043084 -0.576846 6.499775
v 3.035178 -0.576846 6.489471
v 3.024875 -0.576846 6.481565
v 3.012876 -0.576846 6.476595
v 3.0 -0.576846 6.474901
v 2.45 -0.577209 6.47499
v 2.45 -0.579621 6.475989
v 2.45 -0.581692 6.477579
v 2.45 -0.583281 6.47965
v 2.45 -0.58428 6.482061
v 2.399708 -0.576841 6.42465
v 2.401375 -0.577209 6.437679
v 2.399659 -0.577209 6.42465
v 2.398945 -0.578933 6.42465
v 2.40041 -0.579621 6.437937
v 2.39866 -0.579621 6.42465
v 2.397752 -0.580805 6.42465
v 2.398875 -0.581692 6.438349
v 2.397071 -0.581692 6.42465
v 2.396184 -0.582373 6.42465
v 2.396874 -0.583281 6.438885
v 2.395 -0.583281 6.42465
v 2.394312 -0.583566 6.42465
v 2.394544 -0.58428 6.439509
v 2.392588 -0.58428 6.42465
v 2.39222 -0.584329 6.42465
v 2.406404 -0.577209 6.44982
v 2.405539 -0.579621 6.45032
v 2.404162 -0.581692 6.451114
v 2.402369 -0.583281 6.45215
v 2.40028 -0.58428 6.453356
v 2.414404 -0.577209 6.460246
v 2.413697 -0.579621 6.460953
v 2.412574 -0.581692 6.462076
v 2.411109 -0.583281 6.463541
v 2.409404 -0.58428 6.465246
v 2.42483 -0.577209 6.468246
v 2.42433 -0.579621 6.469111
v 2.423536 -0.581692 6.470488
v 2.4225 -0.583281 6.472281
v 2.421294 -0.58428 6.47437
v 2.436971 -0.577209 6.473275
v 2.436712 -0.579621 6.47424
v 2.436301 -0.581692 6.475775
v 2.435765 -0.583281 6.477776
v 2.435141 -0.58428 6.480105
v 2.399708 -0.576841 5.949649
v 2.399659 -0.577209 5.949649
v 2.398945 -0.578933 5.949649
v 2.39866 -0.579621 5.949649
v 2.397752 -0.580805 5.949649
v 2.397071 -0.581692 5.949649
v 2.396184 -0.582373 5.949649
v 2.395 -0.583281 5.949649
v 2.394312 -0.583566 5.949649
v 2.392588 -0.58428 5.949649
v 2.39222 -0.584329 5.949649
v 2.39179 -0.58334 5.939947
v 2.394118 -0.58232 5.9397
v 2.396131 -0.580752 5.939615
v 2.397699 -0.578739 5.9397
v 2.39872 -0.576411 5.939947
v 2.389237 -0.580336 5.930087
v 2.384424 -0.574687 5.920072
v 2.390065 -0.569045 5.920072
v 2.395715 -0.573858 5.930087
v 2.376515 -0.565438 5.910416
v 2.380817 -0.561136 5.910416
v 2.36479 -0.551787 5.902723
v 2.365401 -0.551215 5.90262
v 2.377703 -0.564501 5.910109
v 2.386115 -0.573617 5.919633
v 2.391318 -0.579271 5.929672
v 2.366004 -0.550625 5.902586
v 2.378834 -0.563455 5.910006
v 2.38766 -0.572281 5.919485
v 2.393157 -0.577778 5.929531
v 2.367166 -0.549411 5.902723
v 2.394651 -0.575939 5.929672
v 2.388996 -0.570736 5.919633
v 2.37988 -0.562324 5.910109
v 2.366594 -0.550022 5.90262
v 2.499239 -0.590794 7.575411
v 2.49866 -0.589621 7.575989
v 2.49866 -0.589621 6.57331
v 2.499914 -0.593316 6.574564
v 2.499659 -0.592033 6.574309
v 2.499914 -0.593316 7.574735
v 2.499659 -0.592033 7.57499
v 2.499239 -0.590794 6.573888
v 2.497934 -0.588533 7.576716
v 2.497071 -0.58755 6.571721
v 2.497934 -0.588533 6.572583
v 2.497071 -0.58755 7.577579
v 2.495 -0.585961 7.57965
v 2.495 -0.585961 6.56965
v 2.492588 -0.584962 7.582061
v 2.492588 -0.584962 6.567238
v 3.000341 -0.592033 6.574309
v 3.000271 -0.5924 6.574378
v 3.000063 -0.593501 6.574587
v 3.00099 -0.590282 6.573659
v 3.001387 -0.589651 6.573263
v 3.002182 -0.588386 6.572468
v 3.002974 -0.587594 6.571676
v 3.005029 -0.586008 6.56962
v 3.003765 -0.586803 6.570885
v 3.007775 -0.584872 6.566875
v 3.007423 -0.584995 6.567227
v 3.005661 -0.585611 6.568988
v 3.005 -0.585961 7.57965
v 3.005688 -0.585676 7.580338
v 3.007412 -0.584962 7.582061
v 3.007781 -0.584913 7.582431
v 3.001387 -0.589651 7.576037
v 3.002182 -0.588386 7.576831
v 3.002929 -0.58755 7.577579
v 3.003816 -0.586869 7.578466
v 3.00099 -0.590282 7.57564
v 3.000341 -0.592033 7.57499
v 3.000063 -0.593501 7.574712
v 3.000251 -0.592396 7.574901
v -3.000086 -0.593316 6.574564
v -3.000341 -0.592033 6.574309
v -3.000086 -0.593316 7.574735
v -3.000341 -0.592033 7.57499
v -3.000761 -0.590794 6.573888
v -3.00134 -0.589621 6.57331
v -3.00134 -0.589621 7.575989
v -3.002066 -0.588533 7.576716
v -3.002929 -0.58755 6.571721
v -3.000761 -0.590794 7.575411
v -3.002066 -0.588533 6.572583
v -3.002929 -0.58755 7.577579
v -3.005 -0.585961 7.57965
v -3.005 -0.585961 6.56965
v -3.007412 -0.584962 7.582061
v -3.007412 -0.584962 6.567238
v -2.499659 -0.592033 6.574309
v -2.499729 -0.5924 6.574378
v -2.499937 -0.593501 6.574587
v -2.49901 -0.590282 6.573659
v -2.498613 -0.589651 6.573263
v -2.497818 -0.588386 6.572468
v -2.497027 -0.587594 6.571676
v -2.494971 -0.586008 6.56962
v -2.496235 -0.586803 6.570885
v -2.492225 -0.584872 6.566875
v -2.492577 -0.584995 6.567227
v -2.494339 -0.585611 6.568988
v -2.495 -0.585961 7.57965
v -2.494312 -0.585676 7.580338
v -2.492588 -0.584962 7.582061
v -2.492219 -0.584913 7.582431
v -2.498613 -0.589651 7.576037
v -2.497818 -0.588386 7.576831
v -2.497071 -0.58755 7.577579
v -2.496184 -0.586869 7.578466
v -2.49901 -0.590282 7.57564
v -2.499659 -0.592033 7.57499
v -2.499937 -0.593501 7.574712
v -2.499749 -0.592396 7.574901
v -1.500341 -0.592033 7.82499
v -1.500271 -0.5924 7.824921
v -1.500063 -0.593501 7.824712
v 1.500086 -0.593316 7.824735
v 1.500341 -0.592033 7.82499
v -1.50099 -0.590282 7.82564
v -1.501387 -0.589651 7.826037
v 1.500761 -0.590794 7.825411
v 1.50134 -0.589621 7.825989
v -1.502182 -0.588386 7.826831
v -1.502973 -0.587594 7.827623
v 1.502929 -0.58755 7.827579
v 1.505 -0.585961 7.829649
v -1.50503 -0.586008 7.829679
v 1.502066 -0.588533 7.826715
v -1.503765 -0.586803 7.828414
v 1.507412 -0.584962 7.832061
v -1.507775 -0.584872 7.832425
v -1.507423 -0.584995 7.832073
v -1.505661 -0.585611 7.830311
v -1.505661 -0.585611 6.318989
v -1.503765 -0.586803 6.320884
v -1.502182 -0.588386 6.322468
v -1.500063 -0.593501 6.324587
v -1.500271 -0.5924 6.324378
v -1.500341 -0.592033 6.324309
v -1.50099 -0.590282 6.323659
v -1.501387 -0.589651 6.323263
v -1.502973 -0.587594 6.321676
v -1.50503 -0.586008 6.31962
v -1.507775 -0.584872 6.316875
v -1.507423 -0.584995 6.317227
v 1.500761 -0.590794 6.323888
v 1.50134 -0.589621 6.32331
v 1.507412 -0.584962 6.317238
v 1.505 -0.585961 6.31965
v 1.502929 -0.58755 6.321721
v 1.502066 -0.588533 6.322583
v 1.500341 -0.592033 6.324309
v 1.500086 -0.593316 6.324564
v 1.041145 1.375379 7.854324
v 1.041145 1.375379 7.843348
v 1.07895 1.375379 7.854324
v 1.07895 1.375379 7.943348
v 1.092364 1.375379 7.943348
v 1.092364 1.375379 7.843348
v 0.958218 1.375379 7.859507
v 0.958218 1.375379 7.848531
v 0.96001 1.375379 7.858514
v 0.970611 1.375379 7.854578
v 0.983885 1.375379 7.853105
v 0.993212 1.375379 7.854151
v 1.000499 1.375379 7.856833
v 1.006636 1.375379 7.86097
v 1.011328 1.375379 7.86592
v 1.015464 1.375379 7.872854
v 1.018181 1.375379 7.881456
v 1.019194 1.375379 7.892281
v 1.018717 1.375379 7.900062
v 1.016051 1.375379 7.910767
v 1.011928 1.375379 7.918488
v 1.00589 1.375379 7.925155
v 0.998968 1.375379 7.929785
v 0.991483 1.375379 7.932486
v 0.981637 1.375379 7.933592
v 0.969482 1.375379 7.932013
v 0.958218 1.375379 7.927189
v 0.958218 1.375379 7.940604
v 0.981751 1.375379 7.944568
v 0.96978 1.375379 7.943742
v 0.991795 1.375379 7.943748
v 1.002943 1.375379 7.940509
v 1.012441 1.375379 7.935041
v 1.021469 1.375379 7.926359
v 1.027331 1.375379 7.917009
v 1.03117 1.375379 7.905679
v 1.032608 1.375379 7.891462
v 1.031641 1.375379 7.87988
v 1.028632 1.375379 7.869296
v 1.023304 1.375379 7.859787
v 1.015793 1.375379 7.851879
v 1.007749 1.375379 7.846743
v 0.998057 1.375379 7.843407
v 0.985733 1.375379 7.842129
v 0.968877 1.375379 7.844155
v 0.982999 1.375379 7.842175
v 0.885047 1.375379 7.854324
v 0.885047 1.375379 7.843348
v 0.925291 1.375379 7.854324
v 0.925291 1.375379 7.88847
v 0.889925 1.375379 7.88847
v 0.889925 1.375379 7.899446
v 0.925291 1.375379 7.899446
v 0.925291 1.375379 7.932373
v 0.887486 1.375379 7.932373
v 0.887486 1.375379 7.943348
v 0.938706 1.375379 7.943348
v 0.938706 1.375379 7.843348
v 0.78846 1.375379 7.913868
v 0.793107 1.375379 7.922468
v 0.80512 1.375379 7.918349
v 0.800179 1.375379 7.930309
v 0.809977 1.375379 7.923507
v 0.800283 1.375379 7.930402
v 0.817282 1.375379 7.928226
v 0.811167 1.375379 7.937696
v 0.825536 1.375379 7.931114
v 0.822868 1.375379 7.941804
v 0.837372 1.375379 7.932373
v 0.837315 1.375379 7.943348
v 0.852121 1.375379 7.932373
v 0.865535 1.375379 7.943348
v 0.852121 1.375379 7.854324
v 0.865535 1.375379 7.843348
v 0.837925 1.375379 7.854324
v 0.838344 1.375379 7.843348
v 0.827375 1.375379 7.855306
v 0.825971 1.375379 7.844429
v 0.818959 1.375379 7.857933
v 0.814448 1.375379 7.847863
v 0.81214 1.375379 7.861982
v 0.804006 1.375379 7.853931
v 0.806531 1.375379 7.867523
v 0.795775 1.375379 7.861812
v 0.802313 1.375379 7.874417
v 0.790041 1.375379 7.870756
v 0.79938 1.375379 7.883817
v 0.786451 1.375379 7.881223
v 0.798462 1.375379 7.89432
v 0.785047 1.375379 7.894606
v 0.799312 1.375379 7.904273
v 0.785774 1.375379 7.904016
v 0.801646 1.375379 7.912182
v 0.837372 1.365379 7.932373
v 0.852121 1.365379 7.932373
v 0.852121 1.365379 7.854324
v 0.837925 1.365379 7.854324
v 0.798462 1.365379 7.89432
v 0.79938 1.365379 7.883817
v 0.802313 1.365379 7.874417
v 0.806531 1.365379 7.867523
v 0.81214 1.365379 7.861982
v 0.818959 1.365379 7.857933
v 0.827375 1.365379 7.855306
v 0.825536 1.365379 7.931114
v 0.817282 1.365379 7.928226
v 0.809977 1.365379 7.923507
v 0.80512 1.365379 7.918349
v 0.801646 1.365379 7.912182
v 0.799312 1.365379 7.904273
v 0.750177 1.375379 7.882372
v 0.75355 1.375379 7.871397
v 0.716736 1.375379 7.882372
v 0.712239 1.375379 7.871397
v 0.735257 1.375379 7.924141
v 0.739925 1.375379 7.943348
v 0.77773 1.375379 7.843348
v 0.763096 1.375379 7.843348
v 0.734295 1.375379 7.927609
v 0.733656 1.375379 7.931153
v 0.726511 1.375379 7.943348
v 0.733332 1.375379 7.931153
v 0.73268 1.375379 7.92762
v 0.731789 1.375379 7.924141
v 0.687486 1.375379 7.843348
v 0.702121 1.375379 7.843348
v 0.750177 1.365379 7.882372
v 0.716736 1.365379 7.882372
v 0.731789 1.365379 7.924141
v 0.733332 1.365379 7.931153
v 0.73268 1.365379 7.92762
v 0.733656 1.365379 7.931153
v 0.735257 1.365379 7.924141
v 0.734295 1.365379 7.927609
v -1.539971 0.504387 5.19965
v -1.510388 0.588932 5.19965
v -1.535052 0.518445 5.19965
v -1.462733 0.664775 5.19965
v -1.494517 0.61419 5.19965
v -1.399396 0.728112 5.19965
v -1.431064 0.696443 5.19965
v -1.323553 0.775767 5.19965
v -1.348811 0.759896 5.19965
v -1.239008 0.80535 5.19965
v -1.253066 0.800431 5.19965
v -1.060992 0.80535 5.19965
v -1.15 0.815379 5.19965
v -0.976447 0.775767 5.19965
v -1.046934 0.800431 5.19965
v -0.900604 0.728112 5.19965
v -0.951189 0.759896 5.19965
v -0.837267 0.664775 5.19965
v -0.868936 0.696443 5.19965
v -0.789612 0.588932 5.19965
v -0.805483 0.61419 5.19965
v -0.760029 0.504387 5.19965
v -0.764948 0.518445 5.19965
v -0.760029 0.326371 5.19965
v -0.75 0.415379 5.19965
v -0.789612 0.241826 5.19965
v -0.764948 0.312313 5.19965
v -0.837267 0.165983 5.19965
v -0.805483 0.216568 5.19965
v -0.900604 0.102646 5.19965
v -0.868936 0.134315 5.19965
v -0.976447 0.054991 5.19965
v -0.951189 0.070862 5.19965
v -1.060992 0.025408 5.19965
v -1.046934 0.030327 5.19965
v -1.239008 0.025408 5.19965
v -1.15 0.015379 5.19965
v -1.323553 0.054991 5.19965
v -1.253066 0.030327 5.19965
v -1.399396 0.102646 5.19965
v -1.348811 0.070862 5.19965
v -1.462733 0.165983 5.19965
v -1.431064 0.134315 5.19965
v -1.510388 0.241826 5.19965
v -1.494517 0.216568 5.19965
v -1.55 0.415379 5.19965
v -1.539971 0.326371 5.19965
v -1.535052 0.312313 5.19965
v -0.85 0.415379 5.099649
v -0.857522 0.348623 5.099649
v -1.15 0.415379 5.099649
v -0.915451 0.602426 5.099649
v -0.879709 0.545544 5.099649
v -0.857522 0.482135 5.099649
v -1.083244 0.707857 5.099649
v -1.019835 0.68567 5.099649
v -0.962953 0.649928 5.099649
v -1.280165 0.68567 5.099649
v -1.216756 0.707857 5.099649
v -1.15 0.715379 5.099649
v -1.420291 0.545544 5.099649
v -1.384549 0.602426 5.099649
v -1.337047 0.649928 5.099649
v -1.442478 0.348623 5.099649
v -1.45 0.415379 5.099649
v -1.442478 0.482135 5.099649
v -1.337047 0.18083 5.099649
v -1.384549 0.228332 5.099649
v -1.420291 0.285214 5.099649
v -1.15 0.115379 5.099649
v -1.216756 0.122901 5.099649
v -1.280165 0.145088 5.099649
v -0.962953 0.18083 5.099649
v -1.019835 0.145088 5.099649
v -1.083244 0.122901 5.099649
v -0.879709 0.285214 5.099649
v -0.915451 0.228332 5.099649
v 0.760029 0.504387 5.19965
v 0.789612 0.588932 5.19965
v 0.764948 0.518445 5.19965
v 0.837267 0.664775 5.19965
v 0.805483 0.61419 5.19965
v 0.900604 0.728112 5.19965
v 0.868936 0.696443 5.19965
v 0.976447 0.775767 5.19965
v 0.951189 0.759896 5.19965
v 1.060992 0.80535 5.19965
v 1.046934 0.800431 5.19965
v 1.239008 0.80535 5.19965
v 1.15 0.815379 5.19965
v 1.323553 0.775767 5.19965
v 1.253066 0.800431 5.19965
v 1.399396 0.728112 5.19965
v 1.348811 0.759896 5.19965
v 1.462733 0.664775 5.19965
v 1.431064 0.696443 5.19965
v 1.510388 0.588932 5.19965
v 1.494517 0.61419 5.19965
v 1.539971 0.504387 5.19965
v 1.535052 0.518445 5.19965
v 1.539971 0.326371 5.19965
v 1.55 0.415379 5.19965
v 1.510388 0.241826 5.19965
v 1.535052 0.312313 5.19965
v 1.462733 0.165983 5.19965
v 1.494517 0.216568 5.19965
v 1.399396 0.102646 5.19965
v 1.431064 0.134315 5.19965
v 1.323553 0.054991 5.19965
v 1.348811 0.070862 5.19965
v 1.239008 0.025408 5.19965
v 1.253066 0.030327 5.19965
v 1.060992 0.025408 5.19965
v 1.15 0.015379 5.19965
v 0.976447 0.054991 5.19965
v 1.046934 0.030327 5.19965
v 0.900604 0.102646 5.19965
v 0.951189 0.070862 5.19965
v 0.837267 0.165983 5.19965
v 0.868936 0.134315 5.19965
v 0.789612 0.241826 5.19965
v 0.805483 0.216568 5.19965
v 0.75 0.415379 5.19965
v 0.760029 0.326371 5.19965
v 0.764948 0.312313 5.19965
v 1.45 0.415379 5.099649
v 1.442478 0.348623 5.099649
v 1.15 0.415379 5.099649
v 1.384549 0.602426 5.099649
v 1.420291 0.545544 5.099649
v 1.442478 0.482135 5.099649
v 1.216756 0.707857 5.099649
v 1.280165 0.68567 5.099649
v 1.337047 0.649928 5.099649
v 1.019835 0.68567 5.099649
v 1.083244 0.707857 5.099649
v 1.15 0.715379 5.099649
v 0.879709 0.545544 5.099649
v 0.915451 0.602426 5.099649
v 0.962953 0.649928 5.099649
v 0.857522 0.348623 5.099649
v 0.85 0.415379 5.099649
v 0.857522 0.482135 5.099649
v 0.962953 0.18083 5.099649
v 0.915451 0.228332 5.099649
v 0.879709 0.285214 5.099649
v 1.15 0.115379 5.099649
v 1.083244 0.122901 5.099649
v 1.019835 0.145088 5.099649
v 1.337047 0.18083 5.099649
v 1.280165 0.145088 5.099649
v 1.216756 0.122901 5.099649
v 1.420291 0.285214 5.099649
v 1.384549 0.228332 5.099649
v 1.507318 0.243304 5.173768
v 1.23825 0.02873 5.173768
v 0.977925 0.058061 5.173768
v 0.763351 0.327129 5.173768
v 0.792682 0.587454 5.173768
v 1.06175 0.802028 5.173768
v 1.322075 0.772697 5.173768
v 1.536649 0.503629 5.173768
v 1.443609 0.556774 5.103057
v 1.404785 0.618563 5.103057
v 1.465339 0.567238 5.113047
v 1.423641 0.6336 5.113047
v 1.483999 0.576224 5.128939
v 1.439833 0.646513 5.128939
v 1.498317 0.58312 5.14965
v 1.452258 0.656422 5.14965
v 1.507318 0.587454 5.173768
v 1.460068 0.66265 5.173768
v 1.008605 0.708988 5.103057
v 0.946816 0.670164 5.103057
v 0.998141 0.730718 5.113047
v 0.931779 0.68902 5.113047
v 0.989155 0.749378 5.128939
v 0.918866 0.705212 5.128939
v 0.982259 0.763696 5.14965
v 0.908957 0.717637 5.14965
v 0.977925 0.772697 5.173768
v 0.902729 0.725448 5.173768
v 0.856391 0.273984 5.103057
v 0.895215 0.212195 5.103057
v 0.834661 0.26352 5.113047
v 0.876359 0.197158 5.113047
v 0.816001 0.254534 5.128939
v 0.860167 0.184245 5.128939
v 0.801683 0.247638 5.14965
v 0.847742 0.174336 5.14965
v 0.792682 0.243304 5.173768
v 0.839931 0.168108 5.173768
v 1.291395 0.12177 5.103057
v 1.353184 0.160594 5.103057
v 1.301859 0.10004 5.113047
v 1.368222 0.141738 5.113047
v 1.310845 0.08138 5.128939
v 1.381134 0.125546 5.128939
v 1.317741 0.067062 5.14965
v 1.391043 0.113121 5.14965
v 1.322075 0.058061 5.173768
v 1.397271 0.10531 5.173768
v 1.475882 0.415379 5.103057
v 1.467711 0.487895 5.103057
v 1.5 0.415379 5.113047
v 1.491225 0.493261 5.113047
v 1.520711 0.415379 5.128939
v 1.511416 0.49787 5.128939
v 1.536602 0.415379 5.14965
v 1.52691 0.501406 5.14965
v 1.546593 0.415379 5.173768
v 1.397271 0.725448 5.173768
v 1.391043 0.717637 5.14965
v 1.381134 0.705212 5.128939
v 1.368222 0.68902 5.113047
v 1.353184 0.670164 5.103057
v 1.317741 0.763696 5.14965
v 1.310845 0.749378 5.128939
v 1.301859 0.730718 5.113047
v 1.291395 0.708988 5.103057
v 1.23825 0.802028 5.173768
v 1.236027 0.792289 5.14965
v 1.232491 0.776795 5.128939
v 1.227882 0.756604 5.113047
v 1.222516 0.73309 5.103057
v 1.15 0.741261 5.103057
v 1.15 0.765379 5.113047
v 1.15 0.78609 5.128939
v 1.15 0.801982 5.14965
v 1.15 0.811972 5.173768
v 1.077484 0.73309 5.103057
v 1.072118 0.756604 5.113047
v 1.067509 0.776795 5.128939
v 1.063973 0.792289 5.14965
v 0.839931 0.66265 5.173768
v 0.847742 0.656422 5.14965
v 0.860167 0.646513 5.128939
v 0.876359 0.6336 5.113047
v 0.895215 0.618563 5.103057
v 0.801683 0.58312 5.14965
v 0.816001 0.576224 5.128939
v 0.834661 0.567238 5.113047
v 0.856391 0.556774 5.103057
v 0.763351 0.503629 5.173768
v 0.77309 0.501406 5.14965
v 0.788584 0.49787 5.128939
v 0.808775 0.493261 5.113047
v 0.832289 0.487895 5.103057
v 0.824118 0.415379 5.103057
v 0.8 0.415379 5.113047
v 0.779289 0.415379 5.128939
v 0.763397 0.415379 5.14965
v 0.753407 0.415379 5.173768
v 0.832289 0.342863 5.103057
v 0.808775 0.337497 5.113047
v 0.788584 0.332888 5.128939
v 0.77309 0.329352 5.14965
v 0.902729 0.10531 5.173768
v 0.908957 0.113121 5.14965
v 0.918866 0.125546 5.128939
v 0.931779 0.141738 5.113047
v 0.946816 0.160594 5.103057
v 0.982259 0.067062 5.14965
v 0.989155 0.08138 5.128939
v 0.998141 0.10004 5.113047
v 1.008605 0.12177 5.103057
v 1.06175 0.02873 5.173768
v 1.063973 0.038469 5.14965
v 1.067509 0.053963 5.128939
v 1.072118 0.074154 5.113047
v 1.077484 0.097668 5.103057
v 1.15 0.089497 5.103057
v 1.15 0.065379 5.113047
v 1.15 0.044668 5.128939
v 1.15 0.028776 5.14965
v 1.15 0.018786 5.173768
v 1.222516 0.097668 5.103057
v 1.227882 0.074154 5.113047
v 1.232491 0.053963 5.128939
v 1.236027 0.038469 5.14965
v 1.460068 0.168108 5.173768
v 1.452258 0.174336 5.14965
v 1.439833 0.184245 5.128939
v 1.423641 0.197158 5.113047
v 1.404785 0.212195 5.103057
v 1.498317 0.247638 5.14965
v 1.483999 0.254534 5.128939
v 1.465339 0.26352 5.113047
v 1.443609 0.273984 5.103057
v 1.536649 0.327129 5.173768
v 1.52691 0.329352 5.14965
v 1.511416 0.332888 5.128939
v 1.491225 0.337497 5.113047
v 1.467711 0.342863 5.103057
v -0.792682 0.243304 5.173768
v -1.06175 0.02873 5.173768
v -1.322075 0.058061 5.173768
v -1.536649 0.327129 5.173768
v -1.507318 0.587454 5.173768
v -1.23825 0.802028 5.173768
v -0.977925 0.772697 5.173768
v -0.763351 0.503629 5.173768
v -0.856391 0.556774 5.103057
v -0.895215 0.618563 5.103057
v -0.834661 0.567238 5.113047
v -0.876359 0.6336 5.113047
v -0.816001 0.576224 5.128939
v -0.860167 0.646513 5.128939
v -0.801683 0.58312 5.14965
v -0.847742 0.656422 5.14965
v -0.792682 0.587454 5.173768
v -0.839931 0.66265 5.173768
v -1.291395 0.708988 5.103057
v -1.353184 0.670164 5.103057
v -1.301859 0.730718 5.113047
v -1.368222 0.68902 5.113047
v -1.310845 0.749378 5.128939
v -1.381134 0.705212 5.128939
v -1.317741 0.763696 5.14965
v -1.391043 0.717637 5.14965
v -1.322075 0.772697 5.173768
v -1.397271 0.725448 5.173768
v -1.443609 0.273984 5.103057
v -1.404785 0.212195 5.103057
v -1.465339 0.26352 5.113047
v -1.423641 0.197158 5.113047
v -1.483999 0.254534 5.128939
v -1.439833 0.184245 5.128939
v -1.498317 0.247638 5.14965
v -1.452258 0.174336 5.14965
v -1.507318 0.243304 5.173768
v -1.460068 0.168108 5.173768
v -1.008605 0.12177 5.103057
v -0.946816 0.160594 5.103057
v -0.998141 0.10004 5.113047
v -0.931779 0.141738 5.113047
v -0.989155 0.08138 5.128939
v -0.918866 0.125546 5.128939
v -0.982259 0.067062 5.14965
v -0.908957 0.113121 5.14965
v -0.977925 0.058061 5.173768
v -0.902729 0.10531 5.173768
v -0.824118 0.415379 5.103057
v -0.832289 0.487895 5.103057
v -0.8 0.415379 5.113047
v -0.808775 0.493261 5.113047
v -0.779289 0.415379 5.128939
v -0.788584 0.49787 5.128939
v -0.763397 0.415379 5.14965
v -0.77309 0.501406 5.14965
v -0.753407 0.415379 5.173768
v -0.902729 0.725448 5.173768
v -0.908957 0.717637 5.14965
v -0.918866 0.705212 5.128939
v -0.931779 0.68902 5.113047
v -0.946816 0.670164 5.103057
v -0.982259 0.763696 5.14965
v -0.989155 0.749378 5.128939
v -0.998141 0.730718 5.113047
v -1.008605 0.708988 5.103057
v -1.06175 0.802028 5.173768
v -1.063973 0.792289 5.14965
v -1.067509 0.776795 5.128939
v -1.072118 0.756604 5.113047
v -1.077484 0.73309 5.103057
v -1.15 0.741261 5.103057
v -1.15 0.765379 5.113047
v -1.15 0.78609 5.128939
v -1.15 0.801982 5.14965
v -1.15 0.811972 5.173768
v -1.222516 0.73309 5.103057
v -1.227882 0.756604 5.113047
v -1.232491 0.776795 5.128939
v -1.236027 0.792289 5.14965
v -1.460068 0.66265 5.173768
v -1.452258 0.656422 5.14965
v -1.439833 0.646513 5.128939
v -1.423641 0.6336 5.113047
v -1.404785 0.618563 5.103057
v -1.498317 0.58312 5.14965
v -1.483999 0.576224 5.128939
v -1.465339 0.567238 5.113047
v -1.443609 0.556774 5.103057
v -1.536649 0.503629 5.173768
v -1.52691 0.501406 5.14965
v -1.511416 0.49787 5.128939
v -1.491225 0.493261 5.113047
v -1.467711 0.487895 5.103057
v -1.475882 0.415379 5.103057
v -1.5 0.415379 5.113047
v -1.520711 0.415379 5.128939
v -1.536602 0.415379 5.14965
v -1.546593 0.415379 5.173768
v -1.467711 0.342863 5.103057
v -1.491225 0.337497 5.113047
v -1.511416 0.332888 5.128939
v -1.52691 0.329352 5.14965
v -1.397271 0.10531 5.173768
v -1.391043 0.113121 5.14965
v -1.381134 0.125546 5.128939
v -1.368222 0.141738 5.113047
v -1.353184 0.160594 5.103057
v -1.317741 0.067062 5.14965
v -1.310845 0.08138 5.128939
v -1.301859 0.10004 5.113047
v -1.291395 0.12177 5.103057
v -1.23825 0.02873 5.173768
v -1.236027 0.038469 5.14965
v -1.232491 0.053963 5.128939
v -1.227882 0.074154 5.113047
v -1.222516 0.097668 5.103057
v -1.15 0.089497 5.103057
v -1.15 0.065379 5.113047
v -1.15 0.044668 5.128939
v -1.15 0.028776 5.14965
v -1.15 0.018786 5.173768
v -1.077484 0.097668 5.103057
v -1.072118 0.074154 5.113047
v -1.067509 0.053963 5.128939
v -1.063973 0.038469 5.14965
v -0.839931 0.168108 5.173768
v -0.847742 0.174336 5.14965
v -0.860167 0.184245 5.128939
v -0.876359 0.197158 5.113047
v -0.895215 0.212195 5.103057
v -0.801683 0.247638 5.14965
v -0.816001 0.254534 5.128939
v -0.834661 0.26352 5.113047
v -0.856391 0.273984 5.103057
v -0.763351 0.327129 5.173768
v -0.77309 0.329352 5.14965
v -0.788584 0.332888 5.128939
v -0.808775 0.337497 5.113047
v -0.832289 0.342863 5.103057
v -2.831174 -0.584621 5.89965
v -2.831174 -0.684621 5.89965
v -3.9 -0.584621 5.89965
v -4.0 -0.684621 5.89965
v -3.9 -0.284621 5.89965
v -4.0 -0.284621 5.89965
v 2.318826 -0.684621 5.89965
v -2.318826 -0.684621 5.89965
v 2.318826 -0.584621 5.89965
v -2.318826 -0.584621 5.89965
v 4.0 -0.584621 8.14965
v 4.0 -0.584621 6.69965
v 3.9 -0.584621 6.69965
v -3.0 -0.584621 6.57465
v -3.0 -0.584621 7.574649
v -3.9 -0.584621 6.69965
v -4.0 -0.584621 6.69965
v 2.5 -0.584621 7.574649
v 3.9 -0.584621 8.24965
v 3.0 -0.584621 7.574649
v 3.925882 -0.584621 8.246243
v 3.95 -0.584621 8.236252
v -1.525 -0.584621 6.281348
v -1.512941 -0.584621 6.276353
v -2.5 -0.584621 6.57465
v 3.970711 -0.584621 8.220361
v 3.986603 -0.584621 8.19965
v 3.996593 -0.584621 8.175531
v 2.718248 -0.584621 6.000173
v 2.690284 -0.584621 6.031311
v 3.0 -0.584621 6.57465
v -1.512941 -0.584621 7.872946
v -2.5 -0.584621 7.574649
v -3.9 -0.584621 8.24965
v -3.925882 -0.584621 8.246243
v -4.0 -0.584621 8.14965
v -3.996593 -0.584621 8.175531
v -3.986603 -0.584621 8.19965
v -3.970711 -0.584621 8.220361
v -3.95 -0.584621 8.236252
v 2.73802 -0.584621 5.963286
v 1.512941 -0.584621 7.872946
v 1.5 -0.584621 7.87465
v -1.5 -0.584621 7.87465
v 1.548296 -0.584621 7.837591
v 1.543301 -0.584621 7.849649
v -1.525 -0.584621 7.867951
v -1.535355 -0.584621 7.860005
v -1.543301 -0.584621 7.849649
v 1.512941 -0.584621 6.276353
v 1.525 -0.584621 6.281348
v 2.5 -0.584621 6.57465
v 1.535355 -0.584621 6.289294
v 1.543301 -0.584621 6.29965
v 1.535355 -0.584621 7.860005
v 1.525 -0.584621 7.867951
v -2.533449 -0.584621 6.069645
v -2.575 -0.584621 6.07465
v -1.548296 -0.584621 6.311708
v -1.543301 -0.584621 6.29965
v -1.535355 -0.584621 6.289294
v 1.548296 -0.584621 6.311708
v 1.55 -0.584621 6.32465
v 1.55 -0.584621 7.82465
v 2.785044 -0.584621 5.910924
v 2.765297 -0.584621 5.924415
v 2.80743 -0.584621 5.902509
v 2.831174 -0.584621 5.89965
v 3.9 -0.584621 5.89965
v 2.749318 -0.584621 5.942208
v 2.575 -0.584621 6.07465
v 2.616551 -0.584621 6.069645
v 2.655726 -0.584621 6.054918
v 2.533449 -0.584621 6.069645
v 2.494274 -0.584621 6.054918
v 2.459716 -0.584621 6.031311
v 2.431752 -0.584621 6.000173
v -2.616551 -0.584621 6.069645
v -2.655726 -0.584621 6.054918
v -1.548296 -0.584621 7.837591
v -1.55 -0.584621 7.82465
v -1.55 -0.584621 6.32465
v -2.41198 -0.584621 5.963286
v -2.431752 -0.584621 6.000173
v -2.459716 -0.584621 6.031311
v -2.494274 -0.584621 6.054918
v -2.690284 -0.584621 6.031311
v -2.718248 -0.584621 6.000173
v -2.73802 -0.584621 5.963286
v -2.765297 -0.584621 5.924415
v -2.785044 -0.584621 5.910924
v -2.80743 -0.584621 5.902509
v -2.749318 -0.584621 5.942208
v -2.364955 -0.584621 5.910924
v -2.384703 -0.584621 5.924415
v -2.400682 -0.584621 5.942208
v 2.41198 -0.584621 5.963286
v 2.400682 -0.584621 5.942208
v 2.384703 -0.584621 5.924415
v 2.364955 -0.584621 5.910924
v 2.34257 -0.584621 5.902509
v 1.5 -0.584621 6.27465
v -1.5 -0.584621 6.27465
v -2.34257 -0.584621 5.902509
v -4.0 -0.684621 8.14965
v -4.0 -0.262369 5.902157
v -4.0 -0.184621 5.99965
v -4.0 -0.184621 6.59965
v -4.0 -0.284621 6.69965
v -4.0 -0.258739 6.696242
v -4.0 -0.234621 6.686252
v -4.0 -0.206438 5.937301
v -4.0 -0.194524 5.956262
v -4.0 -0.187128 5.977398
v -4.0 -0.222272 5.921467
v -4.0 -0.241233 5.909553
v -4.0 -0.21391 6.670361
v -4.0 -0.198018 6.64965
v -4.0 -0.188028 6.625532
v 3.9 -0.284621 5.89965
v 4.0 -0.284621 5.89965
v 4.0 -0.684621 5.89965
v 2.831174 -0.684621 5.89965
v 4.0 -0.684621 8.14965
v 4.0 -0.284621 6.69965
v 4.0 -0.184621 5.99965
v 4.0 -0.258739 5.903057
v 4.0 -0.188028 5.973768
v 4.0 -0.234621 5.913047
v 4.0 -0.21391 5.928939
v 4.0 -0.198018 5.949649
v 4.0 -0.21391 6.670361
v 4.0 -0.234621 6.686252
v 4.0 -0.198018 6.64965
v 4.0 -0.188028 6.625532
v 4.0 -0.184621 6.59965
v 4.0 -0.258739 6.696242
v 3.9 -0.684621 8.24965
v -3.9 -0.684621 8.24965
v 2.73802 -0.684621 5.963286
v 2.655726 -0.684621 6.054918
v 2.690284 -0.684621 6.031311
v 3.0 -0.684621 6.57465
v 1.525 -0.684621 6.281348
v 1.512941 -0.684621 6.276353
v 2.5 -0.684621 6.57465
v 1.525 -0.684621 7.867951
v 1.535355 -0.684621 7.860005
v 2.5 -0.684621 7.574649
v 1.543301 -0.684621 7.849649
v 2.494274 -0.684621 6.054918
v 2.459716 -0.684621 6.031311
v 2.431752 -0.684621 6.000173
v 2.718248 -0.684621 6.000173
v -2.718248 -0.684621 6.000173
v -2.690284 -0.684621 6.031311
v -3.0 -0.684621 6.57465
v 3.0 -0.684621 7.574649
v 3.996593 -0.684621 8.175531
v 3.986603 -0.684621 8.19965
v 3.970711 -0.684621 8.220361
v 3.95 -0.684621 8.236252
v 2.533449 -0.684621 6.069645
v 2.575 -0.684621 6.07465
v 2.616551 -0.684621 6.069645
v 1.548296 -0.684621 6.311708
v 1.543301 -0.684621 6.29965
v 1.535355 -0.684621 6.289294
v -2.73802 -0.684621 5.963286
v -3.925882 -0.684621 8.246243
v -3.0 -0.684621 7.574649
v -2.5 -0.684621 7.574649
v 2.364955 -0.684621 5.910924
v 2.384703 -0.684621 5.924415
v 2.749318 -0.684621 5.942208
v 2.765297 -0.684621 5.924415
v 2.80743 -0.684621 5.902509
v 2.785044 -0.684621 5.910924
v -2.575 -0.684621 6.07465
v -2.5 -0.684621 6.57465
v -2.616551 -0.684621 6.069645
v -2.655726 -0.684621 6.054918
v -3.95 -0.684621 8.236252
v -3.970711 -0.684621 8.220361
v -3.986603 -0.684621 8.19965
v 3.925882 -0.684621 8.246243
v 1.512941 -0.684621 7.872946
v 2.400682 -0.684621 5.942208
v 2.41198 -0.684621 5.963286
v 1.548296 -0.684621 7.837591
v 1.55 -0.684621 7.82465
v 1.55 -0.684621 6.32465
v -2.533449 -0.684621 6.069645
v -2.494274 -0.684621 6.054918
v -1.512941 -0.684621 6.276353
v -2.459716 -0.684621 6.031311
v -2.431752 -0.684621 6.000173
v -1.525 -0.684621 6.281348
v -1.535355 -0.684621 6.289294
v -1.543301 -0.684621 6.29965
v -3.996593 -0.684621 8.175531
v -2.80743 -0.684621 5.902509
v -2.41198 -0.684621 5.963286
v -2.400682 -0.684621 5.942208
v -2.384703 -0.684621 5.924415
v -1.512941 -0.684621 7.872946
v -1.5 -0.684621 7.87465
v 1.5 -0.684621 7.87465
v -1.548296 -0.684621 7.837591
v -1.543301 -0.684621 7.849649
v -2.364955 -0.684621 5.910924
v -2.34257 -0.684621 5.902509
v -1.5 -0.684621 6.27465
v 1.5 -0.684621 6.27465
v 2.34257 -0.684621 5.902509
v -1.535355 -0.684621 7.860005
v -1.525 -0.684621 7.867951
v -2.785044 -0.684621 5.910924
v -2.765297 -0.684621 5.924415
v -2.749318 -0.684621 5.942208
v -1.548296 -0.684621 6.311708
v -1.55 -0.684621 6.32465
v -1.55 -0.684621 7.82465
v 3.9 -0.284621 6.69965
v 3.9 -0.258739 6.696242
v 3.9 -0.234621 6.686252
v 3.9 -0.184621 6.59965
v 3.9 -0.188028 5.973768
v 3.9 -0.258739 5.903057
v 3.9 -0.184621 5.99965
v 3.9 -0.198018 5.949649
v 3.9 -0.21391 5.928939
v 3.9 -0.234621 5.913047
v 3.9 -0.21391 6.670361
v 3.9 -0.198018 6.64965
v 3.9 -0.188028 6.625532
v -3.9 -0.284621 6.69965
v -3.9 -0.258739 6.696242
v -3.9 -0.184621 6.59965
v -3.9 -0.184621 5.99965
v -3.9 -0.194524 5.956262
v -3.9 -0.241233 5.909553
v -3.9 -0.206438 5.937301
v -3.9 -0.222272 5.921467
v -3.9 -0.262369 5.902157
v -3.9 -0.187128 5.977398
v -3.9 -0.188028 6.625532
v -3.9 -0.198018 6.64965
v -3.9 -0.21391 6.670361
v -3.9 -0.234621 6.686252
usemtl 1
f 1// 2// 3//
f 4// 5// 6//
f 7// 8// 9//
f 10// 11// 12//
f 13// 14// 4//
f 15// 16// 17//
f 17// 16// 18//
f 19// 20// 21//
f 22// 23// 24//
f 18// 25// 17//
f 17// 25// 26//
f 17// 26// 27//
f 24// 28// 22//
f 22// 28// 29//
f 22// 29// 30//
f 23// 22// 21//
f 21// 22// 31//
f 21// 31// 19//
f 32// 33// 34//
f 20// 35// 21//
f 21// 35// 36//
f 21// 36// 37//
f 37// 36// 32//
f 37// 32// 38//
f 38// 32// 34//
f 38// 34// 39//
f 4// 14// 5//
f 5// 14// 40//
f 5// 40// 41//
f 41// 42// 5//
f 5// 42// 43//
f 5// 43// 44//
f 44// 43// 45//
f 44// 45// 46//
f 46// 45// 47//
f 46// 47// 34//
f 34// 47// 48//
f 34// 48// 39//
f 49// 50// 51//
f 51// 50// 52//
f 51// 52// 4//
f 4// 52// 53//
f 4// 53// 13//
f 54// 55// 10//
f 10// 55// 56//
f 56// 57// 10//
f 10// 57// 58//
f 10// 58// 59//
f 60// 61// 62//
f 62// 61// 63//
f 61// 55// 63//
f 63// 55// 54//
f 63// 54// 64//
f 64// 54// 65//
f 64// 65// 66//
f 66// 65// 67//
f 66// 67// 68//
f 68// 67// 69//
f 68// 69// 70//
f 71// 72// 73//
f 74// 75// 17//
f 17// 75// 76//
f 17// 76// 77//
f 71// 73// 69//
f 69// 73// 78//
f 69// 78// 70//
f 79// 80// 71//
f 71// 80// 81//
f 71// 81// 72//
f 77// 82// 17//
f 17// 82// 83//
f 17// 83// 71//
f 71// 83// 84//
f 71// 84// 79//
f 74// 17// 85//
f 85// 17// 86//
f 85// 86// 87//
f 87// 86// 88//
f 87// 88// 89//
f 89// 88// 90//
f 89// 90// 91//
f 92// 93// 94//
f 94// 93// 95//
f 96// 97// 98//
f 98// 97// 7//
f 98// 7// 99//
f 99// 7// 9//
f 99// 9// 100//
f 100// 9// 94//
f 100// 94// 101//
f 101// 94// 95//
f 92// 94// 102//
f 102// 94// 103//
f 102// 103// 104//
f 105// 106// 107//
f 108// 103// 109//
f 109// 103// 94//
f 109// 94// 110//
f 110// 94// 111//
f 112// 113// 107//
f 107// 113// 108//
f 107// 108// 105//
f 105// 108// 109//
f 114// 115// 116//
f 116// 115// 117//
f 118// 119// 120//
f 120// 119// 121//
f 120// 121// 122//
f 123// 71// 124//
f 124// 71// 125//
f 30// 15// 22//
f 22// 15// 17//
f 22// 17// 126//
f 118// 127// 119//
f 119// 127// 128//
f 119// 128// 129//
f 129// 128// 130//
f 131// 132// 17//
f 17// 132// 133//
f 17// 133// 134//
f 134// 135// 17//
f 17// 135// 136//
f 17// 136// 137//
f 137// 136// 138//
f 137// 138// 139//
f 122// 121// 140//
f 140// 121// 141//
f 140// 141// 142//
f 137// 143// 17//
f 17// 143// 116//
f 17// 116// 126//
f 126// 116// 117//
f 144// 145// 138//
f 138// 145// 146//
f 138// 146// 139//
f 147// 148// 149//
f 149// 148// 150//
f 149// 150// 151//
f 151// 150// 129//
f 151// 129// 71//
f 71// 129// 130//
f 71// 130// 125//
f 123// 152// 71//
f 71// 152// 153//
f 71// 153// 17//
f 17// 153// 154//
f 17// 154// 131//
f 144// 155// 145//
f 145// 155// 156//
f 145// 156// 157//
f 157// 156// 158//
f 157// 158// 159//
f 159// 158// 140//
f 159// 140// 160//
f 160// 140// 142//
f 161// 162// 163//
f 164// 165// 166//
f 167// 168// 151//
f 169// 170// 171//
f 171// 170// 172//
f 171// 172// 161//
f 161// 172// 173//
f 161// 173// 162//
f 163// 174// 161//
f 161// 174// 175//
f 161// 175// 164//
f 164// 175// 176//
f 164// 176// 165//
f 71// 177// 178//
f 178// 179// 71//
f 71// 179// 180//
f 71// 180// 151//
f 151// 180// 181//
f 151// 181// 167//
f 166// 182// 164//
f 164// 182// 183//
f 164// 183// 184//
f 185// 186// 71//
f 71// 186// 187//
f 71// 187// 177//
f 168// 188// 151//
f 151// 188// 189//
f 151// 189// 190//
f 190// 189// 172//
f 190// 172// 191//
f 191// 172// 170//
f 192// 193// 194//
f 194// 195// 192//
f 192// 195// 196//
f 192// 196// 197//
f 193// 198// 199//
f 199// 200// 193//
f 193// 200// 201//
f 193// 201// 194//
f 194// 201// 202//
f 194// 202// 203//
f 203// 202// 204//
f 203// 204// 205//
f 205// 206// 203//
f 203// 206// 207//
f 203// 207// 208//
f 209// 210// 203//
f 203// 210// 211//
f 212// 213// 214//
f 214// 213// 215//
f 211// 216// 203//
f 203// 216// 215//
f 203// 215// 217//
f 217// 215// 213//
f 208// 218// 203//
f 203// 218// 219//
f 203// 219// 209//
f 220// 221// 3//
f 222// 223// 94//
f 224// 225// 107//
f 107// 225// 226//
f 227// 228// 107//
f 107// 228// 229//
f 107// 229// 224//
f 3// 112// 220//
f 220// 112// 107//
f 220// 107// 230//
f 230// 107// 226//
f 223// 231// 94//
f 94// 231// 232//
f 94// 232// 233//
f 233// 227// 94//
f 94// 227// 107//
f 94// 107// 111//
f 111// 107// 106//
f 111// 106// 234//
f 197// 235// 90//
f 90// 235// 9//
f 90// 9// 91//
f 91// 9// 8//
f 235// 236// 9//
f 9// 236// 237//
f 9// 237// 94//
f 94// 237// 238//
f 94// 238// 222//
f 239// 240// 241//
f 241// 240// 51//
f 241// 51// 242//
f 242// 51// 4//
f 242// 4// 243//
f 243// 4// 6//
f 244// 245// 239//
f 239// 245// 246//
f 239// 246// 240//
f 240// 246// 247//
f 240// 247// 243//
f 243// 247// 248//
f 243// 248// 242//
f 249// 250// 240//
f 240// 250// 251//
f 240// 251// 252//
f 6// 2// 243//
f 243// 2// 1//
f 243// 1// 253//
f 253// 254// 243//
f 243// 254// 255//
f 243// 255// 256//
f 256// 257// 243//
f 243// 257// 258//
f 243// 258// 259//
f 252// 260// 240//
f 240// 260// 261//
f 240// 261// 262//
f 262// 261// 263//
f 262// 263// 1//
f 1// 263// 264//
f 1// 264// 253//
f 259// 265// 243//
f 243// 265// 266//
f 243// 266// 240//
f 240// 266// 267//
f 240// 267// 249//
f 221// 198// 3//
f 3// 198// 193//
f 3// 193// 1//
f 1// 193// 268//
f 268// 269// 1//
f 1// 269// 270//
f 1// 270// 262//
f 262// 270// 271//
f 262// 271// 192//
f 192// 271// 272//
f 192// 272// 193//
f 193// 272// 273//
f 193// 273// 268//
f 274// 275// 276//
f 276// 275// 270//
f 276// 270// 277//
f 277// 270// 269//
f 277// 269// 278//
f 278// 269// 279//
f 197// 90// 192//
f 192// 90// 88//
f 192// 88// 262//
f 262// 88// 86//
f 262// 86// 240//
f 240// 86// 17//
f 240// 17// 51//
f 51// 17// 27//
f 51// 27// 49//
f 10// 12// 54//
f 54// 12// 280//
f 54// 280// 65//
f 65// 280// 281//
f 65// 281// 67//
f 67// 281// 282//
f 67// 282// 69//
f 69// 282// 164//
f 69// 164// 71//
f 71// 164// 184//
f 71// 184// 185//
f 34// 283// 46//
f 46// 283// 284//
f 46// 284// 44//
f 285// 286// 287//
f 288// 289// 290//
f 291// 292// 287//
f 287// 292// 288//
f 287// 288// 285//
f 285// 288// 293//
f 285// 293// 294//
f 3// 290// 112//
f 112// 290// 295//
f 112// 295// 113//
f 113// 295// 296//
f 3// 2// 290//
f 290// 2// 6//
f 290// 6// 5//
f 288// 290// 293//
f 293// 290// 5//
f 293// 5// 297//
f 297// 5// 44//
f 297// 44// 284//
f 288// 298// 289//
f 289// 298// 299//
f 113// 296// 108//
f 108// 296// 300//
f 108// 300// 103//
f 299// 298// 301//
f 301// 298// 302//
f 302// 303// 301//
f 301// 303// 104//
f 301// 104// 304//
f 304// 104// 103//
f 304// 103// 300//
f 305// 306// 307//
f 307// 306// 308//
f 309// 310// 311//
f 311// 310// 312//
f 313// 314// 315//
f 316// 317// 318//
f 318// 317// 319//
f 318// 319// 320//
f 320// 319// 321//
f 320// 321// 322//
f 322// 321// 323//
f 314// 313// 324//
f 324// 313// 325//
f 324// 325// 326//
f 309// 327// 310//
f 310// 327// 328//
f 310// 328// 321//
f 321// 328// 329//
f 321// 329// 330//
f 316// 331// 317//
f 317// 331// 332//
f 317// 332// 325//
f 325// 332// 333//
f 325// 333// 326//
f 315// 334// 313//
f 313// 334// 335//
f 313// 335// 336//
f 337// 338// 339//
f 339// 338// 340//
f 341// 342// 337//
f 336// 343// 313//
f 313// 343// 344//
f 313// 344// 338//
f 338// 344// 345//
f 338// 345// 340//
f 330// 346// 321//
f 321// 346// 347//
f 321// 347// 323//
f 323// 347// 348//
f 323// 348// 349//
f 349// 350// 323//
f 323// 350// 351//
f 323// 351// 352//
f 352// 351// 353//
f 353// 351// 354//
f 354// 351// 355//
f 354// 355// 337//
f 337// 355// 356//
f 337// 356// 341//
f 357// 358// 338//
f 357// 338// 359//
f 342// 360// 337//
f 337// 360// 361//
f 337// 361// 338//
f 338// 361// 362//
f 338// 362// 359//
f 310// 363// 312//
f 312// 363// 338//
f 312// 338// 364//
f 364// 338// 358//
f 365// 366// 367//
f 368// 369// 370//
f 371// 370// 372//
f 372// 370// 373//
f 372// 373// 374//
f 375// 376// 377//
f 371// 378// 370//
f 370// 378// 379//
f 370// 379// 380//
f 367// 366// 380//
f 380// 366// 381//
f 380// 381// 382//
f 382// 383// 380//
f 380// 383// 384//
f 380// 384// 370//
f 370// 384// 385//
f 370// 385// 368//
f 377// 376// 386//
f 387// 388// 389//
f 365// 367// 390//
f 390// 367// 391//
f 390// 391// 376//
f 376// 391// 392//
f 376// 392// 386//
f 386// 392// 393//
f 386// 393// 394//
f 394// 395// 386//
f 386// 395// 396//
f 386// 396// 397//
f 375// 377// 389//
f 389// 377// 398//
f 389// 398// 387//
f 399// 400// 401//
f 402// 403// 404//
f 404// 403// 405//
f 404// 405// 406//
f 406// 405// 407//
f 406// 407// 408//
f 408// 407// 409//
f 409// 407// 410//
f 409// 410// 411//
f 412// 413// 401//
f 401// 413// 414//
f 401// 414// 415//
f 401// 400// 416//
f 416// 400// 417//
f 416// 417// 418//
f 399// 401// 419//
f 419// 401// 415//
f 419// 415// 410//
f 410// 415// 420//
f 410// 420// 411//
f 421// 422// 423//
f 402// 424// 403//
f 403// 424// 425//
f 403// 425// 426//
f 402// 427// 424//
f 424// 427// 421//
f 424// 421// 428//
f 428// 421// 423//
f 429// 430// 431//
f 429// 431// 425//
f 425// 431// 432//
f 425// 432// 426//
f 433// 434// 435//
f 435// 434// 436//
f 437// 438// 439//
f 439// 438// 440//
f 439// 440// 59//
f 441// 442// 443//
f 443// 442// 440//
f 443// 10// 441//
f 441// 10// 59//
f 441// 59// 444//
f 444// 59// 440//
f 444// 440// 445//
f 445// 440// 442//
f 33// 446// 447//
f 448// 449// 450//
f 283// 34// 451//
f 451// 34// 33//
f 451// 33// 450//
f 450// 33// 447//
f 450// 447// 448//
f 449// 448// 294//
f 294// 448// 285//
f 452// 453// 454//
f 454// 453// 455//
f 456// 457// 458//
f 458// 457// 459//
f 460// 461// 462//
f 462// 461// 463//
f 463// 464// 462//
f 462// 464// 465//
f 462// 465// 466//
f 466// 465// 467//
f 466// 467// 468//
f 469// 470// 471//
f 471// 470// 472//
f 471// 472// 473//
f 474// 475// 476//
f 476// 475// 477//
f 476// 477// 472//
f 472// 477// 478//
f 472// 478// 473//
f 474// 476// 479//
f 479// 476// 480//
f 479// 480// 481//
f 482// 483// 484//
f 468// 485// 466//
f 466// 485// 486//
f 466// 486// 487//
f 488// 489// 490//
f 490// 489// 491//
f 490// 491// 482//
f 482// 491// 492//
f 482// 492// 483//
f 480// 493// 494//
f 495// 496// 497//
f 497// 496// 498//
f 497// 498// 499//
f 500// 501// 490//
f 490// 501// 502//
f 490// 502// 488//
f 484// 481// 482//
f 482// 481// 480//
f 482// 480// 503//
f 503// 480// 494//
f 503// 494// 504//
f 504// 494// 505//
f 504// 505// 490//
f 490// 505// 506//
f 490// 506// 500//
f 507// 508// 509//
f 509// 508// 510//
f 509// 510// 511//
f 511// 510// 512//
f 511// 512// 513//
f 495// 497// 514//
f 514// 497// 470//
f 514// 470// 515//
f 516// 517// 518//
f 513// 519// 511//
f 511// 519// 520//
f 511// 520// 521//
f 498// 522// 499//
f 499// 522// 511//
f 499// 511// 523//
f 523// 511// 521//
f 493// 480// 524//
f 524// 480// 470//
f 524// 470// 525//
f 525// 470// 497//
f 525// 497// 526//
f 487// 527// 466//
f 466// 527// 528//
f 466// 528// 529//
f 529// 528// 515//
f 529// 515// 460//
f 460// 515// 470//
f 460// 470// 461//
f 461// 470// 469//
f 507// 509// 518//
f 518// 509// 530//
f 518// 530// 516//
f 531// 532// 533//
f 533// 532// 534//
f 533// 534// 535//
f 535// 534// 536//
f 526// 497// 533//
f 533// 497// 537//
f 533// 537// 538//
f 539// 540// 541//
f 538// 542// 533//
f 533// 542// 543//
f 533// 543// 531//
f 539// 541// 534//
f 534// 541// 544//
f 534// 544// 536//
f 545// 546// 547//
f 547// 546// 548//
usemtl 2
f 549// 550// 551//
f 551// 550// 552//
f 553// 554// 549//
f 549// 554// 550//
f 555// 556// 553//
f 553// 556// 554//
f 551// 552// 555//
f 555// 552// 556//
f 557// 558// 559//
f 559// 558// 560//
usemtl 1
f 561// 562// 563//
f 563// 562// 564//
f 565// 566// 561//
f 561// 566// 562//
f 567// 568// 565//
f 565// 568// 566//
f 563// 564// 567//
f 567// 564// 568//
f 569// 570// 571//
f 571// 570// 572//
f 573// 574// 575//
f 575// 574// 576//
f 577// 578// 573//
f 573// 578// 574//
f 579// 580// 577//
f 577// 580// 578//
f 575// 576// 579//
f 579// 576// 580//
f 581// 582// 583//
f 583// 582// 584//
f 303// 302// 585//
f 586// 587// 585//
f 585// 587// 588//
f 585// 588// 303//
f 589// 590// 591//
f 591// 590// 592//
f 447// 446// 593//
f 593// 446// 594//
f 593// 594// 595//
f 595// 594// 596//
f 597// 598// 599//
f 599// 598// 600//
f 600// 169// 599//
f 599// 169// 601//
f 599// 601// 602//
f 602// 601// 603//
f 602// 603// 171//
f 171// 603// 604//
f 171// 604// 169//
f 169// 604// 605//
f 169// 605// 601//
f 285// 448// 286//
f 286// 448// 447//
f 606// 447// 607//
f 607// 447// 593//
f 606// 608// 447//
f 447// 608// 609//
f 447// 609// 286//
f 609// 610// 286//
f 286// 610// 592//
f 286// 592// 590//
f 611// 548// 590//
f 590// 548// 286//
f 286// 548// 546//
f 286// 546// 612//
f 613// 614// 615//
f 616// 617// 618//
f 618// 617// 286//
f 618// 286// 619//
f 619// 286// 612//
f 613// 615// 590//
f 590// 615// 620//
f 590// 620// 611//
f 621// 585// 302//
f 298// 288// 302//
f 302// 288// 292//
f 622// 623// 302//
f 302// 623// 624//
f 302// 624// 621//
f 625// 626// 457//
f 627// 459// 453//
f 453// 459// 457//
f 453// 457// 455//
f 622// 302// 628//
f 628// 302// 292//
f 628// 292// 457//
f 457// 292// 629//
f 457// 629// 625//
f 626// 630// 457//
f 457// 630// 631//
f 457// 631// 455//
f 632// 633// 634//
f 632// 634// 453//
f 453// 634// 635//
f 453// 635// 627//
f 636// 140// 637//
f 637// 140// 158//
f 637// 158// 638//
f 638// 158// 156//
f 638// 156// 639//
f 639// 156// 155//
f 639// 155// 640//
f 640// 155// 144//
f 640// 144// 641//
f 641// 144// 138//
f 641// 138// 642//
f 642// 138// 136//
f 642// 136// 643//
f 643// 136// 135//
f 643// 135// 644//
f 644// 135// 134//
f 644// 134// 645//
f 645// 134// 133//
f 645// 133// 646//
f 646// 133// 132//
f 646// 132// 647//
f 647// 132// 131//
f 647// 131// 648//
f 648// 131// 154//
f 648// 154// 649//
f 649// 154// 153//
f 649// 153// 650//
f 650// 153// 152//
f 650// 152// 651//
f 651// 152// 123//
f 651// 123// 652//
f 652// 123// 124//
f 652// 124// 653//
f 653// 124// 125//
f 653// 125// 654//
f 654// 125// 130//
f 654// 130// 655//
f 655// 130// 128//
f 655// 128// 656//
f 656// 128// 127//
f 656// 127// 657//
f 657// 127// 118//
f 657// 118// 658//
f 658// 118// 120//
f 658// 120// 659//
f 659// 120// 122//
f 659// 122// 636//
f 636// 122// 140//
f 658// 659// 660//
f 660// 659// 636//
f 660// 636// 637//
f 655// 656// 660//
f 660// 656// 657//
f 660// 657// 658//
f 652// 653// 660//
f 660// 653// 654//
f 660// 654// 655//
f 649// 650// 660//
f 660// 650// 651//
f 660// 651// 652//
f 646// 647// 660//
f 660// 647// 648//
f 660// 648// 649//
f 643// 644// 660//
f 660// 644// 645//
f 660// 645// 646//
f 640// 641// 660//
f 660// 641// 642//
f 660// 642// 643//
f 637// 638// 660//
f 660// 638// 639//
f 660// 639// 640//
f 661// 38// 662//
f 662// 38// 39//
f 662// 39// 663//
f 39// 48// 663//
f 663// 48// 47//
f 663// 47// 664//
f 664// 47// 45//
f 664// 45// 665//
f 665// 45// 43//
f 665// 43// 666//
f 666// 43// 42//
f 666// 42// 667//
f 667// 42// 41//
f 667// 41// 668//
f 41// 40// 668//
f 668// 40// 14//
f 668// 14// 669//
f 669// 14// 13//
f 669// 13// 670//
f 13// 53// 670//
f 670// 53// 52//
f 670// 52// 671//
f 671// 52// 50//
f 671// 50// 672//
f 672// 50// 49//
f 672// 49// 673//
f 673// 49// 27//
f 673// 27// 674//
f 674// 27// 26//
f 674// 26// 675//
f 675// 26// 25//
f 675// 25// 676//
f 676// 25// 18//
f 676// 18// 677//
f 677// 18// 16//
f 677// 16// 678//
f 678// 16// 15//
f 678// 15// 679//
f 679// 15// 30//
f 679// 30// 680//
f 680// 30// 29//
f 680// 29// 681//
f 681// 29// 28//
f 681// 28// 682//
f 682// 28// 24//
f 682// 24// 683//
f 683// 24// 23//
f 683// 23// 684//
f 684// 23// 21//
f 684// 21// 661//
f 661// 21// 37//
f 661// 37// 38//
f 682// 683// 685//
f 685// 683// 684//
f 685// 684// 661//
f 679// 680// 685//
f 685// 680// 681//
f 685// 681// 682//
f 676// 677// 685//
f 685// 677// 678//
f 685// 678// 679//
f 673// 674// 685//
f 685// 674// 675//
f 685// 675// 676//
f 670// 671// 685//
f 685// 671// 672//
f 685// 672// 673//
f 667// 668// 685//
f 685// 668// 669//
f 685// 669// 670//
f 664// 665// 685//
f 685// 665// 666//
f 685// 666// 667//
f 661// 662// 685//
f 685// 662// 663//
f 685// 663// 664//
f 686// 172// 687//
f 687// 172// 189//
f 687// 189// 688//
f 688// 189// 188//
f 688// 188// 689//
f 689// 188// 168//
f 689// 168// 690//
f 690// 168// 167//
f 690// 167// 691//
f 691// 167// 181//
f 691// 181// 692//
f 692// 181// 180//
f 692// 180// 693//
f 693// 180// 179//
f 693// 179// 694//
f 694// 179// 178//
f 694// 178// 695//
f 695// 178// 177//
f 695// 177// 696//
f 696// 177// 187//
f 696// 187// 697//
f 697// 187// 186//
f 697// 186// 698//
f 698// 186// 185//
f 698// 185// 699//
f 699// 185// 184//
f 699// 184// 700//
f 700// 184// 183//
f 700// 183// 701//
f 701// 183// 182//
f 701// 182// 702//
f 702// 182// 166//
f 702// 166// 703//
f 703// 166// 165//
f 703// 165// 704//
f 704// 165// 176//
f 704// 176// 705//
f 705// 176// 175//
f 705// 175// 706//
f 706// 175// 174//
f 706// 174// 707//
f 707// 174// 163//
f 707// 163// 708//
f 708// 163// 162//
f 708// 162// 709//
f 709// 162// 173//
f 709// 173// 686//
f 686// 173// 172//
f 708// 709// 710//
f 710// 709// 686//
f 710// 686// 687//
f 705// 706// 710//
f 710// 706// 707//
f 710// 707// 708//
f 702// 703// 710//
f 710// 703// 704//
f 710// 704// 705//
f 699// 700// 710//
f 710// 700// 701//
f 710// 701// 702//
f 696// 697// 710//
f 710// 697// 698//
f 710// 698// 699//
f 693// 694// 710//
f 710// 694// 695//
f 710// 695// 696//
f 690// 691// 710//
f 710// 691// 692//
f 710// 692// 693//
f 687// 688// 710//
f 710// 688// 689//
f 710// 689// 690//
f 711// 602// 161//
f 161// 602// 171//
f 712// 602// 713//
f 713// 602// 714//
f 712// 715// 602//
f 602// 715// 716//
f 602// 716// 599//
f 711// 308// 602//
f 602// 308// 306//
f 602// 306// 714//
f 11// 10// 717//
f 717// 10// 443//
f 443// 440// 718//
f 718// 719// 443//
f 443// 719// 720//
f 443// 720// 721//
f 434// 717// 436//
f 436// 717// 443//
f 436// 443// 722//
f 722// 443// 721//
usemtl 3
f 723// 724// 725//
f 725// 724// 726//
f 724// 723// 304//
f 304// 723// 301//
f 295// 726// 296//
f 296// 726// 724//
f 296// 724// 300//
f 300// 724// 304//
f 725// 290// 289//
f 299// 301// 289//
f 289// 301// 723//
f 289// 723// 725//
f 290// 725// 295//
f 295// 725// 726//
f 727// 728// 729//
f 729// 728// 730//
f 729// 730// 731//
f 731// 730// 732//
f 730// 733// 732//
f 732// 733// 734//
f 732// 734// 735//
f 735// 734// 736//
f 735// 736// 737//
f 738// 442// 441//
f 736// 739// 737//
f 737// 739// 740//
f 737// 740// 741//
f 741// 740// 742//
f 741// 742// 743//
f 743// 742// 738//
f 743// 738// 744//
f 744// 738// 441//
f 442// 738// 445//
f 445// 738// 745//
f 444// 746// 441//
f 441// 746// 744//
f 747// 748// 749//
f 745// 750// 751//
f 751// 750// 752//
f 751// 752// 753//
f 753// 752// 754//
f 753// 754// 755//
f 749// 756// 747//
f 747// 756// 757//
f 747// 757// 758//
f 758// 757// 759//
f 758// 759// 760//
f 760// 759// 755//
f 760// 755// 761//
f 761// 755// 754//
f 444// 445// 746//
f 746// 445// 745//
f 746// 745// 762//
f 762// 745// 751//
f 745// 738// 742//
f 745// 742// 750//
f 750// 742// 740//
f 750// 740// 752//
f 752// 740// 739//
f 752// 739// 754//
f 754// 739// 736//
f 754// 736// 761//
f 761// 736// 734//
f 761// 734// 760//
f 760// 734// 733//
f 760// 733// 758//
f 758// 733// 730//
f 758// 730// 747//
f 748// 747// 728//
f 728// 747// 730//
f 749// 748// 727//
f 727// 748// 728//
f 756// 749// 729//
f 729// 749// 727//
f 756// 729// 757//
f 757// 729// 731//
f 757// 731// 759//
f 759// 731// 732//
f 759// 732// 755//
f 755// 732// 735//
f 755// 735// 753//
f 753// 735// 737//
f 753// 737// 751//
f 751// 737// 741//
f 751// 741// 762//
f 762// 741// 743//
f 762// 743// 746//
f 746// 743// 744//
f 763// 764// 765//
f 765// 764// 766//
f 765// 766// 767//
f 767// 766// 768//
f 767// 768// 769//
f 769// 768// 770//
f 769// 770// 771//
f 771// 770// 772//
f 771// 772// 773//
f 773// 772// 774//
f 773// 774// 775//
f 775// 774// 776//
f 775// 776// 777//
f 777// 776// 778//
f 779// 777// 780//
f 780// 777// 778//
f 781// 779// 782//
f 782// 779// 780//
f 783// 781// 784//
f 784// 781// 782//
f 783// 784// 785//
f 783// 785// 786//
f 786// 785// 787//
f 786// 787// 788//
f 788// 787// 789//
f 788// 789// 790//
f 790// 789// 791//
f 790// 791// 792//
f 792// 791// 793//
f 792// 793// 794//
f 794// 793// 795//
f 794// 795// 796//
f 796// 795// 797//
f 796// 797// 798//
f 784// 782// 780//
f 797// 795// 768//
f 768// 795// 793//
f 768// 793// 770//
f 770// 793// 791//
f 770// 791// 772//
f 780// 778// 784//
f 784// 778// 776//
f 784// 776// 785//
f 785// 776// 774//
f 785// 774// 787//
f 787// 774// 772//
f 787// 772// 789//
f 789// 772// 791//
f 604// 603// 764//
f 764// 603// 797//
f 764// 797// 766//
f 766// 797// 768//
f 779// 781// 777//
f 777// 781// 783//
f 777// 783// 775//
f 775// 783// 773//
f 783// 786// 773//
f 773// 786// 788//
f 773// 788// 771//
f 771// 788// 790//
f 771// 790// 769//
f 798// 601// 605//
f 790// 792// 769//
f 769// 792// 794//
f 769// 794// 767//
f 767// 794// 796//
f 767// 796// 765//
f 765// 796// 798//
f 765// 798// 763//
f 763// 798// 605//
f 798// 797// 601//
f 601// 797// 603//
f 764// 763// 604//
f 604// 763// 605//
f 799// 297// 284//
f 283// 451// 284//
f 284// 451// 800//
f 284// 800// 799//
f 293// 801// 294//
f 294// 801// 802//
f 294// 802// 449//
f 449// 802// 450//
f 802// 800// 450//
f 450// 800// 451//
f 297// 799// 293//
f 293// 799// 801//
f 800// 802// 799//
f 799// 802// 801//
usemtl 2
f 560// 558// 803//
f 804// 805// 806//
f 806// 807// 804//
f 804// 807// 808//
f 804// 808// 809//
f 809// 808// 810//
f 809// 810// 811//
f 811// 810// 812//
f 811// 812// 813//
f 813// 812// 814//
f 813// 814// 815//
f 815// 814// 816//
f 815// 816// 817//
f 817// 816// 818//
f 817// 818// 803//
f 803// 818// 819//
f 803// 819// 560//
f 805// 820// 806//
f 806// 820// 821//
f 806// 821// 822//
f 822// 821// 823//
f 822// 823// 824//
f 824// 823// 825//
f 824// 825// 826//
f 826// 825// 550//
f 826// 550// 554//
f 827// 559// 560//
f 560// 819// 827//
f 827// 819// 818//
f 827// 818// 828//
f 818// 816// 828//
f 828// 816// 814//
f 828// 814// 829//
f 814// 812// 829//
f 829// 812// 810//
f 829// 810// 830//
f 810// 808// 830//
f 830// 808// 807//
f 830// 807// 831//
f 831// 807// 806//
f 831// 806// 832//
f 832// 806// 822//
f 832// 822// 833//
f 833// 822// 834//
f 834// 822// 824//
f 834// 824// 556//
f 556// 824// 826//
f 556// 826// 554//
f 550// 825// 552//
f 552// 825// 823//
f 552// 823// 835//
f 835// 823// 821//
f 835// 821// 836//
f 836// 821// 837//
f 837// 821// 820//
f 837// 820// 838//
f 838// 820// 805//
f 838// 805// 839//
f 839// 805// 804//
f 839// 804// 840//
f 804// 809// 840//
f 840// 809// 811//
f 840// 811// 841//
f 811// 813// 841//
f 841// 813// 815//
f 841// 815// 842//
f 558// 557// 803//
f 803// 557// 842//
f 803// 842// 817//
f 817// 842// 815//
f 829// 841// 828//
f 828// 841// 842//
f 828// 842// 827//
f 827// 842// 557//
f 827// 557// 559//
f 556// 552// 834//
f 834// 552// 835//
f 834// 835// 833//
f 833// 835// 836//
f 833// 836// 832//
f 832// 836// 837//
f 832// 837// 831//
f 831// 837// 838//
f 831// 838// 830//
f 830// 838// 839//
f 830// 839// 829//
f 829// 839// 840//
f 829// 840// 841//
usemtl 1
f 434// 433// 843//
f 843// 433// 844//
f 843// 844// 845//
f 845// 844// 846//
f 845// 846// 847//
f 847// 846// 848//
f 847// 848// 849//
f 849// 848// 850//
f 849// 850// 851//
f 851// 850// 852//
f 851// 852// 853//
f 852// 854// 853//
f 853// 854// 855//
f 853// 855// 856//
f 855// 857// 856//
f 856// 857// 858//
f 856// 858// 859//
f 858// 860// 859//
f 859// 860// 338//
f 859// 338// 363//
f 338// 861// 313//
f 313// 861// 862//
f 862// 861// 863//
f 863// 861// 864//
f 863// 864// 865//
f 864// 866// 865//
f 865// 866// 867//
f 865// 867// 868//
f 868// 867// 869//
f 869// 867// 870//
f 869// 870// 871//
f 870// 872// 871//
f 871// 872// 873//
f 871// 873// 874//
f 874// 873// 875//
f 874// 875// 876//
f 876// 875// 877//
f 876// 877// 878//
f 878// 877// 879//
f 878// 879// 880//
f 880// 879// 881//
f 880// 881// 882//
f 882// 881// 478//
f 882// 478// 477//
f 717// 434// 843//
f 717// 843// 883//
f 883// 843// 845//
f 883// 845// 884//
f 884// 845// 847//
f 884// 847// 885//
f 885// 847// 849//
f 885// 849// 886//
f 886// 849// 851//
f 886// 851// 887//
f 887// 851// 853//
f 887// 853// 888//
f 888// 853// 856//
f 888// 856// 889//
f 889// 856// 859//
f 889// 859// 890//
f 890// 859// 363//
f 890// 363// 310//
f 891// 892// 893//
f 893// 892// 325//
f 893// 325// 313//
f 893// 894// 891//
f 891// 894// 895//
f 891// 895// 896//
f 895// 897// 896//
f 896// 897// 898//
f 896// 898// 899//
f 898// 900// 899//
f 899// 900// 901//
f 899// 901// 902//
f 902// 901// 903//
f 902// 903// 904//
f 904// 903// 905//
f 904// 905// 906//
f 906// 905// 907//
f 906// 907// 908//
f 908// 907// 307//
f 908// 307// 308//
f 886// 887// 909//
f 11// 717// 910//
f 910// 717// 883//
f 910// 883// 911//
f 911// 883// 884//
f 911// 884// 912//
f 912// 884// 885//
f 912// 885// 913//
f 913// 885// 886//
f 913// 886// 914//
f 914// 886// 909//
f 887// 888// 909//
f 909// 888// 889//
f 909// 889// 915//
f 915// 889// 890//
f 915// 890// 916//
f 916// 890// 310//
f 916// 310// 321//
f 896// 917// 891//
f 891// 917// 918//
f 891// 918// 892//
f 892// 918// 317//
f 892// 317// 325//
f 919// 920// 896//
f 896// 920// 921//
f 896// 921// 917//
f 308// 711// 908//
f 908// 711// 922//
f 908// 922// 906//
f 906// 922// 923//
f 906// 923// 904//
f 904// 923// 924//
f 904// 924// 902//
f 902// 924// 919//
f 902// 919// 899//
f 899// 919// 896//
f 925// 161// 164//
f 281// 910// 282//
f 282// 910// 911//
f 282// 911// 164//
f 281// 280// 910//
f 910// 280// 12//
f 910// 12// 11//
f 925// 164// 926//
f 926// 164// 911//
f 926// 911// 927//
f 927// 911// 912//
f 927// 912// 928//
f 912// 913// 928//
f 928// 913// 914//
f 928// 914// 929//
f 929// 914// 930//
f 914// 909// 930//
f 930// 909// 915//
f 930// 915// 931//
f 931// 915// 916//
f 931// 916// 932//
f 932// 916// 321//
f 932// 321// 319//
f 319// 317// 918//
f 319// 918// 932//
f 932// 918// 917//
f 932// 917// 931//
f 931// 917// 921//
f 931// 921// 930//
f 930// 921// 920//
f 930// 920// 929//
f 929// 920// 919//
f 929// 919// 928//
f 928// 919// 924//
f 928// 924// 927//
f 927// 924// 923//
f 927// 923// 926//
f 926// 923// 922//
f 926// 922// 925//
f 925// 922// 711//
f 925// 711// 161//
f 582// 933// 584//
f 584// 933// 934//
f 934// 933// 935//
f 935// 933// 936//
f 935// 936// 937//
f 937// 936// 938//
f 937// 938// 939//
f 939// 938// 940//
f 939// 940// 941//
f 941// 940// 942//
f 941// 942// 943//
f 943// 942// 944//
f 943// 944// 945//
f 945// 944// 946//
f 945// 946// 947//
f 947// 946// 948//
f 947// 948// 949//
f 948// 950// 949//
f 949// 950// 951//
f 949// 951// 952//
f 952// 951// 953//
f 952// 953// 954//
f 954// 953// 955//
f 954// 955// 956//
f 956// 955// 574//
f 956// 574// 578//
f 957// 583// 584//
f 584// 934// 957//
f 957// 934// 935//
f 957// 935// 958//
f 935// 937// 958//
f 958// 937// 939//
f 958// 939// 959//
f 939// 941// 959//
f 959// 941// 943//
f 959// 943// 960//
f 943// 945// 960//
f 960// 945// 947//
f 960// 947// 961//
f 961// 947// 949//
f 961// 949// 962//
f 962// 949// 952//
f 962// 952// 963//
f 963// 952// 964//
f 964// 952// 954//
f 964// 954// 580//
f 580// 954// 956//
f 580// 956// 578//
f 574// 955// 576//
f 576// 955// 953//
f 576// 953// 965//
f 965// 953// 951//
f 965// 951// 966//
f 966// 951// 967//
f 967// 951// 950//
f 967// 950// 968//
f 968// 950// 948//
f 968// 948// 969//
f 969// 948// 946//
f 969// 946// 970//
f 946// 944// 970//
f 970// 944// 942//
f 970// 942// 971//
f 942// 940// 971//
f 971// 940// 938//
f 971// 938// 972//
f 582// 581// 933//
f 933// 581// 972//
f 933// 972// 936//
f 936// 972// 938//
f 581// 583// 957//
f 581// 957// 972//
f 972// 957// 958//
f 972// 958// 971//
f 971// 958// 959//
f 971// 959// 970//
f 970// 959// 969//
f 969// 959// 960//
f 969// 960// 961//
f 580// 576// 964//
f 964// 576// 965//
f 964// 965// 963//
f 963// 965// 966//
f 963// 966// 962//
f 962// 966// 967//
f 962// 967// 961//
f 961// 967// 968//
f 961// 968// 969//
f 570// 973// 572//
f 572// 973// 974//
f 974// 973// 975//
f 975// 973// 976//
f 975// 976// 977//
f 977// 976// 978//
f 978// 976// 979//
f 978// 979// 980//
f 980// 979// 981//
f 981// 979// 982//
f 981// 982// 983//
f 983// 982// 984//
f 984// 982// 985//
f 984// 985// 986//
f 986// 985// 987//
f 987// 985// 988//
f 987// 988// 989//
f 988// 990// 989//
f 989// 990// 991//
f 989// 991// 992//
f 992// 991// 562//
f 992// 562// 566//
f 993// 571// 572//
f 572// 974// 993//
f 993// 974// 975//
f 993// 975// 994//
f 975// 977// 994//
f 994// 977// 978//
f 994// 978// 995//
f 978// 980// 995//
f 995// 980// 981//
f 995// 981// 996//
f 981// 983// 996//
f 996// 983// 984//
f 996// 984// 997//
f 997// 984// 986//
f 997// 986// 998//
f 998// 986// 987//
f 998// 987// 999//
f 999// 987// 1000//
f 1000// 987// 989//
f 1000// 989// 568//
f 568// 989// 992//
f 568// 992// 566//
f 564// 562// 991//
f 564// 991// 1001//
f 1001// 991// 990//
f 1001// 990// 1002//
f 1002// 990// 988//
f 1002// 988// 1003//
f 1003// 988// 985//
f 1003// 985// 1004//
f 1004// 985// 1005//
f 1005// 985// 982//
f 1005// 982// 1006//
f 979// 1007// 982//
f 982// 1007// 1008//
f 982// 1008// 1006//
f 1009// 1010// 976//
f 976// 1010// 1011//
f 976// 1011// 979//
f 979// 1011// 1012//
f 979// 1012// 1007//
f 976// 973// 1009//
f 1009// 973// 570//
f 1009// 570// 569//
f 569// 571// 1009//
f 1009// 571// 993//
f 1009// 993// 1010//
f 1010// 993// 1011//
f 1011// 993// 994//
f 1011// 994// 1012//
f 1012// 994// 1007//
f 1007// 994// 995//
f 1007// 995// 1008//
f 1008// 995// 1006//
f 1006// 995// 996//
f 1006// 996// 1005//
f 1005// 996// 997//
f 1005// 997// 1004//
f 1004// 997// 998//
f 1004// 998// 1003//
f 564// 1001// 568//
f 568// 1001// 1002//
f 568// 1002// 1000//
f 1000// 1002// 1003//
f 1000// 1003// 999//
f 999// 1003// 998//
f 287// 286// 617//
f 287// 617// 1013//
f 1013// 617// 616//
f 1013// 616// 1014//
f 1014// 616// 618//
f 1014// 618// 1015//
f 1015// 618// 619//
f 1015// 619// 1016//
f 1016// 619// 612//
f 1016// 612// 1017//
f 1017// 612// 546//
f 1017// 546// 545//
f 590// 589// 1018//
f 590// 1018// 613//
f 613// 1018// 1019//
f 613// 1019// 614//
f 614// 1019// 1020//
f 614// 1020// 615//
f 615// 1020// 1021//
f 615// 1021// 620//
f 620// 1021// 1022//
f 620// 1022// 611//
f 611// 1022// 547//
f 611// 547// 548//
f 591// 592// 1023//
f 1023// 592// 610//
f 1023// 610// 1024//
f 1024// 610// 609//
f 1024// 609// 1025//
f 1025// 609// 608//
f 1025// 608// 1026//
f 1026// 608// 606//
f 1026// 606// 1027//
f 1027// 606// 607//
f 1027// 607// 595//
f 595// 607// 593//
f 600// 598// 1028//
f 600// 1028// 1029//
f 1029// 1028// 1030//
f 1029// 1030// 1031//
f 1031// 1030// 1032//
f 1031// 1032// 1033//
f 1033// 1032// 1034//
f 1033// 1034// 1035//
f 1035// 1034// 1036//
f 1035// 1036// 1037//
f 1037// 1036// 596//
f 1037// 596// 594//
f 597// 599// 1038//
f 1038// 599// 716//
f 1038// 716// 1039//
f 1039// 716// 715//
f 1039// 715// 1040//
f 1040// 715// 712//
f 1040// 712// 1041//
f 1041// 712// 713//
f 1041// 713// 1042//
f 1042// 713// 714//
f 1042// 714// 305//
f 305// 714// 306//
f 1043// 454// 455//
f 1043// 455// 1044//
f 1044// 455// 631//
f 1044// 631// 1045//
f 1045// 631// 1046//
f 1046// 631// 630//
f 1046// 630// 1047//
f 1047// 630// 1048//
f 1048// 630// 626//
f 1048// 626// 1049//
f 1049// 626// 625//
f 1049// 625// 1050//
f 1050// 625// 1051//
f 1051// 625// 629//
f 1051// 629// 1052//
f 1052// 629// 1053//
f 1053// 629// 292//
f 1053// 292// 291//
f 453// 452// 1054//
f 453// 1054// 632//
f 632// 1054// 1055//
f 632// 1055// 633//
f 633// 1055// 1056//
f 633// 1056// 634//
f 634// 1056// 1057//
f 634// 1057// 635//
f 635// 1057// 1058//
f 635// 1058// 627//
f 627// 1058// 458//
f 627// 458// 459//
f 586// 585// 1059//
f 1059// 585// 621//
f 1059// 621// 1060//
f 1060// 621// 624//
f 1060// 624// 1061//
f 1061// 624// 623//
f 1061// 623// 1062//
f 1062// 623// 622//
f 1062// 622// 1063//
f 1063// 622// 628//
f 1063// 628// 456//
f 456// 628// 457//
f 588// 587// 1064//
f 588// 1064// 1065//
f 1065// 1064// 1066//
f 1065// 1066// 1067//
f 1067// 1066// 1068//
f 1067// 1068// 1069//
f 1069// 1068// 1070//
f 1069// 1070// 1071//
f 1071// 1070// 1072//
f 1071// 1072// 1073//
f 1073// 1072// 437//
f 1073// 437// 439//
f 435// 436// 1074//
f 1074// 436// 722//
f 1074// 722// 1075//
f 1075// 722// 721//
f 1075// 721// 1076//
f 1076// 721// 720//
f 1076// 720// 1077//
f 1077// 720// 719//
f 1077// 719// 1078//
f 1078// 719// 718//
f 1078// 718// 438//
f 438// 718// 440//
f 408// 409// 1079//
f 1079// 409// 1080//
f 1079// 1080// 1081//
f 1081// 1080// 1082//
f 1081// 1082// 1083//
f 1083// 1082// 1084//
f 1083// 1084// 1085//
f 1085// 1084// 1086//
f 1085// 1086// 1087//
f 1087// 1086// 1088//
f 1087// 1088// 1089//
f 1089// 1088// 1090//
f 1089// 1090// 117//
f 411// 420// 1091//
f 1091// 420// 1092//
f 1091// 1092// 1093//
f 1093// 1092// 1094//
f 1093// 1094// 1095//
f 1095// 1094// 1096//
f 1095// 1096// 1097//
f 1097// 1096// 1098//
f 1097// 1098// 1099//
f 1099// 1098// 1100//
f 1099// 1100// 1101//
f 1101// 1100// 1102//
f 420// 415// 1092//
f 1092// 415// 1103//
f 1092// 1103// 1094//
f 1094// 1103// 1104//
f 1094// 1104// 1096//
f 1096// 1104// 1105//
f 1096// 1105// 1098//
f 1098// 1105// 1106//
f 1098// 1106// 1100//
f 1100// 1106// 1107//
f 1100// 1107// 1102//
f 1102// 1107// 1108//
f 415// 414// 1103//
f 1103// 414// 1109//
f 1103// 1109// 1104//
f 1104// 1109// 1110//
f 1104// 1110// 1105//
f 1105// 1110// 1111//
f 1105// 1111// 1106//
f 1106// 1111// 1112//
f 1106// 1112// 1107//
f 1107// 1112// 1113//
f 1107// 1113// 1108//
f 1108// 1113// 1114//
f 414// 413// 1109//
f 1109// 413// 1115//
f 1109// 1115// 1110//
f 1110// 1115// 1116//
f 1110// 1116// 1111//
f 1111// 1116// 1117//
f 1111// 1117// 1112//
f 1112// 1117// 1118//
f 1112// 1118// 1113//
f 1113// 1118// 1119//
f 1113// 1119// 1114//
f 1114// 1119// 1120//
f 404// 406// 1121//
f 1121// 406// 1122//
f 1121// 1122// 1123//
f 1123// 1122// 1124//
f 1123// 1124// 1125//
f 1125// 1124// 1126//
f 1125// 1126// 1127//
f 1127// 1126// 1128//
f 1127// 1128// 1129//
f 1129// 1128// 1130//
f 1129// 1130// 1131//
f 1131// 1130// 1132//
f 1131// 1132// 114//
f 114// 1132// 115//
f 406// 408// 1122//
f 1122// 408// 1079//
f 1122// 1079// 1124//
f 1124// 1079// 1081//
f 1124// 1081// 1126//
f 1126// 1081// 1083//
f 1126// 1083// 1128//
f 1128// 1083// 1085//
f 1128// 1085// 1130//
f 1130// 1085// 1087//
f 1130// 1087// 1132//
f 1132// 1087// 1089//
f 1132// 1089// 115//
f 115// 1089// 117//
f 31// 22// 1090//
f 1090// 22// 126//
f 1090// 126// 117//
f 409// 411// 1080//
f 1080// 411// 1091//
f 1080// 1091// 1082//
f 1082// 1091// 1093//
f 1082// 1093// 1084//
f 1084// 1093// 1095//
f 1084// 1095// 1086//
f 1086// 1095// 1097//
f 1086// 1097// 1088//
f 1088// 1097// 1099//
f 1088// 1099// 1090//
f 1090// 1099// 1101//
f 1090// 1101// 31//
f 31// 1101// 1102//
f 31// 1102// 19//
f 19// 1102// 1108//
f 19// 1108// 20//
f 20// 1108// 1114//
f 20// 1114// 35//
f 35// 1114// 1120//
f 35// 1120// 36//
f 404// 1121// 402//
f 402// 1121// 1133//
f 1133// 1121// 1134//
f 1134// 1121// 1123//
f 1134// 1123// 1135//
f 1135// 1123// 1136//
f 1136// 1123// 1125//
f 1136// 1125// 1137//
f 1137// 1125// 1138//
f 1138// 1125// 1127//
f 1138// 1127// 1139//
f 1140// 1141// 1129//
f 1129// 1141// 1142//
f 1129// 1142// 1127//
f 1127// 1142// 1143//
f 1127// 1143// 1139//
f 1129// 1131// 1140//
f 1140// 1131// 114//
f 1140// 114// 116//
f 32// 36// 1120//
f 1144// 33// 32//
f 1144// 32// 1145//
f 1145// 32// 1120//
f 1145// 1120// 1146//
f 1146// 1120// 1119//
f 1146// 1119// 1147//
f 1147// 1119// 1118//
f 1147// 1118// 1148//
f 1148// 1118// 1117//
f 1148// 1117// 1149//
f 1149// 1117// 1116//
f 1149// 1116// 1150//
f 1150// 1116// 1115//
f 1150// 1115// 1151//
f 1151// 1115// 413//
f 1151// 413// 412//
f 116// 143// 1140//
f 1140// 143// 1152//
f 1140// 1152// 1141//
f 1141// 1152// 1142//
f 1142// 1152// 1153//
f 1142// 1153// 1143//
f 1143// 1153// 1139//
f 1139// 1153// 1154//
f 1139// 1154// 1138//
f 1138// 1154// 1137//
f 1137// 1154// 1155//
f 1137// 1155// 1136//
f 1136// 1155// 1135//
f 1135// 1155// 1156//
f 1135// 1156// 1134//
f 1134// 1156// 1133//
f 1133// 1156// 427//
f 1133// 427// 402//
f 143// 137// 1152//
f 1152// 137// 1157//
f 1152// 1157// 1153//
f 1153// 1157// 1158//
f 1153// 1158// 1154//
f 1154// 1158// 1159//
f 1154// 1159// 1155//
f 1155// 1159// 1160//
f 1155// 1160// 1156//
f 1156// 1160// 1161//
f 1156// 1161// 427//
f 427// 1161// 421//
f 137// 139// 1157//
f 1157// 139// 1162//
f 1157// 1162// 1158//
f 1158// 1162// 1163//
f 1158// 1163// 1159//
f 1159// 1163// 1164//
f 1159// 1164// 1160//
f 1160// 1164// 1165//
f 1160// 1165// 1161//
f 1161// 1165// 1166//
f 1161// 1166// 421//
f 421// 1166// 422//
f 139// 146// 1162//
f 1162// 146// 1167//
f 1162// 1167// 1163//
f 1163// 1167// 1168//
f 1163// 1168// 1164//
f 1164// 1168// 1169//
f 1164// 1169// 1165//
f 1165// 1169// 1170//
f 1165// 1170// 1166//
f 1166// 1170// 1171//
f 1166// 1171// 422//
f 422// 1171// 423//
f 146// 145// 1167//
f 1167// 145// 1172//
f 1167// 1172// 1168//
f 1168// 1172// 1173//
f 1168// 1173// 1169//
f 1169// 1173// 1174//
f 1169// 1174// 1170//
f 1170// 1174// 1175//
f 1170// 1175// 1171//
f 1171// 1175// 1176//
f 1171// 1176// 423//
f 423// 1176// 428//
f 145// 157// 1172//
f 1172// 157// 1177//
f 1172// 1177// 1173//
f 1173// 1177// 1178//
f 1173// 1178// 1174//
f 1174// 1178// 1179//
f 1174// 1179// 1175//
f 1175// 1179// 1180//
f 1175// 1180// 1176//
f 1176// 1180// 1181//
f 1176// 1181// 428//
f 428// 1181// 424//
f 446// 33// 1144//
f 446// 1144// 1182//
f 1182// 1144// 1145//
f 1182// 1145// 1183//
f 1183// 1145// 1146//
f 1183// 1146// 1184//
f 1184// 1146// 1147//
f 1184// 1147// 1185//
f 1185// 1147// 1186//
f 1186// 1147// 1148//
f 1186// 1148// 1187//
f 1149// 1188// 1148//
f 1148// 1188// 1189//
f 1148// 1189// 1187//
f 1190// 1191// 1150//
f 1150// 1191// 1192//
f 1150// 1192// 1149//
f 1149// 1192// 1193//
f 1149// 1193// 1188//
f 1150// 1151// 1190//
f 1190// 1151// 412//
f 1190// 412// 401//
f 425// 424// 1181//
f 425// 1181// 1194//
f 1194// 1181// 1180//
f 1194// 1180// 1195//
f 1195// 1180// 1179//
f 1195// 1179// 1196//
f 1196// 1179// 1178//
f 1196// 1178// 1197//
f 1197// 1178// 1177//
f 1197// 1177// 1198//
f 1198// 1177// 157//
f 1198// 157// 159//
f 401// 416// 1190//
f 1190// 416// 1199//
f 1200// 1192// 1199//
f 1199// 1192// 1191//
f 1199// 1191// 1190//
f 1201// 1188// 1200//
f 1200// 1188// 1193//
f 1200// 1193// 1192//
f 1202// 1187// 1201//
f 1201// 1187// 1189//
f 1201// 1189// 1188//
f 1203// 1185// 1202//
f 1202// 1185// 1186//
f 1202// 1186// 1187//
f 446// 1182// 594//
f 594// 1182// 1183//
f 594// 1183// 1203//
f 1203// 1183// 1184//
f 1203// 1184// 1185//
f 159// 160// 1198//
f 1198// 160// 1204//
f 1198// 1204// 1197//
f 1197// 1204// 1205//
f 1197// 1205// 1196//
f 1196// 1205// 1206//
f 1196// 1206// 1195//
f 1195// 1206// 1207//
f 1195// 1207// 1194//
f 1194// 1207// 1208//
f 1194// 1208// 425//
f 425// 1208// 429//
f 160// 142// 1204//
f 1204// 142// 1209//
f 1204// 1209// 1205//
f 1205// 1209// 1210//
f 1205// 1210// 1206//
f 1206// 1210// 1211//
f 1206// 1211// 1207//
f 1207// 1211// 1212//
f 1207// 1212// 1208//
f 1208// 1212// 1213//
f 1208// 1213// 429//
f 429// 1213// 430//
f 142// 141// 1209//
f 1209// 141// 1214//
f 1209// 1214// 1210//
f 1210// 1214// 1215//
f 1210// 1215// 1211//
f 1211// 1215// 1216//
f 1211// 1216// 1212//
f 1212// 1216// 1217//
f 1212// 1217// 1213//
f 1213// 1217// 1218//
f 1213// 1218// 430//
f 430// 1218// 431//
f 141// 121// 1214//
f 1214// 121// 1219//
f 1214// 1219// 1215//
f 1215// 1219// 1220//
f 1215// 1220// 1216//
f 1216// 1220// 1221//
f 1216// 1221// 1217//
f 1217// 1221// 1222//
f 1217// 1222// 1218//
f 1218// 1222// 1223//
f 1218// 1223// 431//
f 431// 1223// 432//
f 121// 119// 1219//
f 1219// 119// 1224//
f 1219// 1224// 1220//
f 1220// 1224// 1225//
f 1220// 1225// 1221//
f 1221// 1225// 1226//
f 1221// 1226// 1222//
f 1222// 1226// 1227//
f 1222// 1227// 1223//
f 1223// 1227// 1228//
f 1223// 1228// 432//
f 432// 1228// 426//
f 119// 129// 1224//
f 1224// 129// 1229//
f 1224// 1229// 1225//
f 1225// 1229// 1230//
f 1225// 1230// 1226//
f 1226// 1230// 1231//
f 1226// 1231// 1227//
f 1227// 1231// 1232//
f 1227// 1232// 1228//
f 1228// 1232// 1233//
f 1228// 1233// 426//
f 426// 1233// 403//
f 1029// 1031// 1234//
f 1234// 1031// 1235//
f 1234// 1235// 1236//
f 1236// 1235// 1237//
f 1236// 1237// 1238//
f 1238// 1237// 1239//
f 1238// 1239// 1240//
f 1240// 1239// 1241//
f 1240// 1241// 1242//
f 1242// 1241// 1243//
f 1242// 1243// 416//
f 1031// 1033// 1235//
f 1235// 1033// 1244//
f 1235// 1244// 1237//
f 1237// 1244// 1245//
f 1237// 1245// 1239//
f 1239// 1245// 1246//
f 1239// 1246// 1241//
f 1241// 1246// 1247//
f 1241// 1247// 1243//
f 1243// 1247// 1248//
f 1243// 1248// 416//
f 600// 1029// 1249//
f 1249// 1029// 1234//
f 1249// 1234// 1250//
f 1250// 1234// 1236//
f 1250// 1236// 1251//
f 1251// 1236// 1238//
f 1251// 1238// 1252//
f 1252// 1238// 1240//
f 1252// 1240// 1253//
f 1253// 1240// 1242//
f 1253// 1242// 416//
f 1035// 1037// 1254//
f 1254// 1037// 1255//
f 1254// 1255// 1256//
f 1256// 1255// 1257//
f 1256// 1257// 1258//
f 1258// 1257// 1259//
f 1258// 1259// 1260//
f 1260// 1259// 1261//
f 1260// 1261// 1262//
f 1262// 1261// 1263//
f 1262// 1263// 416//
f 1037// 594// 1255//
f 1255// 594// 1203//
f 1255// 1203// 1257//
f 1257// 1203// 1202//
f 1257// 1202// 1259//
f 1259// 1202// 1201//
f 1259// 1201// 1261//
f 1261// 1201// 1200//
f 1261// 1200// 1263//
f 1263// 1200// 1199//
f 1263// 1199// 416//
f 1033// 1035// 1244//
f 1244// 1035// 1254//
f 1244// 1254// 1245//
f 1245// 1254// 1256//
f 1245// 1256// 1246//
f 1246// 1256// 1258//
f 1246// 1258// 1247//
f 1247// 1258// 1260//
f 1247// 1260// 1248//
f 1248// 1260// 1262//
f 1248// 1262// 416//
f 405// 403// 1233//
f 405// 1233// 1264//
f 1264// 1233// 1232//
f 1264// 1232// 1265//
f 1265// 1232// 1231//
f 1265// 1231// 1266//
f 1266// 1231// 1230//
f 1266// 1230// 1267//
f 1267// 1230// 1229//
f 1267// 1229// 1268//
f 1268// 1229// 129//
f 1268// 129// 150//
f 169// 600// 1269//
f 1269// 600// 1249//
f 1269// 1249// 1270//
f 1270// 1249// 1271//
f 1251// 1272// 1250//
f 1250// 1272// 1273//
f 1250// 1273// 1249//
f 1249// 1273// 1274//
f 1249// 1274// 1271//
f 1275// 1276// 1251//
f 1251// 1276// 1277//
f 1251// 1277// 1272//
f 1253// 1278// 1252//
f 1252// 1278// 1279//
f 1279// 1280// 1252//
f 1252// 1280// 1281//
f 1252// 1281// 1251//
f 1251// 1281// 1282//
f 1251// 1282// 1275//
f 416// 418// 1253//
f 1253// 418// 1283//
f 1253// 1283// 1278//
f 1278// 1283// 1284//
f 151// 190// 1285//
f 1277// 1286// 1287//
f 1288// 1280// 1279//
f 418// 417// 1283//
f 1283// 417// 1288//
f 1283// 1288// 1284//
f 1284// 1288// 1279//
f 1284// 1279// 1278//
f 1277// 1276// 1286//
f 1286// 1276// 1275//
f 1286// 1275// 1289//
f 1289// 1275// 1282//
f 1289// 1282// 1288//
f 1288// 1282// 1281//
f 1288// 1281// 1280//
f 1290// 1270// 1271//
f 1271// 1274// 1290//
f 1290// 1274// 1273//
f 1290// 1273// 1287//
f 1287// 1273// 1272//
f 1287// 1272// 1277//
f 1270// 1290// 1269//
f 1269// 1290// 170//
f 1269// 170// 169//
f 417// 400// 1288//
f 1288// 400// 1291//
f 1288// 1291// 1289//
f 1289// 1291// 1292//
f 1289// 1292// 1286//
f 1286// 1292// 1293//
f 1286// 1293// 1287//
f 1287// 1293// 1294//
f 1287// 1294// 1290//
f 1290// 1294// 1295//
f 1290// 1295// 170//
f 170// 1295// 191//
f 400// 399// 1291//
f 1291// 399// 1296//
f 1291// 1296// 1292//
f 1292// 1296// 1297//
f 1292// 1297// 1293//
f 1293// 1297// 1298//
f 1293// 1298// 1294//
f 1294// 1298// 1299//
f 1294// 1299// 1295//
f 1295// 1299// 1285//
f 1295// 1285// 191//
f 191// 1285// 190//
f 149// 151// 1300//
f 1300// 151// 1285//
f 1300// 1285// 1301//
f 1301// 1285// 1299//
f 1301// 1299// 1302//
f 1302// 1299// 1298//
f 1302// 1298// 1303//
f 1303// 1298// 1297//
f 1303// 1297// 1304//
f 1304// 1297// 1296//
f 1304// 1296// 419//
f 419// 1296// 399//
f 419// 410// 1304//
f 1304// 410// 1305//
f 1304// 1305// 1303//
f 1303// 1305// 1306//
f 1303// 1306// 1302//
f 1302// 1306// 1307//
f 1302// 1307// 1301//
f 1301// 1307// 1308//
f 1301// 1308// 1300//
f 1300// 1308// 1309//
f 1300// 1309// 149//
f 149// 1309// 147//
f 410// 407// 1305//
f 1305// 407// 1310//
f 1305// 1310// 1306//
f 1306// 1310// 1311//
f 1306// 1311// 1307//
f 1307// 1311// 1312//
f 1307// 1312// 1308//
f 1308// 1312// 1313//
f 1308// 1313// 1309//
f 1309// 1313// 1314//
f 1309// 1314// 147//
f 147// 1314// 148//
f 407// 405// 1310//
f 1310// 405// 1264//
f 1310// 1264// 1311//
f 1311// 1264// 1265//
f 1311// 1265// 1312//
f 1312// 1265// 1266//
f 1312// 1266// 1313//
f 1313// 1266// 1267//
f 1313// 1267// 1314//
f 1314// 1267// 1268//
f 1314// 1268// 148//
f 148// 1268// 150//
f 78// 73// 1315//
f 1315// 73// 1316//
f 1315// 1316// 1317//
f 1317// 1316// 1318//
f 1317// 1318// 1319//
f 1319// 1318// 1320//
f 1319// 1320// 1321//
f 1321// 1320// 1322//
f 1321// 1322// 1323//
f 1323// 1322// 1324//
f 1323// 1324// 392//
f 392// 1324// 393//
f 73// 72// 1316//
f 1316// 72// 1325//
f 1316// 1325// 1318//
f 1318// 1325// 1326//
f 1318// 1326// 1320//
f 1320// 1326// 1327//
f 1320// 1327// 1322//
f 1322// 1327// 1328//
f 1322// 1328// 1324//
f 1324// 1328// 1329//
f 1324// 1329// 393//
f 393// 1329// 394//
f 72// 81// 1325//
f 1325// 81// 1330//
f 1325// 1330// 1326//
f 1326// 1330// 1331//
f 1326// 1331// 1327//
f 1327// 1331// 1332//
f 1327// 1332// 1328//
f 1328// 1332// 1333//
f 1328// 1333// 1329//
f 1329// 1333// 1334//
f 1329// 1334// 394//
f 394// 1334// 395//
f 81// 80// 1330//
f 1330// 80// 1335//
f 1330// 1335// 1331//
f 1331// 1335// 1336//
f 1331// 1336// 1332//
f 1332// 1336// 1337//
f 1332// 1337// 1333//
f 1333// 1337// 1338//
f 1333// 1338// 1334//
f 1334// 1338// 1339//
f 1334// 1339// 395//
f 395// 1339// 396//
f 80// 79// 1335//
f 1335// 79// 1340//
f 1335// 1340// 1336//
f 1336// 1340// 1341//
f 1336// 1341// 1337//
f 1337// 1341// 1342//
f 1337// 1342// 1338//
f 1338// 1342// 1343//
f 1338// 1343// 1339//
f 1339// 1343// 1344//
f 1339// 1344// 396//
f 396// 1344// 397//
f 79// 84// 1340//
f 1340// 84// 1345//
f 1340// 1345// 1341//
f 1341// 1345// 1346//
f 1341// 1346// 1342//
f 1342// 1346// 1347//
f 1342// 1347// 1343//
f 1343// 1347// 1348//
f 1343// 1348// 1344//
f 1344// 1348// 1349//
f 1344// 1349// 397//
f 397// 1349// 386//
f 392// 391// 1350//
f 1351// 63// 64//
f 392// 1350// 1323//
f 1323// 1350// 1352//
f 1323// 1352// 1321//
f 1321// 1352// 1353//
f 1321// 1353// 1319//
f 1319// 1353// 1354//
f 1319// 1354// 1317//
f 1317// 1354// 1351//
f 1317// 1351// 1315//
f 1315// 1351// 64//
f 1315// 64// 66//
f 66// 68// 1315//
f 1315// 68// 70//
f 1315// 70// 78//
f 377// 386// 1355//
f 1355// 386// 1349//
f 1355// 1349// 1356//
f 1356// 1349// 1357//
f 1357// 1349// 1348//
f 1357// 1348// 1358//
f 1358// 1348// 1359//
f 1359// 1348// 1347//
f 1359// 1347// 1360//
f 1360// 1347// 1361//
f 1361// 1347// 1346//
f 1361// 1346// 1362//
f 1362// 1346// 1363//
f 1363// 1346// 1345//
f 1363// 1345// 1364//
f 1364// 1345// 1365//
f 1365// 1345// 84//
f 1365// 84// 83//
f 1366// 1367// 1368//
f 1368// 1367// 1369//
f 1369// 1370// 1368//
f 1368// 1370// 1371//
f 1368// 1371// 1372//
f 1373// 1374// 1375//
f 1375// 1374// 1366//
f 1375// 1366// 1376//
f 1376// 1366// 1368//
f 1377// 1378// 1375//
f 1375// 1378// 1379//
f 1375// 1379// 1373//
f 1380// 1377// 1381//
f 1380// 1382// 1377//
f 1377// 1382// 1383//
f 1377// 1383// 1378//
f 1381// 372// 374//
f 1384// 1380// 1385//
f 1385// 1380// 1381//
f 1385// 1381// 1386//
f 1386// 1381// 374//
f 380// 379// 1387//
f 1387// 379// 1388//
f 1387// 1388// 1389//
f 1389// 1388// 1390//
f 1389// 1390// 1391//
f 1391// 1390// 1392//
f 1391// 1392// 1393//
f 1393// 1392// 1394//
f 1393// 1394// 1395//
f 1395// 1394// 1396//
f 1395// 1396// 60//
f 378// 371// 1397//
f 1397// 371// 1398//
f 1397// 1398// 1399//
f 1399// 1398// 1400//
f 1399// 1400// 1401//
f 1401// 1400// 1402//
f 1401// 1402// 1403//
f 1403// 1402// 1404//
f 1403// 1404// 1405//
f 1405// 1404// 1406//
f 371// 372// 1398//
f 1398// 372// 1381//
f 1398// 1381// 1400//
f 1400// 1381// 1377//
f 1400// 1377// 1402//
f 1402// 1377// 1375//
f 1402// 1375// 1404//
f 1404// 1375// 1376//
f 1404// 1376// 1406//
f 1406// 1376// 1368//
f 391// 367// 1350//
f 1350// 367// 1407//
f 1350// 1407// 1352//
f 1352// 1407// 1408//
f 1352// 1408// 1353//
f 1353// 1408// 1409//
f 1353// 1409// 1354//
f 1354// 1409// 1410//
f 1354// 1410// 1351//
f 1351// 1410// 1411//
f 1351// 1411// 63//
f 63// 1411// 62//
f 367// 380// 1407//
f 1407// 380// 1387//
f 1407// 1387// 1408//
f 1408// 1387// 1389//
f 1408// 1389// 1409//
f 1409// 1389// 1391//
f 1409// 1391// 1410//
f 1410// 1391// 1393//
f 1410// 1393// 1411//
f 1411// 1393// 1395//
f 1411// 1395// 62//
f 62// 1395// 60//
f 56// 55// 1396//
f 1396// 55// 61//
f 1396// 61// 60//
f 379// 378// 1388//
f 1388// 378// 1397//
f 1388// 1397// 1390//
f 1390// 1397// 1399//
f 1390// 1399// 1392//
f 1392// 1399// 1401//
f 1392// 1401// 1394//
f 1394// 1401// 1403//
f 1394// 1403// 1396//
f 1396// 1403// 1405//
f 1396// 1405// 56//
f 56// 1405// 1406//
f 56// 1406// 57//
f 57// 1406// 1368//
f 57// 1368// 58//
f 58// 1368// 1372//
f 58// 1372// 59//
f 83// 82// 1365//
f 1365// 82// 1412//
f 1365// 1412// 1364//
f 1364// 1412// 1413//
f 1414// 1362// 1413//
f 1413// 1362// 1363//
f 1413// 1363// 1364//
f 1415// 1360// 1414//
f 1414// 1360// 1361//
f 1414// 1361// 1362//
f 1416// 1358// 1415//
f 1415// 1358// 1359//
f 1415// 1359// 1360//
f 1417// 1356// 1416//
f 1416// 1356// 1357//
f 1416// 1357// 1358//
f 398// 377// 1417//
f 1417// 377// 1355//
f 1417// 1355// 1356//
f 82// 77// 1412//
f 1412// 77// 1418//
f 1412// 1418// 1413//
f 1413// 1418// 1419//
f 1413// 1419// 1414//
f 1414// 1419// 1420//
f 1414// 1420// 1415//
f 1415// 1420// 1421//
f 1415// 1421// 1416//
f 1416// 1421// 1422//
f 1416// 1422// 1417//
f 1417// 1422// 1423//
f 1417// 1423// 398//
f 398// 1423// 387//
f 77// 76// 1418//
f 1418// 76// 1424//
f 1418// 1424// 1419//
f 1419// 1424// 1425//
f 1419// 1425// 1420//
f 1420// 1425// 1426//
f 1420// 1426// 1421//
f 1421// 1426// 1427//
f 1421// 1427// 1422//
f 1422// 1427// 1428//
f 1422// 1428// 1423//
f 1423// 1428// 1429//
f 1423// 1429// 387//
f 387// 1429// 388//
f 76// 75// 1424//
f 1424// 75// 1430//
f 1424// 1430// 1425//
f 1425// 1430// 1431//
f 1425// 1431// 1426//
f 1426// 1431// 1432//
f 1426// 1432// 1427//
f 1427// 1432// 1433//
f 1427// 1433// 1428//
f 1428// 1433// 1434//
f 1428// 1434// 1429//
f 1429// 1434// 1435//
f 1429// 1435// 388//
f 388// 1435// 389//
f 75// 74// 1430//
f 1430// 74// 1436//
f 1430// 1436// 1431//
f 1431// 1436// 1437//
f 1431// 1437// 1432//
f 1432// 1437// 1438//
f 1432// 1438// 1433//
f 1433// 1438// 1439//
f 1433// 1439// 1434//
f 1434// 1439// 1440//
f 1434// 1440// 1435//
f 1435// 1440// 1441//
f 1435// 1441// 389//
f 389// 1441// 375//
f 74// 85// 1436//
f 1436// 85// 1442//
f 1436// 1442// 1437//
f 1437// 1442// 1443//
f 1437// 1443// 1438//
f 1438// 1443// 1444//
f 1438// 1444// 1439//
f 1439// 1444// 1445//
f 1439// 1445// 1440//
f 1440// 1445// 1446//
f 1440// 1446// 1441//
f 1441// 1446// 1447//
f 1441// 1447// 375//
f 375// 1447// 376//
f 374// 373// 1386//
f 1386// 373// 1448//
f 1385// 1386// 1384//
f 1384// 1386// 1448//
f 1384// 1448// 1380//
f 1380// 1448// 1449//
f 1380// 1449// 1382//
f 1373// 1379// 1450//
f 1450// 1379// 1378//
f 1450// 1378// 1449//
f 1449// 1378// 1383//
f 1449// 1383// 1382//
f 1451// 1366// 1450//
f 1450// 1366// 1374//
f 1450// 1374// 1373//
f 1371// 1370// 1452//
f 1452// 1370// 1369//
f 1452// 1369// 1451//
f 1451// 1369// 1367//
f 1451// 1367// 1366//
f 1371// 1452// 1372//
f 1372// 1452// 439//
f 1372// 439// 59//
f 390// 376// 1447//
f 1442// 85// 87//
f 87// 89// 1442//
f 1442// 89// 91//
f 1442// 91// 8//
f 390// 1447// 1453//
f 1453// 1447// 1446//
f 1453// 1446// 1454//
f 1454// 1446// 1445//
f 1454// 1445// 1455//
f 1455// 1445// 1444//
f 1455// 1444// 1456//
f 1456// 1444// 1443//
f 1456// 1443// 1457//
f 1457// 1443// 1442//
f 1457// 1442// 1458//
f 1458// 1442// 8//
f 1458// 8// 7//
f 1459// 1460// 373//
f 1461// 1462// 1463//
f 1464// 1465// 1466//
f 1467// 1073// 439//
f 1468// 1069// 1071//
f 588// 1065// 1469//
f 1469// 1065// 1470//
f 1469// 1470// 1471//
f 1067// 1069// 1472//
f 1472// 1069// 1468//
f 1472// 1468// 1473//
f 1471// 1470// 1474//
f 1474// 1470// 1475//
f 1474// 1475// 1476//
f 1065// 1067// 1470//
f 1470// 1067// 1472//
f 1470// 1472// 1475//
f 1475// 1472// 1473//
f 1475// 1473// 1466//
f 1466// 1465// 1475//
f 1475// 1465// 1477//
f 1475// 1477// 1476//
f 1451// 1450// 1478//
f 1462// 1464// 1463//
f 1463// 1464// 1466//
f 1463// 1466// 1479//
f 1479// 1466// 1473//
f 1479// 1473// 1480//
f 1480// 1473// 1468//
f 1480// 1468// 1481//
f 1481// 1468// 1071//
f 1481// 1071// 1073//
f 1478// 1482// 1483//
f 1073// 1467// 1481//
f 1481// 1467// 1484//
f 1481// 1484// 1480//
f 1480// 1484// 1485//
f 1480// 1485// 1479//
f 1479// 1485// 1486//
f 1479// 1486// 1463//
f 1463// 1486// 1487//
f 1463// 1487// 1461//
f 1460// 1459// 1483//
f 1483// 1482// 1460//
f 1460// 1482// 1488//
f 1460// 1488// 373//
f 1478// 1450// 1482//
f 1482// 1450// 1449//
f 1482// 1449// 1488//
f 1488// 1449// 1448//
f 1488// 1448// 373//
f 373// 1489// 1487//
f 1487// 1489// 1490//
f 1487// 1490// 1461//
f 439// 1452// 1467//
f 1467// 1452// 1491//
f 1467// 1491// 1484//
f 1484// 1491// 1492//
f 1484// 1492// 1485//
f 1485// 1492// 1493//
f 1485// 1493// 1486//
f 1486// 1493// 1494//
f 1486// 1494// 1487//
f 1487// 1494// 373//
f 1452// 1451// 1491//
f 1491// 1451// 1478//
f 1491// 1478// 1492//
f 1492// 1478// 1483//
f 1492// 1483// 1493//
f 1493// 1483// 1459//
f 1493// 1459// 1494//
f 1494// 1459// 373//
f 99// 100// 1495//
f 368// 385// 1496//
f 1496// 385// 1497//
f 1496// 1497// 1498//
f 1498// 1497// 1499//
f 1500// 1501// 1499//
f 1499// 1501// 1502//
f 1499// 1502// 1498//
f 1503// 1504// 1500//
f 1500// 1504// 1505//
f 1500// 1505// 1501//
f 1506// 1507// 1503//
f 1503// 1507// 1508//
f 1503// 1508// 1504//
f 1509// 1510// 1506//
f 1506// 1510// 1511//
f 1506// 1511// 1507//
f 93// 92// 1509//
f 1509// 92// 1512//
f 1509// 1512// 1510//
f 385// 384// 1497//
f 1497// 384// 1513//
f 1497// 1513// 1499//
f 1499// 1513// 1514//
f 1499// 1514// 1500//
f 1500// 1514// 1515//
f 1500// 1515// 1503//
f 1503// 1515// 1516//
f 1503// 1516// 1506//
f 1506// 1516// 1517//
f 1506// 1517// 1509//
f 1509// 1517// 1518//
f 1509// 1518// 93//
f 93// 1518// 95//
f 384// 383// 1513//
f 1513// 383// 1519//
f 1513// 1519// 1514//
f 1514// 1519// 1520//
f 1514// 1520// 1515//
f 1515// 1520// 1521//
f 1515// 1521// 1516//
f 1516// 1521// 1522//
f 1516// 1522// 1517//
f 1517// 1522// 1523//
f 1517// 1523// 1518//
f 1518// 1523// 1524//
f 1518// 1524// 95//
f 95// 1524// 101//
f 383// 382// 1519//
f 1519// 382// 1525//
f 1519// 1525// 1520//
f 1520// 1525// 1526//
f 1520// 1526// 1521//
f 1521// 1526// 1527//
f 1521// 1527// 1522//
f 1522// 1527// 1528//
f 1522// 1528// 1523//
f 1523// 1528// 1529//
f 1523// 1529// 1524//
f 1524// 1529// 1495//
f 1524// 1495// 101//
f 101// 1495// 100//
f 98// 99// 1530//
f 1530// 99// 1495//
f 1530// 1495// 1531//
f 1531// 1495// 1529//
f 1531// 1529// 1532//
f 1532// 1529// 1528//
f 1532// 1528// 1533//
f 1533// 1528// 1527//
f 1533// 1527// 1534//
f 1534// 1527// 1526//
f 1534// 1526// 1535//
f 1535// 1526// 1525//
f 1535// 1525// 381//
f 381// 1525// 382//
f 381// 366// 1535//
f 1535// 366// 1536//
f 1535// 1536// 1534//
f 1534// 1536// 1537//
f 1534// 1537// 1533//
f 1533// 1537// 1538//
f 1533// 1538// 1532//
f 1532// 1538// 1539//
f 1532// 1539// 1531//
f 1531// 1539// 1540//
f 1531// 1540// 1530//
f 1530// 1540// 1541//
f 1530// 1541// 98//
f 98// 1541// 96//
f 366// 365// 1536//
f 1536// 365// 1542//
f 1536// 1542// 1537//
f 1537// 1542// 1543//
f 1537// 1543// 1538//
f 1538// 1543// 1544//
f 1538// 1544// 1539//
f 1539// 1544// 1545//
f 1539// 1545// 1540//
f 1540// 1545// 1546//
f 1540// 1546// 1541//
f 1541// 1546// 1547//
f 1541// 1547// 96//
f 96// 1547// 97//
f 365// 390// 1542//
f 1542// 390// 1453//
f 1542// 1453// 1543//
f 1543// 1453// 1454//
f 1543// 1454// 1544//
f 1544// 1454// 1455//
f 1544// 1455// 1545//
f 1545// 1455// 1456//
f 1545// 1456// 1546//
f 1546// 1456// 1457//
f 1546// 1457// 1547//
f 1547// 1457// 1458//
f 1547// 1458// 97//
f 97// 1458// 7//
f 303// 588// 1548//
f 1548// 588// 1469//
f 1548// 1469// 1549//
f 1549// 1469// 1550//
f 1550// 1469// 1471//
f 1550// 1471// 1551//
f 1551// 1471// 1474//
f 1551// 1474// 1552//
f 1474// 1476// 1552//
f 1552// 1476// 1477//
f 1552// 1477// 1553//
f 1477// 1465// 1553//
f 1553// 1465// 1464//
f 1553// 1464// 1554//
f 1464// 1462// 1554//
f 1554// 1462// 1461//
f 1554// 1461// 1555//
f 1555// 1461// 1490//
f 1490// 1489// 1555//
f 1555// 1489// 373//
f 1555// 373// 370//
f 369// 368// 1556//
f 1556// 368// 1496//
f 1556// 1496// 1557//
f 1557// 1496// 1498//
f 1557// 1498// 1558//
f 1558// 1498// 1502//
f 1558// 1502// 1559//
f 1559// 1502// 1501//
f 1559// 1501// 1560//
f 1560// 1501// 1505//
f 1560// 1505// 1561//
f 1561// 1505// 1504//
f 1561// 1504// 1562//
f 1562// 1504// 1508//
f 1562// 1508// 1563//
f 1563// 1508// 1507//
f 1563// 1507// 1564//
f 1564// 1507// 1511//
f 1564// 1511// 1565//
f 92// 102// 1512//
f 1512// 102// 1565//
f 1512// 1565// 1510//
f 1510// 1565// 1511//
f 104// 1566// 102//
f 102// 1566// 1567//
f 102// 1567// 1565//
f 104// 303// 1566//
f 1566// 303// 1548//
f 1566// 1548// 1567//
f 1548// 1549// 1567//
f 1567// 1549// 1550//
f 1567// 1550// 1565//
f 1565// 1550// 1551//
f 1565// 1551// 1564//
f 1564// 1551// 1563//
f 1563// 1551// 1552//
f 1563// 1552// 1562//
f 1553// 1560// 1552//
f 1552// 1560// 1561//
f 1552// 1561// 1562//
f 1556// 1557// 1554//
f 1554// 1557// 1558//
f 1554// 1558// 1553//
f 1553// 1558// 1559//
f 1553// 1559// 1560//
f 1554// 1555// 1556//
f 1556// 1555// 370//
f 1556// 370// 369//
f 905// 903// 1568//
f 880// 882// 1569//
f 898// 897// 1570//
f 895// 894// 1571//
f 1572// 1571// 313//
f 1573// 313// 862//
f 1574// 1575// 1573//
f 1573// 1575// 313//
f 894// 893// 1571//
f 1571// 893// 313//
f 1576// 1572// 313//
f 862// 863// 1573//
f 1573// 863// 865//
f 1573// 865// 1574//
f 1574// 865// 868//
f 1574// 868// 869//
f 897// 895// 1570//
f 1570// 895// 1571//
f 1570// 1571// 1577//
f 1577// 1571// 1572//
f 1577// 1572// 1578//
f 1578// 1572// 1576//
f 1578// 1576// 1579//
f 869// 871// 1580//
f 900// 898// 1581//
f 1581// 898// 1570//
f 1581// 1570// 1582//
f 1582// 1570// 1577//
f 1582// 1577// 1583//
f 1583// 1577// 1578//
f 1583// 1578// 1584//
f 1584// 1578// 1579//
f 1584// 1579// 1580//
f 874// 876// 1585//
f 871// 874// 1580//
f 1580// 874// 1585//
f 1580// 1585// 1584//
f 1584// 1585// 1586//
f 1584// 1586// 1583//
f 1583// 1586// 1587//
f 1583// 1587// 1582//
f 1582// 1587// 1588//
f 1582// 1588// 1581//
f 1581// 1588// 1568//
f 869// 1580// 1574//
f 1574// 1580// 1579//
f 1574// 1579// 1575//
f 1575// 1579// 1576//
f 1575// 1576// 313//
f 1568// 903// 1581//
f 1581// 903// 901//
f 1581// 901// 900//
f 880// 1569// 878//
f 907// 905// 1589//
f 1589// 905// 1568//
f 1589// 1568// 1590//
f 1590// 1568// 1588//
f 1590// 1588// 1591//
f 1591// 1588// 1587//
f 1591// 1587// 1592//
f 1592// 1587// 1586//
f 1592// 1586// 1569//
f 1569// 1586// 1585//
f 1569// 1585// 878//
f 878// 1585// 876//
f 307// 907// 1593//
f 1593// 907// 1589//
f 1593// 1589// 1594//
f 1594// 1589// 1590//
f 1594// 1590// 1595//
f 1595// 1590// 1591//
f 1595// 1591// 1596//
f 1596// 1591// 1592//
f 1596// 1592// 1597//
f 1597// 1592// 1569//
f 1597// 1569// 477//
f 477// 1569// 882//
f 305// 307// 1593//
f 305// 1593// 1598//
f 1598// 1593// 1594//
f 1598// 1594// 1599//
f 1599// 1594// 1595//
f 1599// 1595// 1600//
f 1600// 1595// 1596//
f 1600// 1596// 1601//
f 1601// 1596// 1597//
f 1601// 1597// 1602//
f 1602// 1597// 477//
f 1602// 477// 475//
f 597// 1038// 1603//
f 1603// 1038// 1604//
f 1603// 1604// 1605//
f 1605// 1604// 1606//
f 1605// 1606// 1607//
f 1607// 1606// 1608//
f 1607// 1608// 1609//
f 1609// 1608// 1610//
f 1609// 1610// 1611//
f 1611// 1610// 1612//
f 1611// 1612// 492//
f 492// 1612// 483//
f 1038// 1039// 1604//
f 1604// 1039// 1613//
f 1604// 1613// 1606//
f 1606// 1613// 1614//
f 1606// 1614// 1608//
f 1608// 1614// 1615//
f 1608// 1615// 1610//
f 1610// 1615// 1616//
f 1610// 1616// 1612//
f 1612// 1616// 1617//
f 1612// 1617// 483//
f 483// 1617// 484//
f 1039// 1040// 1613//
f 1613// 1040// 1618//
f 1613// 1618// 1614//
f 1614// 1618// 1619//
f 1614// 1619// 1615//
f 1615// 1619// 1620//
f 1615// 1620// 1616//
f 1616// 1620// 1621//
f 1616// 1621// 1617//
f 1617// 1621// 1622//
f 1617// 1622// 484//
f 484// 1622// 481//
f 1040// 1041// 1618//
f 1618// 1041// 1623//
f 1618// 1623// 1619//
f 1619// 1623// 1624//
f 1619// 1624// 1620//
f 1620// 1624// 1625//
f 1620// 1625// 1621//
f 1621// 1625// 1626//
f 1621// 1626// 1622//
f 1622// 1626// 1627//
f 1622// 1627// 481//
f 481// 1627// 479//
f 1041// 1042// 1623//
f 1623// 1042// 1628//
f 1623// 1628// 1624//
f 1624// 1628// 1629//
f 1624// 1629// 1625//
f 1625// 1629// 1630//
f 1625// 1630// 1626//
f 1626// 1630// 1631//
f 1626// 1631// 1627//
f 1627// 1631// 1632//
f 1627// 1632// 479//
f 479// 1632// 474//
f 1042// 305// 1628//
f 1628// 305// 1598//
f 1628// 1598// 1629//
f 1629// 1598// 1599//
f 1629// 1599// 1630//
f 1630// 1599// 1600//
f 1630// 1600// 1631//
f 1631// 1600// 1601//
f 1631// 1601// 1632//
f 1632// 1601// 1602//
f 1632// 1602// 474//
f 474// 1602// 475//
f 598// 597// 1603//
f 598// 1603// 1633//
f 1633// 1603// 1605//
f 1633// 1605// 1634//
f 1634// 1605// 1607//
f 1634// 1607// 1635//
f 1635// 1607// 1609//
f 1635// 1609// 1636//
f 1636// 1609// 1611//
f 1636// 1611// 1637//
f 1637// 1611// 492//
f 1637// 492// 491//
f 491// 489// 1637//
f 1637// 489// 1638//
f 1637// 1638// 1636//
f 1636// 1638// 1639//
f 1636// 1639// 1635//
f 1635// 1639// 1640//
f 1635// 1640// 1634//
f 1634// 1640// 1641//
f 1634// 1641// 1633//
f 1633// 1641// 1642//
f 1633// 1642// 598//
f 598// 1642// 1028//
f 489// 488// 1638//
f 1638// 488// 1643//
f 1638// 1643// 1639//
f 1639// 1643// 1644//
f 1639// 1644// 1640//
f 1640// 1644// 1645//
f 1640// 1645// 1641//
f 1641// 1645// 1646//
f 1641// 1646// 1642//
f 1642// 1646// 1647//
f 1642// 1647// 1028//
f 1028// 1647// 1030//
f 488// 502// 1643//
f 1643// 502// 1648//
f 1643// 1648// 1644//
f 1644// 1648// 1649//
f 1644// 1649// 1645//
f 1645// 1649// 1650//
f 1645// 1650// 1646//
f 1646// 1650// 1651//
f 1646// 1651// 1647//
f 1647// 1651// 1652//
f 1647// 1652// 1030//
f 1030// 1652// 1032//
f 502// 501// 1648//
f 1648// 501// 1653//
f 1648// 1653// 1649//
f 1649// 1653// 1654//
f 1649// 1654// 1650//
f 1650// 1654// 1655//
f 1650// 1655// 1651//
f 1651// 1655// 1656//
f 1651// 1656// 1652//
f 1652// 1656// 1657//
f 1652// 1657// 1032//
f 1032// 1657// 1034//
f 501// 500// 1653//
f 1653// 500// 1658//
f 1653// 1658// 1654//
f 1654// 1658// 1659//
f 1654// 1659// 1655//
f 1655// 1659// 1660//
f 1655// 1660// 1656//
f 1656// 1660// 1661//
f 1656// 1661// 1657//
f 1657// 1661// 1662//
f 1657// 1662// 1034//
f 1034// 1662// 1036//
f 500// 506// 1658//
f 1658// 506// 1663//
f 1658// 1663// 1659//
f 1659// 1663// 1664//
f 1659// 1664// 1660//
f 1660// 1664// 1665//
f 1660// 1665// 1661//
f 1661// 1665// 1666//
f 1661// 1666// 1662//
f 1662// 1666// 1667//
f 1662// 1667// 1036//
f 1036// 1667// 596//
f 595// 596// 1667//
f 595// 1667// 1668//
f 1668// 1667// 1666//
f 1668// 1666// 1669//
f 1669// 1666// 1665//
f 1669// 1665// 1670//
f 1670// 1665// 1664//
f 1670// 1664// 1671//
f 1671// 1664// 1663//
f 1671// 1663// 1672//
f 1672// 1663// 506//
f 1672// 506// 505//
f 591// 1023// 1673//
f 1673// 1023// 1674//
f 1673// 1674// 1675//
f 1675// 1674// 1676//
f 1675// 1676// 1677//
f 1677// 1676// 1678//
f 1677// 1678// 1679//
f 1679// 1678// 1680//
f 1679// 1680// 1681//
f 1681// 1680// 1682//
f 1681// 1682// 533//
f 533// 1682// 526//
f 1023// 1024// 1674//
f 1674// 1024// 1683//
f 1674// 1683// 1676//
f 1676// 1683// 1684//
f 1676// 1684// 1678//
f 1678// 1684// 1685//
f 1678// 1685// 1680//
f 1680// 1685// 1686//
f 1680// 1686// 1682//
f 1682// 1686// 1687//
f 1682// 1687// 526//
f 526// 1687// 525//
f 1024// 1025// 1683//
f 1683// 1025// 1688//
f 1683// 1688// 1684//
f 1684// 1688// 1689//
f 1684// 1689// 1685//
f 1685// 1689// 1690//
f 1685// 1690// 1686//
f 1686// 1690// 1691//
f 1686// 1691// 1687//
f 1687// 1691// 1692//
f 1687// 1692// 525//
f 525// 1692// 524//
f 1025// 1026// 1688//
f 1688// 1026// 1693//
f 1688// 1693// 1689//
f 1689// 1693// 1694//
f 1689// 1694// 1690//
f 1690// 1694// 1695//
f 1690// 1695// 1691//
f 1691// 1695// 1696//
f 1691// 1696// 1692//
f 1692// 1696// 1697//
f 1692// 1697// 524//
f 524// 1697// 493//
f 1026// 1027// 1693//
f 1693// 1027// 1698//
f 1693// 1698// 1694//
f 1694// 1698// 1699//
f 1694// 1699// 1695//
f 1695// 1699// 1700//
f 1695// 1700// 1696//
f 1696// 1700// 1701//
f 1696// 1701// 1697//
f 1697// 1701// 1702//
f 1697// 1702// 493//
f 493// 1702// 494//
f 1027// 595// 1698//
f 1698// 595// 1668//
f 1698// 1668// 1699//
f 1699// 1668// 1669//
f 1699// 1669// 1700//
f 1700// 1669// 1670//
f 1700// 1670// 1701//
f 1701// 1670// 1671//
f 1701// 1671// 1702//
f 1702// 1671// 1672//
f 1702// 1672// 494//
f 494// 1672// 505//
f 589// 591// 1673//
f 589// 1673// 1703//
f 1703// 1673// 1675//
f 1703// 1675// 1704//
f 1704// 1675// 1677//
f 1704// 1677// 1705//
f 1705// 1677// 1679//
f 1705// 1679// 1706//
f 1706// 1679// 1681//
f 1706// 1681// 1707//
f 1707// 1681// 533//
f 1707// 533// 535//
f 535// 536// 1707//
f 1707// 536// 1708//
f 1707// 1708// 1706//
f 1706// 1708// 1709//
f 1706// 1709// 1705//
f 1705// 1709// 1710//
f 1705// 1710// 1704//
f 1704// 1710// 1711//
f 1704// 1711// 1703//
f 1703// 1711// 1712//
f 1703// 1712// 589//
f 589// 1712// 1018//
f 536// 544// 1708//
f 1708// 544// 1713//
f 1708// 1713// 1709//
f 1709// 1713// 1714//
f 1709// 1714// 1710//
f 1710// 1714// 1715//
f 1710// 1715// 1711//
f 1711// 1715// 1716//
f 1711// 1716// 1712//
f 1712// 1716// 1717//
f 1712// 1717// 1018//
f 1018// 1717// 1019//
f 544// 541// 1713//
f 1713// 541// 1718//
f 1713// 1718// 1714//
f 1714// 1718// 1719//
f 1714// 1719// 1715//
f 1715// 1719// 1720//
f 1715// 1720// 1716//
f 1716// 1720// 1721//
f 1716// 1721// 1717//
f 1717// 1721// 1722//
f 1717// 1722// 1019//
f 1019// 1722// 1020//
f 541// 540// 1718//
f 1718// 540// 1723//
f 1718// 1723// 1719//
f 1719// 1723// 1724//
f 1719// 1724// 1720//
f 1720// 1724// 1725//
f 1720// 1725// 1721//
f 1721// 1725// 1726//
f 1721// 1726// 1722//
f 1722// 1726// 1727//
f 1722// 1727// 1020//
f 1020// 1727// 1021//
f 540// 539// 1723//
f 1723// 539// 1728//
f 1723// 1728// 1724//
f 1724// 1728// 1729//
f 1724// 1729// 1725//
f 1725// 1729// 1730//
f 1725// 1730// 1726//
f 1726// 1730// 1731//
f 1726// 1731// 1727//
f 1727// 1731// 1732//
f 1727// 1732// 1021//
f 1021// 1732// 1022//
f 539// 534// 1728//
f 1728// 534// 1733//
f 1728// 1733// 1729//
f 1729// 1733// 1734//
f 1729// 1734// 1730//
f 1730// 1734// 1735//
f 1730// 1735// 1731//
f 1731// 1735// 1736//
f 1731// 1736// 1732//
f 1732// 1736// 1737//
f 1732// 1737// 1022//
f 1022// 1737// 547//
f 534// 532// 1738//
f 534// 1738// 1733//
f 1733// 1738// 1739//
f 1733// 1739// 1734//
f 1734// 1739// 1740//
f 1734// 1740// 1735//
f 1735// 1740// 1741//
f 1735// 1741// 1736//
f 1736// 1741// 1742//
f 1736// 1742// 1737//
f 1737// 1742// 545//
f 1737// 545// 547//
f 532// 531// 1738//
f 1738// 531// 1743//
f 1738// 1743// 1739//
f 1739// 1743// 1744//
f 1739// 1744// 1740//
f 1740// 1744// 1745//
f 1740// 1745// 1741//
f 1741// 1745// 1746//
f 1741// 1746// 1742//
f 1742// 1746// 1747//
f 1742// 1747// 545//
f 545// 1747// 1017//
f 531// 543// 1743//
f 1743// 543// 1748//
f 1743// 1748// 1744//
f 1744// 1748// 1749//
f 1744// 1749// 1745//
f 1745// 1749// 1750//
f 1745// 1750// 1746//
f 1746// 1750// 1751//
f 1746// 1751// 1747//
f 1747// 1751// 1752//
f 1747// 1752// 1017//
f 1017// 1752// 1016//
f 543// 542// 1748//
f 1748// 542// 1753//
f 1748// 1753// 1749//
f 1749// 1753// 1754//
f 1749// 1754// 1750//
f 1750// 1754// 1755//
f 1750// 1755// 1751//
f 1751// 1755// 1756//
f 1751// 1756// 1752//
f 1752// 1756// 1757//
f 1752// 1757// 1016//
f 1016// 1757// 1015//
f 542// 538// 1753//
f 1753// 538// 1758//
f 1753// 1758// 1754//
f 1754// 1758// 1759//
f 1754// 1759// 1755//
f 1755// 1759// 1760//
f 1755// 1760// 1756//
f 1756// 1760// 1761//
f 1756// 1761// 1757//
f 1757// 1761// 1762//
f 1757// 1762// 1015//
f 1015// 1762// 1014//
f 538// 537// 1758//
f 1758// 537// 1763//
f 1758// 1763// 1759//
f 1759// 1763// 1764//
f 1759// 1764// 1760//
f 1760// 1764// 1765//
f 1760// 1765// 1761//
f 1761// 1765// 1766//
f 1761// 1766// 1762//
f 1762// 1766// 1767//
f 1762// 1767// 1014//
f 1014// 1767// 1013//
f 537// 497// 1763//
f 1763// 497// 1768//
f 1763// 1768// 1764//
f 1764// 1768// 1769//
f 1764// 1769// 1765//
f 1765// 1769// 1770//
f 1765// 1770// 1766//
f 1766// 1770// 1771//
f 1766// 1771// 1767//
f 1767// 1771// 1772//
f 1767// 1772// 1013//
f 1013// 1772// 287//
f 499// 1773// 497//
f 497// 1773// 1768//
f 1773// 1774// 1768//
f 1768// 1774// 1775//
f 1768// 1775// 1769//
f 1775// 1776// 1769//
f 1769// 1776// 1777//
f 1769// 1777// 1770//
f 1770// 1777// 1778//
f 1770// 1778// 1771//
f 1778// 1779// 1771//
f 1771// 1779// 1780//
f 1771// 1780// 1772//
f 1780// 1781// 1772//
f 1772// 1781// 1782//
f 1772// 1782// 287//
f 287// 1782// 1783//
f 287// 1783// 291//
f 1044// 1045// 1784//
f 1046// 1047// 1785//
f 499// 523// 1773//
f 1773// 523// 1786//
f 1773// 1786// 1774//
f 1774// 1786// 1787//
f 1788// 1776// 1787//
f 1787// 1776// 1775//
f 1787// 1775// 1774//
f 1789// 1778// 1788//
f 1788// 1778// 1777//
f 1788// 1777// 1776//
f 1790// 1780// 1789//
f 1789// 1780// 1779//
f 1789// 1779// 1778//
f 1791// 1782// 1790//
f 1790// 1782// 1781//
f 1790// 1781// 1780//
f 523// 521// 1786//
f 1786// 521// 1792//
f 1786// 1792// 1787//
f 1787// 1792// 1793//
f 1787// 1793// 1788//
f 1788// 1793// 1794//
f 1788// 1794// 1789//
f 1789// 1794// 1795//
f 1789// 1795// 1790//
f 1790// 1795// 1796//
f 1790// 1796// 1791//
f 1791// 1796// 1797//
f 1053// 291// 1791//
f 1791// 291// 1783//
f 1791// 1783// 1782//
f 1048// 1049// 1798//
f 1798// 1049// 1797//
f 1798// 1797// 1799//
f 1799// 1797// 1796//
f 1799// 1796// 1800//
f 1800// 1796// 1795//
f 1800// 1795// 1801//
f 1801// 1795// 1794//
f 1801// 1794// 1802//
f 1802// 1794// 1793//
f 1802// 1793// 1803//
f 1803// 1793// 1792//
f 1803// 1792// 520//
f 520// 1792// 521//
f 1049// 1050// 1797//
f 1797// 1050// 1051//
f 1797// 1051// 1791//
f 1791// 1051// 1052//
f 1791// 1052// 1053//
f 1047// 1048// 1785//
f 1785// 1048// 1798//
f 1785// 1798// 1804//
f 1804// 1798// 1799//
f 1804// 1799// 1805//
f 1805// 1799// 1800//
f 1805// 1800// 1806//
f 1806// 1800// 1801//
f 1806// 1801// 1807//
f 1807// 1801// 1802//
f 1807// 1802// 1808//
f 1808// 1802// 1803//
f 1808// 1803// 519//
f 519// 1803// 520//
f 1045// 1046// 1784//
f 1784// 1046// 1785//
f 1784// 1785// 1809//
f 1809// 1785// 1804//
f 1809// 1804// 1810//
f 1810// 1804// 1805//
f 1810// 1805// 1811//
f 1811// 1805// 1806//
f 1811// 1806// 1812//
f 1812// 1806// 1807//
f 1812// 1807// 1813//
f 1813// 1807// 1808//
f 1813// 1808// 513//
f 513// 1808// 519//
f 1043// 1044// 1814//
f 1814// 1044// 1784//
f 1814// 1784// 1815//
f 1815// 1784// 1809//
f 1815// 1809// 1816//
f 1816// 1809// 1810//
f 1816// 1810// 1817//
f 1817// 1810// 1811//
f 1817// 1811// 1818//
f 1818// 1811// 1812//
f 1818// 1812// 1819//
f 1819// 1812// 1813//
f 1819// 1813// 512//
f 512// 1813// 513//
f 512// 510// 1819//
f 1819// 510// 1820//
f 1819// 1820// 1818//
f 1818// 1820// 1821//
f 1818// 1821// 1817//
f 1817// 1821// 1822//
f 1817// 1822// 1816//
f 1816// 1822// 1823//
f 1816// 1823// 1815//
f 1815// 1823// 1824//
f 1815// 1824// 1814//
f 1814// 1824// 1825//
f 1814// 1825// 1043//
f 1043// 1825// 454//
f 510// 508// 1826//
f 510// 1826// 1820//
f 1820// 1826// 1827//
f 1820// 1827// 1821//
f 1821// 1827// 1828//
f 1821// 1828// 1822//
f 1822// 1828// 1829//
f 1822// 1829// 1823//
f 1823// 1829// 1830//
f 1823// 1830// 1824//
f 1824// 1830// 1831//
f 1824// 1831// 1825//
f 1825// 1831// 452//
f 1825// 452// 454//
f 452// 1831// 1832//
f 1833// 530// 509//
f 509// 1834// 1833//
f 1833// 1834// 1835//
f 1833// 1835// 1836//
f 1835// 1837// 1836//
f 1836// 1837// 1838//
f 1836// 1838// 1839//
f 1838// 1840// 1839//
f 1839// 1840// 1841//
f 1839// 1841// 1842//
f 508// 507// 1826//
f 1826// 507// 1843//
f 1826// 1843// 1827//
f 1827// 1843// 1844//
f 1827// 1844// 1828//
f 1828// 1844// 1845//
f 1828// 1845// 1829//
f 1829// 1845// 1846//
f 1829// 1846// 1830//
f 1830// 1846// 1847//
f 1830// 1847// 1831//
f 507// 518// 1843//
f 1843// 518// 1848//
f 1843// 1848// 1844//
f 1844// 1848// 1849//
f 1844// 1849// 1845//
f 1845// 1849// 1850//
f 1845// 1850// 1846//
f 1846// 1850// 1851//
f 1846// 1851// 1847//
f 1847// 1851// 1852//
f 518// 517// 1848//
f 1848// 517// 1853//
f 1848// 1853// 1849//
f 1849// 1853// 1854//
f 1849// 1854// 1850//
f 1850// 1854// 1855//
f 1850// 1855// 1851//
f 1851// 1855// 1856//
f 1851// 1856// 1852//
f 1852// 1856// 1857//
f 517// 516// 1853//
f 1853// 516// 1858//
f 1853// 1858// 1854//
f 1854// 1858// 1859//
f 1854// 1859// 1855//
f 1855// 1859// 1860//
f 1855// 1860// 1856//
f 1856// 1860// 1861//
f 1856// 1861// 1857//
f 1857// 1861// 1862//
f 516// 530// 1858//
f 1858// 530// 1833//
f 1858// 1833// 1859//
f 1859// 1833// 1836//
f 1859// 1836// 1860//
f 1860// 1836// 1839//
f 1860// 1839// 1861//
f 1861// 1839// 1842//
f 1861// 1842// 1862//
f 1862// 1842// 1863//
f 1841// 1864// 1842//
f 1842// 1864// 1865//
f 1842// 1865// 1863//
f 1863// 1865// 1866//
f 1863// 1866// 1867//
f 1831// 1847// 1832//
f 1832// 1847// 1852//
f 1832// 1852// 1868//
f 1868// 1852// 1857//
f 1868// 1857// 1869//
f 1869// 1857// 1862//
f 1869// 1862// 1870//
f 1870// 1862// 1863//
f 1870// 1863// 1871//
f 1871// 1863// 1867//
f 1871// 1867// 1872//
f 452// 1832// 1054//
f 1054// 1832// 1868//
f 1054// 1868// 1055//
f 1055// 1868// 1869//
f 1055// 1869// 1056//
f 1056// 1869// 1870//
f 1056// 1870// 1057//
f 1057// 1870// 1871//
f 1057// 1871// 1058//
f 1058// 1871// 1872//
f 1058// 1872// 458//
f 458// 1872// 456//
f 456// 1872// 1873//
f 1872// 1867// 1873//
f 1873// 1867// 1866//
f 1873// 1866// 1874//
f 1866// 1865// 1874//
f 1874// 1865// 1864//
f 1874// 1864// 1875//
f 1875// 1864// 1841//
f 1875// 1841// 1876//
f 1841// 1840// 1876//
f 1876// 1840// 1838//
f 1876// 1838// 1877//
f 1838// 1837// 1877//
f 1877// 1837// 1835//
f 1877// 1835// 511//
f 511// 1835// 1834//
f 511// 1834// 509//
f 586// 1059// 1878//
f 1878// 1059// 1879//
f 1878// 1879// 1880//
f 1880// 1879// 1881//
f 1881// 1879// 1882//
f 1881// 1882// 1883//
f 1883// 1882// 1884//
f 1884// 1882// 1885//
f 1884// 1885// 1886//
f 1886// 1885// 1887//
f 1887// 1885// 1888//
f 1887// 1888// 1889//
f 1889// 1888// 1890//
f 1890// 1888// 1891//
f 1890// 1891// 1892//
f 1892// 1891// 1893//
f 1893// 1891// 514//
f 1893// 514// 515//
f 1059// 1060// 1879//
f 1879// 1060// 1894//
f 1879// 1894// 1882//
f 1882// 1894// 1895//
f 1882// 1895// 1885//
f 1885// 1895// 1896//
f 1885// 1896// 1888//
f 1888// 1896// 1897//
f 1888// 1897// 1891//
f 1891// 1897// 1898//
f 1891// 1898// 514//
f 514// 1898// 495//
f 1060// 1061// 1894//
f 1894// 1061// 1899//
f 1894// 1899// 1895//
f 1895// 1899// 1900//
f 1895// 1900// 1896//
f 1896// 1900// 1901//
f 1896// 1901// 1897//
f 1897// 1901// 1902//
f 1897// 1902// 1898//
f 1898// 1902// 1903//
f 1898// 1903// 495//
f 495// 1903// 496//
f 1061// 1062// 1899//
f 1899// 1062// 1904//
f 1899// 1904// 1900//
f 1900// 1904// 1905//
f 1900// 1905// 1901//
f 1901// 1905// 1906//
f 1901// 1906// 1902//
f 1902// 1906// 1907//
f 1902// 1907// 1903//
f 1903// 1907// 1908//
f 1903// 1908// 496//
f 496// 1908// 498//
f 1062// 1063// 1904//
f 1904// 1063// 1909//
f 1904// 1909// 1905//
f 1905// 1909// 1910//
f 1905// 1910// 1906//
f 1906// 1910// 1911//
f 1906// 1911// 1907//
f 1907// 1911// 1912//
f 1907// 1912// 1908//
f 1908// 1912// 1913//
f 1908// 1913// 498//
f 498// 1913// 522//
f 1063// 456// 1909//
f 1909// 456// 1873//
f 1909// 1873// 1910//
f 1910// 1873// 1874//
f 1910// 1874// 1911//
f 1911// 1874// 1875//
f 1911// 1875// 1912//
f 1912// 1875// 1876//
f 1912// 1876// 1913//
f 1913// 1876// 1877//
f 1913// 1877// 522//
f 522// 1877// 511//
f 1914// 1915// 1878//
f 1878// 1915// 587//
f 1878// 587// 586//
f 1878// 1880// 1914//
f 1914// 1880// 1881//
f 1914// 1881// 1916//
f 1916// 1881// 1883//
f 1883// 1884// 1916//
f 1916// 1884// 1886//
f 1916// 1886// 1917//
f 1886// 1887// 1917//
f 1917// 1887// 1889//
f 1917// 1889// 1918//
f 1889// 1890// 1918//
f 1918// 1890// 1892//
f 1918// 1892// 1919//
f 1892// 1893// 1919//
f 1919// 1893// 515//
f 1919// 515// 528//
f 587// 1915// 1920//
f 1921// 468// 467//
f 467// 1922// 1921//
f 1921// 1922// 1923//
f 1921// 1923// 1924//
f 1923// 1925// 1924//
f 1924// 1925// 1926//
f 1924// 1926// 1927//
f 1926// 1928// 1927//
f 1927// 1928// 1929//
f 1927// 1929// 1930//
f 528// 527// 1919//
f 1919// 527// 1931//
f 1919// 1931// 1918//
f 1918// 1931// 1932//
f 1918// 1932// 1917//
f 1917// 1932// 1933//
f 1917// 1933// 1916//
f 1916// 1933// 1934//
f 1916// 1934// 1914//
f 1914// 1934// 1935//
f 1914// 1935// 1915//
f 527// 487// 1931//
f 1931// 487// 1936//
f 1931// 1936// 1932//
f 1932// 1936// 1937//
f 1932// 1937// 1933//
f 1933// 1937// 1938//
f 1933// 1938// 1934//
f 1934// 1938// 1939//
f 1934// 1939// 1935//
f 1935// 1939// 1940//
f 487// 486// 1936//
f 1936// 486// 1941//
f 1936// 1941// 1937//
f 1937// 1941// 1942//
f 1937// 1942// 1938//
f 1938// 1942// 1943//
f 1938// 1943// 1939//
f 1939// 1943// 1944//
f 1939// 1944// 1940//
f 1940// 1944// 1945//
f 486// 485// 1941//
f 1941// 485// 1946//
f 1941// 1946// 1942//
f 1942// 1946// 1947//
f 1942// 1947// 1943//
f 1943// 1947// 1948//
f 1943// 1948// 1944//
f 1944// 1948// 1949//
f 1944// 1949// 1945//
f 1945// 1949// 1950//
f 485// 468// 1946//
f 1946// 468// 1921//
f 1946// 1921// 1947//
f 1947// 1921// 1924//
f 1947// 1924// 1948//
f 1948// 1924// 1927//
f 1948// 1927// 1949//
f 1949// 1927// 1930//
f 1949// 1930// 1950//
f 1950// 1930// 1951//
f 1929// 1952// 1930//
f 1930// 1952// 1953//
f 1930// 1953// 1951//
f 1951// 1953// 1954//
f 1951// 1954// 1955//
f 1915// 1935// 1920//
f 1920// 1935// 1940//
f 1920// 1940// 1956//
f 1956// 1940// 1945//
f 1956// 1945// 1957//
f 1957// 1945// 1950//
f 1957// 1950// 1958//
f 1958// 1950// 1951//
f 1958// 1951// 1959//
f 1959// 1951// 1955//
f 1959// 1955// 1960//
f 587// 1920// 1064//
f 1064// 1920// 1956//
f 1064// 1956// 1066//
f 1066// 1956// 1957//
f 1066// 1957// 1068//
f 1068// 1957// 1958//
f 1068// 1958// 1070//
f 1070// 1958// 1959//
f 1070// 1959// 1072//
f 1072// 1959// 1960//
f 1072// 1960// 437//
f 437// 1960// 438//
f 438// 1960// 1961//
f 1960// 1955// 1961//
f 1961// 1955// 1954//
f 1961// 1954// 1962//
f 1954// 1953// 1962//
f 1962// 1953// 1952//
f 1962// 1952// 1963//
f 1963// 1952// 1929//
f 1963// 1929// 1964//
f 1929// 1928// 1964//
f 1964// 1928// 1926//
f 1964// 1926// 1965//
f 1926// 1925// 1965//
f 1965// 1925// 1923//
f 1965// 1923// 465//
f 465// 1923// 1922//
f 465// 1922// 467//
f 435// 1074// 1966//
f 1966// 1074// 1967//
f 1966// 1967// 1968//
f 1968// 1967// 1969//
f 1969// 1967// 1970//
f 1969// 1970// 1971//
f 1971// 1970// 1972//
f 1972// 1970// 1973//
f 1972// 1973// 1974//
f 1974// 1973// 1975//
f 1975// 1973// 1976//
f 1975// 1976// 1977//
f 1977// 1976// 1978//
f 1978// 1976// 1979//
f 1978// 1979// 1980//
f 1980// 1979// 1981//
f 1981// 1979// 471//
f 1981// 471// 473//
f 1074// 1075// 1967//
f 1967// 1075// 1982//
f 1967// 1982// 1970//
f 1970// 1982// 1983//
f 1970// 1983// 1973//
f 1973// 1983// 1984//
f 1973// 1984// 1976//
f 1976// 1984// 1985//
f 1976// 1985// 1979//
f 1979// 1985// 1986//
f 1979// 1986// 471//
f 471// 1986// 469//
f 1075// 1076// 1982//
f 1982// 1076// 1987//
f 1982// 1987// 1983//
f 1983// 1987// 1988//
f 1983// 1988// 1984//
f 1984// 1988// 1989//
f 1984// 1989// 1985//
f 1985// 1989// 1990//
f 1985// 1990// 1986//
f 1986// 1990// 1991//
f 1986// 1991// 469//
f 469// 1991// 461//
f 1076// 1077// 1987//
f 1987// 1077// 1992//
f 1987// 1992// 1988//
f 1988// 1992// 1993//
f 1988// 1993// 1989//
f 1989// 1993// 1994//
f 1989// 1994// 1990//
f 1990// 1994// 1995//
f 1990// 1995// 1991//
f 1991// 1995// 1996//
f 1991// 1996// 461//
f 461// 1996// 463//
f 1077// 1078// 1992//
f 1992// 1078// 1997//
f 1992// 1997// 1993//
f 1993// 1997// 1998//
f 1993// 1998// 1994//
f 1994// 1998// 1999//
f 1994// 1999// 1995//
f 1995// 1999// 2000//
f 1995// 2000// 1996//
f 1996// 2000// 2001//
f 1996// 2001// 463//
f 463// 2001// 464//
f 1078// 438// 1997//
f 1997// 438// 1961//
f 1997// 1961// 1998//
f 1998// 1961// 1962//
f 1998// 1962// 1999//
f 1999// 1962// 1963//
f 1999// 1963// 2000//
f 2000// 1963// 1964//
f 2000// 1964// 2001//
f 2001// 1964// 1965//
f 2001// 1965// 464//
f 464// 1965// 465//
f 435// 1966// 433//
f 433// 1966// 2002//
f 2002// 1966// 2003//
f 2003// 1966// 1968//
f 2003// 1968// 2004//
f 2004// 1968// 1969//
f 2004// 1969// 2005//
f 2005// 1969// 1971//
f 2005// 1971// 2006//
f 2006// 1971// 1972//
f 2006// 1972// 2007//
f 2007// 1972// 1974//
f 2007// 1974// 2008//
f 2008// 1974// 1975//
f 2008// 1975// 2009//
f 2009// 1975// 1977//
f 2009// 1977// 2010//
f 2010// 1977// 1978//
f 2010// 1978// 2011//
f 2011// 1978// 1980//
f 2011// 1980// 2012//
f 1980// 1981// 2012//
f 2012// 1981// 473//
f 2012// 473// 478//
f 2012// 478// 881//
f 2013// 2011// 2012//
f 2014// 2009// 2010//
f 2006// 2007// 2015//
f 2015// 2007// 2008//
f 2004// 2005// 2016//
f 2016// 2005// 2006//
f 2017// 2003// 2004//
f 2003// 2017// 2002//
f 2002// 2017// 844//
f 2002// 844// 433//
f 2012// 881// 2013//
f 2013// 881// 879//
f 2013// 879// 2018//
f 879// 877// 2018//
f 2018// 877// 875//
f 2018// 875// 2019//
f 2020// 850// 2021//
f 2021// 850// 848//
f 2021// 848// 2017//
f 2017// 848// 846//
f 2017// 846// 844//
f 870// 2022// 872//
f 872// 2022// 2019//
f 872// 2019// 873//
f 873// 2019// 875//
f 2023// 854// 2020//
f 2020// 854// 852//
f 2020// 852// 850//
f 870// 867// 2022//
f 2022// 867// 866//
f 2022// 866// 2024//
f 2024// 866// 864//
f 338// 2025// 2024//
f 2024// 2025// 2026//
f 2024// 2026// 2022//
f 2022// 2026// 2027//
f 2022// 2027// 2019//
f 2019// 2027// 2028//
f 2019// 2028// 2018//
f 2018// 2028// 2014//
f 2018// 2014// 2013//
f 2013// 2014// 2010//
f 2013// 2010// 2011//
f 338// 2029// 2025//
f 2025// 2029// 2030//
f 2025// 2030// 2026//
f 2026// 2030// 2031//
f 2026// 2031// 2027//
f 2027// 2031// 2032//
f 2027// 2032// 2028//
f 2028// 2032// 2015//
f 2028// 2015// 2014//
f 2014// 2015// 2008//
f 2014// 2008// 2009//
f 2033// 857// 2023//
f 2023// 857// 855//
f 2023// 855// 854//
f 864// 861// 2024//
f 2024// 861// 338//
f 338// 860// 2033//
f 2033// 860// 858//
f 2033// 858// 857//
f 2004// 2016// 2017//
f 2017// 2016// 2034//
f 2017// 2034// 2021//
f 2021// 2034// 2035//
f 2021// 2035// 2020//
f 2020// 2035// 2036//
f 2020// 2036// 2023//
f 2023// 2036// 2037//
f 2023// 2037// 2033//
f 2033// 2037// 338//
f 2006// 2015// 2016//
f 2016// 2015// 2032//
f 2016// 2032// 2034//
f 2034// 2032// 2031//
f 2034// 2031// 2035//
f 2035// 2031// 2030//
f 2035// 2030// 2036//
f 2036// 2030// 2029//
f 2036// 2029// 2037//
f 2037// 2029// 338//
f 2038// 2039// 2040//
f 2041// 573// 575//
f 2041// 575// 2042//
f 2042// 575// 2043//
f 2042// 2043// 2044//
f 2038// 2040// 2044//
f 2044// 2040// 2045//
f 2044// 2045// 2042//
f 2046// 2047// 2039//
f 2039// 2047// 2048//
f 2039// 2048// 2040//
f 2046// 2049// 2047//
f 2047// 2049// 2050//
f 2047// 2050// 2051//
f 2051// 2050// 2052//
f 2051// 2052// 2053//
f 2053// 2052// 460//
f 2053// 460// 462//
f 2054// 2055// 573//
f 573// 2055// 2056//
f 573// 2056// 577//
f 573// 2041// 2054//
f 2054// 2041// 2042//
f 2054// 2042// 2057//
f 2057// 2042// 2058//
f 2042// 2045// 2058//
f 2058// 2045// 2040//
f 2058// 2040// 2059//
f 2059// 2040// 2060//
f 2047// 2051// 2061//
f 2040// 2048// 2060//
f 2060// 2048// 2047//
f 2060// 2047// 2062//
f 2062// 2047// 2061//
f 2053// 462// 466//
f 466// 2063// 2053//
f 2053// 2063// 2064//
f 2053// 2064// 2051//
f 2051// 2064// 2065//
f 2051// 2065// 2061//
f 2052// 2050// 2066//
f 2066// 2067// 2052//
f 2052// 2067// 2068//
f 2052// 2068// 460//
f 460// 2068// 2069//
f 460// 2069// 529//
f 2070// 2071// 2049//
f 2049// 2071// 2072//
f 2049// 2072// 2050//
f 2050// 2072// 2073//
f 2050// 2073// 2066//
f 2049// 2046// 2070//
f 2070// 2046// 2039//
f 2070// 2039// 2074//
f 2074// 2039// 2075//
f 2076// 2044// 579//
f 579// 2044// 2043//
f 579// 2043// 575//
f 2039// 2038// 2075//
f 2075// 2038// 2044//
f 2075// 2044// 2077//
f 2077// 2044// 2076//
f 2076// 579// 577//
f 2076// 577// 2077//
f 577// 2056// 2077//
f 2077// 2056// 2055//
f 2077// 2055// 2075//
f 2075// 2055// 2074//
f 2055// 2054// 2074//
f 2074// 2054// 2057//
f 2074// 2057// 2070//
f 2070// 2057// 2071//
f 2057// 2058// 2071//
f 2071// 2058// 2059//
f 2071// 2059// 2072//
f 2072// 2059// 2073//
f 2059// 2060// 2073//
f 2073// 2060// 2062//
f 2073// 2062// 2066//
f 2066// 2062// 2067//
f 2067// 2062// 2061//
f 2067// 2061// 2065//
f 2064// 2069// 2065//
f 2065// 2069// 2068//
f 2065// 2068// 2067//
f 2064// 2063// 2069//
f 2069// 2063// 466//
f 2069// 466// 529//
f 2078// 561// 563//
f 2078// 563// 2079//
f 563// 2080// 2079//
f 2079// 2080// 2081//
f 2079// 2081// 2082//
f 2082// 2081// 2083//
f 2084// 2085// 2086//
f 2081// 2087// 2083//
f 2083// 2087// 2084//
f 2083// 2084// 2088//
f 2088// 2084// 2086//
f 2085// 2089// 2086//
f 2086// 2089// 2090//
f 2086// 2090// 2091//
f 2091// 2090// 2092//
f 2091// 2092// 2093//
f 2093// 2092// 504//
f 2093// 504// 490//
f 2094// 2095// 561//
f 561// 2095// 2096//
f 561// 2096// 565//
f 561// 2078// 2094//
f 2094// 2078// 2079//
f 2094// 2079// 2097//
f 2097// 2079// 2098//
f 2079// 2082// 2098//
f 2098// 2082// 2083//
f 2098// 2083// 2099//
f 2099// 2083// 2100//
f 2086// 2091// 2101//
f 2083// 2088// 2100//
f 2100// 2088// 2086//
f 2100// 2086// 2102//
f 2102// 2086// 2101//
f 2093// 490// 482//
f 482// 2103// 2093//
f 2093// 2103// 2104//
f 2093// 2104// 2091//
f 2091// 2104// 2105//
f 2091// 2105// 2101//
f 2092// 2090// 2106//
f 2106// 2107// 2092//
f 2092// 2107// 2108//
f 2092// 2108// 504//
f 504// 2108// 2109//
f 504// 2109// 503//
f 2110// 2111// 2089//
f 2089// 2111// 2112//
f 2089// 2112// 2090//
f 2090// 2112// 2113//
f 2090// 2113// 2106//
f 2089// 2085// 2110//
f 2110// 2085// 2084//
f 2110// 2084// 2114//
f 2114// 2084// 2115//
f 2116// 2081// 567//
f 567// 2081// 2080//
f 567// 2080// 563//
f 2084// 2087// 2115//
f 2115// 2087// 2081//
f 2115// 2081// 2117//
f 2117// 2081// 2116//
f 2116// 567// 565//
f 2116// 565// 2117//
f 565// 2096// 2117//
f 2117// 2096// 2095//
f 2117// 2095// 2115//
f 2115// 2095// 2114//
f 2095// 2094// 2114//
f 2114// 2094// 2097//
f 2114// 2097// 2110//
f 2110// 2097// 2111//
f 2097// 2098// 2111//
f 2111// 2098// 2099//
f 2111// 2099// 2112//
f 2112// 2099// 2113//
f 2099// 2100// 2113//
f 2113// 2100// 2102//
f 2113// 2102// 2106//
f 2106// 2102// 2107//
f 2107// 2102// 2101//
f 2107// 2101// 2105//
f 2104// 2109// 2105//
f 2105// 2109// 2108//
f 2105// 2108// 2107//
f 2104// 2103// 2109//
f 2109// 2103// 482//
f 2109// 482// 503//
f 2118// 2119// 555//
f 555// 2119// 2120//
f 555// 2120// 551//
f 555// 2121// 2118//
f 2118// 2121// 2122//
f 2118// 2122// 2123//
f 2123// 2122// 2124//
f 2122// 2125// 2124//
f 2124// 2125// 2126//
f 2124// 2126// 2127//
f 2127// 2126// 2128//
f 2129// 2130// 2131//
f 2126// 2132// 2128//
f 2128// 2132// 2129//
f 2128// 2129// 2133//
f 2133// 2129// 2131//
f 2134// 470// 480//
f 480// 2135// 2134//
f 2134// 2135// 2136//
f 2134// 2136// 2130//
f 2130// 2136// 2137//
f 2130// 2137// 2131//
f 2131// 2137// 2138//
f 2128// 2133// 2139//
f 2124// 2127// 2140//
f 2141// 549// 551//
f 2141// 551// 2142//
f 551// 2120// 2142//
f 2142// 2120// 2119//
f 2142// 2119// 2143//
f 2143// 2119// 2144//
f 2144// 2119// 2118//
f 2144// 2118// 2123//
f 2124// 2140// 2123//
f 2123// 2140// 2145//
f 2123// 2145// 2144//
f 2128// 2139// 2127//
f 2127// 2139// 2146//
f 2127// 2146// 2140//
f 2131// 2138// 2133//
f 2133// 2138// 2147//
f 2133// 2147// 2139//
f 2136// 2148// 2137//
f 2137// 2148// 2149//
f 2137// 2149// 2138//
f 2136// 2135// 2148//
f 2148// 2135// 480//
f 2148// 480// 476//
f 2150// 2151// 2126//
f 472// 470// 2134//
f 472// 2134// 2152//
f 2152// 2134// 2130//
f 2152// 2130// 2153//
f 2153// 2130// 2129//
f 2153// 2129// 2154//
f 2126// 2151// 2132//
f 2132// 2151// 2129//
f 2129// 2151// 2155//
f 2129// 2155// 2154//
f 2150// 2126// 2156//
f 2156// 2126// 2125//
f 2156// 2125// 2122//
f 2121// 555// 553//
f 2121// 553// 2122//
f 2122// 553// 2157//
f 2122// 2157// 2156//
f 2141// 2156// 549//
f 549// 2156// 2157//
f 549// 2157// 553//
f 2141// 2142// 2156//
f 2156// 2142// 2143//
f 2156// 2143// 2150//
f 2150// 2143// 2151//
f 2143// 2144// 2151//
f 2151// 2144// 2145//
f 2151// 2145// 2155//
f 2155// 2145// 2154//
f 2145// 2140// 2154//
f 2154// 2140// 2146//
f 2154// 2146// 2153//
f 2146// 2139// 2153//
f 2153// 2139// 2147//
f 2153// 2147// 2152//
f 2147// 2138// 2152//
f 2152// 2138// 2149//
f 2152// 2149// 472//
f 472// 2149// 2148//
f 472// 2148// 476//
usemtl 2
f 2158// 2159// 111//
f 111// 2159// 110//
f 2160// 2158// 234//
f 234// 2158// 111//
f 2161// 2160// 106//
f 106// 2160// 234//
f 2162// 2161// 105//
f 105// 2161// 106//
f 2163// 2162// 109//
f 109// 2162// 105//
f 2159// 2163// 110//
f 110// 2163// 109//
f 2161// 2162// 2160//
f 2160// 2162// 2163//
f 2160// 2163// 2158//
f 2158// 2163// 2159//
f 2164// 2165// 194//
f 194// 2165// 195//
f 2164// 194// 203//
f 2164// 203// 2166//
f 2166// 203// 217//
f 2166// 217// 2167//
f 2167// 217// 213//
f 2167// 213// 2168//
f 2168// 213// 212//
f 2168// 212// 2169//
f 2169// 212// 214//
f 2169// 214// 2170//
f 2170// 214// 215//
f 2170// 215// 2171//
f 2171// 215// 216//
f 2171// 216// 2172//
f 2172// 216// 211//
f 2172// 211// 2173//
f 2173// 211// 210//
f 2173// 210// 2174//
f 2174// 210// 209//
f 2174// 209// 2175//
f 2175// 209// 219//
f 2175// 219// 2176//
f 2176// 219// 218//
f 2176// 218// 2177//
f 2177// 218// 208//
f 2177// 208// 2178//
f 2178// 208// 207//
f 2178// 207// 2179//
f 2179// 207// 206//
f 2179// 206// 2180//
f 2180// 206// 205//
f 2180// 205// 2181//
f 2181// 205// 204//
f 2181// 204// 2182//
f 2182// 204// 202//
f 2182// 202// 2183//
f 2183// 202// 201//
f 2183// 201// 2184//
f 2185// 2184// 200//
f 200// 2184// 201//
f 221// 2186// 198//
f 198// 2186// 2187//
f 198// 2187// 199//
f 199// 2187// 2185//
f 199// 2185// 200//
f 221// 220// 2186//
f 2186// 220// 2188//
f 220// 230// 2188//
f 2188// 230// 226//
f 2188// 226// 2189//
f 2189// 226// 225//
f 2189// 225// 2190//
f 2190// 225// 224//
f 2190// 224// 2191//
f 2191// 224// 229//
f 2191// 229// 2192//
f 2192// 229// 228//
f 2192// 228// 2193//
f 2193// 228// 227//
f 2193// 227// 2194//
f 2194// 227// 233//
f 2194// 233// 2195//
f 2195// 233// 232//
f 2195// 232// 2196//
f 2196// 232// 231//
f 2196// 231// 2197//
f 2197// 231// 223//
f 2197// 223// 2198//
f 2198// 223// 222//
f 2198// 222// 2199//
f 2199// 222// 238//
f 2199// 238// 2200//
f 2200// 238// 2201//
f 2201// 238// 237//
f 2201// 237// 236//
f 195// 2165// 2202//
f 2201// 236// 235//
f 2201// 235// 2203//
f 2203// 235// 197//
f 2203// 197// 2202//
f 2202// 197// 196//
f 2202// 196// 195//
f 2169// 2201// 2168//
f 2168// 2201// 2203//
f 2168// 2203// 2167//
f 2167// 2203// 2202//
f 2167// 2202// 2166//
f 2166// 2202// 2165//
f 2166// 2165// 2164//
f 2184// 2185// 2183//
f 2183// 2185// 2187//
f 2183// 2187// 2182//
f 2182// 2187// 2186//
f 2182// 2186// 2181//
f 2181// 2186// 2188//
f 2181// 2188// 2180//
f 2180// 2188// 2189//
f 2180// 2189// 2179//
f 2179// 2189// 2190//
f 2179// 2190// 2178//
f 2178// 2190// 2191//
f 2178// 2191// 2177//
f 2177// 2191// 2192//
f 2177// 2192// 2176//
f 2176// 2192// 2193//
f 2176// 2193// 2175//
f 2175// 2193// 2194//
f 2175// 2194// 2174//
f 2174// 2194// 2195//
f 2174// 2195// 2173//
f 2173// 2195// 2196//
f 2173// 2196// 2172//
f 2172// 2196// 2197//
f 2172// 2197// 2171//
f 2171// 2197// 2198//
f 2171// 2198// 2170//
f 2170// 2198// 2199//
f 2170// 2199// 2169//
f 2169// 2199// 2200//
f 2169// 2200// 2201//
f 2204// 2205// 270//
f 270// 2205// 271//
f 2206// 2204// 275//
f 275// 2204// 270//
f 2207// 2206// 274//
f 274// 2206// 275//
f 2208// 2207// 276//
f 276// 2207// 274//
f 2209// 2208// 277//
f 277// 2208// 276//
f 2210// 2209// 278//
f 278// 2209// 277//
f 2211// 2210// 279//
f 279// 2210// 278//
f 2212// 2211// 269//
f 269// 2211// 279//
f 2213// 2212// 268//
f 268// 2212// 269//
f 2214// 2213// 273//
f 273// 2213// 268//
f 2215// 2214// 272//
f 272// 2214// 273//
f 2205// 2215// 271//
f 271// 2215// 272//
f 2215// 2205// 2204//
f 2204// 2206// 2215//
f 2215// 2206// 2207//
f 2215// 2207// 2214//
f 2212// 2213// 2211//
f 2211// 2213// 2214//
f 2211// 2214// 2210//
f 2210// 2214// 2207//
f 2210// 2207// 2209//
f 2209// 2207// 2208//
f 2216// 2217// 2218//
f 2218// 2217// 2219//
f 2218// 2219// 2220//
f 2220// 2219// 2221//
f 2220// 2221// 2222//
f 2222// 2221// 2223//
f 2222// 2223// 2224//
f 2224// 2223// 2225//
f 2224// 2225// 2226//
f 2226// 2225// 2227//
f 2226// 2227// 2228//
f 2228// 2227// 2229//
f 2228// 2229// 2230//
f 2230// 2229// 2231//
f 2230// 2231// 2232//
f 2232// 2231// 2233//
f 2232// 2233// 2234//
f 2234// 2233// 2235//
f 2234// 2235// 2236//
f 2236// 2235// 2237//
f 2236// 2237// 2238//
f 2238// 2237// 2239//
f 2238// 2239// 2240//
f 2240// 2239// 2241//
f 2240// 2241// 2242//
f 2242// 2241// 2243//
f 2242// 2243// 2244//
f 2244// 2243// 2245//
f 2244// 2245// 2246//
f 2246// 2245// 2247//
f 2246// 2247// 2248//
f 2248// 2247// 2249//
f 2248// 2249// 2250//
f 2250// 2249// 2216//
f 2250// 2216// 2218//
f 2233// 2231// 261//
f 261// 2231// 263//
f 2233// 261// 260//
f 2233// 260// 2235//
f 2235// 260// 252//
f 2235// 252// 2237//
f 2237// 252// 251//
f 2237// 251// 2239//
f 2239// 251// 250//
f 2239// 250// 2241//
f 2241// 250// 249//
f 2241// 249// 2243//
f 2243// 249// 267//
f 2243// 267// 2245//
f 2245// 267// 266//
f 2245// 266// 2247//
f 2247// 266// 265//
f 2247// 265// 2249//
f 2249// 265// 259//
f 2249// 259// 2216//
f 2216// 259// 258//
f 2216// 258// 2217//
f 2217// 258// 257//
f 2217// 257// 2219//
f 2219// 257// 256//
f 2219// 256// 2221//
f 2221// 256// 255//
f 2221// 255// 2223//
f 2223// 255// 254//
f 2223// 254// 2225//
f 2225// 254// 253//
f 2225// 253// 2227//
f 2229// 2227// 264//
f 264// 2227// 253//
f 2231// 2229// 263//
f 263// 2229// 264//
f 2226// 2228// 2251//
f 2251// 2228// 2252//
f 2228// 2230// 2252//
f 2252// 2230// 2253//
f 2230// 2232// 2253//
f 2253// 2232// 2254//
f 2246// 2255// 2256//
f 2246// 2256// 2244//
f 2244// 2256// 2257//
f 2244// 2257// 2242//
f 2242// 2257// 2258//
f 2242// 2258// 2240//
f 2240// 2258// 2259//
f 2240// 2259// 2238//
f 2238// 2259// 2260//
f 2238// 2260// 2236//
f 2236// 2260// 2261//
f 2236// 2261// 2234//
f 2234// 2261// 2254//
f 2234// 2254// 2232//
f 2226// 2251// 2262//
f 2226// 2262// 2224//
f 2224// 2262// 2263//
f 2224// 2263// 2222//
f 2222// 2263// 2264//
f 2222// 2264// 2220//
f 2220// 2264// 2265//
f 2220// 2265// 2218//
f 2218// 2265// 2266//
f 2218// 2266// 2250//
f 2250// 2266// 2267//
f 2250// 2267// 2248//
f 2248// 2267// 2255//
f 2248// 2255// 2246//
usemtl 1
f 2252// 2253// 2251//
f 2251// 2253// 2254//
f 2251// 2254// 2261//
f 2255// 2267// 2251//
f 2251// 2267// 2266//
f 2251// 2266// 2262//
f 2261// 2260// 2251//
f 2251// 2260// 2259//
f 2251// 2259// 2258//
f 2258// 2257// 2251//
f 2251// 2257// 2256//
f 2251// 2256// 2255//
f 2265// 2264// 2266//
f 2266// 2264// 2263//
f 2266// 2263// 2262//
usemtl 2
f 2268// 2269// 2270//
f 2270// 2269// 2271//
f 2272// 2273// 2268//
f 2268// 2273// 2274//
f 2268// 2274// 2269//
f 2269// 2274// 2275//
f 2272// 2276// 2273//
f 2273// 2276// 2277//
f 2273// 2277// 2278//
f 2278// 2277// 2279//
f 2278// 2279// 2280//
f 2280// 2281// 2278//
f 2278// 2281// 2270//
f 2278// 2270// 2282//
f 2282// 2270// 2271//
f 2282// 2271// 2283//
f 2278// 2282// 242//
f 242// 2282// 241//
f 2273// 2278// 248//
f 248// 2278// 242//
f 2274// 2273// 247//
f 247// 2273// 248//
f 2275// 2274// 246//
f 246// 2274// 247//
f 2269// 2275// 245//
f 245// 2275// 246//
f 2271// 2269// 244//
f 244// 2269// 245//
f 2283// 2271// 239//
f 239// 2271// 244//
f 2282// 2283// 241//
f 241// 2283// 239//
f 2268// 2270// 2284//
f 2284// 2270// 2285//
f 2270// 2281// 2285//
f 2285// 2281// 2286//
f 2279// 2287// 2288//
f 2279// 2288// 2280//
f 2280// 2288// 2286//
f 2280// 2286// 2281//
f 2279// 2277// 2287//
f 2287// 2277// 2289//
f 2272// 2290// 2291//
f 2272// 2291// 2276//
f 2276// 2291// 2289//
f 2276// 2289// 2277//
f 2272// 2268// 2290//
f 2290// 2268// 2284//
usemtl 1
f 2284// 2285// 2290//
f 2290// 2285// 2286//
f 2290// 2286// 2291//
f 2291// 2286// 2288//
f 2291// 2288// 2289//
f 2289// 2288// 2287//
f 324// 326// 2292//
f 333// 2293// 326//
f 326// 2293// 2294//
f 326// 2294// 2292//
f 332// 2295// 333//
f 333// 2295// 2296//
f 333// 2296// 2293//
f 331// 2297// 332//
f 332// 2297// 2298//
f 332// 2298// 2295//
f 316// 2299// 331//
f 331// 2299// 2300//
f 331// 2300// 2297//
f 318// 2301// 316//
f 316// 2301// 2302//
f 316// 2302// 2299//
f 320// 2303// 318//
f 318// 2303// 2304//
f 318// 2304// 2301//
f 322// 2305// 320//
f 320// 2305// 2306//
f 320// 2306// 2303//
f 323// 2307// 322//
f 322// 2307// 2308//
f 322// 2308// 2305//
f 352// 2309// 323//
f 323// 2309// 2310//
f 323// 2310// 2307//
f 353// 2311// 352//
f 352// 2311// 2312//
f 352// 2312// 2309//
f 354// 2313// 353//
f 353// 2313// 2314//
f 353// 2314// 2311//
f 337// 2315// 354//
f 354// 2315// 2316//
f 354// 2316// 2313//
f 339// 2317// 337//
f 337// 2317// 2318//
f 337// 2318// 2315//
f 340// 2319// 339//
f 339// 2319// 2320//
f 339// 2320// 2317//
f 345// 2321// 340//
f 340// 2321// 2322//
f 340// 2322// 2319//
f 344// 2323// 345//
f 345// 2323// 2324//
f 345// 2324// 2321//
f 343// 2325// 344//
f 344// 2325// 2326//
f 344// 2326// 2323//
f 336// 2327// 343//
f 343// 2327// 2328//
f 343// 2328// 2325//
f 335// 2329// 336//
f 336// 2329// 2330//
f 336// 2330// 2327//
f 334// 2331// 335//
f 335// 2331// 2332//
f 335// 2332// 2329//
f 315// 2333// 334//
f 334// 2333// 2334//
f 334// 2334// 2331//
f 314// 2335// 315//
f 315// 2335// 2336//
f 315// 2336// 2333//
f 2292// 2337// 324//
f 324// 2337// 2338//
f 324// 2338// 314//
f 314// 2338// 2339//
f 314// 2339// 2335//
f 2340// 2341// 2342//
f 2343// 2344// 2342//
f 2342// 2344// 2345//
f 2342// 2345// 2340//
f 2346// 2347// 2342//
f 2342// 2347// 2348//
f 2342// 2348// 2343//
f 2349// 2350// 2342//
f 2342// 2350// 2351//
f 2342// 2351// 2346//
f 2352// 2353// 2342//
f 2342// 2353// 2354//
f 2342// 2354// 2349//
f 2355// 2356// 2342//
f 2342// 2356// 2357//
f 2342// 2357// 2352//
f 2358// 2359// 2342//
f 2342// 2359// 2360//
f 2342// 2360// 2355//
f 2361// 2362// 2342//
f 2342// 2362// 2363//
f 2342// 2363// 2358//
f 2364// 2365// 2342//
f 2342// 2365// 2366//
f 2342// 2366// 2361//
f 2341// 2367// 2342//
f 2342// 2367// 2368//
f 2342// 2368// 2364//
f 355// 351// 2369//
f 350// 2370// 351//
f 351// 2370// 2371//
f 351// 2371// 2369//
f 349// 2372// 350//
f 350// 2372// 2373//
f 350// 2373// 2370//
f 348// 2374// 349//
f 349// 2374// 2375//
f 349// 2375// 2372//
f 347// 2376// 348//
f 348// 2376// 2377//
f 348// 2377// 2374//
f 346// 2378// 347//
f 347// 2378// 2379//
f 347// 2379// 2376//
f 330// 2380// 346//
f 346// 2380// 2381//
f 346// 2381// 2378//
f 329// 2382// 330//
f 330// 2382// 2383//
f 330// 2383// 2380//
f 328// 2384// 329//
f 329// 2384// 2385//
f 329// 2385// 2382//
f 327// 2386// 328//
f 328// 2386// 2387//
f 328// 2387// 2384//
f 309// 2388// 327//
f 327// 2388// 2389//
f 327// 2389// 2386//
f 311// 2390// 309//
f 309// 2390// 2391//
f 309// 2391// 2388//
f 312// 2392// 311//
f 311// 2392// 2393//
f 311// 2393// 2390//
f 364// 2394// 312//
f 312// 2394// 2395//
f 312// 2395// 2392//
f 358// 2396// 364//
f 364// 2396// 2397//
f 364// 2397// 2394//
f 357// 2398// 358//
f 358// 2398// 2399//
f 358// 2399// 2396//
f 359// 2400// 357//
f 357// 2400// 2401//
f 357// 2401// 2398//
f 362// 2402// 359//
f 359// 2402// 2403//
f 359// 2403// 2400//
f 361// 2404// 362//
f 362// 2404// 2405//
f 362// 2405// 2402//
f 360// 2406// 361//
f 361// 2406// 2407//
f 361// 2407// 2404//
f 342// 2408// 360//
f 360// 2408// 2409//
f 360// 2409// 2406//
f 341// 2410// 342//
f 342// 2410// 2411//
f 342// 2411// 2408//
f 356// 2412// 341//
f 341// 2412// 2413//
f 341// 2413// 2410//
f 2369// 2414// 355//
f 355// 2414// 2415//
f 355// 2415// 356//
f 356// 2415// 2416//
f 356// 2416// 2412//
f 2417// 2418// 2419//
f 2420// 2421// 2419//
f 2419// 2421// 2422//
f 2419// 2422// 2417//
f 2423// 2424// 2419//
f 2419// 2424// 2425//
f 2419// 2425// 2420//
f 2426// 2427// 2419//
f 2419// 2427// 2428//
f 2419// 2428// 2423//
f 2429// 2430// 2419//
f 2419// 2430// 2431//
f 2419// 2431// 2426//
f 2432// 2433// 2419//
f 2419// 2433// 2434//
f 2419// 2434// 2429//
f 2435// 2436// 2419//
f 2419// 2436// 2437//
f 2419// 2437// 2432//
f 2438// 2439// 2419//
f 2419// 2439// 2440//
f 2419// 2440// 2435//
f 2441// 2442// 2419//
f 2419// 2442// 2443//
f 2419// 2443// 2438//
f 2418// 2444// 2419//
f 2419// 2444// 2445//
f 2419// 2445// 2441//
f 2395// 2394// 2446//
f 2403// 2402// 2447//
f 2407// 2406// 2448//
f 2416// 2415// 2449//
f 2371// 2370// 2450//
f 2379// 2378// 2451//
f 2383// 2382// 2452//
f 2391// 2390// 2453//
f 2421// 2420// 2454//
f 2454// 2420// 2455//
f 2454// 2455// 2456//
f 2456// 2455// 2457//
f 2456// 2457// 2458//
f 2458// 2457// 2459//
f 2458// 2459// 2460//
f 2460// 2459// 2461//
f 2460// 2461// 2462//
f 2462// 2461// 2463//
f 2426// 2431// 2464//
f 2464// 2431// 2465//
f 2464// 2465// 2466//
f 2466// 2465// 2467//
f 2466// 2467// 2468//
f 2468// 2467// 2469//
f 2468// 2469// 2470//
f 2470// 2469// 2471//
f 2470// 2471// 2472//
f 2472// 2471// 2473//
f 2437// 2436// 2474//
f 2474// 2436// 2475//
f 2474// 2475// 2476//
f 2476// 2475// 2477//
f 2476// 2477// 2478//
f 2478// 2477// 2479//
f 2478// 2479// 2480//
f 2480// 2479// 2481//
f 2480// 2481// 2482//
f 2482// 2481// 2483//
f 2442// 2441// 2484//
f 2484// 2441// 2485//
f 2484// 2485// 2486//
f 2486// 2485// 2487//
f 2486// 2487// 2488//
f 2488// 2487// 2489//
f 2488// 2489// 2490//
f 2490// 2489// 2491//
f 2490// 2491// 2492//
f 2492// 2491// 2493//
f 2417// 2422// 2494//
f 2494// 2422// 2495//
f 2494// 2495// 2496//
f 2496// 2495// 2497//
f 2496// 2497// 2498//
f 2498// 2497// 2499//
f 2498// 2499// 2500//
f 2500// 2499// 2501//
f 2500// 2501// 2502//
f 2502// 2501// 2453//
f 2502// 2453// 2393//
f 2393// 2453// 2390//
f 2388// 2391// 2462//
f 2462// 2391// 2453//
f 2462// 2453// 2460//
f 2460// 2453// 2501//
f 2460// 2501// 2458//
f 2458// 2501// 2499//
f 2458// 2499// 2456//
f 2456// 2499// 2497//
f 2456// 2497// 2454//
f 2454// 2497// 2495//
f 2454// 2495// 2421//
f 2421// 2495// 2422//
f 2385// 2384// 2503//
f 2503// 2384// 2463//
f 2503// 2463// 2504//
f 2504// 2463// 2461//
f 2504// 2461// 2505//
f 2505// 2461// 2459//
f 2505// 2459// 2506//
f 2506// 2459// 2457//
f 2506// 2457// 2507//
f 2507// 2457// 2455//
f 2507// 2455// 2425//
f 2425// 2455// 2420//
f 2384// 2387// 2463//
f 2463// 2387// 2386//
f 2463// 2386// 2462//
f 2462// 2386// 2389//
f 2462// 2389// 2388//
f 2382// 2385// 2452//
f 2452// 2385// 2503//
f 2452// 2503// 2508//
f 2508// 2503// 2504//
f 2508// 2504// 2509//
f 2509// 2504// 2505//
f 2509// 2505// 2510//
f 2510// 2505// 2506//
f 2510// 2506// 2511//
f 2511// 2506// 2507//
f 2511// 2507// 2424//
f 2424// 2507// 2425//
f 2380// 2383// 2512//
f 2512// 2383// 2452//
f 2512// 2452// 2513//
f 2513// 2452// 2508//
f 2513// 2508// 2514//
f 2514// 2508// 2509//
f 2514// 2509// 2515//
f 2515// 2509// 2510//
f 2515// 2510// 2516//
f 2516// 2510// 2511//
f 2516// 2511// 2423//
f 2423// 2511// 2424//
f 2423// 2428// 2516//
f 2516// 2428// 2517//
f 2516// 2517// 2515//
f 2515// 2517// 2518//
f 2515// 2518// 2514//
f 2514// 2518// 2519//
f 2514// 2519// 2513//
f 2513// 2519// 2520//
f 2513// 2520// 2512//
f 2512// 2520// 2521//
f 2512// 2521// 2380//
f 2380// 2521// 2381//
f 2428// 2427// 2517//
f 2517// 2427// 2522//
f 2517// 2522// 2518//
f 2518// 2522// 2523//
f 2518// 2523// 2519//
f 2519// 2523// 2524//
f 2519// 2524// 2520//
f 2520// 2524// 2525//
f 2520// 2525// 2521//
f 2521// 2525// 2451//
f 2521// 2451// 2381//
f 2381// 2451// 2378//
f 2376// 2379// 2472//
f 2472// 2379// 2451//
f 2472// 2451// 2470//
f 2470// 2451// 2525//
f 2470// 2525// 2468//
f 2468// 2525// 2524//
f 2468// 2524// 2466//
f 2466// 2524// 2523//
f 2466// 2523// 2464//
f 2464// 2523// 2522//
f 2464// 2522// 2426//
f 2426// 2522// 2427//
f 2373// 2372// 2526//
f 2526// 2372// 2473//
f 2526// 2473// 2527//
f 2527// 2473// 2471//
f 2527// 2471// 2528//
f 2528// 2471// 2469//
f 2528// 2469// 2529//
f 2529// 2469// 2467//
f 2529// 2467// 2530//
f 2530// 2467// 2465//
f 2530// 2465// 2430//
f 2430// 2465// 2431//
f 2372// 2375// 2473//
f 2473// 2375// 2374//
f 2473// 2374// 2472//
f 2472// 2374// 2377//
f 2472// 2377// 2376//
f 2370// 2373// 2450//
f 2450// 2373// 2526//
f 2450// 2526// 2531//
f 2531// 2526// 2527//
f 2531// 2527// 2532//
f 2532// 2527// 2528//
f 2532// 2528// 2533//
f 2533// 2528// 2529//
f 2533// 2529// 2534//
f 2534// 2529// 2530//
f 2534// 2530// 2429//
f 2429// 2530// 2430//
f 2369// 2371// 2535//
f 2535// 2371// 2450//
f 2535// 2450// 2536//
f 2536// 2450// 2531//
f 2536// 2531// 2537//
f 2537// 2531// 2532//
f 2537// 2532// 2538//
f 2538// 2532// 2533//
f 2538// 2533// 2539//
f 2539// 2533// 2534//
f 2539// 2534// 2434//
f 2434// 2534// 2429//
f 2434// 2433// 2539//
f 2539// 2433// 2540//
f 2539// 2540// 2538//
f 2538// 2540// 2541//
f 2538// 2541// 2537//
f 2537// 2541// 2542//
f 2537// 2542// 2536//
f 2536// 2542// 2543//
f 2536// 2543// 2535//
f 2535// 2543// 2544//
f 2535// 2544// 2369//
f 2369// 2544// 2414//
f 2433// 2432// 2540//
f 2540// 2432// 2545//
f 2540// 2545// 2541//
f 2541// 2545// 2546//
f 2541// 2546// 2542//
f 2542// 2546// 2547//
f 2542// 2547// 2543//
f 2543// 2547// 2548//
f 2543// 2548// 2544//
f 2544// 2548// 2449//
f 2544// 2449// 2414//
f 2414// 2449// 2415//
f 2412// 2416// 2482//
f 2482// 2416// 2449//
f 2482// 2449// 2480//
f 2480// 2449// 2548//
f 2480// 2548// 2478//
f 2478// 2548// 2547//
f 2478// 2547// 2476//
f 2476// 2547// 2546//
f 2476// 2546// 2474//
f 2474// 2546// 2545//
f 2474// 2545// 2437//
f 2437// 2545// 2432//
f 2409// 2408// 2549//
f 2549// 2408// 2483//
f 2549// 2483// 2550//
f 2550// 2483// 2481//
f 2550// 2481// 2551//
f 2551// 2481// 2479//
f 2551// 2479// 2552//
f 2552// 2479// 2477//
f 2552// 2477// 2553//
f 2553// 2477// 2475//
f 2553// 2475// 2435//
f 2435// 2475// 2436//
f 2408// 2411// 2483//
f 2483// 2411// 2410//
f 2483// 2410// 2482//
f 2482// 2410// 2413//
f 2482// 2413// 2412//
f 2406// 2409// 2448//
f 2448// 2409// 2549//
f 2448// 2549// 2554//
f 2554// 2549// 2550//
f 2554// 2550// 2555//
f 2555// 2550// 2551//
f 2555// 2551// 2556//
f 2556// 2551// 2552//
f 2556// 2552// 2557//
f 2557// 2552// 2553//
f 2557// 2553// 2440//
f 2440// 2553// 2435//
f 2404// 2407// 2558//
f 2558// 2407// 2448//
f 2558// 2448// 2559//
f 2559// 2448// 2554//
f 2559// 2554// 2560//
f 2560// 2554// 2555//
f 2560// 2555// 2561//
f 2561// 2555// 2556//
f 2561// 2556// 2562//
f 2562// 2556// 2557//
f 2562// 2557// 2439//
f 2439// 2557// 2440//
f 2439// 2438// 2562//
f 2562// 2438// 2563//
f 2562// 2563// 2561//
f 2561// 2563// 2564//
f 2561// 2564// 2560//
f 2560// 2564// 2565//
f 2560// 2565// 2559//
f 2559// 2565// 2566//
f 2559// 2566// 2558//
f 2558// 2566// 2567//
f 2558// 2567// 2404//
f 2404// 2567// 2405//
f 2438// 2443// 2563//
f 2563// 2443// 2568//
f 2563// 2568// 2564//
f 2564// 2568// 2569//
f 2564// 2569// 2565//
f 2565// 2569// 2570//
f 2565// 2570// 2566//
f 2566// 2570// 2571//
f 2566// 2571// 2567//
f 2567// 2571// 2447//
f 2567// 2447// 2405//
f 2405// 2447// 2402//
f 2400// 2403// 2492//
f 2492// 2403// 2447//
f 2492// 2447// 2490//
f 2490// 2447// 2571//
f 2490// 2571// 2488//
f 2488// 2571// 2570//
f 2488// 2570// 2486//
f 2486// 2570// 2569//
f 2486// 2569// 2484//
f 2484// 2569// 2568//
f 2484// 2568// 2442//
f 2442// 2568// 2443//
f 2397// 2396// 2572//
f 2572// 2396// 2493//
f 2572// 2493// 2573//
f 2573// 2493// 2491//
f 2573// 2491// 2574//
f 2574// 2491// 2489//
f 2574// 2489// 2575//
f 2575// 2489// 2487//
f 2575// 2487// 2576//
f 2576// 2487// 2485//
f 2576// 2485// 2445//
f 2445// 2485// 2441//
f 2396// 2399// 2493//
f 2493// 2399// 2398//
f 2493// 2398// 2492//
f 2492// 2398// 2401//
f 2492// 2401// 2400//
f 2394// 2397// 2446//
f 2446// 2397// 2572//
f 2446// 2572// 2577//
f 2577// 2572// 2573//
f 2577// 2573// 2578//
f 2578// 2573// 2574//
f 2578// 2574// 2579//
f 2579// 2574// 2575//
f 2579// 2575// 2580//
f 2580// 2575// 2576//
f 2580// 2576// 2444//
f 2444// 2576// 2445//
f 2392// 2395// 2581//
f 2581// 2395// 2446//
f 2581// 2446// 2582//
f 2582// 2446// 2577//
f 2582// 2577// 2583//
f 2583// 2577// 2578//
f 2583// 2578// 2584//
f 2584// 2578// 2579//
f 2584// 2579// 2585//
f 2585// 2579// 2580//
f 2585// 2580// 2418//
f 2418// 2580// 2444//
f 2418// 2417// 2585//
f 2585// 2417// 2494//
f 2585// 2494// 2584//
f 2584// 2494// 2496//
f 2584// 2496// 2583//
f 2583// 2496// 2498//
f 2583// 2498// 2582//
f 2582// 2498// 2500//
f 2582// 2500// 2581//
f 2581// 2500// 2502//
f 2581// 2502// 2392//
f 2392// 2502// 2393//
f 2318// 2317// 2586//
f 2326// 2325// 2587//
f 2330// 2329// 2588//
f 2339// 2338// 2589//
f 2294// 2293// 2590//
f 2302// 2301// 2591//
f 2306// 2305// 2592//
f 2314// 2313// 2593//
f 2344// 2343// 2594//
f 2594// 2343// 2595//
f 2594// 2595// 2596//
f 2596// 2595// 2597//
f 2596// 2597// 2598//
f 2598// 2597// 2599//
f 2598// 2599// 2600//
f 2600// 2599// 2601//
f 2600// 2601// 2602//
f 2602// 2601// 2603//
f 2349// 2354// 2604//
f 2604// 2354// 2605//
f 2604// 2605// 2606//
f 2606// 2605// 2607//
f 2606// 2607// 2608//
f 2608// 2607// 2609//
f 2608// 2609// 2610//
f 2610// 2609// 2611//
f 2610// 2611// 2612//
f 2612// 2611// 2613//
f 2360// 2359// 2614//
f 2614// 2359// 2615//
f 2614// 2615// 2616//
f 2616// 2615// 2617//
f 2616// 2617// 2618//
f 2618// 2617// 2619//
f 2618// 2619// 2620//
f 2620// 2619// 2621//
f 2620// 2621// 2622//
f 2622// 2621// 2623//
f 2365// 2364// 2624//
f 2624// 2364// 2625//
f 2624// 2625// 2626//
f 2626// 2625// 2627//
f 2626// 2627// 2628//
f 2628// 2627// 2629//
f 2628// 2629// 2630//
f 2630// 2629// 2631//
f 2630// 2631// 2632//
f 2632// 2631// 2633//
f 2340// 2345// 2634//
f 2634// 2345// 2635//
f 2634// 2635// 2636//
f 2636// 2635// 2637//
f 2636// 2637// 2638//
f 2638// 2637// 2639//
f 2638// 2639// 2640//
f 2640// 2639// 2641//
f 2640// 2641// 2642//
f 2642// 2641// 2593//
f 2642// 2593// 2316//
f 2316// 2593// 2313//
f 2311// 2314// 2602//
f 2602// 2314// 2593//
f 2602// 2593// 2600//
f 2600// 2593// 2641//
f 2600// 2641// 2598//
f 2598// 2641// 2639//
f 2598// 2639// 2596//
f 2596// 2639// 2637//
f 2596// 2637// 2594//
f 2594// 2637// 2635//
f 2594// 2635// 2344//
f 2344// 2635// 2345//
f 2308// 2307// 2643//
f 2643// 2307// 2603//
f 2643// 2603// 2644//
f 2644// 2603// 2601//
f 2644// 2601// 2645//
f 2645// 2601// 2599//
f 2645// 2599// 2646//
f 2646// 2599// 2597//
f 2646// 2597// 2647//
f 2647// 2597// 2595//
f 2647// 2595// 2348//
f 2348// 2595// 2343//
f 2307// 2310// 2603//
f 2603// 2310// 2309//
f 2603// 2309// 2602//
f 2602// 2309// 2312//
f 2602// 2312// 2311//
f 2305// 2308// 2592//
f 2592// 2308// 2643//
f 2592// 2643// 2648//
f 2648// 2643// 2644//
f 2648// 2644// 2649//
f 2649// 2644// 2645//
f 2649// 2645// 2650//
f 2650// 2645// 2646//
f 2650// 2646// 2651//
f 2651// 2646// 2647//
f 2651// 2647// 2347//
f 2347// 2647// 2348//
f 2303// 2306// 2652//
f 2652// 2306// 2592//
f 2652// 2592// 2653//
f 2653// 2592// 2648//
f 2653// 2648// 2654//
f 2654// 2648// 2649//
f 2654// 2649// 2655//
f 2655// 2649// 2650//
f 2655// 2650// 2656//
f 2656// 2650// 2651//
f 2656// 2651// 2346//
f 2346// 2651// 2347//
f 2346// 2351// 2656//
f 2656// 2351// 2657//
f 2656// 2657// 2655//
f 2655// 2657// 2658//
f 2655// 2658// 2654//
f 2654// 2658// 2659//
f 2654// 2659// 2653//
f 2653// 2659// 2660//
f 2653// 2660// 2652//
f 2652// 2660// 2661//
f 2652// 2661// 2303//
f 2303// 2661// 2304//
f 2351// 2350// 2657//
f 2657// 2350// 2662//
f 2657// 2662// 2658//
f 2658// 2662// 2663//
f 2658// 2663// 2659//
f 2659// 2663// 2664//
f 2659// 2664// 2660//
f 2660// 2664// 2665//
f 2660// 2665// 2661//
f 2661// 2665// 2591//
f 2661// 2591// 2304//
f 2304// 2591// 2301//
f 2299// 2302// 2612//
f 2612// 2302// 2591//
f 2612// 2591// 2610//
f 2610// 2591// 2665//
f 2610// 2665// 2608//
f 2608// 2665// 2664//
f 2608// 2664// 2606//
f 2606// 2664// 2663//
f 2606// 2663// 2604//
f 2604// 2663// 2662//
f 2604// 2662// 2349//
f 2349// 2662// 2350//
f 2296// 2295// 2666//
f 2666// 2295// 2613//
f 2666// 2613// 2667//
f 2667// 2613// 2611//
f 2667// 2611// 2668//
f 2668// 2611// 2609//
f 2668// 2609// 2669//
f 2669// 2609// 2607//
f 2669// 2607// 2670//
f 2670// 2607// 2605//
f 2670// 2605// 2353//
f 2353// 2605// 2354//
f 2295// 2298// 2613//
f 2613// 2298// 2297//
f 2613// 2297// 2612//
f 2612// 2297// 2300//
f 2612// 2300// 2299//
f 2293// 2296// 2590//
f 2590// 2296// 2666//
f 2590// 2666// 2671//
f 2671// 2666// 2667//
f 2671// 2667// 2672//
f 2672// 2667// 2668//
f 2672// 2668// 2673//
f 2673// 2668// 2669//
f 2673// 2669// 2674//
f 2674// 2669// 2670//
f 2674// 2670// 2352//
f 2352// 2670// 2353//
f 2292// 2294// 2675//
f 2675// 2294// 2590//
f 2675// 2590// 2676//
f 2676// 2590// 2671//
f 2676// 2671// 2677//
f 2677// 2671// 2672//
f 2677// 2672// 2678//
f 2678// 2672// 2673//
f 2678// 2673// 2679//
f 2679// 2673// 2674//
f 2679// 2674// 2357//
f 2357// 2674// 2352//
f 2357// 2356// 2679//
f 2679// 2356// 2680//
f 2679// 2680// 2678//
f 2678// 2680// 2681//
f 2678// 2681// 2677//
f 2677// 2681// 2682//
f 2677// 2682// 2676//
f 2676// 2682// 2683//
f 2676// 2683// 2675//
f 2675// 2683// 2684//
f 2675// 2684// 2292//
f 2292// 2684// 2337//
f 2356// 2355// 2680//
f 2680// 2355// 2685//
f 2680// 2685// 2681//
f 2681// 2685// 2686//
f 2681// 2686// 2682//
f 2682// 2686// 2687//
f 2682// 2687// 2683//
f 2683// 2687// 2688//
f 2683// 2688// 2684//
f 2684// 2688// 2589//
f 2684// 2589// 2337//
f 2337// 2589// 2338//
f 2335// 2339// 2622//
f 2622// 2339// 2589//
f 2622// 2589// 2620//
f 2620// 2589// 2688//
f 2620// 2688// 2618//
f 2618// 2688// 2687//
f 2618// 2687// 2616//
f 2616// 2687// 2686//
f 2616// 2686// 2614//
f 2614// 2686// 2685//
f 2614// 2685// 2360//
f 2360// 2685// 2355//
f 2332// 2331// 2689//
f 2689// 2331// 2623//
f 2689// 2623// 2690//
f 2690// 2623// 2621//
f 2690// 2621// 2691//
f 2691// 2621// 2619//
f 2691// 2619// 2692//
f 2692// 2619// 2617//
f 2692// 2617// 2693//
f 2693// 2617// 2615//
f 2693// 2615// 2358//
f 2358// 2615// 2359//
f 2331// 2334// 2623//
f 2623// 2334// 2333//
f 2623// 2333// 2622//
f 2622// 2333// 2336//
f 2622// 2336// 2335//
f 2329// 2332// 2588//
f 2588// 2332// 2689//
f 2588// 2689// 2694//
f 2694// 2689// 2690//
f 2694// 2690// 2695//
f 2695// 2690// 2691//
f 2695// 2691// 2696//
f 2696// 2691// 2692//
f 2696// 2692// 2697//
f 2697// 2692// 2693//
f 2697// 2693// 2363//
f 2363// 2693// 2358//
f 2327// 2330// 2698//
f 2698// 2330// 2588//
f 2698// 2588// 2699//
f 2699// 2588// 2694//
f 2699// 2694// 2700//
f 2700// 2694// 2695//
f 2700// 2695// 2701//
f 2701// 2695// 2696//
f 2701// 2696// 2702//
f 2702// 2696// 2697//
f 2702// 2697// 2362//
f 2362// 2697// 2363//
f 2362// 2361// 2702//
f 2702// 2361// 2703//
f 2702// 2703// 2701//
f 2701// 2703// 2704//
f 2701// 2704// 2700//
f 2700// 2704// 2705//
f 2700// 2705// 2699//
f 2699// 2705// 2706//
f 2699// 2706// 2698//
f 2698// 2706// 2707//
f 2698// 2707// 2327//
f 2327// 2707// 2328//
f 2361// 2366// 2703//
f 2703// 2366// 2708//
f 2703// 2708// 2704//
f 2704// 2708// 2709//
f 2704// 2709// 2705//
f 2705// 2709// 2710//
f 2705// 2710// 2706//
f 2706// 2710// 2711//
f 2706// 2711// 2707//
f 2707// 2711// 2587//
f 2707// 2587// 2328//
f 2328// 2587// 2325//
f 2323// 2326// 2632//
f 2632// 2326// 2587//
f 2632// 2587// 2630//
f 2630// 2587// 2711//
f 2630// 2711// 2628//
f 2628// 2711// 2710//
f 2628// 2710// 2626//
f 2626// 2710// 2709//
f 2626// 2709// 2624//
f 2624// 2709// 2708//
f 2624// 2708// 2365//
f 2365// 2708// 2366//
f 2320// 2319// 2712//
f 2712// 2319// 2633//
f 2712// 2633// 2713//
f 2713// 2633// 2631//
f 2713// 2631// 2714//
f 2714// 2631// 2629//
f 2714// 2629// 2715//
f 2715// 2629// 2627//
f 2715// 2627// 2716//
f 2716// 2627// 2625//
f 2716// 2625// 2368//
f 2368// 2625// 2364//
f 2319// 2322// 2633//
f 2633// 2322// 2321//
f 2633// 2321// 2632//
f 2632// 2321// 2324//
f 2632// 2324// 2323//
f 2317// 2320// 2586//
f 2586// 2320// 2712//
f 2586// 2712// 2717//
f 2717// 2712// 2713//
f 2717// 2713// 2718//
f 2718// 2713// 2714//
f 2718// 2714// 2719//
f 2719// 2714// 2715//
f 2719// 2715// 2720//
f 2720// 2715// 2716//
f 2720// 2716// 2367//
f 2367// 2716// 2368//
f 2315// 2318// 2721//
f 2721// 2318// 2586//
f 2721// 2586// 2722//
f 2722// 2586// 2717//
f 2722// 2717// 2723//
f 2723// 2717// 2718//
f 2723// 2718// 2724//
f 2724// 2718// 2719//
f 2724// 2719// 2725//
f 2725// 2719// 2720//
f 2725// 2720// 2341//
f 2341// 2720// 2367//
f 2341// 2340// 2725//
f 2725// 2340// 2634//
f 2725// 2634// 2724//
f 2724// 2634// 2636//
f 2724// 2636// 2723//
f 2723// 2636// 2638//
f 2723// 2638// 2722//
f 2722// 2638// 2640//
f 2722// 2640// 2721//
f 2721// 2640// 2642//
f 2721// 2642// 2315//
f 2315// 2642// 2316//
usemtl 3
f 2726// 2727// 2728//
f 2728// 2727// 2729//
f 2728// 2729// 2730//
f 2730// 2729// 2731//
f 2732// 2733// 2734//
f 2734// 2733// 2735//
f 2736// 2737// 2738//
f 2739// 2728// 2740//
f 2740// 2728// 2741//
f 2740// 2741// 2742//
f 2743// 2744// 2745//
f 2745// 2744// 2746//
f 2745// 2746// 2747//
f 2748// 2749// 2750//
f 2747// 2751// 2745//
f 2745// 2751// 2752//
f 2745// 2752// 2753//
f 2754// 2755// 2756//
f 2757// 2758// 2759//
f 2759// 2758// 2740//
f 2759// 2740// 2760//
f 2742// 2761// 2740//
f 2740// 2761// 2762//
f 2740// 2762// 2763//
f 2763// 2764// 2740//
f 2740// 2764// 2765//
f 2740// 2765// 2760//
f 2754// 2756// 2766//
f 2743// 2767// 2744//
f 2744// 2767// 2768//
f 2744// 2768// 2759//
f 2759// 2768// 2769//
f 2759// 2769// 2757//
f 2743// 2770// 2771//
f 2757// 2772// 2758//
f 2758// 2772// 2773//
f 2758// 2773// 2774//
f 2775// 2776// 2777//
f 2777// 2776// 2778//
f 2777// 2778// 2779//
f 2771// 2780// 2743//
f 2743// 2780// 2781//
f 2743// 2781// 2767//
f 2782// 2783// 2750//
f 2784// 2785// 2750//
f 2750// 2785// 2786//
f 2750// 2786// 2748//
f 2779// 2787// 2777//
f 2777// 2787// 2788//
f 2777// 2788// 2743//
f 2743// 2788// 2789//
f 2743// 2789// 2770//
f 2790// 2791// 2792//
f 2792// 2791// 2793//
f 2753// 2736// 2745//
f 2745// 2736// 2738//
f 2745// 2738// 2756//
f 2756// 2738// 2794//
f 2756// 2794// 2766//
f 2766// 2794// 2793//
f 2766// 2793// 2795//
f 2795// 2793// 2791//
f 2796// 2777// 2797//
f 2797// 2777// 2756//
f 2797// 2756// 2798//
f 2798// 2756// 2755//
f 2796// 2799// 2777//
f 2777// 2799// 2800//
f 2777// 2800// 2775//
f 2775// 2800// 2801//
f 2775// 2801// 2802//
f 2750// 2783// 2739//
f 2739// 2783// 2803//
f 2739// 2803// 2804//
f 2774// 2805// 2758//
f 2758// 2805// 2806//
f 2758// 2806// 2750//
f 2750// 2806// 2807//
f 2750// 2807// 2784//
f 2808// 2809// 2749//
f 2749// 2809// 2810//
f 2749// 2810// 2750//
f 2750// 2810// 2811//
f 2750// 2811// 2782//
f 2804// 2812// 2739//
f 2739// 2812// 2813//
f 2739// 2813// 2728//
f 2728// 2813// 2814//
f 2728// 2814// 2726//
f 2815// 2816// 2817//
f 2726// 2814// 2817//
f 2817// 2814// 2818//
f 2817// 2818// 2815//
f 2819// 2820// 2749//
f 2749// 2820// 2821//
f 2749// 2821// 2808//
f 2802// 2822// 2775//
f 2775// 2822// 2823//
f 2775// 2823// 2824//
f 2824// 2825// 2775//
f 2775// 2825// 2826//
f 2775// 2826// 2827//
f 2827// 2826// 2734//
f 2827// 2734// 2828//
f 2828// 2734// 2735//
f 2828// 2735// 2749//
f 2749// 2735// 2829//
f 2749// 2829// 2819//
f 2729// 2830// 2742//
f 2742// 2830// 2761//
f 2831// 2731// 2832//
f 2832// 2731// 2833//
f 2729// 2742// 2731//
f 2731// 2742// 2834//
f 2731// 2834// 2833//
f 2833// 2834// 2835//
f 2833// 2835// 2836//
f 2837// 2832// 2838//
f 2838// 2832// 2839//
f 2837// 2840// 2832//
f 2832// 2840// 2841//
f 2832// 2841// 2831//
f 2842// 2843// 2836//
f 2836// 2843// 2844//
f 2836// 2844// 2833//
f 2845// 2846// 2794//
f 2794// 2846// 2847//
f 2794// 2847// 2793//
f 2793// 2847// 2848//
f 2736// 2849// 2737//
f 2737// 2849// 2847//
f 2737// 2847// 2850//
f 2850// 2847// 2846//
f 2850// 2846// 2851//
f 2851// 2846// 2852//
f 2851// 2852// 2853//
f 2854// 2855// 2852//
f 2852// 2855// 2856//
f 2852// 2856// 2853//
f 2857// 2858// 2859//
f 2859// 2858// 2860//
f 2851// 2861// 2850//
f 2850// 2861// 2860//
f 2850// 2860// 2862//
f 2862// 2860// 2858//
f 2744// 2759// 2863//
f 2863// 2759// 2864//
f 2848// 2847// 2865//
f 2866// 2867// 2868//
f 2869// 2870// 2871//
f 2872// 2873// 2874//
f 2874// 2873// 2875//
f 2876// 2871// 2877//
f 2877// 2871// 2870//
f 2877// 2870// 2878//
f 2865// 2847// 2879//
f 2880// 2881// 2882//
f 2867// 2879// 2868//
f 2868// 2879// 2847//
f 2868// 2847// 2883//
f 2883// 2847// 2849//
f 2883// 2849// 2884//
f 2884// 2885// 2883//
f 2883// 2885// 2886//
f 2883// 2886// 2887//
f 2876// 2888// 2871//
f 2871// 2888// 2889//
f 2871// 2889// 2868//
f 2868// 2889// 2890//
f 2868// 2890// 2866//
f 2891// 2892// 2871//
f 2871// 2892// 2893//
f 2871// 2893// 2869//
f 2880// 2882// 2894//
f 2895// 2896// 2864//
f 2864// 2896// 2897//
f 2898// 2899// 2870//
f 2865// 2900// 2848//
f 2848// 2900// 2901//
f 2848// 2901// 2902//
f 2902// 2901// 2903//
f 2904// 2905// 2906//
f 2906// 2905// 2882//
f 2906// 2882// 2907//
f 2907// 2882// 2881//
f 2895// 2908// 2896//
f 2896// 2908// 2909//
f 2896// 2909// 2910//
f 2887// 2911// 2883//
f 2883// 2911// 2863//
f 2883// 2863// 2874//
f 2874// 2863// 2912//
f 2874// 2912// 2872//
f 2899// 2913// 2870//
f 2870// 2913// 2914//
f 2870// 2914// 2878//
f 2875// 2915// 2874//
f 2874// 2915// 2916//
f 2874// 2916// 2871//
f 2871// 2916// 2917//
f 2871// 2917// 2891//
f 2904// 2918// 2905//
f 2905// 2918// 2919//
f 2905// 2919// 2920//
f 2920// 2919// 2921//
f 2920// 2921// 2922//
f 2920// 2923// 2905//
f 2905// 2923// 2924//
f 2905// 2924// 2925//
f 2910// 2926// 2896//
f 2896// 2926// 2830//
f 2896// 2830// 2882//
f 2882// 2830// 2729//
f 2882// 2729// 2894//
f 2894// 2729// 2727//
f 2894// 2727// 2927//
f 2922// 2928// 2920//
f 2920// 2928// 2929//
f 2920// 2929// 2930//
f 2897// 2931// 2864//
f 2864// 2931// 2932//
f 2864// 2932// 2863//
f 2863// 2932// 2933//
f 2863// 2933// 2912//
f 2897// 2934// 2935//
f 2930// 2936// 2920//
f 2920// 2936// 2937//
f 2920// 2937// 2938//
f 2938// 2937// 2733//
f 2938// 2733// 2939//
f 2939// 2733// 2732//
f 2939// 2732// 2870//
f 2870// 2732// 2940//
f 2870// 2940// 2898//
f 2935// 2941// 2897//
f 2897// 2941// 2942//
f 2897// 2942// 2931//
f 2943// 2944// 2927//
f 2927// 2944// 2945//
f 2927// 2945// 2894//
f 2925// 2946// 2905//
f 2905// 2946// 2947//
f 2905// 2947// 2897//
f 2897// 2947// 2948//
f 2897// 2948// 2934//
f 2794// 2738// 2845//
f 2845// 2738// 2949//
f 2950// 2951// 2952//
f 2953// 2954// 2955//
f 2955// 2954// 2845//
f 2955// 2845// 2952//
f 2952// 2845// 2949//
f 2952// 2949// 2950//
f 2953// 2956// 2954//
f 2954// 2956// 2957//
f 2954// 2957// 2958//
f 2951// 2959// 2952//
f 2952// 2959// 2960//
f 2952// 2960// 2961//
f 2949// 2738// 2850//
f 2850// 2738// 2737//
f 2861// 2851// 2952//
f 2952// 2851// 2955//
f 2834// 2742// 2962//
f 2962// 2742// 2741//
f 2962// 2741// 2728//
f 2963// 2962// 2964//
f 2964// 2962// 2965//
f 2965// 2962// 2728//
f 2965// 2728// 2730//
f 2966// 2967// 2968//
f 2968// 2967// 2969//
f 2730// 2970// 2965//
f 2965// 2970// 2967//
f 2965// 2967// 2971//
f 2971// 2967// 2966//
f 2964// 2972// 2973//
f 2973// 2974// 2964//
f 2964// 2974// 2975//
f 2964// 2975// 2963//
f 2964// 2965// 2833//
f 2833// 2965// 2832//
f 2807// 2806// 2947//
f 2947// 2806// 2948//
f 2933// 2932// 2768//
f 2768// 2932// 2769//
f 2917// 2916// 2788//
f 2788// 2916// 2789//
f 2827// 2828// 2939//
f 2939// 2828// 2938//
f 2777// 2743// 2871//
f 2871// 2743// 2874//
f 2743// 2745// 2874//
f 2874// 2745// 2883//
f 2745// 2756// 2883//
f 2883// 2756// 2868//
f 2756// 2777// 2868//
f 2868// 2777// 2871//
f 2739// 2740// 2882//
f 2882// 2740// 2896//
f 2740// 2758// 2896//
f 2896// 2758// 2897//
f 2758// 2750// 2897//
f 2897// 2750// 2905//
f 2750// 2739// 2905//
f 2905// 2739// 2882//
f 2766// 2865// 2754//
f 2754// 2865// 2879//
f 2754// 2879// 2755//
f 2755// 2879// 2867//
f 2755// 2867// 2798//
f 2798// 2867// 2866//
f 2798// 2866// 2797//
f 2797// 2866// 2890//
f 2797// 2890// 2796//
f 2796// 2890// 2889//
f 2796// 2889// 2799//
f 2799// 2889// 2888//
f 2799// 2888// 2800//
f 2800// 2888// 2876//
f 2800// 2876// 2801//
f 2801// 2876// 2877//
f 2801// 2877// 2802//
f 2802// 2877// 2878//
f 2802// 2878// 2822//
f 2822// 2878// 2914//
f 2808// 2928// 2809//
f 2809// 2928// 2922//
f 2809// 2922// 2810//
f 2810// 2922// 2921//
f 2810// 2921// 2811//
f 2811// 2921// 2919//
f 2811// 2919// 2782//
f 2782// 2919// 2918//
f 2782// 2918// 2783//
f 2783// 2918// 2904//
f 2783// 2904// 2803//
f 2803// 2904// 2906//
f 2803// 2906// 2804//
f 2804// 2906// 2907//
f 2804// 2907// 2812//
f 2812// 2907// 2881//
f 2812// 2881// 2813//
f 2813// 2881// 2880//
f 2813// 2880// 2814//
f 2814// 2880// 2894//
f 2822// 2914// 2913//
f 2822// 2913// 2823//
f 2823// 2913// 2899//
f 2823// 2899// 2824//
f 2824// 2899// 2898//
f 2824// 2898// 2825//
f 2825// 2898// 2940//
f 2825// 2940// 2826//
f 2826// 2940// 2732//
f 2826// 2732// 2734//
f 2793// 2848// 2902//
f 2793// 2902// 2792//
f 2792// 2902// 2903//
f 2792// 2903// 2790//
f 2790// 2903// 2901//
f 2790// 2901// 2791//
f 2791// 2901// 2900//
f 2791// 2900// 2795//
f 2795// 2900// 2865//
f 2795// 2865// 2766//
f 2735// 2733// 2937//
f 2735// 2937// 2829//
f 2829// 2937// 2936//
f 2829// 2936// 2819//
f 2819// 2936// 2930//
f 2819// 2930// 2820//
f 2820// 2930// 2929//
f 2820// 2929// 2821//
f 2821// 2929// 2928//
f 2821// 2928// 2808//
f 2814// 2894// 2945//
f 2814// 2945// 2818//
f 2818// 2945// 2944//
f 2818// 2944// 2815//
f 2815// 2944// 2943//
f 2815// 2943// 2816//
f 2816// 2943// 2927//
f 2816// 2927// 2817//
f 2817// 2927// 2727//
f 2817// 2727// 2726//
f 2949// 2850// 2862//
f 2949// 2862// 2950//
f 2950// 2862// 2858//
f 2950// 2858// 2951//
f 2951// 2858// 2857//
f 2951// 2857// 2959//
f 2959// 2857// 2859//
f 2959// 2859// 2960//
f 2960// 2859// 2860//
f 2960// 2860// 2961//
f 2961// 2860// 2861//
f 2961// 2861// 2952//
f 2846// 2845// 2954//
f 2846// 2954// 2852//
f 2852// 2954// 2958//
f 2852// 2958// 2854//
f 2854// 2958// 2957//
f 2854// 2957// 2855//
f 2855// 2957// 2956//
f 2855// 2956// 2856//
f 2856// 2956// 2953//
f 2856// 2953// 2853//
f 2853// 2953// 2955//
f 2853// 2955// 2851//
f 2834// 2962// 2963//
f 2834// 2963// 2835//
f 2835// 2963// 2975//
f 2835// 2975// 2836//
f 2836// 2975// 2974//
f 2836// 2974// 2842//
f 2842// 2974// 2973//
f 2842// 2973// 2843//
f 2843// 2973// 2972//
f 2843// 2972// 2844//
f 2844// 2972// 2964//
f 2844// 2964// 2833//
f 2730// 2731// 2831//
f 2730// 2831// 2970//
f 2970// 2831// 2841//
f 2970// 2841// 2967//
f 2967// 2841// 2840//
f 2967// 2840// 2969//
f 2969// 2840// 2837//
f 2969// 2837// 2968//
f 2968// 2837// 2838//
f 2968// 2838// 2966//
f 2966// 2838// 2839//
f 2966// 2839// 2971//
f 2971// 2839// 2832//
f 2971// 2832// 2965//
f 2849// 2736// 2753//
f 2849// 2753// 2884//
f 2884// 2753// 2752//
f 2884// 2752// 2885//
f 2885// 2752// 2751//
f 2885// 2751// 2886//
f 2886// 2751// 2747//
f 2886// 2747// 2887//
f 2887// 2747// 2746//
f 2887// 2746// 2911//
f 2911// 2746// 2744//
f 2911// 2744// 2863//
f 2864// 2759// 2760//
f 2864// 2760// 2895//
f 2895// 2760// 2765//
f 2895// 2765// 2908//
f 2908// 2765// 2764//
f 2908// 2764// 2909//
f 2909// 2764// 2763//
f 2909// 2763// 2910//
f 2910// 2763// 2762//
f 2910// 2762// 2926//
f 2926// 2762// 2761//
f 2926// 2761// 2830//
f 2917// 2788// 2891//
f 2891// 2788// 2787//
f 2891// 2787// 2892//
f 2892// 2787// 2779//
f 2892// 2779// 2893//
f 2893// 2779// 2778//
f 2893// 2778// 2869//
f 2869// 2778// 2776//
f 2869// 2776// 2870//
f 2870// 2776// 2775//
f 2870// 2775// 2939//
f 2939// 2775// 2827//
f 2938// 2828// 2920//
f 2920// 2828// 2749//
f 2920// 2749// 2923//
f 2923// 2749// 2748//
f 2923// 2748// 2924//
f 2924// 2748// 2786//
f 2924// 2786// 2925//
f 2925// 2786// 2785//
f 2925// 2785// 2946//
f 2946// 2785// 2784//
f 2946// 2784// 2947//
f 2947// 2784// 2807//
f 2933// 2768// 2912//
f 2912// 2768// 2767//
f 2912// 2767// 2872//
f 2872// 2767// 2781//
f 2872// 2781// 2873//
f 2873// 2781// 2780//
f 2873// 2780// 2875//
f 2875// 2780// 2771//
f 2875// 2771// 2915//
f 2915// 2771// 2770//
f 2915// 2770// 2916//
f 2916// 2770// 2789//
f 2948// 2806// 2934//
f 2934// 2806// 2805//
f 2934// 2805// 2935//
f 2935// 2805// 2774//
f 2935// 2774// 2941//
f 2941// 2774// 2773//
f 2941// 2773// 2942//
f 2942// 2773// 2772//
f 2942// 2772// 2931//
f 2931// 2772// 2757//
f 2931// 2757// 2932//
f 2932// 2757// 2769//
