v 1.577646 0.2 -0.610222
v 1.5 0.2 -0.6
v 2.1 0.2 -0.0
newmtl 1
Ka 0.6666666666666666 0.6666666666666666 0.6666666666666666
Kd 0.6666666666666666 0.6666666666666666 0.6666666666666666
Ks 0.4666666666666667 0.4666666666666667 0.4666666666666667
d 0.0
endmtl
v 0.975 0.2 0.479904
v 0.938823 0.2 0.494889
v 1.429289 0.2 0.320711
v -1.8 0.2 -0.25
v -2.1 0.2 -0.0
v -1.8 0.2 0.25
v -1.796593 0.2 0.275882
v -1.796593 0.2 -0.275882
v -2.11 0.2 -0.9
v -2.11 0.2 -0.0
v 2.11 0.2 -0.9
v 1.8 0.2 -0.9
v 1.789778 0.2 -0.822354
v 2.11 0.2 -0.0
v -1.786602 0.2 -0.3
v -1.770711 0.2 -0.320711
v -1.75 0.2 -0.336603
v 1.759808 0.2 -0.75
v 1.712132 0.2 -0.687868
v 1.65 0.2 -0.640192
v -1.413398 0.2 0.3
v -1.429289 0.2 0.320711
v -1.05 0.2 0.35
v -1.45 0.2 0.336603
v -1.725882 0.2 0.346593
v -1.75 0.2 0.336603
v -2.1 0.2 0.9
v -1.770711 0.2 0.320711
v -1.786602 0.2 0.3
v -1.789778 0.2 -0.822354
v -1.8 0.2 -0.9
v 1.770711 0.2 -0.320711
v 1.786602 0.2 -0.3
v 1.796593 0.2 -0.275882
v 1.75 0.2 0.336603
v 2.1 0.2 0.9
v 1.770711 0.2 0.320711
v 1.786602 0.2 0.3
v 1.429289 0.2 -0.320711
v 1.422354 0.2 -0.610222
v 1.35 0.2 -0.640192
v -0.938823 0.2 0.494889
v -0.975 0.2 0.479904
v -1.044889 0.2 0.388823
v 0.938823 0.2 -0.494889
v 0.975 0.2 -0.479904
v 1.2 0.2 -0.9
v -1.422354 0.2 -0.610222
v -1.403407 0.2 -0.275882
v -1.4 0.2 -0.25
v 1.8 0.2 -0.25
v 1.8 0.2 0.25
v 1.796593 0.2 0.275882
v -1.006066 0.2 0.456066
v -1.029904 0.2 0.425
v -1.474118 0.2 0.346593
v -1.5 0.2 0.35
v -1.7 0.2 0.35
v 1.029904 0.2 -0.425
v 1.044889 0.2 -0.388823
v 1.4 0.2 0.25
v 1.05 0.2 -0.35
v 1.403407 0.2 0.275882
v -1.4 0.2 0.25
v -1.403407 0.2 0.275882
v 1.7 0.2 -0.35
v 1.725882 0.2 -0.346593
v 1.75 0.2 -0.336603
v 1.5 0.2 0.35
v 1.474118 0.2 0.346593
v 1.45 0.2 0.336603
v 1.05 0.2 0.35
v 1.044889 0.2 0.388823
v 1.413398 0.2 0.3
v 1.029904 0.2 0.425
v 1.006066 0.2 0.456066
v -1.474118 0.2 -0.346593
v -1.45 0.2 -0.336603
v -0.975 0.2 -0.479904
v -1.240192 0.2 -0.75
v -1.006066 0.2 -0.456066
v -1.287868 0.2 -0.687868
v -1.029904 0.2 -0.425
v -1.35 0.2 -0.640192
v -1.044889 0.2 -0.388823
v -1.05 0.2 -0.35
v 1.006066 0.2 -0.456066
v 1.240192 0.2 -0.75
v 1.210222 0.2 -0.822354
v -1.429289 0.2 -0.320711
v -1.413398 0.2 -0.3
v 1.725882 0.2 0.346593
v 1.7 0.2 0.35
v -1.2 0.2 -0.9
v -1.210222 0.2 -0.822354
v 1.287868 0.2 -0.687868
v 1.413398 0.2 -0.3
v 1.403407 0.2 -0.275882
v 1.4 0.2 -0.25
v -1.5 0.2 -0.35
v -1.5 0.2 -0.6
v -1.7 0.2 -0.35
v -1.577646 0.2 -0.610222
v -1.725882 0.2 -0.346593
v -1.65 0.2 -0.640192
v -1.712132 0.2 -0.687868
v -1.759808 0.2 -0.75
v 1.45 0.2 -0.336603
v 1.474118 0.2 -0.346593
v 1.5 0.2 -0.35
v 0.9 0.2 0.5
v -0.9 0.2 0.5
v -0.938823 0.2 -0.494889
v -0.9 0.2 -0.5
v 0.9 0.2 -0.5
v 1.2 0.0 -0.9
v -1.2 -0.0 -0.9
v -2.15 -0.8 -0.9
v -2.35 -0.8 -0.9
v -2.15 -0.04 -0.9
v -2.35 -0.04 -0.9
v -2.148637 -0.029647 -0.9
v -2.341822 0.022117 -0.9
v -2.144641 -0.02 -0.9
v -2.317846 0.08 -0.9
v -2.138284 -0.011716 -0.9
v -2.279706 0.129706 -0.9
v -2.13 -0.005359 -0.9
v -2.23 0.167846 -0.9
v -2.120353 -0.001363 -0.9
v -2.172117 0.191822 -0.9
v -2.11 -0.0 -0.9
v -1.8 -0.0 -0.9
v 1.8 0.0 -0.9
v 2.11 0.0 -0.9
v 2.120353 -0.001363 -0.9
v 2.172117 0.191822 -0.9
v 2.13 -0.005359 -0.9
v 2.23 0.167846 -0.9
v 2.138284 -0.011716 -0.9
v 2.279706 0.129706 -0.9
v 2.144641 -0.02 -0.9
v 2.317846 0.08 -0.9
v 2.148637 -0.029647 -0.9
v 2.341822 0.022117 -0.9
v 2.15 -0.04 -0.9
v 2.35 -0.04 -0.9
v 2.15 -0.8 -0.9
v 2.35 -0.8 -0.9
v 2.1 0.0 0.9
v 2.1 0.0 -0.0
v -2.1 -0.0 -0.0
v -2.1 -0.0 0.9
v 2.11 0.0 -0.0
v 1.789778 0.0 -0.822354
v -1.789778 -0.0 -0.822354
v -2.11 -0.0 -0.0
v -1.759808 -0.0 -0.75
v -1.712132 -0.0 -0.687868
v -1.65 -0.0 -0.640192
v -1.044889 -0.0 0.388823
v 1.5 0.0 -0.6
v 1.577646 0.0 -0.610222
v 1.65 0.0 -0.640192
v -1.029904 -0.0 0.425
v -1.006066 -0.0 0.456066
v -0.975 -0.0 0.479904
v 0.938823 0.0 0.494889
v 0.975 0.0 0.479904
v 1.006066 0.0 0.456066
v 1.712132 0.0 -0.687868
v 1.759808 0.0 -0.75
v -1.577646 -0.0 -0.610222
v -1.5 -0.0 -0.6
v -1.422354 -0.0 -0.610222
v -1.05 -0.0 0.35
v -1.05 -0.0 -0.35
v -0.938823 -0.0 0.494889
v -0.9 -0.0 0.5
v 0.9 0.0 0.5
v 1.422354 0.0 -0.610222
v 1.05 0.0 0.35
v 1.044889 0.0 0.388823
v 1.029904 0.0 0.425
v 0.975 0.0 -0.479904
v 0.938823 0.0 -0.494889
v 1.210222 0.0 -0.822354
v 1.240192 0.0 -0.75
v 1.006066 0.0 -0.456066
v 1.287868 0.0 -0.687868
v 1.029904 0.0 -0.425
v 1.35 0.0 -0.640192
v 1.044889 0.0 -0.388823
v 1.05 0.0 -0.35
v -0.9 -0.0 -0.5
v -0.938823 -0.0 -0.494889
v -1.240192 -0.0 -0.75
v -0.975 -0.0 -0.479904
v -1.287868 -0.0 -0.687868
v -1.006066 -0.0 -0.456066
v -1.35 -0.0 -0.640192
v -1.029904 -0.0 -0.425
v -1.044889 -0.0 -0.388823
v 0.9 0.0 -0.5
v -1.210222 -0.0 -0.822354
v 2.35 -0.04 0.0
v 2.35 -0.8 0.0
v 2.341822 0.022117 -0.0
v 2.317846 0.08 -0.0
v 2.279706 0.129706 -0.0
v 2.23 0.167846 -0.0
v 2.172117 0.191822 -0.0
v 2.120353 -0.001363 -0.0
v 2.13 -0.005359 -0.0
v 2.138284 -0.011716 -0.0
v 2.144641 -0.02 -0.0
v 2.148637 -0.029647 -0.0
v 2.15 -0.04 0.0
v 2.15 -0.8 0.0
v -2.35 -0.8 0.0
v -2.35 -0.04 0.0
v -2.15 -0.8 0.0
v -2.15 -0.04 0.0
v -2.148637 -0.029647 -0.0
v -2.144641 -0.02 -0.0
v -2.138284 -0.011716 -0.0
v -2.13 -0.005359 -0.0
v -2.120353 -0.001363 -0.0
v -2.172117 0.191822 -0.0
v -2.23 0.167846 -0.0
v -2.279706 0.129706 -0.0
v -2.317846 0.08 -0.0
v -2.341822 0.022117 -0.0
v 1.8 0.25 -0.25
newmtl 2
Ka 0.8431372549019608 0.8156862745098039 0.7529411764705882
Kd 0.5882352941176471 0.5725490196078431 0.5254901960784314
Ks 0.043137254901960784 0.0392156862745098 0.0392156862745098
d 0.0
endmtl
v 1.796593 0.25 -0.275882
v 1.786602 0.25 -0.3
v 1.770711 0.25 -0.320711
v 1.75 0.25 -0.336603
v 1.725882 0.25 -0.346593
v 1.7 0.25 -0.35
v 1.5 0.25 -0.35
v 1.474118 0.25 -0.346593
v 1.45 0.25 -0.336603
v 1.429289 0.25 -0.320711
v 1.413398 0.25 -0.3
v 1.403407 0.25 -0.275882
v 1.4 0.25 -0.25
v 1.4 0.25 0.25
v 1.403407 0.25 0.275882
v 1.413398 0.25 0.3
v 1.429289 0.25 0.320711
v 1.45 0.25 0.336603
v 1.474118 0.25 0.346593
v 1.5 0.25 0.35
v 1.7 0.25 0.35
v 1.725882 0.25 0.346593
v 1.75 0.25 0.336603
v 1.770711 0.25 0.320711
v 1.786602 0.25 0.3
v 1.796593 0.25 0.275882
v 1.8 0.25 0.25
v 1.7 0.35 -0.25
v 1.5 0.35 -0.25
v 1.7 0.35 0.25
v 1.5 0.35 0.25
v 1.403407 0.275882 0.25
v 1.403407 0.275882 -0.25
v 1.413398 0.3 0.25
v 1.413398 0.3 -0.25
v 1.429289 0.320711 0.25
v 1.429289 0.320711 -0.25
v 1.45 0.336603 0.25
v 1.45 0.336603 -0.25
v 1.474118 0.346593 0.25
v 1.474118 0.346593 -0.25
v 1.406699 0.275882 0.275
v 1.416348 0.275882 0.298296
v 1.416348 0.3 0.272414
v 1.425 0.3 0.293301
v 1.431699 0.320711 0.268301
v 1.438763 0.320711 0.285355
v 1.451704 0.336603 0.262941
v 1.456699 0.336603 0.275
v 1.475 0.346593 0.256699
v 1.477586 0.346593 0.262941
v 1.431699 0.275882 0.318301
v 1.438763 0.3 0.311237
v 1.45 0.320711 0.3
v 1.464645 0.336603 0.285355
v 1.481699 0.346593 0.268301
v 1.451704 0.275882 0.333652
v 1.475 0.275882 0.343301
v 1.456699 0.3 0.325
v 1.477586 0.3 0.333652
v 1.464645 0.320711 0.311237
v 1.481699 0.320711 0.318301
v 1.475 0.336603 0.293301
v 1.487059 0.336603 0.298296
v 1.487059 0.346593 0.272414
v 1.493301 0.346593 0.275
v 1.5 0.275882 0.346593
v 1.5 0.3 0.336603
v 1.5 0.320711 0.320711
v 1.5 0.336603 0.3
v 1.5 0.346593 0.275882
v 1.475 0.275882 -0.343301
v 1.451704 0.275882 -0.333652
v 1.477586 0.3 -0.333652
v 1.456699 0.3 -0.325
v 1.481699 0.320711 -0.318301
v 1.464645 0.320711 -0.311237
v 1.487059 0.336603 -0.298296
v 1.475 0.336603 -0.293301
v 1.493301 0.346593 -0.275
v 1.487059 0.346593 -0.272414
v 1.431699 0.275882 -0.318301
v 1.438763 0.3 -0.311237
v 1.45 0.320711 -0.3
v 1.464645 0.336603 -0.285355
v 1.481699 0.346593 -0.268301
v 1.5 0.275882 -0.346593
v 1.5 0.3 -0.336603
v 1.5 0.320711 -0.320711
v 1.5 0.336603 -0.3
v 1.5 0.346593 -0.275882
v 1.416348 0.275882 -0.298296
v 1.406699 0.275882 -0.275
v 1.425 0.3 -0.293301
v 1.416348 0.3 -0.272414
v 1.438763 0.320711 -0.285355
v 1.431699 0.320711 -0.268301
v 1.456699 0.336603 -0.275
v 1.451704 0.336603 -0.262941
v 1.477586 0.346593 -0.262941
v 1.475 0.346593 -0.256699
v 1.7 0.275882 0.346593
v 1.7 0.3 0.336603
v 1.7 0.320711 0.320711
v 1.7 0.336603 0.3
v 1.7 0.346593 0.275882
v 1.7 0.275882 -0.346593
v 1.7 0.3 -0.336603
v 1.7 0.320711 -0.320711
v 1.7 0.336603 -0.3
v 1.7 0.346593 -0.275882
v 1.725 0.275882 0.343301
v 1.748296 0.275882 0.333652
v 1.722414 0.3 0.333652
v 1.743301 0.3 0.325
v 1.718301 0.320711 0.318301
v 1.735355 0.320711 0.311237
v 1.712941 0.336603 0.298296
v 1.725 0.336603 0.293301
v 1.706699 0.346593 0.275
v 1.712941 0.346593 0.272414
v 1.768301 0.275882 0.318301
v 1.761237 0.3 0.311237
v 1.75 0.320711 0.3
v 1.735355 0.336603 0.285355
v 1.718301 0.346593 0.268301
v 1.783652 0.275882 0.298296
v 1.793301 0.275882 0.275
v 1.775 0.3 0.293301
v 1.783652 0.3 0.272414
v 1.761237 0.320711 0.285355
v 1.768301 0.320711 0.268301
v 1.743301 0.336603 0.275
v 1.748296 0.336603 0.262941
v 1.722414 0.346593 0.262941
v 1.725 0.346593 0.256699
v 1.796593 0.275882 0.25
v 1.786602 0.3 0.25
v 1.770711 0.320711 0.25
v 1.75 0.336603 0.25
v 1.725882 0.346593 0.25
v 1.793301 0.275882 -0.275
v 1.783652 0.275882 -0.298296
v 1.783652 0.3 -0.272414
v 1.775 0.3 -0.293301
v 1.768301 0.320711 -0.268301
v 1.761237 0.320711 -0.285355
v 1.748296 0.336603 -0.262941
v 1.743301 0.336603 -0.275
v 1.725 0.346593 -0.256699
v 1.722414 0.346593 -0.262941
v 1.768301 0.275882 -0.318301
v 1.761237 0.3 -0.311237
v 1.75 0.320711 -0.3
v 1.735355 0.336603 -0.285355
v 1.718301 0.346593 -0.268301
v 1.796593 0.275882 -0.25
v 1.786602 0.3 -0.25
v 1.770711 0.320711 -0.25
v 1.75 0.336603 -0.25
v 1.725882 0.346593 -0.25
v 1.748296 0.275882 -0.333652
v 1.725 0.275882 -0.343301
v 1.743301 0.3 -0.325
v 1.722414 0.3 -0.333652
v 1.735355 0.320711 -0.311237
v 1.718301 0.320711 -0.318301
v 1.725 0.336603 -0.293301
v 1.712941 0.336603 -0.298296
v 1.712941 0.346593 -0.272414
v 1.706699 0.346593 -0.275
v -1.7 0.25 -0.35
v -1.725882 0.25 -0.346593
v -1.75 0.25 -0.336603
v -1.770711 0.25 -0.320711
v -1.786602 0.25 -0.3
v -1.796593 0.25 -0.275882
v -1.8 0.25 -0.25
v -1.8 0.25 0.25
v -1.796593 0.25 0.275882
v -1.786602 0.25 0.3
v -1.770711 0.25 0.320711
v -1.75 0.25 0.336603
v -1.725882 0.25 0.346593
v -1.7 0.25 0.35
v -1.5 0.25 0.35
v -1.474118 0.25 0.346593
v -1.45 0.25 0.336603
v -1.429289 0.25 0.320711
v -1.413398 0.25 0.3
v -1.403407 0.25 0.275882
v -1.4 0.25 0.25
v -1.4 0.25 -0.25
v -1.403407 0.25 -0.275882
v -1.413398 0.25 -0.3
v -1.429289 0.25 -0.320711
v -1.45 0.25 -0.336603
v -1.474118 0.25 -0.346593
v -1.5 0.25 -0.35
v -1.7 0.35 -0.25
v -1.7 0.35 0.25
v -1.5 0.35 -0.25
v -1.5 0.35 0.25
v -1.5 0.275882 0.346593
v -1.7 0.275882 0.346593
v -1.5 0.3 0.336603
v -1.7 0.3 0.336603
v -1.5 0.320711 0.320711
v -1.7 0.320711 0.320711
v -1.5 0.336603 0.3
v -1.7 0.336603 0.3
v -1.5 0.346593 0.275882
v -1.7 0.346593 0.275882
v -1.793301 0.275882 0.275
v -1.783652 0.275882 0.298296
v -1.783652 0.3 0.272414
v -1.775 0.3 0.293301
v -1.768301 0.320711 0.268301
v -1.761237 0.320711 0.285355
v -1.748296 0.336603 0.262941
v -1.743301 0.336603 0.275
v -1.725 0.346593 0.256699
v -1.722414 0.346593 0.262941
v -1.768301 0.275882 0.318301
v -1.761237 0.3 0.311237
v -1.75 0.320711 0.3
v -1.735355 0.336603 0.285355
v -1.718301 0.346593 0.268301
v -1.796593 0.275882 0.25
v -1.786602 0.3 0.25
v -1.770711 0.320711 0.25
v -1.75 0.336603 0.25
v -1.725882 0.346593 0.25
v -1.748296 0.275882 0.333652
v -1.725 0.275882 0.343301
v -1.743301 0.3 0.325
v -1.722414 0.3 0.333652
v -1.735355 0.320711 0.311237
v -1.718301 0.320711 0.318301
v -1.725 0.336603 0.293301
v -1.712941 0.336603 0.298296
v -1.712941 0.346593 0.272414
v -1.706699 0.346593 0.275
v -1.475 0.275882 0.343301
v -1.451704 0.275882 0.333652
v -1.477586 0.3 0.333652
v -1.456699 0.3 0.325
v -1.481699 0.320711 0.318301
v -1.464645 0.320711 0.311237
v -1.487059 0.336603 0.298296
v -1.475 0.336603 0.293301
v -1.493301 0.346593 0.275
v -1.487059 0.346593 0.272414
v -1.431699 0.275882 0.318301
v -1.438763 0.3 0.311237
v -1.45 0.320711 0.3
v -1.464645 0.336603 0.285355
v -1.481699 0.346593 0.268301
v -1.416348 0.275882 0.298296
v -1.406699 0.275882 0.275
v -1.425 0.3 0.293301
v -1.416348 0.3 0.272414
v -1.438763 0.320711 0.285355
v -1.431699 0.320711 0.268301
v -1.456699 0.336603 0.275
v -1.451704 0.336603 0.262941
v -1.477586 0.346593 0.262941
v -1.475 0.346593 0.256699
v -1.403407 0.275882 0.25
v -1.413398 0.3 0.25
v -1.429289 0.320711 0.25
v -1.45 0.336603 0.25
v -1.474118 0.346593 0.25
v -1.796593 0.275882 -0.25
v -1.786602 0.3 -0.25
v -1.770711 0.320711 -0.25
v -1.75 0.336603 -0.25
v -1.725882 0.346593 -0.25
v -1.403407 0.275882 -0.25
v -1.413398 0.3 -0.25
v -1.429289 0.320711 -0.25
v -1.45 0.336603 -0.25
v -1.474118 0.346593 -0.25
v -1.725 0.275882 -0.343301
v -1.748296 0.275882 -0.333652
v -1.722414 0.3 -0.333652
v -1.743301 0.3 -0.325
v -1.718301 0.320711 -0.318301
v -1.735355 0.320711 -0.311237
v -1.712941 0.336603 -0.298296
v -1.725 0.336603 -0.293301
v -1.706699 0.346593 -0.275
v -1.712941 0.346593 -0.272414
v -1.768301 0.275882 -0.318301
v -1.761237 0.3 -0.311237
v -1.75 0.320711 -0.3
v -1.735355 0.336603 -0.285355
v -1.718301 0.346593 -0.268301
v -1.7 0.275882 -0.346593
v -1.7 0.3 -0.336603
v -1.7 0.320711 -0.320711
v -1.7 0.336603 -0.3
v -1.7 0.346593 -0.275882
v -1.783652 0.275882 -0.298296
v -1.793301 0.275882 -0.275
v -1.775 0.3 -0.293301
v -1.783652 0.3 -0.272414
v -1.761237 0.320711 -0.285355
v -1.768301 0.320711 -0.268301
v -1.743301 0.336603 -0.275
v -1.748296 0.336603 -0.262941
v -1.722414 0.346593 -0.262941
v -1.725 0.346593 -0.256699
v -1.406699 0.275882 -0.275
v -1.416348 0.275882 -0.298296
v -1.416348 0.3 -0.272414
v -1.425 0.3 -0.293301
v -1.431699 0.320711 -0.268301
v -1.438763 0.320711 -0.285355
v -1.451704 0.336603 -0.262941
v -1.456699 0.336603 -0.275
v -1.475 0.346593 -0.256699
v -1.477586 0.346593 -0.262941
v -1.431699 0.275882 -0.318301
v -1.438763 0.3 -0.311237
v -1.45 0.320711 -0.3
v -1.464645 0.336603 -0.285355
v -1.481699 0.346593 -0.268301
v -1.451704 0.275882 -0.333652
v -1.475 0.275882 -0.343301
v -1.456699 0.3 -0.325
v -1.477586 0.3 -0.333652
v -1.464645 0.320711 -0.311237
v -1.481699 0.320711 -0.318301
v -1.475 0.336603 -0.293301
v -1.487059 0.336603 -0.298296
v -1.487059 0.346593 -0.272414
v -1.493301 0.346593 -0.275
v -1.5 0.275882 -0.346593
v -1.5 0.3 -0.336603
v -1.5 0.320711 -0.320711
v -1.5 0.336603 -0.3
v -1.5 0.346593 -0.275882
v 1.85 -1.6 -0.9
v 1.85 -2.18 -0.9
v 1.5 -1.6 -0.9
v 1.5 -2.18 -0.9
v 1.85 -2.18 -0.75
v 1.5 -2.18 -0.75
v 1.85 -1.6 -0.75
v 1.5 -1.6 -0.75
v 1.85 -1.6 0.0
v 1.5 -1.6 0.0
v 1.85 -1.45 0.0
v 1.5 -1.45 0.0
v 1.85 -1.45 -0.75
v 1.5 -1.45 -0.75
v 1.5 -1.570736 -0.897118
v 1.85 -1.570736 -0.897118
v 1.5 -1.542597 -0.888582
v 1.85 -1.542597 -0.888582
v 1.5 -1.516665 -0.87472
v 1.85 -1.516665 -0.87472
v 1.5 -1.493934 -0.856066
v 1.85 -1.493934 -0.856066
v 1.5 -1.47528 -0.833336
v 1.85 -1.47528 -0.833336
v 1.5 -1.461418 -0.807403
v 1.85 -1.461418 -0.807403
v 1.5 -1.452882 -0.779264
v 1.85 -1.452882 -0.779264
v -1.85 -2.18 -0.9
v -1.85 -1.6 -0.9
v -1.5 -2.18 -0.9
v -1.5 -1.6 -0.9
v -1.85 -2.18 -0.75
v -1.5 -2.18 -0.75
v -1.85 -1.6 -0.75
v -1.5 -1.6 -0.75
v -1.85 -1.6 0.0
v -1.5 -1.6 0.0
v -1.85 -1.45 0.0
v -1.5 -1.45 0.0
v -1.85 -1.45 -0.75
v -1.5 -1.45 -0.75
v -1.5 -1.452882 -0.779264
v -1.85 -1.452882 -0.779264
v -1.5 -1.461418 -0.807403
v -1.85 -1.461418 -0.807403
v -1.5 -1.47528 -0.833336
v -1.85 -1.47528 -0.833336
v -1.5 -1.493934 -0.856066
v -1.85 -1.493934 -0.856066
v -1.5 -1.516665 -0.87472
v -1.85 -1.516665 -0.87472
v -1.5 -1.542597 -0.888582
v -1.85 -1.542597 -0.888582
v -1.5 -1.570736 -0.897118
v -1.85 -1.570736 -0.897118
v 1.316493 0.0 0.9
v 1.316493 -0.180702 0.9
v -0.0468 -0.267581 0.9
v -0.042511 -0.27356 0.9
v 0.014751 -0.27356 0.9
v 0.206668 -0.418321 0.9
v 0.205596 -0.418427 0.9
v 0.227135 -0.418427 0.9
v 0.246287 -0.435886 0.9
v 0.248417 -0.43351 0.9
v 0.248424 -0.418427 0.9
v 0.109532 -0.25321 0.9
v 0.108121 -0.249581 0.9
v 0.108121 -0.27356 0.9
v 0.227135 -0.180702 0.9
v 0.237721 -0.181472 0.9
v 0.248424 -0.180702 0.9
v 0.237721 -0.191976 0.9
v 0.202473 -0.231659 0.9
v 0.202473 -0.262379 0.9
v 0.227135 -0.231659 0.9
v 0.227135 -0.262379 0.9
v 0.23513 -0.231659 0.9
v 0.239799 -0.262379 0.9
v 0.202473 -0.191976 0.9
v 0.202473 -0.221202 0.9
v 0.227135 -0.191976 0.9
v 0.227135 -0.221202 0.9
v 0.23513 -0.221202 0.9
v 0.190685 -0.27279 0.9
v 0.185398 -0.27356 0.9
v 0.227135 -0.27356 0.9
v 0.248424 -0.27356 0.9
v 0.239799 -0.27279 0.9
v 0.227135 -0.27279 0.9
v 0.185398 -0.180702 0.9
v 0.190685 -0.181472 0.9
v 0.227135 -0.181472 0.9
v 0.349487 -0.27279 0.9
v 0.336462 -0.27279 0.9
v 0.333929 -0.27356 0.9
v 0.362781 -0.27356 0.9
v 0.362781 -0.247813 0.9
v 0.358264 -0.247813 0.9
v 0.448286 -0.27356 0.9
v 0.418629 -0.27279 0.9
v 0.405604 -0.27279 0.9
v 0.333929 -0.180702 0.9
v 0.362781 -0.203689 0.9
v 0.362781 -0.180702 0.9
v 0.371243 -0.181472 0.9
v 0.383848 -0.181472 0.9
v 0.448286 -0.180702 0.9
v 0.168509 -0.194346 0.9
v 0.162128 -0.191918 0.9
v 0.168509 -0.259459 0.9
v 0.150885 -0.190576 0.9
v 0.146794 -0.190767 0.9
v 0.138927 -0.192403 0.9
v 0.1318 -0.195843 0.9
v 0.126002 -0.200707 0.9
v 0.125357 -0.201413 0.9
v 0.12095 -0.207766 0.9
v 0.117899 -0.215664 0.9
v 0.116408 -0.228158 0.9
v 0.116538 -0.232016 0.9
v 0.1634 -0.261752 0.9
v 0.153068 -0.263669 0.9
v 0.148831 -0.263826 0.9
v 0.118075 -0.241042 0.9
v 0.121093 -0.24834 0.9
v 0.125371 -0.254209 0.9
v 0.127809 -0.256554 0.9
v 0.140631 -0.262958 0.9
v 0.133951 -0.260621 0.9
v 0.17139 -0.195443 0.9
v 0.172407 -0.25771 0.9
v 0.172407 -0.195991 0.9
v 0.160572 -0.180702 0.9
v 0.162726 -0.180871 0.9
v 0.168509 -0.180702 0.9
v 0.168509 -0.182541 0.9
v 0.172407 -0.183666 0.9
v 0.150768 -0.179931 0.9
v 0.168509 0.0 0.9
v 0.144409 -0.180702 0.9
v 0.108121 0.0 0.9
v 0.108121 -0.180702 0.9
v 0.110605 -0.202024 0.9
v 0.117225 -0.193377 0.9
v 0.119504 -0.191203 0.9
v 0.128056 -0.185223 0.9
v 0.137604 -0.181526 0.9
v 0.102647 -0.27356 0.9
v 0.105822 -0.24367 0.9
v 0.104036 -0.228858 0.9
v 0.104197 -0.224089 0.9
v 0.102647 -0.180702 0.9
v 0.106268 -0.212168 0.9
v 0.108121 -0.207834 0.9
v 0.13868 -0.27356 0.9
v 0.130458 -0.271594 0.9
v 0.122011 -0.267249 0.9
v 0.115754 -0.261865 0.9
v 0.114973 -0.261012 0.9
v 0.147127 -0.27433 0.9
v 0.140104 -0.273901 0.9
v 0.108121 -0.300335 0.9
v 0.155185 -0.27356 0.9
v 0.168509 -0.300335 0.9
v 0.172407 -0.269008 0.9
v 0.170849 -0.269784 0.9
v 0.168509 -0.27356 0.9
v 0.168509 -0.270552 0.9
v 0.161045 -0.273 0.9
v 0.114588 -0.389747 0.9
v 0.116895 -0.386487 0.9
v 0.118578 -0.368123 0.9
v 0.168509 -0.418427 0.9
v 0.164611 -0.417656 0.9
v 0.153173 -0.417656 0.9
v 0.153173 -0.407572 0.9
v 0.152869 -0.407572 0.9
v 0.151026 -0.410366 0.9
v 0.147406 -0.414232 0.9
v 0.120435 -0.383459 0.9
v 0.12537 -0.380971 0.9
v 0.125509 -0.363621 0.9
v 0.133845 -0.378907 0.9
v 0.143835 -0.360639 0.9
v 0.139961 -0.360233 0.9
v 0.132647 -0.361052 0.9
v 0.12166 -0.416749 0.9
v 0.108121 -0.418427 0.9
v 0.126045 -0.418402 0.9
v 0.126254 -0.418427 0.9
v 0.114159 -0.409264 0.9
v 0.112773 -0.405399 0.9
v 0.112206 -0.400196 0.9
v 0.156564 -0.355213 0.9
v 0.159611 -0.358135 0.9
v 0.117808 -0.414062 0.9
v 0.116538 -0.412776 0.9
v 0.112245 -0.39867 0.9
v 0.112997 -0.393765 0.9
v 0.129487 -0.352337 0.9
v 0.141034 -0.350942 0.9
v 0.147953 -0.35157 0.9
v 0.152767 -0.353037 0.9
v 0.153173 -0.376199 0.9
v 0.152775 -0.371142 0.9
v 0.151592 -0.367069 0.9
v 0.150248 -0.364713 0.9
v 0.118578 -0.357011 0.9
v 0.120975 -0.355625 0.9
v 0.161948 -0.361838 0.9
v 0.163735 -0.367058 0.9
v 0.164611 -0.375686 0.9
v 0.148519 -0.362874 0.9
v 0.146489 -0.361565 0.9
v 0.132888 -0.419197 0.9
v 0.108121 -0.4546 0.9
v 0.138817 -0.418537 0.9
v 0.168509 -0.4546 0.9
v 0.13912 -0.418427 0.9
v -0.269102 -0.4546 0.9
v -0.28026 -0.458887 0.9
v 0.014751 -2.05 0.9
v -0.295981 -0.460824 0.9
v -1.8 -2.05 0.9
v -2.1 -0.4546 0.9
v -2.1 -1.75 0.9
v -0.322828 -0.4546 0.9
v -1.8 -1.75 0.9
v -0.313804 -0.45839 0.9
v -0.298474 -0.460778 0.9
v 2.1 -1.75 0.9
v 2.1 -0.4546 0.9
v 1.8 -1.75 0.9
v 1.316493 -0.4546 0.9
v 1.8 -2.05 0.9
v 0.305042 -0.326339 0.9
v 0.333929 -0.326339 0.9
v 0.333929 -0.300335 0.9
v 0.259944 -0.401456 0.9
v 0.261344 -0.406825 0.9
v 0.261648 -0.406825 0.9
v 0.292717 -0.352436 0.9
v 0.248424 -0.300335 0.9
v 0.280859 -0.352436 0.9
v 0.248424 -0.368317 0.9
v 0.263048 -0.40155 0.9
v 0.262173 -0.40459 0.9
v 0.248424 -0.399019 0.9
v 0.230111 -0.352436 0.9
v 0.227135 -0.300335 0.9
v 0.242903 -0.352436 0.9
v 0.255695 -0.417516 0.9
v 0.25531 -0.418427 0.9
v 0.250676 -0.429374 0.9
v 0.227135 -0.4546 0.9
v 0.232469 -0.447442 0.9
v 0.232469 -0.437264 0.9
v 0.248424 -0.446337 0.9
v 0.244466 -0.447844 0.9
v 0.248424 -0.4546 0.9
v 0.239845 -0.448376 0.9
v 0.23732 -0.448285 0.9
v 0.238958 -0.438572 0.9
v 0.241787 -0.438244 0.9
v 0.244283 -0.437285 0.9
v 0.263118 -0.427507 0.9
v 0.25794 -0.437591 0.9
v 0.333929 -0.4546 0.9
v 0.266698 -0.418427 0.9
v 0.253755 -0.442618 0.9
v 0.252975 -0.443333 0.9
v 0.24898 -0.446125 0.9
v 0.22033 -0.389131 0.9
v 0.222465 -0.392282 0.9
v 0.221031 -0.364948 0.9
v 0.18751 -0.356124 0.9
v 0.191046 -0.354027 0.9
v 0.185398 -0.300335 0.9
v 0.22221 -0.408136 0.9
v 0.220078 -0.411153 0.9
v 0.223686 -0.395654 0.9
v 0.224159 -0.399916 0.9
v 0.223615 -0.404511 0.9
v 0.197359 -0.351813 0.9
v 0.205578 -0.350942 0.9
v 0.221031 -0.353837 0.9
v 0.213399 -0.351617 0.9
v 0.216806 -0.414015 0.9
v 0.213042 -0.416203 0.9
v 0.204457 -0.360233 0.9
v 0.201071 -0.360487 0.9
v 0.191969 -0.36901 0.9
v 0.198012 -0.361296 0.9
v 0.195447 -0.36266 0.9
v 0.192073 -0.370531 0.9
v 0.192527 -0.372308 0.9
v 0.193351 -0.373851 0.9
v 0.194466 -0.375079 0.9
v 0.198499 -0.3776 0.9
v 0.211989 -0.361091 0.9
v 0.205578 -0.380681 0.9
v 0.218439 -0.363461 0.9
v 0.210007 -0.382473 0.9
v 0.217603 -0.386698 0.9
v 0.193721 -0.364185 0.9
v 0.19274 -0.365641 0.9
v 0.192176 -0.367185 0.9
v 0.180181 -0.370037 0.9
v 0.180632 -0.365947 0.9
v 0.181934 -0.37797 0.9
v 0.180672 -0.374478 0.9
v 0.180111 -0.403557 0.9
v 0.181994 -0.362264 0.9
v 0.184119 -0.359173 0.9
v 0.185398 -0.358023 0.9
v 0.18451 -0.406285 0.9
v 0.185398 -0.406621 0.9
v 0.185398 -0.382378 0.9
v 0.183425 -0.380354 0.9
v 0.185297 -0.382311 0.9
v 0.191677 -0.409003 0.9
v 0.197501 -0.388991 0.9
v 0.190683 -0.385866 0.9
v 0.198925 -0.40986 0.9
v 0.19943 -0.409857 0.9
v 0.205012 -0.392137 0.9
v 0.205294 -0.4092 0.9
v 0.212417 -0.401036 0.9
v 0.212305 -0.399613 0.9
v 0.208245 -0.408119 0.9
v 0.209288 -0.407486 0.9
v 0.2106 -0.406321 0.9
v 0.211599 -0.404845 0.9
v 0.21218 -0.403218 0.9
v 0.211786 -0.397827 0.9
v 0.210901 -0.396311 0.9
v 0.209476 -0.394827 0.9
v 0.191082 -0.418427 0.9
v 0.187296 -0.417993 0.9
v 0.185398 -0.418427 0.9
v 0.185398 -0.4173 0.9
v 0.180111 -0.415369 0.9
v 0.197805 -0.419197 0.9
v 0.185398 -0.4546 0.9
v 0.234809 -0.438031 0.9
v -0.148154 -0.172706 0.9
v -0.136544 -0.180702 0.9
v 0.014751 -0.180702 0.9
v -0.12198 -0.190732 0.9
v -0.100002 -0.216327 0.9
v -0.08692 -0.242024 0.9
v -0.08373 -0.243096 0.9
v -0.064409 -0.252686 0.9
v -0.210279 -0.156971 0.9
v -0.180458 -0.160468 0.9
v 0.014751 0.0 0.9
v -0.24048 -0.16046 0.9
v -0.270543 -0.171537 0.9
v -0.285581 -0.180702 0.9
v -2.1 -0.180702 0.9
v -0.28819 -0.182292 0.9
v -0.357266 -0.21272 0.9
v -0.331691 -0.209561 0.9
v -0.303448 -0.195358 0.9
v -0.324224 -0.209966 0.9
v -0.316758 -0.210859 0.9
v -0.406356 -0.240725 0.9
v -0.401969 -0.236573 0.9
v -0.381317 -0.222057 0.9
v -2.1 -0.27356 0.9
v -2.1 -0.300335 0.9
v -0.435227 -0.300335 0.9
v -0.432325 -0.284104 0.9
v -0.427651 -0.27356 0.9
v -0.421963 -0.26073 0.9
v -0.365862 -0.414221 0.9
v -0.389328 -0.402795 0.9
v -2.1 -0.418427 0.9
v -0.409602 -0.38551 0.9
v -0.42443 -0.364337 0.9
v -0.433731 -0.340166 0.9
v -0.436871 -0.314741 0.9
v -0.436687 -0.308505 0.9
v -0.357661 -0.416674 0.9
v -0.356842 -0.418427 0.9
v -0.351145 -0.430613 0.9
v -0.341487 -0.442527 0.9
v -0.328785 -0.452098 0.9
v -0.235147 -0.418427 0.9
v -0.23521 -0.418695 0.9
v 0.014751 -0.4546 0.9
v -0.242894 -0.433163 0.9
v -0.252849 -0.444323 0.9
v -0.26578 -0.453324 0.9
v -0.033549 -0.286052 0.9
v -0.027833 -0.300335 0.9
v 0.014751 -0.300335 0.9
v -0.025613 -0.305882 0.9
v -0.152242 -0.380124 0.9
v -0.147787 -0.378365 0.9
v -0.140159 -0.34136 0.9
v -0.247287 -0.352398 0.9
v -0.160286 -0.30695 0.9
v -0.258638 -0.342063 0.9
v -0.272416 -0.334681 0.9
v -0.156235 -0.382954 0.9
v -0.063217 -0.32202 0.9
v -0.06627 -0.309551 0.9
v -0.071242 -0.300335 0.9
v -0.394352 -0.300335 0.9
v -0.022643 -0.327077 0.9
v -0.025623 -0.35025 0.9
v 0.014751 -0.418427 0.9
v -0.033779 -0.370805 0.9
v -0.046666 -0.388756 0.9
v -0.142756 -0.377719 0.9
v -0.142124 -0.377765 0.9
v -0.140176 -0.378196 0.9
v -0.39053 -0.33935 0.9
v -0.382803 -0.352497 0.9
v -0.349838 -0.359219 0.9
v -0.371164 -0.364457 0.9
v -0.357012 -0.373174 0.9
v -0.32583 -0.337721 0.9
v -0.339104 -0.346946 0.9
v -0.395967 -0.313442 0.9
v -0.395189 -0.323462 0.9
v -0.311489 -0.332235 0.9
v -0.295981 -0.330323 0.9
v -0.288088 -0.330791 0.9
v -0.064332 -0.403711 0.9
v -0.084142 -0.413405 0.9
v -0.105748 -0.417973 0.9
v -0.162883 -0.397846 0.9
v -0.162718 -0.395284 0.9
v -0.231055 -0.389406 0.9
v -0.161414 -0.390342 0.9
v -0.158918 -0.385912 0.9
v -0.076078 -0.362069 0.9
v -0.068934 -0.351943 0.9
v -0.064457 -0.340373 0.9
v -0.062897 -0.327726 0.9
v -0.144055 -0.417973 0.9
v -0.147712 -0.417384 0.9
v -0.152007 -0.415693 0.9
v -0.156218 -0.412699 0.9
v -0.157727 -0.411163 0.9
v -0.160557 -0.407085 0.9
v -0.162267 -0.402682 0.9
v -0.231408 -0.402668 0.9
v -0.231055 -0.395898 0.9
v -0.138861 -0.378368 0.9
v -0.109644 -0.378368 0.9
v -0.097979 -0.376132 0.9
v -0.086524 -0.370822 0.9
v -0.076926 -0.36298 0.9
v -0.118734 -0.277084 0.9
v -0.388467 -0.283241 0.9
v -0.39403 -0.297721 0.9
v -0.113539 -0.277084 0.9
v -0.072312 -0.298352 0.9
v -0.079786 -0.290008 0.9
v -0.089854 -0.282974 0.9
v -0.101186 -0.278608 0.9
v -0.132735 -0.23807 0.9
v -0.147382 -0.220577 0.9
v -0.296631 -0.258255 0.9
v -0.14901 -0.219095 0.9
v -0.167251 -0.206435 0.9
v -0.286712 -0.237718 0.9
v -0.381729 -0.27356 0.9
v -0.301245 -0.255731 0.9
v -0.119508 -0.27356 0.9
v -0.122713 -0.258988 0.9
v -0.315803 -0.250406 0.9
v -0.331041 -0.248516 0.9
v -0.337811 -0.248869 0.9
v -0.27215 -0.220321 0.9
v -0.187611 -0.198633 0.9
v -0.254742 -0.207602 0.9
v -0.20963 -0.195926 0.9
v -0.233532 -0.199005 0.9
v -0.353838 -0.252671 0.9
v -0.368306 -0.260355 0.9
v -0.379467 -0.27031 0.9
v 0.31683 -0.376526 0.9
v 0.31683 -0.407245 0.9
v 0.333929 -0.376526 0.9
v 0.333929 -0.407245 0.9
v 0.349487 -0.376526 0.9
v 0.362781 -0.300335 0.9
v 0.352078 -0.326339 0.9
v 0.352078 -0.336843 0.9
v 0.354156 -0.407245 0.9
v 0.362781 -0.418427 0.9
v 0.354156 -0.417656 0.9
v 0.333929 -0.418427 0.9
v 0.333929 -0.417656 0.9
v 0.305042 -0.417656 0.9
v 0.31683 -0.336843 0.9
v 0.31683 -0.366068 0.9
v 0.333929 -0.336843 0.9
v 0.333929 -0.366068 0.9
v 0.349487 -0.366068 0.9
v 0.052144 -0.27279 0.9
v 0.100301 -0.27279 0.9
v 0.100301 -0.262379 0.9
v 0.052144 -0.181472 0.9
v 0.063933 -0.181472 0.9
v 0.063933 -0.262379 0.9
v 0.052144 -0.417656 0.9
v 0.052144 -0.326339 0.9
v 0.102647 -0.300335 0.9
v 0.101258 -0.407245 0.9
v 0.101258 -0.417656 0.9
v 0.102647 -0.418427 0.9
v 0.09918 -0.336843 0.9
v 0.063933 -0.336843 0.9
v 0.063933 -0.366068 0.9
v 0.063933 -0.376526 0.9
v 0.063933 -0.407245 0.9
v 0.096589 -0.376526 0.9
v 0.096589 -0.366068 0.9
v 0.09918 -0.326339 0.9
v 0.102647 0.0 0.9
v 0.102647 -0.4546 0.9
v 0.143449 -0.416855 0.9
v 0.328907 -0.242481 0.9
v 0.324408 -0.251925 0.9
v 0.317624 -0.259998 0.9
v 0.30804 -0.266861 0.9
v 0.2831 -0.181472 0.9
v 0.297044 -0.183012 0.9
v 0.308065 -0.187038 0.9
v 0.29762 -0.270916 0.9
v 0.282166 -0.27279 0.9
v 0.257049 -0.27279 0.9
v 0.257049 -0.181472 0.9
v 0.317624 -0.193564 0.9
v 0.320869 -0.196741 0.9
v 0.326516 -0.20471 0.9
v 0.329886 -0.213426 0.9
v 0.331396 -0.225964 0.9
v 0.331121 -0.231792 0.9
v 0.185398 0.0 0.9
v 0.227135 0.0 0.9
v 0.248424 0.0 0.9
v 0.333929 0.0 0.9
v 0.362781 0.0 0.9
v 0.448286 0.0 0.9
v 0.411401 -0.327879 0.9
v 0.422422 -0.331905 0.9
v 0.448286 -0.300335 0.9
v 0.443264 -0.387348 0.9
v 0.438765 -0.396791 0.9
v 0.448286 -0.418427 0.9
v 0.431981 -0.404864 0.9
v 0.422397 -0.411727 0.9
v 0.411977 -0.415783 0.9
v 0.396523 -0.417656 0.9
v 0.371406 -0.417656 0.9
v 0.371406 -0.326339 0.9
v 0.397457 -0.326339 0.9
v 0.39629 -0.247813 0.9
v 0.431981 -0.33843 0.9
v 0.435226 -0.341607 0.9
v 0.440873 -0.349576 0.9
v 0.444244 -0.358293 0.9
v 0.445754 -0.37083 0.9
v 0.445478 -0.376658 0.9
v 0.463844 -0.417656 0.9
v 0.450819 -0.417656 0.9
v 0.519961 -0.417656 0.9
v 0.510647 -0.392679 0.9
v 0.472621 -0.392679 0.9
v 0.4856 -0.326339 0.9
v 0.498205 -0.326339 0.9
v 0.532986 -0.417656 0.9
v 1.316493 -0.418427 0.9
v 1.316493 -0.300335 0.9
v 1.316493 -0.27356 0.9
v 0.102647 -2.05 0.9
v 0.108121 -2.05 0.9
v 0.168509 -2.05 0.9
v 0.185398 -2.05 0.9
v 0.227135 -2.05 0.9
v 0.248424 -2.05 0.9
v 0.333929 -2.05 0.9
v 0.362781 -0.4546 0.9
v 0.362781 -2.05 0.9
v 0.448286 -0.4546 0.9
v 0.448286 -2.05 0.9
v 1.316493 -2.05 0.9
v 2.1 -0.180702 0.9
v 2.1 -0.27356 0.9
v 2.1 -0.300335 0.9
v 2.1 -0.418427 0.9
v 1.5 -2.05 0.0
v 1.8 -2.05 0.0
v -1.8 -2.05 0.0
v -1.5 -2.05 0.0
v -1.5 -2.05 -0.9
v 1.5 -2.05 -0.9
v 0.725 -0.916506 -0.9
v 0.785295 -0.941481 -0.9
v 1.5 -1.45 -0.9
v 0.85 -0.95 -0.9
v 0.914705 -0.941481 -0.9
v 1.091481 -0.635295 -0.9
v 1.066506 -0.575 -0.9
v 2.05 0.0 -0.9
v 1.026777 -0.523223 -0.9
v 0.975 -0.483494 -0.9
v -0.975 -0.483494 -0.9
v -1.026777 -0.523223 -0.9
v -2.05 -0.0 -0.9
v -1.066506 -0.575 -0.9
v 2.05 -1.45 -0.9
v 1.091481 -0.764705 -0.9
v 1.1 -0.7 -0.9
v 0.725 -0.483494 -0.9
v 0.673223 -0.523223 -0.9
v -1.5 -1.45 -0.9
v 0.633494 -0.575 -0.9
v 0.608519 -0.635295 -0.9
v 0.633494 -0.825 -0.9
v 0.608519 -0.764705 -0.9
v 0.6 -0.7 -0.9
v -0.673223 -0.523223 -0.9
v -0.725 -0.483494 -0.9
v -0.785295 -0.458519 -0.9
v -0.85 -0.45 -0.9
v -0.914705 -0.458519 -0.9
v 0.673223 -0.876777 -0.9
v -1.091481 -0.635295 -0.9
v -1.1 -0.7 -0.9
v -2.05 -1.45 -0.9
v -0.633494 -0.825 -0.9
v -0.608519 -0.764705 -0.9
v 0.785295 -0.458519 -0.9
v 0.975 -0.916506 -0.9
v 1.026777 -0.876777 -0.9
v 1.066506 -0.825 -0.9
v -0.975 -0.916506 -0.9
v -0.914705 -0.941481 -0.9
v -1.091481 -0.764705 -0.9
v -1.066506 -0.825 -0.9
v -1.026777 -0.876777 -0.9
v 0.914705 -0.458519 -0.9
v 0.85 -0.45 -0.9
v -0.6 -0.7 -0.9
v -0.608519 -0.635295 -0.9
v -0.633494 -0.575 -0.9
v -0.85 -0.95 -0.9
v -0.785295 -0.941481 -0.9
v -0.725 -0.916506 -0.9
v -0.673223 -0.876777 -0.9
v 2.05 -1.45 -0.2
v 2.05 0.0 -0.2
v 1.8 -1.45 0.0
v 1.8 -1.45 -0.2
v 1.8 0.0 -0.2
v 1.8 -1.75 0.3
v 1.8 0.0 0.3
v 2.1 -1.75 0.3
v 2.1 0.0 0.3
v 0.996593 0.0 0.375882
v 0.986602 0.0 0.4
v -0.9 -0.0 0.45
v 0.9 0.0 0.45
v 0.95 0.0 -0.436603
v 0.970711 0.0 -0.420711
v 0.986602 0.0 -0.4
v 0.925882 0.0 -0.446593
v 0.925882 0.0 0.446593
v -0.925882 -0.0 0.446593
v -0.95 -0.0 0.436603
v -0.970711 -0.0 0.420711
v 0.970711 0.0 0.420711
v 0.95 0.0 0.436603
v -2.05 -0.0 -0.2
v -1.8 -0.0 -0.2
v -0.986602 -0.0 0.4
v -0.996593 -0.0 0.375882
v -2.1 -0.0 0.3
v -1.0 -0.0 0.35
v -1.8 -0.0 0.3
v -1.0 -0.0 -0.35
v -0.996593 -0.0 -0.375882
v -0.986602 -0.0 -0.4
v 0.996593 0.0 -0.375882
v 1.0 0.0 -0.35
v 1.0 0.0 0.35
v -0.925882 -0.0 -0.446593
v -0.9 -0.0 -0.45
v 0.9 0.0 -0.45
v -0.970711 -0.0 -0.420711
v -0.95 -0.0 -0.436603
v -2.1 -1.75 0.3
v 0.9 1.35 0.45
newmtl 3
Ka 0.2980392156862745 0.2980392156862745 0.2980392156862745
Kd 0.20784313725490197 0.20784313725490197 0.20784313725490197
Ks 0.01568627450980392 0.01568627450980392 0.01568627450980392
d 0.0
endmtl
v 0.925882 1.35 0.446593
v 0.95 1.35 0.436603
v 0.970711 1.35 0.420711
v 0.986602 1.35 0.4
v 0.996593 1.35 0.375882
v 1.0 1.35 0.35
v 1.0 1.35 -0.35
v 0.996593 1.35 -0.375882
v 0.986602 1.35 -0.4
v 0.970711 1.35 -0.420711
v 0.95 1.35 -0.436603
v 0.925882 1.35 -0.446593
v 0.9 1.35 -0.45
v -0.9 1.35 -0.45
v -0.925882 1.35 -0.446593
v -0.95 1.35 -0.436603
v -0.970711 1.35 -0.420711
v -0.986602 1.35 -0.4
v -0.996593 1.35 -0.375882
v -1.0 1.35 -0.35
v -1.0 1.35 0.35
v -0.996593 1.35 0.375882
v -0.986602 1.35 0.4
v -0.970711 1.35 0.420711
v -0.95 1.35 0.436603
v -0.925882 1.35 0.446593
v -0.9 1.35 0.45
v 0.9 1.45 0.35
v 0.9 1.45 -0.35
v -0.9 1.45 0.35
v -0.9 1.45 -0.35
v 0.9 1.446593 -0.375882
v -0.9 1.446593 -0.375882
v 0.9 1.436603 -0.4
v -0.9 1.436603 -0.4
v 0.9 1.420711 -0.420711
v -0.9 1.420711 -0.420711
v 0.9 1.4 -0.436603
v -0.9 1.4 -0.436603
v 0.9 1.375882 -0.446593
v -0.9 1.375882 -0.446593
v -0.996593 1.375882 -0.35
v -0.993301 1.375882 -0.375
v -0.943301 1.436603 -0.375
v -0.922414 1.446593 -0.362941
v -0.918301 1.446593 -0.368301
v -0.906699 1.446593 -0.375
v -0.925 1.446593 -0.356699
v -0.948296 1.436603 -0.362941
v -0.968301 1.420711 -0.368301
v -0.925882 1.446593 -0.35
v -0.935355 1.436603 -0.385355
v -0.912941 1.446593 -0.372414
v -0.925 1.436603 -0.393301
v -0.912941 1.436603 -0.398296
v -0.95 1.436603 -0.35
v -0.970711 1.420711 -0.35
v -0.986602 1.4 -0.35
v -0.961237 1.420711 -0.385355
v -0.95 1.420711 -0.4
v -0.935355 1.420711 -0.411237
v -0.918301 1.420711 -0.418301
v -0.983652 1.4 -0.372414
v -0.975 1.4 -0.393301
v -0.961237 1.4 -0.411237
v -0.943301 1.4 -0.425
v -0.922414 1.4 -0.433652
v -0.983652 1.375882 -0.398296
v -0.968301 1.375882 -0.418301
v -0.948296 1.375882 -0.433652
v -0.925 1.375882 -0.443301
v 0.925 1.375882 -0.443301
v 0.925 1.436603 -0.393301
v 0.912941 1.446593 -0.372414
v 0.918301 1.446593 -0.368301
v 0.925882 1.446593 -0.35
v 0.925 1.446593 -0.356699
v 0.906699 1.446593 -0.375
v 0.912941 1.436603 -0.398296
v 0.918301 1.420711 -0.418301
v 0.935355 1.436603 -0.385355
v 0.922414 1.446593 -0.362941
v 0.943301 1.436603 -0.375
v 0.948296 1.436603 -0.362941
v 0.95 1.436603 -0.35
v 0.935355 1.420711 -0.411237
v 0.95 1.420711 -0.4
v 0.961237 1.420711 -0.385355
v 0.968301 1.420711 -0.368301
v 0.970711 1.420711 -0.35
v 0.922414 1.4 -0.433652
v 0.943301 1.4 -0.425
v 0.961237 1.4 -0.411237
v 0.975 1.4 -0.393301
v 0.983652 1.4 -0.372414
v 0.986602 1.4 -0.35
v 0.948296 1.375882 -0.433652
v 0.968301 1.375882 -0.418301
v 0.983652 1.375882 -0.398296
v 0.993301 1.375882 -0.375
v 0.996593 1.375882 -0.35
v -0.925882 1.446593 0.35
v -0.95 1.436603 0.35
v -0.970711 1.420711 0.35
v -0.986602 1.4 0.35
v -0.996593 1.375882 0.35
v 0.925882 1.446593 0.35
v 0.95 1.436603 0.35
v 0.970711 1.420711 0.35
v 0.986602 1.4 0.35
v 0.996593 1.375882 0.35
v -0.9 1.375882 0.446593
v -0.925 1.375882 0.443301
v -0.925 1.436603 0.393301
v -0.912941 1.446593 0.372414
v -0.918301 1.446593 0.368301
v -0.925 1.446593 0.356699
v -0.906699 1.446593 0.375
v -0.912941 1.436603 0.398296
v -0.918301 1.420711 0.418301
v -0.9 1.446593 0.375882
v -0.935355 1.436603 0.385355
v -0.922414 1.446593 0.362941
v -0.943301 1.436603 0.375
v -0.948296 1.436603 0.362941
v -0.9 1.436603 0.4
v -0.9 1.420711 0.420711
v -0.9 1.4 0.436603
v -0.935355 1.420711 0.411237
v -0.95 1.420711 0.4
v -0.961237 1.420711 0.385355
v -0.968301 1.420711 0.368301
v -0.922414 1.4 0.433652
v -0.943301 1.4 0.425
v -0.961237 1.4 0.411237
v -0.975 1.4 0.393301
v -0.983652 1.4 0.372414
v -0.948296 1.375882 0.433652
v -0.968301 1.375882 0.418301
v -0.983652 1.375882 0.398296
v -0.993301 1.375882 0.375
v 0.993301 1.375882 0.375
v 0.943301 1.436603 0.375
v 0.922414 1.446593 0.362941
v 0.918301 1.446593 0.368301
v 0.9 1.446593 0.375882
v 0.906699 1.446593 0.375
v 0.925 1.446593 0.356699
v 0.948296 1.436603 0.362941
v 0.968301 1.420711 0.368301
v 0.935355 1.436603 0.385355
v 0.912941 1.446593 0.372414
v 0.925 1.436603 0.393301
v 0.912941 1.436603 0.398296
v 0.9 1.436603 0.4
v 0.961237 1.420711 0.385355
v 0.95 1.420711 0.4
v 0.935355 1.420711 0.411237
v 0.918301 1.420711 0.418301
v 0.9 1.420711 0.420711
v 0.983652 1.4 0.372414
v 0.975 1.4 0.393301
v 0.961237 1.4 0.411237
v 0.943301 1.4 0.425
v 0.922414 1.4 0.433652
v 0.9 1.4 0.436603
v 0.983652 1.375882 0.398296
v 0.968301 1.375882 0.418301
v 0.948296 1.375882 0.433652
v 0.925 1.375882 0.443301
v 0.9 1.375882 0.446593
v -2.05 -1.45 -0.2
v -1.8 -1.45 -0.2
v -1.8 -1.75 0.3
v -1.8 -1.45 0.0
v 0.879023 -0.45169 -1.16
v 0.935505 -0.465077 -1.16
v 0.914339 -0.46006 -1.16
v 0.987377 -0.491128 -1.16
v 0.974431 -0.484626 -1.16
v 1.031843 -0.52844 -1.16
v 1.026302 -0.523789 -1.16
v 1.089497 -0.628299 -1.16
v 1.066506 -0.575 -1.16
v 1.099577 -0.685464 -1.16
v 1.090754 -0.635424 -1.16
v 1.096202 -0.743412 -1.16
v 1.098735 -0.699926 -1.16
v 1.079554 -0.79902 -1.16
v 1.089963 -0.76425 -1.16
v 1.050531 -0.84929 -1.16
v 1.065042 -0.824155 -1.16
v 1.010697 -0.891511 -1.16
v 1.025624 -0.875689 -1.16
v 0.9622 -0.923408 -1.16
v 0.974304 -0.915447 -1.16
v 0.907654 -0.943261 -1.16
v 0.914452 -0.940787 -1.16
v 0.792346 -0.943261 -1.16
v 0.85 -0.95 -1.16
v 0.7378 -0.923408 -1.16
v 0.785548 -0.940787 -1.16
v 0.689303 -0.891511 -1.16
v 0.725697 -0.915447 -1.16
v 0.649469 -0.84929 -1.16
v 0.674376 -0.875689 -1.16
v 0.620446 -0.79902 -1.16
v 0.634958 -0.824155 -1.16
v 0.603798 -0.743412 -1.16
v 0.610037 -0.76425 -1.16
v 0.600423 -0.685464 -1.16
v 0.601265 -0.699926 -1.16
v 0.610503 -0.628299 -1.16
v 0.609246 -0.635424 -1.16
v 0.668157 -0.52844 -1.16
v 0.633494 -0.575 -1.16
v 0.712623 -0.491128 -1.16
v 0.673698 -0.523789 -1.16
v 0.764495 -0.465077 -1.16
v 0.725569 -0.484626 -1.16
v 0.85 -0.45169 -1.16
v 0.820977 -0.45169 -1.16
v 0.785661 -0.46006 -1.16
v 0.91732 -0.834045 -1.26
v 0.884592 -0.845957 -1.26
v 0.85 -0.7 -1.26
v 0.85 -0.85 -1.26
v 0.815408 -0.845957 -1.26
v 0.987732 -0.759412 -1.26
v 0.970318 -0.789574 -1.26
v 0.946418 -0.814907 -1.26
v 0.993698 -0.65698 -1.26
v 0.999746 -0.691278 -1.26
v 0.997721 -0.726047 -1.26
v 0.932426 -0.574677 -1.26
v 0.959106 -0.597064 -1.26
v 0.979904 -0.625 -1.26
v 0.832586 -0.551014 -1.26
v 0.867414 -0.551014 -1.26
v 0.901303 -0.559046 -1.26
v 0.740894 -0.597064 -1.26
v 0.767574 -0.574677 -1.26
v 0.798697 -0.559046 -1.26
v 0.700254 -0.691278 -1.26
v 0.706302 -0.65698 -1.26
v 0.720096 -0.625 -1.26
v 0.729681 -0.789574 -1.26
v 0.712268 -0.759412 -1.26
v 0.702279 -0.726047 -1.26
v 0.78268 -0.834045 -1.26
v 0.753582 -0.814907 -1.26
v 0.739329 -0.920363 -1.185882
v 0.691493 -0.888901 -1.185882
v 0.603825 -0.685662 -1.185882
v 0.613767 -0.629276 -1.185882
v 0.714495 -0.493975 -1.185882
v 0.76566 -0.468279 -1.185882
v 0.985505 -0.493975 -1.185882
v 1.029365 -0.530778 -1.185882
v 1.096175 -0.685662 -1.185882
v 1.092846 -0.74282 -1.185882
v 0.960671 -0.920363 -1.185882
v 0.906868 -0.939946 -1.185882
v 0.963055 -0.834733 -1.256593
v 0.991079 -0.805029 -1.256593
v 0.978558 -0.853209 -1.246603
v 1.010425 -0.819432 -1.246603
v 0.99187 -0.869074 -1.230711
v 1.027037 -0.831799 -1.230711
v 1.002085 -0.881248 -1.21
v 1.039784 -0.841289 -1.21
v 1.008507 -0.888901 -1.185882
v 1.047798 -0.847255 -1.185882
v 0.910155 -0.534725 -1.256593
v 0.870419 -0.525307 -1.256593
v 0.918404 -0.512061 -1.246603
v 0.873219 -0.501352 -1.246603
v 0.925488 -0.4926 -1.230711
v 0.875623 -0.480782 -1.230711
v 0.930923 -0.477666 -1.21
v 0.877468 -0.464997 -1.21
v 0.93434 -0.468279 -1.185882
v 0.878628 -0.455075 -1.185882
v 0.67679 -0.730542 -1.256593
v 0.688502 -0.769663 -1.256593
v 0.653038 -0.73473 -1.246603
v 0.666357 -0.779216 -1.246603
v 0.632642 -0.738326 -1.230711
v 0.64734 -0.787419 -1.230711
v 0.616992 -0.741086 -1.21
v 0.632748 -0.793714 -1.21
v 0.607154 -0.74282 -1.185882
v 0.623575 -0.79767 -1.185882
v 0.85 -0.875882 -1.256593
v 0.890561 -0.871141 -1.256593
v 0.85 -0.9 -1.246603
v 0.896123 -0.894609 -1.246603
v 0.85 -0.920711 -1.230711
v 0.900899 -0.914761 -1.230711
v 0.85 -0.936603 -1.21
v 0.904564 -0.930225 -1.21
v 0.85 -0.946593 -1.185882
v 0.956187 -0.911436 -1.21
v 0.949055 -0.897234 -1.230711
v 0.93976 -0.878727 -1.246603
v 0.928936 -0.857174 -1.256593
v 1.076425 -0.79767 -1.185882
v 1.067252 -0.793714 -1.21
v 1.05266 -0.787419 -1.230711
v 1.033643 -0.779216 -1.246603
v 1.011498 -0.769663 -1.256593
v 1.083008 -0.741086 -1.21
v 1.067358 -0.738326 -1.230711
v 1.046962 -0.73473 -1.246603
v 1.02321 -0.730542 -1.256593
v 1.086202 -0.686243 -1.21
v 1.070337 -0.687167 -1.230711
v 1.049662 -0.688371 -1.246603
v 1.025584 -0.689773 -1.256593
v 1.086233 -0.629276 -1.185882
v 1.076663 -0.632142 -1.21
v 1.061438 -0.636699 -1.230711
v 1.041598 -0.642639 -1.246603
v 1.018493 -0.649557 -1.256593
v 1.002318 -0.612059 -1.256593
v 1.023205 -0.6 -1.246603
v 1.041141 -0.589645 -1.230711
v 1.054904 -0.581699 -1.21
v 1.063555 -0.576704 -1.185882
v 0.977932 -0.579302 -1.256593
v 0.995475 -0.562752 -1.246603
v 1.010539 -0.548539 -1.230711
v 1.022098 -0.537633 -1.21
v 0.980015 -0.502321 -1.21
v 0.971282 -0.515599 -1.230711
v 0.959902 -0.532902 -1.246603
v 0.946649 -0.553053 -1.256593
v 0.821372 -0.455075 -1.185882
v 0.822532 -0.464997 -1.21
v 0.824377 -0.480782 -1.230711
v 0.826781 -0.501352 -1.246603
v 0.829581 -0.525307 -1.256593
v 0.769077 -0.477666 -1.21
v 0.774512 -0.4926 -1.230711
v 0.781596 -0.512061 -1.246603
v 0.789845 -0.534725 -1.256593
v 0.719985 -0.502321 -1.21
v 0.728718 -0.515599 -1.230711
v 0.740098 -0.532902 -1.246603
v 0.753351 -0.553053 -1.256593
v 0.670635 -0.530778 -1.185882
v 0.677902 -0.537633 -1.21
v 0.689461 -0.548539 -1.230711
v 0.704525 -0.562752 -1.246603
v 0.722068 -0.579302 -1.256593
v 0.697682 -0.612059 -1.256593
v 0.676795 -0.6 -1.246603
v 0.658859 -0.589645 -1.230711
v 0.645096 -0.581699 -1.21
v 0.636445 -0.576704 -1.185882
v 0.681507 -0.649557 -1.256593
v 0.658402 -0.642639 -1.246603
v 0.638561 -0.636699 -1.230711
v 0.623337 -0.632142 -1.21
v 0.613798 -0.686243 -1.21
v 0.629663 -0.687167 -1.230711
v 0.650338 -0.688371 -1.246603
v 0.674416 -0.689773 -1.256593
v 0.652202 -0.847255 -1.185882
v 0.660216 -0.841289 -1.21
v 0.672963 -0.831799 -1.230711
v 0.689575 -0.819432 -1.246603
v 0.708921 -0.805029 -1.256593
v 0.697915 -0.881248 -1.21
v 0.70813 -0.869074 -1.230711
v 0.721442 -0.853209 -1.246603
v 0.736945 -0.834733 -1.256593
v 0.743813 -0.911436 -1.21
v 0.750945 -0.897234 -1.230711
v 0.76024 -0.878727 -1.246603
v 0.771064 -0.857174 -1.256593
v 0.793132 -0.939946 -1.185882
v 0.795436 -0.930225 -1.21
v 0.799101 -0.914761 -1.230711
v 0.803877 -0.894609 -1.246603
v 0.809439 -0.871141 -1.256593
v -0.820977 -0.45169 -1.16
v -0.764495 -0.465077 -1.16
v -0.785661 -0.46006 -1.16
v -0.712623 -0.491128 -1.16
v -0.725569 -0.484626 -1.16
v -0.668157 -0.52844 -1.16
v -0.673698 -0.523789 -1.16
v -0.610503 -0.628299 -1.16
v -0.633494 -0.575 -1.16
v -0.600423 -0.685464 -1.16
v -0.609246 -0.635424 -1.16
v -0.603798 -0.743412 -1.16
v -0.601265 -0.699926 -1.16
v -0.620446 -0.79902 -1.16
v -0.610037 -0.76425 -1.16
v -0.649469 -0.84929 -1.16
v -0.634958 -0.824155 -1.16
v -0.689303 -0.891511 -1.16
v -0.674376 -0.875689 -1.16
v -0.7378 -0.923408 -1.16
v -0.725697 -0.915447 -1.16
v -0.792346 -0.943261 -1.16
v -0.785548 -0.940787 -1.16
v -0.907654 -0.943261 -1.16
v -0.85 -0.95 -1.16
v -0.9622 -0.923408 -1.16
v -0.914452 -0.940787 -1.16
v -1.010697 -0.891511 -1.16
v -0.974304 -0.915447 -1.16
v -1.050531 -0.84929 -1.16
v -1.025624 -0.875689 -1.16
v -1.079554 -0.79902 -1.16
v -1.065042 -0.824155 -1.16
v -1.096202 -0.743412 -1.16
v -1.089963 -0.76425 -1.16
v -1.099577 -0.685464 -1.16
v -1.098735 -0.699926 -1.16
v -1.089497 -0.628299 -1.16
v -1.090754 -0.635424 -1.16
v -1.031843 -0.52844 -1.16
v -1.066506 -0.575 -1.16
v -0.987377 -0.491128 -1.16
v -1.026302 -0.523789 -1.16
v -0.935505 -0.465077 -1.16
v -0.974431 -0.484626 -1.16
v -0.85 -0.45169 -1.16
v -0.879023 -0.45169 -1.16
v -0.914339 -0.46006 -1.16
v -0.78268 -0.834045 -1.26
v -0.815408 -0.845957 -1.26
v -0.85 -0.7 -1.26
v -0.85 -0.85 -1.26
v -0.884592 -0.845957 -1.26
v -0.712268 -0.759412 -1.26
v -0.729681 -0.789574 -1.26
v -0.753582 -0.814907 -1.26
v -0.706302 -0.65698 -1.26
v -0.700254 -0.691278 -1.26
v -0.702279 -0.726047 -1.26
v -0.767574 -0.574677 -1.26
v -0.740894 -0.597064 -1.26
v -0.720096 -0.625 -1.26
v -0.867414 -0.551014 -1.26
v -0.832586 -0.551014 -1.26
v -0.798697 -0.559046 -1.26
v -0.959106 -0.597064 -1.26
v -0.932426 -0.574677 -1.26
v -0.901303 -0.559046 -1.26
v -0.999746 -0.691278 -1.26
v -0.993698 -0.65698 -1.26
v -0.979904 -0.625 -1.26
v -0.970318 -0.789574 -1.26
v -0.987732 -0.759412 -1.26
v -0.997721 -0.726047 -1.26
v -0.91732 -0.834045 -1.26
v -0.946418 -0.814907 -1.26
v -0.960671 -0.920363 -1.185882
v -1.008507 -0.888901 -1.185882
v -1.096175 -0.685662 -1.185882
v -1.086233 -0.629276 -1.185882
v -0.985505 -0.493975 -1.185882
v -0.93434 -0.468279 -1.185882
v -0.714495 -0.493975 -1.185882
v -0.670635 -0.530778 -1.185882
v -0.603825 -0.685662 -1.185882
v -0.607154 -0.74282 -1.185882
v -0.739329 -0.920363 -1.185882
v -0.793132 -0.939946 -1.185882
v -0.736945 -0.834733 -1.256593
v -0.708921 -0.805029 -1.256593
v -0.721442 -0.853209 -1.246603
v -0.689575 -0.819432 -1.246603
v -0.70813 -0.869074 -1.230711
v -0.672963 -0.831799 -1.230711
v -0.697915 -0.881248 -1.21
v -0.660216 -0.841289 -1.21
v -0.691493 -0.888901 -1.185882
v -0.652202 -0.847255 -1.185882
v -0.789845 -0.534725 -1.256593
v -0.829581 -0.525307 -1.256593
v -0.781596 -0.512061 -1.246603
v -0.826781 -0.501352 -1.246603
v -0.774512 -0.4926 -1.230711
v -0.824377 -0.480782 -1.230711
v -0.769077 -0.477666 -1.21
v -0.822532 -0.464997 -1.21
v -0.76566 -0.468279 -1.185882
v -0.821372 -0.455075 -1.185882
v -1.02321 -0.730542 -1.256593
v -1.011498 -0.769663 -1.256593
v -1.046962 -0.73473 -1.246603
v -1.033643 -0.779216 -1.246603
v -1.067358 -0.738326 -1.230711
v -1.05266 -0.787419 -1.230711
v -1.083008 -0.741086 -1.21
v -1.067252 -0.793714 -1.21
v -1.092846 -0.74282 -1.185882
v -1.076425 -0.79767 -1.185882
v -0.85 -0.875882 -1.256593
v -0.809439 -0.871141 -1.256593
v -0.85 -0.9 -1.246603
v -0.803877 -0.894609 -1.246603
v -0.85 -0.920711 -1.230711
v -0.799101 -0.914761 -1.230711
v -0.85 -0.936603 -1.21
v -0.795436 -0.930225 -1.21
v -0.85 -0.946593 -1.185882
v -0.743813 -0.911436 -1.21
v -0.750945 -0.897234 -1.230711
v -0.76024 -0.878727 -1.246603
v -0.771064 -0.857174 -1.256593
v -0.623575 -0.79767 -1.185882
v -0.632748 -0.793714 -1.21
v -0.64734 -0.787419 -1.230711
v -0.666357 -0.779216 -1.246603
v -0.688502 -0.769663 -1.256593
v -0.616992 -0.741086 -1.21
v -0.632642 -0.738326 -1.230711
v -0.653038 -0.73473 -1.246603
v -0.67679 -0.730542 -1.256593
v -0.613798 -0.686243 -1.21
v -0.629663 -0.687167 -1.230711
v -0.650338 -0.688371 -1.246603
v -0.674416 -0.689773 -1.256593
v -0.613767 -0.629276 -1.185882
v -0.623337 -0.632142 -1.21
v -0.638561 -0.636699 -1.230711
v -0.658402 -0.642639 -1.246603
v -0.681507 -0.649557 -1.256593
v -0.697682 -0.612059 -1.256593
v -0.676795 -0.6 -1.246603
v -0.658859 -0.589645 -1.230711
v -0.645096 -0.581699 -1.21
v -0.636445 -0.576704 -1.185882
v -0.722068 -0.579302 -1.256593
v -0.704525 -0.562752 -1.246603
v -0.689461 -0.548539 -1.230711
v -0.677902 -0.537633 -1.21
v -0.719985 -0.502321 -1.21
v -0.728718 -0.515599 -1.230711
v -0.740098 -0.532902 -1.246603
v -0.753351 -0.553053 -1.256593
v -0.878628 -0.455075 -1.185882
v -0.877468 -0.464997 -1.21
v -0.875623 -0.480782 -1.230711
v -0.873219 -0.501352 -1.246603
v -0.870419 -0.525307 -1.256593
v -0.930923 -0.477666 -1.21
v -0.925488 -0.4926 -1.230711
v -0.918404 -0.512061 -1.246603
v -0.910155 -0.534725 -1.256593
v -0.980015 -0.502321 -1.21
v -0.971282 -0.515599 -1.230711
v -0.959902 -0.532902 -1.246603
v -0.946649 -0.553053 -1.256593
v -1.029365 -0.530778 -1.185882
v -1.022098 -0.537633 -1.21
v -1.010539 -0.548539 -1.230711
v -0.995475 -0.562752 -1.246603
v -0.977932 -0.579302 -1.256593
v -1.002318 -0.612059 -1.256593
v -1.023205 -0.6 -1.246603
v -1.041141 -0.589645 -1.230711
v -1.054904 -0.581699 -1.21
v -1.063555 -0.576704 -1.185882
v -1.018493 -0.649557 -1.256593
v -1.041598 -0.642639 -1.246603
v -1.061438 -0.636699 -1.230711
v -1.076663 -0.632142 -1.21
v -1.086202 -0.686243 -1.21
v -1.070337 -0.687167 -1.230711
v -1.049662 -0.688371 -1.246603
v -1.025584 -0.689773 -1.256593
v -1.047798 -0.847255 -1.185882
v -1.039784 -0.841289 -1.21
v -1.027037 -0.831799 -1.230711
v -1.010425 -0.819432 -1.246603
v -0.991079 -0.805029 -1.256593
v -1.002085 -0.881248 -1.21
v -0.99187 -0.869074 -1.230711
v -0.978558 -0.853209 -1.246603
v -0.963055 -0.834733 -1.256593
v -0.956187 -0.911436 -1.21
v -0.949055 -0.897234 -1.230711
v -0.93976 -0.878727 -1.246603
v -0.928936 -0.857174 -1.256593
v -0.906868 -0.939946 -1.185882
v -0.904564 -0.930225 -1.21
v -0.900899 -0.914761 -1.230711
v -0.896123 -0.894609 -1.246603
v -0.890561 -0.871141 -1.256593
v 0.428058 -0.392223 0.91
v 0.423601 -0.397721 0.91
v 0.431981 -0.404864 0.91
newmtl 4
Ka 0.0 0.0 0.0
Kd 0.0 0.0 0.0
Ks 0.0 0.0 0.0
d 0.0
endmtl
v 0.422501 -0.398746 0.91
v 0.422397 -0.411727 0.91
v 0.416603 -0.402831 0.91
v 0.411977 -0.415783 0.91
v 0.409047 -0.405749 0.91
v 0.396523 -0.417656 0.91
v 0.396453 -0.407245 0.91
v 0.371406 -0.417656 0.91
v 0.383194 -0.407245 0.91
v 0.371406 -0.326339 0.91
v 0.383194 -0.336843 0.91
v 0.397457 -0.326339 0.91
v 0.39699 -0.336843 0.91
v 0.411401 -0.327879 0.91
v 0.409365 -0.338294 0.91
v 0.422422 -0.331905 0.91
v 0.417179 -0.341258 0.91
v 0.431981 -0.33843 0.91
v 0.423344 -0.345433 0.91
v 0.435226 -0.341607 0.91
v 0.425922 -0.347978 0.91
v 0.440873 -0.349576 0.91
v 0.429453 -0.353105 0.91
v 0.444244 -0.358293 0.91
v 0.43202 -0.359789 0.91
v 0.445754 -0.37083 0.91
v 0.433358 -0.371157 0.91
v 0.445478 -0.376658 0.91
v 0.433033 -0.377152 0.91
v 0.443264 -0.387348 0.91
v 0.43123 -0.38547 0.91
v 0.438765 -0.396791 0.91
v 0.423344 -0.345433 0.9
v 0.425922 -0.347978 0.9
v 0.429453 -0.353105 0.9
v 0.43202 -0.359789 0.9
v 0.433358 -0.371157 0.9
v 0.39699 -0.336843 0.9
v 0.409365 -0.338294 0.9
v 0.417179 -0.341258 0.9
v 0.383194 -0.336843 0.9
v 0.383194 -0.407245 0.9
v 0.396453 -0.407245 0.9
v 0.423601 -0.397721 0.9
v 0.422501 -0.398746 0.9
v 0.416603 -0.402831 0.9
v 0.409047 -0.405749 0.9
v 0.433033 -0.377152 0.9
v 0.43123 -0.38547 0.9
v 0.428058 -0.392223 0.9
v 0.263048 -0.40155 0.91
v 0.262173 -0.40459 0.91
v 0.261648 -0.406825 0.91
v 0.261344 -0.406825 0.91
v 0.259944 -0.401456 0.91
v 0.242903 -0.352436 0.91
v 0.230111 -0.352436 0.91
v 0.255695 -0.417516 0.91
v 0.250676 -0.429374 0.91
v 0.248417 -0.43351 0.91
v 0.246287 -0.435886 0.91
v 0.244283 -0.437285 0.91
v 0.241787 -0.438244 0.91
v 0.238958 -0.438572 0.91
v 0.234809 -0.438031 0.91
v 0.232469 -0.437264 0.91
v 0.232469 -0.447442 0.91
v 0.23732 -0.448285 0.91
v 0.239845 -0.448376 0.91
v 0.244466 -0.447844 0.91
v 0.24898 -0.446125 0.91
v 0.252975 -0.443333 0.91
v 0.253755 -0.442618 0.91
v 0.25794 -0.437591 0.91
v 0.263118 -0.427507 0.91
v 0.292717 -0.352436 0.91
v 0.280859 -0.352436 0.91
v 0.197805 -0.419197 0.91
v 0.206668 -0.418321 0.91
v 0.213042 -0.416203 0.91
v 0.216806 -0.414015 0.91
v 0.220078 -0.411153 0.91
v 0.22221 -0.408136 0.91
v 0.223615 -0.404511 0.91
v 0.224159 -0.399916 0.91
v 0.223686 -0.395654 0.91
v 0.222465 -0.392282 0.91
v 0.22033 -0.389131 0.91
v 0.217603 -0.386698 0.91
v 0.210007 -0.382473 0.91
v 0.205578 -0.380681 0.91
v 0.198499 -0.3776 0.91
v 0.194466 -0.375079 0.91
v 0.193351 -0.373851 0.91
v 0.192527 -0.372308 0.91
v 0.192073 -0.370531 0.91
v 0.191969 -0.36901 0.91
v 0.192176 -0.367185 0.91
v 0.19274 -0.365641 0.91
v 0.193721 -0.364185 0.91
v 0.195447 -0.36266 0.91
v 0.198012 -0.361296 0.91
v 0.201071 -0.360487 0.91
v 0.204457 -0.360233 0.91
v 0.211989 -0.361091 0.91
v 0.218439 -0.363461 0.91
v 0.221031 -0.364948 0.91
v 0.221031 -0.353837 0.91
v 0.213399 -0.351617 0.91
v 0.205578 -0.350942 0.91
v 0.197359 -0.351813 0.91
v 0.191046 -0.354027 0.91
v 0.18751 -0.356124 0.91
v 0.184119 -0.359173 0.91
v 0.181994 -0.362264 0.91
v 0.180632 -0.365947 0.91
v 0.180181 -0.370037 0.91
v 0.180672 -0.374478 0.91
v 0.181934 -0.37797 0.91
v 0.183425 -0.380354 0.91
v 0.197501 -0.388991 0.91
v 0.190683 -0.385866 0.91
v 0.185297 -0.382311 0.91
v 0.205012 -0.392137 0.91
v 0.209476 -0.394827 0.91
v 0.210901 -0.396311 0.91
v 0.211786 -0.397827 0.91
v 0.212305 -0.399613 0.91
v 0.212417 -0.401036 0.91
v 0.21218 -0.403218 0.91
v 0.211599 -0.404845 0.91
v 0.2106 -0.406321 0.91
v 0.209288 -0.407486 0.91
v 0.208245 -0.408119 0.91
v 0.205294 -0.4092 0.91
v 0.19943 -0.409857 0.91
v 0.198925 -0.40986 0.91
v 0.180111 -0.403557 0.91
v 0.18451 -0.406285 0.91
v 0.191677 -0.409003 0.91
v 0.180111 -0.415369 0.91
v 0.187296 -0.417993 0.91
v 0.153173 -0.417656 0.91
v 0.164611 -0.417656 0.91
v 0.153173 -0.407572 0.91
v 0.164611 -0.375686 0.91
v 0.153173 -0.376199 0.91
v 0.128252 -0.389904 0.91
v 0.130908 -0.388618 0.91
v 0.152869 -0.407572 0.91
v 0.146836 -0.405893 0.91
v 0.151026 -0.410366 0.91
v 0.143604 -0.408074 0.91
v 0.137906 -0.386984 0.91
v 0.153173 -0.384929 0.91
v 0.153173 -0.391185 0.91
v 0.153162 -0.391944 0.91
v 0.152425 -0.397048 0.91
v 0.150747 -0.401129 0.91
v 0.148271 -0.404491 0.91
v 0.152775 -0.371142 0.91
v 0.163735 -0.367058 0.91
v 0.151592 -0.367069 0.91
v 0.161948 -0.361838 0.91
v 0.150248 -0.364713 0.91
v 0.159611 -0.358135 0.91
v 0.148519 -0.362874 0.91
v 0.156564 -0.355213 0.91
v 0.146489 -0.361565 0.91
v 0.152767 -0.353037 0.91
v 0.143835 -0.360639 0.91
v 0.147953 -0.35157 0.91
v 0.139961 -0.360233 0.91
v 0.141034 -0.350942 0.91
v 0.132647 -0.361052 0.91
v 0.129487 -0.352337 0.91
v 0.125509 -0.363621 0.91
v 0.120975 -0.355625 0.91
v 0.118578 -0.368123 0.91
v 0.118578 -0.357011 0.91
v 0.126149 -0.405894 0.91
v 0.117808 -0.414062 0.91
v 0.127122 -0.406872 0.91
v 0.12166 -0.416749 0.91
v 0.129401 -0.408428 0.91
v 0.126045 -0.418402 0.91
v 0.131989 -0.409378 0.91
v 0.132888 -0.419197 0.91
v 0.135852 -0.409813 0.91
v 0.138817 -0.418537 0.91
v 0.140134 -0.409334 0.91
v 0.143449 -0.416855 0.91
v 0.147406 -0.414232 0.91
v 0.123904 -0.397447 0.91
v 0.112245 -0.39867 0.91
v 0.123807 -0.399262 0.91
v 0.112206 -0.400196 0.91
v 0.124098 -0.401888 0.91
v 0.112773 -0.405399 0.91
v 0.124849 -0.403966 0.91
v 0.114159 -0.409264 0.91
v 0.116538 -0.412776 0.91
v 0.133845 -0.378907 0.91
v 0.12537 -0.380971 0.91
v 0.126842 -0.390999 0.91
v 0.120435 -0.383459 0.91
v 0.125473 -0.392694 0.91
v 0.116895 -0.386487 0.91
v 0.124469 -0.394827 0.91
v 0.114588 -0.389747 0.91
v 0.112997 -0.393765 0.91
v 0.148271 -0.404491 0.9
v 0.146836 -0.405893 0.9
v 0.143604 -0.408074 0.9
v 0.140134 -0.409334 0.9
v 0.135852 -0.409813 0.9
v 0.153173 -0.391185 0.9
v 0.153162 -0.391944 0.9
v 0.152425 -0.397048 0.9
v 0.150747 -0.401129 0.9
v 0.153173 -0.384929 0.9
v 0.137906 -0.386984 0.9
v 0.126842 -0.390999 0.9
v 0.128252 -0.389904 0.9
v 0.130908 -0.388618 0.9
v 0.123807 -0.399262 0.9
v 0.123904 -0.397447 0.9
v 0.124469 -0.394827 0.9
v 0.125473 -0.392694 0.9
v 0.127122 -0.406872 0.9
v 0.126149 -0.405894 0.9
v 0.124849 -0.403966 0.9
v 0.124098 -0.401888 0.9
v 0.131989 -0.409378 0.9
v 0.129401 -0.408428 0.9
v -0.351145 -0.430613 0.91
v -0.341487 -0.442527 0.91
v -0.357012 -0.373174 0.91
v -0.368306 -0.260355 0.91
v -0.353838 -0.252671 0.91
v -0.357266 -0.21272 0.91
v -0.316758 -0.210859 0.91
v -0.296631 -0.258255 0.91
v -0.286712 -0.237718 0.91
v -0.231055 -0.395898 0.91
v -0.231055 -0.389406 0.91
v -0.285843 -0.373654 0.91
v -0.291938 -0.371668 0.91
v -0.371164 -0.364457 0.91
v -0.365862 -0.414221 0.91
v -0.357661 -0.416674 0.91
v -0.331691 -0.209561 0.91
v -0.276203 -0.381589 0.91
v -0.273232 -0.38684 0.91
v -0.231408 -0.402668 0.91
v -0.140159 -0.34136 0.91
v -0.160286 -0.30695 0.91
v -0.247287 -0.352398 0.91
v -0.296631 -0.371226 0.91
v -0.302967 -0.372037 0.91
v -0.311489 -0.332235 0.91
v -0.308638 -0.374272 0.91
v -0.32583 -0.337721 0.91
v -0.313716 -0.377879 0.91
v -0.339104 -0.346946 0.91
v -0.31632 -0.380636 0.91
v -0.349838 -0.359219 0.91
v -0.319667 -0.386013 0.91
v -0.32157 -0.392127 0.91
v -0.321882 -0.398456 0.91
v -0.272416 -0.334681 0.91
v -0.288088 -0.330791 0.91
v -0.295981 -0.330323 0.91
v -0.28051 -0.377042 0.91
v -0.118734 -0.277084 0.91
v -0.113539 -0.277084 0.91
v -0.08692 -0.242024 0.91
v -0.101186 -0.278608 0.91
v -0.08373 -0.243096 0.91
v -0.089854 -0.282974 0.91
v -0.064409 -0.252686 0.91
v -0.0468 -0.267581 0.91
v -0.303448 -0.195358 0.91
v -0.27215 -0.220321 0.91
v -0.28819 -0.182292 0.91
v -0.254742 -0.207602 0.91
v -0.270543 -0.171537 0.91
v -0.337811 -0.248869 0.91
v -0.331041 -0.248516 0.91
v -0.324224 -0.209966 0.91
v -0.315803 -0.250406 0.91
v -0.301245 -0.255731 0.91
v -0.258638 -0.342063 0.91
v -0.046666 -0.388756 0.91
v -0.076926 -0.36298 0.91
v -0.064332 -0.403711 0.91
v -0.086524 -0.370822 0.91
v -0.084142 -0.413405 0.91
v -0.097979 -0.376132 0.91
v -0.105748 -0.417973 0.91
v -0.109644 -0.378368 0.91
v -0.144055 -0.417973 0.91
v -0.138861 -0.378368 0.91
v -0.147712 -0.417384 0.91
v -0.320669 -0.40454 0.91
v -0.31809 -0.409993 0.91
v -0.079786 -0.290008 0.91
v -0.072312 -0.298352 0.91
v -0.033549 -0.286052 0.91
v -0.06627 -0.309551 0.91
v -0.025613 -0.305882 0.91
v -0.063217 -0.32202 0.91
v -0.022643 -0.327077 0.91
v -0.062897 -0.327726 0.91
v -0.025623 -0.35025 0.91
v -0.064457 -0.340373 0.91
v -0.033779 -0.370805 0.91
v -0.068934 -0.351943 0.91
v -0.076078 -0.362069 0.91
v -0.12198 -0.190732 0.91
v -0.147382 -0.220577 0.91
v -0.100002 -0.216327 0.91
v -0.132735 -0.23807 0.91
v -0.122713 -0.258988 0.91
v -0.39403 -0.297721 0.91
v -0.436687 -0.308505 0.91
v -0.395967 -0.313442 0.91
v -0.436871 -0.314741 0.91
v -0.395189 -0.323462 0.91
v -0.433731 -0.340166 0.91
v -0.39053 -0.33935 0.91
v -0.42443 -0.364337 0.91
v -0.382803 -0.352497 0.91
v -0.409602 -0.38551 0.91
v -0.389328 -0.402795 0.91
v -0.271585 -0.392783 0.91
v -0.271437 -0.399082 0.91
v -0.23521 -0.418695 0.91
v -0.272895 -0.405337 0.91
v -0.242894 -0.433163 0.91
v -0.275838 -0.410968 0.91
v -0.252849 -0.444323 0.91
v -0.279662 -0.415329 0.91
v -0.26578 -0.453324 0.91
v -0.284608 -0.41884 0.91
v -0.28026 -0.458887 0.91
v -0.290243 -0.42106 0.91
v -0.295981 -0.460824 0.91
v -0.296631 -0.421869 0.91
v -0.298474 -0.460778 0.91
v -0.297737 -0.421844 0.91
v -0.313804 -0.45839 0.91
v -0.303566 -0.420894 0.91
v -0.328785 -0.452098 0.91
v -0.309435 -0.418373 0.91
v -0.314404 -0.414564 0.91
v -0.24048 -0.16046 0.91
v -0.233532 -0.199005 0.91
v -0.210279 -0.156971 0.91
v -0.20963 -0.195926 0.91
v -0.180458 -0.160468 0.91
v -0.187611 -0.198633 0.91
v -0.148154 -0.172706 0.91
v -0.167251 -0.206435 0.91
v -0.14901 -0.219095 0.91
v -0.381317 -0.222057 0.91
v -0.401969 -0.236573 0.91
v -0.379467 -0.27031 0.91
v -0.406356 -0.240725 0.91
v -0.388467 -0.283241 0.91
v -0.421963 -0.26073 0.91
v -0.432325 -0.284104 0.91
v -0.142124 -0.377765 0.91
v -0.157727 -0.411163 0.91
v -0.156218 -0.412699 0.91
v -0.140176 -0.378196 0.91
v -0.152007 -0.415693 0.91
v -0.162883 -0.397846 0.91
v -0.162267 -0.402682 0.91
v -0.160557 -0.407085 0.91
v -0.147787 -0.378365 0.91
v -0.152242 -0.380124 0.91
v -0.162718 -0.395284 0.91
v -0.156235 -0.382954 0.91
v -0.158918 -0.385912 0.91
v -0.161414 -0.390342 0.91
v -0.142756 -0.377719 0.91
v -0.296631 -0.371226 0.9
v -0.291938 -0.371668 0.9
v -0.285843 -0.373654 0.9
v -0.28051 -0.377042 0.9
v -0.276203 -0.381589 0.9
v -0.273232 -0.38684 0.9
v -0.271585 -0.392783 0.9
v -0.271437 -0.399082 0.9
v -0.272895 -0.405337 0.9
v -0.275838 -0.410968 0.9
v -0.279662 -0.415329 0.9
v -0.284608 -0.41884 0.9
v -0.290243 -0.42106 0.9
v -0.296631 -0.421869 0.9
v -0.297737 -0.421844 0.9
v -0.303566 -0.420894 0.9
v -0.309435 -0.418373 0.9
v -0.314404 -0.414564 0.9
v -0.31809 -0.409993 0.9
v -0.320669 -0.40454 0.9
v -0.321882 -0.398456 0.9
v -0.32157 -0.392127 0.9
v -0.319667 -0.386013 0.9
v -0.31632 -0.380636 0.9
v -0.313716 -0.377879 0.9
v -0.308638 -0.374272 0.9
v -0.302967 -0.372037 0.9
v 0.313701 -0.247357 0.91
v 0.309244 -0.252855 0.91
v 0.317624 -0.259998 0.91
v 0.308144 -0.253879 0.91
v 0.30804 -0.266861 0.91
v 0.302246 -0.257965 0.91
v 0.29762 -0.270916 0.91
v 0.29469 -0.260883 0.91
v 0.282166 -0.27279 0.91
v 0.282096 -0.262379 0.91
v 0.257049 -0.27279 0.91
v 0.268837 -0.262379 0.91
v 0.257049 -0.181472 0.91
v 0.268837 -0.191976 0.91
v 0.2831 -0.181472 0.91
v 0.282633 -0.191976 0.91
v 0.297044 -0.183012 0.91
v 0.295008 -0.193428 0.91
v 0.308065 -0.187038 0.91
v 0.302822 -0.196392 0.91
v 0.317624 -0.193564 0.91
v 0.308987 -0.200567 0.91
v 0.320869 -0.196741 0.91
v 0.311564 -0.203111 0.91
v 0.326516 -0.20471 0.91
v 0.315096 -0.208239 0.91
v 0.329886 -0.213426 0.91
v 0.317663 -0.214923 0.91
v 0.331396 -0.225964 0.91
v 0.319001 -0.226291 0.91
v 0.331121 -0.231792 0.91
v 0.318676 -0.232285 0.91
v 0.328907 -0.242481 0.91
v 0.316873 -0.240604 0.91
v 0.324408 -0.251925 0.91
v 0.308987 -0.200567 0.9
v 0.311564 -0.203111 0.9
v 0.315096 -0.208239 0.9
v 0.317663 -0.214923 0.9
v 0.319001 -0.226291 0.9
v 0.282633 -0.191976 0.9
v 0.295008 -0.193428 0.9
v 0.302822 -0.196392 0.9
v 0.268837 -0.191976 0.9
v 0.268837 -0.262379 0.9
v 0.282096 -0.262379 0.9
v 0.309244 -0.252855 0.9
v 0.308144 -0.253879 0.9
v 0.302246 -0.257965 0.9
v 0.29469 -0.260883 0.9
v 0.318676 -0.232285 0.9
v 0.316873 -0.240604 0.9
v 0.313701 -0.247357 0.9
v 0.148831 -0.263826 0.91
v 0.140631 -0.262958 0.91
v 0.133951 -0.260621 0.91
v 0.127809 -0.256554 0.91
v 0.125371 -0.254209 0.91
v 0.121093 -0.24834 0.91
v 0.118075 -0.241042 0.91
v 0.116538 -0.232016 0.91
v 0.116408 -0.228158 0.91
v 0.117899 -0.215664 0.91
v 0.12095 -0.207766 0.91
v 0.125357 -0.201413 0.91
v 0.126002 -0.200707 0.91
v 0.1318 -0.195843 0.91
v 0.138927 -0.192403 0.91
v 0.146794 -0.190767 0.91
v 0.150885 -0.190576 0.91
v 0.172407 -0.195991 0.91
v 0.17139 -0.195443 0.91
v 0.162128 -0.191918 0.91
v 0.172407 -0.183666 0.91
v 0.162726 -0.180871 0.91
v 0.150768 -0.179931 0.91
v 0.137604 -0.181526 0.91
v 0.128056 -0.185223 0.91
v 0.119504 -0.191203 0.91
v 0.117225 -0.193377 0.91
v 0.110605 -0.202024 0.91
v 0.106268 -0.212168 0.91
v 0.104197 -0.224089 0.91
v 0.104036 -0.228858 0.91
v 0.105822 -0.24367 0.91
v 0.109532 -0.25321 0.91
v 0.114973 -0.261012 0.91
v 0.115754 -0.261865 0.91
v 0.147127 -0.27433 0.91
v 0.140104 -0.273901 0.91
v 0.122011 -0.267249 0.91
v 0.130458 -0.271594 0.91
v 0.172407 -0.269008 0.91
v 0.170849 -0.269784 0.91
v 0.161045 -0.273 0.91
v 0.172407 -0.25771 0.91
v 0.1634 -0.261752 0.91
v 0.153068 -0.263669 0.91
v 0.476356 -0.382362 0.91
v 0.472621 -0.392679 0.91
v 0.507006 -0.382362 0.91
v 0.510647 -0.392679 0.91
v 0.490012 -0.344406 0.91
v 0.4856 -0.326339 0.91
v 0.450819 -0.417656 0.91
v 0.463844 -0.417656 0.91
v 0.490803 -0.341681 0.91
v 0.491506 -0.33801 0.91
v 0.498205 -0.326339 0.91
v 0.491786 -0.33801 0.91
v 0.492524 -0.341873 0.91
v 0.49321 -0.344406 0.91
v 0.532986 -0.417656 0.91
v 0.519961 -0.417656 0.91
v 0.490012 -0.344406 0.9
v 0.490803 -0.341681 0.9
v 0.491506 -0.33801 0.9
v 0.476356 -0.382362 0.9
v 0.507006 -0.382362 0.9
v 0.49321 -0.344406 0.9
v 0.491786 -0.33801 0.9
v 0.492524 -0.341873 0.9
v 0.354156 -0.407245 0.91
v 0.31683 -0.407245 0.91
v 0.31683 -0.376526 0.91
v 0.349487 -0.376526 0.91
v 0.349487 -0.366068 0.91
v 0.31683 -0.366068 0.91
v 0.31683 -0.336843 0.91
v 0.352078 -0.336843 0.91
v 0.352078 -0.326339 0.91
v 0.305042 -0.326339 0.91
v 0.305042 -0.417656 0.91
v 0.354156 -0.417656 0.91
v 0.063933 -0.407245 0.91
v 0.101258 -0.407245 0.91
v 0.063933 -0.376526 0.91
v 0.096589 -0.376526 0.91
v 0.096589 -0.366068 0.91
v 0.063933 -0.366068 0.91
v 0.063933 -0.336843 0.91
v 0.09918 -0.336843 0.91
v 0.09918 -0.326339 0.91
v 0.052144 -0.326339 0.91
v 0.052144 -0.417656 0.91
v 0.101258 -0.417656 0.91
v 0.361999 -0.237495 0.91
v 0.358264 -0.247813 0.91
v 0.392648 -0.237495 0.91
v 0.39629 -0.247813 0.91
v 0.375655 -0.19954 0.91
v 0.371243 -0.181472 0.91
v 0.336462 -0.27279 0.91
v 0.349487 -0.27279 0.91
v 0.376445 -0.196814 0.91
v 0.377149 -0.193144 0.91
v 0.383848 -0.181472 0.91
v 0.377429 -0.193144 0.91
v 0.378167 -0.197007 0.91
v 0.378853 -0.19954 0.91
v 0.418629 -0.27279 0.91
v 0.405604 -0.27279 0.91
v 0.375655 -0.19954 0.9
v 0.376445 -0.196814 0.9
v 0.377149 -0.193144 0.9
v 0.361999 -0.237495 0.9
v 0.392648 -0.237495 0.9
v 0.378853 -0.19954 0.9
v 0.377429 -0.193144 0.9
v 0.378167 -0.197007 0.9
v 0.202473 -0.262379 0.91
v 0.239799 -0.262379 0.91
v 0.202473 -0.231659 0.91
v 0.23513 -0.231659 0.91
v 0.23513 -0.221202 0.91
v 0.202473 -0.221202 0.91
v 0.202473 -0.191976 0.91
v 0.237721 -0.191976 0.91
v 0.237721 -0.181472 0.91
v 0.190685 -0.181472 0.91
v 0.190685 -0.27279 0.91
v 0.239799 -0.27279 0.91
v 0.063933 -0.262379 0.91
v 0.100301 -0.262379 0.91
v 0.063933 -0.181472 0.91
v 0.052144 -0.181472 0.91
v 0.052144 -0.27279 0.91
v 0.100301 -0.27279 0.91
usemtl 1
f 1// 2// 3//
f 4// 5// 6//
f 7// 8// 9//
f 9// 8// 10//
f 11// 12// 7//
f 7// 12// 13//
f 7// 13// 8//
f 14// 15// 16//
f 14// 16// 17//
f 11// 18// 12//
f 12// 18// 19//
f 12// 19// 20//
f 16// 21// 17//
f 17// 21// 22//
f 17// 22// 3//
f 3// 22// 23//
f 3// 23// 1//
f 24// 25// 26//
f 26// 25// 27//
f 28// 29// 30//
f 30// 29// 31//
f 30// 31// 8//
f 8// 31// 32//
f 8// 32// 10//
f 33// 34// 12//
f 2// 35// 3//
f 3// 35// 36//
f 3// 36// 37//
f 38// 39// 40//
f 40// 39// 41//
f 42// 43// 44//
f 30// 45// 46//
f 30// 47// 26//
f 48// 49// 50//
f 51// 52// 26//
f 26// 52// 53//
f 37// 54// 3//
f 3// 54// 55//
f 3// 55// 39//
f 39// 55// 56//
f 39// 56// 41//
f 46// 57// 30//
f 30// 57// 58//
f 30// 58// 47//
f 27// 59// 26//
f 26// 59// 60//
f 26// 60// 30//
f 30// 60// 61//
f 30// 61// 28//
f 62// 63// 64//
f 64// 63// 65//
f 64// 65// 66//
f 53// 67// 26//
f 26// 67// 68//
f 26// 68// 24//
f 69// 70// 2//
f 2// 70// 71//
f 2// 71// 35//
f 72// 73// 5//
f 5// 73// 74//
f 5// 74// 6//
f 65// 75// 66//
f 66// 75// 76//
f 66// 76// 77//
f 77// 76// 78//
f 77// 78// 6//
f 6// 78// 79//
f 6// 79// 4//
f 51// 80// 81//
f 82// 83// 84//
f 84// 83// 85//
f 84// 85// 86//
f 86// 85// 87//
f 86// 87// 88//
f 88// 87// 51//
f 88// 51// 89//
f 89// 51// 26//
f 90// 91// 49//
f 49// 91// 92//
f 49// 92// 50//
f 81// 93// 51//
f 51// 93// 94//
f 51// 94// 52//
f 38// 95// 39//
f 39// 95// 96//
f 39// 96// 72//
f 97// 98// 50//
f 50// 98// 83//
f 44// 99// 42//
f 42// 99// 91//
f 42// 91// 100//
f 100// 91// 90//
f 100// 90// 101//
f 101// 90// 62//
f 101// 62// 102//
f 102// 62// 64//
f 80// 51// 103//
f 103// 51// 104//
f 103// 104// 105//
f 105// 104// 106//
f 105// 106// 107//
f 107// 106// 108//
f 107// 108// 20//
f 20// 108// 109//
f 20// 109// 12//
f 12// 109// 110//
f 12// 110// 33//
f 42// 111// 43//
f 43// 111// 112//
f 43// 112// 2//
f 2// 112// 113//
f 2// 113// 69//
f 72// 5// 39//
f 39// 5// 114//
f 39// 114// 30//
f 30// 114// 115//
f 30// 115// 45//
f 82// 116// 83//
f 83// 116// 117//
f 83// 117// 50//
f 50// 117// 118//
f 50// 118// 48//
f 50// 119// 97//
f 97// 119// 120//
f 121// 122// 123//
f 123// 122// 124//
f 123// 124// 125//
f 125// 124// 126//
f 125// 126// 127//
f 127// 126// 128//
f 127// 128// 129//
f 129// 128// 130//
f 129// 130// 131//
f 131// 130// 132//
f 131// 132// 133//
f 133// 132// 134//
f 133// 134// 135//
f 135// 134// 12//
f 135// 12// 136//
f 136// 12// 34//
f 137// 15// 138//
f 138// 15// 14//
f 138// 14// 139//
f 139// 14// 140//
f 139// 140// 141//
f 141// 140// 142//
f 141// 142// 143//
f 143// 142// 144//
f 143// 144// 145//
f 145// 144// 146//
f 145// 146// 147//
f 147// 146// 148//
f 147// 148// 149//
f 149// 148// 150//
f 149// 150// 151//
f 151// 150// 152//
f 39// 153// 3//
f 3// 153// 154//
f 155// 156// 8//
f 8// 156// 30//
f 39// 30// 153//
f 153// 30// 156//
f 138// 157// 137//
f 137// 157// 154//
f 137// 154// 158//
f 135// 136// 159//
f 135// 159// 160//
f 159// 161// 160//
f 160// 161// 162//
f 160// 162// 155//
f 155// 162// 163//
f 164// 156// 155//
f 165// 166// 154//
f 154// 166// 167//
f 164// 168// 156//
f 156// 168// 169//
f 156// 169// 170//
f 171// 172// 153//
f 153// 172// 173//
f 167// 174// 154//
f 154// 174// 175//
f 154// 175// 158//
f 163// 176// 155//
f 155// 176// 177//
f 155// 177// 164//
f 164// 177// 178//
f 164// 178// 179//
f 179// 178// 180//
f 170// 181// 156//
f 156// 181// 182//
f 156// 182// 153//
f 153// 182// 183//
f 153// 183// 171//
f 184// 165// 185//
f 185// 165// 154//
f 185// 154// 186//
f 186// 154// 153//
f 186// 153// 187//
f 187// 153// 173//
f 119// 188// 189//
f 119// 190// 188//
f 188// 190// 191//
f 188// 191// 192//
f 192// 191// 193//
f 192// 193// 194//
f 194// 193// 195//
f 194// 195// 196//
f 196// 195// 184//
f 196// 184// 197//
f 197// 184// 185//
f 198// 199// 200//
f 200// 199// 201//
f 200// 201// 202//
f 202// 201// 203//
f 202// 203// 204//
f 204// 203// 205//
f 204// 205// 178//
f 178// 205// 206//
f 178// 206// 180//
f 198// 200// 207//
f 207// 200// 208//
f 207// 208// 189//
f 189// 208// 120//
f 189// 120// 119//
f 209// 210// 150//
f 150// 210// 152//
f 209// 150// 148//
f 209// 148// 211//
f 211// 148// 146//
f 211// 146// 212//
f 212// 146// 144//
f 212// 144// 213//
f 213// 144// 142//
f 213// 142// 214//
f 214// 142// 140//
f 214// 140// 215//
f 215// 140// 14//
f 215// 14// 17//
f 157// 138// 216//
f 216// 138// 139//
f 216// 139// 217//
f 217// 139// 141//
f 217// 141// 218//
f 218// 141// 143//
f 218// 143// 219//
f 219// 143// 145//
f 219// 145// 220//
f 220// 145// 147//
f 220// 147// 221//
f 221// 147// 149//
f 222// 221// 151//
f 151// 221// 149//
f 210// 222// 152//
f 152// 222// 151//
f 222// 210// 221//
f 221// 210// 209//
f 221// 209// 220//
f 220// 209// 211//
f 220// 211// 219//
f 219// 211// 212//
f 219// 212// 218//
f 218// 212// 213//
f 218// 213// 217//
f 217// 213// 214//
f 217// 214// 216//
f 216// 214// 215//
f 216// 215// 157//
f 157// 215// 17//
f 157// 17// 154//
f 154// 17// 3//
f 119// 50// 190//
f 190// 50// 92//
f 190// 92// 191//
f 191// 92// 91//
f 191// 91// 193//
f 193// 91// 99//
f 193// 99// 195//
f 195// 99// 44//
f 195// 44// 184//
f 184// 44// 43//
f 184// 43// 165//
f 165// 43// 2//
f 165// 2// 166//
f 166// 2// 1//
f 166// 1// 167//
f 167// 1// 23//
f 167// 23// 174//
f 174// 23// 22//
f 174// 22// 175//
f 175// 22// 21//
f 175// 21// 158//
f 158// 21// 16//
f 158// 16// 137//
f 137// 16// 15//
f 223// 224// 122//
f 122// 224// 124//
f 225// 223// 121//
f 121// 223// 122//
f 226// 225// 123//
f 123// 225// 121//
f 226// 123// 227//
f 227// 123// 125//
f 227// 125// 228//
f 228// 125// 127//
f 228// 127// 229//
f 229// 127// 129//
f 229// 129// 230//
f 230// 129// 131//
f 230// 131// 231//
f 231// 131// 133//
f 231// 133// 160//
f 160// 133// 135//
f 13// 12// 134//
f 13// 134// 232//
f 232// 134// 132//
f 232// 132// 233//
f 233// 132// 130//
f 233// 130// 234//
f 234// 130// 128//
f 234// 128// 235//
f 235// 128// 126//
f 235// 126// 236//
f 236// 126// 124//
f 236// 124// 224//
f 155// 8// 160//
f 160// 8// 13//
f 160// 13// 231//
f 231// 13// 232//
f 231// 232// 230//
f 230// 232// 233//
f 230// 233// 229//
f 229// 233// 234//
f 229// 234// 228//
f 228// 234// 235//
f 228// 235// 227//
f 227// 235// 236//
f 227// 236// 226//
f 226// 236// 224//
f 226// 224// 225//
f 225// 224// 223//
f 136// 34// 159//
f 159// 34// 33//
f 159// 33// 161//
f 161// 33// 110//
f 161// 110// 162//
f 162// 110// 109//
f 162// 109// 163//
f 163// 109// 108//
f 163// 108// 176//
f 176// 108// 106//
f 176// 106// 177//
f 177// 106// 104//
f 177// 104// 178//
f 178// 104// 51//
f 178// 51// 204//
f 204// 51// 87//
f 204// 87// 202//
f 202// 87// 85//
f 202// 85// 200//
f 200// 85// 83//
f 200// 83// 208//
f 208// 83// 98//
f 208// 98// 120//
f 120// 98// 97//
f 197// 65// 196//
f 196// 65// 63//
f 196// 63// 194//
f 194// 63// 62//
f 194// 62// 192//
f 192// 62// 90//
f 192// 90// 188//
f 188// 90// 49//
f 188// 49// 189//
f 189// 49// 48//
f 189// 48// 207//
f 207// 48// 118//
f 75// 65// 185//
f 185// 65// 197//
f 183// 114// 171//
f 171// 114// 5//
f 171// 5// 172//
f 172// 5// 4//
f 172// 4// 173//
f 173// 4// 79//
f 173// 79// 187//
f 187// 79// 78//
f 187// 78// 186//
f 186// 78// 76//
f 186// 76// 185//
f 185// 76// 75//
f 115// 114// 182//
f 182// 114// 183//
f 179// 26// 164//
f 164// 26// 47//
f 164// 47// 168//
f 168// 47// 58//
f 168// 58// 169//
f 169// 58// 57//
f 169// 57// 170//
f 170// 57// 46//
f 170// 46// 181//
f 181// 46// 45//
f 181// 45// 182//
f 182// 45// 115//
f 89// 26// 180//
f 180// 26// 179//
f 198// 117// 199//
f 199// 117// 116//
f 199// 116// 201//
f 201// 116// 82//
f 201// 82// 203//
f 203// 82// 84//
f 203// 84// 205//
f 205// 84// 86//
f 205// 86// 206//
f 206// 86// 88//
f 206// 88// 180//
f 180// 88// 89//
f 118// 117// 207//
f 207// 117// 198//
usemtl 2
f 237// 54// 37//
f 237// 37// 238//
f 238// 37// 36//
f 238// 36// 239//
f 239// 36// 35//
f 239// 35// 240//
f 240// 35// 71//
f 240// 71// 241//
f 241// 71// 70//
f 241// 70// 242//
f 242// 70// 69//
f 242// 69// 243//
f 243// 69// 244//
f 244// 69// 113//
f 244// 113// 112//
f 244// 112// 245//
f 245// 112// 111//
f 245// 111// 246//
f 246// 111// 42//
f 246// 42// 247//
f 247// 42// 100//
f 247// 100// 248//
f 248// 100// 101//
f 248// 101// 249//
f 249// 101// 102//
f 249// 102// 250//
f 250// 102// 251//
f 251// 102// 64//
f 251// 64// 66//
f 251// 66// 252//
f 252// 66// 77//
f 252// 77// 253//
f 253// 77// 6//
f 253// 6// 254//
f 254// 6// 74//
f 254// 74// 255//
f 255// 74// 73//
f 255// 73// 256//
f 256// 73// 72//
f 256// 72// 257//
f 257// 72// 258//
f 258// 72// 96//
f 258// 96// 95//
f 258// 95// 259//
f 259// 95// 38//
f 259// 38// 260//
f 260// 38// 40//
f 260// 40// 261//
f 261// 40// 41//
f 261// 41// 262//
f 262// 41// 56//
f 262// 56// 263//
f 263// 56// 55//
f 263// 55// 264//
f 264// 55// 237//
f 237// 55// 54//
f 265// 266// 267//
f 267// 266// 268//
f 250// 251// 269//
f 250// 269// 270//
f 270// 269// 271//
f 270// 271// 272//
f 272// 271// 273//
f 272// 273// 274//
f 274// 273// 275//
f 274// 275// 276//
f 276// 275// 277//
f 276// 277// 278//
f 278// 277// 268//
f 278// 268// 266//
f 252// 253// 279//
f 279// 253// 280//
f 279// 280// 281//
f 281// 280// 282//
f 281// 282// 283//
f 283// 282// 284//
f 283// 284// 285//
f 285// 284// 286//
f 285// 286// 287//
f 287// 286// 288//
f 287// 288// 268//
f 253// 254// 280//
f 280// 254// 289//
f 280// 289// 282//
f 282// 289// 290//
f 282// 290// 284//
f 284// 290// 291//
f 284// 291// 286//
f 286// 291// 292//
f 286// 292// 288//
f 288// 292// 293//
f 288// 293// 268//
f 251// 252// 269//
f 269// 252// 279//
f 269// 279// 271//
f 271// 279// 281//
f 271// 281// 273//
f 273// 281// 283//
f 273// 283// 275//
f 275// 283// 285//
f 275// 285// 277//
f 277// 285// 287//
f 277// 287// 268//
f 255// 256// 294//
f 294// 256// 295//
f 294// 295// 296//
f 296// 295// 297//
f 296// 297// 298//
f 298// 297// 299//
f 298// 299// 300//
f 300// 299// 301//
f 300// 301// 302//
f 302// 301// 303//
f 302// 303// 268//
f 256// 257// 295//
f 295// 257// 304//
f 295// 304// 297//
f 297// 304// 305//
f 297// 305// 299//
f 299// 305// 306//
f 299// 306// 301//
f 301// 306// 307//
f 301// 307// 303//
f 303// 307// 308//
f 303// 308// 268//
f 254// 255// 289//
f 289// 255// 294//
f 289// 294// 290//
f 290// 294// 296//
f 290// 296// 291//
f 291// 296// 298//
f 291// 298// 292//
f 292// 298// 300//
f 292// 300// 293//
f 293// 300// 302//
f 293// 302// 268//
f 245// 246// 309//
f 309// 246// 310//
f 309// 310// 311//
f 311// 310// 312//
f 311// 312// 313//
f 313// 312// 314//
f 313// 314// 315//
f 315// 314// 316//
f 315// 316// 317//
f 317// 316// 318//
f 317// 318// 266//
f 246// 247// 310//
f 310// 247// 319//
f 310// 319// 312//
f 312// 319// 320//
f 312// 320// 314//
f 314// 320// 321//
f 314// 321// 316//
f 316// 321// 322//
f 316// 322// 318//
f 318// 322// 323//
f 318// 323// 266//
f 244// 245// 324//
f 324// 245// 309//
f 324// 309// 325//
f 325// 309// 311//
f 325// 311// 326//
f 326// 311// 313//
f 326// 313// 327//
f 327// 313// 315//
f 327// 315// 328//
f 328// 315// 317//
f 328// 317// 266//
f 248// 249// 329//
f 329// 249// 330//
f 329// 330// 331//
f 331// 330// 332//
f 331// 332// 333//
f 333// 332// 334//
f 333// 334// 335//
f 335// 334// 336//
f 335// 336// 337//
f 337// 336// 338//
f 337// 338// 266//
f 249// 250// 330//
f 330// 250// 270//
f 330// 270// 332//
f 332// 270// 272//
f 332// 272// 334//
f 334// 272// 274//
f 334// 274// 336//
f 336// 274// 276//
f 336// 276// 338//
f 338// 276// 278//
f 338// 278// 266//
f 247// 248// 319//
f 319// 248// 329//
f 319// 329// 320//
f 320// 329// 331//
f 320// 331// 321//
f 321// 331// 333//
f 321// 333// 322//
f 322// 333// 335//
f 322// 335// 323//
f 323// 335// 337//
f 323// 337// 266//
f 257// 258// 339//
f 257// 339// 304//
f 304// 339// 340//
f 304// 340// 305//
f 305// 340// 341//
f 305// 341// 306//
f 306// 341// 342//
f 306// 342// 307//
f 307// 342// 343//
f 307// 343// 308//
f 308// 343// 267//
f 308// 267// 268//
f 243// 244// 324//
f 243// 324// 344//
f 344// 324// 325//
f 344// 325// 345//
f 345// 325// 326//
f 345// 326// 346//
f 346// 326// 327//
f 346// 327// 347//
f 347// 327// 328//
f 347// 328// 348//
f 348// 328// 266//
f 348// 266// 265//
f 259// 260// 349//
f 349// 260// 350//
f 349// 350// 351//
f 351// 350// 352//
f 351// 352// 353//
f 353// 352// 354//
f 353// 354// 355//
f 355// 354// 356//
f 355// 356// 357//
f 357// 356// 358//
f 357// 358// 267//
f 260// 261// 350//
f 350// 261// 359//
f 350// 359// 352//
f 352// 359// 360//
f 352// 360// 354//
f 354// 360// 361//
f 354// 361// 356//
f 356// 361// 362//
f 356// 362// 358//
f 358// 362// 363//
f 358// 363// 267//
f 258// 259// 339//
f 339// 259// 349//
f 339// 349// 340//
f 340// 349// 351//
f 340// 351// 341//
f 341// 351// 353//
f 341// 353// 342//
f 342// 353// 355//
f 342// 355// 343//
f 343// 355// 357//
f 343// 357// 267//
f 262// 263// 364//
f 364// 263// 365//
f 364// 365// 366//
f 366// 365// 367//
f 366// 367// 368//
f 368// 367// 369//
f 368// 369// 370//
f 370// 369// 371//
f 370// 371// 372//
f 372// 371// 373//
f 372// 373// 267//
f 263// 264// 365//
f 365// 264// 374//
f 365// 374// 367//
f 367// 374// 375//
f 367// 375// 369//
f 369// 375// 376//
f 369// 376// 371//
f 371// 376// 377//
f 371// 377// 373//
f 373// 377// 378//
f 373// 378// 267//
f 261// 262// 359//
f 359// 262// 364//
f 359// 364// 360//
f 360// 364// 366//
f 360// 366// 361//
f 361// 366// 368//
f 361// 368// 362//
f 362// 368// 370//
f 362// 370// 363//
f 363// 370// 372//
f 363// 372// 267//
f 238// 239// 379//
f 379// 239// 380//
f 379// 380// 381//
f 381// 380// 382//
f 381// 382// 383//
f 383// 382// 384//
f 383// 384// 385//
f 385// 384// 386//
f 385// 386// 387//
f 387// 386// 388//
f 387// 388// 265//
f 239// 240// 380//
f 380// 240// 389//
f 380// 389// 382//
f 382// 389// 390//
f 382// 390// 384//
f 384// 390// 391//
f 384// 391// 386//
f 386// 391// 392//
f 386// 392// 388//
f 388// 392// 393//
f 388// 393// 265//
f 237// 238// 394//
f 394// 238// 379//
f 394// 379// 395//
f 395// 379// 381//
f 395// 381// 396//
f 396// 381// 383//
f 396// 383// 397//
f 397// 383// 385//
f 397// 385// 398//
f 398// 385// 387//
f 398// 387// 265//
f 241// 242// 399//
f 399// 242// 400//
f 399// 400// 401//
f 401// 400// 402//
f 401// 402// 403//
f 403// 402// 404//
f 403// 404// 405//
f 405// 404// 406//
f 405// 406// 407//
f 407// 406// 408//
f 407// 408// 265//
f 242// 243// 400//
f 400// 243// 344//
f 400// 344// 402//
f 402// 344// 345//
f 402// 345// 404//
f 404// 345// 346//
f 404// 346// 406//
f 406// 346// 347//
f 406// 347// 408//
f 408// 347// 348//
f 408// 348// 265//
f 240// 241// 389//
f 389// 241// 399//
f 389// 399// 390//
f 390// 399// 401//
f 390// 401// 391//
f 391// 401// 403//
f 391// 403// 392//
f 392// 403// 405//
f 392// 405// 393//
f 393// 405// 407//
f 393// 407// 265//
f 264// 237// 394//
f 264// 394// 374//
f 374// 394// 395//
f 374// 395// 375//
f 375// 395// 396//
f 375// 396// 376//
f 376// 396// 397//
f 376// 397// 377//
f 377// 397// 398//
f 377// 398// 378//
f 378// 398// 265//
f 378// 265// 267//
f 409// 105// 107//
f 409// 107// 410//
f 410// 107// 20//
f 410// 20// 411//
f 411// 20// 19//
f 411// 19// 412//
f 412// 19// 18//
f 412// 18// 413//
f 413// 18// 11//
f 413// 11// 414//
f 414// 11// 7//
f 414// 7// 415//
f 415// 7// 416//
f 416// 7// 9//
f 416// 9// 10//
f 416// 10// 417//
f 417// 10// 32//
f 417// 32// 418//
f 418// 32// 31//
f 418// 31// 419//
f 419// 31// 29//
f 419// 29// 420//
f 420// 29// 28//
f 420// 28// 421//
f 421// 28// 61//
f 421// 61// 422//
f 422// 61// 423//
f 423// 61// 60//
f 423// 60// 59//
f 423// 59// 424//
f 424// 59// 27//
f 424// 27// 425//
f 425// 27// 25//
f 425// 25// 426//
f 426// 25// 24//
f 426// 24// 427//
f 427// 24// 68//
f 427// 68// 428//
f 428// 68// 67//
f 428// 67// 429//
f 429// 67// 430//
f 430// 67// 53//
f 430// 53// 52//
f 430// 52// 431//
f 431// 52// 94//
f 431// 94// 432//
f 432// 94// 93//
f 432// 93// 433//
f 433// 93// 81//
f 433// 81// 434//
f 434// 81// 80//
f 434// 80// 435//
f 435// 80// 103//
f 435// 103// 436//
f 436// 103// 409//
f 409// 103// 105//
f 437// 438// 439//
f 439// 438// 440//
f 422// 423// 441//
f 422// 441// 442//
f 442// 441// 443//
f 442// 443// 444//
f 444// 443// 445//
f 444// 445// 446//
f 446// 445// 447//
f 446// 447// 448//
f 448// 447// 449//
f 448// 449// 450//
f 450// 449// 440//
f 450// 440// 438//
f 417// 418// 451//
f 451// 418// 452//
f 451// 452// 453//
f 453// 452// 454//
f 453// 454// 455//
f 455// 454// 456//
f 455// 456// 457//
f 457// 456// 458//
f 457// 458// 459//
f 459// 458// 460//
f 459// 460// 438//
f 418// 419// 452//
f 452// 419// 461//
f 452// 461// 454//
f 454// 461// 462//
f 454// 462// 456//
f 456// 462// 463//
f 456// 463// 458//
f 458// 463// 464//
f 458// 464// 460//
f 460// 464// 465//
f 460// 465// 438//
f 416// 417// 466//
f 466// 417// 451//
f 466// 451// 467//
f 467// 451// 453//
f 467// 453// 468//
f 468// 453// 455//
f 468// 455// 469//
f 469// 455// 457//
f 469// 457// 470//
f 470// 457// 459//
f 470// 459// 438//
f 420// 421// 471//
f 471// 421// 472//
f 471// 472// 473//
f 473// 472// 474//
f 473// 474// 475//
f 475// 474// 476//
f 475// 476// 477//
f 477// 476// 478//
f 477// 478// 479//
f 479// 478// 480//
f 479// 480// 438//
f 421// 422// 472//
f 472// 422// 442//
f 472// 442// 474//
f 474// 442// 444//
f 474// 444// 476//
f 476// 444// 446//
f 476// 446// 478//
f 478// 446// 448//
f 478// 448// 480//
f 480// 448// 450//
f 480// 450// 438//
f 419// 420// 461//
f 461// 420// 471//
f 461// 471// 462//
f 462// 471// 473//
f 462// 473// 463//
f 463// 473// 475//
f 463// 475// 464//
f 464// 475// 477//
f 464// 477// 465//
f 465// 477// 479//
f 465// 479// 438//
f 424// 425// 481//
f 481// 425// 482//
f 481// 482// 483//
f 483// 482// 484//
f 483// 484// 485//
f 485// 484// 486//
f 485// 486// 487//
f 487// 486// 488//
f 487// 488// 489//
f 489// 488// 490//
f 489// 490// 440//
f 425// 426// 482//
f 482// 426// 491//
f 482// 491// 484//
f 484// 491// 492//
f 484// 492// 486//
f 486// 492// 493//
f 486// 493// 488//
f 488// 493// 494//
f 488// 494// 490//
f 490// 494// 495//
f 490// 495// 440//
f 423// 424// 441//
f 441// 424// 481//
f 441// 481// 443//
f 443// 481// 483//
f 443// 483// 445//
f 445// 483// 485//
f 445// 485// 447//
f 447// 485// 487//
f 447// 487// 449//
f 449// 487// 489//
f 449// 489// 440//
f 427// 428// 496//
f 496// 428// 497//
f 496// 497// 498//
f 498// 497// 499//
f 498// 499// 500//
f 500// 499// 501//
f 500// 501// 502//
f 502// 501// 503//
f 502// 503// 504//
f 504// 503// 505//
f 504// 505// 440//
f 428// 429// 497//
f 497// 429// 506//
f 497// 506// 499//
f 499// 506// 507//
f 499// 507// 501//
f 501// 507// 508//
f 501// 508// 503//
f 503// 508// 509//
f 503// 509// 505//
f 505// 509// 510//
f 505// 510// 440//
f 426// 427// 491//
f 491// 427// 496//
f 491// 496// 492//
f 492// 496// 498//
f 492// 498// 493//
f 493// 498// 500//
f 493// 500// 494//
f 494// 500// 502//
f 494// 502// 495//
f 495// 502// 504//
f 495// 504// 440//
f 415// 416// 466//
f 415// 466// 511//
f 511// 466// 467//
f 511// 467// 512//
f 512// 467// 468//
f 512// 468// 513//
f 513// 468// 469//
f 513// 469// 514//
f 514// 469// 470//
f 514// 470// 515//
f 515// 470// 438//
f 515// 438// 437//
f 429// 430// 516//
f 429// 516// 506//
f 506// 516// 517//
f 506// 517// 507//
f 507// 517// 518//
f 507// 518// 508//
f 508// 518// 519//
f 508// 519// 509//
f 509// 519// 520//
f 509// 520// 510//
f 510// 520// 439//
f 510// 439// 440//
f 410// 411// 521//
f 521// 411// 522//
f 521// 522// 523//
f 523// 522// 524//
f 523// 524// 525//
f 525// 524// 526//
f 525// 526// 527//
f 527// 526// 528//
f 527// 528// 529//
f 529// 528// 530//
f 529// 530// 437//
f 411// 412// 522//
f 522// 412// 531//
f 522// 531// 524//
f 524// 531// 532//
f 524// 532// 526//
f 526// 532// 533//
f 526// 533// 528//
f 528// 533// 534//
f 528// 534// 530//
f 530// 534// 535//
f 530// 535// 437//
f 409// 410// 536//
f 536// 410// 521//
f 536// 521// 537//
f 537// 521// 523//
f 537// 523// 538//
f 538// 523// 525//
f 538// 525// 539//
f 539// 525// 527//
f 539// 527// 540//
f 540// 527// 529//
f 540// 529// 437//
f 413// 414// 541//
f 541// 414// 542//
f 541// 542// 543//
f 543// 542// 544//
f 543// 544// 545//
f 545// 544// 546//
f 545// 546// 547//
f 547// 546// 548//
f 547// 548// 549//
f 549// 548// 550//
f 549// 550// 437//
f 414// 415// 542//
f 542// 415// 511//
f 542// 511// 544//
f 544// 511// 512//
f 544// 512// 546//
f 546// 512// 513//
f 546// 513// 548//
f 548// 513// 514//
f 548// 514// 550//
f 550// 514// 515//
f 550// 515// 437//
f 412// 413// 531//
f 531// 413// 541//
f 531// 541// 532//
f 532// 541// 543//
f 532// 543// 533//
f 533// 543// 545//
f 533// 545// 534//
f 534// 545// 547//
f 534// 547// 535//
f 535// 547// 549//
f 535// 549// 437//
f 431// 432// 551//
f 551// 432// 552//
f 551// 552// 553//
f 553// 552// 554//
f 553// 554// 555//
f 555// 554// 556//
f 555// 556// 557//
f 557// 556// 558//
f 557// 558// 559//
f 559// 558// 560//
f 559// 560// 439//
f 432// 433// 552//
f 552// 433// 561//
f 552// 561// 554//
f 554// 561// 562//
f 554// 562// 556//
f 556// 562// 563//
f 556// 563// 558//
f 558// 563// 564//
f 558// 564// 560//
f 560// 564// 565//
f 560// 565// 439//
f 430// 431// 516//
f 516// 431// 551//
f 516// 551// 517//
f 517// 551// 553//
f 517// 553// 518//
f 518// 553// 555//
f 518// 555// 519//
f 519// 555// 557//
f 519// 557// 520//
f 520// 557// 559//
f 520// 559// 439//
f 434// 435// 566//
f 566// 435// 567//
f 566// 567// 568//
f 568// 567// 569//
f 568// 569// 570//
f 570// 569// 571//
f 570// 571// 572//
f 572// 571// 573//
f 572// 573// 574//
f 574// 573// 575//
f 574// 575// 439//
f 435// 436// 567//
f 567// 436// 576//
f 567// 576// 569//
f 569// 576// 577//
f 569// 577// 571//
f 571// 577// 578//
f 571// 578// 573//
f 573// 578// 579//
f 573// 579// 575//
f 575// 579// 580//
f 575// 580// 439//
f 433// 434// 561//
f 561// 434// 566//
f 561// 566// 562//
f 562// 566// 568//
f 562// 568// 563//
f 563// 568// 570//
f 563// 570// 564//
f 564// 570// 572//
f 564// 572// 565//
f 565// 572// 574//
f 565// 574// 439//
f 436// 409// 536//
f 436// 536// 576//
f 576// 536// 537//
f 576// 537// 577//
f 577// 537// 538//
f 577// 538// 578//
f 578// 538// 539//
f 578// 539// 579//
f 579// 539// 540//
f 579// 540// 580//
f 580// 540// 437//
f 580// 437// 439//
usemtl 1
f 581// 582// 583//
f 583// 582// 584//
f 582// 585// 584//
f 584// 585// 586//
f 585// 587// 586//
f 586// 587// 588//
f 587// 589// 588//
f 588// 589// 590//
f 589// 591// 590//
f 590// 591// 592//
f 591// 593// 592//
f 592// 593// 594//
f 581// 583// 595//
f 581// 595// 596//
f 596// 595// 597//
f 596// 597// 598//
f 598// 597// 599//
f 598// 599// 600//
f 600// 599// 601//
f 600// 601// 602//
f 602// 601// 603//
f 602// 603// 604//
f 604// 603// 605//
f 604// 605// 606//
f 606// 605// 607//
f 606// 607// 608//
f 608// 607// 594//
f 608// 594// 593//
f 587// 585// 582//
f 604// 606// 587//
f 591// 589// 593//
f 593// 589// 587//
f 593// 587// 608//
f 608// 587// 606//
f 582// 581// 587//
f 587// 581// 596//
f 587// 596// 598//
f 598// 600// 587//
f 587// 600// 602//
f 587// 602// 604//
f 603// 601// 588//
f 584// 586// 583//
f 583// 586// 588//
f 583// 588// 595//
f 590// 592// 588//
f 588// 592// 594//
f 601// 599// 588//
f 588// 599// 597//
f 588// 597// 595//
f 594// 607// 588//
f 588// 607// 605//
f 588// 605// 603//
f 609// 610// 611//
f 611// 610// 612//
f 613// 609// 614//
f 614// 609// 611//
f 615// 613// 616//
f 616// 613// 614//
f 617// 615// 618//
f 618// 615// 616//
f 619// 617// 620//
f 620// 617// 618//
f 621// 619// 622//
f 622// 619// 620//
f 621// 622// 623//
f 621// 623// 624//
f 624// 623// 625//
f 624// 625// 626//
f 626// 625// 627//
f 626// 627// 628//
f 628// 627// 629//
f 628// 629// 630//
f 630// 629// 631//
f 630// 631// 632//
f 632// 631// 633//
f 632// 633// 634//
f 634// 633// 635//
f 634// 635// 636//
f 636// 635// 612//
f 636// 612// 610//
f 630// 632// 615//
f 615// 632// 634//
f 617// 619// 615//
f 615// 619// 621//
f 615// 621// 624//
f 609// 613// 610//
f 610// 613// 615//
f 610// 615// 636//
f 636// 615// 634//
f 624// 626// 615//
f 615// 626// 628//
f 615// 628// 630//
f 616// 614// 611//
f 627// 625// 616//
f 620// 618// 622//
f 622// 618// 616//
f 622// 616// 623//
f 623// 616// 625//
f 611// 612// 616//
f 616// 612// 635//
f 616// 635// 633//
f 633// 631// 616//
f 616// 631// 629//
f 616// 629// 627//
usemtl 2
f 153// 637// 638//
f 639// 640// 641//
f 642// 643// 644//
f 645// 646// 647//
f 648// 649// 650//
f 651// 652// 653//
f 653// 652// 654//
f 655// 656// 657//
f 657// 656// 658//
f 657// 658// 659//
f 659// 658// 660//
f 661// 662// 663//
f 663// 662// 664//
f 663// 664// 654//
f 654// 664// 665//
f 654// 665// 653//
f 666// 667// 668//
f 665// 659// 653//
f 653// 659// 660//
f 653// 660// 669//
f 669// 660// 670//
f 669// 670// 668//
f 668// 670// 671//
f 668// 671// 666//
f 672// 673// 651//
f 651// 673// 674//
f 651// 674// 652//
f 675// 676// 677//
f 678// 679// 680//
f 681// 682// 683//
f 677// 676// 684//
f 684// 676// 685//
f 684// 685// 686//
f 686// 685// 687//
f 686// 687// 688//
f 682// 681// 688//
f 688// 681// 689//
f 688// 689// 686//
f 690// 691// 692//
f 692// 691// 693//
f 692// 693// 694//
f 694// 695// 692//
f 692// 695// 696//
f 692// 696// 697//
f 697// 698// 692//
f 692// 698// 699//
f 692// 699// 700//
f 700// 701// 692//
f 692// 701// 702//
f 692// 702// 703//
f 703// 702// 704//
f 704// 702// 705//
f 705// 702// 706//
f 705// 706// 707//
f 707// 708// 705//
f 705// 708// 709//
f 705// 709// 710//
f 710// 709// 711//
f 690// 692// 712//
f 712// 692// 713//
f 712// 713// 714//
f 714// 713// 667//
f 714// 667// 672//
f 672// 667// 666//
f 672// 666// 673//
f 715// 716// 717//
f 717// 716// 718//
f 717// 718// 672//
f 672// 718// 719//
f 672// 719// 714//
f 720// 721// 722//
f 722// 721// 723//
f 724// 725// 726//
f 726// 727// 724//
f 724// 727// 728//
f 724// 728// 729//
f 650// 649// 730//
f 730// 649// 731//
f 730// 731// 732//
f 732// 733// 734//
f 734// 733// 735//
f 734// 735// 724//
f 724// 735// 736//
f 724// 736// 725//
f 737// 738// 650//
f 650// 738// 739//
f 739// 740// 650//
f 650// 740// 741//
f 650// 741// 648//
f 742// 743// 744//
f 745// 742// 746//
f 713// 747// 667//
f 667// 747// 748//
f 667// 748// 749//
f 749// 748// 750//
f 749// 750// 751//
f 752// 753// 754//
f 755// 756// 757//
f 758// 759// 757//
f 757// 759// 760//
f 757// 760// 761//
f 753// 762// 754//
f 754// 762// 763//
f 754// 763// 764//
f 764// 763// 765//
f 766// 767// 765//
f 765// 767// 768//
f 765// 768// 764//
f 769// 770// 771//
f 771// 770// 772//
f 773// 774// 770//
f 770// 774// 775//
f 746// 776// 777//
f 769// 778// 770//
f 770// 778// 779//
f 770// 779// 773//
f 744// 780// 781//
f 742// 744// 746//
f 746// 744// 782//
f 746// 782// 783//
f 783// 784// 746//
f 746// 784// 785//
f 746// 785// 776//
f 786// 787// 765//
f 765// 787// 788//
f 765// 788// 789//
f 752// 754// 781//
f 781// 754// 790//
f 781// 790// 744//
f 744// 790// 791//
f 744// 791// 782//
f 777// 792// 746//
f 746// 792// 793//
f 746// 793// 794//
f 789// 795// 765//
f 765// 795// 796//
f 765// 796// 766//
f 797// 798// 799//
f 799// 798// 800//
f 799// 800// 801//
f 802// 803// 804//
f 804// 803// 805//
f 804// 805// 806//
f 807// 808// 809//
f 809// 808// 810//
f 809// 810// 811//
f 811// 810// 806//
f 811// 806// 812//
f 812// 806// 805//
f 813// 814// 815//
f 815// 814// 816//
f 815// 816// 817//
f 818// 819// 820//
f 821// 822// 823//
f 824// 825// 826//
f 826// 825// 827//
f 826// 827// 828//
f 828// 827// 821//
f 828// 821// 829//
f 829// 821// 823//
f 647// 830// 644//
f 644// 830// 831//
f 644// 831// 832//
f 832// 831// 825//
f 825// 831// 833//
f 825// 833// 827//
f 834// 830// 835//
f 835// 830// 647//
f 835// 647// 836//
f 836// 647// 646//
f 837// 838// 839//
f 840// 841// 842//
f 842// 841// 843//
f 842// 843// 837//
f 837// 843// 844//
f 837// 844// 838//
f 845// 846// 647//
f 647// 846// 847//
f 647// 847// 645//
f 848// 849// 850//
f 848// 850// 851//
f 849// 852// 850//
f 850// 852// 853//
f 850// 853// 842//
f 842// 853// 854//
f 842// 854// 840//
f 855// 856// 857//
f 858// 859// 860//
f 644// 861// 862//
f 863// 864// 644//
f 644// 864// 865//
f 644// 865// 861//
f 859// 866// 860//
f 860// 866// 867//
f 860// 867// 832//
f 856// 863// 857//
f 857// 863// 644//
f 857// 644// 868//
f 868// 644// 832//
f 868// 832// 869//
f 869// 832// 867//
f 862// 870// 644//
f 644// 870// 871//
f 644// 871// 642//
f 872// 873// 874//
f 874// 873// 875//
f 874// 875// 876//
f 874// 877// 872//
f 872// 877// 878//
f 872// 878// 879//
f 879// 880// 872//
f 872// 880// 881//
f 872// 881// 882//
f 882// 881// 883//
f 882// 883// 884//
f 884// 883// 885//
f 884// 885// 857//
f 857// 885// 886//
f 857// 886// 855//
f 887// 888// 876//
f 876// 888// 889//
f 876// 889// 874//
f 890// 891// 746//
f 892// 893// 894//
f 891// 895// 746//
f 746// 895// 896//
f 746// 896// 860//
f 860// 896// 897//
f 860// 897// 858//
f 898// 899// 900//
f 892// 894// 901//
f 893// 890// 894//
f 894// 890// 746//
f 894// 746// 755//
f 755// 746// 794//
f 755// 794// 756//
f 898// 900// 894//
f 894// 900// 902//
f 894// 902// 901//
f 903// 904// 899//
f 899// 904// 905//
f 899// 905// 900//
f 903// 906// 904//
f 904// 906// 907//
f 904// 907// 908//
f 908// 907// 909//
f 908// 910// 911//
f 909// 912// 908//
f 908// 912// 913//
f 908// 913// 914//
f 914// 915// 908//
f 908// 915// 916//
f 908// 916// 910//
f 911// 917// 908//
f 908// 917// 918//
f 908// 918// 919//
f 920// 921// 922//
f 922// 921// 923//
f 922// 923// 755//
f 755// 923// 924//
f 755// 924// 894//
f 925// 926// 643//
f 643// 926// 837//
f 643// 837// 644//
f 644// 837// 839//
f 644// 839// 647//
f 647// 839// 927//
f 647// 927// 845//
f 928// 929// 930//
f 930// 929// 931//
f 930// 931// 932//
f 932// 933// 930//
f 930// 933// 934//
f 930// 934// 935//
f 936// 937// 938//
f 936// 938// 939//
f 939// 938// 156//
f 939// 156// 940//
f 940// 156// 941//
f 941// 156// 942//
f 941// 942// 943//
f 942// 944// 943//
f 943// 944// 945//
f 943// 945// 946//
f 946// 945// 947//
f 946// 947// 948//
f 949// 950// 942//
f 942// 950// 951//
f 942// 951// 944//
f 952// 953// 954//
f 954// 955// 952//
f 952// 955// 956//
f 952// 956// 942//
f 942// 956// 957//
f 942// 957// 949//
f 958// 959// 960//
f 960// 959// 961//
f 960// 961// 962//
f 962// 963// 960//
f 960// 963// 964//
f 960// 964// 953//
f 953// 964// 965//
f 953// 965// 954//
f 966// 958// 967//
f 967// 958// 960//
f 967// 960// 968//
f 968// 960// 969//
f 807// 809// 960//
f 960// 809// 970//
f 960// 970// 969//
f 971// 972// 973//
f 972// 974// 973//
f 973// 974// 975//
f 973// 975// 976//
f 977// 978// 979//
f 979// 978// 980//
f 981// 982// 983//
f 984// 985// 986//
f 986// 985// 987//
f 981// 983// 988//
f 989// 990// 985//
f 985// 990// 991//
f 985// 991// 992//
f 993// 994// 995//
f 995// 994// 996//
f 995// 996// 997//
f 982// 998// 983//
f 983// 998// 999//
f 983// 999// 1000//
f 1001// 1002// 1003//
f 1003// 1002// 1004//
f 1003// 1004// 1005//
f 1006// 992// 1007//
f 1007// 992// 1008//
f 1007// 1008// 1003//
f 1003// 1008// 1009//
f 1003// 1009// 1001//
f 1006// 1010// 992//
f 992// 1010// 1011//
f 992// 1011// 985//
f 985// 1011// 1012//
f 985// 1012// 987//
f 997// 1013// 995//
f 995// 1013// 1014//
f 995// 1014// 1015//
f 1016// 1017// 1018//
f 1018// 1017// 1019//
f 1018// 1019// 983//
f 983// 1019// 1020//
f 983// 1020// 988//
f 1021// 1022// 983//
f 983// 1022// 1023//
f 983// 1023// 985//
f 985// 1023// 1024//
f 985// 1024// 989//
f 1025// 1026// 971//
f 1026// 1027// 971//
f 971// 1027// 1028//
f 971// 1028// 1029//
f 1029// 1030// 971//
f 971// 1030// 1031//
f 971// 1031// 1032//
f 1032// 1031// 1016//
f 1032// 1016// 1033//
f 1033// 1016// 1018//
f 1000// 1034// 983//
f 983// 1034// 1035//
f 983// 1035// 1036//
f 1036// 1037// 983//
f 983// 1037// 1038//
f 983// 1038// 1021//
f 1039// 1040// 1041//
f 1041// 992// 1039//
f 1039// 992// 991//
f 1039// 991// 1042//
f 1042// 991// 1043//
f 1043// 1044// 1042//
f 1042// 1044// 1045//
f 1042// 1045// 1046//
f 1047// 1048// 1049//
f 1048// 1050// 1049//
f 1049// 1050// 1051//
f 1049// 1051// 1052//
f 1053// 1049// 1054//
f 1040// 1039// 1053//
f 1053// 1039// 1055//
f 1053// 1055// 1049//
f 1049// 1055// 1056//
f 1049// 1056// 1047//
f 1054// 1057// 1053//
f 1053// 1057// 1058//
f 1053// 1058// 1059//
f 1052// 1051// 1060//
f 1060// 1051// 1061//
f 1060// 1061// 1062//
f 1062// 1061// 1063//
f 1062// 1063// 1064//
f 1065// 1066// 1059//
f 1059// 1066// 1067//
f 1059// 1067// 1053//
f 1068// 1069// 1070//
f 1070// 1069// 1071//
f 1070// 1071// 1072//
f 1073// 1074// 1075//
f 1073// 1076// 1077//
f 1077// 1076// 1078//
f 1077// 1078// 1079//
f 1079// 1078// 1080//
f 1079// 1080// 1081//
f 1082// 1083// 1084//
f 1084// 1083// 1085//
f 1084// 1085// 1075//
f 1075// 1085// 1086//
f 1075// 1086// 1073//
f 1073// 1086// 1072//
f 1073// 1072// 1076//
f 1076// 1072// 1071//
f 935// 639// 930//
f 930// 639// 641//
f 930// 641// 1087//
f 1087// 641// 730//
f 1087// 730// 1088//
f 732// 734// 730//
f 730// 734// 1089//
f 730// 1089// 1088//
f 1087// 1090// 930//
f 930// 1090// 1091//
f 930// 1091// 734//
f 734// 1091// 1092//
f 734// 1092// 1089//
f 1093// 1094// 979//
f 979// 1094// 1095//
f 1096// 1097// 1098//
f 1098// 1097// 1093//
f 1098// 1093// 995//
f 995// 1093// 979//
f 995// 979// 993//
f 993// 979// 980//
f 1099// 1100// 1101//
f 1102// 1103// 1104//
f 1104// 1103// 1096//
f 1101// 1105// 1099//
f 1099// 1105// 1095//
f 1099// 1095// 1106//
f 1106// 1095// 1094//
f 937// 928// 938//
f 938// 928// 930//
f 938// 930// 1107//
f 1107// 930// 734//
f 1107// 734// 723//
f 723// 734// 724//
f 723// 724// 722//
f 722// 724// 729//
f 640// 977// 641//
f 641// 977// 979//
f 641// 979// 730//
f 730// 979// 1095//
f 730// 1095// 650//
f 650// 1095// 744//
f 650// 744// 737//
f 737// 744// 743//
f 775// 780// 770//
f 770// 780// 744//
f 770// 744// 1098//
f 1098// 744// 1095//
f 1098// 1095// 1096//
f 1096// 1095// 1105//
f 1096// 1105// 1104//
f 797// 772// 798//
f 798// 772// 770//
f 798// 770// 1108//
f 1108// 770// 1098//
f 1108// 1098// 973//
f 973// 1098// 995//
f 973// 995// 971//
f 971// 995// 1015//
f 971// 1015// 1025//
f 761// 1109// 757//
f 757// 1109// 801//
f 757// 801// 755//
f 755// 801// 800//
f 755// 800// 922//
f 922// 800// 926//
f 922// 926// 920//
f 920// 926// 925//
f 751// 745// 749//
f 749// 745// 746//
f 749// 746// 667//
f 667// 746// 860//
f 667// 860// 668//
f 668// 860// 832//
f 668// 832// 669//
f 669// 832// 825//
f 669// 825// 677//
f 1110// 1111// 677//
f 677// 1111// 1112//
f 677// 1112// 1113//
f 653// 1114// 684//
f 684// 1114// 1115//
f 684// 1115// 1116//
f 1113// 1117// 677//
f 677// 1117// 1118//
f 677// 1118// 669//
f 669// 1118// 1119//
f 669// 1119// 653//
f 653// 1119// 1120//
f 653// 1120// 1114//
f 1116// 1121// 684//
f 684// 1121// 1122//
f 684// 1122// 1123//
f 1123// 1124// 684//
f 684// 1124// 1125//
f 684// 1125// 677//
f 677// 1125// 1126//
f 677// 1126// 1110//
f 678// 820// 1073//
f 1073// 820// 819//
f 1073// 819// 1074//
f 720// 715// 721//
f 721// 715// 717//
f 721// 717// 1127//
f 1127// 717// 672//
f 1127// 672// 1128//
f 1128// 672// 651//
f 1128// 651// 1129//
f 1129// 651// 653//
f 1129// 653// 1130//
f 1130// 653// 684//
f 1130// 684// 1131//
f 1131// 684// 686//
f 1131// 686// 1132//
f 1132// 686// 689//
f 1133// 1134// 1135//
f 1136// 1137// 1138//
f 1138// 1137// 1139//
f 1138// 1139// 1140//
f 1140// 1141// 1138//
f 1138// 1141// 1142//
f 1138// 1142// 1077//
f 1077// 1142// 1143//
f 1077// 1143// 1073//
f 1073// 1143// 1144//
f 1073// 1144// 1145//
f 1146// 679// 683//
f 683// 679// 678//
f 683// 678// 681//
f 681// 678// 1073//
f 681// 1073// 1135//
f 1135// 1073// 1145//
f 1135// 1145// 1133//
f 1134// 1147// 1135//
f 1135// 1147// 1148//
f 1135// 1148// 1149//
f 1149// 1150// 1135//
f 1135// 1150// 1151//
f 1135// 1151// 1138//
f 1138// 1151// 1152//
f 1138// 1152// 1136//
f 1153// 1154// 1138//
f 1155// 1156// 1157//
f 1138// 1154// 1135//
f 1135// 1154// 1158//
f 1135// 1158// 1159//
f 1157// 1153// 1155//
f 1155// 1153// 1138//
f 1155// 1138// 1160//
f 1160// 1138// 1161//
f 1160// 1161// 1159//
f 1159// 1161// 1162//
f 1159// 1162// 1135//
f 1135// 1162// 1163//
f 1135// 1163// 681//
f 681// 1163// 638//
f 681// 638// 689//
f 689// 638// 637//
f 689// 637// 1132//
f 976// 802// 973//
f 973// 802// 804//
f 973// 804// 1108//
f 1108// 804// 1164//
f 1108// 1164// 798//
f 798// 1164// 1165//
f 798// 1165// 800//
f 800// 1165// 1166//
f 800// 1166// 926//
f 926// 1166// 1167//
f 926// 1167// 837//
f 837// 1167// 1168//
f 837// 1168// 842//
f 842// 1168// 1169//
f 842// 1169// 850//
f 850// 1169// 1170//
f 850// 1170// 1171//
f 1171// 1170// 1172//
f 1171// 1172// 1173//
f 1173// 1172// 1174//
f 1173// 1174// 816//
f 816// 1174// 1175//
f 816// 1175// 817//
f 153// 638// 1176//
f 1176// 638// 1163//
f 1176// 1163// 1177//
f 1177// 1163// 1162//
f 1177// 1162// 1178//
f 1178// 1162// 1161//
f 1178// 1161// 1179//
f 680// 675// 678//
f 678// 675// 677//
f 678// 677// 820//
f 820// 677// 825//
f 820// 825// 818//
f 818// 825// 824//
f 818// 824// 1081//
f 1081// 824// 851//
f 1081// 851// 1079//
f 1079// 851// 850//
f 1079// 850// 1077//
f 1077// 850// 1171//
f 1077// 1171// 1138//
f 1138// 1171// 1173//
f 1138// 1173// 1161//
f 1161// 1173// 816//
f 1161// 816// 1179//
f 1179// 816// 814//
f 1180// 1181// 817//
f 806// 1182// 1183//
f 1184// 1185// 1183//
f 1183// 1185// 1180//
f 1183// 1180// 806//
f 806// 1180// 817//
f 1186// 1187// 1188//
f 1188// 1187// 1189//
f 1188// 1189// 1190//
f 1191// 1192// 1193//
f 1193// 1192// 1194//
f 1193// 1194// 1195//
f 1196// 1197// 1198//
f 1198// 1197// 1199//
f 1200// 1201// 1193//
f 1193// 1201// 1202//
f 1193// 1202// 1191//
f 1203// 1204// 1205//
f 1205// 1204// 1206//
f 1205// 1206// 1207//
f 1208// 1184// 1209//
f 1209// 1184// 1205//
f 1209// 1205// 1210//
f 1210// 1205// 1207//
f 1193// 1211// 1212//
f 1212// 1213// 1193//
f 1193// 1213// 1214//
f 1193// 1214// 1198//
f 1198// 1214// 1215//
f 1198// 1215// 1196//
f 1188// 1185// 1186//
f 1186// 1185// 1184//
f 1186// 1184// 1216//
f 1216// 1184// 1208//
f 1199// 1217// 1198//
f 1198// 1217// 1218//
f 1198// 1218// 1219//
f 1220// 1221// 1222//
f 1190// 1223// 1188//
f 1188// 1223// 1224//
f 1188// 1224// 1200//
f 1200// 1224// 1225//
f 1200// 1225// 1201//
f 1205// 1226// 1227//
f 1218// 1228// 1219//
f 1219// 1228// 1229//
f 1219// 1229// 1205//
f 1205// 1229// 1230//
f 1205// 1230// 1226//
f 1195// 1231// 1193//
f 1193// 1231// 1232//
f 1193// 1232// 1222//
f 1221// 1233// 1222//
f 1222// 1233// 1234//
f 1222// 1234// 1193//
f 1193// 1234// 1235//
f 1193// 1235// 1211//
f 1227// 1236// 1205//
f 1205// 1236// 1237//
f 1205// 1237// 1203//
f 1203// 1237// 1238//
f 1203// 1238// 1222//
f 1222// 1238// 1239//
f 1222// 1239// 1220//
f 1200// 1193// 1240//
f 1240// 1193// 1241//
f 1242// 1243// 1244//
f 1245// 815// 817//
f 1244// 1246// 1242//
f 1242// 1246// 1245//
f 1242// 1245// 1181//
f 1181// 1245// 817//
f 1241// 1244// 1240//
f 1240// 1244// 1243//
f 1247// 1248// 813//
f 813// 1248// 153//
f 1245// 1246// 1247//
f 1247// 1246// 1248//
f 1249// 1250// 1246//
f 1251// 156// 1252//
f 1252// 156// 153//
f 1253// 1254// 1244//
f 1244// 1254// 1255//
f 1241// 1193// 1244//
f 1244// 1193// 1256//
f 1244// 1256// 1253//
f 1248// 1246// 153//
f 153// 1246// 1257//
f 153// 1257// 1252//
f 1251// 1258// 156//
f 156// 1258// 1259//
f 156// 1259// 1260//
f 1250// 1261// 1246//
f 1246// 1261// 1262//
f 1246// 1262// 1257//
f 1198// 1263// 1264//
f 1260// 1265// 156//
f 156// 1265// 1266//
f 156// 1266// 1267//
f 1267// 1266// 1268//
f 1267// 1268// 1269//
f 1269// 1268// 1264//
f 1268// 1270// 1264//
f 1264// 1270// 1271//
f 1264// 1271// 1272//
f 1255// 1273// 1244//
f 1244// 1273// 1274//
f 1244// 1274// 1246//
f 1246// 1274// 1275//
f 1246// 1275// 1249//
f 1264// 1276// 1198//
f 1198// 1276// 1277//
f 1198// 1277// 1193//
f 1193// 1277// 1278//
f 1193// 1278// 1256//
f 1272// 1279// 1264//
f 1264// 1279// 1280//
f 1264// 1280// 1276//
f 156// 1267// 808//
f 808// 1267// 1281//
usemtl 3
f 1282// 1252// 1257//
f 1282// 1257// 1283//
f 1283// 1257// 1262//
f 1283// 1262// 1284//
f 1284// 1262// 1261//
f 1284// 1261// 1285//
f 1285// 1261// 1250//
f 1285// 1250// 1286//
f 1286// 1250// 1249//
f 1286// 1249// 1287//
f 1287// 1249// 1275//
f 1287// 1275// 1288//
f 1288// 1275// 1289//
f 1289// 1275// 1274//
f 1289// 1274// 1273//
f 1289// 1273// 1290//
f 1290// 1273// 1255//
f 1290// 1255// 1291//
f 1291// 1255// 1254//
f 1291// 1254// 1292//
f 1292// 1254// 1253//
f 1292// 1253// 1293//
f 1293// 1253// 1256//
f 1293// 1256// 1294//
f 1294// 1256// 1278//
f 1294// 1278// 1295//
f 1295// 1278// 1296//
f 1296// 1278// 1277//
f 1296// 1277// 1276//
f 1296// 1276// 1297//
f 1297// 1276// 1280//
f 1297// 1280// 1298//
f 1298// 1280// 1279//
f 1298// 1279// 1299//
f 1299// 1279// 1272//
f 1299// 1272// 1300//
f 1300// 1272// 1271//
f 1300// 1271// 1301//
f 1301// 1271// 1270//
f 1301// 1270// 1302//
f 1302// 1270// 1303//
f 1303// 1270// 1268//
f 1303// 1268// 1266//
f 1303// 1266// 1304//
f 1304// 1266// 1265//
f 1304// 1265// 1305//
f 1305// 1265// 1260//
f 1305// 1260// 1306//
f 1306// 1260// 1259//
f 1306// 1259// 1307//
f 1307// 1259// 1258//
f 1307// 1258// 1308//
f 1308// 1258// 1251//
f 1308// 1251// 1309//
f 1309// 1251// 1282//
f 1282// 1251// 1252//
f 1310// 1311// 1312//
f 1312// 1311// 1313//
f 1313// 1311// 1314//
f 1313// 1314// 1315//
f 1315// 1314// 1316//
f 1315// 1316// 1317//
f 1317// 1316// 1318//
f 1317// 1318// 1319//
f 1319// 1318// 1320//
f 1319// 1320// 1321//
f 1321// 1320// 1322//
f 1321// 1322// 1323//
f 1323// 1322// 1295//
f 1323// 1295// 1296//
f 1302// 1324// 1325//
f 1326// 1327// 1328//
f 1313// 1315// 1329//
f 1328// 1327// 1313//
f 1330// 1313// 1327//
f 1330// 1327// 1331//
f 1331// 1327// 1326//
f 1331// 1326// 1332//
f 1333// 1313// 1330//
f 1334// 1335// 1336//
f 1336// 1335// 1329//
f 1336// 1329// 1337//
f 1337// 1329// 1315//
f 1337// 1315// 1317//
f 1333// 1330// 1338//
f 1338// 1330// 1331//
f 1338// 1331// 1339//
f 1339// 1331// 1332//
f 1339// 1332// 1340//
f 1341// 1334// 1342//
f 1342// 1334// 1336//
f 1342// 1336// 1343//
f 1343// 1336// 1337//
f 1343// 1337// 1344//
f 1344// 1337// 1317//
f 1344// 1317// 1319//
f 1345// 1341// 1346//
f 1346// 1341// 1342//
f 1346// 1342// 1347//
f 1347// 1342// 1343//
f 1347// 1343// 1348//
f 1348// 1343// 1344//
f 1348// 1344// 1349//
f 1349// 1344// 1319//
f 1349// 1319// 1321//
f 1324// 1345// 1325//
f 1325// 1345// 1346//
f 1325// 1346// 1350//
f 1350// 1346// 1347//
f 1350// 1347// 1351//
f 1351// 1347// 1348//
f 1351// 1348// 1352//
f 1352// 1348// 1349//
f 1352// 1349// 1353//
f 1353// 1349// 1321//
f 1353// 1321// 1323//
f 1302// 1325// 1301//
f 1301// 1325// 1350//
f 1301// 1350// 1300//
f 1300// 1350// 1351//
f 1300// 1351// 1299//
f 1299// 1351// 1352//
f 1299// 1352// 1298//
f 1298// 1352// 1353//
f 1298// 1353// 1297//
f 1297// 1353// 1323//
f 1297// 1323// 1296//
f 1335// 1313// 1329//
f 1324// 1340// 1345//
f 1345// 1340// 1332//
f 1345// 1332// 1341//
f 1341// 1332// 1326//
f 1341// 1326// 1334//
f 1334// 1326// 1328//
f 1334// 1328// 1335//
f 1335// 1328// 1313//
f 1295// 1322// 1354//
f 1355// 1356// 1357//
f 1311// 1358// 1359//
f 1357// 1356// 1311//
f 1360// 1311// 1356//
f 1360// 1356// 1361//
f 1361// 1356// 1355//
f 1361// 1355// 1362//
f 1314// 1311// 1360//
f 1363// 1364// 1365//
f 1365// 1364// 1359//
f 1365// 1359// 1366//
f 1366// 1359// 1358//
f 1366// 1358// 1367//
f 1314// 1360// 1316//
f 1316// 1360// 1361//
f 1316// 1361// 1318//
f 1318// 1361// 1362//
f 1318// 1362// 1320//
f 1368// 1363// 1369//
f 1369// 1363// 1365//
f 1369// 1365// 1370//
f 1370// 1365// 1366//
f 1370// 1366// 1371//
f 1371// 1366// 1367//
f 1371// 1367// 1372//
f 1373// 1368// 1374//
f 1374// 1368// 1369//
f 1374// 1369// 1375//
f 1375// 1369// 1370//
f 1375// 1370// 1376//
f 1376// 1370// 1371//
f 1376// 1371// 1377//
f 1377// 1371// 1372//
f 1377// 1372// 1378//
f 1322// 1373// 1354//
f 1354// 1373// 1374//
f 1354// 1374// 1379//
f 1379// 1374// 1375//
f 1379// 1375// 1380//
f 1380// 1375// 1376//
f 1380// 1376// 1381//
f 1381// 1376// 1377//
f 1381// 1377// 1382//
f 1382// 1377// 1378//
f 1382// 1378// 1383//
f 1295// 1354// 1294//
f 1294// 1354// 1379//
f 1294// 1379// 1293//
f 1293// 1379// 1380//
f 1293// 1380// 1292//
f 1292// 1380// 1381//
f 1292// 1381// 1291//
f 1291// 1381// 1382//
f 1291// 1382// 1290//
f 1290// 1382// 1383//
f 1290// 1383// 1289//
f 1364// 1311// 1359//
f 1322// 1320// 1373//
f 1373// 1320// 1362//
f 1373// 1362// 1368//
f 1368// 1362// 1355//
f 1368// 1355// 1363//
f 1363// 1355// 1357//
f 1363// 1357// 1364//
f 1364// 1357// 1311//
f 1312// 1313// 1333//
f 1312// 1333// 1384//
f 1384// 1333// 1338//
f 1384// 1338// 1385//
f 1385// 1338// 1339//
f 1385// 1339// 1386//
f 1386// 1339// 1340//
f 1386// 1340// 1387//
f 1387// 1340// 1324//
f 1387// 1324// 1388//
f 1388// 1324// 1302//
f 1388// 1302// 1303//
f 1311// 1310// 1389//
f 1311// 1389// 1358//
f 1358// 1389// 1390//
f 1358// 1390// 1367//
f 1367// 1390// 1391//
f 1367// 1391// 1372//
f 1372// 1391// 1392//
f 1372// 1392// 1378//
f 1378// 1392// 1393//
f 1378// 1393// 1383//
f 1383// 1393// 1288//
f 1383// 1288// 1289//
f 1309// 1394// 1395//
f 1396// 1397// 1398//
f 1312// 1384// 1399//
f 1398// 1397// 1312//
f 1400// 1312// 1397//
f 1400// 1397// 1401//
f 1401// 1397// 1396//
f 1401// 1396// 1402//
f 1403// 1312// 1400//
f 1404// 1405// 1406//
f 1406// 1405// 1399//
f 1406// 1399// 1407//
f 1407// 1399// 1384//
f 1407// 1384// 1385//
f 1403// 1400// 1408//
f 1408// 1400// 1401//
f 1408// 1401// 1409//
f 1409// 1401// 1402//
f 1409// 1402// 1410//
f 1411// 1404// 1412//
f 1412// 1404// 1406//
f 1412// 1406// 1413//
f 1413// 1406// 1407//
f 1413// 1407// 1414//
f 1414// 1407// 1385//
f 1414// 1385// 1386//
f 1415// 1411// 1416//
f 1416// 1411// 1412//
f 1416// 1412// 1417//
f 1417// 1412// 1413//
f 1417// 1413// 1418//
f 1418// 1413// 1414//
f 1418// 1414// 1419//
f 1419// 1414// 1386//
f 1419// 1386// 1387//
f 1394// 1415// 1395//
f 1395// 1415// 1416//
f 1395// 1416// 1420//
f 1420// 1416// 1417//
f 1420// 1417// 1421//
f 1421// 1417// 1418//
f 1421// 1418// 1422//
f 1422// 1418// 1419//
f 1422// 1419// 1423//
f 1423// 1419// 1387//
f 1423// 1387// 1388//
f 1309// 1395// 1308//
f 1308// 1395// 1420//
f 1308// 1420// 1307//
f 1307// 1420// 1421//
f 1307// 1421// 1306//
f 1306// 1421// 1422//
f 1306// 1422// 1305//
f 1305// 1422// 1423//
f 1305// 1423// 1304//
f 1304// 1423// 1388//
f 1304// 1388// 1303//
f 1405// 1312// 1399//
f 1394// 1410// 1415//
f 1415// 1410// 1402//
f 1415// 1402// 1411//
f 1411// 1402// 1396//
f 1411// 1396// 1404//
f 1404// 1396// 1398//
f 1404// 1398// 1405//
f 1405// 1398// 1312//
f 1288// 1393// 1424//
f 1425// 1426// 1427//
f 1310// 1428// 1429//
f 1427// 1426// 1310//
f 1430// 1310// 1426//
f 1430// 1426// 1431//
f 1431// 1426// 1425//
f 1431// 1425// 1432//
f 1389// 1310// 1430//
f 1433// 1434// 1435//
f 1435// 1434// 1429//
f 1435// 1429// 1436//
f 1436// 1429// 1428//
f 1436// 1428// 1437//
f 1389// 1430// 1390//
f 1390// 1430// 1431//
f 1390// 1431// 1391//
f 1391// 1431// 1432//
f 1391// 1432// 1392//
f 1438// 1433// 1439//
f 1439// 1433// 1435//
f 1439// 1435// 1440//
f 1440// 1435// 1436//
f 1440// 1436// 1441//
f 1441// 1436// 1437//
f 1441// 1437// 1442//
f 1443// 1438// 1444//
f 1444// 1438// 1439//
f 1444// 1439// 1445//
f 1445// 1439// 1440//
f 1445// 1440// 1446//
f 1446// 1440// 1441//
f 1446// 1441// 1447//
f 1447// 1441// 1442//
f 1447// 1442// 1448//
f 1393// 1443// 1424//
f 1424// 1443// 1444//
f 1424// 1444// 1449//
f 1449// 1444// 1445//
f 1449// 1445// 1450//
f 1450// 1445// 1446//
f 1450// 1446// 1451//
f 1451// 1446// 1447//
f 1451// 1447// 1452//
f 1452// 1447// 1448//
f 1452// 1448// 1453//
f 1288// 1424// 1287//
f 1287// 1424// 1449//
f 1287// 1449// 1286//
f 1286// 1449// 1450//
f 1286// 1450// 1285//
f 1285// 1450// 1451//
f 1285// 1451// 1284//
f 1284// 1451// 1452//
f 1284// 1452// 1283//
f 1283// 1452// 1453//
f 1283// 1453// 1282//
f 1434// 1310// 1429//
f 1393// 1392// 1443//
f 1443// 1392// 1432//
f 1443// 1432// 1438//
f 1438// 1432// 1425//
f 1438// 1425// 1433//
f 1433// 1425// 1427//
f 1433// 1427// 1434//
f 1434// 1427// 1310//
f 1310// 1312// 1403//
f 1310// 1403// 1428//
f 1428// 1403// 1408//
f 1428// 1408// 1437//
f 1437// 1408// 1409//
f 1437// 1409// 1442//
f 1442// 1409// 1410//
f 1442// 1410// 1448//
f 1448// 1410// 1394//
f 1448// 1394// 1453//
f 1453// 1394// 1309//
f 1453// 1309// 1282//
usemtl 2
f 1454// 1263// 1219//
f 1219// 1263// 1198//
f 1455// 1264// 1454//
f 1454// 1264// 1263//
f 806// 810// 1182//
f 1182// 810// 1456//
f 1182// 1456// 1457//
f 1457// 1456// 1269//
f 1457// 1269// 1455//
f 1455// 1269// 1264//
f 1267// 1269// 1281//
f 1281// 1269// 1456//
f 1281// 1456// 808//
f 808// 1456// 810//
f 1454// 1219// 1455//
f 1455// 1219// 1205//
f 1455// 1205// 1457//
f 1457// 1205// 620//
f 620// 1183// 1457//
f 1457// 1183// 1182//
f 1183// 620// 1184//
f 1184// 620// 1205//
f 1247// 813// 1245//
f 1245// 813// 815//
f 1242// 592// 1243//
f 1243// 592// 1188//
f 1243// 1188// 1240//
f 1240// 1188// 1200//
f 592// 1180// 1188//
f 1188// 1180// 1185//
f 592// 1242// 1180//
f 1180// 1242// 1181//
f 1458// 1232// 1231//
f 1195// 1459// 1231//
f 1231// 1459// 1460//
f 1231// 1460// 1458//
f 1194// 1461// 1195//
f 1195// 1461// 1462//
f 1195// 1462// 1459//
f 1192// 1463// 1194//
f 1194// 1463// 1464//
f 1194// 1464// 1461//
f 1191// 1465// 1192//
f 1192// 1465// 1466//
f 1192// 1466// 1463//
f 1202// 1467// 1191//
f 1191// 1467// 1468//
f 1191// 1468// 1465//
f 1201// 1469// 1202//
f 1202// 1469// 1470//
f 1202// 1470// 1467//
f 1225// 1471// 1201//
f 1201// 1471// 1472//
f 1201// 1472// 1469//
f 1224// 1473// 1225//
f 1225// 1473// 1474//
f 1225// 1474// 1471//
f 1223// 1475// 1224//
f 1224// 1475// 1476//
f 1224// 1476// 1473//
f 1190// 1477// 1223//
f 1223// 1477// 1478//
f 1223// 1478// 1475//
f 1189// 1479// 1190//
f 1190// 1479// 1480//
f 1190// 1480// 1477//
f 1187// 1481// 1189//
f 1189// 1481// 1482//
f 1189// 1482// 1479//
f 1186// 1483// 1187//
f 1187// 1483// 1484//
f 1187// 1484// 1481//
f 1216// 1485// 1186//
f 1186// 1485// 1486//
f 1186// 1486// 1483//
f 1208// 1487// 1216//
f 1216// 1487// 1488//
f 1216// 1488// 1485//
f 1209// 1489// 1208//
f 1208// 1489// 1490//
f 1208// 1490// 1487//
f 1210// 1491// 1209//
f 1209// 1491// 1492//
f 1209// 1492// 1489//
f 1207// 1493// 1210//
f 1210// 1493// 1494//
f 1210// 1494// 1491//
f 1206// 1495// 1207//
f 1207// 1495// 1496//
f 1207// 1496// 1493//
f 1204// 1497// 1206//
f 1206// 1497// 1498//
f 1206// 1498// 1495//
f 1203// 1499// 1204//
f 1204// 1499// 1500//
f 1204// 1500// 1497//
f 1222// 1501// 1203//
f 1203// 1501// 1502//
f 1203// 1502// 1499//
f 1458// 1503// 1232//
f 1232// 1503// 1504//
f 1232// 1504// 1222//
f 1222// 1504// 1505//
f 1222// 1505// 1501//
f 1506// 1507// 1508//
f 1508// 1507// 1509//
f 1508// 1509// 1510//
f 1511// 1512// 1508//
f 1508// 1512// 1513//
f 1508// 1513// 1506//
f 1514// 1515// 1508//
f 1508// 1515// 1516//
f 1508// 1516// 1511//
f 1517// 1518// 1508//
f 1508// 1518// 1519//
f 1508// 1519// 1514//
f 1520// 1521// 1508//
f 1508// 1521// 1522//
f 1508// 1522// 1517//
f 1523// 1524// 1508//
f 1508// 1524// 1525//
f 1508// 1525// 1520//
f 1526// 1527// 1508//
f 1508// 1527// 1528//
f 1508// 1528// 1523//
f 1529// 1530// 1508//
f 1508// 1530// 1531//
f 1508// 1531// 1526//
f 1510// 1532// 1508//
f 1508// 1532// 1533//
f 1508// 1533// 1529//
f 1484// 1483// 1534//
f 1486// 1485// 1535//
f 1494// 1493// 1536//
f 1496// 1495// 1537//
f 1500// 1499// 1538//
f 1502// 1501// 1539//
f 1462// 1461// 1540//
f 1464// 1463// 1541//
f 1468// 1467// 1542//
f 1470// 1469// 1543//
f 1478// 1477// 1544//
f 1480// 1479// 1545//
f 1513// 1512// 1546//
f 1546// 1512// 1547//
f 1546// 1547// 1548//
f 1548// 1547// 1549//
f 1548// 1549// 1550//
f 1550// 1549// 1551//
f 1550// 1551// 1552//
f 1552// 1551// 1553//
f 1552// 1553// 1554//
f 1554// 1553// 1555//
f 1522// 1521// 1556//
f 1556// 1521// 1557//
f 1556// 1557// 1558//
f 1558// 1557// 1559//
f 1558// 1559// 1560//
f 1560// 1559// 1561//
f 1560// 1561// 1562//
f 1562// 1561// 1563//
f 1562// 1563// 1564//
f 1564// 1563// 1565//
f 1531// 1530// 1566//
f 1566// 1530// 1567//
f 1566// 1567// 1568//
f 1568// 1567// 1569//
f 1568// 1569// 1570//
f 1570// 1569// 1571//
f 1570// 1571// 1572//
f 1572// 1571// 1573//
f 1572// 1573// 1574//
f 1574// 1573// 1575//
f 1509// 1507// 1576//
f 1576// 1507// 1577//
f 1576// 1577// 1578//
f 1578// 1577// 1579//
f 1578// 1579// 1580//
f 1580// 1579// 1581//
f 1580// 1581// 1582//
f 1582// 1581// 1583//
f 1582// 1583// 1584//
f 1584// 1583// 1545//
f 1584// 1545// 1482//
f 1482// 1545// 1479//
f 1477// 1480// 1544//
f 1544// 1480// 1545//
f 1544// 1545// 1585//
f 1585// 1545// 1583//
f 1585// 1583// 1586//
f 1586// 1583// 1581//
f 1586// 1581// 1587//
f 1587// 1581// 1579//
f 1587// 1579// 1588//
f 1588// 1579// 1577//
f 1588// 1577// 1506//
f 1506// 1577// 1507//
f 1475// 1478// 1554//
f 1554// 1478// 1544//
f 1554// 1544// 1552//
f 1552// 1544// 1585//
f 1552// 1585// 1550//
f 1550// 1585// 1586//
f 1550// 1586// 1548//
f 1548// 1586// 1587//
f 1548// 1587// 1546//
f 1546// 1587// 1588//
f 1546// 1588// 1513//
f 1513// 1588// 1506//
f 1472// 1471// 1589//
f 1589// 1471// 1555//
f 1589// 1555// 1590//
f 1590// 1555// 1553//
f 1590// 1553// 1591//
f 1591// 1553// 1551//
f 1591// 1551// 1592//
f 1592// 1551// 1549//
f 1592// 1549// 1593//
f 1593// 1549// 1547//
f 1593// 1547// 1511//
f 1511// 1547// 1512//
f 1471// 1474// 1555//
f 1555// 1474// 1473//
f 1555// 1473// 1554//
f 1554// 1473// 1476//
f 1554// 1476// 1475//
f 1469// 1472// 1543//
f 1543// 1472// 1589//
f 1543// 1589// 1594//
f 1594// 1589// 1590//
f 1594// 1590// 1595//
f 1595// 1590// 1591//
f 1595// 1591// 1596//
f 1596// 1591// 1592//
f 1596// 1592// 1597//
f 1597// 1592// 1593//
f 1597// 1593// 1516//
f 1516// 1593// 1511//
f 1467// 1470// 1542//
f 1542// 1470// 1543//
f 1542// 1543// 1598//
f 1598// 1543// 1594//
f 1598// 1594// 1599//
f 1599// 1594// 1595//
f 1599// 1595// 1600//
f 1600// 1595// 1596//
f 1600// 1596// 1601//
f 1601// 1596// 1597//
f 1601// 1597// 1515//
f 1515// 1597// 1516//
f 1465// 1468// 1602//
f 1602// 1468// 1542//
f 1602// 1542// 1603//
f 1603// 1542// 1598//
f 1603// 1598// 1604//
f 1604// 1598// 1599//
f 1604// 1599// 1605//
f 1605// 1599// 1600//
f 1605// 1600// 1606//
f 1606// 1600// 1601//
f 1606// 1601// 1514//
f 1514// 1601// 1515//
f 1514// 1519// 1606//
f 1606// 1519// 1607//
f 1606// 1607// 1605//
f 1605// 1607// 1608//
f 1605// 1608// 1604//
f 1604// 1608// 1609//
f 1604// 1609// 1603//
f 1603// 1609// 1610//
f 1603// 1610// 1602//
f 1602// 1610// 1611//
f 1602// 1611// 1465//
f 1465// 1611// 1466//
f 1519// 1518// 1607//
f 1607// 1518// 1612//
f 1607// 1612// 1608//
f 1608// 1612// 1613//
f 1608// 1613// 1609//
f 1609// 1613// 1614//
f 1609// 1614// 1610//
f 1610// 1614// 1615//
f 1610// 1615// 1611//
f 1611// 1615// 1541//
f 1611// 1541// 1466//
f 1466// 1541// 1463//
f 1461// 1464// 1540//
f 1540// 1464// 1541//
f 1540// 1541// 1616//
f 1616// 1541// 1615//
f 1616// 1615// 1617//
f 1617// 1615// 1614//
f 1617// 1614// 1618//
f 1618// 1614// 1613//
f 1618// 1613// 1619//
f 1619// 1613// 1612//
f 1619// 1612// 1517//
f 1517// 1612// 1518//
f 1459// 1462// 1564//
f 1564// 1462// 1540//
f 1564// 1540// 1562//
f 1562// 1540// 1616//
f 1562// 1616// 1560//
f 1560// 1616// 1617//
f 1560// 1617// 1558//
f 1558// 1617// 1618//
f 1558// 1618// 1556//
f 1556// 1618// 1619//
f 1556// 1619// 1522//
f 1522// 1619// 1517//
f 1505// 1504// 1620//
f 1620// 1504// 1565//
f 1620// 1565// 1621//
f 1621// 1565// 1563//
f 1621// 1563// 1622//
f 1622// 1563// 1561//
f 1622// 1561// 1623//
f 1623// 1561// 1559//
f 1623// 1559// 1624//
f 1624// 1559// 1557//
f 1624// 1557// 1520//
f 1520// 1557// 1521//
f 1504// 1503// 1565//
f 1565// 1503// 1458//
f 1565// 1458// 1564//
f 1564// 1458// 1460//
f 1564// 1460// 1459//
f 1501// 1505// 1539//
f 1539// 1505// 1620//
f 1539// 1620// 1625//
f 1625// 1620// 1621//
f 1625// 1621// 1626//
f 1626// 1621// 1622//
f 1626// 1622// 1627//
f 1627// 1622// 1623//
f 1627// 1623// 1628//
f 1628// 1623// 1624//
f 1628// 1624// 1525//
f 1525// 1624// 1520//
f 1499// 1502// 1538//
f 1538// 1502// 1539//
f 1538// 1539// 1629//
f 1629// 1539// 1625//
f 1629// 1625// 1630//
f 1630// 1625// 1626//
f 1630// 1626// 1631//
f 1631// 1626// 1627//
f 1631// 1627// 1632//
f 1632// 1627// 1628//
f 1632// 1628// 1524//
f 1524// 1628// 1525//
f 1497// 1500// 1633//
f 1633// 1500// 1538//
f 1633// 1538// 1634//
f 1634// 1538// 1629//
f 1634// 1629// 1635//
f 1635// 1629// 1630//
f 1635// 1630// 1636//
f 1636// 1630// 1631//
f 1636// 1631// 1637//
f 1637// 1631// 1632//
f 1637// 1632// 1523//
f 1523// 1632// 1524//
f 1523// 1528// 1637//
f 1637// 1528// 1638//
f 1637// 1638// 1636//
f 1636// 1638// 1639//
f 1636// 1639// 1635//
f 1635// 1639// 1640//
f 1635// 1640// 1634//
f 1634// 1640// 1641//
f 1634// 1641// 1633//
f 1633// 1641// 1642//
f 1633// 1642// 1497//
f 1497// 1642// 1498//
f 1528// 1527// 1638//
f 1638// 1527// 1643//
f 1638// 1643// 1639//
f 1639// 1643// 1644//
f 1639// 1644// 1640//
f 1640// 1644// 1645//
f 1640// 1645// 1641//
f 1641// 1645// 1646//
f 1641// 1646// 1642//
f 1642// 1646// 1537//
f 1642// 1537// 1498//
f 1498// 1537// 1495//
f 1493// 1496// 1536//
f 1536// 1496// 1537//
f 1536// 1537// 1647//
f 1647// 1537// 1646//
f 1647// 1646// 1648//
f 1648// 1646// 1645//
f 1648// 1645// 1649//
f 1649// 1645// 1644//
f 1649// 1644// 1650//
f 1650// 1644// 1643//
f 1650// 1643// 1526//
f 1526// 1643// 1527//
f 1491// 1494// 1574//
f 1574// 1494// 1536//
f 1574// 1536// 1572//
f 1572// 1536// 1647//
f 1572// 1647// 1570//
f 1570// 1647// 1648//
f 1570// 1648// 1568//
f 1568// 1648// 1649//
f 1568// 1649// 1566//
f 1566// 1649// 1650//
f 1566// 1650// 1531//
f 1531// 1650// 1526//
f 1488// 1487// 1651//
f 1651// 1487// 1575//
f 1651// 1575// 1652//
f 1652// 1575// 1573//
f 1652// 1573// 1653//
f 1653// 1573// 1571//
f 1653// 1571// 1654//
f 1654// 1571// 1569//
f 1654// 1569// 1655//
f 1655// 1569// 1567//
f 1655// 1567// 1529//
f 1529// 1567// 1530//
f 1487// 1490// 1575//
f 1575// 1490// 1489//
f 1575// 1489// 1574//
f 1574// 1489// 1492//
f 1574// 1492// 1491//
f 1485// 1488// 1535//
f 1535// 1488// 1651//
f 1535// 1651// 1656//
f 1656// 1651// 1652//
f 1656// 1652// 1657//
f 1657// 1652// 1653//
f 1657// 1653// 1658//
f 1658// 1653// 1654//
f 1658// 1654// 1659//
f 1659// 1654// 1655//
f 1659// 1655// 1533//
f 1533// 1655// 1529//
f 1483// 1486// 1534//
f 1534// 1486// 1535//
f 1534// 1535// 1660//
f 1660// 1535// 1656//
f 1660// 1656// 1661//
f 1661// 1656// 1657//
f 1661// 1657// 1662//
f 1662// 1657// 1658//
f 1662// 1658// 1663//
f 1663// 1658// 1659//
f 1663// 1659// 1532//
f 1532// 1659// 1533//
f 1481// 1484// 1664//
f 1664// 1484// 1534//
f 1664// 1534// 1665//
f 1665// 1534// 1660//
f 1665// 1660// 1666//
f 1666// 1660// 1661//
f 1666// 1661// 1667//
f 1667// 1661// 1662//
f 1667// 1662// 1668//
f 1668// 1662// 1663//
f 1668// 1663// 1510//
f 1510// 1663// 1532//
f 1510// 1509// 1668//
f 1668// 1509// 1576//
f 1668// 1576// 1667//
f 1667// 1576// 1578//
f 1667// 1578// 1666//
f 1666// 1578// 1580//
f 1666// 1580// 1665//
f 1665// 1580// 1582//
f 1665// 1582// 1664//
f 1664// 1582// 1584//
f 1664// 1584// 1481//
f 1481// 1584// 1482//
f 1669// 1214// 1213//
f 1212// 1670// 1213//
f 1213// 1670// 1671//
f 1213// 1671// 1669//
f 1211// 1672// 1212//
f 1212// 1672// 1673//
f 1212// 1673// 1670//
f 1235// 1674// 1211//
f 1211// 1674// 1675//
f 1211// 1675// 1672//
f 1234// 1676// 1235//
f 1235// 1676// 1677//
f 1235// 1677// 1674//
f 1233// 1678// 1234//
f 1234// 1678// 1679//
f 1234// 1679// 1676//
f 1221// 1680// 1233//
f 1233// 1680// 1681//
f 1233// 1681// 1678//
f 1220// 1682// 1221//
f 1221// 1682// 1683//
f 1221// 1683// 1680//
f 1239// 1684// 1220//
f 1220// 1684// 1685//
f 1220// 1685// 1682//
f 1238// 1686// 1239//
f 1239// 1686// 1687//
f 1239// 1687// 1684//
f 1237// 1688// 1238//
f 1238// 1688// 1689//
f 1238// 1689// 1686//
f 1236// 1690// 1237//
f 1237// 1690// 1691//
f 1237// 1691// 1688//
f 1227// 1692// 1236//
f 1236// 1692// 1693//
f 1236// 1693// 1690//
f 1226// 1694// 1227//
f 1227// 1694// 1695//
f 1227// 1695// 1692//
f 1230// 1696// 1226//
f 1226// 1696// 1697//
f 1226// 1697// 1694//
f 1229// 1698// 1230//
f 1230// 1698// 1699//
f 1230// 1699// 1696//
f 1228// 1700// 1229//
f 1229// 1700// 1701//
f 1229// 1701// 1698//
f 1218// 1702// 1228//
f 1228// 1702// 1703//
f 1228// 1703// 1700//
f 1217// 1704// 1218//
f 1218// 1704// 1705//
f 1218// 1705// 1702//
f 1199// 1706// 1217//
f 1217// 1706// 1707//
f 1217// 1707// 1704//
f 1197// 1708// 1199//
f 1199// 1708// 1709//
f 1199// 1709// 1706//
f 1196// 1710// 1197//
f 1197// 1710// 1711//
f 1197// 1711// 1708//
f 1215// 1712// 1196//
f 1196// 1712// 1713//
f 1196// 1713// 1710//
f 1669// 1714// 1214//
f 1214// 1714// 1715//
f 1214// 1715// 1215//
f 1215// 1715// 1716//
f 1215// 1716// 1712//
f 1717// 1718// 1719//
f 1719// 1718// 1720//
f 1719// 1720// 1721//
f 1722// 1723// 1719//
f 1719// 1723// 1724//
f 1719// 1724// 1717//
f 1725// 1726// 1719//
f 1719// 1726// 1727//
f 1719// 1727// 1722//
f 1728// 1729// 1719//
f 1719// 1729// 1730//
f 1719// 1730// 1725//
f 1731// 1732// 1719//
f 1719// 1732// 1733//
f 1719// 1733// 1728//
f 1734// 1735// 1719//
f 1719// 1735// 1736//
f 1719// 1736// 1731//
f 1737// 1738// 1719//
f 1719// 1738// 1739//
f 1719// 1739// 1734//
f 1740// 1741// 1719//
f 1719// 1741// 1742//
f 1719// 1742// 1737//
f 1721// 1743// 1719//
f 1719// 1743// 1744//
f 1719// 1744// 1740//
f 1695// 1694// 1745//
f 1697// 1696// 1746//
f 1705// 1704// 1747//
f 1707// 1706// 1748//
f 1711// 1710// 1749//
f 1713// 1712// 1750//
f 1673// 1672// 1751//
f 1675// 1674// 1752//
f 1679// 1678// 1753//
f 1681// 1680// 1754//
f 1689// 1688// 1755//
f 1691// 1690// 1756//
f 1724// 1723// 1757//
f 1757// 1723// 1758//
f 1757// 1758// 1759//
f 1759// 1758// 1760//
f 1759// 1760// 1761//
f 1761// 1760// 1762//
f 1761// 1762// 1763//
f 1763// 1762// 1764//
f 1763// 1764// 1765//
f 1765// 1764// 1766//
f 1733// 1732// 1767//
f 1767// 1732// 1768//
f 1767// 1768// 1769//
f 1769// 1768// 1770//
f 1769// 1770// 1771//
f 1771// 1770// 1772//
f 1771// 1772// 1773//
f 1773// 1772// 1774//
f 1773// 1774// 1775//
f 1775// 1774// 1776//
f 1742// 1741// 1777//
f 1777// 1741// 1778//
f 1777// 1778// 1779//
f 1779// 1778// 1780//
f 1779// 1780// 1781//
f 1781// 1780// 1782//
f 1781// 1782// 1783//
f 1783// 1782// 1784//
f 1783// 1784// 1785//
f 1785// 1784// 1786//
f 1720// 1718// 1787//
f 1787// 1718// 1788//
f 1787// 1788// 1789//
f 1789// 1788// 1790//
f 1789// 1790// 1791//
f 1791// 1790// 1792//
f 1791// 1792// 1793//
f 1793// 1792// 1794//
f 1793// 1794// 1795//
f 1795// 1794// 1756//
f 1795// 1756// 1693//
f 1693// 1756// 1690//
f 1688// 1691// 1755//
f 1755// 1691// 1756//
f 1755// 1756// 1796//
f 1796// 1756// 1794//
f 1796// 1794// 1797//
f 1797// 1794// 1792//
f 1797// 1792// 1798//
f 1798// 1792// 1790//
f 1798// 1790// 1799//
f 1799// 1790// 1788//
f 1799// 1788// 1717//
f 1717// 1788// 1718//
f 1686// 1689// 1765//
f 1765// 1689// 1755//
f 1765// 1755// 1763//
f 1763// 1755// 1796//
f 1763// 1796// 1761//
f 1761// 1796// 1797//
f 1761// 1797// 1759//
f 1759// 1797// 1798//
f 1759// 1798// 1757//
f 1757// 1798// 1799//
f 1757// 1799// 1724//
f 1724// 1799// 1717//
f 1683// 1682// 1800//
f 1800// 1682// 1766//
f 1800// 1766// 1801//
f 1801// 1766// 1764//
f 1801// 1764// 1802//
f 1802// 1764// 1762//
f 1802// 1762// 1803//
f 1803// 1762// 1760//
f 1803// 1760// 1804//
f 1804// 1760// 1758//
f 1804// 1758// 1722//
f 1722// 1758// 1723//
f 1682// 1685// 1766//
f 1766// 1685// 1684//
f 1766// 1684// 1765//
f 1765// 1684// 1687//
f 1765// 1687// 1686//
f 1680// 1683// 1754//
f 1754// 1683// 1800//
f 1754// 1800// 1805//
f 1805// 1800// 1801//
f 1805// 1801// 1806//
f 1806// 1801// 1802//
f 1806// 1802// 1807//
f 1807// 1802// 1803//
f 1807// 1803// 1808//
f 1808// 1803// 1804//
f 1808// 1804// 1727//
f 1727// 1804// 1722//
f 1678// 1681// 1753//
f 1753// 1681// 1754//
f 1753// 1754// 1809//
f 1809// 1754// 1805//
f 1809// 1805// 1810//
f 1810// 1805// 1806//
f 1810// 1806// 1811//
f 1811// 1806// 1807//
f 1811// 1807// 1812//
f 1812// 1807// 1808//
f 1812// 1808// 1726//
f 1726// 1808// 1727//
f 1676// 1679// 1813//
f 1813// 1679// 1753//
f 1813// 1753// 1814//
f 1814// 1753// 1809//
f 1814// 1809// 1815//
f 1815// 1809// 1810//
f 1815// 1810// 1816//
f 1816// 1810// 1811//
f 1816// 1811// 1817//
f 1817// 1811// 1812//
f 1817// 1812// 1725//
f 1725// 1812// 1726//
f 1725// 1730// 1817//
f 1817// 1730// 1818//
f 1817// 1818// 1816//
f 1816// 1818// 1819//
f 1816// 1819// 1815//
f 1815// 1819// 1820//
f 1815// 1820// 1814//
f 1814// 1820// 1821//
f 1814// 1821// 1813//
f 1813// 1821// 1822//
f 1813// 1822// 1676//
f 1676// 1822// 1677//
f 1730// 1729// 1818//
f 1818// 1729// 1823//
f 1818// 1823// 1819//
f 1819// 1823// 1824//
f 1819// 1824// 1820//
f 1820// 1824// 1825//
f 1820// 1825// 1821//
f 1821// 1825// 1826//
f 1821// 1826// 1822//
f 1822// 1826// 1752//
f 1822// 1752// 1677//
f 1677// 1752// 1674//
f 1672// 1675// 1751//
f 1751// 1675// 1752//
f 1751// 1752// 1827//
f 1827// 1752// 1826//
f 1827// 1826// 1828//
f 1828// 1826// 1825//
f 1828// 1825// 1829//
f 1829// 1825// 1824//
f 1829// 1824// 1830//
f 1830// 1824// 1823//
f 1830// 1823// 1728//
f 1728// 1823// 1729//
f 1670// 1673// 1775//
f 1775// 1673// 1751//
f 1775// 1751// 1773//
f 1773// 1751// 1827//
f 1773// 1827// 1771//
f 1771// 1827// 1828//
f 1771// 1828// 1769//
f 1769// 1828// 1829//
f 1769// 1829// 1767//
f 1767// 1829// 1830//
f 1767// 1830// 1733//
f 1733// 1830// 1728//
f 1716// 1715// 1831//
f 1831// 1715// 1776//
f 1831// 1776// 1832//
f 1832// 1776// 1774//
f 1832// 1774// 1833//
f 1833// 1774// 1772//
f 1833// 1772// 1834//
f 1834// 1772// 1770//
f 1834// 1770// 1835//
f 1835// 1770// 1768//
f 1835// 1768// 1731//
f 1731// 1768// 1732//
f 1715// 1714// 1776//
f 1776// 1714// 1669//
f 1776// 1669// 1775//
f 1775// 1669// 1671//
f 1775// 1671// 1670//
f 1712// 1716// 1750//
f 1750// 1716// 1831//
f 1750// 1831// 1836//
f 1836// 1831// 1832//
f 1836// 1832// 1837//
f 1837// 1832// 1833//
f 1837// 1833// 1838//
f 1838// 1833// 1834//
f 1838// 1834// 1839//
f 1839// 1834// 1835//
f 1839// 1835// 1736//
f 1736// 1835// 1731//
f 1710// 1713// 1749//
f 1749// 1713// 1750//
f 1749// 1750// 1840//
f 1840// 1750// 1836//
f 1840// 1836// 1841//
f 1841// 1836// 1837//
f 1841// 1837// 1842//
f 1842// 1837// 1838//
f 1842// 1838// 1843//
f 1843// 1838// 1839//
f 1843// 1839// 1735//
f 1735// 1839// 1736//
f 1708// 1711// 1844//
f 1844// 1711// 1749//
f 1844// 1749// 1845//
f 1845// 1749// 1840//
f 1845// 1840// 1846//
f 1846// 1840// 1841//
f 1846// 1841// 1847//
f 1847// 1841// 1842//
f 1847// 1842// 1848//
f 1848// 1842// 1843//
f 1848// 1843// 1734//
f 1734// 1843// 1735//
f 1734// 1739// 1848//
f 1848// 1739// 1849//
f 1848// 1849// 1847//
f 1847// 1849// 1850//
f 1847// 1850// 1846//
f 1846// 1850// 1851//
f 1846// 1851// 1845//
f 1845// 1851// 1852//
f 1845// 1852// 1844//
f 1844// 1852// 1853//
f 1844// 1853// 1708//
f 1708// 1853// 1709//
f 1739// 1738// 1849//
f 1849// 1738// 1854//
f 1849// 1854// 1850//
f 1850// 1854// 1855//
f 1850// 1855// 1851//
f 1851// 1855// 1856//
f 1851// 1856// 1852//
f 1852// 1856// 1857//
f 1852// 1857// 1853//
f 1853// 1857// 1748//
f 1853// 1748// 1709//
f 1709// 1748// 1706//
f 1704// 1707// 1747//
f 1747// 1707// 1748//
f 1747// 1748// 1858//
f 1858// 1748// 1857//
f 1858// 1857// 1859//
f 1859// 1857// 1856//
f 1859// 1856// 1860//
f 1860// 1856// 1855//
f 1860// 1855// 1861//
f 1861// 1855// 1854//
f 1861// 1854// 1737//
f 1737// 1854// 1738//
f 1702// 1705// 1785//
f 1785// 1705// 1747//
f 1785// 1747// 1783//
f 1783// 1747// 1858//
f 1783// 1858// 1781//
f 1781// 1858// 1859//
f 1781// 1859// 1779//
f 1779// 1859// 1860//
f 1779// 1860// 1777//
f 1777// 1860// 1861//
f 1777// 1861// 1742//
f 1742// 1861// 1737//
f 1699// 1698// 1862//
f 1862// 1698// 1786//
f 1862// 1786// 1863//
f 1863// 1786// 1784//
f 1863// 1784// 1864//
f 1864// 1784// 1782//
f 1864// 1782// 1865//
f 1865// 1782// 1780//
f 1865// 1780// 1866//
f 1866// 1780// 1778//
f 1866// 1778// 1740//
f 1740// 1778// 1741//
f 1698// 1701// 1786//
f 1786// 1701// 1700//
f 1786// 1700// 1785//
f 1785// 1700// 1703//
f 1785// 1703// 1702//
f 1696// 1699// 1746//
f 1746// 1699// 1862//
f 1746// 1862// 1867//
f 1867// 1862// 1863//
f 1867// 1863// 1868//
f 1868// 1863// 1864//
f 1868// 1864// 1869//
f 1869// 1864// 1865//
f 1869// 1865// 1870//
f 1870// 1865// 1866//
f 1870// 1866// 1744//
f 1744// 1866// 1740//
f 1694// 1697// 1745//
f 1745// 1697// 1746//
f 1745// 1746// 1871//
f 1871// 1746// 1867//
f 1871// 1867// 1872//
f 1872// 1867// 1868//
f 1872// 1868// 1873//
f 1873// 1868// 1869//
f 1873// 1869// 1874//
f 1874// 1869// 1870//
f 1874// 1870// 1743//
f 1743// 1870// 1744//
f 1692// 1695// 1875//
f 1875// 1695// 1745//
f 1875// 1745// 1876//
f 1876// 1745// 1871//
f 1876// 1871// 1877//
f 1877// 1871// 1872//
f 1877// 1872// 1878//
f 1878// 1872// 1873//
f 1878// 1873// 1879//
f 1879// 1873// 1874//
f 1879// 1874// 1721//
f 1721// 1874// 1743//
f 1721// 1720// 1879//
f 1879// 1720// 1787//
f 1879// 1787// 1878//
f 1878// 1787// 1789//
f 1878// 1789// 1877//
f 1877// 1789// 1791//
f 1877// 1791// 1876//
f 1876// 1791// 1793//
f 1876// 1793// 1875//
f 1875// 1793// 1795//
f 1875// 1795// 1692//
f 1692// 1795// 1693//
usemtl 4
f 1880// 1881// 1882//
f 1882// 1881// 1883//
f 1882// 1883// 1884//
f 1884// 1883// 1885//
f 1884// 1885// 1886//
f 1886// 1885// 1887//
f 1886// 1887// 1888//
f 1888// 1887// 1889//
f 1888// 1889// 1890//
f 1890// 1889// 1891//
f 1890// 1891// 1892//
f 1892// 1891// 1893//
f 1892// 1893// 1894//
f 1894// 1893// 1895//
f 1894// 1895// 1896//
f 1896// 1895// 1897//
f 1896// 1897// 1898//
f 1898// 1897// 1899//
f 1898// 1899// 1900//
f 1900// 1899// 1901//
f 1900// 1901// 1902//
f 1902// 1901// 1903//
f 1902// 1903// 1904//
f 1904// 1903// 1905//
f 1904// 1905// 1906//
f 1906// 1905// 1907//
f 1906// 1907// 1908//
f 1908// 1907// 1909//
f 1908// 1909// 1910//
f 1910// 1909// 1911//
f 1910// 1911// 1912//
f 1912// 1911// 1913//
f 1912// 1913// 1914//
f 1914// 1913// 1880//
f 1914// 1880// 1882//
f 1882// 1139// 1137//
f 1882// 1137// 1914//
f 1914// 1137// 1136//
f 1914// 1136// 1912//
f 1912// 1136// 1152//
f 1912// 1152// 1910//
f 1910// 1152// 1151//
f 1910// 1151// 1908//
f 1908// 1151// 1150//
f 1908// 1150// 1906//
f 1906// 1150// 1149//
f 1906// 1149// 1904//
f 1904// 1149// 1148//
f 1904// 1148// 1902//
f 1902// 1148// 1147//
f 1902// 1147// 1900//
f 1900// 1147// 1134//
f 1900// 1134// 1898//
f 1898// 1134// 1133//
f 1898// 1133// 1896//
f 1896// 1133// 1145//
f 1896// 1145// 1894//
f 1892// 1894// 1144//
f 1144// 1894// 1145//
f 1890// 1892// 1143//
f 1143// 1892// 1144//
f 1888// 1890// 1142//
f 1142// 1890// 1143//
f 1888// 1142// 1141//
f 1888// 1141// 1886//
f 1886// 1141// 1140//
f 1886// 1140// 1884//
f 1884// 1140// 1139//
f 1884// 1139// 1882//
f 1901// 1915// 1916//
f 1901// 1916// 1903//
f 1903// 1916// 1917//
f 1903// 1917// 1905//
f 1905// 1917// 1918//
f 1905// 1918// 1907//
f 1907// 1918// 1919//
f 1907// 1919// 1909//
f 1895// 1920// 1921//
f 1895// 1921// 1897//
f 1897// 1921// 1922//
f 1897// 1922// 1899//
f 1899// 1922// 1915//
f 1899// 1915// 1901//
f 1895// 1893// 1920//
f 1920// 1893// 1923//
f 1893// 1891// 1923//
f 1923// 1891// 1924//
f 1891// 1889// 1924//
f 1924// 1889// 1925//
f 1881// 1926// 1927//
f 1881// 1927// 1883//
f 1883// 1927// 1928//
f 1883// 1928// 1885//
f 1885// 1928// 1929//
f 1885// 1929// 1887//
f 1887// 1929// 1925//
f 1887// 1925// 1889//
f 1909// 1919// 1930//
f 1909// 1930// 1911//
f 1911// 1930// 1931//
f 1911// 1931// 1913//
f 1913// 1931// 1932//
f 1913// 1932// 1880//
f 1880// 1932// 1926//
f 1880// 1926// 1881//
usemtl 2
f 1923// 1924// 1920//
f 1920// 1924// 1925//
f 1925// 1929// 1920//
f 1920// 1929// 1928//
f 1920// 1928// 1927//
f 1927// 1926// 1920//
f 1920// 1926// 1932//
f 1920// 1932// 1931//
f 1919// 1915// 1922//
f 1918// 1917// 1919//
f 1919// 1917// 1916//
f 1919// 1916// 1915//
f 1931// 1930// 1920//
f 1920// 1930// 1919//
f 1920// 1919// 1921//
f 1921// 1919// 1922//
usemtl 4
f 1933// 828// 829//
f 1933// 829// 1934//
f 1934// 829// 823//
f 1934// 823// 1935//
f 1936// 1935// 822//
f 822// 1935// 823//
f 1937// 1936// 821//
f 821// 1936// 822//
f 1937// 821// 1938//
f 1938// 821// 827//
f 1938// 827// 833//
f 1939// 1938// 831//
f 831// 1938// 833//
f 1939// 831// 1940//
f 1940// 831// 830//
f 1940// 830// 834//
f 836// 1941// 835//
f 835// 1941// 1940//
f 835// 1940// 834//
f 1941// 836// 646//
f 1941// 646// 1942//
f 1942// 646// 645//
f 1942// 645// 1943//
f 1943// 645// 847//
f 1943// 847// 1944//
f 1944// 847// 846//
f 1944// 846// 1945//
f 1945// 846// 845//
f 1945// 845// 1946//
f 1946// 845// 927//
f 1946// 927// 1947//
f 1947// 927// 839//
f 1947// 839// 1948//
f 1949// 1948// 838//
f 838// 1948// 839//
f 1949// 838// 844//
f 1949// 844// 1950//
f 1950// 844// 843//
f 1950// 843// 1951//
f 1951// 843// 841//
f 1951// 841// 1952//
f 1952// 841// 840//
f 1952// 840// 1953//
f 840// 854// 1953//
f 1953// 854// 853//
f 1953// 853// 1954//
f 1954// 853// 852//
f 1954// 852// 1955//
f 1955// 852// 849//
f 1955// 849// 1956//
f 1956// 849// 848//
f 1956// 848// 1957//
f 824// 1958// 851//
f 851// 1958// 1957//
f 851// 1957// 848//
f 1959// 1958// 826//
f 826// 1958// 824//
f 1933// 1959// 828//
f 828// 1959// 826//
f 1934// 1935// 1957//
f 1958// 1959// 1957//
f 1957// 1959// 1933//
f 1957// 1933// 1934//
f 1938// 1939// 1937//
f 1937// 1939// 1940//
f 1937// 1940// 1936//
f 1948// 1949// 1947//
f 1947// 1949// 1950//
f 1947// 1950// 1946//
f 1946// 1950// 1951//
f 1946// 1951// 1945//
f 1945// 1951// 1952//
f 1945// 1952// 1944//
f 1944// 1952// 1953//
f 1944// 1953// 1943//
f 1935// 1936// 1957//
f 1957// 1936// 1940//
f 1957// 1940// 1956//
f 1940// 1941// 1956//
f 1956// 1941// 1942//
f 1956// 1942// 1955//
f 1955// 1942// 1943//
f 1955// 1943// 1954//
f 1954// 1943// 1953//
f 925// 643// 1960//
f 1960// 643// 1961//
f 643// 642// 1961//
f 1961// 642// 871//
f 1961// 871// 1962//
f 1962// 871// 870//
f 1962// 870// 1963//
f 1963// 870// 862//
f 1963// 862// 1964//
f 1964// 862// 861//
f 1964// 861// 1965//
f 1965// 861// 865//
f 1965// 865// 1966//
f 1966// 865// 864//
f 1966// 864// 1967//
f 1967// 864// 863//
f 1967// 863// 1968//
f 1968// 863// 856//
f 1968// 856// 1969//
f 1969// 856// 855//
f 1969// 855// 1970//
f 1970// 855// 886//
f 1970// 886// 1971//
f 1971// 886// 885//
f 1971// 885// 1972//
f 1972// 885// 883//
f 1972// 883// 1973//
f 1973// 883// 881//
f 1973// 881// 1974//
f 1974// 881// 880//
f 1974// 880// 1975//
f 1975// 880// 879//
f 1975// 879// 1976//
f 1976// 879// 878//
f 1976// 878// 1977//
f 1977// 878// 877//
f 1977// 877// 1978//
f 1978// 877// 874//
f 1978// 874// 1979//
f 1979// 874// 889//
f 1979// 889// 1980//
f 1980// 889// 888//
f 1980// 888// 1981//
f 1981// 888// 887//
f 1981// 887// 1982//
f 1982// 887// 876//
f 1982// 876// 1983//
f 1983// 876// 875//
f 1983// 875// 1984//
f 1984// 875// 873//
f 1984// 873// 1985//
f 1985// 873// 872//
f 1985// 872// 1986//
f 1986// 872// 882//
f 1986// 882// 1987//
f 1987// 882// 884//
f 1987// 884// 1988//
f 1988// 884// 857//
f 1988// 857// 1989//
f 1990// 1989// 868//
f 868// 1989// 857//
f 1990// 868// 869//
f 1990// 869// 1991//
f 1991// 869// 867//
f 1991// 867// 1992//
f 1992// 867// 866//
f 1992// 866// 1993//
f 1993// 866// 859//
f 1993// 859// 1994//
f 1994// 859// 858//
f 1994// 858// 1995//
f 858// 897// 1995//
f 1995// 897// 1996//
f 897// 896// 1996//
f 1996// 896// 895//
f 1996// 895// 1997//
f 1997// 895// 891//
f 1997// 891// 1998//
f 1998// 891// 890//
f 1998// 890// 1999//
f 1999// 890// 893//
f 1999// 893// 2000//
f 2000// 893// 892//
f 2000// 892// 2001//
f 2001// 892// 901//
f 2001// 901// 2002//
f 904// 2003// 2004//
f 2002// 901// 902//
f 2002// 902// 2005//
f 2005// 902// 900//
f 2005// 900// 2004//
f 2004// 900// 905//
f 2004// 905// 904//
f 2003// 904// 908//
f 2003// 908// 2006//
f 2006// 908// 919//
f 2006// 919// 2007//
f 2007// 919// 918//
f 2007// 918// 2008//
f 2008// 918// 917//
f 2008// 917// 2009//
f 2009// 917// 911//
f 2009// 911// 2010//
f 2010// 911// 910//
f 2010// 910// 2011//
f 2011// 910// 916//
f 2011// 916// 2012//
f 2012// 916// 915//
f 2012// 915// 2013//
f 2013// 915// 914//
f 2013// 914// 2014//
f 2014// 914// 913//
f 2014// 913// 2015//
f 2015// 913// 912//
f 2015// 912// 2016//
f 2016// 912// 909//
f 2016// 909// 2017//
f 2017// 909// 907//
f 2017// 907// 2018//
f 2018// 907// 906//
f 2018// 906// 2019//
f 894// 2020// 2021//
f 2019// 906// 903//
f 2019// 903// 2022//
f 2022// 903// 899//
f 2022// 899// 2021//
f 2021// 899// 898//
f 2021// 898// 894//
f 2023// 2020// 924//
f 924// 2020// 894//
f 924// 923// 2023//
f 2023// 923// 2024//
f 925// 1960// 920//
f 920// 1960// 2024//
f 920// 2024// 921//
f 921// 2024// 923//
f 1982// 1983// 1994//
f 1994// 1983// 1993//
f 1974// 2003// 1973//
f 1973// 2003// 2006//
f 1973// 2006// 1972//
f 1960// 2019// 2024//
f 2024// 2019// 2022//
f 2024// 2022// 2023//
f 2023// 2022// 2021//
f 2023// 2021// 2020//
f 1983// 1984// 1993//
f 1993// 1984// 1985//
f 1993// 1985// 1992//
f 1992// 1985// 1986//
f 1992// 1986// 1991//
f 1991// 1986// 1987//
f 1991// 1987// 1990//
f 1990// 1987// 1988//
f 1990// 1988// 1989//
f 1972// 2006// 1971//
f 1971// 2006// 2007//
f 1971// 2007// 1970//
f 1970// 2007// 2008//
f 1970// 2008// 1969//
f 1969// 2008// 2009//
f 1969// 2009// 1968//
f 1968// 2009// 2010//
f 1968// 2010// 1967//
f 1967// 2010// 2011//
f 1967// 2011// 1966//
f 1966// 2011// 2012//
f 1966// 2012// 1965//
f 1965// 2012// 2013//
f 1965// 2013// 1964//
f 1964// 2013// 2014//
f 1964// 2014// 1963//
f 1963// 2014// 2015//
f 1963// 2015// 1962//
f 1962// 2015// 2016//
f 1962// 2016// 1961//
f 1961// 2016// 2017//
f 1961// 2017// 1960//
f 1960// 2017// 2018//
f 1960// 2018// 2019//
f 1994// 1995// 1982//
f 1982// 1995// 1996//
f 1982// 1996// 1981//
f 1981// 1996// 1997//
f 1981// 1997// 1980//
f 1980// 1997// 1998//
f 1980// 1998// 1979//
f 1979// 1998// 1999//
f 1979// 1999// 1978//
f 1978// 1999// 2000//
f 1978// 2000// 1977//
f 1977// 2000// 2001//
f 1977// 2001// 1976//
f 1976// 2001// 2002//
f 1976// 2002// 1975//
f 1975// 2002// 2005//
f 1975// 2005// 1974//
f 1974// 2005// 2004//
f 1974// 2004// 2003//
f 2025// 2026// 2027//
f 2027// 2026// 2028//
f 2029// 2030// 2031//
f 2032// 2033// 2034//
f 2034// 2033// 2035//
f 2036// 2037// 2028//
f 2028// 2037// 2038//
f 2038// 2039// 2028//
f 2028// 2039// 2040//
f 2028// 2040// 2027//
f 2027// 2040// 2041//
f 2027// 2041// 2032//
f 2032// 2041// 2042//
f 2032// 2042// 2033//
f 2031// 2036// 2029//
f 2029// 2036// 2028//
f 2029// 2028// 2043//
f 2043// 2028// 2044//
f 2043// 2044// 2045//
f 2045// 2044// 2046//
f 2045// 2046// 2047//
f 2047// 2046// 2048//
f 2047// 2048// 2049//
f 2049// 2048// 2050//
f 2049// 2050// 2051//
f 2051// 2050// 2052//
f 2051// 2052// 2053//
f 2053// 2052// 2054//
f 2053// 2054// 2055//
f 2055// 2054// 2056//
f 2055// 2056// 2057//
f 2057// 2056// 2058//
f 2057// 2058// 2059//
f 2059// 2058// 2060//
f 2059// 2060// 2061//
f 2061// 2060// 2062//
f 2063// 2064// 2065//
f 2065// 2064// 2066//
f 2065// 2066// 2067//
f 2067// 2066// 2068//
f 2067// 2068// 2069//
f 2069// 2068// 2070//
f 2069// 2070// 2071//
f 2071// 2070// 2072//
f 2071// 2072// 2073//
f 2073// 2072// 2074//
f 2073// 2074// 2035//
f 2035// 2074// 2075//
f 2035// 2075// 2034//
f 2076// 2077// 2078//
f 2078// 2077// 2079//
f 2078// 2079// 2080//
f 2080// 2079// 2081//
f 2080// 2081// 2082//
f 2082// 2081// 2083//
f 2082// 2083// 2063//
f 2063// 2083// 2084//
f 2063// 2084// 2064//
f 2029// 2085// 2030//
f 2030// 2085// 2086//
f 2030// 2086// 2087//
f 2087// 2086// 2088//
f 2087// 2088// 2089//
f 2089// 2088// 2090//
f 2089// 2090// 2091//
f 2091// 2090// 2092//
f 2091// 2092// 2076//
f 2076// 2092// 2093//
f 2076// 2093// 2077//
f 2055// 767// 766//
f 2055// 766// 2053//
f 2053// 766// 796//
f 2053// 796// 2051//
f 2051// 796// 795//
f 2051// 795// 2049//
f 2049// 795// 789//
f 2049// 789// 2047//
f 2047// 789// 788//
f 2047// 788// 2045//
f 2045// 788// 787//
f 2045// 787// 2043//
f 2043// 787// 786//
f 2043// 786// 2029//
f 2085// 2029// 765//
f 765// 2029// 786//
f 2085// 765// 763//
f 2085// 763// 2086//
f 2086// 763// 762//
f 2086// 762// 2088//
f 2088// 762// 753//
f 2088// 753// 2090//
f 2090// 753// 752//
f 2090// 752// 2092//
f 2092// 752// 781//
f 2092// 781// 2093//
f 2093// 781// 780//
f 2093// 780// 2077//
f 2077// 780// 775//
f 2077// 775// 2079//
f 2079// 775// 774//
f 2079// 774// 2081//
f 2081// 774// 773//
f 2081// 773// 2083//
f 2083// 773// 779//
f 2083// 779// 2084//
f 2084// 779// 778//
f 2084// 778// 2064//
f 797// 2070// 772//
f 772// 2070// 2068//
f 772// 2068// 771//
f 771// 2068// 2066//
f 771// 2066// 769//
f 769// 2066// 2064//
f 769// 2064// 778//
f 2070// 797// 799//
f 2070// 799// 2072//
f 2072// 799// 801//
f 2072// 801// 2074//
f 801// 1109// 2074//
f 2074// 1109// 761//
f 2074// 761// 2075//
f 2075// 761// 760//
f 2075// 760// 2034//
f 2034// 760// 759//
f 2034// 759// 2032//
f 2027// 2032// 758//
f 758// 2032// 759//
f 2025// 2027// 757//
f 757// 2027// 758//
f 2026// 2025// 756//
f 756// 2025// 757//
f 2028// 2026// 794//
f 794// 2026// 756//
f 2028// 794// 793//
f 2028// 793// 2044//
f 2044// 793// 792//
f 2044// 792// 2046//
f 2046// 792// 777//
f 2046// 777// 2048//
f 2048// 777// 776//
f 2048// 776// 2050//
f 2050// 776// 785//
f 2050// 785// 2052//
f 2052// 785// 784//
f 2052// 784// 2054//
f 2054// 784// 783//
f 2054// 783// 2056//
f 2056// 783// 782//
f 2056// 782// 2058//
f 2058// 782// 791//
f 2058// 791// 2060//
f 2060// 791// 790//
f 2060// 790// 2062//
f 2061// 2062// 754//
f 754// 2062// 790//
f 2061// 754// 764//
f 2061// 764// 2059//
f 2059// 764// 768//
f 2059// 768// 2057//
f 2057// 768// 767//
f 2057// 767// 2055//
f 2042// 2094// 2095//
f 2042// 2095// 2033//
f 2033// 2095// 2096//
f 2033// 2096// 2035//
f 2035// 2096// 2097//
f 2035// 2097// 2073//
f 2073// 2097// 2098//
f 2073// 2098// 2071//
f 2038// 2099// 2100//
f 2038// 2100// 2039//
f 2039// 2100// 2101//
f 2039// 2101// 2040//
f 2040// 2101// 2102//
f 2040// 2102// 2041//
f 2041// 2102// 2094//
f 2041// 2094// 2042//
f 2038// 2037// 2099//
f 2099// 2037// 2103//
f 2037// 2036// 2103//
f 2103// 2036// 2104//
f 2087// 2105// 2106//
f 2087// 2106// 2030//
f 2030// 2106// 2107//
f 2030// 2107// 2031//
f 2031// 2107// 2104//
f 2031// 2104// 2036//
f 2078// 2108// 2109//
f 2078// 2109// 2076//
f 2076// 2109// 2110//
f 2076// 2110// 2091//
f 2091// 2110// 2111//
f 2091// 2111// 2089//
f 2089// 2111// 2105//
f 2089// 2105// 2087//
f 2065// 2112// 2113//
f 2065// 2113// 2063//
f 2063// 2113// 2114//
f 2063// 2114// 2082//
f 2082// 2114// 2115//
f 2082// 2115// 2080//
f 2080// 2115// 2108//
f 2080// 2108// 2078//
f 2071// 2098// 2116//
f 2071// 2116// 2069//
f 2069// 2116// 2117//
f 2069// 2117// 2067//
f 2067// 2117// 2112//
f 2067// 2112// 2065//
usemtl 2
f 2100// 2099// 2105//
f 2099// 2103// 2104//
f 2104// 2107// 2099//
f 2099// 2107// 2106//
f 2099// 2106// 2105//
f 2100// 2105// 2101//
f 2101// 2105// 2111//
f 2101// 2111// 2102//
f 2113// 2112// 2095//
f 2113// 2095// 2114//
f 2096// 2095// 2097//
f 2097// 2095// 2098//
f 2111// 2110// 2102//
f 2102// 2110// 2109//
f 2102// 2109// 2094//
f 2094// 2109// 2108//
f 2094// 2108// 2095//
f 2095// 2108// 2115//
f 2095// 2115// 2114//
f 2112// 2117// 2095//
f 2095// 2117// 2116//
f 2095// 2116// 2098//
usemtl 4
f 2118// 2119// 2120//
f 2121// 2122// 2123//
f 2124// 2125// 2126//
f 2127// 2128// 2129//
f 2129// 2128// 2130//
f 2131// 2132// 2120//
f 2120// 2132// 2133//
f 2120// 2133// 2118//
f 2123// 2122// 2134//
f 2135// 2136// 2137//
f 2138// 2139// 2128//
f 2128// 2139// 2140//
f 2128// 2140// 2130//
f 2130// 2140// 2141//
f 2142// 2143// 2144//
f 2144// 2143// 2145//
f 2144// 2145// 2146//
f 2146// 2145// 2147//
f 2146// 2147// 2148//
f 2148// 2147// 2149//
f 2148// 2149// 2150//
f 2150// 2149// 2120//
f 2150// 2120// 2151//
f 2151// 2120// 2152//
f 2153// 2154// 2142//
f 2142// 2154// 2155//
f 2142// 2155// 2143//
f 2127// 2129// 2137//
f 2137// 2129// 2156//
f 2137// 2156// 2135//
f 2157// 2158// 2159//
f 2159// 2158// 2160//
f 2159// 2160// 2161//
f 2161// 2160// 2162//
f 2161// 2162// 2163//
f 2163// 2162// 2164//
f 2124// 2126// 2165//
f 2165// 2126// 2166//
f 2165// 2166// 2167//
f 2167// 2166// 2168//
f 2167// 2168// 2169//
f 2122// 2170// 2134//
f 2134// 2170// 2171//
f 2134// 2171// 2172//
f 2172// 2171// 2173//
f 2172// 2173// 2124//
f 2124// 2173// 2174//
f 2124// 2174// 2125//
f 2141// 2140// 2142//
f 2142// 2140// 2175//
f 2142// 2175// 2153//
f 2176// 2177// 2178//
f 2178// 2177// 2179//
f 2178// 2179// 2180//
f 2180// 2179// 2181//
f 2180// 2181// 2182//
f 2182// 2181// 2183//
f 2182// 2183// 2184//
f 2184// 2183// 2185//
f 2184// 2185// 2186//
f 2152// 2120// 2187//
f 2187// 2120// 2119//
f 2187// 2119// 2188//
f 2162// 2189// 2164//
f 2164// 2189// 2190//
f 2164// 2190// 2191//
f 2191// 2190// 2192//
f 2191// 2192// 2193//
f 2193// 2192// 2194//
f 2193// 2194// 2195//
f 2195// 2194// 2196//
f 2195// 2196// 2197//
f 2197// 2196// 2198//
f 2197// 2198// 2199//
f 2199// 2198// 2200//
f 2199// 2200// 2176//
f 2176// 2200// 2201//
f 2176// 2201// 2177//
f 2202// 2203// 2204//
f 2204// 2203// 2205//
f 2204// 2205// 2159//
f 2159// 2205// 2206//
f 2159// 2206// 2157//
f 2207// 2208// 2209//
f 2209// 2208// 2210//
f 2209// 2210// 2211//
f 2211// 2210// 2212//
f 2211// 2212// 2213//
f 2213// 2212// 2214//
f 2213// 2214// 2215//
f 2215// 2214// 2216//
f 2215// 2216// 2131//
f 2131// 2216// 2217//
f 2131// 2217// 2132//
f 2136// 2218// 2137//
f 2137// 2218// 2219//
f 2137// 2219// 2220//
f 2220// 2219// 2221//
f 2220// 2221// 2222//
f 2222// 2221// 2223//
f 2222// 2223// 2224//
f 2224// 2223// 2225//
f 2224// 2225// 2226//
f 2226// 2225// 2227//
f 2226// 2227// 2228//
f 2228// 2227// 2229//
f 2228// 2229// 2230//
f 2230// 2229// 2231//
f 2230// 2231// 2232//
f 2232// 2231// 2233//
f 2232// 2233// 2234//
f 2234// 2233// 2235//
f 2234// 2235// 2236//
f 2236// 2235// 2237//
f 2236// 2237// 2119//
f 2119// 2237// 2238//
f 2119// 2238// 2188//
f 2169// 2168// 2239//
f 2239// 2168// 2240//
f 2239// 2240// 2241//
f 2241// 2240// 2242//
f 2241// 2242// 2243//
f 2243// 2242// 2244//
f 2243// 2244// 2245//
f 2245// 2244// 2246//
f 2245// 2246// 2202//
f 2202// 2246// 2247//
f 2202// 2247// 2203//
f 2123// 2248// 2121//
f 2121// 2248// 2249//
f 2121// 2249// 2250//
f 2250// 2249// 2251//
f 2250// 2251// 2252//
f 2252// 2251// 2253//
f 2252// 2253// 2207//
f 2207// 2253// 2254//
f 2207// 2254// 2208//
f 2255// 2256// 2257//
f 2185// 2258// 2186//
f 2186// 2258// 2255//
f 2186// 2255// 2259//
f 2259// 2255// 2257//
f 2260// 2261// 2255//
f 2255// 2261// 2262//
f 2255// 2262// 2256//
f 2263// 2264// 2265//
f 2264// 2266// 2265//
f 2265// 2266// 2267//
f 2265// 2267// 2268//
f 2260// 2255// 2265//
f 2265// 2255// 2269//
f 2265// 2269// 2263//
f 640// 2164// 977//
f 977// 2164// 2191//
f 977// 2191// 978//
f 978// 2191// 2193//
f 978// 2193// 980//
f 980// 2193// 2195//
f 980// 2195// 993//
f 640// 639// 2164//
f 2164// 639// 935//
f 2164// 935// 2163//
f 2163// 935// 934//
f 2163// 934// 2161//
f 2161// 934// 933//
f 2161// 933// 2159//
f 2159// 933// 932//
f 2159// 932// 2204//
f 2204// 932// 931//
f 2204// 931// 2202//
f 2202// 931// 2245//
f 2245// 931// 929//
f 929// 928// 2245//
f 2245// 928// 937//
f 2245// 937// 2243//
f 2243// 937// 936//
f 2243// 936// 2241//
f 943// 2167// 941//
f 941// 2167// 2169//
f 941// 2169// 940//
f 940// 2169// 2239//
f 940// 2239// 939//
f 939// 2239// 2241//
f 939// 2241// 936//
f 2167// 943// 946//
f 2167// 946// 2165//
f 2165// 946// 948//
f 2165// 948// 2124//
f 2124// 948// 947//
f 2124// 947// 2172//
f 2172// 947// 945//
f 2172// 945// 2134//
f 2134// 945// 944//
f 2134// 944// 2123//
f 2123// 944// 951//
f 2123// 951// 2248//
f 2248// 951// 950//
f 2248// 950// 2249//
f 2249// 950// 949//
f 2249// 949// 2251//
f 2254// 2253// 957//
f 957// 2253// 2251//
f 957// 2251// 949//
f 957// 956// 2254//
f 2254// 956// 955//
f 2254// 955// 2208//
f 2208// 955// 954//
f 954// 965// 2208//
f 2208// 965// 964//
f 2208// 964// 2210//
f 2210// 964// 963//
f 2210// 963// 2212//
f 2212// 963// 962//
f 2212// 962// 2214//
f 2214// 962// 961//
f 2214// 961// 2216//
f 2216// 961// 959//
f 2216// 959// 2217//
f 2217// 959// 958//
f 2217// 958// 2132//
f 2132// 958// 966//
f 2132// 966// 2133//
f 2133// 966// 967//
f 2133// 967// 2118//
f 967// 968// 2118//
f 2118// 968// 969//
f 2118// 969// 2119//
f 2119// 969// 970//
f 2119// 970// 2236//
f 2236// 970// 809//
f 2236// 809// 2234//
f 809// 811// 2234//
f 2234// 811// 812//
f 2234// 812// 2232//
f 2232// 812// 805//
f 2232// 805// 2230//
f 1033// 2127// 2137//
f 2230// 805// 803//
f 2230// 803// 2228//
f 2228// 803// 802//
f 2228// 802// 2226//
f 802// 976// 2226//
f 2226// 976// 975//
f 2226// 975// 2224//
f 2224// 975// 974//
f 2224// 974// 2222//
f 2222// 974// 972//
f 2222// 972// 2220//
f 2220// 972// 971//
f 2220// 971// 2137//
f 2137// 971// 1032//
f 2137// 1032// 1033//
f 2128// 2127// 1018//
f 1018// 2127// 1033//
f 2138// 2128// 983//
f 983// 2128// 1018//
f 2139// 2138// 985//
f 985// 2138// 983//
f 2140// 2139// 984//
f 984// 2139// 985//
f 2140// 984// 986//
f 2140// 986// 2175//
f 2175// 986// 987//
f 2175// 987// 2153//
f 2153// 987// 1012//
f 2153// 1012// 2154//
f 2154// 1012// 1011//
f 2154// 1011// 2155//
f 2155// 1011// 1010//
f 2155// 1010// 2143//
f 2143// 1010// 1006//
f 2143// 1006// 2145//
f 2145// 1006// 1007//
f 2145// 1007// 2147//
f 2147// 1007// 1003//
f 2147// 1003// 2149//
f 2149// 1003// 1005//
f 2149// 1005// 2120//
f 2120// 1005// 1004//
f 2120// 1004// 2131//
f 2131// 1004// 1002//
f 2131// 1002// 2215//
f 2215// 1002// 1001//
f 2215// 1001// 2213//
f 2213// 1001// 1009//
f 2213// 1009// 2211//
f 2211// 1009// 1008//
f 2211// 1008// 2209//
f 1008// 992// 2209//
f 2209// 992// 2207//
f 992// 1041// 2207//
f 2207// 1041// 1040//
f 2207// 1040// 2252//
f 2252// 1040// 1053//
f 2252// 1053// 2250//
f 1053// 1067// 2250//
f 2250// 1067// 1066//
f 2250// 1066// 2121//
f 2121// 1066// 1065//
f 2121// 1065// 2122//
f 2122// 1065// 1059//
f 2122// 1059// 2170//
f 2170// 1059// 1058//
f 2170// 1058// 2171//
f 2171// 1058// 1057//
f 2171// 1057// 2173//
f 2173// 1057// 1054//
f 2173// 1054// 2174//
f 2174// 1054// 1049//
f 2174// 1049// 2125//
f 2125// 1049// 1052//
f 2125// 1052// 2126//
f 2126// 1052// 1060//
f 2126// 1060// 2166//
f 2166// 1060// 1062//
f 2166// 1062// 2168//
f 2168// 1062// 1064//
f 2168// 1064// 2240//
f 2240// 1064// 1063//
f 2240// 1063// 2242//
f 1039// 2157// 1055//
f 1055// 2157// 2206//
f 1055// 2206// 1056//
f 1056// 2206// 2205//
f 1056// 2205// 1047//
f 1047// 2205// 2203//
f 1047// 2203// 1048//
f 1048// 2203// 2247//
f 1048// 2247// 1050//
f 1050// 2247// 2246//
f 1050// 2246// 1051//
f 1051// 2246// 2244//
f 1051// 2244// 1061//
f 1061// 2244// 2242//
f 1061// 2242// 1063//
f 2158// 2157// 1042//
f 1042// 2157// 1039//
f 2158// 1042// 1046//
f 2158// 1046// 2160//
f 2160// 1046// 1045//
f 2160// 1045// 2162//
f 2162// 1045// 1044//
f 2162// 1044// 2189//
f 2189// 1044// 1043//
f 2189// 1043// 2190//
f 2190// 1043// 991//
f 2190// 991// 2192//
f 991// 990// 2192//
f 2192// 990// 989//
f 2192// 989// 2194//
f 2194// 989// 1024//
f 2194// 1024// 2196//
f 2196// 1024// 1023//
f 2196// 1023// 2198//
f 2198// 1023// 1022//
f 2198// 1022// 2200//
f 2200// 1022// 1021//
f 2200// 1021// 2201//
f 2201// 1021// 1038//
f 2201// 1038// 2177//
f 2177// 1038// 1037//
f 2177// 1037// 2179//
f 2179// 1037// 1036//
f 2179// 1036// 2181//
f 2181// 1036// 1035//
f 2181// 1035// 2183//
f 2185// 2183// 1034//
f 1034// 2183// 1035//
f 2185// 1034// 1000//
f 2185// 1000// 2258//
f 2258// 1000// 999//
f 2258// 999// 2255//
f 2255// 999// 998//
f 2255// 998// 2269//
f 2269// 998// 982//
f 2269// 982// 2263//
f 2263// 982// 981//
f 2263// 981// 2264//
f 2264// 981// 988//
f 2264// 988// 2266//
f 2266// 988// 1020//
f 2266// 1020// 2267//
f 2267// 1020// 1019//
f 2267// 1019// 2268//
f 2268// 1019// 1017//
f 2268// 1017// 2265//
f 2265// 1017// 1016//
f 2265// 1016// 2260//
f 2260// 1016// 1031//
f 2260// 1031// 2261//
f 2261// 1031// 1030//
f 2261// 1030// 2262//
f 2262// 1030// 1029//
f 2262// 1029// 2256//
f 2256// 1029// 1028//
f 2256// 1028// 2257//
f 2257// 1028// 1027//
f 2257// 1027// 2259//
f 2259// 1027// 1026//
f 2259// 1026// 2186//
f 2186// 1026// 1025//
f 2186// 1025// 2184//
f 2182// 2184// 1015//
f 1015// 2184// 1025//
f 2182// 1015// 1014//
f 2182// 1014// 2180//
f 2180// 1014// 1013//
f 2180// 1013// 2178//
f 2178// 1013// 997//
f 2178// 997// 2176//
f 2176// 997// 996//
f 2176// 996// 2199//
f 2199// 996// 994//
f 2199// 994// 2197//
f 2197// 994// 993//
f 2197// 993// 2195//
f 2141// 2270// 2271//
f 2141// 2271// 2130//
f 2130// 2271// 2272//
f 2130// 2272// 2129//
f 2129// 2272// 2273//
f 2129// 2273// 2156//
f 2156// 2273// 2274//
f 2156// 2274// 2135//
f 2135// 2274// 2275//
f 2135// 2275// 2136//
f 2136// 2275// 2276//
f 2136// 2276// 2218//
f 2218// 2276// 2277//
f 2218// 2277// 2219//
f 2219// 2277// 2278//
f 2219// 2278// 2221//
f 2221// 2278// 2279//
f 2221// 2279// 2223//
f 2223// 2279// 2280//
f 2223// 2280// 2225//
f 2225// 2280// 2281//
f 2225// 2281// 2227//
f 2227// 2281// 2282//
f 2227// 2282// 2229//
f 2229// 2282// 2283//
f 2229// 2283// 2231//
f 2231// 2283// 2284//
f 2231// 2284// 2233//
f 2233// 2284// 2285//
f 2233// 2285// 2235//
f 2235// 2285// 2286//
f 2235// 2286// 2237//
f 2237// 2286// 2287//
f 2237// 2287// 2238//
f 2238// 2287// 2288//
f 2238// 2288// 2188//
f 2188// 2288// 2289//
f 2188// 2289// 2187//
f 2187// 2289// 2290//
f 2187// 2290// 2152//
f 2152// 2290// 2291//
f 2152// 2291// 2151//
f 2151// 2291// 2292//
f 2151// 2292// 2150//
f 2150// 2292// 2293//
f 2150// 2293// 2148//
f 2148// 2293// 2294//
f 2148// 2294// 2146//
f 2146// 2294// 2295//
f 2146// 2295// 2144//
f 2144// 2295// 2296//
f 2144// 2296// 2142//
f 2142// 2296// 2270//
f 2142// 2270// 2141//
usemtl 2
f 2284// 2294// 2293//
f 2282// 2281// 2271//
f 2270// 2296// 2284//
f 2284// 2296// 2295//
f 2284// 2295// 2294//
f 2289// 2288// 2293//
f 2293// 2288// 2287//
f 2270// 2284// 2271//
f 2271// 2284// 2283//
f 2271// 2283// 2282//
f 2275// 2274// 2279//
f 2279// 2274// 2273//
f 2292// 2291// 2293//
f 2293// 2291// 2290//
f 2293// 2290// 2289//
f 2287// 2286// 2293//
f 2293// 2286// 2285//
f 2293// 2285// 2284//
f 2281// 2280// 2271//
f 2271// 2280// 2279//
f 2271// 2279// 2272//
f 2272// 2279// 2273//
f 2278// 2277// 2279//
f 2279// 2277// 2276//
f 2279// 2276// 2275//
usemtl 4
f 2297// 2298// 2299//
f 2299// 2298// 2300//
f 2299// 2300// 2301//
f 2301// 2300// 2302//
f 2301// 2302// 2303//
f 2303// 2302// 2304//
f 2303// 2304// 2305//
f 2305// 2304// 2306//
f 2305// 2306// 2307//
f 2307// 2306// 2308//
f 2307// 2308// 2309//
f 2309// 2308// 2310//
f 2309// 2310// 2311//
f 2311// 2310// 2312//
f 2311// 2312// 2313//
f 2313// 2312// 2314//
f 2313// 2314// 2315//
f 2315// 2314// 2316//
f 2315// 2316// 2317//
f 2317// 2316// 2318//
f 2317// 2318// 2319//
f 2319// 2318// 2320//
f 2319// 2320// 2321//
f 2321// 2320// 2322//
f 2321// 2322// 2323//
f 2323// 2322// 2324//
f 2323// 2324// 2325//
f 2325// 2324// 2326//
f 2325// 2326// 2327//
f 2327// 2326// 2328//
f 2327// 2328// 2329//
f 2329// 2328// 2330//
f 2329// 2330// 2331//
f 2331// 2330// 2297//
f 2331// 2297// 2299//
f 2299// 1112// 1111//
f 2299// 1111// 2331//
f 2331// 1111// 1110//
f 2331// 1110// 2329//
f 2329// 1110// 1126//
f 2329// 1126// 2327//
f 2327// 1126// 1125//
f 2327// 1125// 2325//
f 2325// 1125// 1124//
f 2325// 1124// 2323//
f 2323// 1124// 1123//
f 2323// 1123// 2321//
f 2321// 1123// 1122//
f 2321// 1122// 2319//
f 2319// 1122// 1121//
f 2319// 1121// 2317//
f 2317// 1121// 1116//
f 2317// 1116// 2315//
f 2315// 1116// 1115//
f 2315// 1115// 2313//
f 2313// 1115// 1114//
f 2313// 1114// 2311//
f 2309// 2311// 1120//
f 1120// 2311// 1114//
f 2307// 2309// 1119//
f 1119// 2309// 1120//
f 2305// 2307// 1118//
f 1118// 2307// 1119//
f 2305// 1118// 1117//
f 2305// 1117// 2303//
f 2303// 1117// 1113//
f 2303// 1113// 2301//
f 2301// 1113// 1112//
f 2301// 1112// 2299//
f 2318// 2332// 2333//
f 2318// 2333// 2320//
f 2320// 2333// 2334//
f 2320// 2334// 2322//
f 2322// 2334// 2335//
f 2322// 2335// 2324//
f 2324// 2335// 2336//
f 2324// 2336// 2326//
f 2312// 2337// 2338//
f 2312// 2338// 2314//
f 2314// 2338// 2339//
f 2314// 2339// 2316//
f 2316// 2339// 2332//
f 2316// 2332// 2318//
f 2312// 2310// 2337//
f 2337// 2310// 2340//
f 2310// 2308// 2340//
f 2340// 2308// 2341//
f 2308// 2306// 2341//
f 2341// 2306// 2342//
f 2298// 2343// 2344//
f 2298// 2344// 2300//
f 2300// 2344// 2345//
f 2300// 2345// 2302//
f 2302// 2345// 2346//
f 2302// 2346// 2304//
f 2304// 2346// 2342//
f 2304// 2342// 2306//
f 2326// 2336// 2347//
f 2326// 2347// 2328//
f 2328// 2347// 2348//
f 2328// 2348// 2330//
f 2330// 2348// 2349//
f 2330// 2349// 2297//
f 2297// 2349// 2343//
f 2297// 2343// 2298//
usemtl 2
f 2340// 2341// 2337//
f 2337// 2341// 2342//
f 2342// 2346// 2337//
f 2337// 2346// 2345//
f 2337// 2345// 2344//
f 2344// 2343// 2337//
f 2337// 2343// 2349//
f 2337// 2349// 2348//
f 2336// 2332// 2339//
f 2335// 2334// 2336//
f 2336// 2334// 2333//
f 2336// 2333// 2332//
f 2348// 2347// 2337//
f 2337// 2347// 2336//
f 2337// 2336// 2338//
f 2338// 2336// 2339//
usemtl 4
f 2350// 705// 710//
f 2350// 710// 2351//
f 2351// 710// 711//
f 2351// 711// 2352//
f 2352// 711// 709//
f 2352// 709// 2353//
f 2353// 709// 708//
f 2353// 708// 2354//
f 2354// 708// 707//
f 2354// 707// 2355//
f 2355// 707// 706//
f 2355// 706// 2356//
f 2356// 706// 702//
f 2356// 702// 2357//
f 2357// 702// 701//
f 2357// 701// 2358//
f 2358// 701// 700//
f 2358// 700// 2359//
f 2359// 700// 699//
f 2359// 699// 2360//
f 2360// 699// 698//
f 2360// 698// 2361//
f 2361// 698// 697//
f 2361// 697// 2362//
f 2362// 697// 696//
f 2362// 696// 2363//
f 2363// 696// 695//
f 2363// 695// 2364//
f 2364// 695// 694//
f 2364// 694// 2365//
f 2365// 694// 693//
f 2365// 693// 2366//
f 714// 2367// 2368//
f 2366// 693// 691//
f 2366// 691// 2369//
f 2369// 691// 690//
f 2369// 690// 2368//
f 2368// 690// 712//
f 2368// 712// 714//
f 2370// 2367// 719//
f 719// 2367// 714//
f 2370// 719// 718//
f 2370// 718// 2371//
f 720// 2372// 715//
f 715// 2372// 2371//
f 715// 2371// 716//
f 716// 2371// 718//
f 2372// 720// 722//
f 2372// 722// 2373//
f 722// 729// 2373//
f 2373// 729// 728//
f 2373// 728// 2374//
f 2374// 728// 727//
f 2374// 727// 2375//
f 2375// 727// 726//
f 2375// 726// 2376//
f 2376// 726// 725//
f 2376// 725// 2377//
f 2377// 725// 736//
f 2377// 736// 2378//
f 736// 735// 2378//
f 2378// 735// 733//
f 2378// 733// 2379//
f 2379// 733// 732//
f 2379// 732// 2380//
f 2380// 732// 731//
f 2380// 731// 2381//
f 2381// 731// 649//
f 2381// 649// 2382//
f 649// 648// 2382//
f 2382// 648// 741//
f 2382// 741// 2383//
f 2383// 741// 740//
f 2383// 740// 2384//
f 742// 2385// 2386//
f 2384// 740// 739//
f 2384// 739// 2387//
f 2387// 739// 738//
f 2387// 738// 2388//
f 2388// 738// 737//
f 2388// 737// 2386//
f 2386// 737// 743//
f 2386// 743// 742//
f 747// 2389// 2390//
f 2385// 742// 2391//
f 2391// 742// 745//
f 745// 751// 2391//
f 2391// 751// 750//
f 2391// 750// 2390//
f 2390// 750// 748//
f 2390// 748// 747//
f 2392// 2389// 713//
f 713// 2389// 747//
f 2392// 713// 692//
f 2392// 692// 2393//
f 692// 703// 2393//
f 2393// 703// 704//
f 2393// 704// 2394//
f 2394// 704// 705//
f 2394// 705// 2350//
f 2376// 2362// 2375//
f 2375// 2362// 2363//
f 2375// 2363// 2374//
f 2380// 2358// 2379//
f 2379// 2358// 2359//
f 2379// 2359// 2378//
f 2378// 2359// 2377//
f 2377// 2359// 2360//
f 2377// 2360// 2376//
f 2376// 2360// 2361//
f 2376// 2361// 2362//
f 2374// 2363// 2373//
f 2373// 2363// 2364//
f 2373// 2364// 2372//
f 2389// 2392// 2390//
f 2390// 2392// 2393//
f 2390// 2393// 2391//
f 2391// 2393// 2394//
f 2391// 2394// 2385//
f 2385// 2394// 2350//
f 2385// 2350// 2386//
f 2386// 2350// 2351//
f 2386// 2351// 2388//
f 2388// 2351// 2352//
f 2388// 2352// 2387//
f 2387// 2352// 2353//
f 2387// 2353// 2384//
f 2384// 2353// 2354//
f 2384// 2354// 2383//
f 2383// 2354// 2355//
f 2383// 2355// 2382//
f 2382// 2355// 2381//
f 2381// 2355// 2356//
f 2381// 2356// 2380//
f 2380// 2356// 2357//
f 2380// 2357// 2358//
f 2364// 2365// 2372//
f 2372// 2365// 2366//
f 2372// 2366// 2371//
f 2371// 2366// 2369//
f 2371// 2369// 2370//
f 2370// 2369// 2368//
f 2370// 2368// 2367//
f 2395// 2396// 2397//
f 2397// 2396// 2398//
f 2399// 2400// 2395//
f 2395// 2400// 2401//
f 2395// 2401// 2396//
f 2396// 2401// 2402//
f 2399// 2403// 2400//
f 2400// 2403// 2404//
f 2400// 2404// 2405//
f 2405// 2404// 2406//
f 2405// 2406// 2407//
f 2407// 2408// 2405//
f 2405// 2408// 2397//
f 2405// 2397// 2409//
f 2409// 2397// 2398//
f 2409// 2398// 2410//
f 2400// 2405// 1158//
f 1158// 2405// 1159//
f 2401// 2400// 1154//
f 1154// 2400// 1158//
f 2402// 2401// 1153//
f 1153// 2401// 1154//
f 2396// 2402// 1157//
f 1157// 2402// 1153//
f 2398// 2396// 1156//
f 1156// 2396// 1157//
f 2410// 2398// 1155//
f 1155// 2398// 1156//
f 2409// 2410// 1160//
f 1160// 2410// 1155//
f 2405// 2409// 1159//
f 1159// 2409// 1160//
f 2399// 2411// 2412//
f 2399// 2412// 2403//
f 2403// 2412// 2413//
f 2403// 2413// 2404//
f 2399// 2395// 2411//
f 2411// 2395// 2414//
f 2395// 2397// 2414//
f 2414// 2397// 2415//
f 2397// 2408// 2415//
f 2415// 2408// 2416//
f 2406// 2417// 2418//
f 2406// 2418// 2407//
f 2407// 2418// 2416//
f 2407// 2416// 2408//
f 2406// 2404// 2417//
f 2417// 2404// 2413//
usemtl 2
f 2417// 2413// 2418//
f 2418// 2413// 2412//
f 2418// 2412// 2416//
f 2416// 2412// 2411//
f 2416// 2411// 2415//
f 2415// 2411// 2414//
usemtl 4
f 2419// 1076// 2420//
f 2420// 1076// 1071//
f 2420// 1071// 1069//
f 2421// 2420// 1068//
f 1068// 2420// 1069//
f 2421// 1068// 2422//
f 2422// 1068// 1070//
f 2422// 1070// 1072//
f 2423// 2422// 1086//
f 1086// 2422// 1072//
f 1083// 2424// 1085//
f 1085// 2424// 2423//
f 1085// 2423// 1086//
f 2425// 2424// 1082//
f 1082// 2424// 1083//
f 1075// 2426// 1084//
f 1084// 2426// 2425//
f 1084// 2425// 1082//
f 2427// 2426// 1074//
f 1074// 2426// 1075//
f 818// 2428// 819//
f 819// 2428// 2427//
f 819// 2427// 1074//
f 2429// 2428// 1081//
f 1081// 2428// 818//
f 2429// 1081// 2430//
f 2430// 1081// 1080//
f 2430// 1080// 1078//
f 2419// 2430// 1076//
f 1076// 2430// 1078//
f 2429// 2430// 2419//
f 2419// 2420// 2429//
f 2429// 2420// 2421//
f 2429// 2421// 2428//
f 2426// 2427// 2425//
f 2425// 2427// 2428//
f 2425// 2428// 2424//
f 2424// 2428// 2421//
f 2424// 2421// 2423//
f 2423// 2421// 2422//
f 2431// 2432// 1103//
f 1103// 2432// 1096//
f 2433// 2431// 1102//
f 1102// 2431// 1103//
f 2434// 2433// 1104//
f 1104// 2433// 1102//
f 2435// 2434// 1105//
f 1105// 2434// 1104//
f 2436// 2435// 1101//
f 1101// 2435// 1105//
f 2437// 2436// 1100//
f 1100// 2436// 1101//
f 2438// 2437// 1099//
f 1099// 2437// 1100//
f 2439// 2438// 1106//
f 1106// 2438// 1099//
f 2440// 2439// 1094//
f 1094// 2439// 1106//
f 2441// 2440// 1093//
f 1093// 2440// 1094//
f 2442// 2441// 1097//
f 1097// 2441// 1093//
f 2432// 2442// 1096//
f 1096// 2442// 1097//
f 2441// 2442// 2432//
f 2432// 2431// 2441//
f 2441// 2431// 2433//
f 2441// 2433// 2440//
f 2438// 2439// 2437//
f 2437// 2439// 2440//
f 2437// 2440// 2436//
f 2436// 2440// 2433//
f 2436// 2433// 2435//
f 2435// 2433// 2434//
f 2443// 2444// 2445//
f 2445// 2444// 2446//
f 2447// 2448// 2443//
f 2443// 2448// 2449//
f 2443// 2449// 2444//
f 2444// 2449// 2450//
f 2447// 2451// 2448//
f 2448// 2451// 2452//
f 2448// 2452// 2453//
f 2453// 2452// 2454//
f 2453// 2454// 2455//
f 2455// 2456// 2453//
f 2453// 2456// 2445//
f 2453// 2445// 2457//
f 2457// 2445// 2446//
f 2457// 2446// 2458//
f 2448// 2453// 687//
f 687// 2453// 688//
f 676// 2449// 685//
f 685// 2449// 2448//
f 685// 2448// 687//
f 2450// 2449// 675//
f 675// 2449// 676//
f 2444// 2450// 680//
f 680// 2450// 675//
f 1146// 2446// 679//
f 679// 2446// 2444//
f 679// 2444// 680//
f 2458// 2446// 683//
f 683// 2446// 1146//
f 2457// 2458// 682//
f 682// 2458// 683//
f 2453// 2457// 688//
f 688// 2457// 682//
f 2447// 2459// 2460//
f 2447// 2460// 2451//
f 2451// 2460// 2461//
f 2451// 2461// 2452//
f 2447// 2443// 2459//
f 2459// 2443// 2462//
f 2443// 2445// 2462//
f 2462// 2445// 2463//
f 2445// 2456// 2463//
f 2463// 2456// 2464//
f 2454// 2465// 2466//
f 2454// 2466// 2455//
f 2455// 2466// 2464//
f 2455// 2464// 2456//
f 2454// 2452// 2465//
f 2465// 2452// 2461//
usemtl 2
f 2465// 2461// 2466//
f 2466// 2461// 2460//
f 2466// 2460// 2464//
f 2464// 2460// 2459//
f 2464// 2459// 2463//
f 2463// 2459// 2462//
usemtl 4
f 656// 2467// 658//
f 658// 2467// 2468//
f 658// 2468// 660//
f 2469// 2467// 655//
f 655// 2467// 656//
f 2469// 655// 2470//
f 2470// 655// 657//
f 2470// 657// 659//
f 2471// 2470// 665//
f 665// 2470// 659//
f 662// 2472// 664//
f 664// 2472// 2471//
f 664// 2471// 665//
f 2473// 2472// 661//
f 661// 2472// 662//
f 2473// 661// 2474//
f 2474// 661// 663//
f 2474// 663// 654//
f 2475// 2474// 652//
f 652// 2474// 654//
f 673// 2476// 674//
f 674// 2476// 2475//
f 674// 2475// 652//
f 2477// 2476// 666//
f 666// 2476// 673//
f 2477// 666// 2478//
f 2478// 666// 671//
f 2478// 671// 670//
f 2468// 2478// 660//
f 660// 2478// 670//
f 2477// 2478// 2468//
f 2468// 2467// 2477//
f 2477// 2467// 2469//
f 2477// 2469// 2476//
f 2474// 2475// 2473//
f 2473// 2475// 2476//
f 2473// 2476// 2472//
f 2472// 2476// 2469//
f 2472// 2469// 2471//
f 2471// 2469// 2470//
f 2479// 2480// 1092//
f 1092// 2480// 1089//
f 2481// 2479// 1091//
f 1091// 2479// 1092//
f 2482// 2481// 1090//
f 1090// 2481// 1091//
f 2483// 2482// 1087//
f 1087// 2482// 1090//
f 2484// 2483// 1088//
f 1088// 2483// 1087//
f 2480// 2484// 1089//
f 1089// 2484// 1088//
f 2481// 2482// 2479//
f 2479// 2482// 2483//
f 2479// 2483// 2480//
f 2480// 2483// 2484//
