v 3.989301 3.891614 3.1
v 3.989301 3.508533 3.1
v 4.1615 3.508533 3.1
newmtl 1
Ka 0.6666666666666666 0.6666666666666666 0.6666666666666666
Kd 0.6666666666666666 0.6666666666666666 0.6666666666666666
Ks 0.4666666666666667 0.4666666666666667 0.4666666666666667
d 0.0
endmtl
v 6.5051 -10.95 3.1
v 6.8 -10.95 3.1
v 6.8 2.598396 3.1
v 5.809158 -10.95 3.1
v 6.5051 2.598396 3.1
v 5.404304 -10.95 3.1
v 5.809158 2.598396 3.1
v 4.205161 3.552034 3.1
v 4.198526 3.569123 3.1
v 4.198526 3.455592 3.1
v 4.852764 2.687039 3.1
v 4.862839 2.698298 3.1
v 4.862839 2.769671 3.1
v 4.6659 2.770339 3.1
v 4.659278 2.769671 3.1
v 4.76204 2.769671 3.1
v 5.130919 3.205693 3.1
v 5.267694 3.205693 3.1
v 5.267694 3.328819 3.1
v 3.756432 -10.95 3.1
v 3.756432 2.598396 3.1
v 2.412431 2.598396 3.1
v -6.8 0.85 3.1
v -6.8 -10.95 3.1
v -3.0 0.85 3.1
v 2.359623 2.578102 3.1
v 2.285163 2.568925 3.1
v 2.273388 2.569143 3.1
v -3.0 2.598396 3.1
v 2.158046 2.598396 3.1
v 2.200803 2.580444 3.1
v 2.023985 2.711948 3.1
v 1.996998 2.769671 3.1
v -3.0 2.769671 3.1
v 2.069721 2.655537 3.1
v 2.129867 2.610227 3.1
v 1.843156 2.843703 3.1
v 1.747188 2.925526 3.1
v 1.676992 3.025745 3.1
v 1.954261 2.789593 3.1
v 1.993119 2.777967 3.1
v 1.632949 3.140192 3.1
v 1.618074 3.260607 3.1
v -3.0 3.328819 3.1
v 1.618943 3.290106 3.1
v 1.62586 3.328819 3.1
v -3.0 3.455592 3.1
v 1.994977 3.743657 3.1
v 2.116085 3.758619 3.1
v 2.322053 3.887733 3.1
v 1.639587 3.405642 3.1
v 1.661729 3.455592 3.1
v -3.0 3.895262 3.1
v 1.688646 3.516314 3.1
v 1.762558 3.61106 3.1
v 2.249811 3.825866 3.1
v 2.151438 3.756698 3.1
v 2.18679 3.752471 3.1
v 1.783318 3.630709 3.1
v 1.881099 3.699444 3.1
v 2.334343 3.895262 3.1
v -3.0 4.65 3.1
v 2.402972 3.937299 3.1
v 2.545132 3.990433 3.1
v 3.756432 4.65 3.1
v 2.690951 4.007625 3.1
v 2.829175 3.991762 3.1
v 4.812163 3.891614 3.1
v 4.862839 3.895262 3.1
v 4.76204 3.895262 3.1
v 4.64527 3.653985 3.1
v 4.64527 3.508533 3.1
v 4.76204 3.653985 3.1
v 4.76204 3.508533 3.1
v 4.799895 3.653985 3.1
v 4.822 3.508533 3.1
v 4.799895 3.7035 3.1
v 4.812163 3.841878 3.1
v 4.76204 3.7035 3.1
v 4.76204 3.841878 3.1
v 4.64527 3.7035 3.1
v 4.64527 3.841878 3.1
v 4.589454 3.459239 3.1
v 4.56442 3.455592 3.1
v 4.76204 3.455592 3.1
v 4.862839 3.455592 3.1
v 4.822 3.459239 3.1
v 4.76204 3.459239 3.1
v 4.56442 3.895262 3.1
v 4.589454 3.891614 3.1
v 4.76204 3.891614 3.1
v 5.363464 2.822613 3.1
v 5.363464 2.773318 3.1
v 5.404304 2.769671 3.1
v 5.404304 3.328819 3.1
v 5.353627 3.205693 3.1
v 5.353627 3.155957 3.1
v 5.186734 2.968064 3.1
v 5.186734 2.822613 3.1
v 5.267694 2.968064 3.1
v 5.267694 2.822613 3.1
v 5.341359 2.968064 3.1
v 5.341359 3.017579 3.1
v 5.186734 3.155957 3.1
v 5.186734 3.017579 3.1
v 5.267694 3.155957 3.1
v 5.267694 3.017579 3.1
v 5.267694 2.769671 3.1
v 5.267694 2.773318 3.1
v 5.130919 2.773318 3.1
v 4.917383 2.850023 3.1
v 4.924015 2.824602 3.1
v 4.925452 2.824602 3.1
v 5.072561 3.082126 3.1
v 4.862839 3.328819 3.1
v 5.016414 3.082126 3.1
v 4.862839 3.006931 3.1
v 4.932083 2.849581 3.1
v 4.927938 2.835185 3.1
v 3.381591 3.55445 3.1
v 3.464974 3.483928 3.1
v 3.756432 3.895262 3.1
v 3.756432 3.455592 3.1
v 2.982404 3.934552 3.1
v 3.039735 3.895262 3.1
v 3.109034 3.847769 3.1
v 3.211544 3.728906 3.1
v 3.275038 3.604912 3.1
v 3.290107 3.599846 3.1
v 3.756432 2.769671 3.1
v 2.573197 2.769671 3.1
v 2.572879 2.768331 3.1
v 2.53648 2.699836 3.1
v 2.489405 2.647069 3.1
v 2.428181 2.604449 3.1
v 3.565308 3.302588 3.1
v 3.579379 3.202199 3.1
v 3.756432 3.328819 3.1
v 2.965745 2.951025 3.1
v 2.98684 2.959358 3.1
v 3.022958 3.134568 3.1
v 3.465635 2.910155 3.1
v 3.382 2.839355 3.1
v 2.515724 3.082307 3.1
v 2.92766 3.297498 3.1
v 2.461962 3.131252 3.1
v 2.396723 3.166204 3.1
v 2.946842 2.937628 3.1
v 3.526665 2.995177 3.1
v 3.387261 3.226209 3.1
v 3.372785 3.285243 3.1
v 3.349263 3.328819 3.1
v 1.819394 3.328819 3.1
v 3.565278 3.092502 3.1
v 3.010662 2.962415 3.1
v 3.013654 2.962199 3.1
v 3.022876 2.960157 3.1
v 1.837519 3.144019 3.1
v 1.87406 3.081857 3.1
v 2.030144 3.049984 3.1
v 1.929168 3.025224 3.1
v 1.996194 2.983934 3.1
v 2.14381 3.151784 3.1
v 2.080961 3.108104 3.1
v 1.811745 3.266756 3.1
v 1.815442 3.219241 3.1
v 2.21171 3.17777 3.1
v 2.285163 3.186828 3.1
v 2.322513 3.184616 3.1
v 2.915363 2.867117 3.1
v 2.916144 2.879249 3.1
v 2.592578 2.907081 3.1
v 2.922318 2.902647 3.1
v 2.934139 2.92362 3.1
v 3.32636 3.036501 3.1
v 3.360191 3.084443 3.1
v 3.38139 3.139227 3.1
v 3.388782 3.199125 3.1
v 2.987195 2.77461 3.1
v 2.966861 2.782614 3.1
v 2.946923 2.796789 3.1
v 2.939777 2.804062 3.1
v 2.926378 2.823373 3.1
v 2.91828 2.844219 3.1
v 2.590899 2.844211 3.1
v 2.592578 2.876339 3.1
v 3.288204 2.793453 3.1
v 3.185888 2.771818 3.1
v 3.004514 2.771818 3.1
v 3.029106 2.959341 3.1
v 3.167443 2.959341 3.1
v 3.222725 2.969945 3.1
v 3.276956 2.995099 3.1
v 3.322392 3.032239 3.1
v 3.124405 3.438908 3.1
v 1.847269 3.409774 3.1
v 1.820922 3.341216 3.1
v 3.148998 3.438908 3.1
v 3.344167 3.33826 3.1
v 3.308834 3.3777 3.1
v 3.261162 3.411008 3.1
v 3.207513 3.431683 3.1
v 3.058066 3.623701 3.1
v 2.988698 3.706513 3.1
v 2.282089 3.528058 3.1
v 2.981072 3.713458 3.1
v 2.894706 3.773406 3.1
v 2.329063 3.625316 3.1
v 1.879164 3.455592 3.1
v 2.260329 3.539965 3.1
v 3.120734 3.455592 3.1
v 3.105536 3.524669 3.1
v 2.191405 3.565201 3.1
v 2.119159 3.574171 3.1
v 2.087031 3.572491 3.1
v 2.398016 3.707685 3.1
v 2.798308 3.810352 3.1
v 2.480407 3.767884 3.1
v 2.694025 3.823176 3.1
v 2.580829 3.808593 3.1
v 2.011151 3.554471 3.1
v 1.942656 3.518073 3.1
v 1.889889 3.470998 3.1
v 3.485307 3.455592 3.1
v 3.527723 3.396475 3.1
v 3.554807 3.328819 3.1
v 4.239762 2.920555 3.1
v 4.248041 3.007853 3.1
v 4.228928 2.905055 3.1
v 4.221487 2.885966 3.1
v 4.484455 2.769671 3.1
v 4.465998 2.773318 3.1
v 4.41184 2.773318 3.1
v 4.198526 2.769671 3.1
v 4.227101 2.813086 3.1
v 4.220544 2.831398 3.1
v 4.386549 3.086342 3.1
v 4.409487 3.079468 3.1
v 4.484455 3.328819 3.1
v 4.427539 3.069245 3.1
v 4.442031 3.055502 3.1
v 4.25638 2.934937 3.1
v 4.279499 2.94675 3.1
v 4.281529 3.029497 3.1
v 4.320325 2.95679 3.1
v 4.367629 3.043289 3.1
v 4.349282 3.045211 3.1
v 4.315338 3.041487 3.1
v 4.262632 2.777614 3.1
v 4.244394 2.790339 3.1
v 4.23836 2.796452 3.1
v 4.41184 2.821065 3.1
v 4.410403 2.821065 3.1
v 4.401745 2.807927 3.1
v 4.384613 2.789595 3.1
v 4.248041 3.060463 3.1
v 4.259441 3.067056 3.1
v 4.198526 3.328819 3.1
v 4.299753 3.082611 3.1
v 4.354367 3.0892 3.1
v 4.217868 2.855991 3.1
v 4.218022 2.862608 3.1
v 4.453152 3.038094 3.1
v 4.461683 3.013619 3.1
v 4.465998 2.972043 3.1
v 4.41184 2.969611 3.1
v 4.409956 2.993558 3.1
v 4.404356 3.012842 3.1
v 4.397994 3.023995 3.1
v 4.389806 3.032704 3.1
v 4.380191 3.038901 3.1
v 4.345293 2.769671 3.1
v 4.343832 2.769141 3.1
v 4.484455 2.598396 3.1
v 4.198526 2.598396 3.1
v 4.315794 2.766023 3.1
v 4.284385 2.769671 3.1
v 4.283396 2.769785 3.1
v 4.733137 3.075495 3.1
v 4.733137 3.022884 3.1
v 4.574423 3.064663 3.1
v 4.5906 3.074315 3.1
v 4.56442 3.328819 3.1
v 4.745372 2.835557 3.1
v 4.738721 2.818394 3.1
v 4.728626 2.804111 3.1
v 4.620343 3.084913 3.1
v 4.65997 3.0892 3.1
v 4.76204 3.328819 3.1
v 4.696267 3.086136 3.1
v 4.729822 2.90838 3.1
v 4.73993 2.893462 3.1
v 4.745709 2.877494 3.1
v 4.747948 2.857317 3.1
v 4.713132 2.79056 3.1
v 4.695888 2.780474 3.1
v 4.654665 3.045211 3.1
v 4.638633 3.044008 3.1
v 4.595533 3.003653 3.1
v 4.624146 3.040174 3.1
v 4.612001 3.033716 3.1
v 4.596027 2.996449 3.1
v 4.598176 2.988036 3.1
v 4.602077 2.980729 3.1
v 4.607359 2.974916 3.1
v 4.626453 2.96298 3.1
v 4.690992 3.040985 3.1
v 4.65997 2.94839 3.1
v 4.721467 3.029614 3.1
v 4.68094 2.939905 3.1
v 4.716908 2.919902 3.1
v 4.60383 3.026495 3.1
v 4.599187 3.019602 3.1
v 4.596513 3.01229 3.1
v 4.539718 2.99879 3.1
v 4.541855 3.018155 3.1
v 4.548019 2.961225 3.1
v 4.542046 2.977763 3.1
v 4.539386 2.840075 3.1
v 4.548304 3.035591 3.1
v 4.558367 3.050229 3.1
v 4.56442 3.055671 3.1
v 4.559597 2.827486 3.1
v 4.56442 2.825632 3.1
v 4.56442 2.940355 3.1
v 4.555081 2.949938 3.1
v 4.563941 2.940671 3.1
v 4.593505 2.814449 3.1
v 4.621728 2.909043 3.1
v 4.589447 2.92384 3.1
v 4.628469 2.810234 3.1
v 4.630862 2.810248 3.1
v 4.65729 2.89415 3.1
v 4.658624 2.81336 3.1
v 4.692354 2.852012 3.1
v 4.691823 2.858749 3.1
v 4.672599 2.818474 3.1
v 4.677537 2.82147 3.1
v 4.683752 2.826987 3.1
v 4.688479 2.833978 3.1
v 4.691232 2.84168 3.1
v 4.689363 2.867206 3.1
v 4.685175 2.874385 3.1
v 4.678427 2.881412 3.1
v 4.590804 2.769671 3.1
v 4.574115 2.771552 3.1
v 4.56442 2.769671 3.1
v 4.56442 2.775068 3.1
v 4.539386 2.784149 3.1
v 4.862839 2.861561 3.1
v 4.776132 3.082126 3.1
v 4.8367 3.082126 3.1
v 4.895443 2.769671 3.1
v 4.897267 2.773981 3.1
v 4.862852 2.698312 3.1
v 4.873505 2.717834 3.1
v 4.76204 2.598396 3.1
v 4.787295 2.632288 3.1
v 4.787295 2.680476 3.1
v 4.623165 2.766023 3.1
v 4.56442 2.598396 3.1
v 4.798375 2.676846 3.1
v 4.818021 2.674287 3.1
v 4.862839 2.637521 3.1
v 4.8441 2.630382 3.1
v 4.862839 2.598396 3.1
v 4.822221 2.627867 3.1
v 4.810266 2.628295 3.1
v 4.831253 2.675798 3.1
v 4.843089 2.680301 3.1
v 4.932415 2.726676 3.1
v 4.907897 2.678929 3.1
v 5.267694 2.598396 3.1
v 4.949367 2.769671 3.1
v 4.88808 2.655128 3.1
v 4.884387 2.651744 3.1
v 4.865472 2.638524 3.1
v 4.484455 3.830657 3.1
v 4.391283 3.501681 3.1
v 4.419021 3.503124 3.1
v 4.280078 3.797128 3.1
v 4.259227 3.767035 3.1
v 4.238318 3.653215 3.1
v 4.245455 3.610269 3.1
v 4.401009 3.84851 3.1
v 4.382392 3.847677 3.1
v 4.283188 3.800541 3.1
v 4.345037 3.840076 3.1
v 4.311221 3.823947 3.1
v 4.244794 3.729614 3.1
v 4.237762 3.670563 3.1
v 4.259622 3.575593 3.1
v 4.280204 3.547217 3.1
v 4.291287 3.53651 3.1
v 4.45424 3.842154 3.1
v 4.320238 3.517148 3.1
v 4.351737 3.505957 3.1
v 4.466743 3.513628 3.1
v 4.484455 3.521958 3.1
v 4.498098 3.825466 3.1
v 4.502913 3.530638 3.1
v 4.502913 3.822868 3.1
v 4.446874 3.895262 3.1
v 4.457072 3.89446 3.1
v 4.484455 3.895262 3.1
v 4.484455 3.886554 3.1
v 4.502913 3.881225 3.1
v 4.400456 3.898909 3.1
v 4.484455 4.65 3.1
v 4.370305 3.895262 3.1
v 4.198526 4.65 3.1
v 4.198526 3.895262 3.1
v 4.210289 3.794303 3.1
v 4.241631 3.835246 3.1
v 4.251161 3.844405 3.1
v 4.292975 3.873888 3.1
v 4.338195 3.891377 3.1
v 4.172608 3.895262 3.1
v 4.189752 3.746275 3.1
v 4.198526 3.766794 3.1
v 4.187613 3.597231 3.1
v 4.172608 3.455592 3.1
v 4.179184 3.667248 3.1
v 4.179945 3.68983 3.1
v 4.305014 3.464635 3.1
v 4.264922 3.485046 3.1
v 4.234668 3.510965 3.1
v 4.230907 3.515077 3.1
v 4.343505 3.455592 3.1
v 4.350828 3.453871 3.1
v 4.383214 3.451944 3.1
v 4.421367 3.455592 3.1
v 4.502913 3.477144 3.1
v 4.495536 3.473469 3.1
v 4.484455 3.455592 3.1
v 4.484455 3.469835 3.1
v 4.449115 3.458244 3.1
v 5.809158 3.455592 3.1
v 5.668736 3.459239 3.1
v 5.607062 3.459239 3.1
v 5.562963 3.577501 3.1
v 5.404304 3.577501 3.1
v 5.404304 3.455592 3.1
v 5.504053 3.891614 3.1
v 5.809158 3.895262 3.1
v 5.404304 3.895262 3.1
v 5.382916 3.577501 3.1
v 5.341359 3.459239 3.1
v 5.267694 3.455592 3.1
v 5.279686 3.459239 3.1
v 5.267694 3.895262 3.1
v 5.404304 3.786422 3.1
v 5.444369 3.891614 3.1
v 5.404304 2.598396 3.1
v 5.267694 -10.95 3.1
v 4.862839 -10.95 3.1
v 4.76204 -10.95 3.1
v 4.56442 -10.95 3.1
v 4.484455 -10.95 3.1
v 4.198526 -10.95 3.1
v 4.365772 2.777097 3.1
v 6.5051 2.769671 3.1
v 5.809158 2.769671 3.1
v 3.933486 3.205693 3.1
v 3.933486 2.773318 3.1
v 4.172608 2.769671 3.1
v 4.172608 2.598396 3.1
v 4.172608 -10.95 3.1
v 4.156195 3.205693 3.1
v 4.172608 3.328819 3.1
v 4.156195 3.155957 3.1
v 4.166031 2.822613 3.1
v 4.166031 2.773318 3.1
v 3.989301 2.968064 3.1
v 3.989301 2.822613 3.1
v 4.143926 2.968064 3.1
v 4.143926 3.017579 3.1
v 3.989301 3.017579 3.1
v 3.989301 3.155957 3.1
v 5.445142 2.773318 3.1
v 5.785373 2.916812 3.1
v 5.764068 2.872099 3.1
v 5.731956 2.833886 3.1
v 5.774092 3.095601 3.1
v 5.790038 3.054315 3.1
v 5.809158 3.328819 3.1
v 5.797166 2.995032 3.1
v 5.795861 2.967422 3.1
v 5.686494 2.801346 3.1
v 5.637137 2.782161 3.1
v 5.564068 2.773318 3.1
v 5.445142 3.205693 3.1
v 5.568489 3.205693 3.1
v 5.634511 3.198402 3.1
v 5.686693 3.179339 3.1
v 5.731956 3.148442 3.1
v 5.747368 3.133348 3.1
v 6.104427 2.89158 3.1
v 5.924381 2.89158 3.1
v 6.148527 2.773318 3.1
v 5.882823 2.773318 3.1
v 6.210199 2.773318 3.1
v 5.82115 2.773318 3.1
v 5.985833 3.205693 3.1
v 6.045516 3.205693 3.1
v 3.933486 3.459239 3.1
v 3.933486 3.891614 3.1
v 4.1615 3.459239 3.1
v 5.243908 3.602733 3.1
v 5.222603 3.55802 3.1
v 5.190492 3.519807 3.1
v 5.14503 3.487267 3.1
v 5.232628 3.781522 3.1
v 5.248574 3.740236 3.1
v 5.255702 3.680953 3.1
v 5.254397 3.653343 3.1
v 5.027025 3.891614 3.1
v 5.093048 3.884323 3.1
v 5.145229 3.86526 3.1
v 5.095673 3.468082 3.1
v 5.022604 3.459239 3.1
v 4.903678 3.459239 3.1
v 4.903678 3.891614 3.1
v 5.190492 3.834362 3.1
v 5.205904 3.819268 3.1
v 6.5051 3.328819 3.1
v 6.5051 3.455592 3.1
v 6.5051 3.895262 3.1
v 6.8 2.769671 3.1
v 6.8 3.328819 3.1
v 6.8 3.455592 3.1
v 6.8 3.895262 3.1
v 4.172608 4.65 3.1
v 6.8 4.65 3.1
v 6.5051 4.65 3.1
v 5.809158 4.65 3.1
v 5.404304 4.65 3.1
v 5.267694 4.65 3.1
v 4.862839 4.65 3.1
v 4.76204 4.65 3.1
v 4.56442 4.65 3.1
v 6.8 4.85 2.9
v 6.8 4.85 0.8
v -3.0 4.85 2.9
v -3.0 4.85 0.8
v -7.0 -10.95 0.8
v -7.0 -10.95 2.9
v -7.0 0.85 0.8
v -7.0 0.85 2.9
v -3.0 4.843185 2.951764
v 6.8 4.843185 2.951764
v -3.0 4.823205 3.0
v 6.8 4.823205 3.0
v -3.0 4.791421 3.041421
v 6.8 4.791421 3.041421
v -3.0 4.75 3.073205
v 6.8 4.75 3.073205
v -3.0 4.701764 3.093185
v 6.8 4.701764 3.093185
v -6.993185 -10.95 2.951764
v -6.993185 0.85 2.951764
v -6.973205 -10.95 3.0
v -6.973205 0.85 3.0
v -6.941422 -10.95 3.041421
v -6.941422 0.85 3.041421
v -6.9 -10.95 3.073205
v -6.9 0.85 3.073205
v -6.851764 -10.95 3.093185
v -6.851764 0.85 3.093185
v -5.003154 10.521181 0.8
v -5.003154 6.901657 0.8
v -5.003154 10.521181 0.82
v -5.003154 6.901657 0.82
v 5.6 -12.0 0.8
v 8.0 -12.0 0.8
v 8.0 -11.12 0.8
newmtl 2
Ka 0.2980392156862745 0.2980392156862745 0.2980392156862745
Kd 0.20784313725490197 0.20784313725490197 0.20784313725490197
Ks 0.01568627450980392 0.01568627450980392 0.01568627450980392
d 0.0
endmtl
v -6.8 -11.15 0.8
v -5.6 -11.201 0.8
v -4.4 -11.201 0.8
v 7.201 -7.92 0.8
v 8.0 -7.92 0.8
v 8.0 -7.12 0.8
v -7.201 0.88 0.8
v -7.201 2.08 0.8
v -3.0 0.85 0.8
v 7.201 -9.92 0.8
v 7.0 4.65 0.8
v 7.0 -10.95 0.8
v 6.980194 -11.036777 0.8
v 6.956367 -11.074697 0.8
v 7.201 -11.12 0.8
v 6.844504 -11.144985 0.8
v 6.8 -11.15 0.8
v -8.0 0.88 0.8
v -8.0 0.08 0.8
v -7.201 0.08 0.8
v -7.201 -1.12 0.8
v -6.645164 10.521181 0.8
v -6.645164 7.015099 0.8
v -2.4 -12.0 0.8
v -1.6 -12.0 0.8
v -2.4 -11.201 0.8
v -1.6 -11.201 0.8
v 6.994986 -10.994504 0.8
v 6.924698 -11.106366 0.8
v 6.886776 -11.130194 0.8
v -7.145164 7.015099 0.8
v -8.0 4.08 0.8
v -7.201 2.88 0.8
v -8.0 2.88 0.8
v -8.0 2.08 0.8
v -8.0 12.0 0.8
v 6.34129 10.521181 0.8
v 4.956592 10.521181 0.8
v 6.34129 6.901657 0.8
v 4.956592 8.338563 0.8
v -7.201 -3.12 0.8
v -8.0 -3.12 0.8
v -8.0 -3.92 0.8
v 6.941422 4.791421 0.8
v 6.973205 4.75 0.8
v 8.0 4.08 0.8
v 1.6 -11.201 0.8
v 1.6 -12.0 0.8
v 2.4 -12.0 0.8
v 7.201 -7.12 0.8
v 7.201 -5.92 0.8
v -7.201 -3.92 0.8
v -7.201 -5.12 0.8
v -7.201 4.08 0.8
v -1.864499 8.838562 0.8
v 0.148046 8.838562 0.8
v -1.864499 11.021181 0.8
v 0.148046 11.021181 0.8
v 6.84129 6.901657 0.8
v 6.851764 4.843185 0.8
v 6.9 4.823205 0.8
v 2.203341 10.521181 0.8
v 0.648045 10.521181 0.8
v 2.203341 8.338563 0.8
v 0.648045 8.338563 0.8
v -4.503154 6.901657 0.8
v 7.201 -9.12 0.8
v 8.0 -9.12 0.8
v 8.0 -9.92 0.8
v -7.201 -1.92 0.8
v -8.0 -1.92 0.8
v -8.0 -1.12 0.8
v -7.145164 11.021181 0.8
v 8.0 12.0 0.8
v 2.703342 11.021181 0.8
v 6.84129 11.021181 0.8
v 4.456591 11.021181 0.8
v 4.456591 8.838562 0.8
v 2.703342 8.838562 0.8
v 2.4 -11.201 0.8
v 3.6 -11.201 0.8
v 7.201 -1.92 0.8
v 8.0 -1.92 0.8
v 8.0 -1.12 0.8
v -7.201 -7.12 0.8
v -8.0 -7.12 0.8
v -8.0 -7.92 0.8
v -2.364499 10.521181 0.8
v -4.503154 10.521181 0.8
v -2.364499 8.338563 0.8
v 3.6 -12.0 0.8
v 4.4 -12.0 0.8
v 4.4 -11.201 0.8
v 5.6 -11.201 0.8
v 7.201 -1.12 0.8
v 7.201 0.08 0.8
v -7.201 -7.92 0.8
v -7.201 -9.12 0.8
v -4.4 -12.0 0.8
v -3.6 -12.0 0.8
v -3.6 -11.201 0.8
v -0.4 -11.201 0.8
v 8.0 -5.92 0.8
v 8.0 -5.12 0.8
v 7.201 -5.12 0.8
v 7.201 -3.92 0.8
v 7.201 -3.12 0.8
v 8.0 -3.12 0.8
v 8.0 -3.92 0.8
v -7.201 -5.92 0.8
v -8.0 -5.92 0.8
v -8.0 -5.12 0.8
v -0.4 -12.0 0.8
v 0.4 -12.0 0.8
v 0.4 -11.201 0.8
v 7.201 2.08 0.8
v 8.0 2.08 0.8
v 8.0 2.88 0.8
v -8.0 -11.12 0.8
v -8.0 -12.0 0.8
v -7.201 -11.12 0.8
v -5.6 -12.0 0.8
v 6.993185 4.701764 0.8
v 7.201 4.08 0.8
v 7.201 2.88 0.8
v 7.201 0.88 0.8
v 8.0 0.88 0.8
v 8.0 0.08 0.8
v -6.851764 -11.143186 0.8
v -6.9 -11.123205 0.8
v -6.941422 -11.091421 0.8
v -6.973205 -11.05 0.8
v -6.993185 -11.001764 0.8
v -7.201 -9.92 0.8
v -8.0 -9.92 0.8
v -8.0 -9.12 0.8
v -3.6 -12.0 0.0
v -4.4 -12.0 0.0
v -1.6 -12.0 0.0
v -2.4 -12.0 0.0
v 0.4 -12.0 0.0
v -0.4 -12.0 0.0
v 2.4 -12.0 0.0
v 1.6 -12.0 0.0
v 4.4 -12.0 0.0
v 3.6 -12.0 0.0
v -5.6 -12.0 0.0
v -8.0 -12.0 0.0
v 4.4 -11.0 0.0
v 3.6 -11.0 0.0
v 8.0 -9.12 0.0
v 8.0 -9.92 0.0
v 7.0 -9.92 0.0
v 8.0 -11.12 0.0
v 8.0 -12.0 0.0
v 7.0 -11.12 0.0
v 5.6 -12.0 0.0
v 5.6 -11.0 0.0
v -8.0 0.08 0.0
v -8.0 0.88 0.0
v -7.0 0.08 0.0
v -7.0 0.88 0.0
v 2.4 -11.0 0.0
v 1.6 -11.0 0.0
v 8.0 12.0 0.0
v 8.0 4.08 0.0
v 7.0 4.08 0.0
v -8.0 -1.92 0.0
v -8.0 -1.12 0.0
v -7.0 -1.92 0.0
v -7.0 -1.12 0.0
v -8.0 4.08 0.0
v -8.0 12.0 0.0
v -7.0 4.08 0.0
v -7.0 2.88 0.0
v -7.0 2.08 0.0
v -8.0 2.88 0.0
v -8.0 2.08 0.0
v 0.4 -11.0 0.0
v -0.4 -11.0 0.0
v 7.0 0.88 0.0
v 7.0 2.08 0.0
v 7.0 2.88 0.0
v 8.0 2.08 0.0
v 8.0 2.88 0.0
v -8.0 -3.92 0.0
v -8.0 -3.12 0.0
v -7.0 -3.92 0.0
v -7.0 -3.12 0.0
v -1.6 -11.0 0.0
v -2.4 -11.0 0.0
v 7.0 -1.12 0.0
v 8.0 -1.12 0.0
v 8.0 -1.92 0.0
v -8.0 -5.92 0.0
v -8.0 -5.12 0.0
v -7.0 -5.92 0.0
v -7.0 -5.12 0.0
v 7.0 -1.92 0.0
v 7.0 -3.12 0.0
v -3.6 -11.0 0.0
v -4.4 -11.0 0.0
v 7.0 0.08 0.0
v 8.0 0.08 0.0
v 8.0 0.88 0.0
v -8.0 -7.92 0.0
v -8.0 -7.12 0.0
v -7.0 -7.92 0.0
v -7.0 -7.12 0.0
v 7.0 -5.12 0.0
v 8.0 -5.12 0.0
v 8.0 -5.92 0.0
v -8.0 -11.12 0.0
v -7.0 -11.12 0.0
v -5.6 -11.0 0.0
v -7.0 -9.92 0.0
v -7.0 -9.12 0.0
v -8.0 -9.12 0.0
v -8.0 -9.92 0.0
v 7.0 -5.92 0.0
v 7.0 -3.92 0.0
v 8.0 -3.92 0.0
v 8.0 -3.12 0.0
v 8.0 -7.12 0.0
v 8.0 -7.92 0.0
v 7.0 -7.12 0.0
v 7.0 -7.92 0.0
v 7.0 -9.12 0.0
v 7.0 -10.95 2.9
v 7.0 4.65 2.9
v -6.8 -11.15 2.9
v 6.8 -11.15 2.9
v 6.993185 4.701764 2.9
v 6.973205 4.75 2.9
v 6.941422 4.791421 2.9
v 6.9 4.823205 2.9
v 6.851764 4.843185 2.9
v 6.85 4.836603 2.951764
v 6.85 4.736603 3.073205
v 6.825882 4.694829 3.093185
v 6.836603 4.686603 3.093185
v 6.851764 4.65 3.093185
v 6.85 4.663398 3.093185
v 6.813397 4.7 3.093185
v 6.825882 4.746593 3.073205
v 6.836603 4.786602 3.041421
v 6.870711 4.720711 3.073205
v 6.844829 4.675882 3.093185
v 6.886602 4.7 3.073205
v 6.896593 4.675882 3.073205
v 6.9 4.65 3.073205
v 6.870711 4.772474 3.041421
v 6.9 4.75 3.041421
v 6.922474 4.720711 3.041421
v 6.936603 4.686603 3.041421
v 6.941422 4.65 3.041421
v 6.844829 4.817303 3.0
v 6.886602 4.8 3.0
v 6.922474 4.772474 3.0
v 6.95 4.736603 3.0
v 6.967303 4.694829 3.0
v 6.973205 4.65 3.0
v 6.896593 4.817303 2.951764
v 6.936603 4.786602 2.951764
v 6.967303 4.746593 2.951764
v 6.986603 4.7 2.951764
v 6.993185 4.65 2.951764
v -6.993185 -11.001764 2.9
v -6.973205 -11.05 2.9
v -6.941422 -11.091421 2.9
v -6.9 -11.123205 2.9
v -6.851764 -11.143186 2.9
v 6.993185 -10.95 2.951764
v 6.973205 -10.95 3.0
v 6.941422 -10.95 3.041421
v 6.9 -10.95 3.073205
v 6.851764 -10.95 3.093185
v 6.851764 -11.143186 2.9
v 6.844395 -11.144156 2.9
v 6.9 -11.123205 2.9
v 6.886242 -11.128903 2.9
v 6.941422 -11.091421 2.9
v 6.923678 -11.105037 2.9
v 6.973205 -11.05 2.9
v 6.955037 -11.073678 2.9
v 6.994155 -10.994395 2.9
v 6.993185 -11.001764 2.9
v 6.978904 -11.036242 2.9
v -6.8 -11.143186 2.951764
v -6.85 -11.136602 2.951764
v -6.85 -11.036603 3.073205
v -6.825882 -10.994829 3.093185
v -6.836603 -10.986603 3.093185
v -6.85 -10.963397 3.093185
v -6.813397 -11.0 3.093185
v -6.825882 -11.046592 3.073205
v -6.836603 -11.086603 3.041421
v -6.8 -11.001764 3.093185
v -6.870711 -11.020711 3.073205
v -6.844829 -10.975882 3.093185
v -6.886602 -11.0 3.073205
v -6.896593 -10.975882 3.073205
v -6.8 -11.05 3.073205
v -6.8 -11.091421 3.041421
v -6.8 -11.123205 3.0
v -6.870711 -11.072474 3.041421
v -6.9 -11.05 3.041421
v -6.922474 -11.020711 3.041421
v -6.936603 -10.986603 3.041421
v -6.844829 -11.117303 3.0
v -6.886602 -11.099999 3.0
v -6.922474 -11.072474 3.0
v -6.95 -11.036603 3.0
v -6.967303 -10.994829 3.0
v -6.896593 -11.117303 2.951764
v -6.936603 -11.086603 2.951764
v -6.967303 -11.046592 2.951764
v -6.986603 -11.0 2.951764
v 6.85 -11.136602 2.951764
v 6.896593 -11.117303 2.951764
v 6.936603 -11.086603 2.951764
v 6.967303 -11.046592 2.951764
v 6.986603 -11.0 2.951764
v 6.967303 -10.994829 3.0
v 6.936603 -10.986603 3.041421
v 6.896593 -10.975882 3.073205
v 6.85 -10.963397 3.093185
v 6.95 -11.036603 3.0
v 6.922474 -11.020711 3.041421
v 6.886602 -11.0 3.073205
v 6.844829 -10.975882 3.093185
v 6.922474 -11.072474 3.0
v 6.9 -11.05 3.041421
v 6.870711 -11.020711 3.073205
v 6.836603 -10.986603 3.093185
v 6.886602 -11.099999 3.0
v 6.870711 -11.072474 3.041421
v 6.85 -11.036603 3.073205
v 6.825882 -10.994829 3.093185
v 6.844829 -11.117303 3.0
v 6.836603 -11.086603 3.041421
v 6.825882 -11.046592 3.073205
v 6.813397 -11.0 3.093185
v 6.8 -11.143186 2.951764
v 6.8 -11.123205 3.0
v 6.8 -11.091421 3.041421
v 6.8 -11.05 3.073205
v 6.8 -11.001764 3.093185
v -7.0 -9.92 -0.01
newmtl 3
Ka 0.8274509803921568 0.6666666666666666 0.12941176470588237
Kd 0.8274509803921568 0.6666666666666666 0.12941176470588237
Ks 0.8274509803921568 0.6666666666666666 0.12941176470588237
d 0.0
endmtl
v -8.000999 -9.92 -0.01
v -8.000999 -9.92 0.81
v -7.201 -9.92 0.81
v -7.201 -11.12 0.81
v -8.000999 -11.12 0.81
v -8.000999 -11.12 -0.01
v -7.0 -11.12 -0.01
v -8.0 -10.12 0.81
v -8.000999 -10.12 0.81
v -8.0 -10.12 -0.01
v -8.000999 -10.12 -0.01
v -8.000999 -10.92 0.81
v -8.000999 -10.92 -0.01
v -8.0 -10.92 0.81
v -8.0 -10.92 -0.01
v -7.65359 -10.320001 -0.01
v -7.717157 -10.237158 -0.01
v -7.8 -10.17359 -0.01
v -7.896473 -10.13363 -0.01
v -7.717157 -10.802843 -0.01
v -7.65359 -10.719999 -0.01
v -7.896473 -10.90637 -0.01
v -7.8 -10.86641 -0.01
v -7.613629 -10.623528 -0.01
v -7.6 -10.52 -0.01
v -7.613629 -10.416472 -0.01
v -7.896473 -10.13363 0.81
v -7.8 -10.17359 0.81
v -7.717157 -10.237158 0.81
v -7.65359 -10.320001 0.81
v -7.65359 -10.719999 0.81
v -7.717157 -10.802843 0.81
v -7.8 -10.86641 0.81
v -7.896473 -10.90637 0.81
v -7.613629 -10.416472 0.81
v -7.6 -10.52 0.81
v -7.613629 -10.623528 0.81
v -7.0 -7.92 -0.01
v -8.000999 -7.92 -0.01
v -8.000999 -7.92 0.81
v -7.201 -7.92 0.81
v -7.201 -9.12 0.81
v -8.000999 -9.12 0.81
v -8.000999 -9.12 -0.01
v -7.0 -9.12 -0.01
v -8.0 -8.120001 0.81
v -8.000999 -8.120001 0.81
v -8.0 -8.120001 -0.01
v -8.000999 -8.120001 -0.01
v -8.000999 -8.92 0.81
v -8.000999 -8.92 -0.01
v -8.0 -8.92 0.81
v -8.0 -8.92 -0.01
v -7.717157 -8.802842 -0.01
v -7.65359 -8.72 -0.01
v -7.65359 -8.32 -0.01
v -7.717157 -8.237157 -0.01
v -7.8 -8.17359 -0.01
v -7.896473 -8.13363 -0.01
v -7.896473 -8.90637 -0.01
v -7.8 -8.866409 -0.01
v -7.613629 -8.623528 -0.01
v -7.6 -8.52 -0.01
v -7.613629 -8.416472 -0.01
v -7.717157 -8.237157 0.81
v -7.65359 -8.32 0.81
v -7.896473 -8.13363 0.81
v -7.8 -8.17359 0.81
v -7.65359 -8.72 0.81
v -7.717157 -8.802842 0.81
v -7.8 -8.866409 0.81
v -7.896473 -8.90637 0.81
v -7.613629 -8.416472 0.81
v -7.6 -8.52 0.81
v -7.613629 -8.623528 0.81
v -7.0 -5.92 -0.01
v -8.000999 -5.92 -0.01
v -8.000999 -5.92 0.81
v -7.201 -5.92 0.81
v -7.201 -7.12 0.81
v -8.000999 -7.12 0.81
v -8.000999 -7.12 -0.01
v -7.0 -7.12 -0.01
v -8.0 -6.12 0.81
v -8.000999 -6.12 0.81
v -8.0 -6.12 -0.01
v -8.000999 -6.12 -0.01
v -8.000999 -6.92 0.81
v -8.000999 -6.92 -0.01
v -8.0 -6.92 0.81
v -8.0 -6.92 -0.01
v -7.717157 -6.802843 -0.01
v -7.65359 -6.72 -0.01
v -7.896473 -6.90637 -0.01
v -7.8 -6.86641 -0.01
v -7.65359 -6.32 -0.01
v -7.717157 -6.237157 -0.01
v -7.8 -6.17359 -0.01
v -7.896473 -6.133629 -0.01
v -7.613629 -6.623528 -0.01
v -7.6 -6.52 -0.01
v -7.613629 -6.416472 -0.01
v -7.896473 -6.133629 0.81
v -7.8 -6.17359 0.81
v -7.717157 -6.237157 0.81
v -7.65359 -6.32 0.81
v -7.65359 -6.72 0.81
v -7.717157 -6.802843 0.81
v -7.8 -6.86641 0.81
v -7.896473 -6.90637 0.81
v -7.613629 -6.416472 0.81
v -7.6 -6.52 0.81
v -7.613629 -6.623528 0.81
v -7.0 -3.92 -0.01
v -8.000999 -3.92 -0.01
v -8.000999 -3.92 0.81
v -7.201 -3.92 0.81
v -7.201 -5.12 0.81
v -8.000999 -5.12 0.81
v -8.000999 -5.12 -0.01
v -7.0 -5.12 -0.01
v -8.0 -4.12 0.81
v -8.000999 -4.12 0.81
v -8.0 -4.12 -0.01
v -8.000999 -4.12 -0.01
v -8.000999 -4.92 0.81
v -8.000999 -4.92 -0.01
v -8.0 -4.92 0.81
v -8.0 -4.92 -0.01
v -7.717157 -4.802843 -0.01
v -7.65359 -4.72 -0.01
v -7.896473 -4.90637 -0.01
v -7.8 -4.86641 -0.01
v -7.65359 -4.32 -0.01
v -7.717157 -4.237157 -0.01
v -7.8 -4.17359 -0.01
v -7.896473 -4.13363 -0.01
v -7.613629 -4.623528 -0.01
v -7.6 -4.52 -0.01
v -7.613629 -4.416472 -0.01
v -7.896473 -4.13363 0.81
v -7.8 -4.17359 0.81
v -7.717157 -4.237157 0.81
v -7.65359 -4.32 0.81
v -7.65359 -4.72 0.81
v -7.717157 -4.802843 0.81
v -7.8 -4.86641 0.81
v -7.896473 -4.90637 0.81
v -7.613629 -4.416472 0.81
v -7.6 -4.52 0.81
v -7.613629 -4.623528 0.81
v -7.0 -1.92 -0.01
v -8.000999 -1.92 -0.01
v -8.000999 -1.92 0.81
v -7.201 -1.92 0.81
v -7.201 -3.12 0.81
v -8.000999 -3.12 0.81
v -8.000999 -3.12 -0.01
v -7.0 -3.12 -0.01
v -8.0 -2.12 0.81
v -8.000999 -2.12 0.81
v -8.0 -2.12 -0.01
v -8.000999 -2.12 -0.01
v -8.000999 -2.92 0.81
v -8.000999 -2.92 -0.01
v -8.0 -2.92 0.81
v -8.0 -2.92 -0.01
v -7.896473 -2.90637 -0.01
v -7.8 -2.86641 -0.01
v -7.717157 -2.802843 -0.01
v -7.613629 -2.416472 -0.01
v -7.65359 -2.32 -0.01
v -7.65359 -2.72 -0.01
v -7.613629 -2.623528 -0.01
v -7.6 -2.52 -0.01
v -7.717157 -2.237157 -0.01
v -7.8 -2.17359 -0.01
v -7.896473 -2.13363 -0.01
v -7.896473 -2.13363 0.81
v -7.65359 -2.72 0.81
v -7.717157 -2.802843 0.81
v -7.8 -2.86641 0.81
v -7.896473 -2.90637 0.81
v -7.8 -2.17359 0.81
v -7.717157 -2.237157 0.81
v -7.65359 -2.32 0.81
v -7.613629 -2.416472 0.81
v -7.6 -2.52 0.81
v -7.613629 -2.623528 0.81
v -7.0 0.08 -0.01
v -8.000999 0.08 -0.01
v -8.000999 0.08 0.81
v -7.201 0.08 0.81
v -7.201 -1.12 0.81
v -8.000999 -1.12 0.81
v -8.000999 -1.12 -0.01
v -7.0 -1.12 -0.01
v -8.0 -0.12 0.81
v -8.000999 -0.12 0.81
v -8.0 -0.12 -0.01
v -8.000999 -0.12 -0.01
v -8.000999 -0.92 0.81
v -8.000999 -0.92 -0.01
v -8.0 -0.92 0.81
v -8.0 -0.92 -0.01
v -7.896473 -0.90637 -0.01
v -7.8 -0.86641 -0.01
v -7.717157 -0.802843 -0.01
v -7.65359 -0.72 -0.01
v -7.65359 -0.32 -0.01
v -7.717157 -0.237157 -0.01
v -7.8 -0.17359 -0.01
v -7.896473 -0.13363 -0.01
v -7.613629 -0.623528 -0.01
v -7.6 -0.52 -0.01
v -7.613629 -0.416472 -0.01
v -7.8 -0.86641 0.81
v -7.896473 -0.13363 0.81
v -7.8 -0.17359 0.81
v -7.717157 -0.237157 0.81
v -7.896473 -0.90637 0.81
v -7.65359 -0.32 0.81
v -7.613629 -0.416472 0.81
v -7.6 -0.52 0.81
v -7.613629 -0.623528 0.81
v -7.65359 -0.72 0.81
v -7.717157 -0.802843 0.81
v -7.0 2.08 -0.01
v -8.000999 2.08 -0.01
v -8.000999 2.08 0.81
v -7.201 2.08 0.81
v -7.201 0.88 0.81
v -8.000999 0.88 0.81
v -8.000999 0.88 -0.01
v -7.0 0.88 -0.01
v -8.0 1.88 0.81
v -8.000999 1.88 0.81
v -8.0 1.88 -0.01
v -8.000999 1.88 -0.01
v -8.000999 1.08 0.81
v -8.000999 1.08 -0.01
v -8.0 1.08 0.81
v -8.0 1.08 -0.01
v -7.896473 1.09363 -0.01
v -7.8 1.13359 -0.01
v -7.717157 1.197157 -0.01
v -7.65359 1.28 -0.01
v -7.65359 1.68 -0.01
v -7.717157 1.762843 -0.01
v -7.8 1.82641 -0.01
v -7.896473 1.86637 -0.01
v -7.613629 1.376472 -0.01
v -7.6 1.48 -0.01
v -7.613629 1.583528 -0.01
v -7.613629 1.376472 0.81
v -7.65359 1.28 0.81
v -7.717157 1.197157 0.81
v -7.8 1.13359 0.81
v -7.896473 1.09363 0.81
v -7.896473 1.86637 0.81
v -7.8 1.82641 0.81
v -7.717157 1.762843 0.81
v -7.65359 1.68 0.81
v -7.613629 1.583528 0.81
v -7.6 1.48 0.81
v -7.0 4.08 -0.01
v -8.000999 4.08 -0.01
v -8.000999 4.08 0.81
v -7.201 4.08 0.81
v -7.201 2.88 0.81
v -8.000999 2.88 0.81
v -8.000999 2.88 -0.01
v -7.0 2.88 -0.01
v -8.0 3.88 0.81
v -8.000999 3.88 0.81
v -8.0 3.88 -0.01
v -8.000999 3.88 -0.01
v -8.000999 3.08 0.81
v -8.000999 3.08 -0.01
v -8.0 3.08 0.81
v -8.0 3.08 -0.01
v -7.896473 3.09363 -0.01
v -7.8 3.13359 -0.01
v -7.717157 3.197157 -0.01
v -7.613629 3.583528 -0.01
v -7.65359 3.68 -0.01
v -7.65359 3.28 -0.01
v -7.613629 3.376472 -0.01
v -7.6 3.48 -0.01
v -7.717157 3.762843 -0.01
v -7.8 3.82641 -0.01
v -7.896473 3.86637 -0.01
v -7.896473 3.86637 0.81
v -7.65359 3.28 0.81
v -7.717157 3.197157 0.81
v -7.8 3.13359 0.81
v -7.896473 3.09363 0.81
v -7.8 3.82641 0.81
v -7.717157 3.762843 0.81
v -7.65359 3.68 0.81
v -7.613629 3.583528 0.81
v -7.6 3.48 0.81
v -7.613629 3.376472 0.81
v 7.0 -11.12 -0.01
v 8.000999 -11.12 -0.01
v 8.000999 -11.12 0.81
v 7.201 -11.12 0.81
v 7.201 -9.92 0.81
v 8.000999 -9.92 0.81
v 8.000999 -9.92 -0.01
v 7.0 -9.92 -0.01
v 8.0 -10.92 0.81
v 8.000999 -10.92 0.81
v 8.0 -10.92 -0.01
v 8.000999 -10.92 -0.01
v 8.000999 -10.12 0.81
v 8.000999 -10.12 -0.01
v 8.0 -10.12 0.81
v 8.0 -10.12 -0.01
v 7.734751 -10.220595 -0.01
v 7.670806 -10.292774 -0.01
v 7.625993 -10.661842 -0.01
v 7.670806 -10.747226 -0.01
v 7.904274 -10.131623 -0.01
v 7.814111 -10.165818 -0.01
v 7.625993 -10.378158 -0.01
v 7.602917 -10.471786 -0.01
v 7.602917 -10.568214 -0.01
v 7.734751 -10.819405 -0.01
v 7.814111 -10.874182 -0.01
v 7.904274 -10.908377 -0.01
v 7.734751 -10.819405 0.81
v 7.670806 -10.747226 0.81
v 7.625993 -10.378158 0.81
v 7.670806 -10.292774 0.81
v 7.904274 -10.908377 0.81
v 7.814111 -10.874182 0.81
v 7.625993 -10.661842 0.81
v 7.602917 -10.568214 0.81
v 7.602917 -10.471786 0.81
v 7.734751 -10.220595 0.81
v 7.814111 -10.165818 0.81
v 7.904274 -10.131623 0.81
v 7.0 -9.12 -0.01
v 8.000999 -9.12 -0.01
v 8.000999 -9.12 0.81
v 7.201 -9.12 0.81
v 7.201 -7.92 0.81
v 8.000999 -7.92 0.81
v 8.000999 -7.92 -0.01
v 7.0 -7.92 -0.01
v 8.0 -8.92 0.81
v 8.000999 -8.92 0.81
v 8.0 -8.92 -0.01
v 8.000999 -8.92 -0.01
v 8.000999 -8.120001 0.81
v 8.000999 -8.120001 -0.01
v 8.0 -8.120001 0.81
v 8.0 -8.120001 -0.01
v 7.734751 -8.220595 -0.01
v 7.670806 -8.292774 -0.01
v 7.625993 -8.661842 -0.01
v 7.670806 -8.747226 -0.01
v 7.904274 -8.131623 -0.01
v 7.814111 -8.165817 -0.01
v 7.625993 -8.378159 -0.01
v 7.602917 -8.471786 -0.01
v 7.602917 -8.568214 -0.01
v 7.734751 -8.819404 -0.01
v 7.814111 -8.874183 -0.01
v 7.904274 -8.908377 -0.01
v 7.734751 -8.819404 0.81
v 7.670806 -8.747226 0.81
v 7.625993 -8.378159 0.81
v 7.670806 -8.292774 0.81
v 7.904274 -8.908377 0.81
v 7.814111 -8.874183 0.81
v 7.625993 -8.661842 0.81
v 7.602917 -8.568214 0.81
v 7.602917 -8.471786 0.81
v 7.734751 -8.220595 0.81
v 7.814111 -8.165817 0.81
v 7.904274 -8.131623 0.81
v 7.201 -7.12 0.81
v 7.201 -5.92 0.81
v 7.0 -7.12 -0.01
v 8.000999 -7.12 -0.01
v 8.000999 -7.12 0.81
v 8.000999 -5.92 0.81
v 8.000999 -5.92 -0.01
v 7.0 -5.92 -0.01
v 8.0 -6.92 0.81
v 8.000999 -6.92 0.81
v 8.0 -6.92 -0.01
v 8.000999 -6.92 -0.01
v 8.000999 -6.12 0.81
v 8.000999 -6.12 -0.01
v 8.0 -6.12 0.81
v 8.0 -6.12 -0.01
v 7.904274 -6.131623 -0.01
v 7.814111 -6.165817 -0.01
v 7.734751 -6.220596 -0.01
v 7.670806 -6.292774 -0.01
v 7.625993 -6.661842 -0.01
v 7.670806 -6.747226 -0.01
v 7.734751 -6.819404 -0.01
v 7.814111 -6.874182 -0.01
v 7.904274 -6.908377 -0.01
v 7.625993 -6.378158 -0.01
v 7.602917 -6.471785 -0.01
v 7.602917 -6.568215 -0.01
v 7.904274 -6.908377 0.81
v 7.814111 -6.874182 0.81
v 7.734751 -6.819404 0.81
v 7.670806 -6.747226 0.81
v 7.625993 -6.378158 0.81
v 7.670806 -6.292774 0.81
v 7.734751 -6.220596 0.81
v 7.814111 -6.165817 0.81
v 7.904274 -6.131623 0.81
v 7.625993 -6.661842 0.81
v 7.602917 -6.568215 0.81
v 7.602917 -6.471785 0.81
v 7.201 -5.12 0.81
v 7.201 -3.92 0.81
v 7.0 -5.12 -0.01
v 8.000999 -5.12 -0.01
v 8.000999 -5.12 0.81
v 8.000999 -3.92 0.81
v 8.000999 -3.92 -0.01
v 7.0 -3.92 -0.01
v 8.0 -4.92 0.81
v 8.000999 -4.92 0.81
v 8.0 -4.92 -0.01
v 8.000999 -4.92 -0.01
v 8.000999 -4.12 0.81
v 8.000999 -4.12 -0.01
v 8.0 -4.12 0.81
v 8.0 -4.12 -0.01
v 7.904274 -4.131623 -0.01
v 7.814111 -4.165818 -0.01
v 7.734751 -4.220595 -0.01
v 7.670806 -4.292774 -0.01
v 7.625993 -4.661842 -0.01
v 7.670806 -4.747226 -0.01
v 7.734751 -4.819404 -0.01
v 7.814111 -4.874182 -0.01
v 7.904274 -4.908377 -0.01
v 7.625993 -4.378158 -0.01
v 7.602917 -4.471786 -0.01
v 7.602917 -4.568214 -0.01
v 7.904274 -4.908377 0.81
v 7.814111 -4.874182 0.81
v 7.734751 -4.819404 0.81
v 7.670806 -4.747226 0.81
v 7.625993 -4.378158 0.81
v 7.670806 -4.292774 0.81
v 7.734751 -4.220595 0.81
v 7.814111 -4.165818 0.81
v 7.904274 -4.131623 0.81
v 7.625993 -4.661842 0.81
v 7.602917 -4.568214 0.81
v 7.602917 -4.471786 0.81
v 7.201 -3.12 0.81
v 7.201 -1.92 0.81
v 7.0 -3.12 -0.01
v 8.000999 -3.12 -0.01
v 8.000999 -3.12 0.81
v 8.000999 -1.92 0.81
v 8.000999 -1.92 -0.01
v 7.0 -1.92 -0.01
v 8.0 -2.92 0.81
v 8.000999 -2.92 0.81
v 8.0 -2.92 -0.01
v 8.000999 -2.92 -0.01
v 8.000999 -2.12 0.81
v 8.000999 -2.12 -0.01
v 8.0 -2.12 0.81
v 8.0 -2.12 -0.01
v 7.625993 -2.661842 -0.01
v 7.670806 -2.747226 -0.01
v 7.904274 -2.131623 -0.01
v 7.814111 -2.165818 -0.01
v 7.734751 -2.220596 -0.01
v 7.670806 -2.292774 -0.01
v 7.625993 -2.378158 -0.01
v 7.602917 -2.471785 -0.01
v 7.602917 -2.568215 -0.01
v 7.734751 -2.819404 -0.01
v 7.814111 -2.874182 -0.01
v 7.904274 -2.908377 -0.01
v 7.734751 -2.819404 0.81
v 7.670806 -2.747226 0.81
v 7.814111 -2.165818 0.81
v 7.904274 -2.131623 0.81
v 7.904274 -2.908377 0.81
v 7.814111 -2.874182 0.81
v 7.625993 -2.378158 0.81
v 7.670806 -2.292774 0.81
v 7.734751 -2.220596 0.81
v 7.625993 -2.661842 0.81
v 7.602917 -2.568215 0.81
v 7.602917 -2.471785 0.81
v 7.201 -1.12 0.81
v 7.201 0.08 0.81
v 7.0 -1.12 -0.01
v 8.000999 -1.12 -0.01
v 8.000999 -1.12 0.81
v 8.000999 0.08 0.81
v 8.000999 0.08 -0.01
v 7.0 0.08 -0.01
v 8.0 -0.92 0.81
v 8.000999 -0.92 0.81
v 8.0 -0.92 -0.01
v 8.000999 -0.92 -0.01
v 8.000999 -0.12 0.81
v 8.000999 -0.12 -0.01
v 8.0 -0.12 0.81
v 8.0 -0.12 -0.01
v 7.625993 -0.661842 -0.01
v 7.670806 -0.747226 -0.01
v 7.904274 -0.131623 -0.01
v 7.814111 -0.165818 -0.01
v 7.734751 -0.220596 -0.01
v 7.670806 -0.292774 -0.01
v 7.625993 -0.378158 -0.01
v 7.602917 -0.471785 -0.01
v 7.602917 -0.568215 -0.01
v 7.734751 -0.819404 -0.01
v 7.814111 -0.874182 -0.01
v 7.904274 -0.908377 -0.01
v 7.734751 -0.819404 0.81
v 7.670806 -0.747226 0.81
v 7.625993 -0.378158 0.81
v 7.670806 -0.292774 0.81
v 7.734751 -0.220596 0.81
v 7.814111 -0.165818 0.81
v 7.904274 -0.131623 0.81
v 7.904274 -0.908377 0.81
v 7.814111 -0.874182 0.81
v 7.625993 -0.661842 0.81
v 7.602917 -0.568215 0.81
v 7.602917 -0.471785 0.81
v 7.201 0.88 0.81
v 7.201 2.08 0.81
v 7.0 0.88 -0.01
v 8.000999 0.88 -0.01
v 8.000999 0.88 0.81
v 8.000999 2.08 0.81
v 8.000999 2.08 -0.01
v 7.0 2.08 -0.01
v 8.0 1.08 0.81
v 8.000999 1.08 0.81
v 8.0 1.08 -0.01
v 8.000999 1.08 -0.01
v 8.000999 1.88 0.81
v 8.000999 1.88 -0.01
v 8.0 1.88 0.81
v 8.0 1.88 -0.01
v 7.625993 1.338158 -0.01
v 7.670806 1.252774 -0.01
v 7.904274 1.868377 -0.01
v 7.814111 1.834182 -0.01
v 7.734751 1.779404 -0.01
v 7.670806 1.707226 -0.01
v 7.734751 1.180596 -0.01
v 7.814111 1.125818 -0.01
v 7.904274 1.091623 -0.01
v 7.625993 1.621842 -0.01
v 7.602917 1.528215 -0.01
v 7.602917 1.431785 -0.01
v 7.734751 1.180596 0.81
v 7.670806 1.252774 0.81
v 7.814111 1.834182 0.81
v 7.904274 1.091623 0.81
v 7.814111 1.125818 0.81
v 7.904274 1.868377 0.81
v 7.625993 1.621842 0.81
v 7.670806 1.707226 0.81
v 7.734751 1.779404 0.81
v 7.625993 1.338158 0.81
v 7.602917 1.431785 0.81
v 7.602917 1.528215 0.81
v 7.201 2.88 0.81
v 7.201 4.08 0.81
v 7.0 2.88 -0.01
v 8.000999 2.88 -0.01
v 8.000999 2.88 0.81
v 8.000999 4.08 0.81
v 8.000999 4.08 -0.01
v 7.0 4.08 -0.01
v 8.0 3.08 0.81
v 8.000999 3.08 0.81
v 8.0 3.08 -0.01
v 8.000999 3.08 -0.01
v 8.000999 3.88 0.81
v 8.000999 3.88 -0.01
v 8.0 3.88 0.81
v 8.0 3.88 -0.01
v 7.625993 3.338158 -0.01
v 7.670806 3.252774 -0.01
v 7.904274 3.868377 -0.01
v 7.814111 3.834183 -0.01
v 7.734751 3.779404 -0.01
v 7.670806 3.707226 -0.01
v 7.625993 3.621842 -0.01
v 7.602917 3.528215 -0.01
v 7.602917 3.431785 -0.01
v 7.734751 3.180596 -0.01
v 7.814111 3.125818 -0.01
v 7.904274 3.091623 -0.01
v 7.734751 3.180596 0.81
v 7.670806 3.252774 0.81
v 7.814111 3.834183 0.81
v 7.904274 3.868377 0.81
v 7.904274 3.091623 0.81
v 7.814111 3.125818 0.81
v 7.625993 3.621842 0.81
v 7.670806 3.707226 0.81
v 7.734751 3.779404 0.81
v 7.625993 3.338158 0.81
v 7.602917 3.431785 0.81
v 7.602917 3.528215 0.81
v -5.6 -11.201 0.81
v -4.4 -11.201 0.81
v -4.4 -12.001 0.81
v -4.4 -12.001 -0.01
v -4.4 -11.0 -0.01
v -4.601 -12.001 0.81
v -4.601 -12.001 -0.01
v -4.601 -12.0 0.81
v -4.601 -12.0 -0.01
v -4.614596 -11.896731 -0.01
v -4.614596 -11.896731 0.81
v -4.654456 -11.8005 -0.01
v -4.654456 -11.8005 0.81
v -4.717865 -11.717864 -0.01
v -4.717865 -11.717864 0.81
v -4.8005 -11.654456 -0.01
v -4.8005 -11.654456 0.81
v -4.896731 -11.614595 -0.01
v -4.896731 -11.614595 0.81
v -5.0 -11.601 -0.01
v -5.0 -11.601 0.81
v -5.103269 -11.614595 -0.01
v -5.103269 -11.614595 0.81
v -5.1995 -11.654456 -0.01
v -5.1995 -11.654456 0.81
v -5.282135 -11.717864 -0.01
v -5.282135 -11.717864 0.81
v -5.345544 -11.8005 -0.01
v -5.345544 -11.8005 0.81
v -5.385405 -11.896731 -0.01
v -5.385405 -11.896731 0.81
v -5.399 -12.0 -0.01
v -5.399 -12.0 0.81
v -5.399 -12.001 0.81
v -5.399 -12.001 -0.01
v -5.6 -12.001 0.81
v -5.6 -12.001 -0.01
v -5.6 -11.0 -0.01
v -3.6 -11.201 0.81
v -2.4 -11.201 0.81
v -2.4 -12.001 0.81
v -2.4 -12.001 -0.01
v -2.4 -11.0 -0.01
v -2.601 -12.001 0.81
v -2.601 -12.001 -0.01
v -2.601 -12.0 0.81
v -2.601 -12.0 -0.01
v -2.614596 -11.896731 -0.01
v -2.614596 -11.896731 0.81
v -2.654456 -11.8005 -0.01
v -2.654456 -11.8005 0.81
v -2.717865 -11.717864 -0.01
v -2.717865 -11.717864 0.81
v -2.8005 -11.654456 -0.01
v -2.8005 -11.654456 0.81
v -2.896731 -11.614595 -0.01
v -2.896731 -11.614595 0.81
v -3.0 -11.601 -0.01
v -3.0 -11.601 0.81
v -3.103269 -11.614595 -0.01
v -3.103269 -11.614595 0.81
v -3.1995 -11.654456 -0.01
v -3.1995 -11.654456 0.81
v -3.282135 -11.717864 -0.01
v -3.282135 -11.717864 0.81
v -3.345544 -11.8005 -0.01
v -3.345544 -11.8005 0.81
v -3.385404 -11.896731 -0.01
v -3.385404 -11.896731 0.81
v -3.399 -12.0 -0.01
v -3.399 -12.0 0.81
v -3.399 -12.001 0.81
v -3.399 -12.001 -0.01
v -3.6 -12.001 0.81
v -3.6 -12.001 -0.01
v -3.6 -11.0 -0.01
v -1.6 -11.201 0.81
v -0.4 -11.201 0.81
v -0.4 -12.001 0.81
v -0.4 -12.001 -0.01
v -0.4 -11.0 -0.01
v -0.601 -12.001 0.81
v -0.601 -12.001 -0.01
v -0.601 -12.0 0.81
v -0.601 -12.0 -0.01
v -0.614596 -11.896731 -0.01
v -0.614596 -11.896731 0.81
v -0.654456 -11.8005 -0.01
v -0.654456 -11.8005 0.81
v -0.717864 -11.717864 -0.01
v -0.717864 -11.717864 0.81
v -0.8005 -11.654456 -0.01
v -0.8005 -11.654456 0.81
v -0.896731 -11.614595 -0.01
v -0.896731 -11.614595 0.81
v -1.0 -11.601 -0.01
v -1.0 -11.601 0.81
v -1.103269 -11.614595 -0.01
v -1.103269 -11.614595 0.81
v -1.1995 -11.654456 -0.01
v -1.1995 -11.654456 0.81
v -1.282136 -11.717864 -0.01
v -1.282136 -11.717864 0.81
v -1.345544 -11.8005 -0.01
v -1.345544 -11.8005 0.81
v -1.385404 -11.896731 -0.01
v -1.385404 -11.896731 0.81
v -1.399 -12.0 -0.01
v -1.399 -12.0 0.81
v -1.399 -12.001 0.81
v -1.399 -12.001 -0.01
v -1.6 -12.001 0.81
v -1.6 -12.001 -0.01
v -1.6 -11.0 -0.01
v 0.4 -11.201 0.81
v 1.6 -11.201 0.81
v 1.6 -12.001 0.81
v 1.6 -12.001 -0.01
v 1.6 -11.0 -0.01
v 1.399 -12.001 0.81
v 1.399 -12.001 -0.01
v 1.399 -12.0 0.81
v 1.399 -12.0 -0.01
v 1.385404 -11.896731 -0.01
v 1.385404 -11.896731 0.81
v 1.345544 -11.8005 -0.01
v 1.345544 -11.8005 0.81
v 1.282136 -11.717864 -0.01
v 1.282136 -11.717864 0.81
v 1.1995 -11.654456 -0.01
v 1.1995 -11.654456 0.81
v 1.103269 -11.614595 -0.01
v 1.103269 -11.614595 0.81
v 1.0 -11.601 -0.01
v 1.0 -11.601 0.81
v 0.896731 -11.614595 -0.01
v 0.896731 -11.614595 0.81
v 0.8005 -11.654456 -0.01
v 0.8005 -11.654456 0.81
v 0.717864 -11.717864 -0.01
v 0.717864 -11.717864 0.81
v 0.654456 -11.8005 -0.01
v 0.654456 -11.8005 0.81
v 0.614596 -11.896731 -0.01
v 0.614596 -11.896731 0.81
v 0.601 -12.0 -0.01
v 0.601 -12.0 0.81
v 0.601 -12.001 0.81
v 0.601 -12.001 -0.01
v 0.4 -12.001 0.81
v 0.4 -12.001 -0.01
v 0.4 -11.0 -0.01
v 2.4 -11.201 0.81
v 3.6 -11.201 0.81
v 3.6 -12.001 0.81
v 3.6 -12.001 -0.01
v 3.6 -11.0 -0.01
v 3.399 -12.001 0.81
v 3.399 -12.001 -0.01
v 3.399 -12.0 0.81
v 3.399 -12.0 -0.01
v 3.385404 -11.896731 -0.01
v 3.385404 -11.896731 0.81
v 3.345544 -11.8005 -0.01
v 3.345544 -11.8005 0.81
v 3.282135 -11.717864 -0.01
v 3.282135 -11.717864 0.81
v 3.1995 -11.654456 -0.01
v 3.1995 -11.654456 0.81
v 3.103269 -11.614595 -0.01
v 3.103269 -11.614595 0.81
v 3.0 -11.601 -0.01
v 3.0 -11.601 0.81
v 2.896731 -11.614595 -0.01
v 2.896731 -11.614595 0.81
v 2.8005 -11.654456 -0.01
v 2.8005 -11.654456 0.81
v 2.717865 -11.717864 -0.01
v 2.717865 -11.717864 0.81
v 2.654456 -11.8005 -0.01
v 2.654456 -11.8005 0.81
v 2.614596 -11.896731 -0.01
v 2.614596 -11.896731 0.81
v 2.601 -12.0 -0.01
v 2.601 -12.0 0.81
v 2.601 -12.001 0.81
v 2.601 -12.001 -0.01
v 2.4 -12.001 0.81
v 2.4 -12.001 -0.01
v 2.4 -11.0 -0.01
v 4.4 -11.201 0.81
v 5.6 -11.201 0.81
v 5.6 -12.001 0.81
v 5.6 -12.001 -0.01
v 5.6 -11.0 -0.01
v 5.399 -12.001 0.81
v 5.399 -12.001 -0.01
v 5.399 -12.0 0.81
v 5.399 -12.0 -0.01
v 5.385405 -11.896731 -0.01
v 5.385405 -11.896731 0.81
v 5.345544 -11.8005 -0.01
v 5.345544 -11.8005 0.81
v 5.282135 -11.717864 -0.01
v 5.282135 -11.717864 0.81
v 5.1995 -11.654456 -0.01
v 5.1995 -11.654456 0.81
v 5.103269 -11.614595 -0.01
v 5.103269 -11.614595 0.81
v 5.0 -11.601 -0.01
v 5.0 -11.601 0.81
v 4.896731 -11.614595 -0.01
v 4.896731 -11.614595 0.81
v 4.8005 -11.654456 -0.01
v 4.8005 -11.654456 0.81
v 4.717865 -11.717864 -0.01
v 4.717865 -11.717864 0.81
v 4.654456 -11.8005 -0.01
v 4.654456 -11.8005 0.81
v 4.614596 -11.896731 -0.01
v 4.614596 -11.896731 0.81
v 4.601 -12.0 -0.01
v 4.601 -12.0 0.81
v 4.601 -12.001 0.81
v 4.601 -12.001 -0.01
v 4.4 -12.001 0.81
v 4.4 -12.001 -0.01
v 4.4 -11.0 -0.01
v 6.34129 6.901657 0.82
v 6.34129 10.521181 0.82
v 6.84129 6.901657 0.82
v 6.84129 11.021181 0.82
v 4.456591 11.021181 0.82
v 4.456591 8.838562 0.82
v 2.703342 8.838562 0.82
v 2.703342 11.021181 0.82
v 0.148046 11.021181 0.82
v 0.148046 8.838562 0.82
v -1.864499 8.838562 0.82
v -1.864499 11.021181 0.82
v -7.145164 11.021181 0.82
v -4.503154 6.901657 0.82
v -4.503154 10.521181 0.82
v -2.364499 10.521181 0.82
v -2.364499 8.338563 0.82
v 0.648045 8.338563 0.82
v 0.648045 10.521181 0.82
v 2.203341 10.521181 0.82
v 2.203341 8.338563 0.82
v 4.956592 8.338563 0.82
v 4.956592 10.521181 0.82
v -7.145164 7.015099 0.82
v -6.645164 7.015099 0.82
v -6.645164 10.521181 0.82
v 5.713724 2.894292 3.11
v 5.692277 2.867707 3.11
v 5.731956 2.833886 3.11
newmtl 4
Ka 0.0 0.0 0.0
Kd 0.0 0.0 0.0
Ks 0.0 0.0 0.0
d 0.0
endmtl
v 5.686995 2.862792 3.11
v 5.686494 2.801346 3.11
v 5.65905 2.843465 3.11
v 5.637137 2.782161 3.11
v 5.623245 2.829664 3.11
v 5.564068 2.773318 3.11
v 5.563736 2.822613 3.11
v 5.445142 2.773318 3.11
v 5.500958 2.822613 3.11
v 5.445142 3.205693 3.11
v 5.500958 3.155957 3.11
v 5.568489 3.205693 3.11
v 5.566278 3.155957 3.11
v 5.634511 3.198402 3.11
v 5.62413 3.149275 3.11
v 5.686693 3.179339 3.11
v 5.661255 3.135369 3.11
v 5.731956 3.148442 3.11
v 5.691061 3.115284 3.11
v 5.747368 3.133348 3.11
v 5.703326 3.103165 3.11
v 5.774092 3.095601 3.11
v 5.720034 3.07887 3.11
v 5.790038 3.054315 3.11
v 5.732172 3.047189 3.11
v 5.797166 2.995032 3.11
v 5.738477 2.993485 3.11
v 5.795861 2.967422 3.11
v 5.737032 2.965964 3.11
v 5.785373 2.916812 3.11
v 5.728625 2.926382 3.11
v 5.764068 2.872099 3.11
v 5.691061 3.115284 3.1
v 5.703326 3.103165 3.1
v 5.720034 3.07887 3.1
v 5.732172 3.047189 3.1
v 5.738477 2.993485 3.1
v 5.566278 3.155957 3.1
v 5.62413 3.149275 3.1
v 5.661255 3.135369 3.1
v 5.500958 3.155957 3.1
v 5.500958 2.822613 3.1
v 5.563736 2.822613 3.1
v 5.692277 2.867707 3.1
v 5.686995 2.862792 3.1
v 5.65905 2.843465 3.1
v 5.623245 2.829664 3.1
v 5.737032 2.965964 3.1
v 5.728625 2.926382 3.1
v 5.713724 2.894292 3.1
v 4.932083 2.849581 3.11
v 4.927938 2.835185 3.11
v 4.925452 2.824602 3.11
v 4.924015 2.824602 3.11
v 4.917383 2.850023 3.11
v 4.8367 3.082126 3.11
v 4.776132 3.082126 3.11
v 4.897267 2.773981 3.11
v 4.873505 2.717834 3.11
v 4.852764 2.687039 3.11
v 4.862852 2.698312 3.11
v 4.843089 2.680301 3.11
v 4.831253 2.675798 3.11
v 4.818021 2.674287 3.11
v 4.798375 2.676846 3.11
v 4.787295 2.680476 3.11
v 4.787295 2.632288 3.11
v 4.810266 2.628295 3.11
v 4.822221 2.627867 3.11
v 4.8441 2.630382 3.11
v 4.865472 2.638524 3.11
v 4.884387 2.651744 3.11
v 4.88808 2.655128 3.11
v 4.907897 2.678929 3.11
v 4.932415 2.726676 3.11
v 5.072561 3.082126 3.11
v 5.016414 3.082126 3.11
v 4.623165 2.766023 3.11
v 4.6659 2.770339 3.11
v 4.695888 2.780474 3.11
v 4.713132 2.79056 3.11
v 4.728626 2.804111 3.11
v 4.738721 2.818394 3.11
v 4.745372 2.835557 3.11
v 4.747948 2.857317 3.11
v 4.745709 2.877494 3.11
v 4.73993 2.893462 3.11
v 4.729822 2.90838 3.11
v 4.716908 2.919902 3.11
v 4.68094 2.939905 3.11
v 4.65997 2.94839 3.11
v 4.626453 2.96298 3.11
v 4.607359 2.974916 3.11
v 4.602077 2.980729 3.11
v 4.598176 2.988036 3.11
v 4.596027 2.996449 3.11
v 4.595533 3.003653 3.11
v 4.596513 3.01229 3.11
v 4.599187 3.019602 3.11
v 4.60383 3.026495 3.11
v 4.612001 3.033716 3.11
v 4.624146 3.040174 3.11
v 4.638633 3.044008 3.11
v 4.654665 3.045211 3.11
v 4.690992 3.040985 3.11
v 4.721467 3.029614 3.11
v 4.733137 3.022884 3.11
v 4.733137 3.075495 3.11
v 4.696267 3.086136 3.11
v 4.65997 3.0892 3.11
v 4.620343 3.084913 3.11
v 4.5906 3.074315 3.11
v 4.574423 3.064663 3.11
v 4.558367 3.050229 3.11
v 4.548304 3.035591 3.11
v 4.541855 3.018155 3.11
v 4.539718 2.99879 3.11
v 4.542046 2.977763 3.11
v 4.548019 2.961225 3.11
v 4.555081 2.949938 3.11
v 4.621728 2.909043 3.11
v 4.589447 2.92384 3.11
v 4.563941 2.940671 3.11
v 4.65729 2.89415 3.11
v 4.678427 2.881412 3.11
v 4.685175 2.874385 3.11
v 4.689363 2.867206 3.11
v 4.691823 2.858749 3.11
v 4.692354 2.852012 3.11
v 4.691232 2.84168 3.11
v 4.688479 2.833978 3.11
v 4.683752 2.826987 3.11
v 4.677537 2.82147 3.11
v 4.672599 2.818474 3.11
v 4.658624 2.81336 3.11
v 4.630862 2.810248 3.11
v 4.628469 2.810234 3.11
v 4.539386 2.840075 3.11
v 4.559597 2.827486 3.11
v 4.593505 2.814449 3.11
v 4.539386 2.784149 3.11
v 4.574115 2.771552 3.11
v 4.41184 2.773318 3.11
v 4.465998 2.773318 3.11
v 4.41184 2.821065 3.11
v 4.465998 2.972043 3.11
v 4.41184 2.969611 3.11
v 4.293992 2.904813 3.11
v 4.306666 2.910902 3.11
v 4.410403 2.821065 3.11
v 4.381839 2.829018 3.11
v 4.401745 2.807927 3.11
v 4.366534 2.81869 3.11
v 4.339556 2.918548 3.11
v 4.41184 2.928275 3.11
v 4.41184 2.898654 3.11
v 4.411788 2.89506 3.11
v 4.4083 2.870895 3.11
v 4.400357 2.851574 3.11
v 4.388629 2.835654 3.11
v 4.409956 2.993558 3.11
v 4.461683 3.013619 3.11
v 4.404356 3.012842 3.11
v 4.453152 3.038094 3.11
v 4.397994 3.023995 3.11
v 4.442031 3.055502 3.11
v 4.389806 3.032704 3.11
v 4.427539 3.069245 3.11
v 4.380191 3.038901 3.11
v 4.409487 3.079468 3.11
v 4.367629 3.043289 3.11
v 4.386549 3.086342 3.11
v 4.349282 3.045211 3.11
v 4.354367 3.0892 3.11
v 4.315338 3.041487 3.11
v 4.299753 3.082611 3.11
v 4.281529 3.029497 3.11
v 4.259441 3.067056 3.11
v 4.248041 3.007853 3.11
v 4.248041 3.060463 3.11
v 4.283888 2.82901 3.11
v 4.244394 2.790339 3.11
v 4.288494 2.824381 3.11
v 4.262632 2.777614 3.11
v 4.299286 2.81701 3.11
v 4.283396 2.769785 3.11
v 4.311537 2.812515 3.11
v 4.315794 2.766023 3.11
v 4.32983 2.810454 3.11
v 4.343832 2.769141 3.11
v 4.350102 2.812721 3.11
v 4.365772 2.777097 3.11
v 4.384613 2.789595 3.11
v 4.273258 2.869008 3.11
v 4.218022 2.862608 3.11
v 4.272799 2.860412 3.11
v 4.217868 2.855991 3.11
v 4.274175 2.847979 3.11
v 4.220544 2.831398 3.11
v 4.277734 2.83814 3.11
v 4.227101 2.813086 3.11
v 4.23836 2.796452 3.11
v 4.320325 2.95679 3.11
v 4.279499 2.94675 3.11
v 4.287168 2.899538 3.11
v 4.25638 2.934937 3.11
v 4.280684 2.891512 3.11
v 4.239762 2.920555 3.11
v 4.275931 2.881411 3.11
v 4.228928 2.905055 3.11
v 4.221487 2.885966 3.11
v 4.388629 2.835654 3.1
v 4.381839 2.829018 3.1
v 4.366534 2.81869 3.1
v 4.350102 2.812721 3.1
v 4.32983 2.810454 3.1
v 4.41184 2.898654 3.1
v 4.411788 2.89506 3.1
v 4.4083 2.870895 3.1
v 4.400357 2.851574 3.1
v 4.41184 2.928275 3.1
v 4.339556 2.918548 3.1
v 4.287168 2.899538 3.1
v 4.293992 2.904813 3.1
v 4.306666 2.910902 3.1
v 4.272799 2.860412 3.1
v 4.273258 2.869008 3.1
v 4.275931 2.881411 3.1
v 4.280684 2.891512 3.1
v 4.288494 2.824381 3.1
v 4.283888 2.82901 3.1
v 4.277734 2.83814 3.1
v 4.274175 2.847979 3.1
v 4.311537 2.812515 3.1
v 4.299286 2.81701 3.1
v 2.023985 2.711948 3.11
v 2.069721 2.655537 3.11
v 1.996194 2.983934 3.11
v 1.942656 3.518073 3.11
v 2.011151 3.554471 3.11
v 1.994977 3.743657 3.11
v 2.18679 3.752471 3.11
v 2.282089 3.528058 3.11
v 2.329063 3.625316 3.11
v 1.929168 3.025224 3.11
v 1.954261 2.789593 3.11
v 1.993119 2.777967 3.11
v 2.116085 3.758619 3.11
v 2.307682 2.990376 3.11
v 2.33623 2.980157 3.11
v 2.592578 2.907081 3.11
v 2.360961 2.963463 3.11
v 2.380766 2.941358 3.11
v 3.022958 3.134568 3.11
v 2.92766 3.297498 3.11
v 2.515724 3.082307 3.11
v 2.282089 2.993157 3.11
v 2.252024 2.989301 3.11
v 2.21171 3.17777 3.11
v 2.225178 2.978704 3.11
v 2.14381 3.151784 3.11
v 2.201144 2.961613 3.11
v 2.080961 3.108104 3.11
v 2.188991 2.948763 3.11
v 2.030144 3.049984 3.11
v 2.173102 2.923336 3.11
v 2.164042 2.894404 3.11
v 2.162514 2.864442 3.11
v 2.396723 3.166204 3.11
v 2.322513 3.184616 3.11
v 2.285163 3.186828 3.11
v 2.394118 2.916119 3.11
v 2.401138 2.887615 3.11
v 2.592578 2.876339 3.11
v 2.401182 2.859487 3.11
v 2.590899 2.844211 3.11
v 3.124405 3.438908 3.11
v 3.148998 3.438908 3.11
v 3.275038 3.604912 3.11
v 3.207513 3.431683 3.11
v 3.290107 3.599846 3.11
v 3.261162 3.411008 3.11
v 3.381591 3.55445 3.11
v 3.464974 3.483928 3.11
v 2.249811 3.825866 3.11
v 2.398016 3.707685 3.11
v 2.322053 3.887733 3.11
v 2.480407 3.767884 3.11
v 2.402972 3.937299 3.11
v 2.087031 3.572491 3.11
v 2.119159 3.574171 3.11
v 2.151438 3.756698 3.11
v 2.191405 3.565201 3.11
v 2.260329 3.539965 3.11
v 2.461962 3.131252 3.11
v 3.465635 2.910155 3.11
v 3.322392 3.032239 3.11
v 3.382 2.839355 3.11
v 3.276956 2.995099 3.11
v 3.288204 2.793453 3.11
v 3.222725 2.969945 3.11
v 3.185888 2.771818 3.11
v 3.167443 2.959341 3.11
v 3.004514 2.771818 3.11
v 3.029106 2.959341 3.11
v 2.987195 2.77461 3.11
v 2.168206 2.835613 3.11
v 2.180374 2.809772 3.11
v 3.308834 3.3777 3.11
v 3.344167 3.33826 3.11
v 3.527723 3.396475 3.11
v 3.372785 3.285243 3.11
v 3.565308 3.302588 3.11
v 3.387261 3.226209 3.11
v 3.579379 3.202199 3.11
v 3.388782 3.199125 3.11
v 3.565278 3.092502 3.11
v 3.38139 3.139227 3.11
v 3.526665 2.995177 3.11
v 3.360191 3.084443 3.11
v 3.32636 3.036501 3.11
v 3.109034 3.847769 3.11
v 2.988698 3.706513 3.11
v 3.211544 3.728906 3.11
v 3.058066 3.623701 3.11
v 3.105536 3.524669 3.11
v 1.820922 3.341216 3.11
v 1.618943 3.290106 3.11
v 1.811745 3.266756 3.11
v 1.618074 3.260607 3.11
v 1.815442 3.219241 3.11
v 1.632949 3.140192 3.11
v 1.837519 3.144019 3.11
v 1.676992 3.025745 3.11
v 1.87406 3.081857 3.11
v 1.747188 2.925526 3.11
v 1.843156 2.843703 3.11
v 2.572879 2.768331 3.11
v 2.393842 2.829983 3.11
v 2.53648 2.699836 3.11
v 2.379546 2.803578 3.11
v 2.489405 2.647069 3.11
v 2.362859 2.784727 3.11
v 2.428181 2.604449 3.11
v 2.339508 2.767981 3.11
v 2.359623 2.578102 3.11
v 2.312881 2.757344 3.11
v 2.285163 2.568925 3.11
v 2.282089 2.753373 3.11
v 2.273388 2.569143 3.11
v 2.276851 2.753488 3.11
v 2.200803 2.580444 3.11
v 2.249254 2.757988 3.11
v 2.129867 2.610227 3.11
v 2.221465 2.769922 3.11
v 2.197934 2.787957 3.11
v 2.545132 3.990433 3.11
v 2.580829 3.808593 3.11
v 2.690951 4.007625 3.11
v 2.694025 3.823176 3.11
v 2.829175 3.991762 3.11
v 2.798308 3.810352 3.11
v 2.982404 3.934552 3.11
v 2.894706 3.773406 3.11
v 2.981072 3.713458 3.11
v 1.881099 3.699444 3.11
v 1.783318 3.630709 3.11
v 1.889889 3.470998 3.11
v 1.762558 3.61106 3.11
v 1.847269 3.409774 3.11
v 1.688646 3.516314 3.11
v 1.639587 3.405642 3.11
v 3.013654 2.962199 3.11
v 2.939777 2.804062 3.11
v 2.946923 2.796789 3.11
v 3.022876 2.960157 3.11
v 2.966861 2.782614 3.11
v 2.915363 2.867117 3.11
v 2.91828 2.844219 3.11
v 2.926378 2.823373 3.11
v 2.98684 2.959358 3.11
v 2.965745 2.951025 3.11
v 2.916144 2.879249 3.11
v 2.946842 2.937628 3.11
v 2.934139 2.92362 3.11
v 2.922318 2.902647 3.11
v 3.010662 2.962415 3.11
v 2.282089 2.993157 3.1
v 2.307682 2.990376 3.1
v 2.33623 2.980157 3.1
v 2.360961 2.963463 3.1
v 2.380766 2.941358 3.1
v 2.394118 2.916119 3.1
v 2.401138 2.887615 3.1
v 2.401182 2.859487 3.1
v 2.393842 2.829983 3.1
v 2.379546 2.803578 3.1
v 2.362859 2.784727 3.1
v 2.339508 2.767981 3.1
v 2.312881 2.757344 3.1
v 2.282089 2.753373 3.1
v 2.276851 2.753488 3.1
v 2.249254 2.757988 3.1
v 2.221465 2.769922 3.1
v 2.197934 2.787957 3.1
v 2.180374 2.809772 3.1
v 2.168206 2.835613 3.1
v 2.162514 2.864442 3.1
v 2.164042 2.894404 3.1
v 2.173102 2.923336 3.1
v 2.188991 2.948763 3.1
v 2.201144 2.961613 3.1
v 2.225178 2.978704 3.1
v 2.252024 2.989301 3.1
v 5.17226 3.580213 3.11
v 5.150813 3.553627 3.11
v 5.190492 3.519807 3.11
v 5.145531 3.548713 3.11
v 5.14503 3.487267 3.11
v 5.117586 3.529386 3.11
v 5.095673 3.468082 3.11
v 5.081781 3.515585 3.11
v 5.022604 3.459239 3.11
v 5.022272 3.508533 3.11
v 4.903678 3.459239 3.11
v 4.959494 3.508533 3.11
v 4.903678 3.891614 3.11
v 4.959494 3.841878 3.11
v 5.027025 3.891614 3.11
v 5.024814 3.841878 3.11
v 5.093048 3.884323 3.11
v 5.082666 3.835196 3.11
v 5.145229 3.86526 3.11
v 5.119791 3.82129 3.11
v 5.190492 3.834362 3.11
v 5.149597 3.801205 3.11
v 5.205904 3.819268 3.11
v 5.161862 3.789086 3.11
v 5.232628 3.781522 3.11
v 5.17857 3.764791 3.11
v 5.248574 3.740236 3.11
v 5.190707 3.73311 3.11
v 5.255702 3.680953 3.11
v 5.197013 3.679406 3.11
v 5.254397 3.653343 3.11
v 5.195568 3.651885 3.11
v 5.243908 3.602733 3.11
v 5.18716 3.612303 3.11
v 5.222603 3.55802 3.11
v 5.149597 3.801205 3.1
v 5.161862 3.789086 3.1
v 5.17857 3.764791 3.1
v 5.190707 3.73311 3.1
v 5.197013 3.679406 3.1
v 5.024814 3.841878 3.1
v 5.082666 3.835196 3.1
v 5.119791 3.82129 3.1
v 4.959494 3.841878 3.1
v 4.959494 3.508533 3.1
v 5.022272 3.508533 3.1
v 5.150813 3.553627 3.1
v 5.145531 3.548713 3.1
v 5.117586 3.529386 3.1
v 5.081781 3.515585 3.1
v 5.195568 3.651885 3.1
v 5.18716 3.612303 3.1
v 5.17226 3.580213 3.1
v 4.391283 3.501681 3.11
v 4.351737 3.505957 3.11
v 4.320238 3.517148 3.11
v 4.291287 3.53651 3.11
v 4.280204 3.547217 3.11
v 4.259622 3.575593 3.11
v 4.245455 3.610269 3.11
v 4.238318 3.653215 3.11
v 4.237762 3.670563 3.11
v 4.244794 3.729614 3.11
v 4.259227 3.767035 3.11
v 4.280078 3.797128 3.11
v 4.283188 3.800541 3.11
v 4.311221 3.823947 3.11
v 4.345037 3.840076 3.11
v 4.382392 3.847677 3.11
v 4.401009 3.84851 3.11
v 4.498098 3.825466 3.11
v 4.45424 3.842154 3.11
v 4.502913 3.822868 3.11
v 4.502913 3.881225 3.11
v 4.457072 3.89446 3.11
v 4.400456 3.898909 3.11
v 4.338195 3.891377 3.11
v 4.292975 3.873888 3.11
v 4.251161 3.844405 3.11
v 4.241631 3.835246 3.11
v 4.189752 3.746275 3.11
v 4.210289 3.794303 3.11
v 4.179945 3.68983 3.11
v 4.179184 3.667248 3.11
v 4.205161 3.552034 3.11
v 4.187613 3.597231 3.11
v 4.230907 3.515077 3.11
v 4.234668 3.510965 3.11
v 4.264922 3.485046 3.11
v 4.350828 3.453871 3.11
v 4.305014 3.464635 3.11
v 4.383214 3.451944 3.11
v 4.449115 3.458244 3.11
v 4.495536 3.473469 3.11
v 4.502913 3.477144 3.11
v 4.502913 3.530638 3.11
v 4.466743 3.513628 3.11
v 4.419021 3.503124 3.11
v 5.942065 2.940432 3.11
v 5.924381 2.89158 3.11
v 6.087185 2.940432 3.11
v 6.104427 2.89158 3.11
v 6.006722 3.120147 3.11
v 5.985833 3.205693 3.11
v 5.82115 2.773318 3.11
v 5.882823 2.773318 3.11
v 6.010466 3.133051 3.11
v 6.013796 3.150431 3.11
v 6.045516 3.205693 3.11
v 6.015122 3.150431 3.11
v 6.018618 3.132139 3.11
v 6.021864 3.120147 3.11
v 6.210199 2.773318 3.11
v 6.148527 2.773318 3.11
v 6.006722 3.120147 3.1
v 6.010466 3.133051 3.1
v 6.013796 3.150431 3.1
v 5.942065 2.940432 3.1
v 6.087185 2.940432 3.1
v 6.021864 3.120147 3.1
v 6.015122 3.150431 3.1
v 6.018618 3.132139 3.1
v 5.186734 2.822613 3.11
v 5.363464 2.822613 3.11
v 5.186734 2.968064 3.11
v 5.341359 2.968064 3.11
v 5.341359 3.017579 3.11
v 5.186734 3.017579 3.11
v 5.186734 3.155957 3.11
v 5.353627 3.155957 3.11
v 5.353627 3.205693 3.11
v 5.130919 3.205693 3.11
v 5.130919 2.773318 3.11
v 5.363464 2.773318 3.11
v 3.989301 2.822613 3.11
v 4.166031 2.822613 3.11
v 3.989301 2.968064 3.11
v 4.143926 2.968064 3.11
v 4.143926 3.017579 3.11
v 3.989301 3.017579 3.11
v 3.989301 3.155957 3.11
v 4.156195 3.155957 3.11
v 4.156195 3.205693 3.11
v 3.933486 3.205693 3.11
v 3.933486 2.773318 3.11
v 4.166031 2.773318 3.11
v 5.400601 3.626353 3.11
v 5.382916 3.577501 3.11
v 5.545721 3.626353 3.11
v 5.562963 3.577501 3.11
v 5.465258 3.806068 3.11
v 5.444369 3.891614 3.11
v 5.279686 3.459239 3.11
v 5.341359 3.459239 3.11
v 5.469002 3.818972 3.11
v 5.472332 3.836352 3.11
v 5.504053 3.891614 3.11
v 5.473658 3.836352 3.11
v 5.477153 3.81806 3.11
v 5.4804 3.806068 3.11
v 5.668736 3.459239 3.11
v 5.607062 3.459239 3.11
v 5.465258 3.806068 3.1
v 5.469002 3.818972 3.1
v 5.472332 3.836352 3.1
v 5.400601 3.626353 3.1
v 5.545721 3.626353 3.1
v 5.4804 3.806068 3.1
v 5.473658 3.836352 3.1
v 5.477153 3.81806 3.1
v 4.64527 3.508533 3.11
v 4.822 3.508533 3.11
v 4.64527 3.653985 3.11
v 4.799895 3.653985 3.11
v 4.799895 3.7035 3.11
v 4.64527 3.7035 3.11
v 4.64527 3.841878 3.11
v 4.812163 3.841878 3.11
v 4.812163 3.891614 3.11
v 4.589454 3.891614 3.11
v 4.589454 3.459239 3.11
v 4.822 3.459239 3.11
v 3.989301 3.508533 3.11
v 4.1615 3.508533 3.11
v 3.989301 3.891614 3.11
v 3.933486 3.891614 3.11
v 3.933486 3.459239 3.11
v 4.1615 3.459239 3.11
usemtl 1
f 1// 2// 3//
f 4// 5// 6//
f 7// 4// 8//
f 9// 7// 10//
f 11// 12// 13//
f 14// 15// 16//
f 17// 18// 19//
f 20// 21// 22//
f 23// 24// 25//
f 26// 27// 28//
f 28// 27// 23//
f 25// 29// 23//
f 23// 29// 30//
f 23// 30// 31//
f 32// 28// 33//
f 33// 28// 23//
f 33// 23// 34//
f 34// 23// 31//
f 35// 36// 37//
f 35// 37// 38//
f 32// 33// 37//
f 37// 33// 39//
f 37// 39// 38//
f 40// 41// 37//
f 37// 41// 42//
f 40// 37// 43//
f 43// 37// 36//
f 43// 36// 44//
f 42// 45// 37//
f 37// 45// 46//
f 37// 46// 47//
f 46// 48// 47//
f 47// 48// 49//
f 47// 49// 50//
f 51// 52// 53//
f 49// 54// 50//
f 50// 54// 55//
f 50// 55// 56//
f 56// 55// 57//
f 56// 57// 58//
f 53// 52// 59//
f 59// 52// 60//
f 59// 60// 61//
f 58// 62// 56//
f 56// 62// 63//
f 56// 63// 51//
f 51// 53// 56//
f 56// 53// 64//
f 56// 64// 65//
f 64// 66// 65//
f 65// 66// 67//
f 65// 67// 68//
f 68// 67// 69//
f 68// 69// 70//
f 71// 72// 73//
f 74// 75// 76//
f 76// 75// 77//
f 76// 77// 78//
f 78// 77// 79//
f 78// 79// 80//
f 80// 79// 81//
f 80// 81// 82//
f 82// 81// 83//
f 82// 83// 84//
f 84// 83// 85//
f 86// 87// 88//
f 71// 81// 72//
f 72// 81// 79//
f 72// 79// 89//
f 89// 79// 90//
f 89// 90// 88//
f 88// 90// 91//
f 88// 91// 86//
f 92// 93// 73//
f 73// 93// 94//
f 73// 94// 71//
f 95// 96// 97//
f 22// 21// 98//
f 98// 21// 99//
f 98// 99// 100//
f 101// 102// 103//
f 103// 102// 104//
f 103// 104// 105//
f 105// 104// 95//
f 105// 95// 106//
f 107// 108// 109//
f 109// 108// 110//
f 109// 110// 100//
f 97// 96// 111//
f 111// 96// 112//
f 111// 112// 113//
f 114// 115// 116//
f 117// 118// 119//
f 119// 118// 120//
f 119// 120// 121//
f 121// 120// 114//
f 121// 114// 122//
f 122// 114// 116//
f 123// 124// 125//
f 125// 124// 126//
f 127// 128// 125//
f 125// 128// 129//
f 125// 129// 130//
f 130// 131// 125//
f 125// 131// 132//
f 125// 132// 123//
f 133// 134// 24//
f 24// 134// 135//
f 24// 135// 136//
f 136// 137// 24//
f 24// 137// 138//
f 24// 138// 25//
f 139// 140// 141//
f 142// 143// 144//
f 145// 146// 133//
f 147// 148// 149//
f 149// 148// 150//
f 142// 144// 151//
f 145// 133// 152//
f 153// 154// 148//
f 148// 154// 155//
f 148// 155// 156//
f 141// 140// 133//
f 133// 140// 157//
f 133// 157// 152//
f 143// 158// 144//
f 144// 158// 159//
f 144// 159// 160//
f 161// 162// 163//
f 163// 162// 164//
f 163// 164// 165//
f 166// 156// 167//
f 167// 156// 168//
f 167// 168// 163//
f 163// 168// 169//
f 163// 169// 161//
f 166// 170// 156//
f 156// 170// 171//
f 156// 171// 148//
f 148// 171// 172//
f 148// 172// 150//
f 173// 174// 175//
f 175// 174// 176//
f 175// 176// 144//
f 144// 176// 177//
f 144// 177// 151//
f 178// 179// 144//
f 144// 179// 180//
f 144// 180// 148//
f 148// 180// 181//
f 148// 181// 153//
f 182// 183// 134//
f 134// 183// 184//
f 134// 184// 185//
f 185// 186// 134//
f 134// 186// 187//
f 134// 187// 188//
f 188// 187// 173//
f 188// 173// 189//
f 189// 173// 175//
f 146// 190// 133//
f 133// 190// 191//
f 133// 191// 134//
f 134// 191// 192//
f 134// 192// 182//
f 160// 193// 144//
f 144// 193// 194//
f 144// 194// 195//
f 195// 196// 144//
f 144// 196// 197//
f 144// 197// 178//
f 198// 199// 200//
f 200// 156// 198//
f 198// 156// 155//
f 198// 155// 201//
f 201// 155// 202//
f 202// 203// 201//
f 201// 203// 204//
f 201// 204// 205//
f 206// 207// 208//
f 207// 209// 208//
f 208// 209// 210//
f 208// 210// 211//
f 212// 208// 213//
f 199// 198// 212//
f 212// 198// 214//
f 212// 214// 208//
f 208// 214// 215//
f 208// 215// 206//
f 213// 216// 212//
f 212// 216// 217//
f 212// 217// 218//
f 211// 210// 219//
f 219// 210// 220//
f 219// 220// 221//
f 221// 220// 222//
f 221// 222// 223//
f 224// 225// 218//
f 218// 225// 226//
f 218// 226// 212//
f 124// 227// 126//
f 126// 227// 228//
f 126// 228// 141//
f 141// 228// 229//
f 141// 229// 139//
f 230// 231// 232//
f 232// 231// 233//
f 234// 235// 236//
f 237// 238// 239//
f 240// 241// 242//
f 242// 241// 243//
f 242// 243// 244//
f 230// 245// 231//
f 231// 245// 246//
f 231// 246// 247//
f 247// 246// 248//
f 249// 250// 248//
f 248// 250// 251//
f 248// 251// 247//
f 252// 253// 237//
f 237// 253// 254//
f 237// 254// 238//
f 255// 256// 236//
f 236// 256// 257//
f 236// 257// 258//
f 259// 260// 261//
f 261// 260// 262//
f 261// 262// 242//
f 242// 262// 263//
f 242// 263// 240//
f 239// 264// 237//
f 237// 264// 265//
f 237// 265// 261//
f 261// 265// 233//
f 261// 233// 259//
f 259// 233// 231//
f 244// 266// 242//
f 242// 266// 267//
f 242// 267// 268//
f 269// 270// 248//
f 248// 270// 271//
f 248// 271// 272//
f 272// 273// 248//
f 248// 273// 274//
f 248// 274// 249//
f 275// 276// 277//
f 277// 276// 278//
f 276// 279// 278//
f 278// 279// 280//
f 278// 280// 237//
f 237// 280// 281//
f 237// 281// 252//
f 282// 283// 19//
f 284// 285// 286//
f 287// 288// 19//
f 19// 288// 289//
f 285// 290// 286//
f 286// 290// 291//
f 286// 291// 292//
f 292// 291// 293//
f 292// 293// 282//
f 294// 295// 283//
f 283// 295// 296//
f 283// 296// 19//
f 19// 296// 297//
f 19// 297// 287//
f 289// 298// 19//
f 19// 298// 299//
f 19// 299// 17//
f 300// 301// 302//
f 302// 301// 303//
f 302// 303// 304//
f 302// 305// 300//
f 300// 305// 306//
f 300// 306// 307//
f 307// 308// 300//
f 300// 308// 309//
f 300// 309// 310//
f 310// 309// 311//
f 310// 311// 312//
f 312// 311// 313//
f 312// 313// 283//
f 283// 313// 314//
f 283// 314// 294//
f 315// 316// 304//
f 304// 316// 317//
f 304// 317// 302//
f 318// 319// 242//
f 320// 321// 322//
f 319// 323// 242//
f 242// 323// 324//
f 242// 324// 286//
f 286// 324// 325//
f 286// 325// 284//
f 326// 327// 328//
f 320// 322// 329//
f 321// 318// 322//
f 322// 318// 242//
f 322// 242// 234//
f 234// 242// 268//
f 234// 268// 235//
f 326// 328// 322//
f 322// 328// 330//
f 322// 330// 329//
f 331// 332// 327//
f 327// 332// 333//
f 327// 333// 328//
f 331// 334// 332//
f 332// 334// 335//
f 332// 335// 336//
f 336// 335// 337//
f 336// 338// 339//
f 337// 340// 336//
f 336// 340// 341//
f 336// 341// 342//
f 342// 343// 336//
f 336// 343// 344//
f 336// 344// 338//
f 339// 345// 336//
f 336// 345// 346//
f 336// 346// 347//
f 348// 349// 350//
f 350// 349// 351//
f 350// 351// 234//
f 234// 351// 352//
f 234// 352// 322//
f 353// 354// 19//
f 282// 19// 292//
f 292// 19// 354//
f 292// 354// 118//
f 118// 354// 355//
f 118// 355// 120//
f 19// 16// 353//
f 353// 16// 356//
f 353// 356// 357//
f 15// 358// 16//
f 16// 358// 359//
f 16// 359// 356//
f 360// 361// 362//
f 363// 364// 18//
f 18// 364// 360//
f 18// 360// 19//
f 19// 360// 362//
f 19// 362// 16//
f 16// 362// 365//
f 16// 365// 366//
f 367// 368// 369//
f 369// 368// 370//
f 369// 370// 360//
f 360// 370// 371//
f 360// 371// 361//
f 366// 372// 16//
f 16// 372// 373//
f 16// 373// 14//
f 374// 375// 376//
f 374// 376// 377//
f 375// 378// 376//
f 376// 378// 379//
f 376// 379// 369//
f 369// 379// 380//
f 369// 380// 367//
f 381// 382// 383//
f 381// 384// 385//
f 381// 386// 387//
f 388// 389// 390//
f 390// 389// 391//
f 390// 391// 392//
f 385// 393// 381//
f 381// 393// 394//
f 381// 394// 386//
f 387// 395// 381//
f 381// 395// 396//
f 381// 396// 397//
f 384// 381// 390//
f 390// 381// 398//
f 390// 398// 388//
f 397// 399// 381//
f 381// 399// 400//
f 381// 400// 382//
f 383// 401// 381//
f 381// 401// 402//
f 381// 402// 403//
f 403// 402// 404//
f 403// 404// 405//
f 405// 404// 87//
f 405// 87// 92//
f 92// 87// 86//
f 92// 86// 93//
f 406// 407// 408//
f 408// 407// 409//
f 408// 409// 92//
f 92// 409// 410//
f 92// 410// 405//
f 411// 412// 413//
f 413// 412// 414//
f 415// 416// 417//
f 417// 418// 415//
f 415// 418// 419//
f 415// 419// 420//
f 421// 422// 415//
f 415// 422// 423//
f 415// 423// 416//
f 12// 424// 425//
f 425// 424// 426//
f 425// 426// 421//
f 421// 426// 427//
f 421// 427// 422//
f 13// 428// 429//
f 429// 430// 13//
f 13// 430// 431//
f 13// 431// 11//
f 428// 13// 432//
f 432// 13// 261//
f 432// 261// 433//
f 433// 261// 434//
f 434// 261// 242//
f 434// 242// 435//
f 404// 436// 87//
f 87// 436// 437//
f 87// 437// 438//
f 438// 437// 439//
f 438// 439// 440//
f 441// 442// 443//
f 444// 445// 443//
f 443// 445// 446//
f 443// 446// 441//
f 442// 441// 447//
f 447// 441// 448//
f 447// 448// 449//
f 445// 450// 446//
f 446// 450// 451//
f 446// 451// 452//
f 452// 451// 453//
f 452// 453// 454//
f 454// 453// 455//
f 454// 455// 449//
f 449// 455// 456//
f 449// 456// 447//
f 9// 457// 458//
f 458// 457// 376//
f 458// 376// 459//
f 459// 376// 369//
f 459// 369// 460//
f 460// 369// 360//
f 460// 360// 461//
f 461// 360// 364//
f 461// 364// 462//
f 462// 364// 277//
f 462// 277// 463//
f 463// 277// 278//
f 363// 348// 364//
f 364// 348// 350//
f 364// 350// 277//
f 277// 350// 234//
f 277// 234// 275//
f 275// 234// 236//
f 275// 236// 464//
f 464// 236// 258//
f 457// 97// 376//
f 376// 97// 111//
f 376// 111// 377//
f 377// 111// 113//
f 377// 113// 117//
f 117// 113// 20//
f 117// 20// 118//
f 118// 20// 22//
f 7// 8// 10//
f 10// 8// 465//
f 10// 465// 466//
f 467// 141// 468//
f 468// 141// 133//
f 468// 133// 469//
f 469// 133// 24//
f 469// 24// 470//
f 470// 24// 23//
f 470// 23// 471//
f 467// 472// 473//
f 472// 474// 473//
f 473// 474// 475//
f 473// 475// 469//
f 469// 475// 476//
f 469// 476// 468//
f 477// 478// 479//
f 479// 478// 475//
f 479// 475// 480//
f 480// 475// 474//
f 480// 474// 481//
f 481// 474// 482//
f 110// 106// 100//
f 100// 106// 95//
f 100// 95// 98//
f 98// 95// 97//
f 98// 97// 483//
f 484// 485// 466//
f 466// 485// 486//
f 487// 488// 489//
f 489// 488// 490//
f 489// 490// 466//
f 466// 490// 491//
f 466// 491// 484//
f 486// 492// 466//
f 466// 492// 493//
f 466// 493// 494//
f 9// 10// 457//
f 457// 10// 466//
f 457// 466// 97//
f 97// 466// 494//
f 97// 494// 483//
f 483// 495// 98//
f 98// 495// 496//
f 98// 496// 489//
f 489// 496// 497//
f 489// 497// 498//
f 498// 499// 489//
f 489// 499// 500//
f 489// 500// 487//
f 501// 502// 503//
f 503// 502// 504//
f 505// 503// 465//
f 465// 503// 504//
f 465// 504// 466//
f 466// 504// 506//
f 466// 506// 489//
f 489// 506// 507//
f 489// 507// 508//
f 12// 425// 13//
f 13// 425// 473//
f 13// 473// 261//
f 261// 473// 469//
f 261// 469// 237//
f 237// 469// 470//
f 237// 470// 278//
f 278// 470// 471//
f 278// 471// 463//
f 489// 441// 98//
f 98// 441// 446//
f 98// 446// 22//
f 22// 446// 452//
f 22// 452// 118//
f 118// 452// 89//
f 118// 89// 292//
f 292// 89// 88//
f 292// 88// 286//
f 286// 88// 87//
f 286// 87// 242//
f 242// 87// 438//
f 242// 438// 435//
f 435// 438// 440//
f 467// 473// 141//
f 141// 473// 425//
f 141// 425// 126//
f 126// 425// 509//
f 126// 509// 125//
f 509// 510// 125//
f 125// 510// 1//
f 125// 1// 421//
f 421// 1// 3//
f 421// 3// 425//
f 425// 3// 511//
f 425// 511// 509//
f 512// 513// 452//
f 452// 513// 514//
f 452// 514// 515//
f 516// 517// 454//
f 454// 517// 518//
f 454// 518// 452//
f 452// 518// 519//
f 452// 519// 512//
f 72// 520// 454//
f 454// 520// 521//
f 454// 521// 522//
f 515// 523// 452//
f 452// 523// 524//
f 452// 524// 89//
f 89// 524// 525//
f 89// 525// 72//
f 72// 525// 526//
f 72// 526// 520//
f 522// 527// 454//
f 454// 527// 528//
f 454// 528// 516//
f 505// 465// 508//
f 508// 465// 529//
f 508// 529// 489//
f 489// 529// 530//
f 489// 530// 441//
f 441// 530// 531//
f 441// 531// 448//
f 4// 6// 8//
f 8// 6// 532//
f 8// 532// 465//
f 465// 532// 533//
f 465// 533// 529//
f 529// 533// 534//
f 529// 534// 530//
f 530// 534// 535//
f 530// 535// 531//
f 420// 413// 415//
f 415// 413// 414//
f 415// 414// 421//
f 421// 414// 536//
f 421// 536// 125//
f 125// 536// 68//
f 125// 68// 127//
f 127// 68// 70//
f 535// 537// 531//
f 531// 537// 538//
f 531// 538// 448//
f 448// 538// 539//
f 448// 539// 449//
f 449// 539// 540//
f 449// 540// 454//
f 454// 540// 541//
f 454// 541// 72//
f 72// 541// 542//
f 72// 542// 73//
f 73// 542// 543//
f 73// 543// 92//
f 92// 543// 544//
f 92// 544// 408//
f 408// 544// 412//
f 408// 412// 406//
f 406// 412// 411//
f 545// 546// 547//
f 547// 546// 548//
f 549// 550// 551//
f 551// 550// 552//
f 545// 547// 553//
f 545// 553// 554//
f 554// 553// 555//
f 554// 555// 556//
f 556// 555// 557//
f 556// 557// 558//
f 558// 557// 559//
f 558// 559// 560//
f 560// 559// 561//
f 560// 561// 562//
f 561// 65// 68//
f 561// 68// 562//
f 562// 68// 536//
f 562// 536// 414//
f 414// 412// 562//
f 562// 412// 544//
f 562// 544// 543//
f 543// 542// 562//
f 562// 542// 541//
f 562// 541// 540//
f 540// 539// 562//
f 562// 539// 538//
f 562// 538// 537//
f 552// 550// 563//
f 552// 563// 564//
f 564// 563// 565//
f 564// 565// 566//
f 566// 565// 567//
f 566// 567// 568//
f 568// 567// 569//
f 568// 569// 570//
f 570// 569// 571//
f 570// 571// 572//
f 572// 571// 27//
f 572// 27// 26//
f 573// 574// 575//
f 575// 574// 576//
usemtl 2
f 577// 578// 579//
f 580// 581// 582//
f 583// 584// 585//
f 586// 551// 587//
f 587// 551// 588//
f 589// 590// 591//
f 592// 593// 594//
f 579// 594// 577//
f 577// 594// 595//
f 577// 595// 596//
f 597// 598// 586//
f 586// 598// 599//
f 586// 599// 551//
f 551// 599// 600//
f 551// 600// 549//
f 573// 601// 574//
f 574// 601// 602//
f 603// 604// 605//
f 605// 604// 606//
f 589// 591// 594//
f 594// 591// 607//
f 594// 607// 592//
f 593// 608// 594//
f 594// 608// 609//
f 594// 609// 595//
f 602// 610// 611//
f 612// 613// 614//
f 611// 610// 615//
f 616// 617// 618//
f 618// 617// 619//
f 620// 621// 622//
f 623// 624// 625//
f 626// 627// 628//
f 629// 630// 590//
f 631// 632// 549//
f 614// 587// 612//
f 612// 587// 588//
f 612// 588// 633//
f 633// 588// 548//
f 634// 635// 636//
f 636// 635// 637//
f 619// 548// 618//
f 618// 548// 546//
f 618// 546// 638//
f 638// 546// 639//
f 638// 639// 640//
f 641// 642// 643//
f 643// 642// 644//
f 611// 633// 602//
f 602// 633// 548//
f 602// 548// 574//
f 574// 548// 645//
f 585// 629// 583//
f 583// 629// 590//
f 583// 590// 646//
f 646// 590// 589//
f 646// 589// 647//
f 647// 589// 648//
f 622// 631// 620//
f 620// 631// 549//
f 620// 549// 649//
f 649// 549// 600//
f 649// 600// 650//
f 650// 600// 651//
f 610// 652// 615//
f 615// 652// 636//
f 615// 636// 653//
f 653// 636// 637//
f 653// 637// 654//
f 640// 623// 638//
f 638// 623// 625//
f 638// 625// 655//
f 655// 625// 653//
f 655// 653// 656//
f 656// 653// 654//
f 656// 654// 657//
f 657// 654// 658//
f 659// 660// 596//
f 661// 662// 663//
f 664// 665// 666//
f 667// 668// 669//
f 669// 668// 645//
f 669// 645// 644//
f 644// 645// 548//
f 644// 548// 643//
f 643// 548// 619//
f 670// 671// 660//
f 660// 671// 672//
f 660// 672// 596//
f 596// 672// 673//
f 596// 673// 577//
f 674// 675// 590//
f 676// 677// 549//
f 678// 679// 582//
f 582// 679// 680//
f 582// 680// 580//
f 580// 680// 605//
f 580// 605// 596//
f 596// 605// 606//
f 596// 606// 681//
f 682// 683// 630//
f 630// 683// 684//
f 630// 684// 590//
f 590// 684// 685//
f 663// 674// 661//
f 661// 674// 590//
f 661// 590// 686//
f 686// 590// 685//
f 686// 685// 687//
f 687// 685// 688//
f 666// 676// 664//
f 664// 676// 549//
f 664// 549// 689//
f 689// 549// 632//
f 689// 632// 690//
f 690// 632// 691//
f 692// 693// 681//
f 681// 693// 694//
f 681// 694// 596//
f 596// 694// 626//
f 596// 626// 659//
f 659// 626// 628//
f 695// 696// 697//
f 698// 699// 700//
f 700// 699// 701//
f 624// 702// 625//
f 625// 702// 590//
f 625// 590// 703//
f 703// 590// 704//
f 697// 704// 695//
f 695// 704// 590//
f 695// 590// 705//
f 705// 590// 675//
f 705// 675// 706//
f 706// 675// 707//
f 581// 580// 701//
f 701// 580// 708//
f 701// 708// 700//
f 708// 709// 700//
f 700// 709// 710//
f 700// 710// 711//
f 711// 712// 700//
f 700// 712// 549//
f 700// 549// 713//
f 713// 549// 677//
f 713// 677// 714//
f 714// 677// 715//
f 679// 678// 716//
f 716// 678// 717//
f 604// 603// 718//
f 718// 603// 719//
f 693// 692// 720//
f 720// 692// 721//
f 628// 627// 722//
f 722// 627// 723//
f 671// 670// 724//
f 724// 670// 725//
f 701// 699// 726//
f 726// 699// 727//
f 724// 725// 728//
f 728// 725// 729//
f 730// 731// 732//
f 733// 734// 735//
f 735// 734// 736//
f 735// 736// 732//
f 732// 736// 737//
f 732// 737// 730//
f 738// 739// 740//
f 740// 739// 741//
f 722// 723// 742//
f 742// 723// 743//
f 744// 745// 746//
f 747// 748// 749//
f 749// 748// 750//
f 751// 752// 753//
f 753// 752// 744//
f 753// 744// 754//
f 754// 744// 755//
f 754// 755// 756//
f 756// 755// 757//
f 720// 721// 758//
f 758// 721// 759//
f 760// 728// 761//
f 761// 728// 762//
f 761// 762// 763//
f 763// 762// 764//
f 765// 766// 767//
f 767// 766// 768//
f 718// 719// 769//
f 769// 719// 770//
f 771// 772// 773//
f 774// 775// 776//
f 776// 775// 777//
f 778// 779// 728//
f 716// 717// 780//
f 780// 717// 781//
f 773// 778// 771//
f 771// 778// 728//
f 771// 728// 782//
f 782// 728// 760//
f 782// 760// 783//
f 783// 760// 784//
f 785// 786// 787//
f 787// 786// 788//
f 789// 790// 791//
f 727// 792// 726//
f 726// 792// 793//
f 726// 793// 794//
f 794// 793// 795//
f 744// 746// 755//
f 755// 746// 762//
f 755// 762// 741//
f 741// 762// 728//
f 741// 728// 740//
f 740// 728// 729//
f 740// 729// 750//
f 750// 729// 742//
f 750// 742// 749//
f 749// 742// 743//
f 749// 743// 768//
f 768// 743// 758//
f 768// 758// 767//
f 767// 758// 759//
f 767// 759// 777//
f 777// 759// 769//
f 777// 769// 776//
f 776// 769// 770//
f 776// 770// 788//
f 788// 770// 780//
f 788// 780// 787//
f 787// 780// 781//
f 787// 781// 796//
f 796// 781// 794//
f 796// 794// 797//
f 797// 794// 795//
f 797// 795// 798//
f 791// 799// 789//
f 789// 799// 728//
f 789// 728// 800//
f 800// 728// 779//
f 800// 779// 801//
f 801// 779// 802//
f 803// 804// 805//
f 805// 804// 806//
f 799// 805// 728//
f 728// 805// 806//
f 728// 806// 737//
f 737// 806// 807//
f 737// 807// 730//
f 696// 763// 697//
f 697// 763// 764//
f 744// 653// 745//
f 745// 653// 625//
f 707// 783// 706//
f 706// 783// 784//
f 662// 773// 663//
f 663// 773// 772//
f 688// 801// 687//
f 687// 801// 802//
f 682// 791// 683//
f 683// 791// 790//
f 584// 804// 585//
f 585// 804// 803//
f 648// 731// 647//
f 647// 731// 730//
f 578// 734// 579//
f 579// 734// 733//
f 786// 785// 665//
f 665// 785// 666//
f 775// 774// 691//
f 691// 774// 690//
f 766// 765// 621//
f 621// 765// 622//
f 748// 747// 651//
f 651// 747// 650//
f 739// 738// 597//
f 597// 738// 598//
f 756// 757// 613//
f 613// 757// 614//
f 611// 615// 751//
f 751// 615// 752//
f 797// 798// 715//
f 715// 798// 714//
f 615// 653// 752//
f 752// 653// 744//
f 792// 727// 698//
f 698// 727// 699//
f 736// 734// 577//
f 577// 734// 578//
usemtl 1
f 591// 590// 808//
f 808// 590// 809//
f 580// 596// 810//
f 810// 596// 811//
f 809// 590// 702//
f 809// 702// 812//
f 812// 702// 624//
f 812// 624// 813//
f 813// 624// 623//
f 813// 623// 814//
f 814// 623// 640//
f 814// 640// 815//
f 815// 640// 639//
f 815// 639// 816//
f 816// 639// 546//
f 816// 546// 545//
f 545// 554// 817//
f 818// 819// 820//
f 537// 821// 822//
f 820// 819// 537//
f 823// 537// 819//
f 823// 819// 824//
f 824// 819// 818//
f 824// 818// 825//
f 562// 537// 823//
f 826// 827// 828//
f 828// 827// 822//
f 828// 822// 829//
f 829// 822// 821//
f 829// 821// 830//
f 562// 823// 560//
f 560// 823// 824//
f 560// 824// 558//
f 558// 824// 825//
f 558// 825// 556//
f 831// 826// 832//
f 832// 826// 828//
f 832// 828// 833//
f 833// 828// 829//
f 833// 829// 834//
f 834// 829// 830//
f 834// 830// 835//
f 836// 831// 837//
f 837// 831// 832//
f 837// 832// 838//
f 838// 832// 833//
f 838// 833// 839//
f 839// 833// 834//
f 839// 834// 840//
f 840// 834// 835//
f 840// 835// 841//
f 554// 836// 817//
f 817// 836// 837//
f 817// 837// 842//
f 842// 837// 838//
f 842// 838// 843//
f 843// 838// 839//
f 843// 839// 844//
f 844// 839// 840//
f 844// 840// 845//
f 845// 840// 841//
f 845// 841// 846//
f 545// 817// 816//
f 816// 817// 842//
f 816// 842// 815//
f 815// 842// 843//
f 815// 843// 814//
f 814// 843// 844//
f 814// 844// 813//
f 813// 844// 845//
f 813// 845// 812//
f 812// 845// 846//
f 812// 846// 809//
f 827// 537// 822//
f 554// 556// 836//
f 836// 556// 825//
f 836// 825// 831//
f 831// 825// 818//
f 831// 818// 826//
f 826// 818// 820//
f 826// 820// 827//
f 827// 820// 537//
f 550// 549// 712//
f 550// 712// 847//
f 847// 712// 711//
f 847// 711// 848//
f 848// 711// 710//
f 848// 710// 849//
f 849// 710// 709//
f 849// 709// 850//
f 850// 709// 708//
f 850// 708// 851//
f 851// 708// 580//
f 851// 580// 810//
f 808// 809// 846//
f 808// 846// 852//
f 852// 846// 841//
f 852// 841// 853//
f 853// 841// 835//
f 853// 835// 854//
f 854// 835// 830//
f 854// 830// 855//
f 855// 830// 821//
f 855// 821// 856//
f 821// 537// 535//
f 535// 534// 821//
f 821// 534// 533//
f 821// 533// 532//
f 532// 6// 821//
f 821// 6// 5//
f 821// 5// 856//
f 811// 596// 595//
f 609// 857// 595//
f 595// 857// 858//
f 595// 858// 811//
f 608// 859// 609//
f 609// 859// 860//
f 609// 860// 857//
f 593// 861// 608//
f 608// 861// 862//
f 608// 862// 859//
f 592// 863// 593//
f 593// 863// 864//
f 593// 864// 861//
f 865// 866// 592//
f 592// 866// 867//
f 592// 867// 863//
f 592// 607// 865//
f 865// 607// 591//
f 865// 591// 808//
f 810// 868// 869//
f 870// 871// 872//
f 27// 571// 873//
f 872// 871// 27//
f 874// 27// 871//
f 874// 871// 875//
f 875// 871// 870//
f 875// 870// 876//
f 877// 27// 874//
f 878// 879// 880//
f 880// 879// 873//
f 880// 873// 881//
f 881// 873// 571//
f 881// 571// 569//
f 877// 874// 882//
f 882// 874// 875//
f 882// 875// 883//
f 883// 875// 876//
f 883// 876// 884//
f 885// 878// 886//
f 886// 878// 880//
f 886// 880// 887//
f 887// 880// 881//
f 887// 881// 888//
f 888// 881// 569//
f 888// 569// 567//
f 889// 885// 890//
f 890// 885// 886//
f 890// 886// 891//
f 891// 886// 887//
f 891// 887// 892//
f 892// 887// 888//
f 892// 888// 893//
f 893// 888// 567//
f 893// 567// 565//
f 868// 889// 869//
f 869// 889// 890//
f 869// 890// 894//
f 894// 890// 891//
f 894// 891// 895//
f 895// 891// 892//
f 895// 892// 896//
f 896// 892// 893//
f 896// 893// 897//
f 897// 893// 565//
f 897// 565// 563//
f 810// 869// 851//
f 851// 869// 894//
f 851// 894// 850//
f 850// 894// 895//
f 850// 895// 849//
f 849// 895// 896//
f 849// 896// 848//
f 848// 896// 897//
f 848// 897// 847//
f 847// 897// 563//
f 847// 563// 550//
f 879// 27// 873//
f 868// 884// 889//
f 889// 884// 876//
f 889// 876// 885//
f 885// 876// 870//
f 885// 870// 878//
f 878// 870// 872//
f 878// 872// 879//
f 879// 872// 27//
f 858// 857// 898//
f 860// 859// 899//
f 862// 861// 900//
f 864// 863// 901//
f 867// 866// 902//
f 865// 808// 852//
f 866// 865// 902//
f 902// 865// 852//
f 902// 852// 903//
f 903// 852// 853//
f 903// 853// 904//
f 904// 853// 854//
f 904// 854// 905//
f 905// 854// 855//
f 905// 855// 906//
f 906// 855// 856//
f 906// 856// 5//
f 863// 867// 901//
f 901// 867// 902//
f 901// 902// 907//
f 907// 902// 903//
f 907// 903// 908//
f 908// 903// 904//
f 908// 904// 909//
f 909// 904// 905//
f 909// 905// 910//
f 910// 905// 906//
f 910// 906// 5//
f 861// 864// 900//
f 900// 864// 901//
f 900// 901// 911//
f 911// 901// 907//
f 911// 907// 912//
f 912// 907// 908//
f 912// 908// 913//
f 913// 908// 909//
f 913// 909// 914//
f 914// 909// 910//
f 914// 910// 5//
f 859// 862// 899//
f 899// 862// 900//
f 899// 900// 915//
f 915// 900// 911//
f 915// 911// 916//
f 916// 911// 912//
f 916// 912// 917//
f 917// 912// 913//
f 917// 913// 918//
f 918// 913// 914//
f 918// 914// 5//
f 857// 860// 898//
f 898// 860// 899//
f 898// 899// 919//
f 919// 899// 915//
f 919// 915// 920//
f 920// 915// 916//
f 920// 916// 921//
f 921// 916// 917//
f 921// 917// 922//
f 922// 917// 918//
f 922// 918// 5//
f 811// 858// 923//
f 923// 858// 898//
f 923// 898// 924//
f 924// 898// 919//
f 924// 919// 925//
f 925// 919// 920//
f 925// 920// 926//
f 926// 920// 921//
f 926// 921// 927//
f 927// 921// 922//
f 927// 922// 5//
f 810// 811// 923//
f 810// 923// 868//
f 868// 923// 924//
f 868// 924// 884//
f 884// 924// 925//
f 884// 925// 883//
f 883// 925// 926//
f 883// 926// 882//
f 882// 926// 927//
f 882// 927// 877//
f 927// 5// 4//
f 4// 7// 927//
f 927// 7// 9//
f 927// 9// 458//
f 458// 459// 927//
f 927// 459// 460//
f 927// 460// 461//
f 461// 462// 927//
f 927// 462// 463//
f 927// 463// 471//
f 471// 23// 927//
f 927// 23// 27//
f 927// 27// 877//
usemtl 3
f 795// 928// 798//
f 798// 928// 929//
f 798// 929// 714//
f 714// 929// 930//
f 714// 930// 713//
f 713// 930// 931//
f 931// 932// 713//
f 713// 932// 700//
f 700// 932// 698//
f 698// 932// 933//
f 698// 933// 792//
f 792// 933// 934//
f 792// 934// 793//
f 793// 934// 935//
f 936// 937// 938//
f 938// 937// 939//
f 930// 929// 937//
f 937// 929// 939//
f 940// 941// 933//
f 933// 941// 934//
f 942// 943// 940//
f 940// 943// 941//
f 938// 939// 929//
f 944// 945// 928//
f 928// 945// 946//
f 928// 946// 929//
f 929// 946// 947//
f 929// 947// 938//
f 935// 948// 949//
f 941// 943// 934//
f 934// 943// 950//
f 934// 950// 935//
f 935// 950// 951//
f 935// 951// 948//
f 949// 952// 935//
f 935// 952// 953//
f 935// 953// 928//
f 928// 953// 954//
f 928// 954// 944//
f 942// 940// 933//
f 937// 936// 930//
f 930// 936// 955//
f 930// 955// 931//
f 955// 956// 931//
f 931// 956// 957//
f 931// 957// 958//
f 959// 960// 932//
f 932// 960// 961//
f 932// 961// 933//
f 933// 961// 962//
f 933// 962// 942//
f 958// 963// 931//
f 931// 963// 964//
f 931// 964// 932//
f 932// 964// 965//
f 932// 965// 959//
f 943// 942// 950//
f 950// 942// 962//
f 950// 962// 951//
f 951// 962// 961//
f 951// 961// 948//
f 948// 961// 960//
f 948// 960// 949//
f 949// 960// 959//
f 949// 959// 952//
f 952// 959// 965//
f 952// 965// 953//
f 953// 965// 964//
f 953// 964// 954//
f 954// 964// 963//
f 954// 963// 944//
f 944// 963// 958//
f 944// 958// 945//
f 945// 958// 957//
f 945// 957// 946//
f 946// 957// 956//
f 946// 956// 947//
f 947// 956// 955//
f 947// 955// 938//
f 938// 955// 936//
f 795// 793// 928//
f 928// 793// 935//
f 787// 966// 785//
f 785// 966// 967//
f 785// 967// 666//
f 666// 967// 968//
f 666// 968// 676//
f 676// 968// 969//
f 969// 970// 676//
f 676// 970// 677//
f 677// 970// 715//
f 715// 970// 971//
f 715// 971// 797//
f 797// 971// 972//
f 797// 972// 796//
f 796// 972// 973//
f 974// 975// 976//
f 976// 975// 977//
f 968// 967// 975//
f 975// 967// 977//
f 978// 979// 971//
f 971// 979// 972//
f 980// 981// 978//
f 978// 981// 979//
f 976// 977// 967//
f 973// 982// 983//
f 984// 985// 966//
f 966// 985// 986//
f 966// 986// 967//
f 967// 986// 987//
f 967// 987// 976//
f 979// 981// 972//
f 972// 981// 988//
f 972// 988// 973//
f 973// 988// 989//
f 973// 989// 982//
f 983// 990// 973//
f 973// 990// 991//
f 973// 991// 966//
f 966// 991// 992//
f 966// 992// 984//
f 980// 978// 971//
f 969// 993// 994//
f 975// 974// 968//
f 968// 974// 995//
f 968// 995// 969//
f 969// 995// 996//
f 969// 996// 993//
f 997// 998// 970//
f 970// 998// 999//
f 970// 999// 971//
f 971// 999// 1000//
f 971// 1000// 980//
f 994// 1001// 969//
f 969// 1001// 1002//
f 969// 1002// 970//
f 970// 1002// 1003//
f 970// 1003// 997//
f 981// 980// 988//
f 988// 980// 1000//
f 988// 1000// 989//
f 989// 1000// 999//
f 989// 999// 982//
f 982// 999// 998//
f 982// 998// 983//
f 983// 998// 997//
f 983// 997// 990//
f 990// 997// 1003//
f 990// 1003// 991//
f 991// 1003// 1002//
f 991// 1002// 992//
f 992// 1002// 1001//
f 992// 1001// 984//
f 984// 1001// 994//
f 984// 994// 985//
f 985// 994// 993//
f 985// 993// 986//
f 986// 993// 996//
f 986// 996// 987//
f 987// 996// 995//
f 987// 995// 976//
f 976// 995// 974//
f 776// 1004// 774//
f 774// 1004// 1005//
f 774// 1005// 690//
f 690// 1005// 1006//
f 690// 1006// 689//
f 689// 1006// 1007//
f 1007// 1008// 689//
f 689// 1008// 664//
f 664// 1008// 665//
f 665// 1008// 1009//
f 665// 1009// 786//
f 786// 1009// 1010//
f 786// 1010// 788//
f 788// 1010// 1011//
f 1012// 1013// 1014//
f 1014// 1013// 1015//
f 1006// 1005// 1013//
f 1013// 1005// 1015//
f 1016// 1017// 1009//
f 1009// 1017// 1010//
f 1018// 1019// 1016//
f 1016// 1019// 1017//
f 1014// 1015// 1005//
f 1011// 1020// 1021//
f 1017// 1019// 1010//
f 1010// 1019// 1022//
f 1010// 1022// 1011//
f 1011// 1022// 1023//
f 1011// 1023// 1020//
f 1024// 1025// 1004//
f 1004// 1025// 1026//
f 1004// 1026// 1005//
f 1005// 1026// 1027//
f 1005// 1027// 1014//
f 1021// 1028// 1011//
f 1011// 1028// 1029//
f 1011// 1029// 1004//
f 1004// 1029// 1030//
f 1004// 1030// 1024//
f 1018// 1016// 1009//
f 1013// 1012// 1006//
f 1006// 1012// 1031//
f 1006// 1031// 1007//
f 1031// 1032// 1007//
f 1007// 1032// 1033//
f 1007// 1033// 1034//
f 1035// 1036// 1008//
f 1008// 1036// 1037//
f 1008// 1037// 1009//
f 1009// 1037// 1038//
f 1009// 1038// 1018//
f 1034// 1039// 1007//
f 1007// 1039// 1040//
f 1007// 1040// 1008//
f 1008// 1040// 1041//
f 1008// 1041// 1035//
f 1019// 1018// 1022//
f 1022// 1018// 1038//
f 1022// 1038// 1023//
f 1023// 1038// 1037//
f 1023// 1037// 1020//
f 1020// 1037// 1036//
f 1020// 1036// 1021//
f 1021// 1036// 1035//
f 1021// 1035// 1028//
f 1028// 1035// 1041//
f 1028// 1041// 1029//
f 1029// 1041// 1040//
f 1029// 1040// 1030//
f 1030// 1040// 1039//
f 1030// 1039// 1024//
f 1024// 1039// 1034//
f 1024// 1034// 1025//
f 1025// 1034// 1033//
f 1025// 1033// 1026//
f 1026// 1033// 1032//
f 1026// 1032// 1027//
f 1027// 1032// 1031//
f 1027// 1031// 1014//
f 1014// 1031// 1012//
f 767// 1042// 765//
f 765// 1042// 1043//
f 765// 1043// 622//
f 622// 1043// 1044//
f 622// 1044// 631//
f 631// 1044// 1045//
f 1045// 1046// 631//
f 631// 1046// 632//
f 632// 1046// 691//
f 691// 1046// 1047//
f 691// 1047// 775//
f 775// 1047// 1048//
f 775// 1048// 777//
f 777// 1048// 1049//
f 1050// 1051// 1052//
f 1052// 1051// 1053//
f 1044// 1043// 1051//
f 1051// 1043// 1053//
f 1054// 1055// 1047//
f 1047// 1055// 1048//
f 1056// 1057// 1054//
f 1054// 1057// 1055//
f 1052// 1053// 1043//
f 1049// 1058// 1059//
f 1055// 1057// 1048//
f 1048// 1057// 1060//
f 1048// 1060// 1049//
f 1049// 1060// 1061//
f 1049// 1061// 1058//
f 1062// 1063// 1042//
f 1042// 1063// 1064//
f 1042// 1064// 1043//
f 1043// 1064// 1065//
f 1043// 1065// 1052//
f 1059// 1066// 1049//
f 1049// 1066// 1067//
f 1049// 1067// 1042//
f 1042// 1067// 1068//
f 1042// 1068// 1062//
f 1056// 1054// 1047//
f 1051// 1050// 1044//
f 1044// 1050// 1069//
f 1044// 1069// 1045//
f 1069// 1070// 1045//
f 1045// 1070// 1071//
f 1045// 1071// 1072//
f 1073// 1074// 1046//
f 1046// 1074// 1075//
f 1046// 1075// 1047//
f 1047// 1075// 1076//
f 1047// 1076// 1056//
f 1072// 1077// 1045//
f 1045// 1077// 1078//
f 1045// 1078// 1046//
f 1046// 1078// 1079//
f 1046// 1079// 1073//
f 1057// 1056// 1060//
f 1060// 1056// 1076//
f 1060// 1076// 1061//
f 1061// 1076// 1075//
f 1061// 1075// 1058//
f 1058// 1075// 1074//
f 1058// 1074// 1059//
f 1059// 1074// 1073//
f 1059// 1073// 1066//
f 1066// 1073// 1079//
f 1066// 1079// 1067//
f 1067// 1079// 1078//
f 1067// 1078// 1068//
f 1068// 1078// 1077//
f 1068// 1077// 1062//
f 1062// 1077// 1072//
f 1062// 1072// 1063//
f 1063// 1072// 1071//
f 1063// 1071// 1064//
f 1064// 1071// 1070//
f 1064// 1070// 1065//
f 1065// 1070// 1069//
f 1065// 1069// 1052//
f 1052// 1069// 1050//
f 749// 1080// 747//
f 747// 1080// 1081//
f 747// 1081// 650//
f 650// 1081// 1082//
f 650// 1082// 649//
f 649// 1082// 1083//
f 1083// 1084// 649//
f 649// 1084// 620//
f 620// 1084// 621//
f 621// 1084// 1085//
f 621// 1085// 766//
f 766// 1085// 1086//
f 766// 1086// 768//
f 768// 1086// 1087//
f 1088// 1089// 1090//
f 1090// 1089// 1091//
f 1082// 1081// 1089//
f 1089// 1081// 1091//
f 1092// 1093// 1085//
f 1085// 1093// 1086//
f 1094// 1095// 1092//
f 1092// 1095// 1093//
f 1090// 1091// 1081//
f 1093// 1095// 1086//
f 1086// 1095// 1096//
f 1086// 1096// 1087//
f 1087// 1096// 1097//
f 1087// 1097// 1098//
f 1099// 1100// 1080//
f 1098// 1101// 1087//
f 1087// 1101// 1102//
f 1087// 1102// 1080//
f 1080// 1102// 1103//
f 1080// 1103// 1099//
f 1100// 1104// 1080//
f 1080// 1104// 1105//
f 1080// 1105// 1081//
f 1081// 1105// 1106//
f 1081// 1106// 1090//
f 1094// 1092// 1085//
f 1089// 1088// 1082//
f 1082// 1088// 1107//
f 1082// 1107// 1083//
f 1108// 1109// 1084//
f 1084// 1109// 1110//
f 1084// 1110// 1085//
f 1085// 1110// 1111//
f 1085// 1111// 1094//
f 1107// 1112// 1083//
f 1083// 1112// 1113//
f 1083// 1113// 1114//
f 1114// 1115// 1083//
f 1083// 1115// 1116//
f 1083// 1116// 1084//
f 1084// 1116// 1117//
f 1084// 1117// 1108//
f 1095// 1094// 1096//
f 1096// 1094// 1111//
f 1096// 1111// 1097//
f 1097// 1111// 1110//
f 1097// 1110// 1098//
f 1098// 1110// 1109//
f 1098// 1109// 1101//
f 1101// 1109// 1108//
f 1101// 1108// 1102//
f 1102// 1108// 1117//
f 1102// 1117// 1103//
f 1103// 1117// 1116//
f 1103// 1116// 1099//
f 1099// 1116// 1115//
f 1099// 1115// 1100//
f 1100// 1115// 1114//
f 1100// 1114// 1104//
f 1104// 1114// 1113//
f 1104// 1113// 1105//
f 1105// 1113// 1112//
f 1105// 1112// 1106//
f 1106// 1112// 1107//
f 1106// 1107// 1090//
f 1090// 1107// 1088//
f 740// 1118// 738//
f 738// 1118// 1119//
f 738// 1119// 598//
f 598// 1119// 1120//
f 598// 1120// 599//
f 599// 1120// 1121//
f 1121// 1122// 599//
f 599// 1122// 600//
f 600// 1122// 651//
f 651// 1122// 1123//
f 651// 1123// 748//
f 748// 1123// 1124//
f 748// 1124// 750//
f 750// 1124// 1125//
f 1126// 1127// 1128//
f 1128// 1127// 1129//
f 1120// 1119// 1127//
f 1127// 1119// 1129//
f 1130// 1131// 1123//
f 1123// 1131// 1124//
f 1132// 1133// 1130//
f 1130// 1133// 1131//
f 1128// 1129// 1119//
f 1131// 1133// 1124//
f 1124// 1133// 1134//
f 1124// 1134// 1125//
f 1134// 1135// 1125//
f 1125// 1135// 1136//
f 1125// 1136// 1137//
f 1138// 1139// 1118//
f 1118// 1139// 1140//
f 1118// 1140// 1119//
f 1119// 1140// 1141//
f 1119// 1141// 1128//
f 1137// 1142// 1125//
f 1125// 1142// 1143//
f 1125// 1143// 1118//
f 1118// 1143// 1144//
f 1118// 1144// 1138//
f 1123// 1122// 1145//
f 1127// 1126// 1120//
f 1120// 1126// 1146//
f 1120// 1146// 1121//
f 1121// 1146// 1147//
f 1121// 1147// 1148//
f 1145// 1149// 1123//
f 1123// 1149// 1132//
f 1123// 1132// 1130//
f 1148// 1150// 1121//
f 1121// 1150// 1151//
f 1121// 1151// 1122//
f 1122// 1151// 1152//
f 1122// 1152// 1153//
f 1153// 1154// 1122//
f 1122// 1154// 1155//
f 1122// 1155// 1145//
f 1133// 1132// 1134//
f 1134// 1132// 1149//
f 1134// 1149// 1135//
f 1135// 1149// 1145//
f 1135// 1145// 1136//
f 1136// 1145// 1155//
f 1136// 1155// 1137//
f 1137// 1155// 1154//
f 1137// 1154// 1142//
f 1142// 1154// 1153//
f 1142// 1153// 1143//
f 1143// 1153// 1152//
f 1143// 1152// 1144//
f 1144// 1152// 1151//
f 1144// 1151// 1138//
f 1138// 1151// 1150//
f 1138// 1150// 1139//
f 1139// 1150// 1148//
f 1139// 1148// 1140//
f 1140// 1148// 1147//
f 1140// 1147// 1141//
f 1141// 1147// 1146//
f 1141// 1146// 1128//
f 1128// 1146// 1126//
f 755// 1156// 757//
f 757// 1156// 1157//
f 757// 1157// 614//
f 614// 1157// 1158//
f 614// 1158// 587//
f 587// 1158// 1159//
f 1159// 1160// 587//
f 587// 1160// 586//
f 586// 1160// 597//
f 597// 1160// 1161//
f 597// 1161// 739//
f 739// 1161// 1162//
f 739// 1162// 741//
f 741// 1162// 1163//
f 1164// 1165// 1166//
f 1166// 1165// 1167//
f 1158// 1157// 1165//
f 1165// 1157// 1167//
f 1168// 1169// 1161//
f 1161// 1169// 1162//
f 1170// 1171// 1168//
f 1168// 1171// 1169//
f 1166// 1167// 1157//
f 1169// 1171// 1162//
f 1162// 1171// 1172//
f 1162// 1172// 1163//
f 1172// 1173// 1163//
f 1163// 1173// 1174//
f 1163// 1174// 1175//
f 1176// 1177// 1156//
f 1156// 1177// 1178//
f 1156// 1178// 1157//
f 1157// 1178// 1179//
f 1157// 1179// 1166//
f 1175// 1180// 1163//
f 1163// 1180// 1181//
f 1163// 1181// 1156//
f 1156// 1181// 1182//
f 1156// 1182// 1176//
f 1170// 1168// 1161//
f 1160// 1183// 1184//
f 1184// 1185// 1160//
f 1160// 1185// 1186//
f 1160// 1186// 1161//
f 1161// 1186// 1187//
f 1161// 1187// 1170//
f 1165// 1164// 1158//
f 1158// 1164// 1188//
f 1158// 1188// 1159//
f 1159// 1188// 1189//
f 1159// 1189// 1190//
f 1190// 1191// 1159//
f 1159// 1191// 1192//
f 1159// 1192// 1160//
f 1160// 1192// 1193//
f 1160// 1193// 1183//
f 1171// 1170// 1172//
f 1172// 1170// 1187//
f 1172// 1187// 1173//
f 1173// 1187// 1186//
f 1173// 1186// 1174//
f 1174// 1186// 1185//
f 1174// 1185// 1175//
f 1175// 1185// 1184//
f 1175// 1184// 1180//
f 1180// 1184// 1183//
f 1180// 1183// 1181//
f 1181// 1183// 1193//
f 1181// 1193// 1182//
f 1182// 1193// 1192//
f 1182// 1192// 1176//
f 1176// 1192// 1191//
f 1176// 1191// 1177//
f 1177// 1191// 1190//
f 1177// 1190// 1178//
f 1178// 1190// 1189//
f 1178// 1189// 1179//
f 1179// 1189// 1188//
f 1179// 1188// 1166//
f 1166// 1188// 1164//
f 753// 1194// 751//
f 751// 1194// 1195//
f 751// 1195// 611//
f 611// 1195// 1196//
f 611// 1196// 633//
f 633// 1196// 1197//
f 1197// 1198// 633//
f 633// 1198// 612//
f 612// 1198// 613//
f 613// 1198// 1199//
f 613// 1199// 756//
f 756// 1199// 1200//
f 756// 1200// 754//
f 754// 1200// 1201//
f 1202// 1203// 1204//
f 1204// 1203// 1205//
f 1196// 1195// 1203//
f 1203// 1195// 1205//
f 1206// 1207// 1199//
f 1199// 1207// 1200//
f 1208// 1209// 1206//
f 1206// 1209// 1207//
f 1204// 1205// 1195//
f 1207// 1209// 1200//
f 1200// 1209// 1210//
f 1200// 1210// 1201//
f 1201// 1210// 1211//
f 1201// 1211// 1212//
f 1213// 1214// 1194//
f 1212// 1215// 1201//
f 1201// 1215// 1216//
f 1201// 1216// 1194//
f 1194// 1216// 1217//
f 1194// 1217// 1213//
f 1214// 1218// 1194//
f 1194// 1218// 1219//
f 1194// 1219// 1195//
f 1195// 1219// 1220//
f 1195// 1220// 1204//
f 1208// 1206// 1199//
f 1203// 1202// 1196//
f 1196// 1202// 1221//
f 1196// 1221// 1197//
f 1222// 1223// 1198//
f 1198// 1223// 1224//
f 1198// 1224// 1199//
f 1199// 1224// 1225//
f 1199// 1225// 1208//
f 1221// 1226// 1197//
f 1197// 1226// 1227//
f 1197// 1227// 1228//
f 1228// 1229// 1197//
f 1197// 1229// 1230//
f 1197// 1230// 1198//
f 1198// 1230// 1231//
f 1198// 1231// 1222//
f 1209// 1208// 1210//
f 1210// 1208// 1225//
f 1210// 1225// 1211//
f 1211// 1225// 1224//
f 1211// 1224// 1212//
f 1212// 1224// 1223//
f 1212// 1223// 1215//
f 1215// 1223// 1222//
f 1215// 1222// 1216//
f 1216// 1222// 1231//
f 1216// 1231// 1217//
f 1217// 1231// 1230//
f 1217// 1230// 1213//
f 1213// 1230// 1229//
f 1213// 1229// 1214//
f 1214// 1229// 1228//
f 1214// 1228// 1218//
f 1218// 1228// 1227//
f 1218// 1227// 1219//
f 1219// 1227// 1226//
f 1219// 1226// 1220//
f 1220// 1226// 1221//
f 1220// 1221// 1204//
f 1204// 1221// 1202//
f 787// 796// 966//
f 966// 796// 973//
f 776// 788// 1004//
f 1004// 788// 1011//
f 767// 777// 1042//
f 1042// 777// 1049//
f 749// 768// 1080//
f 1080// 768// 1087//
f 740// 750// 1118//
f 1118// 750// 1125//
f 755// 741// 1156//
f 1156// 741// 1163//
f 753// 754// 1194//
f 1194// 754// 1201//
f 735// 1232// 733//
f 733// 1232// 1233//
f 733// 1233// 579//
f 579// 1233// 1234//
f 579// 1234// 594//
f 594// 1234// 1235//
f 594// 1235// 589//
f 589// 1235// 1236//
f 589// 1236// 648//
f 648// 1236// 1237//
f 648// 1237// 731//
f 731// 1237// 1238//
f 731// 1238// 732//
f 732// 1238// 1239//
f 1240// 1241// 1242//
f 1242// 1241// 1243//
f 1234// 1233// 1241//
f 1241// 1233// 1243//
f 1244// 1245// 1237//
f 1237// 1245// 1238//
f 1246// 1247// 1244//
f 1244// 1247// 1245//
f 1242// 1243// 1233//
f 1248// 1249// 1239//
f 1250// 1251// 1232//
f 1245// 1247// 1238//
f 1238// 1247// 1252//
f 1238// 1252// 1239//
f 1239// 1252// 1253//
f 1239// 1253// 1248//
f 1249// 1254// 1239//
f 1239// 1254// 1255//
f 1239// 1255// 1232//
f 1232// 1255// 1256//
f 1232// 1256// 1250//
f 1251// 1257// 1232//
f 1232// 1257// 1258//
f 1232// 1258// 1233//
f 1233// 1258// 1259//
f 1233// 1259// 1242//
f 1246// 1244// 1237//
f 1260// 1261// 1235//
f 1262// 1263// 1236//
f 1241// 1240// 1234//
f 1234// 1240// 1264//
f 1234// 1264// 1235//
f 1235// 1264// 1265//
f 1235// 1265// 1260//
f 1261// 1266// 1235//
f 1235// 1266// 1267//
f 1235// 1267// 1236//
f 1236// 1267// 1268//
f 1236// 1268// 1262//
f 1263// 1269// 1236//
f 1236// 1269// 1270//
f 1236// 1270// 1237//
f 1237// 1270// 1271//
f 1237// 1271// 1246//
f 1247// 1246// 1252//
f 1252// 1246// 1271//
f 1252// 1271// 1253//
f 1253// 1271// 1270//
f 1253// 1270// 1248//
f 1248// 1270// 1269//
f 1248// 1269// 1249//
f 1249// 1269// 1263//
f 1249// 1263// 1254//
f 1254// 1263// 1262//
f 1254// 1262// 1255//
f 1255// 1262// 1268//
f 1255// 1268// 1256//
f 1256// 1268// 1267//
f 1256// 1267// 1250//
f 1250// 1267// 1266//
f 1250// 1266// 1251//
f 1251// 1266// 1261//
f 1251// 1261// 1257//
f 1257// 1261// 1260//
f 1257// 1260// 1258//
f 1258// 1260// 1265//
f 1258// 1265// 1259//
f 1259// 1265// 1264//
f 1259// 1264// 1242//
f 1242// 1264// 1240//
f 807// 1272// 730//
f 730// 1272// 1273//
f 730// 1273// 647//
f 647// 1273// 1274//
f 647// 1274// 646//
f 646// 1274// 1275//
f 646// 1275// 583//
f 583// 1275// 1276//
f 583// 1276// 584//
f 584// 1276// 1277//
f 584// 1277// 804//
f 804// 1277// 1278//
f 804// 1278// 806//
f 806// 1278// 1279//
f 1280// 1281// 1282//
f 1282// 1281// 1283//
f 1274// 1273// 1281//
f 1281// 1273// 1283//
f 1284// 1285// 1277//
f 1277// 1285// 1278//
f 1286// 1287// 1284//
f 1284// 1287// 1285//
f 1282// 1283// 1273//
f 1288// 1289// 1279//
f 1290// 1291// 1272//
f 1285// 1287// 1278//
f 1278// 1287// 1292//
f 1278// 1292// 1279//
f 1279// 1292// 1293//
f 1279// 1293// 1288//
f 1289// 1294// 1279//
f 1279// 1294// 1295//
f 1279// 1295// 1272//
f 1272// 1295// 1296//
f 1272// 1296// 1290//
f 1291// 1297// 1272//
f 1272// 1297// 1298//
f 1272// 1298// 1273//
f 1273// 1298// 1299//
f 1273// 1299// 1282//
f 1286// 1284// 1277//
f 1300// 1301// 1275//
f 1302// 1303// 1276//
f 1281// 1280// 1274//
f 1274// 1280// 1304//
f 1274// 1304// 1275//
f 1275// 1304// 1305//
f 1275// 1305// 1300//
f 1301// 1306// 1275//
f 1275// 1306// 1307//
f 1275// 1307// 1276//
f 1276// 1307// 1308//
f 1276// 1308// 1302//
f 1303// 1309// 1276//
f 1276// 1309// 1310//
f 1276// 1310// 1277//
f 1277// 1310// 1311//
f 1277// 1311// 1286//
f 1287// 1286// 1292//
f 1292// 1286// 1311//
f 1292// 1311// 1293//
f 1293// 1311// 1310//
f 1293// 1310// 1288//
f 1288// 1310// 1309//
f 1288// 1309// 1289//
f 1289// 1309// 1303//
f 1289// 1303// 1294//
f 1294// 1303// 1302//
f 1294// 1302// 1295//
f 1295// 1302// 1308//
f 1295// 1308// 1296//
f 1296// 1308// 1307//
f 1296// 1307// 1290//
f 1290// 1307// 1306//
f 1290// 1306// 1291//
f 1291// 1306// 1301//
f 1291// 1301// 1297//
f 1297// 1301// 1300//
f 1297// 1300// 1298//
f 1298// 1300// 1305//
f 1298// 1305// 1299//
f 1299// 1305// 1304//
f 1299// 1304// 1282//
f 1282// 1304// 1280//
f 629// 1312// 630//
f 630// 1312// 1313//
f 805// 1314// 803//
f 803// 1314// 1315//
f 803// 1315// 585//
f 585// 1315// 1316//
f 585// 1316// 629//
f 629// 1316// 1312//
f 630// 1313// 682//
f 682// 1313// 1317//
f 682// 1317// 791//
f 791// 1317// 1318//
f 791// 1318// 799//
f 799// 1318// 1319//
f 1320// 1321// 1322//
f 1322// 1321// 1323//
f 1316// 1315// 1321//
f 1321// 1315// 1323//
f 1324// 1325// 1317//
f 1317// 1325// 1318//
f 1326// 1327// 1324//
f 1324// 1327// 1325//
f 1322// 1323// 1315//
f 1325// 1327// 1318//
f 1318// 1327// 1328//
f 1318// 1328// 1319//
f 1328// 1329// 1319//
f 1319// 1329// 1330//
f 1319// 1330// 1331//
f 1332// 1333// 1314//
f 1333// 1334// 1314//
f 1314// 1334// 1335//
f 1314// 1335// 1315//
f 1315// 1335// 1336//
f 1315// 1336// 1322//
f 1331// 1337// 1319//
f 1319// 1337// 1338//
f 1319// 1338// 1314//
f 1314// 1338// 1339//
f 1314// 1339// 1332//
f 1326// 1324// 1317//
f 1321// 1320// 1316//
f 1316// 1320// 1340//
f 1316// 1340// 1312//
f 1340// 1341// 1312//
f 1312// 1341// 1342//
f 1312// 1342// 1343//
f 1344// 1345// 1313//
f 1345// 1346// 1313//
f 1313// 1346// 1347//
f 1313// 1347// 1317//
f 1317// 1347// 1348//
f 1317// 1348// 1326//
f 1343// 1349// 1312//
f 1312// 1349// 1350//
f 1312// 1350// 1313//
f 1313// 1350// 1351//
f 1313// 1351// 1344//
f 1327// 1326// 1328//
f 1328// 1326// 1348//
f 1328// 1348// 1329//
f 1329// 1348// 1347//
f 1329// 1347// 1330//
f 1330// 1347// 1346//
f 1330// 1346// 1331//
f 1331// 1346// 1345//
f 1331// 1345// 1337//
f 1337// 1345// 1344//
f 1337// 1344// 1338//
f 1338// 1344// 1351//
f 1338// 1351// 1339//
f 1339// 1351// 1350//
f 1339// 1350// 1332//
f 1332// 1350// 1349//
f 1332// 1349// 1333//
f 1333// 1349// 1343//
f 1333// 1343// 1334//
f 1334// 1343// 1342//
f 1334// 1342// 1335//
f 1335// 1342// 1341//
f 1335// 1341// 1336//
f 1336// 1341// 1340//
f 1336// 1340// 1322//
f 1322// 1340// 1320//
f 684// 1352// 685//
f 685// 1352// 1353//
f 789// 1354// 790//
f 790// 1354// 1355//
f 790// 1355// 683//
f 683// 1355// 1356//
f 683// 1356// 684//
f 684// 1356// 1352//
f 685// 1353// 688//
f 688// 1353// 1357//
f 688// 1357// 801//
f 801// 1357// 1358//
f 801// 1358// 800//
f 800// 1358// 1359//
f 1360// 1361// 1362//
f 1362// 1361// 1363//
f 1356// 1355// 1361//
f 1361// 1355// 1363//
f 1364// 1365// 1357//
f 1357// 1365// 1358//
f 1366// 1367// 1364//
f 1364// 1367// 1365//
f 1362// 1363// 1355//
f 1365// 1367// 1358//
f 1358// 1367// 1368//
f 1358// 1368// 1359//
f 1368// 1369// 1359//
f 1359// 1369// 1370//
f 1359// 1370// 1371//
f 1372// 1373// 1354//
f 1373// 1374// 1354//
f 1354// 1374// 1375//
f 1354// 1375// 1355//
f 1355// 1375// 1376//
f 1355// 1376// 1362//
f 1371// 1377// 1359//
f 1359// 1377// 1378//
f 1359// 1378// 1354//
f 1354// 1378// 1379//
f 1354// 1379// 1372//
f 1366// 1364// 1357//
f 1361// 1360// 1356//
f 1356// 1360// 1380//
f 1356// 1380// 1352//
f 1380// 1381// 1352//
f 1352// 1381// 1382//
f 1352// 1382// 1383//
f 1384// 1385// 1353//
f 1385// 1386// 1353//
f 1353// 1386// 1387//
f 1353// 1387// 1357//
f 1357// 1387// 1388//
f 1357// 1388// 1366//
f 1383// 1389// 1352//
f 1352// 1389// 1390//
f 1352// 1390// 1353//
f 1353// 1390// 1391//
f 1353// 1391// 1384//
f 1367// 1366// 1368//
f 1368// 1366// 1388//
f 1368// 1388// 1369//
f 1369// 1388// 1387//
f 1369// 1387// 1370//
f 1370// 1387// 1386//
f 1370// 1386// 1371//
f 1371// 1386// 1385//
f 1371// 1385// 1377//
f 1377// 1385// 1384//
f 1377// 1384// 1378//
f 1378// 1384// 1391//
f 1378// 1391// 1379//
f 1379// 1391// 1390//
f 1379// 1390// 1372//
f 1372// 1390// 1389//
f 1372// 1389// 1373//
f 1373// 1389// 1383//
f 1373// 1383// 1374//
f 1374// 1383// 1382//
f 1374// 1382// 1375//
f 1375// 1382// 1381//
f 1375// 1381// 1376//
f 1376// 1381// 1380//
f 1376// 1380// 1362//
f 1362// 1380// 1360//
f 686// 1392// 661//
f 661// 1392// 1393//
f 779// 1394// 802//
f 802// 1394// 1395//
f 802// 1395// 687//
f 687// 1395// 1396//
f 687// 1396// 686//
f 686// 1396// 1392//
f 661// 1393// 662//
f 662// 1393// 1397//
f 662// 1397// 773//
f 773// 1397// 1398//
f 773// 1398// 778//
f 778// 1398// 1399//
f 1400// 1401// 1402//
f 1402// 1401// 1403//
f 1396// 1395// 1401//
f 1401// 1395// 1403//
f 1404// 1405// 1397//
f 1397// 1405// 1398//
f 1406// 1407// 1404//
f 1404// 1407// 1405//
f 1402// 1403// 1395//
f 1408// 1409// 1394//
f 1405// 1407// 1398//
f 1398// 1407// 1410//
f 1398// 1410// 1399//
f 1410// 1411// 1399//
f 1399// 1411// 1412//
f 1399// 1412// 1413//
f 1413// 1414// 1399//
f 1399// 1414// 1415//
f 1399// 1415// 1394//
f 1394// 1415// 1416//
f 1394// 1416// 1408//
f 1409// 1417// 1394//
f 1394// 1417// 1418//
f 1394// 1418// 1395//
f 1395// 1418// 1419//
f 1395// 1419// 1402//
f 1392// 1420// 1421//
f 1397// 1393// 1422//
f 1422// 1423// 1397//
f 1397// 1423// 1406//
f 1397// 1406// 1404//
f 1401// 1400// 1396//
f 1396// 1400// 1424//
f 1396// 1424// 1392//
f 1392// 1424// 1425//
f 1392// 1425// 1420//
f 1426// 1427// 1393//
f 1393// 1427// 1428//
f 1393// 1428// 1422//
f 1421// 1429// 1392//
f 1392// 1429// 1430//
f 1392// 1430// 1393//
f 1393// 1430// 1431//
f 1393// 1431// 1426//
f 1407// 1406// 1410//
f 1410// 1406// 1423//
f 1410// 1423// 1411//
f 1411// 1423// 1422//
f 1411// 1422// 1412//
f 1412// 1422// 1428//
f 1412// 1428// 1413//
f 1413// 1428// 1427//
f 1413// 1427// 1414//
f 1414// 1427// 1426//
f 1414// 1426// 1415//
f 1415// 1426// 1431//
f 1415// 1431// 1416//
f 1416// 1431// 1430//
f 1416// 1430// 1408//
f 1408// 1430// 1429//
f 1408// 1429// 1409//
f 1409// 1429// 1421//
f 1409// 1421// 1417//
f 1417// 1421// 1420//
f 1417// 1420// 1418//
f 1418// 1420// 1425//
f 1418// 1425// 1419//
f 1419// 1425// 1424//
f 1419// 1424// 1402//
f 1402// 1424// 1400//
f 674// 1432// 675//
f 675// 1432// 1433//
f 771// 1434// 772//
f 772// 1434// 1435//
f 772// 1435// 663//
f 663// 1435// 1436//
f 663// 1436// 674//
f 674// 1436// 1432//
f 675// 1433// 707//
f 707// 1433// 1437//
f 707// 1437// 783//
f 783// 1437// 1438//
f 783// 1438// 782//
f 782// 1438// 1439//
f 1440// 1441// 1442//
f 1442// 1441// 1443//
f 1436// 1435// 1441//
f 1441// 1435// 1443//
f 1444// 1445// 1437//
f 1437// 1445// 1438//
f 1446// 1447// 1444//
f 1444// 1447// 1445//
f 1442// 1443// 1435//
f 1448// 1449// 1434//
f 1445// 1447// 1438//
f 1438// 1447// 1450//
f 1438// 1450// 1439//
f 1450// 1451// 1439//
f 1439// 1451// 1452//
f 1439// 1452// 1453//
f 1453// 1454// 1439//
f 1439// 1454// 1455//
f 1439// 1455// 1434//
f 1434// 1455// 1456//
f 1434// 1456// 1448//
f 1449// 1457// 1434//
f 1434// 1457// 1458//
f 1434// 1458// 1435//
f 1435// 1458// 1459//
f 1435// 1459// 1442//
f 1446// 1444// 1437//
f 1460// 1461// 1432//
f 1462// 1463// 1433//
f 1463// 1464// 1433//
f 1433// 1464// 1465//
f 1433// 1465// 1437//
f 1437// 1465// 1466//
f 1437// 1466// 1446//
f 1441// 1440// 1436//
f 1436// 1440// 1467//
f 1436// 1467// 1432//
f 1432// 1467// 1468//
f 1432// 1468// 1460//
f 1461// 1469// 1432//
f 1432// 1469// 1470//
f 1432// 1470// 1433//
f 1433// 1470// 1471//
f 1433// 1471// 1462//
f 1447// 1446// 1450//
f 1450// 1446// 1466//
f 1450// 1466// 1451//
f 1451// 1466// 1465//
f 1451// 1465// 1452//
f 1452// 1465// 1464//
f 1452// 1464// 1453//
f 1453// 1464// 1463//
f 1453// 1463// 1454//
f 1454// 1463// 1462//
f 1454// 1462// 1455//
f 1455// 1462// 1471//
f 1455// 1471// 1456//
f 1456// 1471// 1470//
f 1456// 1470// 1448//
f 1448// 1470// 1469//
f 1448// 1469// 1449//
f 1449// 1469// 1461//
f 1449// 1461// 1457//
f 1457// 1461// 1460//
f 1457// 1460// 1458//
f 1458// 1460// 1468//
f 1458// 1468// 1459//
f 1459// 1468// 1467//
f 1459// 1467// 1442//
f 1442// 1467// 1440//
f 705// 1472// 695//
f 695// 1472// 1473//
f 760// 1474// 784//
f 784// 1474// 1475//
f 784// 1475// 706//
f 706// 1475// 1476//
f 706// 1476// 705//
f 705// 1476// 1472//
f 695// 1473// 696//
f 696// 1473// 1477//
f 696// 1477// 763//
f 763// 1477// 1478//
f 763// 1478// 761//
f 761// 1478// 1479//
f 1480// 1481// 1482//
f 1482// 1481// 1483//
f 1476// 1475// 1481//
f 1481// 1475// 1483//
f 1484// 1485// 1477//
f 1477// 1485// 1478//
f 1486// 1487// 1484//
f 1484// 1487// 1485//
f 1482// 1483// 1475//
f 1488// 1489// 1474//
f 1485// 1487// 1478//
f 1478// 1487// 1490//
f 1478// 1490// 1479//
f 1490// 1491// 1479//
f 1479// 1491// 1492//
f 1479// 1492// 1493//
f 1489// 1494// 1474//
f 1474// 1494// 1495//
f 1474// 1495// 1475//
f 1475// 1495// 1496//
f 1475// 1496// 1482//
f 1493// 1497// 1479//
f 1479// 1497// 1498//
f 1479// 1498// 1474//
f 1474// 1498// 1499//
f 1474// 1499// 1488//
f 1500// 1501// 1472//
f 1477// 1473// 1502//
f 1481// 1480// 1476//
f 1476// 1480// 1503//
f 1476// 1503// 1472//
f 1472// 1503// 1504//
f 1472// 1504// 1500//
f 1502// 1505// 1477//
f 1477// 1505// 1486//
f 1477// 1486// 1484//
f 1506// 1507// 1473//
f 1473// 1507// 1508//
f 1473// 1508// 1502//
f 1501// 1509// 1472//
f 1472// 1509// 1510//
f 1472// 1510// 1473//
f 1473// 1510// 1511//
f 1473// 1511// 1506//
f 1487// 1486// 1490//
f 1490// 1486// 1505//
f 1490// 1505// 1491//
f 1491// 1505// 1502//
f 1491// 1502// 1492//
f 1492// 1502// 1508//
f 1492// 1508// 1493//
f 1493// 1508// 1507//
f 1493// 1507// 1497//
f 1497// 1507// 1506//
f 1497// 1506// 1498//
f 1498// 1506// 1511//
f 1498// 1511// 1499//
f 1499// 1511// 1510//
f 1499// 1510// 1488//
f 1488// 1510// 1509//
f 1488// 1509// 1489//
f 1489// 1509// 1501//
f 1489// 1501// 1494//
f 1494// 1501// 1500//
f 1494// 1500// 1495//
f 1495// 1500// 1504//
f 1495// 1504// 1496//
f 1496// 1504// 1503//
f 1496// 1503// 1482//
f 1482// 1503// 1480//
f 704// 1512// 703//
f 703// 1512// 1513//
f 762// 1514// 764//
f 764// 1514// 1515//
f 764// 1515// 697//
f 697// 1515// 1516//
f 697// 1516// 704//
f 704// 1516// 1512//
f 703// 1513// 625//
f 625// 1513// 1517//
f 625// 1517// 745//
f 745// 1517// 1518//
f 745// 1518// 746//
f 746// 1518// 1519//
f 1520// 1521// 1522//
f 1522// 1521// 1523//
f 1516// 1515// 1521//
f 1521// 1515// 1523//
f 1524// 1525// 1517//
f 1517// 1525// 1518//
f 1526// 1527// 1524//
f 1524// 1527// 1525//
f 1522// 1523// 1515//
f 1528// 1529// 1514//
f 1525// 1527// 1518//
f 1518// 1527// 1530//
f 1518// 1530// 1519//
f 1530// 1531// 1519//
f 1519// 1531// 1532//
f 1519// 1532// 1533//
f 1533// 1534// 1519//
f 1519// 1534// 1535//
f 1519// 1535// 1514//
f 1514// 1535// 1536//
f 1514// 1536// 1528//
f 1529// 1537// 1514//
f 1514// 1537// 1538//
f 1514// 1538// 1515//
f 1515// 1538// 1539//
f 1515// 1539// 1522//
f 1512// 1540// 1541//
f 1517// 1513// 1542//
f 1542// 1543// 1517//
f 1517// 1543// 1526//
f 1517// 1526// 1524//
f 1521// 1520// 1516//
f 1516// 1520// 1544//
f 1516// 1544// 1512//
f 1512// 1544// 1545//
f 1512// 1545// 1540//
f 1546// 1547// 1513//
f 1513// 1547// 1548//
f 1513// 1548// 1542//
f 1541// 1549// 1512//
f 1512// 1549// 1550//
f 1512// 1550// 1513//
f 1513// 1550// 1551//
f 1513// 1551// 1546//
f 1527// 1526// 1530//
f 1530// 1526// 1543//
f 1530// 1543// 1531//
f 1531// 1543// 1542//
f 1531// 1542// 1532//
f 1532// 1542// 1548//
f 1532// 1548// 1533//
f 1533// 1548// 1547//
f 1533// 1547// 1534//
f 1534// 1547// 1546//
f 1534// 1546// 1535//
f 1535// 1546// 1551//
f 1535// 1551// 1536//
f 1536// 1551// 1550//
f 1536// 1550// 1528//
f 1528// 1550// 1549//
f 1528// 1549// 1529//
f 1529// 1549// 1541//
f 1529// 1541// 1537//
f 1537// 1541// 1540//
f 1537// 1540// 1538//
f 1538// 1540// 1545//
f 1538// 1545// 1539//
f 1539// 1545// 1544//
f 1539// 1544// 1522//
f 1522// 1544// 1520//
f 735// 732// 1232//
f 1232// 732// 1239//
f 807// 806// 1272//
f 1272// 806// 1279//
f 805// 799// 1314//
f 1314// 799// 1319//
f 789// 800// 1354//
f 1354// 800// 1359//
f 779// 778// 1394//
f 1394// 778// 1399//
f 771// 782// 1434//
f 1434// 782// 1439//
f 760// 761// 1474//
f 1474// 761// 1479//
f 762// 746// 1514//
f 1514// 746// 1519//
f 1552// 1553// 581//
f 581// 1553// 582//
f 582// 1553// 678//
f 678// 1553// 1554//
f 678// 1554// 717//
f 717// 1554// 1555//
f 717// 1555// 781//
f 781// 1555// 1556//
f 1557// 1558// 1554//
f 1554// 1558// 1555//
f 1559// 1560// 1557//
f 1557// 1560// 1558//
f 1560// 1559// 1561//
f 1561// 1559// 1562//
f 1561// 1562// 1563//
f 1563// 1562// 1564//
f 1563// 1564// 1565//
f 1565// 1564// 1566//
f 1565// 1566// 1567//
f 1567// 1566// 1568//
f 1567// 1568// 1569//
f 1569// 1568// 1570//
f 1569// 1570// 1571//
f 1571// 1570// 1572//
f 1571// 1572// 1573//
f 1573// 1572// 1574//
f 1573// 1574// 1575//
f 1575// 1574// 1576//
f 1575// 1576// 1577//
f 1577// 1576// 1578//
f 1577// 1578// 1579//
f 1579// 1578// 1580//
f 1579// 1580// 1581//
f 1581// 1580// 1582//
f 1581// 1582// 1583//
f 1583// 1582// 1584//
f 1585// 1586// 1584//
f 1584// 1586// 1583//
f 1587// 1588// 1585//
f 1585// 1588// 1586//
f 794// 1589// 726//
f 726// 1589// 1588//
f 726// 1588// 701//
f 701// 1588// 1587//
f 701// 1587// 581//
f 581// 1587// 1552//
f 1583// 1586// 1588//
f 1565// 1567// 1556//
f 1558// 1560// 1555//
f 1555// 1560// 1561//
f 1555// 1561// 1556//
f 1556// 1561// 1563//
f 1556// 1563// 1565//
f 1575// 1577// 1589//
f 1589// 1577// 1579//
f 1589// 1579// 1588//
f 1588// 1579// 1581//
f 1588// 1581// 1583//
f 1567// 1569// 1556//
f 1556// 1569// 1571//
f 1556// 1571// 1589//
f 1589// 1571// 1573//
f 1589// 1573// 1575//
f 1559// 1557// 1554//
f 1578// 1576// 1552//
f 1585// 1584// 1587//
f 1587// 1584// 1582//
f 1587// 1582// 1552//
f 1552// 1582// 1580//
f 1552// 1580// 1578//
f 1568// 1566// 1553//
f 1553// 1566// 1564//
f 1553// 1564// 1554//
f 1554// 1564// 1562//
f 1554// 1562// 1559//
f 1576// 1574// 1552//
f 1552// 1574// 1572//
f 1552// 1572// 1553//
f 1553// 1572// 1570//
f 1553// 1570// 1568//
f 794// 781// 1589//
f 1589// 781// 1556//
f 1590// 1591// 680//
f 680// 1591// 605//
f 605// 1591// 603//
f 603// 1591// 1592//
f 603// 1592// 719//
f 719// 1592// 1593//
f 719// 1593// 770//
f 770// 1593// 1594//
f 1595// 1596// 1592//
f 1592// 1596// 1593//
f 1597// 1598// 1595//
f 1595// 1598// 1596//
f 1598// 1597// 1599//
f 1599// 1597// 1600//
f 1599// 1600// 1601//
f 1601// 1600// 1602//
f 1601// 1602// 1603//
f 1603// 1602// 1604//
f 1603// 1604// 1605//
f 1605// 1604// 1606//
f 1605// 1606// 1607//
f 1607// 1606// 1608//
f 1607// 1608// 1609//
f 1609// 1608// 1610//
f 1609// 1610// 1611//
f 1611// 1610// 1612//
f 1611// 1612// 1613//
f 1613// 1612// 1614//
f 1613// 1614// 1615//
f 1615// 1614// 1616//
f 1615// 1616// 1617//
f 1617// 1616// 1618//
f 1617// 1618// 1619//
f 1619// 1618// 1620//
f 1619// 1620// 1621//
f 1621// 1620// 1622//
f 1623// 1624// 1622//
f 1622// 1624// 1621//
f 1625// 1626// 1623//
f 1623// 1626// 1624//
f 780// 1627// 716//
f 716// 1627// 1626//
f 716// 1626// 679//
f 679// 1626// 1625//
f 679// 1625// 680//
f 680// 1625// 1590//
f 1621// 1624// 1626//
f 1611// 1613// 1627//
f 1613// 1615// 1627//
f 1627// 1615// 1617//
f 1627// 1617// 1626//
f 1626// 1617// 1619//
f 1626// 1619// 1621//
f 1596// 1598// 1593//
f 1593// 1598// 1599//
f 1593// 1599// 1594//
f 1594// 1599// 1601//
f 1594// 1601// 1603//
f 1603// 1605// 1594//
f 1594// 1605// 1607//
f 1594// 1607// 1627//
f 1627// 1607// 1609//
f 1627// 1609// 1611//
f 1597// 1595// 1592//
f 1616// 1614// 1590//
f 1623// 1622// 1625//
f 1625// 1622// 1620//
f 1625// 1620// 1590//
f 1590// 1620// 1618//
f 1590// 1618// 1616//
f 1614// 1612// 1590//
f 1590// 1612// 1610//
f 1590// 1610// 1591//
f 1591// 1610// 1608//
f 1591// 1608// 1606//
f 1606// 1604// 1591//
f 1591// 1604// 1602//
f 1591// 1602// 1592//
f 1592// 1602// 1600//
f 1592// 1600// 1597//
f 1628// 1629// 606//
f 606// 1629// 681//
f 681// 1629// 692//
f 692// 1629// 1630//
f 692// 1630// 721//
f 721// 1630// 1631//
f 721// 1631// 759//
f 759// 1631// 1632//
f 1633// 1634// 1630//
f 1630// 1634// 1631//
f 1635// 1636// 1633//
f 1633// 1636// 1634//
f 1636// 1635// 1637//
f 1637// 1635// 1638//
f 1637// 1638// 1639//
f 1639// 1638// 1640//
f 1639// 1640// 1641//
f 1641// 1640// 1642//
f 1641// 1642// 1643//
f 1643// 1642// 1644//
f 1643// 1644// 1645//
f 1645// 1644// 1646//
f 1645// 1646// 1647//
f 1647// 1646// 1648//
f 1647// 1648// 1649//
f 1649// 1648// 1650//
f 1649// 1650// 1651//
f 1651// 1650// 1652//
f 1651// 1652// 1653//
f 1653// 1652// 1654//
f 1653// 1654// 1655//
f 1655// 1654// 1656//
f 1655// 1656// 1657//
f 1657// 1656// 1658//
f 1657// 1658// 1659//
f 1659// 1658// 1660//
f 1661// 1662// 1660//
f 1660// 1662// 1659//
f 1663// 1664// 1661//
f 1661// 1664// 1662//
f 769// 1665// 718//
f 718// 1665// 1664//
f 718// 1664// 604//
f 604// 1664// 1663//
f 604// 1663// 606//
f 606// 1663// 1628//
f 1659// 1662// 1664//
f 1641// 1643// 1632//
f 1651// 1653// 1665//
f 1665// 1653// 1655//
f 1665// 1655// 1664//
f 1664// 1655// 1657//
f 1664// 1657// 1659//
f 1634// 1636// 1631//
f 1631// 1636// 1637//
f 1631// 1637// 1632//
f 1632// 1637// 1639//
f 1632// 1639// 1641//
f 1643// 1645// 1632//
f 1632// 1645// 1647//
f 1632// 1647// 1665//
f 1665// 1647// 1649//
f 1665// 1649// 1651//
f 1635// 1633// 1630//
f 1654// 1652// 1628//
f 1661// 1660// 1663//
f 1663// 1660// 1658//
f 1663// 1658// 1628//
f 1628// 1658// 1656//
f 1628// 1656// 1654//
f 1652// 1650// 1628//
f 1628// 1650// 1648//
f 1628// 1648// 1629//
f 1629// 1648// 1646//
f 1629// 1646// 1644//
f 1644// 1642// 1629//
f 1629// 1642// 1640//
f 1629// 1640// 1630//
f 1630// 1640// 1638//
f 1630// 1638// 1635//
f 1666// 1667// 694//
f 694// 1667// 626//
f 626// 1667// 627//
f 627// 1667// 1668//
f 627// 1668// 723//
f 723// 1668// 1669//
f 723// 1669// 743//
f 743// 1669// 1670//
f 1671// 1672// 1668//
f 1668// 1672// 1669//
f 1673// 1674// 1671//
f 1671// 1674// 1672//
f 1674// 1673// 1675//
f 1675// 1673// 1676//
f 1675// 1676// 1677//
f 1677// 1676// 1678//
f 1677// 1678// 1679//
f 1679// 1678// 1680//
f 1679// 1680// 1681//
f 1681// 1680// 1682//
f 1681// 1682// 1683//
f 1683// 1682// 1684//
f 1683// 1684// 1685//
f 1685// 1684// 1686//
f 1685// 1686// 1687//
f 1687// 1686// 1688//
f 1687// 1688// 1689//
f 1689// 1688// 1690//
f 1689// 1690// 1691//
f 1691// 1690// 1692//
f 1691// 1692// 1693//
f 1693// 1692// 1694//
f 1693// 1694// 1695//
f 1695// 1694// 1696//
f 1695// 1696// 1697//
f 1697// 1696// 1698//
f 1699// 1700// 1698//
f 1698// 1700// 1697//
f 1701// 1702// 1699//
f 1699// 1702// 1700//
f 758// 1703// 720//
f 720// 1703// 1702//
f 720// 1702// 693//
f 693// 1702// 1701//
f 693// 1701// 694//
f 694// 1701// 1666//
f 1697// 1700// 1702//
f 1687// 1689// 1703//
f 1672// 1674// 1669//
f 1669// 1674// 1675//
f 1669// 1675// 1670//
f 1670// 1675// 1677//
f 1670// 1677// 1679//
f 1679// 1681// 1670//
f 1670// 1681// 1683//
f 1670// 1683// 1703//
f 1703// 1683// 1685//
f 1703// 1685// 1687//
f 1689// 1691// 1703//
f 1703// 1691// 1693//
f 1703// 1693// 1702//
f 1702// 1693// 1695//
f 1702// 1695// 1697//
f 1673// 1671// 1668//
f 1684// 1682// 1667//
f 1692// 1690// 1666//
f 1666// 1690// 1688//
f 1666// 1688// 1667//
f 1667// 1688// 1686//
f 1667// 1686// 1684//
f 1682// 1680// 1667//
f 1667// 1680// 1678//
f 1667// 1678// 1668//
f 1668// 1678// 1676//
f 1668// 1676// 1673//
f 1699// 1698// 1701//
f 1701// 1698// 1696//
f 1701// 1696// 1666//
f 1666// 1696// 1694//
f 1666// 1694// 1692//
f 1704// 1705// 659//
f 659// 1705// 660//
f 660// 1705// 670//
f 670// 1705// 1706//
f 670// 1706// 725//
f 725// 1706// 1707//
f 725// 1707// 729//
f 729// 1707// 1708//
f 1709// 1710// 1706//
f 1706// 1710// 1707//
f 1711// 1712// 1709//
f 1709// 1712// 1710//
f 1712// 1711// 1713//
f 1713// 1711// 1714//
f 1713// 1714// 1715//
f 1715// 1714// 1716//
f 1715// 1716// 1717//
f 1717// 1716// 1718//
f 1717// 1718// 1719//
f 1719// 1718// 1720//
f 1719// 1720// 1721//
f 1721// 1720// 1722//
f 1721// 1722// 1723//
f 1723// 1722// 1724//
f 1723// 1724// 1725//
f 1725// 1724// 1726//
f 1725// 1726// 1727//
f 1727// 1726// 1728//
f 1727// 1728// 1729//
f 1729// 1728// 1730//
f 1729// 1730// 1731//
f 1731// 1730// 1732//
f 1731// 1732// 1733//
f 1733// 1732// 1734//
f 1733// 1734// 1735//
f 1735// 1734// 1736//
f 1737// 1738// 1736//
f 1736// 1738// 1735//
f 1739// 1740// 1737//
f 1737// 1740// 1738//
f 742// 1741// 722//
f 722// 1741// 1740//
f 722// 1740// 628//
f 628// 1740// 1739//
f 628// 1739// 659//
f 659// 1739// 1704//
f 1735// 1738// 1740//
f 1725// 1727// 1741//
f 1727// 1729// 1741//
f 1741// 1729// 1731//
f 1741// 1731// 1740//
f 1740// 1731// 1733//
f 1740// 1733// 1735//
f 1710// 1712// 1707//
f 1707// 1712// 1713//
f 1707// 1713// 1708//
f 1708// 1713// 1715//
f 1708// 1715// 1717//
f 1717// 1719// 1708//
f 1708// 1719// 1721//
f 1708// 1721// 1741//
f 1741// 1721// 1723//
f 1741// 1723// 1725//
f 1711// 1709// 1706//
f 1730// 1728// 1704//
f 1737// 1736// 1739//
f 1739// 1736// 1734//
f 1739// 1734// 1704//
f 1704// 1734// 1732//
f 1704// 1732// 1730//
f 1728// 1726// 1704//
f 1704// 1726// 1724//
f 1704// 1724// 1705//
f 1705// 1724// 1722//
f 1705// 1722// 1720//
f 1720// 1718// 1705//
f 1705// 1718// 1716//
f 1705// 1716// 1706//
f 1706// 1716// 1714//
f 1706// 1714// 1711//
f 1742// 1743// 672//
f 672// 1743// 673//
f 673// 1743// 577//
f 577// 1743// 1744//
f 577// 1744// 736//
f 736// 1744// 1745//
f 736// 1745// 737//
f 737// 1745// 1746//
f 1747// 1748// 1744//
f 1744// 1748// 1745//
f 1749// 1750// 1747//
f 1747// 1750// 1748//
f 1750// 1749// 1751//
f 1751// 1749// 1752//
f 1751// 1752// 1753//
f 1753// 1752// 1754//
f 1753// 1754// 1755//
f 1755// 1754// 1756//
f 1755// 1756// 1757//
f 1757// 1756// 1758//
f 1757// 1758// 1759//
f 1759// 1758// 1760//
f 1759// 1760// 1761//
f 1761// 1760// 1762//
f 1761// 1762// 1763//
f 1763// 1762// 1764//
f 1763// 1764// 1765//
f 1765// 1764// 1766//
f 1765// 1766// 1767//
f 1767// 1766// 1768//
f 1767// 1768// 1769//
f 1769// 1768// 1770//
f 1769// 1770// 1771//
f 1771// 1770// 1772//
f 1771// 1772// 1773//
f 1773// 1772// 1774//
f 1775// 1776// 1774//
f 1774// 1776// 1773//
f 1777// 1778// 1775//
f 1775// 1778// 1776//
f 728// 1779// 724//
f 724// 1779// 1778//
f 724// 1778// 671//
f 671// 1778// 1777//
f 671// 1777// 672//
f 672// 1777// 1742//
f 1773// 1776// 1778//
f 1755// 1757// 1746//
f 1748// 1750// 1745//
f 1745// 1750// 1751//
f 1745// 1751// 1746//
f 1746// 1751// 1753//
f 1746// 1753// 1755//
f 1765// 1767// 1779//
f 1779// 1767// 1769//
f 1779// 1769// 1778//
f 1778// 1769// 1771//
f 1778// 1771// 1773//
f 1757// 1759// 1746//
f 1746// 1759// 1761//
f 1746// 1761// 1779//
f 1779// 1761// 1763//
f 1779// 1763// 1765//
f 1749// 1747// 1744//
f 1768// 1766// 1742//
f 1775// 1774// 1777//
f 1777// 1774// 1772//
f 1777// 1772// 1742//
f 1742// 1772// 1770//
f 1742// 1770// 1768//
f 1758// 1756// 1743//
f 1743// 1756// 1754//
f 1743// 1754// 1744//
f 1744// 1754// 1752//
f 1744// 1752// 1749//
f 1766// 1764// 1742//
f 1742// 1764// 1762//
f 1742// 1762// 1743//
f 1743// 1762// 1760//
f 1743// 1760// 1758//
f 780// 770// 1627//
f 1627// 770// 1594//
f 769// 759// 1665//
f 1665// 759// 1632//
f 758// 743// 1703//
f 1703// 743// 1670//
f 742// 729// 1741//
f 1741// 729// 1708//
f 728// 737// 1779//
f 1779// 737// 1746//
usemtl 1
f 1780// 1781// 618//
f 618// 1781// 616//
f 1782// 1780// 638//
f 638// 1780// 618//
f 1783// 1782// 655//
f 655// 1782// 638//
f 1784// 1783// 656//
f 656// 1783// 655//
f 1785// 1784// 657//
f 657// 1784// 656//
f 1786// 1785// 658//
f 658// 1785// 657//
f 1787// 1786// 654//
f 654// 1786// 658//
f 1788// 1787// 637//
f 637// 1787// 654//
f 1789// 1788// 635//
f 635// 1788// 637//
f 1790// 1789// 634//
f 634// 1789// 635//
f 1791// 1790// 636//
f 636// 1790// 634//
f 1792// 1791// 652//
f 652// 1791// 636//
f 1793// 576// 645//
f 645// 576// 574//
f 1794// 1793// 668//
f 668// 1793// 645//
f 1795// 1794// 667//
f 667// 1794// 668//
f 1796// 1795// 669//
f 669// 1795// 667//
f 1797// 1796// 644//
f 644// 1796// 669//
f 1798// 1797// 642//
f 642// 1797// 644//
f 1799// 1798// 641//
f 641// 1798// 642//
f 1800// 1799// 643//
f 643// 1799// 641//
f 1801// 1800// 619//
f 619// 1800// 643//
f 1802// 1801// 617//
f 617// 1801// 619//
f 1781// 1802// 616//
f 616// 1802// 617//
f 1792// 1803// 1804//
f 1804// 1805// 1792//
f 1792// 1805// 575//
f 1792// 575// 1791//
f 1780// 1782// 1781//
f 1781// 1782// 1783//
f 1781// 1783// 1802//
f 1802// 1783// 1784//
f 1802// 1784// 1801//
f 1801// 1784// 1785//
f 1801// 1785// 1800//
f 1800// 1785// 1786//
f 1800// 1786// 1799//
f 1799// 1786// 1787//
f 1799// 1787// 1798//
f 1798// 1787// 1788//
f 1798// 1788// 1797//
f 1797// 1788// 1789//
f 1797// 1789// 1796//
f 1796// 1789// 1790//
f 1796// 1790// 1795//
f 1795// 1790// 1791//
f 1795// 1791// 1794//
f 1794// 1791// 575//
f 1794// 575// 1793//
f 1793// 575// 576//
f 652// 610// 1792//
f 1792// 610// 1803//
f 601// 573// 1805//
f 1805// 573// 575//
f 602// 601// 1804//
f 1804// 601// 1805//
f 610// 602// 1803//
f 1803// 602// 1804//
usemtl 4
f 1806// 1807// 1808//
f 1808// 1807// 1809//
f 1808// 1809// 1810//
f 1810// 1809// 1811//
f 1810// 1811// 1812//
f 1812// 1811// 1813//
f 1812// 1813// 1814//
f 1814// 1813// 1815//
f 1814// 1815// 1816//
f 1816// 1815// 1817//
f 1816// 1817// 1818//
f 1818// 1817// 1819//
f 1818// 1819// 1820//
f 1820// 1819// 1821//
f 1820// 1821// 1822//
f 1822// 1821// 1823//
f 1822// 1823// 1824//
f 1824// 1823// 1825//
f 1824// 1825// 1826//
f 1826// 1825// 1827//
f 1826// 1827// 1828//
f 1828// 1827// 1829//
f 1828// 1829// 1830//
f 1830// 1829// 1831//
f 1830// 1831// 1832//
f 1832// 1831// 1833//
f 1832// 1833// 1834//
f 1834// 1833// 1835//
f 1834// 1835// 1836//
f 1836// 1835// 1837//
f 1836// 1837// 1838//
f 1838// 1837// 1839//
f 1838// 1839// 1840//
f 1840// 1839// 1806//
f 1840// 1806// 1808//
f 1808// 486// 485//
f 1808// 485// 1840//
f 1840// 485// 484//
f 1840// 484// 1838//
f 1838// 484// 491//
f 1838// 491// 1836//
f 1836// 491// 490//
f 1836// 490// 1834//
f 1834// 490// 488//
f 1834// 488// 1832//
f 1832// 488// 487//
f 1832// 487// 1830//
f 1830// 487// 500//
f 1830// 500// 1828//
f 1828// 500// 499//
f 1828// 499// 1826//
f 1826// 499// 498//
f 1826// 498// 1824//
f 1824// 498// 497//
f 1824// 497// 1822//
f 1822// 497// 496//
f 1822// 496// 1820//
f 1818// 1820// 495//
f 495// 1820// 496//
f 1816// 1818// 483//
f 483// 1818// 495//
f 1814// 1816// 494//
f 494// 1816// 483//
f 1814// 494// 493//
f 1814// 493// 1812//
f 1812// 493// 492//
f 1812// 492// 1810//
f 1810// 492// 486//
f 1810// 486// 1808//
f 1827// 1841// 1842//
f 1827// 1842// 1829//
f 1829// 1842// 1843//
f 1829// 1843// 1831//
f 1831// 1843// 1844//
f 1831// 1844// 1833//
f 1833// 1844// 1845//
f 1833// 1845// 1835//
f 1821// 1846// 1847//
f 1821// 1847// 1823//
f 1823// 1847// 1848//
f 1823// 1848// 1825//
f 1825// 1848// 1841//
f 1825// 1841// 1827//
f 1821// 1819// 1846//
f 1846// 1819// 1849//
f 1819// 1817// 1849//
f 1849// 1817// 1850//
f 1817// 1815// 1850//
f 1850// 1815// 1851//
f 1807// 1852// 1853//
f 1807// 1853// 1809//
f 1809// 1853// 1854//
f 1809// 1854// 1811//
f 1811// 1854// 1855//
f 1811// 1855// 1813//
f 1813// 1855// 1851//
f 1813// 1851// 1815//
f 1835// 1845// 1856//
f 1835// 1856// 1837//
f 1837// 1856// 1857//
f 1837// 1857// 1839//
f 1839// 1857// 1858//
f 1839// 1858// 1806//
f 1806// 1858// 1852//
f 1806// 1852// 1807//
usemtl 1
f 1849// 1850// 1846//
f 1846// 1850// 1851//
f 1851// 1855// 1846//
f 1846// 1855// 1854//
f 1846// 1854// 1853//
f 1853// 1852// 1846//
f 1846// 1852// 1858//
f 1846// 1858// 1857//
f 1845// 1841// 1848//
f 1844// 1843// 1845//
f 1845// 1843// 1842//
f 1845// 1842// 1841//
f 1857// 1856// 1846//
f 1846// 1856// 1845//
f 1846// 1845// 1847//
f 1847// 1845// 1848//
usemtl 4
f 1859// 121// 122//
f 1859// 122// 1860//
f 1860// 122// 116//
f 1860// 116// 1861//
f 1862// 1861// 115//
f 115// 1861// 116//
f 1863// 1862// 114//
f 114// 1862// 115//
f 355// 1864// 120//
f 120// 1864// 1863//
f 120// 1863// 114//
f 1865// 1864// 354//
f 354// 1864// 355//
f 357// 1866// 353//
f 353// 1866// 1865//
f 353// 1865// 354//
f 359// 1867// 356//
f 356// 1867// 1866//
f 356// 1866// 357//
f 1867// 359// 358//
f 15// 1868// 358//
f 358// 1868// 1869//
f 358// 1869// 1867//
f 15// 14// 1868//
f 1868// 14// 373//
f 1868// 373// 1870//
f 1870// 373// 372//
f 1870// 372// 1871//
f 1871// 372// 366//
f 1871// 366// 1872//
f 1872// 366// 365//
f 1872// 365// 1873//
f 1873// 365// 362//
f 1873// 362// 1874//
f 1875// 1874// 361//
f 361// 1874// 362//
f 1875// 361// 371//
f 1875// 371// 1876//
f 1876// 371// 370//
f 1876// 370// 1877//
f 1877// 370// 368//
f 1877// 368// 1878//
f 1878// 368// 367//
f 1878// 367// 1879//
f 367// 380// 1879//
f 1879// 380// 379//
f 1879// 379// 1880//
f 1880// 379// 378//
f 1880// 378// 1881//
f 1881// 378// 375//
f 1881// 375// 1882//
f 1882// 375// 374//
f 1882// 374// 1883//
f 117// 1884// 377//
f 377// 1884// 1883//
f 377// 1883// 374//
f 1885// 1884// 119//
f 119// 1884// 117//
f 1859// 1885// 121//
f 121// 1885// 119//
f 1860// 1861// 1883//
f 1884// 1885// 1883//
f 1883// 1885// 1859//
f 1883// 1859// 1860//
f 1864// 1865// 1863//
f 1863// 1865// 1866//
f 1863// 1866// 1862//
f 1874// 1875// 1873//
f 1873// 1875// 1876//
f 1873// 1876// 1872//
f 1872// 1876// 1877//
f 1872// 1877// 1871//
f 1871// 1877// 1878//
f 1871// 1878// 1870//
f 1870// 1878// 1879//
f 1870// 1879// 1868//
f 1882// 1869// 1881//
f 1881// 1869// 1868//
f 1881// 1868// 1880//
f 1880// 1868// 1879//
f 1861// 1862// 1883//
f 1883// 1862// 1866//
f 1883// 1866// 1882//
f 1882// 1866// 1867//
f 1882// 1867// 1869//
f 1886// 363// 1887//
f 1887// 363// 18//
f 18// 17// 1887//
f 1887// 17// 299//
f 1887// 299// 1888//
f 1888// 299// 298//
f 1888// 298// 1889//
f 1889// 298// 289//
f 1889// 289// 1890//
f 1890// 289// 288//
f 1890// 288// 1891//
f 1891// 288// 287//
f 1891// 287// 1892//
f 1892// 287// 297//
f 1892// 297// 1893//
f 1893// 297// 296//
f 1893// 296// 1894//
f 1894// 296// 295//
f 1894// 295// 1895//
f 1895// 295// 294//
f 1895// 294// 1896//
f 1896// 294// 314//
f 1896// 314// 1897//
f 1897// 314// 313//
f 1897// 313// 1898//
f 1898// 313// 311//
f 1898// 311// 1899//
f 1899// 311// 309//
f 1899// 309// 1900//
f 1900// 309// 308//
f 1900// 308// 1901//
f 1901// 308// 307//
f 1901// 307// 1902//
f 1902// 307// 306//
f 1902// 306// 1903//
f 1903// 306// 305//
f 1903// 305// 1904//
f 1904// 305// 302//
f 1904// 302// 1905//
f 1905// 302// 317//
f 1905// 317// 1906//
f 1906// 317// 316//
f 1906// 316// 1907//
f 1907// 316// 315//
f 1907// 315// 1908//
f 1908// 315// 304//
f 1908// 304// 1909//
f 1909// 304// 303//
f 1909// 303// 1910//
f 1910// 303// 301//
f 1910// 301// 1911//
f 1911// 301// 300//
f 1911// 300// 1912//
f 1912// 300// 310//
f 1912// 310// 1913//
f 1913// 310// 312//
f 1913// 312// 1914//
f 1914// 312// 283//
f 1914// 283// 1915//
f 1916// 1915// 282//
f 282// 1915// 283//
f 1916// 282// 293//
f 1916// 293// 1917//
f 1917// 293// 291//
f 1917// 291// 1918//
f 1918// 291// 290//
f 1918// 290// 1919//
f 1919// 290// 285//
f 1919// 285// 1920//
f 1920// 285// 284//
f 1920// 284// 1921//
f 1921// 284// 1922//
f 1922// 284// 325//
f 325// 324// 1922//
f 1922// 324// 323//
f 1922// 323// 1923//
f 1923// 323// 319//
f 1923// 319// 1924//
f 1924// 319// 318//
f 1924// 318// 1925//
f 1925// 318// 321//
f 1925// 321// 1926//
f 1926// 321// 320//
f 1926// 320// 1927//
f 1927// 320// 329//
f 1927// 329// 1928//
f 332// 1929// 1930//
f 1928// 329// 330//
f 1928// 330// 1931//
f 1931// 330// 328//
f 1931// 328// 1930//
f 1930// 328// 333//
f 1930// 333// 332//
f 1929// 332// 336//
f 1929// 336// 1932//
f 1932// 336// 347//
f 1932// 347// 1933//
f 1933// 347// 346//
f 1933// 346// 1934//
f 1934// 346// 345//
f 1934// 345// 1935//
f 1935// 345// 339//
f 1935// 339// 1936//
f 1936// 339// 338//
f 1936// 338// 1937//
f 1937// 338// 344//
f 1937// 344// 1938//
f 1938// 344// 343//
f 1938// 343// 1939//
f 1939// 343// 342//
f 1939// 342// 1940//
f 1940// 342// 341//
f 1940// 341// 1941//
f 1941// 341// 340//
f 1941// 340// 1942//
f 1942// 340// 337//
f 1942// 337// 1943//
f 1943// 337// 335//
f 1943// 335// 1944//
f 1944// 335// 334//
f 1944// 334// 1945//
f 322// 1946// 1947//
f 1945// 334// 331//
f 1945// 331// 1948//
f 1948// 331// 327//
f 1948// 327// 1947//
f 1947// 327// 326//
f 1947// 326// 322//
f 1949// 1946// 352//
f 352// 1946// 322//
f 1949// 352// 1950//
f 1950// 352// 351//
f 363// 1886// 348//
f 348// 1886// 1950//
f 348// 1950// 349//
f 349// 1950// 351//
f 1908// 1909// 1920//
f 1920// 1909// 1919//
f 1932// 1899// 1929//
f 1929// 1899// 1900//
f 1888// 1889// 1940//
f 1940// 1889// 1890//
f 1940// 1890// 1939//
f 1939// 1890// 1891//
f 1939// 1891// 1938//
f 1938// 1891// 1892//
f 1938// 1892// 1937//
f 1937// 1892// 1893//
f 1937// 1893// 1936//
f 1936// 1893// 1894//
f 1936// 1894// 1935//
f 1935// 1894// 1895//
f 1935// 1895// 1934//
f 1934// 1895// 1896//
f 1934// 1896// 1933//
f 1933// 1896// 1897//
f 1933// 1897// 1932//
f 1932// 1897// 1898//
f 1932// 1898// 1899//
f 1886// 1945// 1950//
f 1950// 1945// 1948//
f 1950// 1948// 1949//
f 1949// 1948// 1947//
f 1949// 1947// 1946//
f 1909// 1910// 1919//
f 1919// 1910// 1911//
f 1919// 1911// 1918//
f 1918// 1911// 1912//
f 1918// 1912// 1917//
f 1917// 1912// 1913//
f 1917// 1913// 1916//
f 1916// 1913// 1914//
f 1916// 1914// 1915//
f 1940// 1941// 1888//
f 1888// 1941// 1942//
f 1888// 1942// 1887//
f 1887// 1942// 1943//
f 1887// 1943// 1886//
f 1886// 1943// 1944//
f 1886// 1944// 1945//
f 1920// 1921// 1908//
f 1908// 1921// 1922//
f 1908// 1922// 1907//
f 1907// 1922// 1923//
f 1907// 1923// 1906//
f 1906// 1923// 1924//
f 1906// 1924// 1905//
f 1905// 1924// 1925//
f 1905// 1925// 1904//
f 1904// 1925// 1926//
f 1904// 1926// 1903//
f 1903// 1926// 1927//
f 1903// 1927// 1902//
f 1902// 1927// 1928//
f 1902// 1928// 1901//
f 1901// 1928// 1931//
f 1901// 1931// 1900//
f 1900// 1931// 1930//
f 1900// 1930// 1929//
f 1951// 1952// 1953//
f 1953// 1952// 1954//
f 1955// 1956// 1957//
f 1958// 1959// 1960//
f 1960// 1959// 1961//
f 1962// 1963// 1954//
f 1954// 1963// 1964//
f 1964// 1965// 1954//
f 1954// 1965// 1966//
f 1954// 1966// 1953//
f 1953// 1966// 1967//
f 1953// 1967// 1958//
f 1958// 1967// 1968//
f 1958// 1968// 1959//
f 1957// 1962// 1955//
f 1955// 1962// 1954//
f 1955// 1954// 1969//
f 1969// 1954// 1970//
f 1969// 1970// 1971//
f 1971// 1970// 1972//
f 1971// 1972// 1973//
f 1973// 1972// 1974//
f 1973// 1974// 1975//
f 1975// 1974// 1976//
f 1975// 1976// 1977//
f 1977// 1976// 1978//
f 1977// 1978// 1979//
f 1979// 1978// 1980//
f 1979// 1980// 1981//
f 1981// 1980// 1982//
f 1981// 1982// 1983//
f 1983// 1982// 1984//
f 1983// 1984// 1985//
f 1985// 1984// 1986//
f 1985// 1986// 1987//
f 1987// 1986// 1988//
f 1989// 1990// 1991//
f 1991// 1990// 1992//
f 1991// 1992// 1993//
f 1993// 1992// 1994//
f 1993// 1994// 1995//
f 1995// 1994// 1996//
f 1995// 1996// 1997//
f 1997// 1996// 1998//
f 1997// 1998// 1999//
f 1999// 1998// 2000//
f 1999// 2000// 1961//
f 1961// 2000// 2001//
f 1961// 2001// 1960//
f 2002// 2003// 2004//
f 2004// 2003// 2005//
f 2004// 2005// 2006//
f 2006// 2005// 2007//
f 2006// 2007// 2008//
f 2008// 2007// 2009//
f 2008// 2009// 1989//
f 1989// 2009// 2010//
f 1989// 2010// 1990//
f 1955// 2011// 1956//
f 1956// 2011// 2012//
f 1956// 2012// 2013//
f 2013// 2012// 2014//
f 2013// 2014// 2015//
f 2015// 2014// 2016//
f 2015// 2016// 2017//
f 2017// 2016// 2018//
f 2017// 2018// 2002//
f 2002// 2018// 2019//
f 2002// 2019// 2003//
f 1981// 250// 249//
f 1981// 249// 1979//
f 1979// 249// 274//
f 1979// 274// 1977//
f 1977// 274// 273//
f 1977// 273// 1975//
f 1975// 273// 272//
f 1975// 272// 1973//
f 1973// 272// 271//
f 1973// 271// 1971//
f 1971// 271// 270//
f 1971// 270// 1969//
f 1969// 270// 269//
f 1969// 269// 1955//
f 2011// 1955// 248//
f 248// 1955// 269//
f 2011// 248// 246//
f 2011// 246// 2012//
f 2012// 246// 245//
f 2012// 245// 2014//
f 2014// 245// 230//
f 2014// 230// 2016//
f 2016// 230// 232//
f 2016// 232// 2018//
f 2018// 232// 233//
f 2018// 233// 2019//
f 2019// 233// 265//
f 2019// 265// 2003//
f 2003// 265// 264//
f 2003// 264// 2005//
f 2005// 264// 239//
f 2005// 239// 2007//
f 2007// 239// 238//
f 2007// 238// 2009//
f 2009// 238// 254//
f 2009// 254// 2010//
f 2010// 254// 253//
f 2010// 253// 1990//
f 279// 1996// 280//
f 280// 1996// 1994//
f 280// 1994// 281//
f 281// 1994// 1992//
f 281// 1992// 252//
f 252// 1992// 1990//
f 252// 1990// 253//
f 1996// 279// 276//
f 1996// 276// 1998//
f 1998// 276// 275//
f 1998// 275// 2000//
f 275// 464// 2000//
f 2000// 464// 258//
f 2000// 258// 2001//
f 2001// 258// 257//
f 2001// 257// 1960//
f 1960// 257// 256//
f 1960// 256// 1958//
f 1953// 1958// 255//
f 255// 1958// 256//
f 1951// 1953// 236//
f 236// 1953// 255//
f 1952// 1951// 235//
f 235// 1951// 236//
f 1954// 1952// 268//
f 268// 1952// 235//
f 1954// 268// 267//
f 1954// 267// 1970//
f 1970// 267// 266//
f 1970// 266// 1972//
f 1972// 266// 244//
f 1972// 244// 1974//
f 1974// 244// 243//
f 1974// 243// 1976//
f 1976// 243// 241//
f 1976// 241// 1978//
f 1978// 241// 240//
f 1978// 240// 1980//
f 1980// 240// 263//
f 1980// 263// 1982//
f 1982// 263// 262//
f 1982// 262// 1984//
f 1984// 262// 260//
f 1984// 260// 1986//
f 1986// 260// 259//
f 1986// 259// 1988//
f 1987// 1988// 231//
f 231// 1988// 259//
f 1987// 231// 247//
f 1987// 247// 1985//
f 1985// 247// 251//
f 1985// 251// 1983//
f 1983// 251// 250//
f 1983// 250// 1981//
f 1968// 2020// 2021//
f 1968// 2021// 1959//
f 1959// 2021// 2022//
f 1959// 2022// 1961//
f 1961// 2022// 2023//
f 1961// 2023// 1999//
f 1999// 2023// 2024//
f 1999// 2024// 1997//
f 1964// 2025// 2026//
f 1964// 2026// 1965//
f 1965// 2026// 2027//
f 1965// 2027// 1966//
f 1966// 2027// 2028//
f 1966// 2028// 1967//
f 1967// 2028// 2020//
f 1967// 2020// 1968//
f 1964// 1963// 2025//
f 2025// 1963// 2029//
f 1963// 1962// 2029//
f 2029// 1962// 2030//
f 2013// 2031// 2032//
f 2013// 2032// 1956//
f 1956// 2032// 2033//
f 1956// 2033// 1957//
f 1957// 2033// 2030//
f 1957// 2030// 1962//
f 2004// 2034// 2035//
f 2004// 2035// 2002//
f 2002// 2035// 2036//
f 2002// 2036// 2017//
f 2017// 2036// 2037//
f 2017// 2037// 2015//
f 2015// 2037// 2031//
f 2015// 2031// 2013//
f 1991// 2038// 2039//
f 1991// 2039// 1989//
f 1989// 2039// 2040//
f 1989// 2040// 2008//
f 2008// 2040// 2041//
f 2008// 2041// 2006//
f 2006// 2041// 2034//
f 2006// 2034// 2004//
f 1997// 2024// 2042//
f 1997// 2042// 1995//
f 1995// 2042// 2043//
f 1995// 2043// 1993//
f 1993// 2043// 2038//
f 1993// 2038// 1991//
usemtl 1
f 2026// 2025// 2031//
f 2025// 2029// 2030//
f 2030// 2033// 2025//
f 2025// 2033// 2032//
f 2025// 2032// 2031//
f 2026// 2031// 2027//
f 2027// 2031// 2037//
f 2027// 2037// 2028//
f 2039// 2038// 2021//
f 2039// 2021// 2040//
f 2022// 2021// 2023//
f 2023// 2021// 2024//
f 2037// 2036// 2028//
f 2028// 2036// 2035//
f 2028// 2035// 2020//
f 2020// 2035// 2034//
f 2020// 2034// 2021//
f 2021// 2034// 2041//
f 2021// 2041// 2040//
f 2038// 2043// 2021//
f 2021// 2043// 2042//
f 2021// 2042// 2024//
usemtl 4
f 2044// 2045// 2046//
f 2047// 2048// 2049//
f 2050// 2051// 2052//
f 2053// 2054// 2046//
f 2046// 2054// 2055//
f 2046// 2055// 2044//
f 2049// 2048// 2056//
f 2057// 2058// 2059//
f 2059// 2058// 2060//
f 2059// 2060// 2061//
f 2062// 2063// 2059//
f 2059// 2063// 2064//
f 2059// 2064// 2057//
f 2057// 2064// 2065//
f 2066// 2067// 2068//
f 2068// 2067// 2069//
f 2068// 2069// 2070//
f 2070// 2069// 2071//
f 2070// 2071// 2072//
f 2072// 2071// 2073//
f 2072// 2073// 2074//
f 2074// 2073// 2046//
f 2074// 2046// 2075//
f 2075// 2046// 2076//
f 2077// 2078// 2066//
f 2066// 2078// 2079//
f 2066// 2079// 2067//
f 2061// 2080// 2059//
f 2059// 2080// 2081//
f 2059// 2081// 2082//
f 2082// 2081// 2083//
f 2082// 2083// 2084//
f 2085// 2086// 2087//
f 2087// 2086// 2088//
f 2087// 2088// 2089//
f 2089// 2088// 2090//
f 2089// 2090// 2091//
f 2091// 2090// 2092//
f 2050// 2052// 2093//
f 2093// 2052// 2094//
f 2093// 2094// 2095//
f 2095// 2094// 2096//
f 2095// 2096// 2097//
f 2048// 2098// 2056//
f 2056// 2098// 2099//
f 2056// 2099// 2100//
f 2100// 2099// 2101//
f 2100// 2101// 2050//
f 2050// 2101// 2102//
f 2050// 2102// 2051//
f 2065// 2064// 2066//
f 2066// 2064// 2103//
f 2066// 2103// 2077//
f 2104// 2105// 2106//
f 2106// 2105// 2107//
f 2106// 2107// 2108//
f 2108// 2107// 2109//
f 2108// 2109// 2110//
f 2110// 2109// 2111//
f 2110// 2111// 2112//
f 2112// 2111// 2113//
f 2112// 2113// 2114//
f 2076// 2046// 2115//
f 2115// 2046// 2045//
f 2115// 2045// 2116//
f 2090// 2117// 2092//
f 2092// 2117// 2118//
f 2092// 2118// 2119//
f 2119// 2118// 2120//
f 2119// 2120// 2121//
f 2121// 2120// 2122//
f 2121// 2122// 2123//
f 2123// 2122// 2124//
f 2123// 2124// 2125//
f 2125// 2124// 2126//
f 2125// 2126// 2127//
f 2127// 2126// 2128//
f 2127// 2128// 2104//
f 2104// 2128// 2129//
f 2104// 2129// 2105//
f 2130// 2131// 2132//
f 2132// 2131// 2133//
f 2132// 2133// 2087//
f 2087// 2133// 2134//
f 2087// 2134// 2085//
f 2135// 2136// 2137//
f 2137// 2136// 2138//
f 2137// 2138// 2139//
f 2139// 2138// 2140//
f 2139// 2140// 2141//
f 2141// 2140// 2142//
f 2141// 2142// 2143//
f 2143// 2142// 2144//
f 2143// 2144// 2053//
f 2053// 2144// 2145//
f 2053// 2145// 2054//
f 2084// 2083// 2146//
f 2146// 2083// 2147//
f 2146// 2147// 2148//
f 2148// 2147// 2149//
f 2148// 2149// 2150//
f 2150// 2149// 2151//
f 2150// 2151// 2152//
f 2152// 2151// 2153//
f 2152// 2153// 2154//
f 2154// 2153// 2155//
f 2154// 2155// 2156//
f 2156// 2155// 2157//
f 2156// 2157// 2158//
f 2158// 2157// 2159//
f 2158// 2159// 2160//
f 2160// 2159// 2161//
f 2160// 2161// 2162//
f 2162// 2161// 2163//
f 2162// 2163// 2045//
f 2045// 2163// 2164//
f 2045// 2164// 2116//
f 2097// 2096// 2165//
f 2165// 2096// 2166//
f 2165// 2166// 2167//
f 2167// 2166// 2168//
f 2167// 2168// 2169//
f 2169// 2168// 2170//
f 2169// 2170// 2171//
f 2171// 2170// 2172//
f 2171// 2172// 2130//
f 2130// 2172// 2173//
f 2130// 2173// 2131//
f 2049// 2174// 2047//
f 2047// 2174// 2175//
f 2047// 2175// 2176//
f 2176// 2175// 2177//
f 2176// 2177// 2178//
f 2178// 2177// 2179//
f 2178// 2179// 2135//
f 2135// 2179// 2180//
f 2135// 2180// 2136//
f 2181// 2182// 2183//
f 2113// 2184// 2114//
f 2114// 2184// 2181//
f 2114// 2181// 2185//
f 2185// 2181// 2183//
f 2186// 2187// 2181//
f 2181// 2187// 2188//
f 2181// 2188// 2182//
f 2189// 2190// 2191//
f 2190// 2192// 2191//
f 2191// 2192// 2193//
f 2191// 2193// 2194//
f 2186// 2181// 2191//
f 2191// 2181// 2195//
f 2191// 2195// 2189//
f 2123// 140// 139//
f 227// 2092// 2119//
f 2123// 139// 2121//
f 2121// 139// 229//
f 2121// 229// 2119//
f 2119// 229// 228//
f 2119// 228// 227//
f 227// 124// 2092//
f 2092// 124// 123//
f 2092// 123// 2091//
f 2091// 123// 132//
f 2091// 132// 2089//
f 2089// 132// 131//
f 2089// 131// 2087//
f 2087// 131// 130//
f 2087// 130// 2132//
f 2132// 130// 129//
f 2132// 129// 2130//
f 2171// 2130// 128//
f 128// 2130// 129//
f 128// 127// 2171//
f 2171// 127// 70//
f 2171// 70// 2169//
f 2169// 70// 69//
f 2169// 69// 2167//
f 2167// 69// 67//
f 2167// 67// 2165//
f 2165// 67// 66//
f 2165// 66// 2097//
f 2097// 66// 2095//
f 2095// 66// 64//
f 2095// 64// 53//
f 2095// 53// 59//
f 2095// 59// 2093//
f 2093// 59// 61//
f 2093// 61// 2050//
f 2050// 61// 60//
f 2050// 60// 2100//
f 2100// 60// 52//
f 2100// 52// 2056//
f 2056// 52// 51//
f 2056// 51// 2049//
f 2049// 51// 63//
f 2049// 63// 2174//
f 2174// 63// 62//
f 2174// 62// 2175//
f 2175// 62// 58//
f 2175// 58// 2177//
f 46// 2138// 2136//
f 2177// 58// 57//
f 2177// 57// 2179//
f 2179// 57// 55//
f 2179// 55// 2180//
f 55// 54// 2180//
f 2180// 54// 49//
f 2180// 49// 2136//
f 2136// 49// 48//
f 2136// 48// 46//
f 2138// 46// 45//
f 2138// 45// 2140//
f 2140// 45// 42//
f 2140// 42// 2142//
f 2142// 42// 41//
f 2142// 41// 2144//
f 2144// 41// 40//
f 2144// 40// 2145//
f 2145// 40// 43//
f 2145// 43// 2054//
f 2054// 43// 44//
f 2054// 44// 2055//
f 2055// 44// 36//
f 2055// 36// 2044//
f 36// 35// 2044//
f 2044// 35// 38//
f 2044// 38// 2045//
f 2045// 38// 39//
f 2045// 39// 2162//
f 2162// 39// 33//
f 2162// 33// 2160//
f 33// 34// 2160//
f 2160// 34// 31//
f 2160// 31// 2158//
f 2158// 31// 30//
f 2158// 30// 2156//
f 189// 2082// 2084//
f 2156// 30// 29//
f 25// 2152// 29//
f 29// 2152// 2154//
f 29// 2154// 2156//
f 25// 138// 2152//
f 2152// 138// 137//
f 2152// 137// 2150//
f 2150// 137// 136//
f 2150// 136// 2148//
f 2148// 136// 135//
f 2148// 135// 2146//
f 2146// 135// 134//
f 2146// 134// 2084//
f 2084// 134// 188//
f 2084// 188// 189//
f 2059// 2082// 175//
f 175// 2082// 189//
f 2062// 2059// 144//
f 144// 2059// 175//
f 2063// 2062// 148//
f 148// 2062// 144//
f 2064// 2063// 147//
f 147// 2063// 148//
f 2064// 147// 149//
f 2064// 149// 2103//
f 2103// 149// 150//
f 2103// 150// 2077//
f 2077// 150// 172//
f 2077// 172// 2078//
f 2078// 172// 171//
f 2078// 171// 2079//
f 2079// 171// 170//
f 2079// 170// 2067//
f 2067// 170// 166//
f 2067// 166// 2069//
f 2069// 166// 167//
f 2069// 167// 2071//
f 2071// 167// 163//
f 2071// 163// 2073//
f 2073// 163// 165//
f 2073// 165// 2046//
f 2046// 165// 164//
f 2046// 164// 2053//
f 2053// 164// 162//
f 2053// 162// 2143//
f 2143// 162// 161//
f 2143// 161// 2141//
f 2141// 161// 169//
f 2141// 169// 2139//
f 2139// 169// 168//
f 2139// 168// 2137//
f 2135// 2137// 168//
f 168// 156// 2135//
f 2135// 156// 200//
f 2135// 200// 199//
f 212// 2176// 199//
f 199// 2176// 2178//
f 199// 2178// 2135//
f 212// 226// 2176//
f 2176// 226// 225//
f 2176// 225// 2047//
f 2047// 225// 224//
f 2047// 224// 2048//
f 2048// 224// 218//
f 2048// 218// 2098//
f 2098// 218// 217//
f 2098// 217// 2099//
f 2099// 217// 216//
f 2099// 216// 2101//
f 2101// 216// 213//
f 2101// 213// 2102//
f 2102// 213// 208//
f 2102// 208// 2051//
f 2051// 208// 211//
f 2051// 211// 2052//
f 2052// 211// 219//
f 2052// 219// 2094//
f 2094// 219// 221//
f 2094// 221// 2096//
f 2096// 221// 223//
f 2096// 223// 2166//
f 2166// 223// 222//
f 2166// 222// 2168//
f 2168// 222// 220//
f 2168// 220// 2170//
f 2170// 220// 210//
f 2170// 210// 2172//
f 2172// 210// 209//
f 2172// 209// 2173//
f 2173// 209// 207//
f 2173// 207// 2131//
f 2131// 207// 206//
f 2131// 206// 2133//
f 2133// 206// 215//
f 2133// 215// 2134//
f 2134// 215// 2085//
f 2085// 215// 214//
f 2085// 214// 198//
f 2086// 2085// 201//
f 201// 2085// 198//
f 2086// 201// 205//
f 2086// 205// 2088//
f 2088// 205// 204//
f 2088// 204// 2090//
f 2090// 204// 203//
f 2090// 203// 2117//
f 2117// 203// 202//
f 2117// 202// 2118//
f 2118// 202// 155//
f 2118// 155// 2120//
f 155// 154// 2120//
f 2120// 154// 153//
f 2120// 153// 2122//
f 2122// 153// 181//
f 2122// 181// 2124//
f 2124// 181// 180//
f 2124// 180// 2126//
f 2126// 180// 179//
f 2126// 179// 2128//
f 2128// 179// 178//
f 2128// 178// 2129//
f 2129// 178// 197//
f 2129// 197// 2105//
f 2105// 197// 196//
f 2105// 196// 2107//
f 2107// 196// 195//
f 2107// 195// 2109//
f 2109// 195// 194//
f 2109// 194// 2111//
f 2113// 2111// 193//
f 193// 2111// 194//
f 2113// 193// 160//
f 2113// 160// 2184//
f 2184// 160// 159//
f 2184// 159// 2181//
f 2181// 159// 158//
f 2181// 158// 2195//
f 2195// 158// 143//
f 2195// 143// 2189//
f 2189// 143// 142//
f 2189// 142// 2190//
f 2190// 142// 151//
f 2190// 151// 2192//
f 2192// 151// 177//
f 2192// 177// 2193//
f 2193// 177// 176//
f 2193// 176// 2194//
f 2194// 176// 174//
f 2194// 174// 2191//
f 2191// 174// 173//
f 2191// 173// 2186//
f 2186// 173// 187//
f 2186// 187// 2187//
f 2187// 187// 186//
f 2187// 186// 2188//
f 2188// 186// 185//
f 2188// 185// 2182//
f 2182// 185// 184//
f 2182// 184// 2183//
f 2183// 184// 183//
f 2183// 183// 2185//
f 2185// 183// 182//
f 2185// 182// 2114//
f 2114// 182// 192//
f 2114// 192// 2112//
f 2110// 2112// 191//
f 191// 2112// 192//
f 2110// 191// 190//
f 2110// 190// 2108//
f 2108// 190// 146//
f 2108// 146// 2106//
f 2106// 146// 145//
f 2106// 145// 2104//
f 2104// 145// 152//
f 2104// 152// 2127//
f 2127// 152// 157//
f 2127// 157// 2125//
f 2125// 157// 140//
f 2125// 140// 2123//
f 2065// 2196// 2197//
f 2065// 2197// 2057//
f 2057// 2197// 2198//
f 2057// 2198// 2058//
f 2058// 2198// 2199//
f 2058// 2199// 2060//
f 2060// 2199// 2200//
f 2060// 2200// 2061//
f 2061// 2200// 2201//
f 2061// 2201// 2080//
f 2080// 2201// 2202//
f 2080// 2202// 2081//
f 2081// 2202// 2203//
f 2081// 2203// 2083//
f 2083// 2203// 2204//
f 2083// 2204// 2147//
f 2147// 2204// 2205//
f 2147// 2205// 2149//
f 2149// 2205// 2206//
f 2149// 2206// 2151//
f 2151// 2206// 2207//
f 2151// 2207// 2153//
f 2153// 2207// 2208//
f 2153// 2208// 2155//
f 2155// 2208// 2209//
f 2155// 2209// 2157//
f 2157// 2209// 2210//
f 2157// 2210// 2159//
f 2159// 2210// 2211//
f 2159// 2211// 2161//
f 2161// 2211// 2212//
f 2161// 2212// 2163//
f 2163// 2212// 2213//
f 2163// 2213// 2164//
f 2164// 2213// 2214//
f 2164// 2214// 2116//
f 2116// 2214// 2215//
f 2116// 2215// 2115//
f 2115// 2215// 2216//
f 2115// 2216// 2076//
f 2076// 2216// 2217//
f 2076// 2217// 2075//
f 2075// 2217// 2218//
f 2075// 2218// 2074//
f 2074// 2218// 2219//
f 2074// 2219// 2072//
f 2072// 2219// 2220//
f 2072// 2220// 2070//
f 2070// 2220// 2221//
f 2070// 2221// 2068//
f 2068// 2221// 2222//
f 2068// 2222// 2066//
f 2066// 2222// 2196//
f 2066// 2196// 2065//
usemtl 1
f 2210// 2220// 2219//
f 2208// 2207// 2197//
f 2196// 2222// 2210//
f 2210// 2222// 2221//
f 2210// 2221// 2220//
f 2215// 2214// 2219//
f 2219// 2214// 2213//
f 2196// 2210// 2197//
f 2197// 2210// 2209//
f 2197// 2209// 2208//
f 2218// 2217// 2219//
f 2219// 2217// 2216//
f 2219// 2216// 2215//
f 2213// 2212// 2219//
f 2219// 2212// 2211//
f 2219// 2211// 2210//
f 2207// 2206// 2197//
f 2197// 2206// 2205//
f 2197// 2205// 2204//
f 2204// 2203// 2197//
f 2197// 2203// 2202//
f 2197// 2202// 2201//
f 2201// 2200// 2197//
f 2197// 2200// 2199//
f 2197// 2199// 2198//
usemtl 4
f 2223// 2224// 2225//
f 2225// 2224// 2226//
f 2225// 2226// 2227//
f 2227// 2226// 2228//
f 2227// 2228// 2229//
f 2229// 2228// 2230//
f 2229// 2230// 2231//
f 2231// 2230// 2232//
f 2231// 2232// 2233//
f 2233// 2232// 2234//
f 2233// 2234// 2235//
f 2235// 2234// 2236//
f 2235// 2236// 2237//
f 2237// 2236// 2238//
f 2237// 2238// 2239//
f 2239// 2238// 2240//
f 2239// 2240// 2241//
f 2241// 2240// 2242//
f 2241// 2242// 2243//
f 2243// 2242// 2244//
f 2243// 2244// 2245//
f 2245// 2244// 2246//
f 2245// 2246// 2247//
f 2247// 2246// 2248//
f 2247// 2248// 2249//
f 2249// 2248// 2250//
f 2249// 2250// 2251//
f 2251// 2250// 2252//
f 2251// 2252// 2253//
f 2253// 2252// 2254//
f 2253// 2254// 2255//
f 2255// 2254// 2256//
f 2255// 2256// 2257//
f 2257// 2256// 2223//
f 2257// 2223// 2225//
f 2225// 514// 513//
f 2225// 513// 2257//
f 2257// 513// 512//
f 2257// 512// 2255//
f 2255// 512// 519//
f 2255// 519// 2253//
f 2253// 519// 518//
f 2253// 518// 2251//
f 2251// 518// 517//
f 2251// 517// 2249//
f 2249// 517// 516//
f 2249// 516// 2247//
f 2247// 516// 528//
f 2247// 528// 2245//
f 2245// 528// 527//
f 2245// 527// 2243//
f 2243// 527// 522//
f 2243// 522// 2241//
f 2241// 522// 521//
f 2241// 521// 2239//
f 2239// 521// 520//
f 2239// 520// 2237//
f 2235// 2237// 526//
f 526// 2237// 520//
f 2233// 2235// 525//
f 525// 2235// 526//
f 2231// 2233// 524//
f 524// 2233// 525//
f 2231// 524// 523//
f 2231// 523// 2229//
f 2229// 523// 515//
f 2229// 515// 2227//
f 2227// 515// 514//
f 2227// 514// 2225//
f 2244// 2258// 2259//
f 2244// 2259// 2246//
f 2246// 2259// 2260//
f 2246// 2260// 2248//
f 2248// 2260// 2261//
f 2248// 2261// 2250//
f 2250// 2261// 2262//
f 2250// 2262// 2252//
f 2238// 2263// 2264//
f 2238// 2264// 2240//
f 2240// 2264// 2265//
f 2240// 2265// 2242//
f 2242// 2265// 2258//
f 2242// 2258// 2244//
f 2238// 2236// 2263//
f 2263// 2236// 2266//
f 2236// 2234// 2266//
f 2266// 2234// 2267//
f 2234// 2232// 2267//
f 2267// 2232// 2268//
f 2224// 2269// 2270//
f 2224// 2270// 2226//
f 2226// 2270// 2271//
f 2226// 2271// 2228//
f 2228// 2271// 2272//
f 2228// 2272// 2230//
f 2230// 2272// 2268//
f 2230// 2268// 2232//
f 2252// 2262// 2273//
f 2252// 2273// 2254//
f 2254// 2273// 2274//
f 2254// 2274// 2256//
f 2256// 2274// 2275//
f 2256// 2275// 2223//
f 2223// 2275// 2269//
f 2223// 2269// 2224//
usemtl 1
f 2266// 2267// 2263//
f 2263// 2267// 2268//
f 2268// 2272// 2263//
f 2263// 2272// 2271//
f 2263// 2271// 2270//
f 2270// 2269// 2263//
f 2263// 2269// 2275//
f 2263// 2275// 2274//
f 2262// 2258// 2265//
f 2261// 2260// 2262//
f 2262// 2260// 2259//
f 2262// 2259// 2258//
f 2274// 2273// 2263//
f 2263// 2273// 2262//
f 2263// 2262// 2264//
f 2264// 2262// 2265//
usemtl 4
f 2276// 382// 400//
f 2276// 400// 2277//
f 2277// 400// 399//
f 2277// 399// 2278//
f 2278// 399// 397//
f 2278// 397// 2279//
f 2279// 397// 396//
f 2279// 396// 2280//
f 2280// 396// 395//
f 2280// 395// 2281//
f 2281// 395// 387//
f 2281// 387// 2282//
f 2282// 387// 386//
f 2282// 386// 2283//
f 2283// 386// 394//
f 2283// 394// 2284//
f 2284// 394// 393//
f 2284// 393// 2285//
f 2285// 393// 385//
f 2285// 385// 2286//
f 2286// 385// 384//
f 2286// 384// 2287//
f 2287// 384// 390//
f 2287// 390// 2288//
f 2288// 390// 392//
f 2288// 392// 2289//
f 2289// 392// 391//
f 2289// 391// 2290//
f 2290// 391// 389//
f 2290// 389// 2291//
f 2291// 389// 388//
f 2291// 388// 2292//
f 2292// 388// 398//
f 381// 2293// 398//
f 398// 2293// 2294//
f 398// 2294// 2292//
f 381// 403// 2293//
f 2293// 403// 405//
f 2293// 405// 2295//
f 2296// 2295// 410//
f 410// 2295// 405//
f 2296// 410// 409//
f 2296// 409// 2297//
f 411// 2298// 406//
f 406// 2298// 2297//
f 406// 2297// 407//
f 407// 2297// 409//
f 2298// 411// 413//
f 2298// 413// 2299//
f 413// 420// 2299//
f 2299// 420// 419//
f 2299// 419// 2300//
f 2300// 419// 418//
f 2300// 418// 2301//
f 2301// 418// 417//
f 2301// 417// 2302//
f 2302// 417// 416//
f 423// 2303// 416//
f 416// 2303// 2304//
f 416// 2304// 2302//
f 423// 422// 2303//
f 2303// 422// 427//
f 2303// 427// 2305//
f 2305// 427// 426//
f 2305// 426// 2306//
f 2306// 426// 424//
f 12// 2307// 424//
f 424// 2307// 2308//
f 424// 2308// 2306//
f 12// 11// 2307//
f 2307// 11// 431//
f 2307// 431// 2309//
f 2309// 431// 430//
f 2309// 430// 2310//
f 428// 2311// 429//
f 429// 2311// 2310//
f 429// 2310// 430//
f 432// 2312// 428//
f 428// 2312// 2313//
f 428// 2313// 2311//
f 432// 433// 2312//
f 2312// 433// 434//
f 2312// 434// 2314//
f 2315// 2314// 434//
f 434// 435// 2315//
f 2315// 435// 440//
f 2315// 440// 2316//
f 2316// 440// 439//
f 439// 437// 2316//
f 2316// 437// 436//
f 2316// 436// 2317//
f 2318// 2317// 404//
f 404// 2317// 436//
f 2318// 404// 2319//
f 2319// 404// 402//
f 402// 401// 2319//
f 2319// 401// 383//
f 2319// 383// 2320//
f 2320// 383// 382//
f 2320// 382// 2276//
f 2285// 2286// 2304//
f 2289// 2290// 2299//
f 2304// 2286// 2302//
f 2299// 2290// 2298//
f 2299// 2300// 2289//
f 2289// 2300// 2301//
f 2289// 2301// 2288//
f 2288// 2301// 2302//
f 2288// 2302// 2287//
f 2287// 2302// 2286//
f 2290// 2291// 2298//
f 2298// 2291// 2292//
f 2298// 2292// 2297//
f 2297// 2292// 2294//
f 2297// 2294// 2296//
f 2296// 2294// 2293//
f 2296// 2293// 2295//
f 2306// 2284// 2305//
f 2305// 2284// 2285//
f 2305// 2285// 2303//
f 2303// 2285// 2304//
f 2317// 2318// 2316//
f 2316// 2318// 2319//
f 2316// 2319// 2315//
f 2315// 2319// 2320//
f 2315// 2320// 2314//
f 2314// 2320// 2276//
f 2314// 2276// 2312//
f 2312// 2276// 2277//
f 2312// 2277// 2313//
f 2313// 2277// 2278//
f 2313// 2278// 2311//
f 2311// 2278// 2279//
f 2311// 2279// 2310//
f 2310// 2279// 2280//
f 2310// 2280// 2309//
f 2309// 2280// 2281//
f 2309// 2281// 2307//
f 2307// 2281// 2308//
f 2308// 2281// 2282//
f 2308// 2282// 2306//
f 2306// 2282// 2283//
f 2306// 2283// 2284//
f 2321// 2322// 2323//
f 2323// 2322// 2324//
f 2325// 2326// 2321//
f 2321// 2326// 2327//
f 2321// 2327// 2322//
f 2322// 2327// 2328//
f 2325// 2329// 2326//
f 2326// 2329// 2330//
f 2326// 2330// 2331//
f 2331// 2330// 2332//
f 2331// 2332// 2333//
f 2333// 2334// 2331//
f 2331// 2334// 2323//
f 2331// 2323// 2335//
f 2335// 2323// 2324//
f 2335// 2324// 2336//
f 2326// 2331// 507//
f 507// 2331// 508//
f 2327// 2326// 506//
f 506// 2326// 507//
f 2328// 2327// 504//
f 504// 2327// 506//
f 2322// 2328// 502//
f 502// 2328// 504//
f 2324// 2322// 501//
f 501// 2322// 502//
f 2336// 2324// 503//
f 503// 2324// 501//
f 2335// 2336// 505//
f 505// 2336// 503//
f 2331// 2335// 508//
f 508// 2335// 505//
f 2325// 2337// 2338//
f 2325// 2338// 2329//
f 2329// 2338// 2339//
f 2329// 2339// 2330//
f 2325// 2321// 2337//
f 2337// 2321// 2340//
f 2321// 2323// 2340//
f 2340// 2323// 2341//
f 2323// 2334// 2341//
f 2341// 2334// 2342//
f 2332// 2343// 2344//
f 2332// 2344// 2333//
f 2333// 2344// 2342//
f 2333// 2342// 2334//
f 2332// 2330// 2343//
f 2343// 2330// 2339//
usemtl 1
f 2343// 2339// 2344//
f 2344// 2339// 2338//
f 2344// 2338// 2342//
f 2342// 2338// 2337//
f 2342// 2337// 2341//
f 2341// 2337// 2340//
usemtl 4
f 102// 2345// 104//
f 104// 2345// 2346//
f 104// 2346// 95//
f 2347// 2345// 101//
f 101// 2345// 102//
f 105// 2348// 103//
f 103// 2348// 2347//
f 103// 2347// 101//
f 2349// 2348// 106//
f 106// 2348// 105//
f 108// 2350// 110//
f 110// 2350// 2349//
f 110// 2349// 106//
f 2351// 2350// 107//
f 107// 2350// 108//
f 100// 2352// 109//
f 109// 2352// 2351//
f 109// 2351// 107//
f 2353// 2352// 99//
f 99// 2352// 100//
f 20// 2354// 21//
f 21// 2354// 2353//
f 21// 2353// 99//
f 2355// 2354// 113//
f 113// 2354// 20//
f 96// 2356// 112//
f 112// 2356// 2355//
f 112// 2355// 113//
f 2346// 2356// 95//
f 95// 2356// 96//
f 2355// 2356// 2346//
f 2346// 2345// 2355//
f 2355// 2345// 2347//
f 2355// 2347// 2354//
f 2352// 2353// 2351//
f 2351// 2353// 2354//
f 2351// 2354// 2350//
f 2350// 2354// 2347//
f 2350// 2347// 2349//
f 2349// 2347// 2348//
f 2357// 2358// 478//
f 478// 2358// 475//
f 2359// 2357// 477//
f 477// 2357// 478//
f 2360// 2359// 479//
f 479// 2359// 477//
f 2361// 2360// 480//
f 480// 2360// 479//
f 2362// 2361// 481//
f 481// 2361// 480//
f 2363// 2362// 482//
f 482// 2362// 481//
f 2364// 2363// 474//
f 474// 2363// 482//
f 2365// 2364// 472//
f 472// 2364// 474//
f 2366// 2365// 467//
f 467// 2365// 472//
f 2367// 2366// 468//
f 468// 2366// 467//
f 2368// 2367// 476//
f 476// 2367// 468//
f 2358// 2368// 475//
f 475// 2368// 476//
f 2367// 2368// 2358//
f 2358// 2357// 2367//
f 2367// 2357// 2359//
f 2367// 2359// 2366//
f 2364// 2365// 2363//
f 2363// 2365// 2366//
f 2363// 2366// 2362//
f 2362// 2366// 2359//
f 2362// 2359// 2361//
f 2361// 2359// 2360//
f 2369// 2370// 2371//
f 2371// 2370// 2372//
f 2373// 2374// 2369//
f 2369// 2374// 2375//
f 2369// 2375// 2370//
f 2370// 2375// 2376//
f 2373// 2377// 2374//
f 2374// 2377// 2378//
f 2374// 2378// 2379//
f 2379// 2378// 2380//
f 2379// 2380// 2381//
f 2381// 2382// 2379//
f 2379// 2382// 2371//
f 2379// 2371// 2383//
f 2383// 2371// 2372//
f 2383// 2372// 2384//
f 2374// 2379// 456//
f 456// 2379// 447//
f 453// 2375// 455//
f 455// 2375// 2374//
f 455// 2374// 456//
f 2376// 2375// 451//
f 451// 2375// 453//
f 2370// 2376// 450//
f 450// 2376// 451//
f 444// 2372// 445//
f 445// 2372// 2370//
f 445// 2370// 450//
f 2384// 2372// 443//
f 443// 2372// 444//
f 2383// 2384// 442//
f 442// 2384// 443//
f 2379// 2383// 447//
f 447// 2383// 442//
f 2373// 2385// 2386//
f 2373// 2386// 2377//
f 2377// 2386// 2387//
f 2377// 2387// 2378//
f 2373// 2369// 2385//
f 2385// 2369// 2388//
f 2369// 2371// 2388//
f 2388// 2371// 2389//
f 2371// 2382// 2389//
f 2389// 2382// 2390//
f 2380// 2391// 2392//
f 2380// 2392// 2381//
f 2381// 2392// 2390//
f 2381// 2390// 2382//
f 2380// 2378// 2391//
f 2391// 2378// 2387//
usemtl 1
f 2391// 2387// 2392//
f 2392// 2387// 2386//
f 2392// 2386// 2390//
f 2390// 2386// 2385//
f 2390// 2385// 2389//
f 2389// 2385// 2388//
usemtl 4
f 75// 2393// 77//
f 77// 2393// 2394//
f 77// 2394// 79//
f 2395// 2393// 74//
f 74// 2393// 75//
f 78// 2396// 76//
f 76// 2396// 2395//
f 76// 2395// 74//
f 2397// 2396// 80//
f 80// 2396// 78//
f 84// 2398// 82//
f 82// 2398// 2397//
f 82// 2397// 80//
f 2399// 2398// 85//
f 85// 2398// 84//
f 81// 2400// 83//
f 83// 2400// 2399//
f 83// 2399// 85//
f 2401// 2400// 71//
f 71// 2400// 81//
f 93// 2402// 94//
f 94// 2402// 2401//
f 94// 2401// 71//
f 2403// 2402// 86//
f 86// 2402// 93//
f 90// 2404// 91//
f 91// 2404// 2403//
f 91// 2403// 86//
f 2394// 2404// 79//
f 79// 2404// 90//
f 2403// 2404// 2394//
f 2394// 2393// 2403//
f 2403// 2393// 2395//
f 2403// 2395// 2402//
f 2400// 2401// 2399//
f 2399// 2401// 2402//
f 2399// 2402// 2398//
f 2398// 2402// 2395//
f 2398// 2395// 2397//
f 2397// 2395// 2396//
f 2405// 2406// 2//
f 2// 2406// 3//
f 2407// 2405// 1//
f 1// 2405// 2//
f 2408// 2407// 510//
f 510// 2407// 1//
f 2409// 2408// 509//
f 509// 2408// 510//
f 2410// 2409// 511//
f 511// 2409// 509//
f 2406// 2410// 3//
f 3// 2410// 511//
f 2407// 2408// 2405//
f 2405// 2408// 2409//
f 2405// 2409// 2406//
f 2406// 2409// 2410//
usemtl 1
f 28// 32// 588//
f 588// 32// 37//
f 588// 37// 548//
f 548// 37// 47//
f 47// 50// 548//
f 548// 50// 56//
f 548// 56// 547//
f 547// 56// 65//
f 559// 557// 561//
f 561// 557// 555//
f 561// 555// 65//
f 65// 555// 553//
f 65// 553// 547//
f 588// 551// 28//
f 28// 551// 552//
f 28// 552// 26//
f 26// 552// 564//
f 26// 564// 566//
f 568// 570// 566//
f 566// 570// 572//
f 566// 572// 26//
