bun test v1.3.9 (cf6cdbbb)

tests/generate-symbol-tsx.test.ts:
(pass) keeps the rectangle primitive when its fill is none [12.42ms]
(pass) keeps the rectangle primitive when its fill is #880000 [2.96ms]
(pass) keeps the rectangle primitive when its fill is  [2.37ms]
(pass) generates a centered symbol with positioned, aliased ports [3.49ms]
(pass) transforms EasyEDA paths, arcs, and text into symbol-local coordinates [13.57ms]
(pass) keeps imported crystal symbols on tscircuit's schematic grid [1.18ms]
(pass) uses the symbol bounds when EasyEDA head coordinates are stale [1.07ms]
(pass) maps duplicate EasyEDA symbol pin numbers to unused footprint ports [2.06ms]
(pass) distinguishes custom symbols from chip box representations [7.78ms]

tests/convert-package-rect.test.ts:
(pass) emits package RECT shapes as silkscreen rectangles [1.52ms]
(pass) renders package RECT shapes in the PCB snapshot [35.00ms]

tests/source-paste-mask-field-fidelity.test.ts:
(pass) preserves raw source margins and paste contours across existing import fixtures [36.70ms]

tests/normalize-symbol-name.test.ts:
(pass) normalizeSymbolName > converts + to _POS [0.02ms]
(pass) normalizeSymbolName > converts - to _NEG
(pass) normalizeSymbolName > handles whitespace around + and -
(pass) normalizeSymbolName > preserves other names
(pass) normalizeSymbolName > handles names containing + or - but not exactly equal [0.06ms]
(pass) normalizeSymbolName > handles empty strings

tests/get-easyeda-pin-aliases.test.ts:
(pass) converts external pin name PA0/RESET#/UPDI to connection aliases [0.11ms]
(pass) converts external pin name #RST/NMI/SBWTDIO to connection aliases [0.03ms]
(pass) converts external pin name PA0/RESET# to connection aliases
(pass) converts external pin name P1.3/TA1.2/A3/C3 to connection aliases
(pass) converts external pin name D+/D- to connection aliases
(pass) converts external pin name SINEIN– to connection aliases [0.09ms]
(pass) converts external pin name SINEIN− to connection aliases
(pass) converts external pin name –IN/−OUT to connection aliases
(pass) converts external pin name 3V3(OUT) to connection aliases
(pass) converts external pin name (PA0) to connection aliases
(pass) converts external pin name _READY_ to connection aliases
(pass) converts external pin name 1&#96; to connection aliases [0.08ms]
(pass) converts external pin name 2&#x60; to connection aliases
(pass) converts external pin name 1′ to connection aliases
(pass) converts external pin name D&#43;/D&#8722; to connection aliases
(pass) converts external pin name  / PA0 / / UPDI /  to connection aliases
(pass) converts external pin name  to connection aliases [0.04ms]
(pass) converts external pin name +/- to connection aliases
(pass) deduplicates aliases before distinguishing shared pin functions [0.02ms]

tests/get-polarized-pin-metadata.test.ts:
(pass) getPolarizedPinMetadata > normalizes anode pin 1
(pass) getPolarizedPinMetadata > normalizes decorated cathode pin 1

tests/arc-utils.test.ts:
(pass) generateArcFromSweep > uses the near circle center for a small arc [0.44ms]
(pass) generateArcFromSweep > uses the opposite circle center for a large arc

tests/explicit-paste-regions.test.ts:
(pass) preserves explicit supplier paste polygons and per-pad expansion [5.20ms]

tests/get-board-outline-polygons.test.ts:
(pass) joins unordered reversed tracks and removes notch edge tabs [0.52ms]
(pass) keeps disconnected closed outlines separate
(pass) does not invent a cutout from a line or an ambiguous open path
(pass) ignores branched outlines without losing a separate closed loop

tests/normalize-pin-labels.test.ts:
(pass) normalizePinLabels > handles the documentation example correctly [0.05ms]
(pass) normalizePinLabels > handles empty input array
(pass) normalizePinLabels > handles pins with no labels
(pass) normalizePinLabels > preserves unique non-numeric labels [0.02ms]
(pass) normalizePinLabels > normalizes leading hash active-low labels
(pass) normalizePinLabels > normalizes trailing hash active-low labels without double-prefixing
(pass) normalizePinLabels > deduplicates normalized active-low labels
(pass) normalizePinLabels > handles multiple labels per pin [0.09ms]
(pass) normalizePinLabels > handles duplicate numeric labels

tests/browser-bundle-websafe-guard.test.ts:
(pass) browser bundle websafe guard > browser build does not include known non-websafe runtime baggage [3505.06ms]

tests/get-easyeda-cad-model-placement.test.ts:
(pass) getCadModelOffsetMmFromBounds > derives XY placement from explicit bounds even when _objMetadata is missing [3.52ms]
(pass) getCadModelOffsetMmFromBounds > rebases XY against recentered footprint bounds [0.85ms]

tests/generate-footprint-tsx.test.ts:
(pass) generates standalone oval holes [89.68ms]
(pass) preserves fabrication and user notes in generated footprints [7.82ms]

tests/convert-to-ts/C5830143-to-ts.test.ts:
24 |   )
25 |   await expect(circuitJson).toMatch3dSnapshot(import.meta.path, {
26 |     camPos: [20, 20, 10],
27 |   })
28 | 
29 |   expect(result).toMatchInlineSnapshot(`
                      ^
error: expect(received).toMatchInlineSnapshot(expected)

@@ -36,13 +36,13 @@
      "C5830143"
    ]
  }}
        manufacturerPartNumber="PV36W502C01B00"
        footprint={<footprint>
-         <platedhole  portHints={["pin3"]} pcbX="0mm" pcbY="-2.54mm" outerDiameter="1.524mm" holeDiameter="0.762mm" shape="circle" />
- <platedhole  portHints={["pin1"]} pcbX="0mm" pcbY="2.54mm" outerDiameter="1.524mm" holeDiameter="0.762mm" shape="circle" />
- <platedhole  portHints={["pin2"]} pcbX="0mm" pcbY="0mm" outerDiameter="1.524mm" holeDiameter="0.762mm" shape="circle" />
+         <platedhole solderMaskMargin="0.0508mm"  portHints={["pin3"]} pcbX="0mm" pcbY="-2.54mm" outerDiameter="1.524mm" holeDiameter="0.762mm" shape="circle" />
+ <platedhole solderMaskMargin="0.0508mm"  portHints={["pin1"]} pcbX="0mm" pcbY="2.54mm" outerDiameter="1.524mm" holeDiameter="0.762mm" shape="circle" />
+ <platedhole solderMaskMargin="0.0508mm"  portHints={["pin2"]} pcbX="0mm" pcbY="0mm" outerDiameter="1.524mm" holeDiameter="0.762mm" shape="circle" />
  <silkscreenpath route={[{"x":1.2700000000000955,"y":2.8041600000000244},{"x":1.6510000000000673,"y":2.8041600000000244},{"x":2.032000000000039,"y":2.8041600000000244},{"x":1.6510000000000673,"y":2.8041600000000244}]} />
  <silkscreenpath route={[{"x":2.4500331999998934,"y":4.750130199999944},{"x":2.4500331999998934,"y":-4.749876199999903}]} />
  <silkscreenpath route={[{"x":2.4500331999998934,"y":4.750130199999944},{"x":-2.450033200000007,"y":4.750130199999944},{"x":-2.4999950000000126,"y":4.750130199999944},{"x":-2.4999950000000126,"y":4.255135000000109},{"x":-1.99999600000001,"y":4.255135000000109},{"x":-1.99999600000001,"y":-4.2548810000000685},{"x":-2.4999950000000126,"y":-4.2548810000000685},{"x":-2.4999950000000126,"y":-4.755210199999965},{"x":-2.450033200000007,"y":-4.755210199999965},{"x":2.4500331999998934,"y":-4.755210199999965}]} />
  <silkscreenpath route={[{"x":2.1894799999998895,"y":2.8041600000000244},{"x":2.1342393475166546,"y":3.0367786457468355},{"x":1.9837899300671324,"y":3.2225955901434418},{"x":1.7677545024702113,"y":3.325024385210668},{"x":1.5286693843237344,"y":3.32389730192574},{"x":1.3136092666155719,"y":3.2194362574779234},{"x":1.1649184351937265,"y":3.0322091208578286},{"x":1.1118733878856801,"y":2.7990800000001173},{"x":1.1649184351937265,"y":2.5659508791422923},{"x":1.3136092666155719,"y":2.3787237425220837},{"x":1.5286693843237344,"y":2.2742626980743808},{"x":1.7677545024702113,"y":2.273135614789453},{"x":1.9837899300671324,"y":2.3755644098565654},{"x":2.1342393475166546,"y":2.5613813542531716},{"x":2.1894799999998895,"y":2.7939999999999827}]} />
  <silkscreentext text="{NAME}" pcbX="-0.0127mm" pcbY="5.786122mm" anchorAlignment="center" fontSize="1mm" />

- Expected  - 3
+ Received  + 3

      at <anonymous> (/Users/anassarkiz/tsci/tscircuit-store/boards/magnetic-shutter-remote-r5--01a0f81f/evidence/USB4215-import-audit/toolchain/easyeda-converter/tests/convert-to-ts/C5830143-to-ts.test.ts:29:18)
(fail) should convert C5830143 into typescript file [2727.43ms]

tests/convert-to-ts/c82173-to-ts.test.ts:
(pass) generates the C82173 LED driver IC as a chip [7.51ms]

tests/convert-to-ts/C75749-to-ts.test.ts:
24 |   )
25 |   await expect(circuitJson).toMatch3dSnapshot(import.meta.path, {
26 |     camPos: [30, 15, 10],
27 |   })
28 | 
29 |   expect(result).toMatchInlineSnapshot(`
                      ^
error: expect(received).toMatchInlineSnapshot(expected)

@@ -68,21 +68,21 @@
      "C75749"
    ]
  }}
        manufacturerPartNumber="DS1037-09FNAKT74-0CC"
        footprint={<footprint>
-         <platedhole  portHints={["pin3"]} pcbX="-1.41986mm" pcbY="-0.000127mm" outerDiameter="1.5748mm" holeDiameter="0.999998mm" shape="circle" />
- <platedhole  portHints={["pin11"]} pcbX="0mm" pcbY="-12.499975mm" outerDiameter="4.99999mm" holeDiameter="3.2500316mm" shape="circle" />
- <platedhole  portHints={["pin1"]} pcbX="-1.41986mm" pcbY="5.519801mm" holeWidth="0.999998mm" holeHeight="0.999998mm" outerWidth="1.5748mm" outerHeight="1.5748mm" rectPad={true} pcbRotation="90deg" shape="pill" />
- <platedhole  portHints={["pin2"]} pcbX="-1.41986mm" pcbY="2.759837mm" outerDiameter="1.5748mm" holeDiameter="0.999998mm" shape="circle" />
- <platedhole  portHints={["pin4"]} pcbX="-1.41986mm" pcbY="-2.760091mm" outerDiameter="1.5748mm" holeDiameter="0.999998mm" shape="circle" />
- <platedhole  portHints={["pin5"]} pcbX="-1.41986mm" pcbY="-5.520055mm" outerDiameter="1.5748mm" holeDiameter="0.999998mm" shape="circle" />
- <platedhole  portHints={["pin6"]} pcbX="1.420114mm" pcbY="4.139819mm" outerDiameter="1.5748mm" holeDiameter="0.999998mm" shape="circle" />
- <platedhole  portHints={["pin7"]} pcbX="1.420114mm" pcbY="1.379855mm" outerDiameter="1.5748mm" holeDiameter="0.999998mm" shape="circle" />
- <platedhole  portHints={["pin8"]} pcbX="1.420114mm" pcbY="-1.380109mm" outerDiameter="1.5748mm" holeDiameter="0.999998mm" shape="circle" />
- <platedhole  portHints={["pin9"]} pcbX="1.420114mm" pcbY="-4.140073mm" outerDiameter="1.5748mm" holeDiameter="0.999998mm" shape="circle" />
- <platedhole  portHints={["pin10"]} pcbX="0mm" pcbY="12.499975mm" outerDiameter="4.99999mm" holeDiameter="3.2500316mm" shape="circle" />
+         <platedhole solderMaskMargin="0.0508mm"  portHints={["pin3"]} pcbX="-1.41986mm" pcbY="-0.000127mm" outerDiameter="1.5748mm" holeDiameter="0.999998mm" shape="circle" />
+ <platedhole solderMaskMargin="0.0508mm"  portHints={["pin11"]} pcbX="0mm" pcbY="-12.499975mm" outerDiameter="4.99999mm" holeDiameter="3.2500316mm" shape="circle" />
+ <platedhole solderMaskMargin="0.0508mm"  portHints={["pin1"]} pcbX="-1.41986mm" pcbY="5.519801mm" holeWidth="0.999998mm" holeHeight="0.999998mm" outerWidth="1.5748mm" outerHeight="1.5748mm" rectPad={true} pcbRotation="90deg" shape="pill" />
+ <platedhole solderMaskMargin="0.0508mm"  portHints={["pin2"]} pcbX="-1.41986mm" pcbY="2.759837mm" outerDiameter="1.5748mm" holeDiameter="0.999998mm" shape="circle" />
+ <platedhole solderMaskMargin="0.0508mm"  portHints={["pin4"]} pcbX="-1.41986mm" pcbY="-2.760091mm" outerDiameter="1.5748mm" holeDiameter="0.999998mm" shape="circle" />
+ <platedhole solderMaskMargin="0.0508mm"  portHints={["pin5"]} pcbX="-1.41986mm" pcbY="-5.520055mm" outerDiameter="1.5748mm" holeDiameter="0.999998mm" shape="circle" />
+ <platedhole solderMaskMargin="0.0508mm"  portHints={["pin6"]} pcbX="1.420114mm" pcbY="4.139819mm" outerDiameter="1.5748mm" holeDiameter="0.999998mm" shape="circle" />
+ <platedhole solderMaskMargin="0.0508mm"  portHints={["pin7"]} pcbX="1.420114mm" pcbY="1.379855mm" outerDiameter="1.5748mm" holeDiameter="0.999998mm" shape="circle" />
+ <platedhole solderMaskMargin="0.0508mm"  portHints={["pin8"]} pcbX="1.420114mm" pcbY="-1.380109mm" outerDiameter="1.5748mm" holeDiameter="0.999998mm" shape="circle" />
+ <platedhole solderMaskMargin="0.0508mm"  portHints={["pin9"]} pcbX="1.420114mm" pcbY="-4.140073mm" outerDiameter="1.5748mm" holeDiameter="0.999998mm" shape="circle" />
+ <platedhole solderMaskMargin="0.0508mm"  portHints={["pin10"]} pcbX="0mm" pcbY="12.499975mm" outerDiameter="4.99999mm" holeDiameter="3.2500316mm" shape="circle" />
  <silkscreenpath route={[{"x":9.500107999999983,"y":-15.400070799999995},{"x":-2.9998924000000216,"y":-15.400070799999995},{"x":-2.9998924000000216,"y":15.39991839999999},{"x":9.500107999999983,"y":15.39991839999999},{"x":9.500107999999983,"y":-15.400070799999995}]} />
  <silkscreenpath route={[{"x":14.78010759999998,"y":-0.005080000000006635},{"x":15.480106199999966,"y":-0.005080000000006635}]} />
  <silkscreenpath route={[{"x":9.500107999999983,"y":8.369934999999998},{"x":15.500121399999955,"y":8.369934999999998},{"x":15.500121399999955,"y":-8.380069600000013},{"x":9.500107999999983,"y":-8.380069600000013}]} />
  <silkscreenpath route={[{"x":9.500107999999983,"y":10.429925800000007},{"x":15.500121399999955,"y":10.429925800000007}]} />
  <silkscreenpath route={[{"x":9.500107999999983,"y":14.569922599999984},{"x":15.500121399999955,"y":14.569922599999984},{"x":15.500121399999955,"y":10.45992320000002}]} />

- Expected  - 11
+ Received  + 11

      at <anonymous> (/Users/anassarkiz/tsci/tscircuit-store/boards/magnetic-shutter-remote-r5--01a0f81f/evidence/USB4215-import-audit/toolchain/easyeda-converter/tests/convert-to-ts/C75749-to-ts.test.ts:29:18)
(fail) should convert C75749 into typescript file [2042.67ms]

tests/convert-to-ts/C9972-to-ts.test.ts:
(pass) preserves the exact C9972 manufacturer part number [2.34ms]
(pass) reports missing manufacturer part number metadata [1.19ms]

tests/convert-to-ts/C335982-polarized-capacitor-repro.test.ts:
(pass) preserves C335982's curved polarized capacitor plate [1292.77ms]

tests/convert-to-ts/C7434162-pin-labels-repro.test.ts:
(pass) renders C7434162 pin 35 and 36 labels [1158.02ms]

tests/convert-to-ts/C96225-to-ts.test.ts:
(pass) converts C96225 diode array into a six-pin chip [1393.01ms]

tests/convert-to-ts/C284163-to-ts.test.ts:
(pass) converts C284163 to a four-pin crystal [2.02ms]

tests/convert-to-ts/C46497-to-ts.test.ts:
17 |   const circuitJson = await runTscircuitCode(
18 |     wrapTsxWithBoardFor3dSnapshot(result),
19 |   )
20 |   await expect(circuitJson).toMatch3dSnapshot(import.meta.path)
21 | 
22 |   expect(result).toMatchInlineSnapshot(`
                      ^
error: expect(received).toMatchInlineSnapshot(expected)

@@ -54,43 +54,43 @@
      "C46497"
    ]
  }}
        manufacturerPartNumber="TPA3118D2DAPR"
        footprint={<footprint>
-         <smtpad portHints={["pin1"]} pcbX="-4.875022mm" pcbY="-3.715766mm" width="0.3430016mm" height="1.7314926mm" radius="0.1715008mm" shape="pill" />
- <smtpad portHints={["pin2"]} pcbX="-4.225036mm" pcbY="-3.715766mm" width="0.3430016mm" height="1.7314926mm" radius="0.1715008mm" shape="pill" />
- <smtpad portHints={["pin3"]} pcbX="-3.57505mm" pcbY="-3.715766mm" width="0.3430016mm" height="1.7314926mm" radius="0.1715008mm" shape="pill" />
- <smtpad portHints={["pin4"]} pcbX="-2.925064mm" pcbY="-3.715766mm" width="0.3430016mm" height="1.7314926mm" radius="0.1715008mm" shape="pill" />
- <smtpad portHints={["pin5"]} pcbX="-2.275078mm" pcbY="-3.715766mm" width="0.3430016mm" height="1.7314926mm" radius="0.1715008mm" shape="pill" />
- <smtpad portHints={["pin6"]} pcbX="-1.625092mm" pcbY="-3.715766mm" width="0.3430016mm" height="1.7314926mm" radius="0.1715008mm" shape="pill" />
- <smtpad portHints={["pin7"]} pcbX="-0.975106mm" pcbY="-3.715766mm" width="0.3430016mm" height="1.7314926mm" radius="0.1715008mm" shape="pill" />
- <smtpad portHints={["pin8"]} pcbX="-0.324866mm" pcbY="-3.715766mm" width="0.3430016mm" height="1.7314926mm" radius="0.1715008mm" shape="pill" />
- <smtpad portHints={["pin9"]} pcbX="0.32512mm" pcbY="-3.715766mm" width="0.3430016mm" height="1.7314926mm" radius="0.1715008mm" shape="pill" />
- <smtpad portHints={["pin10"]} pcbX="0.975106mm" pcbY="-3.715766mm" width="0.3430016mm" height="1.7314926mm" radius="0.1715008mm" shape="pill" />
- <smtpad portHints={["pin11"]} pcbX="1.625092mm" pcbY="-3.715766mm" width="0.3430016mm" height="1.7314926mm" radius="0.1715008mm" shape="pill" />
- <smtpad portHints={["pin12"]} pcbX="2.275078mm" pcbY="-3.715766mm" width="0.3430016mm" height="1.7314926mm" radius="0.1715008mm" shape="pill" />
- <smtpad portHints={["pin13"]} pcbX="2.925064mm" pcbY="-3.715766mm" width="0.3430016mm" height="1.7314926mm" radius="0.1715008mm" shape="pill" />
- <smtpad portHints={["pin14"]} pcbX="3.57505mm" pcbY="-3.715766mm" width="0.3430016mm" height="1.7314926mm" radius="0.1715008mm" shape="pill" />
- <smtpad portHints={["pin15"]} pcbX="4.225036mm" pcbY="-3.715766mm" width="0.3430016mm" height="1.7314926mm" radius="0.1715008mm" shape="pill" />
- <smtpad portHints={["pin16"]} pcbX="4.875022mm" pcbY="-3.715766mm" width="0.3430016mm" height="1.7314926mm" radius="0.1715008mm" shape="pill" />
- <smtpad portHints={["pin32"]} pcbX="-4.875022mm" pcbY="3.715766mm" width="0.3430016mm" height="1.7314926mm" radius="0.1715008mm" shape="pill" />
- <smtpad portHints={["pin31"]} pcbX="-4.225036mm" pcbY="3.715766mm" width="0.3430016mm" height="1.7314926mm" radius="0.1715008mm" shape="pill" />
- <smtpad portHints={["pin30"]} pcbX="-3.57505mm" pcbY="3.715766mm" width="0.3430016mm" height="1.7314926mm" radius="0.1715008mm" shape="pill" />
- <smtpad portHints={["pin29"]} pcbX="-2.925064mm" pcbY="3.715766mm" width="0.3430016mm" height="1.7314926mm" radius="0.1715008mm" shape="pill" />
- <smtpad portHints={["pin28"]} pcbX="-2.275078mm" pcbY="3.715766mm" width="0.3430016mm" height="1.7314926mm" radius="0.1715008mm" shape="pill" />
- <smtpad portHints={["pin27"]} pcbX="-1.625092mm" pcbY="3.715766mm" width="0.3430016mm" height="1.7314926mm" radius="0.1715008mm" shape="pill" />
- <smtpad portHints={["pin26"]} pcbX="-0.975106mm" pcbY="3.715766mm" width="0.3430016mm" height="1.7314926mm" radius="0.1715008mm" shape="pill" />
- <smtpad portHints={["pin25"]} pcbX="-0.324866mm" pcbY="3.715766mm" width="0.3430016mm" height="1.7314926mm" radius="0.1715008mm" shape="pill" />
- <smtpad portHints={["pin24"]} pcbX="0.32512mm" pcbY="3.715766mm" width="0.3430016mm" height="1.7314926mm" radius="0.1715008mm" shape="pill" />
- <smtpad portHints={["pin23"]} pcbX="0.975106mm" pcbY="3.715766mm" width="0.3430016mm" height="1.7314926mm" radius="0.1715008mm" shape="pill" />
- <smtpad portHints={["pin22"]} pcbX="1.625092mm" pcbY="3.715766mm" width="0.3430016mm" height="1.7314926mm" radius="0.1715008mm" shape="pill" />
- <smtpad portHints={["pin21"]} pcbX="2.275078mm" pcbY="3.715766mm" width="0.3430016mm" height="1.7314926mm" radius="0.1715008mm" shape="pill" />
- <smtpad portHints={["pin20"]} pcbX="2.925064mm" pcbY="3.715766mm" width="0.3430016mm" height="1.7314926mm" radius="0.1715008mm" shape="pill" />
- <smtpad portHints={["pin19"]} pcbX="3.57505mm" pcbY="3.715766mm" width="0.3430016mm" height="1.7314926mm" radius="0.1715008mm" shape="pill" />
- <smtpad portHints={["pin18"]} pcbX="4.225036mm" pcbY="3.715766mm" width="0.3430016mm" height="1.7314926mm" radius="0.1715008mm" shape="pill" />
- <smtpad portHints={["pin17"]} pcbX="4.875022mm" pcbY="3.715766mm" width="0.3430016mm" height="1.7314926mm" radius="0.1715008mm" shape="pill" />
- <smtpad portHints={["pin33"]} pcbX="0mm" pcbY="0mm" width="3.81mm" height="3.7100002mm" shape="rect" />
+         <smtpad portHints={["pin1"]} pcbX="-4.875022mm" pcbY="-3.715766mm" width="0.3430016mm" height="1.7314926mm" radius="0.1715008mm" shape="pill" solderPasteMargin="0mm" solderMaskMargin="0.0508mm" />
+ <smtpad portHints={["pin2"]} pcbX="-4.225036mm" pcbY="-3.715766mm" width="0.3430016mm" height="1.7314926mm" radius="0.1715008mm" shape="pill" solderPasteMargin="0mm" solderMaskMargin="0.0508mm" />
+ <smtpad portHints={["pin3"]} pcbX="-3.57505mm" pcbY="-3.715766mm" width="0.3430016mm" height="1.7314926mm" radius="0.1715008mm" shape="pill" solderPasteMargin="0mm" solderMaskMargin="0.0508mm" />
+ <smtpad portHints={["pin4"]} pcbX="-2.925064mm" pcbY="-3.715766mm" width="0.3430016mm" height="1.7314926mm" radius="0.1715008mm" shape="pill" solderPasteMargin="0mm" solderMaskMargin="0.0508mm" />
+ <smtpad portHints={["pin5"]} pcbX="-2.275078mm" pcbY="-3.715766mm" width="0.3430016mm" height="1.7314926mm" radius="0.1715008mm" shape="pill" solderPasteMargin="0mm" solderMaskMargin="0.0508mm" />
+ <smtpad portHints={["pin6"]} pcbX="-1.625092mm" pcbY="-3.715766mm" width="0.3430016mm" height="1.7314926mm" radius="0.1715008mm" shape="pill" solderPasteMargin="0mm" solderMaskMargin="0.0508mm" />
+ <smtpad portHints={["pin7"]} pcbX="-0.975106mm" pcbY="-3.715766mm" width="0.3430016mm" height="1.7314926mm" radius="0.1715008mm" shape="pill" solderPasteMargin="0mm" solderMaskMargin="0.0508mm" />
+ <smtpad portHints={["pin8"]} pcbX="-0.324866mm" pcbY="-3.715766mm" width="0.3430016mm" height="1.7314926mm" radius="0.1715008mm" shape="pill" solderPasteMargin="0mm" solderMaskMargin="0.0508mm" />
+ <smtpad portHints={["pin9"]} pcbX="0.32512mm" pcbY="-3.715766mm" width="0.3430016mm" height="1.7314926mm" radius="0.1715008mm" shape="pill" solderPasteMargin="0mm" solderMaskMargin="0.0508mm" />
+ <smtpad portHints={["pin10"]} pcbX="0.975106mm" pcbY="-3.715766mm" width="0.3430016mm" height="1.7314926mm" radius="0.1715008mm" shape="pill" solderPasteMargin="0mm" solderMaskMargin="0.0508mm" />
+ <smtpad portHints={["pin11"]} pcbX="1.625092mm" pcbY="-3.715766mm" width="0.3430016mm" height="1.7314926mm" radius="0.1715008mm" shape="pill" solderPasteMargin="0mm" solderMaskMargin="0.0508mm" />
+ <smtpad portHints={["pin12"]} pcbX="2.275078mm" pcbY="-3.715766mm" width="0.3430016mm" height="1.7314926mm" radius="0.1715008mm" shape="pill" solderPasteMargin="0mm" solderMaskMargin="0.0508mm" />
+ <smtpad portHints={["pin13"]} pcbX="2.925064mm" pcbY="-3.715766mm" width="0.3430016mm" height="1.7314926mm" radius="0.1715008mm" shape="pill" solderPasteMargin="0mm" solderMaskMargin="0.0508mm" />
+ <smtpad portHints={["pin14"]} pcbX="3.57505mm" pcbY="-3.715766mm" width="0.3430016mm" height="1.7314926mm" radius="0.1715008mm" shape="pill" solderPasteMargin="0mm" solderMaskMargin="0.0508mm" />
+ <smtpad portHints={["pin15"]} pcbX="4.225036mm" pcbY="-3.715766mm" width="0.3430016mm" height="1.7314926mm" radius="0.1715008mm" shape="pill" solderPasteMargin="0mm" solderMaskMargin="0.0508mm" />
+ <smtpad portHints={["pin16"]} pcbX="4.875022mm" pcbY="-3.715766mm" width="0.3430016mm" height="1.7314926mm" radius="0.1715008mm" shape="pill" solderPasteMargin="0mm" solderMaskMargin="0.0508mm" />
+ <smtpad portHints={["pin32"]} pcbX="-4.875022mm" pcbY="3.715766mm" width="0.3430016mm" height="1.7314926mm" radius="0.1715008mm" shape="pill" solderPasteMargin="0mm" solderMaskMargin="0.0508mm" />
+ <smtpad portHints={["pin31"]} pcbX="-4.225036mm" pcbY="3.715766mm" width="0.3430016mm" height="1.7314926mm" radius="0.1715008mm" shape="pill" solderPasteMargin="0mm" solderMaskMargin="0.0508mm" />
+ <smtpad portHints={["pin30"]} pcbX="-3.57505mm" pcbY="3.715766mm" width="0.3430016mm" height="1.7314926mm" radius="0.1715008mm" shape="pill" solderPasteMargin="0mm" solderMaskMargin="0.0508mm" />
+ <smtpad portHints={["pin29"]} pcbX="-2.925064mm" pcbY="3.715766mm" width="0.3430016mm" height="1.7314926mm" radius="0.1715008mm" shape="pill" solderPasteMargin="0mm" solderMaskMargin="0.0508mm" />
+ <smtpad portHints={["pin28"]} pcbX="-2.275078mm" pcbY="3.715766mm" width="0.3430016mm" height="1.7314926mm" radius="0.1715008mm" shape="pill" solderPasteMargin="0mm" solderMaskMargin="0.0508mm" />
+ <smtpad portHints={["pin27"]} pcbX="-1.625092mm" pcbY="3.715766mm" width="0.3430016mm" height="1.7314926mm" radius="0.1715008mm" shape="pill" solderPasteMargin="0mm" solderMaskMargin="0.0508mm" />
+ <smtpad portHints={["pin26"]} pcbX="-0.975106mm" pcbY="3.715766mm" width="0.3430016mm" height="1.7314926mm" radius="0.1715008mm" shape="pill" solderPasteMargin="0mm" solderMaskMargin="0.0508mm" />
+ <smtpad portHints={["pin25"]} pcbX="-0.324866mm" pcbY="3.715766mm" width="0.3430016mm" height="1.7314926mm" radius="0.1715008mm" shape="pill" solderPasteMargin="0mm" solderMaskMargin="0.0508mm" />
+ <smtpad portHints={["pin24"]} pcbX="0.32512mm" pcbY="3.715766mm" width="0.3430016mm" height="1.7314926mm" radius="0.1715008mm" shape="pill" solderPasteMargin="0mm" solderMaskMargin="0.0508mm" />
+ <smtpad portHints={["pin23"]} pcbX="0.975106mm" pcbY="3.715766mm" width="0.3430016mm" height="1.7314926mm" radius="0.1715008mm" shape="pill" solderPasteMargin="0mm" solderMaskMargin="0.0508mm" />
+ <smtpad portHints={["pin22"]} pcbX="1.625092mm" pcbY="3.715766mm" width="0.3430016mm" height="1.7314926mm" radius="0.1715008mm" shape="pill" solderPasteMargin="0mm" solderMaskMargin="0.0508mm" />
+ <smtpad portHints={["pin21"]} pcbX="2.275078mm" pcbY="3.715766mm" width="0.3430016mm" height="1.7314926mm" radius="0.1715008mm" shape="pill" solderPasteMargin="0mm" solderMaskMargin="0.0508mm" />
+ <smtpad portHints={["pin20"]} pcbX="2.925064mm" pcbY="3.715766mm" width="0.3430016mm" height="1.7314926mm" radius="0.1715008mm" shape="pill" solderPasteMargin="0mm" solderMaskMargin="0.0508mm" />
+ <smtpad portHints={["pin19"]} pcbX="3.57505mm" pcbY="3.715766mm" width="0.3430016mm" height="1.7314926mm" radius="0.1715008mm" shape="pill" solderPasteMargin="0mm" solderMaskMargin="0.0508mm" />
+ <smtpad portHints={["pin18"]} pcbX="4.225036mm" pcbY="3.715766mm" width="0.3430016mm" height="1.7314926mm" radius="0.1715008mm" shape="pill" solderPasteMargin="0mm" solderMaskMargin="0.0508mm" />
+ <smtpad portHints={["pin17"]} pcbX="4.875022mm" pcbY="3.715766mm" width="0.3430016mm" height="1.7314926mm" radius="0.1715008mm" shape="pill" solderPasteMargin="0mm" solderMaskMargin="0.0508mm" />
+ <smtpad portHints={["pin33"]} pcbX="0mm" pcbY="0mm" width="3.81mm" height="3.7100002mm" shape="rect" solderPasteMargin="0mm" solderMaskMargin="0.0508mm" />
  <via pcbX="0.999998mm" pcbY="0.999998mm" outerDiameter="0.6096mm" holeDiameter="0.3048mm" layers={["top","bottom"]} />
  <via pcbX="-0.999998mm" pcbY="0.999998mm" outerDiameter="0.6096mm" holeDiameter="0.3048mm" layers={["top","bottom"]} />
  <via pcbX="-0.999998mm" pcbY="-0.999998mm" outerDiameter="0.6096mm" holeDiameter="0.3048mm" layers={["top","bottom"]} />
  <via pcbX="0.999998mm" pcbY="-0.999998mm" outerDiameter="0.6096mm" holeDiameter="0.3048mm" layers={["top","bottom"]} />
  <via pcbX="0.999998mm" pcbY="0mm" outerDiameter="0.6096mm" holeDiameter="0.3048mm" layers={["top","bottom"]} />

- Expected  - 33
+ Received  + 33

      at <anonymous> (/Users/anassarkiz/tsci/tscircuit-store/boards/magnetic-shutter-remote-r5--01a0f81f/evidence/USB4215-import-audit/toolchain/easyeda-converter/tests/convert-to-ts/C46497-to-ts.test.ts:22:18)
(fail) should convert C46497 into typescript file [1714.22ms]

tests/convert-to-ts/C14877-to-ts.test.ts:
17 |   const circuitJson = await runTscircuitCode(
18 |     wrapTsxWithBoardFor3dSnapshot(result),
19 |   )
20 |   await expect(circuitJson).toMatch3dSnapshot(import.meta.path)
21 | 
22 |   expect(result).toMatchInlineSnapshot(`
                      ^
error: expect(received).toMatchInlineSnapshot(expected)

@@ -54,42 +54,42 @@
      "C14877"
    ]
  }}
        manufacturerPartNumber="ATMEGA328P-AU"
        footprint={<footprint>
-         <smtpad portHints={["pin32"]} pcbX="-4.3815mm" pcbY="-2.7999944mm" width="1.6500094mm" height="0.4500118mm" radius="0.2250059mm" shape="pill" />
- <smtpad portHints={["pin31"]} pcbX="-4.3815mm" pcbY="-1.999996mm" width="1.6500094mm" height="0.4500118mm" radius="0.2250059mm" shape="pill" />
- <smtpad portHints={["pin30"]} pcbX="-4.3815mm" pcbY="-1.1999976mm" width="1.6500094mm" height="0.4500118mm" radius="0.2250059mm" shape="pill" />
- <smtpad portHints={["pin29"]} pcbX="-4.3815mm" pcbY="-0.3999992mm" width="1.6500094mm" height="0.4500118mm" radius="0.2250059mm" shape="pill" />
- <smtpad portHints={["pin28"]} pcbX="-4.3815mm" pcbY="0.3999992mm" width="1.6500094mm" height="0.4500118mm" radius="0.2250059mm" shape="pill" />
- <smtpad portHints={["pin27"]} pcbX="-4.3815mm" pcbY="1.1999976mm" width="1.6500094mm" height="0.4500118mm" radius="0.2250059mm" shape="pill" />
- <smtpad portHints={["pin26"]} pcbX="-4.3815mm" pcbY="1.999996mm" width="1.6500094mm" height="0.4500118mm" radius="0.2250059mm" shape="pill" />
- <smtpad portHints={["pin25"]} pcbX="-4.3815mm" pcbY="2.7999944mm" width="1.6500094mm" height="0.4500118mm" radius="0.2250059mm" shape="pill" />
- <smtpad portHints={["pin24"]} pcbX="-2.7999944mm" pcbY="4.3688mm" width="0.4500118mm" height="1.6500094mm" radius="0.2250059mm" shape="pill" />
- <smtpad portHints={["pin23"]} pcbX="-1.999996mm" pcbY="4.3688mm" width="0.4500118mm" height="1.6500094mm" radius="0.2250059mm" shape="pill" />
- <smtpad portHints={["pin22"]} pcbX="-1.1999976mm" pcbY="4.3688mm" width="0.4500118mm" height="1.6500094mm" radius="0.2250059mm" shape="pill" />
- <smtpad portHints={["pin21"]} pcbX="-0.3999992mm" pcbY="4.3688mm" width="0.4500118mm" height="1.6500094mm" radius="0.2250059mm" shape="pill" />
- <smtpad portHints={["pin20"]} pcbX="0.3999992mm" pcbY="4.3688mm" width="0.4500118mm" height="1.6500094mm" radius="0.2250059mm" shape="pill" />
- <smtpad portHints={["pin19"]} pcbX="1.1999976mm" pcbY="4.3688mm" width="0.4500118mm" height="1.6500094mm" radius="0.2250059mm" shape="pill" />
- <smtpad portHints={["pin18"]} pcbX="1.999996mm" pcbY="4.3688mm" width="0.4500118mm" height="1.6500094mm" radius="0.2250059mm" shape="pill" />
- <smtpad portHints={["pin17"]} pcbX="2.7999944mm" pcbY="4.3688mm" width="0.4500118mm" height="1.6500094mm" radius="0.2250059mm" shape="pill" />
- <smtpad portHints={["pin16"]} pcbX="4.3815mm" pcbY="2.7999944mm" width="1.6500094mm" height="0.4500118mm" radius="0.2250059mm" shape="pill" />
- <smtpad portHints={["pin15"]} pcbX="4.3815mm" pcbY="1.999996mm" width="1.6500094mm" height="0.4500118mm" radius="0.2250059mm" shape="pill" />
- <smtpad portHints={["pin14"]} pcbX="4.3815mm" pcbY="1.1999976mm" width="1.6500094mm" height="0.4500118mm" radius="0.2250059mm" shape="pill" />
- <smtpad portHints={["pin13"]} pcbX="4.3815mm" pcbY="0.3999992mm" width="1.6500094mm" height="0.4500118mm" radius="0.2250059mm" shape="pill" />
- <smtpad portHints={["pin12"]} pcbX="4.3815mm" pcbY="-0.3999992mm" width="1.6500094mm" height="0.4500118mm" radius="0.2250059mm" shape="pill" />
- <smtpad portHints={["pin11"]} pcbX="4.3815mm" pcbY="-1.1999976mm" width="1.6500094mm" height="0.4500118mm" radius="0.2250059mm" shape="pill" />
- <smtpad portHints={["pin10"]} pcbX="4.3815mm" pcbY="-1.999996mm" width="1.6500094mm" height="0.4500118mm" radius="0.2250059mm" shape="pill" />
- <smtpad portHints={["pin9"]} pcbX="4.3815mm" pcbY="-2.7999944mm" width="1.6500094mm" height="0.4500118mm" radius="0.2250059mm" shape="pill" />
- <smtpad portHints={["pin8"]} pcbX="2.7999944mm" pcbY="-4.3688mm" width="0.4500118mm" height="1.6500094mm" radius="0.2250059mm" shape="pill" />
- <smtpad portHints={["pin7"]} pcbX="1.999996mm" pcbY="-4.3688mm" width="0.4500118mm" height="1.6500094mm" radius="0.2250059mm" shape="pill" />
- <smtpad portHints={["pin6"]} pcbX="1.1999976mm" pcbY="-4.3688mm" width="0.4500118mm" height="1.6500094mm" radius="0.2250059mm" shape="pill" />
- <smtpad portHints={["pin5"]} pcbX="0.3999992mm" pcbY="-4.3688mm" width="0.4500118mm" height="1.6500094mm" radius="0.2250059mm" shape="pill" />
- <smtpad portHints={["pin4"]} pcbX="-0.3999992mm" pcbY="-4.3688mm" width="0.4500118mm" height="1.6500094mm" radius="0.2250059mm" shape="pill" />
- <smtpad portHints={["pin3"]} pcbX="-1.1999976mm" pcbY="-4.3688mm" width="0.4500118mm" height="1.6500094mm" radius="0.2250059mm" shape="pill" />
- <smtpad portHints={["pin2"]} pcbX="-1.999996mm" pcbY="-4.3688mm" width="0.4500118mm" height="1.6500094mm" radius="0.2250059mm" shape="pill" />
- <smtpad portHints={["pin1"]} pcbX="-2.7999944mm" pcbY="-4.3688mm" width="0.4500118mm" height="1.6500094mm" radius="0.2250059mm" shape="pill" />
+         <smtpad portHints={["pin32"]} pcbX="-4.3815mm" pcbY="-2.7999944mm" width="1.6500094mm" height="0.4500118mm" radius="0.2250059mm" shape="pill" solderPasteMargin="0mm" solderMaskMargin="0.0508mm" />
+ <smtpad portHints={["pin31"]} pcbX="-4.3815mm" pcbY="-1.999996mm" width="1.6500094mm" height="0.4500118mm" radius="0.2250059mm" shape="pill" solderPasteMargin="0mm" solderMaskMargin="0.0508mm" />
+ <smtpad portHints={["pin30"]} pcbX="-4.3815mm" pcbY="-1.1999976mm" width="1.6500094mm" height="0.4500118mm" radius="0.2250059mm" shape="pill" solderPasteMargin="0mm" solderMaskMargin="0.0508mm" />
+ <smtpad portHints={["pin29"]} pcbX="-4.3815mm" pcbY="-0.3999992mm" width="1.6500094mm" height="0.4500118mm" radius="0.2250059mm" shape="pill" solderPasteMargin="0mm" solderMaskMargin="0.0508mm" />
+ <smtpad portHints={["pin28"]} pcbX="-4.3815mm" pcbY="0.3999992mm" width="1.6500094mm" height="0.4500118mm" radius="0.2250059mm" shape="pill" solderPasteMargin="0mm" solderMaskMargin="0.0508mm" />
+ <smtpad portHints={["pin27"]} pcbX="-4.3815mm" pcbY="1.1999976mm" width="1.6500094mm" height="0.4500118mm" radius="0.2250059mm" shape="pill" solderPasteMargin="0mm" solderMaskMargin="0.0508mm" />
+ <smtpad portHints={["pin26"]} pcbX="-4.3815mm" pcbY="1.999996mm" width="1.6500094mm" height="0.4500118mm" radius="0.2250059mm" shape="pill" solderPasteMargin="0mm" solderMaskMargin="0.0508mm" />
+ <smtpad portHints={["pin25"]} pcbX="-4.3815mm" pcbY="2.7999944mm" width="1.6500094mm" height="0.4500118mm" radius="0.2250059mm" shape="pill" solderPasteMargin="0mm" solderMaskMargin="0.0508mm" />
+ <smtpad portHints={["pin24"]} pcbX="-2.7999944mm" pcbY="4.3688mm" width="0.4500118mm" height="1.6500094mm" radius="0.2250059mm" shape="pill" solderPasteMargin="0mm" solderMaskMargin="0.0508mm" />
+ <smtpad portHints={["pin23"]} pcbX="-1.999996mm" pcbY="4.3688mm" width="0.4500118mm" height="1.6500094mm" radius="0.2250059mm" shape="pill" solderPasteMargin="0mm" solderMaskMargin="0.0508mm" />
+ <smtpad portHints={["pin22"]} pcbX="-1.1999976mm" pcbY="4.3688mm" width="0.4500118mm" height="1.6500094mm" radius="0.2250059mm" shape="pill" solderPasteMargin="0mm" solderMaskMargin="0.0508mm" />
+ <smtpad portHints={["pin21"]} pcbX="-0.3999992mm" pcbY="4.3688mm" width="0.4500118mm" height="1.6500094mm" radius="0.2250059mm" shape="pill" solderPasteMargin="0mm" solderMaskMargin="0.0508mm" />
+ <smtpad portHints={["pin20"]} pcbX="0.3999992mm" pcbY="4.3688mm" width="0.4500118mm" height="1.6500094mm" radius="0.2250059mm" shape="pill" solderPasteMargin="0mm" solderMaskMargin="0.0508mm" />
+ <smtpad portHints={["pin19"]} pcbX="1.1999976mm" pcbY="4.3688mm" width="0.4500118mm" height="1.6500094mm" radius="0.2250059mm" shape="pill" solderPasteMargin="0mm" solderMaskMargin="0.0508mm" />
+ <smtpad portHints={["pin18"]} pcbX="1.999996mm" pcbY="4.3688mm" width="0.4500118mm" height="1.6500094mm" radius="0.2250059mm" shape="pill" solderPasteMargin="0mm" solderMaskMargin="0.0508mm" />
+ <smtpad portHints={["pin17"]} pcbX="2.7999944mm" pcbY="4.3688mm" width="0.4500118mm" height="1.6500094mm" radius="0.2250059mm" shape="pill" solderPasteMargin="0mm" solderMaskMargin="0.0508mm" />
+ <smtpad portHints={["pin16"]} pcbX="4.3815mm" pcbY="2.7999944mm" width="1.6500094mm" height="0.4500118mm" radius="0.2250059mm" shape="pill" solderPasteMargin="0mm" solderMaskMargin="0.0508mm" />
+ <smtpad portHints={["pin15"]} pcbX="4.3815mm" pcbY="1.999996mm" width="1.6500094mm" height="0.4500118mm" radius="0.2250059mm" shape="pill" solderPasteMargin="0mm" solderMaskMargin="0.0508mm" />
+ <smtpad portHints={["pin14"]} pcbX="4.3815mm" pcbY="1.1999976mm" width="1.6500094mm" height="0.4500118mm" radius="0.2250059mm" shape="pill" solderPasteMargin="0mm" solderMaskMargin="0.0508mm" />
+ <smtpad portHints={["pin13"]} pcbX="4.3815mm" pcbY="0.3999992mm" width="1.6500094mm" height="0.4500118mm" radius="0.2250059mm" shape="pill" solderPasteMargin="0mm" solderMaskMargin="0.0508mm" />
+ <smtpad portHints={["pin12"]} pcbX="4.3815mm" pcbY="-0.3999992mm" width="1.6500094mm" height="0.4500118mm" radius="0.2250059mm" shape="pill" solderPasteMargin="0mm" solderMaskMargin="0.0508mm" />
+ <smtpad portHints={["pin11"]} pcbX="4.3815mm" pcbY="-1.1999976mm" width="1.6500094mm" height="0.4500118mm" radius="0.2250059mm" shape="pill" solderPasteMargin="0mm" solderMaskMargin="0.0508mm" />
+ <smtpad portHints={["pin10"]} pcbX="4.3815mm" pcbY="-1.999996mm" width="1.6500094mm" height="0.4500118mm" radius="0.2250059mm" shape="pill" solderPasteMargin="0mm" solderMaskMargin="0.0508mm" />
+ <smtpad portHints={["pin9"]} pcbX="4.3815mm" pcbY="-2.7999944mm" width="1.6500094mm" height="0.4500118mm" radius="0.2250059mm" shape="pill" solderPasteMargin="0mm" solderMaskMargin="0.0508mm" />
+ <smtpad portHints={["pin8"]} pcbX="2.7999944mm" pcbY="-4.3688mm" width="0.4500118mm" height="1.6500094mm" radius="0.2250059mm" shape="pill" solderPasteMargin="0mm" solderMaskMargin="0.0508mm" />
+ <smtpad portHints={["pin7"]} pcbX="1.999996mm" pcbY="-4.3688mm" width="0.4500118mm" height="1.6500094mm" radius="0.2250059mm" shape="pill" solderPasteMargin="0mm" solderMaskMargin="0.0508mm" />
+ <smtpad portHints={["pin6"]} pcbX="1.1999976mm" pcbY="-4.3688mm" width="0.4500118mm" height="1.6500094mm" radius="0.2250059mm" shape="pill" solderPasteMargin="0mm" solderMaskMargin="0.0508mm" />
+ <smtpad portHints={["pin5"]} pcbX="0.3999992mm" pcbY="-4.3688mm" width="0.4500118mm" height="1.6500094mm" radius="0.2250059mm" shape="pill" solderPasteMargin="0mm" solderMaskMargin="0.0508mm" />
+ <smtpad portHints={["pin4"]} pcbX="-0.3999992mm" pcbY="-4.3688mm" width="0.4500118mm" height="1.6500094mm" radius="0.2250059mm" shape="pill" solderPasteMargin="0mm" solderMaskMargin="0.0508mm" />
+ <smtpad portHints={["pin3"]} pcbX="-1.1999976mm" pcbY="-4.3688mm" width="0.4500118mm" height="1.6500094mm" radius="0.2250059mm" shape="pill" solderPasteMargin="0mm" solderMaskMargin="0.0508mm" />
+ <smtpad portHints={["pin2"]} pcbX="-1.999996mm" pcbY="-4.3688mm" width="0.4500118mm" height="1.6500094mm" radius="0.2250059mm" shape="pill" solderPasteMargin="0mm" solderMaskMargin="0.0508mm" />
+ <smtpad portHints={["pin1"]} pcbX="-2.7999944mm" pcbY="-4.3688mm" width="0.4500118mm" height="1.6500094mm" radius="0.2250059mm" shape="pill" solderPasteMargin="0mm" solderMaskMargin="0.0508mm" />
  <silkscreenpath route={[{"x":-2.967482000000004,"y":-4.825999999999993},{"x":-2.819400000000016,"y":-4.677917989294684},{"x":-2.6713180000000136,"y":-4.825999999999993}]} />
  <silkscreenpath route={[{"x":-2.6713180000000136,"y":-4.825999999999993},{"x":-2.819400000000016,"y":-4.9740820107053025},{"x":-2.967482000000004,"y":-4.825999999999993}]} />
  <silkscreenpath route={[{"x":-2.9626559999999813,"y":2.9499560000000145},{"x":-2.9626559999999813,"y":-2.949955999999986},{"x":2.937256000000019,"y":-2.949955999999986},{"x":2.937256000000019,"y":2.9499560000000145},{"x":-2.9626559999999813,"y":2.9499560000000145}]} />
  <silkscreenpath route={[{"x":-3.7591999999999928,"y":-4.063999999999993},{"x":-3.907941055997668,"y":-4.214642029703938},{"x":-3.7579300000000018,"y":-4.364019424014728},{"x":-3.6079189440023356,"y":-4.214642029703938},{"x":-3.7566599999999966,"y":-4.063999999999993}]} />
  <silkscreenpath route={[{"x":-2.2123399999999975,"y":-1.998980000000003},{"x":-2.4015150142161303,"y":-2.137897449194128},{"x":-2.3284212288967012,"y":-2.3609278108984313},{"x":-2.0937187711032834,"y":-2.3609278108984313},{"x":-2.0206249857838543,"y":-2.137897449194128},{"x":-2.209799999999987,"y":-1.998980000000003}]} />

- Expected  - 32
+ Received  + 32

      at <anonymous> (/Users/anassarkiz/tsci/tscircuit-store/boards/magnetic-shutter-remote-r5--01a0f81f/evidence/USB4215-import-audit/toolchain/easyeda-converter/tests/convert-to-ts/C14877-to-ts.test.ts:22:18)
(fail) should convert C14877 into typescript file [1863.26ms]

tests/convert-to-ts/C20526-to-ts.test.ts:
(pass) repro: converts C20526 with a schematic snapshot [1196.33ms]

tests/convert-to-ts/C113367-overlapping-pin-labels.test.ts:
(pass) reproduces overlapping pin labels in the C113367 custom symbol [1070.61ms]

tests/convert-to-ts/C160354-to-ts.test.ts:
17 |   const circuitJson = await runTscircuitCode(
18 |     wrapTsxWithBoardFor3dSnapshot(result),
19 |   )
20 |   await expect(circuitJson).toMatch3dSnapshot(import.meta.path)
21 | 
22 |   expect(result).toMatchInlineSnapshot(`
                      ^
error: expect(received).toMatchInlineSnapshot(expected)

@@ -19,16 +19,16 @@
      "C160354"
    ]
  }}
        manufacturerPartNumber="B4B-PH-SM4-TB(LF)(SN)"
        footprint={<footprint>
-         <smtpad portHints={["pin1"]} pcbX="2.996946mm" pcbY="0.5079873mm" width="0.999998mm" height="5.999988mm" shape="rect" />
- <smtpad portHints={["pin2"]} pcbX="0.99695mm" pcbY="0.5079873mm" width="0.999998mm" height="5.999988mm" shape="rect" />
- <smtpad portHints={["pin3"]} pcbX="-1.003046mm" pcbY="0.5079873mm" width="0.999998mm" height="5.999988mm" shape="rect" />
- <smtpad portHints={["pin5"]} pcbX="-5.348986mm" pcbY="-1.8079847mm" width="1.7999964mm" height="3.3999932mm" shape="rect" />
- <smtpad portHints={["pin6"]} pcbX="5.348986mm" pcbY="-1.8079847mm" width="1.7999964mm" height="3.3999932mm" shape="rect" />
- <smtpad portHints={["pin4"]} pcbX="-3.000502mm" pcbY="0.5079873mm" width="0.999998mm" height="5.999988mm" shape="rect" />
+         <smtpad portHints={["pin1"]} pcbX="2.996946mm" pcbY="0.5079873mm" width="0.999998mm" height="5.999988mm" shape="rect" solderPasteMargin="0mm" solderMaskMargin="0.0508mm" />
+ <smtpad portHints={["pin2"]} pcbX="0.99695mm" pcbY="0.5079873mm" width="0.999998mm" height="5.999988mm" shape="rect" solderPasteMargin="0mm" solderMaskMargin="0.0508mm" />
+ <smtpad portHints={["pin3"]} pcbX="-1.003046mm" pcbY="0.5079873mm" width="0.999998mm" height="5.999988mm" shape="rect" solderPasteMargin="0mm" solderMaskMargin="0.0508mm" />
+ <smtpad portHints={["pin5"]} pcbX="-5.348986mm" pcbY="-1.8079847mm" width="1.7999964mm" height="3.3999932mm" shape="rect" solderPasteMargin="0mm" solderMaskMargin="0.0508mm" />
+ <smtpad portHints={["pin6"]} pcbX="5.348986mm" pcbY="-1.8079847mm" width="1.7999964mm" height="3.3999932mm" shape="rect" solderPasteMargin="0mm" solderMaskMargin="0.0508mm" />
+ <smtpad portHints={["pin4"]} pcbX="-3.000502mm" pcbY="0.5079873mm" width="0.999998mm" height="5.999988mm" shape="rect" solderPasteMargin="0mm" solderMaskMargin="0.0508mm" />
  <silkscreenpath route={[{"x":5.998971999999753,"y":-4.317834900000207},{"x":-6.001029400000334,"y":-4.317834900000207}]} />
  <silkscreenpath route={[{"x":3.999483999999825,"y":0.6820026999998845},{"x":6.000470599999744,"y":0.6819772999999714}]} />
  <silkscreenpath route={[{"x":-6.001029400000334,"y":0.6820026999998845},{"x":-3.9999920000002476,"y":0.6820026999998845}]} />
  <silkscreenpath route={[{"x":-6.001029400000334,"y":0.6820026999998845},{"x":-6.001029400000334,"y":0.12312649999978476}]} />
  <silkscreenpath route={[{"x":-6.001029400000334,"y":-4.317834900000207},{"x":-6.001029400000334,"y":-3.7391467000001057}]} />

- Expected  - 6
+ Received  + 6

      at <anonymous> (/Users/anassarkiz/tsci/tscircuit-store/boards/magnetic-shutter-remote-r5--01a0f81f/evidence/USB4215-import-audit/toolchain/easyeda-converter/tests/convert-to-ts/C160354-to-ts.test.ts:22:18)
(fail) should convert C160354 into typescript file [1670.07ms]

tests/convert-to-ts/C6186-to-ts.test.ts:
17 |   const circuitJson = await runTscircuitCode(
18 |     wrapTsxWithBoardFor3dSnapshot(result),
19 |   )
20 |   await expect(circuitJson).toMatch3dSnapshot(import.meta.path)
21 | 
22 |   expect(result).toMatchInlineSnapshot(`
                      ^
error: expect(received).toMatchInlineSnapshot(expected)

@@ -23,14 +23,14 @@
      "C6186"
    ]
  }}
        manufacturerPartNumber="AMS1117-3.3"
        footprint={<footprint>
-         <smtpad portHints={["pin1"]} pcbX="2.92995985mm" pcbY="-2.29997mm" width="2.499995mm" height="1.0999978mm" shape="rect" />
- <smtpad portHints={["pin2"]} pcbX="2.92995985mm" pcbY="0mm" width="2.499995mm" height="1.0999978mm" shape="rect" />
- <smtpad portHints={["pin3"]} pcbX="2.92995985mm" pcbY="2.29997mm" width="2.499995mm" height="1.0999978mm" shape="rect" />
- <smtpad portHints={["pin4"]} pcbX="-3.00995715mm" pcbY="0mm" width="2.3400004mm" height="3.5999928mm" shape="rect" />
+         <smtpad portHints={["pin1"]} pcbX="2.92995985mm" pcbY="-2.29997mm" width="2.499995mm" height="1.0999978mm" shape="rect" solderPasteMargin="0mm" solderMaskMargin="0.0508mm" />
+ <smtpad portHints={["pin2"]} pcbX="2.92995985mm" pcbY="0mm" width="2.499995mm" height="1.0999978mm" shape="rect" solderPasteMargin="0mm" solderMaskMargin="0.0508mm" />
+ <smtpad portHints={["pin3"]} pcbX="2.92995985mm" pcbY="2.29997mm" width="2.499995mm" height="1.0999978mm" shape="rect" solderPasteMargin="0mm" solderMaskMargin="0.0508mm" />
+ <smtpad portHints={["pin4"]} pcbX="-3.00995715mm" pcbY="0mm" width="2.3400004mm" height="3.5999928mm" shape="rect" solderPasteMargin="0mm" solderMaskMargin="0.0508mm" />
  <silkscreenpath route={[{"x":-1.6114077499998984,"y":-3.3262061999998878},{"x":-1.6114077499998984,"y":3.3262062000000014},{"x":1.3313854499999707,"y":3.3262062000000014},{"x":1.3313854499999707,"y":-3.3262061999998878},{"x":-1.6114077499998984,"y":-3.3262061999998878}]} />
  <silkscreentext text="{NAME}" pcbX="0.29178885mm" pcbY="4.3274mm" anchorAlignment="center" fontSize="1mm" />
  <courtyardoutline outline={[{"x":-4.429957349999995,"y":3.499980800000003},{"x":4.4299573499998814,"y":3.499980800000003},{"x":4.4299573499998814,"y":-3.50000620000003},{"x":-4.429957349999995,"y":-3.50000620000003},{"x":-4.429957349999995,"y":3.499980800000003}]} />
        </footprint>}
        cadModel={{

- Expected  - 4
+ Received  + 4

      at <anonymous> (/Users/anassarkiz/tsci/tscircuit-store/boards/magnetic-shutter-remote-r5--01a0f81f/evidence/USB4215-import-audit/toolchain/easyeda-converter/tests/convert-to-ts/C6186-to-ts.test.ts:22:18)
(fail) should convert C6186 into typescript file [1706.94ms]

tests/convert-to-ts/C5378731-to-ts.test.ts:
35 |   const circuitJson = await runTscircuitCode(
36 |     wrapTsxWithBoardFor3dSnapshot(result),
37 |   )
38 |   expect(
39 |     convertCircuitJsonToPcbSvg(circuitJson, { showCourtyards: true }),
40 |   ).toMatchSvgSnapshot(import.meta.path)
         ^
error: 

Snapshot does not match. Diff saved at /Users/anassarkiz/tsci/tscircuit-store/boards/magnetic-shutter-remote-r5--01a0f81f/evidence/USB4215-import-audit/toolchain/easyeda-converter/tests/convert-to-ts/__snapshots__/C5378731-to-ts.diff.png
      at <anonymous> (/Users/anassarkiz/tsci/tscircuit-store/boards/magnetic-shutter-remote-r5--01a0f81f/evidence/USB4215-import-audit/toolchain/easyeda-converter/tests/convert-to-ts/C5378731-to-ts.test.ts:40:5)
(fail) imports C5378731 supplier fabrication notes into its footprint string [1229.96ms]

tests/convert-to-ts/C165948-to-ts.test.ts:
17 |   const circuitJson = await runTscircuitCode(
18 |     wrapTsxWithBoardFor3dSnapshot(result),
19 |   )
20 |   await expect(circuitJson).toMatch3dSnapshot(import.meta.path)
21 | 
22 |   expect(result).toMatchInlineSnapshot(`
                      ^
error: expect(received).toMatchInlineSnapshot(expected)

@@ -31,26 +31,42 @@
  }}
        manufacturerPartNumber="TYPE-C-31-M-12"
        footprint={<footprint>
          <hole pcbX="-2.899918mm" pcbY="0.9055672mm" diameter="0.7500112mm" />
  <hole pcbX="2.899918mm" pcbY="0.9055672mm" diameter="0.7500112mm" />
- <platedhole  portHints={["pin2"]} pcbX="4.325112mm" pcbY="-2.7741308mm" holeWidth="0.7999984mm" holeHeight="1.3999972mm" outerWidth="1.1999976mm" outerHeight="1.7999964mm" shape="pill" />
- <platedhole  portHints={["pin1"]} pcbX="4.325112mm" pcbY="1.4056932mm" holeWidth="0.7999984mm" holeHeight="1.5999714mm" outerWidth="1.1999976mm" outerHeight="1.999996mm" shape="pill" />
- <platedhole  portHints={["pin4"]} pcbX="-4.325112mm" pcbY="1.4056932mm" holeWidth="0.7999984mm" holeHeight="1.6000222mm" outerWidth="1.1999976mm" outerHeight="1.999996mm" shape="pill" />
- <platedhole  portHints={["pin3"]} pcbX="-4.325112mm" pcbY="-2.7741308mm" holeWidth="0.7999984mm" holeHeight="1.3999972mm" outerWidth="1.1999976mm" outerHeight="1.7999964mm" shape="pill" />
- <smtpad portHints={["pin5"]} pcbX="-1.75006mm" pcbY="2.1740432mm" width="0.2999994mm" height="1.2999974mm" shape="rect" />
- <smtpad portHints={["pin6"]} pcbX="-1.249934mm" pcbY="2.1740432mm" width="0.2999994mm" height="1.2999974mm" shape="rect" />
- <smtpad portHints={["pin7"]} pcbX="-0.750062mm" pcbY="2.1740432mm" width="0.2999994mm" height="1.2999974mm" shape="rect" />
- <smtpad portHints={["pin8"]} pcbX="-0.249936mm" pcbY="2.1740432mm" width="0.2999994mm" height="1.2999974mm" shape="rect" />
- <smtpad portHints={["pin9"]} pcbX="0.249936mm" pcbY="2.1740432mm" width="0.2999994mm" height="1.2999974mm" shape="rect" />
- <smtpad portHints={["pin10"]} pcbX="0.750062mm" pcbY="2.1740432mm" width="0.2999994mm" height="1.2999974mm" shape="rect" />
- <smtpad portHints={["pin11"]} pcbX="1.24968mm" pcbY="2.1740432mm" width="0.2999994mm" height="1.2999974mm" shape="rect" />
- <smtpad portHints={["pin12"]} pcbX="1.75006mm" pcbY="2.1740432mm" width="0.2999994mm" height="1.2999974mm" shape="rect" />
- <smtpad portHints={["pin13"]} points={[{x: "-2.8999688mm", y: "1.524108mm"}, {x: "-2.8999688mm", y: "2.8241308mm"}, {x: "-2.8999688mm", y: "2.8241308mm"}, {x: "-3.1999682mm", y: "2.8241308mm"}, {x: "-3.1999682mm", y: "2.8241308mm"}, {x: "-3.1999682mm", y: "2.8239784mm"}, {x: "-3.1999682mm", y: "2.8239784mm"}, {x: "-3.4999422mm", y: "2.8239784mm"}, {x: "-3.4999422mm", y: "2.8239784mm"}, {x: "-3.4999422mm", y: "1.5239556mm"}, {x: "-3.4999422mm", y: "1.5239556mm"}, {x: "-3.1999428mm", y: "1.5239556mm"}, {x: "-3.1999428mm", y: "1.5239556mm"}, {x: "-3.1999428mm", y: "1.524108mm"}, {x: "-3.1999428mm", y: "1.524108mm"}, {x: "-2.8999688mm", y: "1.524108mm"}]} shape="polygon" />
- <smtpad portHints={["pin14"]} points={[{x: "2.8999942mm", y: "2.8241308mm"}, {x: "2.8999942mm", y: "1.5241588mm"}, {x: "2.8999942mm", y: "1.5241588mm"}, {x: "3.1999936mm", y: "1.5241588mm"}, {x: "3.1999936mm", y: "1.5241588mm"}, {x: "3.200019mm", y: "1.5241588mm"}, {x: "3.200019mm", y: "1.5241588mm"}, {x: "3.5000184mm", y: "1.5241588mm"}, {x: "3.5000184mm", y: "1.5241588mm"}, {x: "3.5000184mm", y: "2.8241308mm"}, {x: "3.5000184mm", y: "2.8241308mm"}, {x: "3.200019mm", y: "2.8241308mm"}, {x: "3.200019mm", y: "2.8241308mm"}, {x: "3.1999936mm", y: "2.8241308mm"}, {x: "3.1999936mm", y: "2.8241308mm"}, {x: "2.8999942mm", y: "2.8241308mm"}]} shape="polygon" />
- <smtpad portHints={["pin15"]} points={[{x: "2.7001724mm", y: "1.5241588mm"}, {x: "2.7001724mm", y: "2.8241308mm"}, {x: "2.7001724mm", y: "2.8241308mm"}, {x: "2.400173mm", y: "2.8241308mm"}, {x: "2.400173mm", y: "2.8241308mm"}, {x: "2.4001476mm", y: "2.8241308mm"}, {x: "2.4001476mm", y: "2.8241308mm"}, {x: "2.1001482mm", y: "2.8241308mm"}, {x: "2.1001482mm", y: "2.8241308mm"}, {x: "2.1001482mm", y: "1.5241588mm"}, {x: "2.1001482mm", y: "1.5241588mm"}, {x: "2.4001476mm", y: "1.5241588mm"}, {x: "2.4001476mm", y: "1.5241588mm"}, {x: "2.400173mm", y: "1.5241588mm"}, {x: "2.400173mm", y: "1.5241588mm"}, {x: "2.7001724mm", y: "1.5241588mm"}]} shape="polygon" />
- <smtpad portHints={["pin16"]} points={[{x: "-2.0999704mm", y: "1.5240064mm"}, {x: "-2.0999704mm", y: "2.8239784mm"}, {x: "-2.0999704mm", y: "2.8239784mm"}, {x: "-2.3999952mm", y: "2.8239784mm"}, {x: "-2.3999952mm", y: "2.8239784mm"}, {x: "-2.3999952mm", y: "2.823953mm"}, {x: "-2.3999952mm", y: "2.823953mm"}, {x: "-2.6999438mm", y: "2.823953mm"}, {x: "-2.6999438mm", y: "2.823953mm"}, {x: "-2.6999438mm", y: "1.523981mm"}, {x: "-2.6999438mm", y: "1.523981mm"}, {x: "-2.399919mm", y: "1.523981mm"}, {x: "-2.399919mm", y: "1.523981mm"}, {x: "-2.399919mm", y: "1.5240064mm"}, {x: "-2.399919mm", y: "1.5240064mm"}, {x: "-2.0999704mm", y: "1.5240064mm"}]} shape="polygon" />
+ <platedhole solderMaskMargin="0.0508mm"  portHints={["pin2"]} pcbX="4.325112mm" pcbY="-2.7741308mm" holeWidth="0.7999984mm" holeHeight="1.3999972mm" outerWidth="1.1999976mm" outerHeight="1.7999964mm" shape="pill" />
+ <platedhole solderMaskMargin="0.0508mm"  portHints={["pin1"]} pcbX="4.325112mm" pcbY="1.4056932mm" holeWidth="0.7999984mm" holeHeight="1.5999714mm" outerWidth="1.1999976mm" outerHeight="1.999996mm" shape="pill" />
+ <platedhole solderMaskMargin="0.0508mm"  portHints={["pin4"]} pcbX="-4.325112mm" pcbY="1.4056932mm" holeWidth="0.7999984mm" holeHeight="1.6000222mm" outerWidth="1.1999976mm" outerHeight="1.999996mm" shape="pill" />
+ <platedhole solderMaskMargin="0.0508mm"  portHints={["pin3"]} pcbX="-4.325112mm" pcbY="-2.7741308mm" holeWidth="0.7999984mm" holeHeight="1.3999972mm" outerWidth="1.1999976mm" outerHeight="1.7999964mm" shape="pill" />
+ <smtpad portHints={["pin5"]} pcbX="-1.75006mm" pcbY="2.1740432mm" width="0.2999994mm" height="1.2999974mm" shape="rect" solderPasteMargin="-100.0000032mm" solderMaskMargin="0.0508mm" />
+ <smtpad portHints={["pin6"]} pcbX="-1.249934mm" pcbY="2.1740432mm" width="0.2999994mm" height="1.2999974mm" shape="rect" solderPasteMargin="-100.0000032mm" solderMaskMargin="0.0508mm" />
+ <smtpad portHints={["pin7"]} pcbX="-0.750062mm" pcbY="2.1740432mm" width="0.2999994mm" height="1.2999974mm" shape="rect" solderPasteMargin="-100.0000032mm" solderMaskMargin="0.0508mm" />
+ <smtpad portHints={["pin8"]} pcbX="-0.249936mm" pcbY="2.1740432mm" width="0.2999994mm" height="1.2999974mm" shape="rect" solderPasteMargin="-100.0000032mm" solderMaskMargin="0.0508mm" />
+ <smtpad portHints={["pin9"]} pcbX="0.249936mm" pcbY="2.1740432mm" width="0.2999994mm" height="1.2999974mm" shape="rect" solderPasteMargin="-100.0000032mm" solderMaskMargin="0.0508mm" />
+ <smtpad portHints={["pin10"]} pcbX="0.750062mm" pcbY="2.1740432mm" width="0.2999994mm" height="1.2999974mm" shape="rect" solderPasteMargin="-100.0000032mm" solderMaskMargin="0.0508mm" />
+ <smtpad portHints={["pin11"]} pcbX="1.24968mm" pcbY="2.1740432mm" width="0.2999994mm" height="1.2999974mm" shape="rect" solderPasteMargin="-100.0000032mm" solderMaskMargin="0.0508mm" />
+ <smtpad portHints={["pin12"]} pcbX="1.75006mm" pcbY="2.1740432mm" width="0.2999994mm" height="1.2999974mm" shape="rect" solderPasteMargin="-100.0000032mm" solderMaskMargin="0.0508mm" />
+ <smtpad portHints={["pin13"]} points={[{x: "-2.8999688mm", y: "1.524108mm"}, {x: "-2.8999688mm", y: "2.8241308mm"}, {x: "-2.8999688mm", y: "2.8241308mm"}, {x: "-3.1999682mm", y: "2.8241308mm"}, {x: "-3.1999682mm", y: "2.8241308mm"}, {x: "-3.1999682mm", y: "2.8239784mm"}, {x: "-3.1999682mm", y: "2.8239784mm"}, {x: "-3.4999422mm", y: "2.8239784mm"}, {x: "-3.4999422mm", y: "2.8239784mm"}, {x: "-3.4999422mm", y: "1.5239556mm"}, {x: "-3.4999422mm", y: "1.5239556mm"}, {x: "-3.1999428mm", y: "1.5239556mm"}, {x: "-3.1999428mm", y: "1.5239556mm"}, {x: "-3.1999428mm", y: "1.524108mm"}, {x: "-3.1999428mm", y: "1.524108mm"}, {x: "-2.8999688mm", y: "1.524108mm"}]} shape="polygon" solderPasteMargin="-99.9998mm" solderMaskMargin="0.0510032mm" />
+ <smtpad portHints={["pin14"]} points={[{x: "2.8999942mm", y: "2.8241308mm"}, {x: "2.8999942mm", y: "1.5241588mm"}, {x: "2.8999942mm", y: "1.5241588mm"}, {x: "3.1999936mm", y: "1.5241588mm"}, {x: "3.1999936mm", y: "1.5241588mm"}, {x: "3.200019mm", y: "1.5241588mm"}, {x: "3.200019mm", y: "1.5241588mm"}, {x: "3.5000184mm", y: "1.5241588mm"}, {x: "3.5000184mm", y: "1.5241588mm"}, {x: "3.5000184mm", y: "2.8241308mm"}, {x: "3.5000184mm", y: "2.8241308mm"}, {x: "3.200019mm", y: "2.8241308mm"}, {x: "3.200019mm", y: "2.8241308mm"}, {x: "3.1999936mm", y: "2.8241308mm"}, {x: "3.1999936mm", y: "2.8241308mm"}, {x: "2.8999942mm", y: "2.8241308mm"}]} shape="polygon" solderPasteMargin="-99.9998mm" solderMaskMargin="0.0510032mm" />
+ <smtpad portHints={["pin15"]} points={[{x: "2.7001724mm", y: "1.5241588mm"}, {x: "2.7001724mm", y: "2.8241308mm"}, {x: "2.7001724mm", y: "2.8241308mm"}, {x: "2.400173mm", y: "2.8241308mm"}, {x: "2.400173mm", y: "2.8241308mm"}, {x: "2.4001476mm", y: "2.8241308mm"}, {x: "2.4001476mm", y: "2.8241308mm"}, {x: "2.1001482mm", y: "2.8241308mm"}, {x: "2.1001482mm", y: "2.8241308mm"}, {x: "2.1001482mm", y: "1.5241588mm"}, {x: "2.1001482mm", y: "1.5241588mm"}, {x: "2.4001476mm", y: "1.5241588mm"}, {x: "2.4001476mm", y: "1.5241588mm"}, {x: "2.400173mm", y: "1.5241588mm"}, {x: "2.400173mm", y: "1.5241588mm"}, {x: "2.7001724mm", y: "1.5241588mm"}]} shape="polygon" solderPasteMargin="-99.9998mm" solderMaskMargin="0.0510032mm" />
+ <smtpad portHints={["pin16"]} points={[{x: "-2.0999704mm", y: "1.5240064mm"}, {x: "-2.0999704mm", y: "2.8239784mm"}, {x: "-2.0999704mm", y: "2.8239784mm"}, {x: "-2.3999952mm", y: "2.8239784mm"}, {x: "-2.3999952mm", y: "2.8239784mm"}, {x: "-2.3999952mm", y: "2.823953mm"}, {x: "-2.3999952mm", y: "2.823953mm"}, {x: "-2.6999438mm", y: "2.823953mm"}, {x: "-2.6999438mm", y: "2.823953mm"}, {x: "-2.6999438mm", y: "1.523981mm"}, {x: "-2.6999438mm", y: "1.523981mm"}, {x: "-2.399919mm", y: "1.523981mm"}, {x: "-2.399919mm", y: "1.523981mm"}, {x: "-2.399919mm", y: "1.5240064mm"}, {x: "-2.399919mm", y: "1.5240064mm"}, {x: "-2.0999704mm", y: "1.5240064mm"}]} shape="polygon" solderPasteMargin="-99.9998mm" solderMaskMargin="0.0510032mm" />
+ <solderpaste shape="polygon" points={[{"x":3.5000184000000445,"y":1.523955600000022},{"x":3.5000184000000445,"y":2.8239276000000473},{"x":3.2000189999999975,"y":2.8239276000000473},{"x":3.1999935999999707,"y":2.8239276000000473},{"x":2.8999942000000374,"y":2.8239276000000473},{"x":2.8999942000000374,"y":1.523955600000022},{"x":3.1999935999999707,"y":1.523955600000022},{"x":3.2000189999999975,"y":1.523955600000022}]} />
+ <solderpaste shape="polygon" points={[{"x":-0.6000495999999202,"y":1.5241079999999556},{"x":-0.6000495999999202,"y":2.824130799999921},{"x":-0.9000489999998535,"y":2.824130799999921},{"x":-0.9000489999998535,"y":1.5241079999999556}]} />
+ <solderpaste shape="polygon" points={[{"x":-2.8999688000000106,"y":1.5241079999999556},{"x":-2.8999688000000106,"y":2.824130799999921},{"x":-3.199968199999944,"y":2.824130799999921},{"x":-3.199968199999944,"y":2.8239783999999872},{"x":-3.499942199999964,"y":2.8239783999999872},{"x":-3.499942199999964,"y":1.523955600000022},{"x":-3.199942799999917,"y":1.523955600000022},{"x":-3.199942799999917,"y":1.5241079999999556}]} />
+ <solderpaste shape="polygon" points={[{"x":0.3999484000000848,"y":1.5241079999999556},{"x":0.3999484000000848,"y":2.824130799999921},{"x":0.09994900000003781,"y":2.824130799999921},{"x":0.09994900000003781,"y":1.5241079999999556}]} />
+ <solderpaste shape="polygon" points={[{"x":1.900072399999999,"y":1.524082599999815},{"x":1.900072399999999,"y":2.8241054000000076},{"x":1.6000729999999521,"y":2.8241054000000076},{"x":1.6000729999999521,"y":1.524082599999815}]} />
+ <solderpaste shape="polygon" points={[{"x":-1.399921000000063,"y":2.8241054000000076},{"x":-1.399921000000063,"y":1.524082599999815},{"x":-1.099921600000016,"y":1.524082599999815},{"x":-1.099921600000016,"y":2.8241054000000076}]} />
+ <solderpaste shape="polygon" points={[{"x":1.399692400000049,"y":1.524082599999815},{"x":1.399692400000049,"y":2.8241054000000076},{"x":1.0996930000001157,"y":2.8241054000000076},{"x":1.0996930000001157,"y":1.524082599999815}]} />
+ <solderpaste shape="polygon" points={[{"x":0.9000743999999941,"y":1.524082599999815},{"x":0.9000743999999941,"y":2.8241054000000076},{"x":0.6000750000000608,"y":2.8241054000000076},{"x":0.6000750000000608,"y":1.524082599999815}]} />
+ <solderpaste shape="polygon" points={[{"x":-1.600047600000039,"y":1.524082599999815},{"x":-1.600047600000039,"y":2.8241054000000076},{"x":-1.9000469999999723,"y":2.8241054000000076},{"x":-1.9000469999999723,"y":1.524082599999815}]} />
+ <solderpaste shape="polygon" points={[{"x":-0.09992360000001099,"y":1.524082599999815},{"x":-0.09992360000001099,"y":2.8241054000000076},{"x":-0.3999229999999443,"y":2.8241054000000076},{"x":-0.3999229999999443,"y":1.524082599999815}]} />
+ <solderpaste shape="polygon" points={[{"x":-2.099970399999961,"y":1.524006399999962},{"x":-2.099970399999961,"y":2.8239783999999872},{"x":-2.399995199999921,"y":2.8239783999999872},{"x":-2.399995199999921,"y":2.8239529999998467},{"x":-2.6999437999999145,"y":2.8239529999998467},{"x":-2.6999437999999145,"y":1.5239809999999352},{"x":-2.3999189999999544,"y":1.5239809999999352},{"x":-2.3999189999999544,"y":1.524006399999962}]} />
+ <solderpaste shape="polygon" points={[{"x":-4.280281000000059,"y":2.404014800000027},{"x":-4.3101513... (5980 bytes truncated) ..."x":-4.220921200000021,"y":2.3965725999998995},{"x":-4.2505122000001165,"y":2.4010429999999587}]} />
+ <solderpaste shape="polygon" points={[{"x":4.369943000000035,"y":2.404014800000027},{"x":4.340072600... (5870 bytes truncated) ...},{"x":4.429302800000073,"y":2.3965725999998995},{"x":4.399711799999977,"y":2.4010429999999587}]} />
+ <solderpaste shape="polygon" points={[{"x":-4.340072599999985,"y":-1.8743865999999798},{"x":-4.36994... (6092 bytes truncated) ...x":-4.280281000000059,"y":-1.8758852000000843},{"x":-4.310151399999995,"y":-1.8743865999999798}]} />
+ <solderpaste shape="polygon" points={[{"x":4.369943000000035,"y":-1.8758852000000843},{"x":4.3400726... (5982 bytes truncated) ...{"x":4.429302800000073,"y":-1.8833274000000984},{"x":4.399711799999977,"y":-1.8788569999999254}]} />
+ <solderpaste shape="polygon" points={[{"x":2.7001723999999285,"y":1.5241587999998956},{"x":2.7001723999999285,"y":2.824130799999921},{"x":2.4001729999999952,"y":2.824130799999921},{"x":2.4001475999999684,"y":2.824130799999921},{"x":2.100148200000035,"y":2.824130799999921},{"x":2.100148200000035,"y":1.5241587999998956},{"x":2.4001475999999684,"y":1.5241587999998956},{"x":2.4001729999999952,"y":1.5241587999998956}]} />
  <silkscreenpath route={[{"x":-4.4689776000000165,"y":-1.6757585999999947},{"x":-4.4689776000000165,"y":0.18715359999987413}]} />
  <silkscreenpath route={[{"x":4.471009600000116,"y":-5.394140800000059},{"x":-4.4689776000000165,"y":-5.394140800000059},{"x":-4.4689776000000165,"y":-3.91283820000001}]} />
  <silkscreenpath route={[{"x":4.471009600000116,"y":-1.676114200000029},{"x":4.471009600000116,"y":0.18750920000002225}]} />
  <silkscreenpath route={[{"x":4.471009600000116,"y":-5.394140800000059},{"x":4.471009600000116,"y":-3.912482600000203}]} />
  <silkscreentext text="{NAME}" pcbX="0.002794mm" pcbY="3.8286012mm" anchorAlignment="center" fontSize="1mm" />

- Expected  - 16
+ Received  + 32

      at <anonymous> (/Users/anassarkiz/tsci/tscircuit-store/boards/magnetic-shutter-remote-r5--01a0f81f/evidence/USB4215-import-audit/toolchain/easyeda-converter/tests/convert-to-ts/C165948-to-ts.test.ts:22:18)
(fail) should convert C165948 into typescript file [1935.45ms]

tests/convert-to-ts/C19795120-to-ts.test.ts:
19 |   )
20 |   await expect(circuitJson).toMatch3dSnapshot(import.meta.path, {
21 |     camPos: [10, 10, 40],
22 |   })
23 | 
24 |   expect(result).toMatchInlineSnapshot(`
                      ^
error: expect(received).toMatchInlineSnapshot(expected)

@@ -18,14 +18,14 @@
    ]
  }}
        manufacturerPartNumber="470533000"
        footprint={<footprint>
          <hole pcbX="-1.27mm" pcbY="-1.1975084mm" diameter="1.2499848mm" />
- <platedhole  portHints={["pin1"]} pcbX="3.81mm" pcbY="0.9625076mm" outerDiameter="1.7199864mm" holeDiameter="1.0200132mm" shape="circle" />
- <platedhole  portHints={["pin2"]} pcbX="1.27mm" pcbY="0.9625076mm" outerDiameter="1.7199864mm" holeDiameter="1.0200132mm" shape="circle" />
- <platedhole  portHints={["pin3"]} pcbX="-1.27mm" pcbY="0.9625076mm" outerDiameter="1.7199864mm" holeDiameter="1.0200132mm" shape="circle" />
- <platedhole  portHints={["pin4"]} pcbX="-3.81mm" pcbY="0.9625076mm" outerDiameter="1.7199864mm" holeDiameter="1.0200132mm" shape="circle" />
+ <platedhole solderMaskMargin="0.0499999mm"  portHints={["pin1"]} pcbX="3.81mm" pcbY="0.9625076mm" outerDiameter="1.7199864mm" holeDiameter="1.0200132mm" shape="circle" />
+ <platedhole solderMaskMargin="0.0499999mm"  portHints={["pin2"]} pcbX="1.27mm" pcbY="0.9625076mm" outerDiameter="1.7199864mm" holeDiameter="1.0200132mm" shape="circle" />
+ <platedhole solderMaskMargin="0.0499999mm"  portHints={["pin3"]} pcbX="-1.27mm" pcbY="0.9625076mm" outerDiameter="1.7199864mm" holeDiameter="1.0200132mm" shape="circle" />
+ <platedhole solderMaskMargin="0.0499999mm"  portHints={["pin4"]} pcbX="-3.81mm" pcbY="0.9625076mm" outerDiameter="1.7199864mm" holeDiameter="1.0200132mm" shape="circle" />
  <silkscreenpath route={[{"x":-5.080000000000041,"y":2.5571449999999913},{"x":5.0799999999998136,"y":2.5571449999999913}]} />
  <silkscreenpath route={[{"x":-1.9940778000001274,"y":-1.5774923999999828},{"x":-5.080000000000041,"y":-1.5774923999999828}]} />
  <silkscreenpath route={[{"x":-5.080000000000041,"y":-1.5774923999999828},{"x":-5.080000000000041,"y":4.264507600000002},{"x":5.0799999999998136,"y":4.264507600000002},{"x":5.0799999999998136,"y":-1.5774923999999828},{"x":-0.5459222000001773,"y":-1.5774923999999828}]} />
  <silkscreentext text="{NAME}" pcbX="-0.0127mm" pcbY="5.2645076mm" anchorAlignment="center" fontSize="1mm" />
  <fabricationnotepath route={[{"x":-5.080000000000155,"y":4.264507600000002},{"x":-5.080000000000155,"y":2.613507600000048},{"x":5.0799999999998136,"y":2.613507600000048},{"x":5.0799999999998136,"y":4.264507600000002},{"x":-5.080000000000155,"y":4.264507600000002}]} strokeWidth="0.254mm" />

- Expected  - 4
+ Received  + 4

      at <anonymous> (/Users/anassarkiz/tsci/tscircuit-store/boards/magnetic-shutter-remote-r5--01a0f81f/evidence/USB4215-import-audit/toolchain/easyeda-converter/tests/convert-to-ts/C19795120-to-ts.test.ts:24:18)
(fail) should convert C19795120 into typescript file [1199.23ms]

tests/convert-to-ts/C157929-to-ts.test.ts:
19 |   )
20 |   await expect(circuitJson).toMatch3dSnapshot(import.meta.path, {
21 |     camPos: [20, 7, 10],
22 |   })
23 | 
24 |   expect(result).toMatchInlineSnapshot(`
                      ^
error: expect(received).toMatchInlineSnapshot(expected)

@@ -16,13 +16,13 @@
      "C157929"
    ]
  }}
        manufacturerPartNumber="S3B-PH-K-S(LF)(SN)"
        footprint={<footprint>
-         <platedhole  portHints={["pin3"]} pcbX="1.999996mm" pcbY="0mm" outerDiameter="1.499997mm" holeDiameter="0.9000236mm" shape="circle" />
- <platedhole  portHints={["pin2"]} pcbX="-0mm" pcbY="0mm" outerDiameter="1.499997mm" holeDiameter="0.9000236mm" shape="circle" />
- <platedhole  portHints={["pin1"]} pcbX="-1.999996mm" pcbY="0mm" holeWidth="0.9000236mm" holeHeight="0.9000236mm" outerWidth="1.499997mm" outerHeight="1.499997mm" rectPad={true} pcbRotation="0deg" shape="pill" />
+         <platedhole solderMaskMargin="0.0508mm"  portHints={["pin3"]} pcbX="1.999996mm" pcbY="0mm" outerDiameter="1.499997mm" holeDiameter="0.9000236mm" shape="circle" />
+ <platedhole solderMaskMargin="0.0508mm"  portHints={["pin2"]} pcbX="-0mm" pcbY="0mm" outerDiameter="1.499997mm" holeDiameter="0.9000236mm" shape="circle" />
+ <platedhole solderMaskMargin="0.0508mm"  portHints={["pin1"]} pcbX="-1.999996mm" pcbY="0mm" holeWidth="0.9000236mm" holeHeight="0.9000236mm" outerWidth="1.499997mm" outerHeight="1.499997mm" rectPad={true} pcbRotation="0deg" shape="pill" />
  <silkscreenpath route={[{"x":1.0000233999999182,"y":-2.2495256000000836},{"x":1.0000233999999182,"y":-6.250025599999958}]} />
  <silkscreenpath route={[{"x":1.0000233999999182,"y":-2.2495256000000836},{"x":-0.9989312000000155,"y":-2.2495256000000836},{"x":-0.9989312000000155,"y":-6.250025599999958}]} />
  <silkscreenpath route={[{"x":2.895803199999932,"y":-0.2500122000000147},{"x":2.9999939999999015,"y":-0.2500122000000147},{"x":2.9999939999999015,"y":1.349984599999857},{"x":3.950004799999874,"y":1.349984599999857},{"x":3.950004799999874,"y":-6.250000200000045}]} />
  <silkscreenpath route={[{"x":0.8958071999998083,"y":-0.2500122000000147},{"x":1.1041887999999744,"y":-0.2500122000000147}]} />
  <silkscreenpath route={[{"x":-1.069797200000039,"y":-0.2500122000000147},{"x":-0.8958072000000357,"y":-0.2500122000000147}]} />

- Expected  - 3
+ Received  + 3

      at <anonymous> (/Users/anassarkiz/tsci/tscircuit-store/boards/magnetic-shutter-remote-r5--01a0f81f/evidence/USB4215-import-audit/toolchain/easyeda-converter/tests/convert-to-ts/C157929-to-ts.test.ts:24:18)
(fail) should convert C157929 into typescript file [1228.25ms]

tests/convert-to-ts/package-rect-field-order-and-stroke-units.test.ts:
119 |   expect(result).toContain('strokeWidth="0.0999998mm"')
120 | 
121 |   const generatedCircuitJson = await runTscircuitCode(
122 |     wrapTsxWithBoardFor3dSnapshot(result),
123 |   )
124 |   expect(convertCircuitJsonToPcbSvg(generatedCircuitJson)).toMatchSvgSnapshot(
                                                                 ^
error: 

Snapshot does not match. Diff saved at /Users/anassarkiz/tsci/tscircuit-store/boards/magnetic-shutter-remote-r5--01a0f81f/evidence/USB4215-import-audit/toolchain/easyeda-converter/tests/convert-to-ts/__snapshots__/c3178291-package-rect-round-trip-pcb.diff.png
      at <anonymous> (/Users/anassarkiz/tsci/tscircuit-store/boards/magnetic-shutter-remote-r5--01a0f81f/evidence/USB4215-import-audit/toolchain/easyeda-converter/tests/convert-to-ts/package-rect-field-order-and-stroke-units.test.ts:124:60)
(fail) preserves package RECT layer and line-width fields with correct stroke units [1117.89ms]

tests/convert-to-ts/C1525-to-ts.test.ts:
(pass) normalizes the U+00B5 micro symbol [1211.58ms]
(pass) normalizes the U+03BC micro symbol [1032.52ms]
(pass) converts C1525 to a capacitor with its exact footprint [1271.34ms]
(pass) uses the native schematic symbol for an imported C1525 capacitor [1041.24ms]
(pass) preserves imported capacitor polarity with the native symbol [1134.26ms]

tests/convert-to-ts/C265111-to-ts.test.ts:
17 |   const circuitJson = await runTscircuitCode(
18 |     wrapTsxWithBoardFor3dSnapshot(result),
19 |   )
20 |   await expect(circuitJson).toMatch3dSnapshot(import.meta.path)
21 | 
22 |   expect(result).toMatchInlineSnapshot(`
                      ^
error: expect(received).toMatchInlineSnapshot(expected)

@@ -23,20 +23,20 @@
      "C265111"
    ]
  }}
        manufacturerPartNumber="SM08B-GHS-TB(LF)(SN)"
        footprint={<footprint>
-         <smtpad portHints={["pin10"]} pcbX="6.225032mm" pcbY="-1.3499465mm" width="1.2100052mm" height="2.6999946mm" shape="rect" />
- <smtpad portHints={["pin9"]} pcbX="-6.225032mm" pcbY="-1.3499465mm" width="1.2100052mm" height="2.6999946mm" shape="rect" />
- <smtpad portHints={["pin8"]} pcbX="4.374896mm" pcbY="1.8499455mm" width="0.5999988mm" height="1.6999966mm" shape="rect" />
- <smtpad portHints={["pin7"]} pcbX="3.124962mm" pcbY="1.8499455mm" width="0.5999988mm" height="1.6999966mm" shape="rect" />
- <smtpad portHints={["pin6"]} pcbX="1.874774mm" pcbY="1.8499455mm" width="0.5999988mm" height="1.6999966mm" shape="rect" />
- <smtpad portHints={["pin5"]} pcbX="0.62484mm" pcbY="1.8499455mm" width="0.5999988mm" height="1.6999966mm" shape="rect" />
- <smtpad portHints={["pin4"]} pcbX="-0.625094mm" pcbY="1.8499455mm" width="0.5999988mm" height="1.6999966mm" shape="rect" />
- <smtpad portHints={["pin3"]} pcbX="-1.875028mm" pcbY="1.8499455mm" width="0.5999988mm" height="1.6999966mm" shape="rect" />
- <smtpad portHints={["pin2"]} pcbX="-3.125216mm" pcbY="1.8499455mm" width="0.5999988mm" height="1.6999966mm" shape="rect" />
- <smtpad portHints={["pin1"]} pcbX="-4.37515mm" pcbY="1.8499455mm" width="0.5999988mm" height="1.6999966mm" shape="rect" />
+         <smtpad portHints={["pin10"]} pcbX="6.225032mm" pcbY="-1.3499465mm" width="1.2100052mm" height="2.6999946mm" shape="rect" solderPasteMargin="0mm" solderMaskMargin="0.0500126mm" />
+ <smtpad portHints={["pin9"]} pcbX="-6.225032mm" pcbY="-1.3499465mm" width="1.2100052mm" height="2.6999946mm" shape="rect" solderPasteMargin="0mm" solderMaskMargin="0.0500126mm" />
+ <smtpad portHints={["pin8"]} pcbX="4.374896mm" pcbY="1.8499455mm" width="0.5999988mm" height="1.6999966mm" shape="rect" solderPasteMargin="0mm" solderMaskMargin="0.0500126mm" />
+ <smtpad portHints={["pin7"]} pcbX="3.124962mm" pcbY="1.8499455mm" width="0.5999988mm" height="1.6999966mm" shape="rect" solderPasteMargin="0mm" solderMaskMargin="0.0500126mm" />
+ <smtpad portHints={["pin6"]} pcbX="1.874774mm" pcbY="1.8499455mm" width="0.5999988mm" height="1.6999966mm" shape="rect" solderPasteMargin="0mm" solderMaskMargin="0.0500126mm" />
+ <smtpad portHints={["pin5"]} pcbX="0.62484mm" pcbY="1.8499455mm" width="0.5999988mm" height="1.6999966mm" shape="rect" solderPasteMargin="0mm" solderMaskMargin="0.0500126mm" />
+ <smtpad portHints={["pin4"]} pcbX="-0.625094mm" pcbY="1.8499455mm" width="0.5999988mm" height="1.6999966mm" shape="rect" solderPasteMargin="0mm" solderMaskMargin="0.0500126mm" />
+ <smtpad portHints={["pin3"]} pcbX="-1.875028mm" pcbY="1.8499455mm" width="0.5999988mm" height="1.6999966mm" shape="rect" solderPasteMargin="0mm" solderMaskMargin="0.0500126mm" />
+ <smtpad portHints={["pin2"]} pcbX="-3.125216mm" pcbY="1.8499455mm" width="0.5999988mm" height="1.6999966mm" shape="rect" solderPasteMargin="0mm" solderMaskMargin="0.0500126mm" />
+ <smtpad portHints={["pin1"]} pcbX="-4.37515mm" pcbY="1.8499455mm" width="0.5999988mm" height="1.6999966mm" shape="rect" solderPasteMargin="0mm" solderMaskMargin="0.0500126mm" />
  <silkscreenpath route={[{"x":-5.389016399999946,"y":-2.500058499999909},{"x":5.299862399999938,"y":-2.500058499999909}]} />
  <silkscreenpath route={[{"x":-4.9062893999999915,"y":1.5999333000000888},{"x":-6.65010099999995,"y":1.5999333000000888},{"x":-6.65010099999995,"y":0.23110189999999875}]} />
  <silkscreenpath route={[{"x":-3.6562791999999718,"y":1.5999333000000888},{"x":-3.844010599999933,"y":1.5999333000000888}]} />
  <silkscreenpath route={[{"x":-2.406294399999979,"y":1.5999333000000888},{"x":-2.5940003999999135,"y":1.5999333000000888}]} />
  <silkscreenpath route={[{"x":-1.1562841999999591,"y":1.5999333000000888},{"x":-1.3440156000000343,"y":1.5999333000000888}]} />

- Expected  - 10
+ Received  + 10

      at <anonymous> (/Users/anassarkiz/tsci/tscircuit-store/boards/magnetic-shutter-remote-r5--01a0f81f/evidence/USB4215-import-audit/toolchain/easyeda-converter/tests/convert-to-ts/C265111-to-ts.test.ts:22:18)
(fail) should convert C265111 into typescript file [1259.77ms]

tests/convert-to-ts/C2941005-to-ts.test.ts:
37 | 
38 |   const circuitJson = await renderImportedSwitch()
39 |   await expect(
40 |     convertCircuitJsonToSchematicSvg(circuitJson),
41 |   ).toMatchSvgSnapshot(import.meta.path, "C2941005-schematic")
42 |   await expect(convertCircuitJsonToPcbSvg(circuitJson)).toMatchSvgSnapshot(
                                                             ^
error: 

Snapshot does not match. Diff saved at /Users/anassarkiz/tsci/tscircuit-store/boards/magnetic-shutter-remote-r5--01a0f81f/evidence/USB4215-import-audit/toolchain/easyeda-converter/tests/convert-to-ts/__snapshots__/C2941005-pcb.diff.png
      at <anonymous> (/Users/anassarkiz/tsci/tscircuit-store/boards/magnetic-shutter-remote-r5--01a0f81f/evidence/USB4215-import-audit/toolchain/easyeda-converter/tests/convert-to-ts/C2941005-to-ts.test.ts:42:57)
(fail) renders the C2941005 schematic and PCB [1048.30ms]
(pass) preserves all six C2941005 schematic terminals and their PCB pad mappings [867.83ms]

tests/convert-to-ts/C136720-to-ts.test.ts:
(pass) converts C136720 document-layer tracks to fabrication notes [28.02ms]
47 |   expect(result).toContain("SwitchProps")
48 |   expect(result).toContain("<switch")
49 |   expect(result).toContain("pinLabels={pinLabels}")
50 |   expect(result).not.toContain("<pushbutton")
51 |   expect(result).not.toContain("<chip")
52 |   expect(result).toMatchInlineSnapshot(`
                      ^
error: expect(received).toMatchInlineSnapshot(expected)

@@ -34,15 +34,15 @@
      "C136720"
    ]
  }}
        manufacturerPartNumber="SK-12E12-G5"
        footprint={<footprint>
-         <platedhole  portHints={["pin2"]} pcbX="0mm" pcbY="0.127mm" outerDiameter="1.524mm" holeDiameter="0.999998mm" shape="circle" />
- <platedhole  portHints={["pin3"]} pcbX="0mm" pcbY="-2.921mm" outerDiameter="1.524mm" holeDiameter="0.999998mm" shape="circle" />
- <platedhole  portHints={["pin1"]} pcbX="0mm" pcbY="3.175mm" outerDiameter="1.524mm" holeDiameter="0.999998mm" shape="circle" />
- <platedhole  portHints={["pin4"]} pcbX="0mm" pcbY="-6.477mm" outerDiameter="2.1999956mm" holeDiameter="1.5000224mm" shape="circle" />
- <platedhole  portHints={["pin5"]} pcbX="0mm" pcbY="6.477mm" outerDiameter="2.1999956mm" holeDiameter="1.5000224mm" shape="circle" />
+         <platedhole solderMaskMargin="0.0508mm"  portHints={["pin2"]} pcbX="0mm" pcbY="0.127mm" outerDiameter="1.524mm" holeDiameter="0.999998mm" shape="circle" />
+ <platedhole solderMaskMargin="0.0508mm"  portHints={["pin3"]} pcbX="0mm" pcbY="-2.921mm" outerDiameter="1.524mm" holeDiameter="0.999998mm" shape="circle" />
+ <platedhole solderMaskMargin="0.0508mm"  portHints={["pin1"]} pcbX="0mm" pcbY="3.175mm" outerDiameter="1.524mm" holeDiameter="0.999998mm" shape="circle" />
+ <platedhole solderMaskMargin="0.0508mm"  portHints={["pin4"]} pcbX="0mm" pcbY="-6.477mm" outerDiameter="2.1999956mm" holeDiameter="1.5000224mm" shape="circle" />
+ <platedhole solderMaskMargin="0.0508mm"  portHints={["pin5"]} pcbX="0mm" pcbY="6.477mm" outerDiameter="2.1999956mm" holeDiameter="1.5000224mm" shape="circle" />
  <silkscreenpath route={[{"x":2.793999999999997,"y":-6.477000000000004},{"x":-2.793999999999997,"y":-6.477000000000004},{"x":-2.793999999999997,"y":6.477000000000004},{"x":2.793999999999997,"y":6.477000000000004},{"x":2.793999999999997,"y":-6.477000000000004}]} />
  <silkscreenpath route={[{"x":2.0319999999999965,"y":3.174999999999997},{"x":2.0319999999999965,"y":0.12699999999999534}]} />
  <silkscreentext text="{NAME}" pcbX="2.667mm" pcbY="8.6708mm" anchorAlignment="center" fontSize="1mm" />
  <fabricationnotepath route={[{"x":2.793999999999997,"y":3.174999999999997},{"x":8.128,"y":3.174999999999997},{"x":8.128,"y":0.12699999999999534},{"x":2.793999999999997,"y":0.12699999999999534}]} strokeWidth="0.254mm" />
  <courtyardoutline outline={[{"x":-2.6829898000000156,"y":7.826997800000001},{"x":8.016989800000005,"y":7.826997800000001},{"x":8.016989800000005,"y":-7.826997800000001},{"x":-2.6829898000000156,"y":-7.826997800000001},{"x":-2.6829898000000156,"y":7.826997800000001}]} />

- Expected  - 5
+ Received  + 5

      at <anonymous> (/Users/anassarkiz/tsci/tscircuit-store/boards/magnetic-shutter-remote-r5--01a0f81f/evidence/USB4215-import-audit/toolchain/easyeda-converter/tests/convert-to-ts/C136720-to-ts.test.ts:52:18)
(fail) should convert C136720 slide switch into a switch component with pin labels [2.59ms]

tests/convert-to-ts/C49234237-to-ts.test.ts:
(pass) converts C49234237 into a pushbutton component [1241.05ms]

tests/convert-to-ts/C309274-to-ts.test.ts:
24 |   )
25 |   await expect(circuitJson).toMatch3dSnapshot(import.meta.path, {
26 |     camPos: [20, -20, 20],
27 |   })
28 | 
29 |   expect(result).toMatchInlineSnapshot(`
                      ^
error: expect(received).toMatchInlineSnapshot(expected)

@@ -41,16 +41,16 @@
      "C309274"
    ]
  }}
        manufacturerPartNumber="PJ-609"
        footprint={<footprint>
-         <platedhole  portHints={["pin2"]} pcbX="-6.299962mm" pcbY="-8.10006mm" holeWidth="0.7999984mm" holeHeight="2.0999704mm" outerWidth="1.5999968mm" outerHeight="3.1999936mm" pcbRotation="270deg" shape="pill" />
- <platedhole  portHints={["pin3"]} pcbX="-6.299962mm" pcbY="8.10006mm" holeWidth="0.7999984mm" holeHeight="2.3999952mm" outerWidth="1.5999968mm" outerHeight="3.1999936mm" pcbRotation="270deg" shape="pill" />
- <platedhole  portHints={["pin4"]} pcbX="0mm" pcbY="-8.10006mm" holeWidth="0.7999984mm" holeHeight="2.0999704mm" outerWidth="1.5999968mm" outerHeight="3.1999936mm" pcbRotation="270deg" shape="pill" />
- <platedhole  portHints={["pin6"]} pcbX="6.299962mm" pcbY="-8.10006mm" holeWidth="0.7999984mm" holeHeight="2.0999704mm" outerWidth="1.5999968mm" outerHeight="3.1999936mm" pcbRotation="270deg" shape="pill" />
- <platedhole  portHints={["pin7"]} pcbX="6.299962mm" pcbY="8.10006mm" holeWidth="0.7999984mm" holeHeight="2.3999952mm" outerWidth="1.5999968mm" outerHeight="3.1999936mm" pcbRotation="270deg" shape="pill" />
- <platedhole  portHints={["pin5"]} pcbX="0mm" pcbY="8.10006mm" holeWidth="0.7999984mm" holeHeight="2.3999952mm" outerWidth="1.5999968mm" outerHeight="3.1999936mm" pcbRotation="270deg" shape="pill" />
+         <platedhole solderMaskMargin="0.0499999mm"  portHints={["pin2"]} pcbX="-6.299962mm" pcbY="-8.10006mm" holeWidth="0.7999984mm" holeHeight="2.0999704mm" outerWidth="1.5999968mm" outerHeight="3.1999936mm" pcbRotation="270deg" shape="pill" />
+ <platedhole solderMaskMargin="0.0499999mm"  portHints={["pin3"]} pcbX="-6.299962mm" pcbY="8.10006mm" holeWidth="0.7999984mm" holeHeight="2.3999952mm" outerWidth="1.5999968mm" outerHeight="3.1999936mm" pcbRotation="270deg" shape="pill" />
+ <platedhole solderMaskMargin="0.0499999mm"  portHints={["pin4"]} pcbX="0mm" pcbY="-8.10006mm" holeWidth="0.7999984mm" holeHeight="2.0999704mm" outerWidth="1.5999968mm" outerHeight="3.1999936mm" pcbRotation="270deg" shape="pill" />
+ <platedhole solderMaskMargin="0.0499999mm"  portHints={["pin6"]} pcbX="6.299962mm" pcbY="-8.10006mm" holeWidth="0.7999984mm" holeHeight="2.0999704mm" outerWidth="1.5999968mm" outerHeight="3.1999936mm" pcbRotation="270deg" shape="pill" />
+ <platedhole solderMaskMargin="0.0499999mm"  portHints={["pin7"]} pcbX="6.299962mm" pcbY="8.10006mm" holeWidth="0.7999984mm" holeHeight="2.3999952mm" outerWidth="1.5999968mm" outerHeight="3.1999936mm" pcbRotation="270deg" shape="pill" />
+ <platedhole solderMaskMargin="0.0499999mm"  portHints={["pin5"]} pcbX="0mm" pcbY="8.10006mm" holeWidth="0.7999984mm" holeHeight="2.3999952mm" outerWidth="1.5999968mm" outerHeight="3.1999936mm" pcbRotation="270deg" shape="pill" />
  <silkscreenpath route={[{"x":-10.500436200000195,"y":10.000132399999984},{"x":10.499547199999824,"y":10.000132399999984}]} />
  <silkscreenpath route={[{"x":-10.500436200000195,"y":10.000132399999984},{"x":-10.500436200000195,"y":-9.999878399999943},{"x":10.499547199999824,"y":-9.999878399999943}]} />
  <silkscreenpath route={[{"x":10.499547199999824,"y":10.000132399999984},{"x":10.499547199999824,"y":-9.999878399999943}]} />
  <silkscreenpath route={[{"x":-10.500436200000195,"y":5.500141400000075},{"x":-19.000444600000037,"y":5.500141400000075}]} />
  <silkscreenpath route={[{"x":-10.500436200000195,"y":-5.499861999999894},{"x":-19.000444600000037,"y":-5.499861999999894}]} />

- Expected  - 6
+ Received  + 6

      at <anonymous> (/Users/anassarkiz/tsci/tscircuit-store/boards/magnetic-shutter-remote-r5--01a0f81f/evidence/USB4215-import-audit/toolchain/easyeda-converter/tests/convert-to-ts/C309274-to-ts.test.ts:29:18)
(fail) should convert C309274 into typescript file [1889.17ms]

tests/convert-to-ts/infer-pin-attributes.test.ts:
(pass) infers only unambiguous IC power, ground, and no-connect attributes

tests/convert-to-ts/C410353-to-ts.test.ts:
17 |   const circuitJson = await runTscircuitCode(
18 |     wrapTsxWithBoardFor3dSnapshot(result),
19 |   )
20 |   await expect(circuitJson).toMatch3dSnapshot(import.meta.path)
21 | 
22 |   expect(result).toMatchInlineSnapshot(`
                      ^
error: expect(received).toMatchInlineSnapshot(expected)

@@ -28,23 +28,23 @@
  }}
        manufacturerPartNumber="SD-111"
        footprint={<footprint>
          <hole pcbX="-12.200001mm" pcbY="-12.1249567mm" diameter="1.700022mm" />
  <hole pcbX="12.000103mm" pcbY="-12.1249567mm" diameter="1.700022mm" />
- <smtpad portHints={["pin1"]} pcbX="6.779895mm" pcbY="12.1749693mm" width="0.999998mm" height="1.5999968mm" shape="rect" />
- <smtpad portHints={["pin2"]} pcbX="4.280027mm" pcbY="12.1749693mm" width="0.999998mm" height="1.5999968mm" shape="rect" />
- <smtpad portHints={["pin3"]} pcbX="0.980059mm" pcbY="12.1749693mm" width="0.999998mm" height="1.5999968mm" shape="rect" />
- <smtpad portHints={["pin4"]} pcbX="-0.719963mm" pcbY="12.1749693mm" width="0.999998mm" height="1.5999968mm" shape="rect" />
- <smtpad portHints={["pin5"]} pcbX="-3.220085mm" pcbY="12.1749693mm" width="0.999998mm" height="1.5999968mm" shape="rect" />
- <smtpad portHints={["pin6"]} pcbX="-5.719953mm" pcbY="12.1749693mm" width="0.999998mm" height="1.5999968mm" shape="rect" />
- <smtpad portHints={["pin7"]} pcbX="-8.149971mm" pcbY="12.1749693mm" width="0.999998mm" height="1.5999968mm" shape="rect" />
- <smtpad portHints={["pin8"]} pcbX="-9.849993mm" pcbY="12.1749693mm" width="0.999998mm" height="1.5999968mm" shape="rect" />
- <smtpad portHints={["pin9"]} pcbX="9.280017mm" pcbY="12.1749693mm" width="0.999998mm" height="1.5999968mm" shape="rect" />
- <smtpad portHints={["pin10"]} pcbX="2.630043mm" pcbY="12.1749693mm" width="0.999998mm" height="1.5999968mm" shape="rect" />
- <smtpad portHints={["pin11"]} pcbX="-13.199999mm" pcbY="12.1749693mm" width="0.999998mm" height="1.5999968mm" shape="rect" />
- <smtpad portHints={["pin12"]} pcbX="-14.050137mm" pcbY="-10.0251387mm" width="1.1999976mm" height="1.999996mm" shape="rect" />
- <smtpad portHints={["pin13"]} pcbX="14.050137mm" pcbY="-8.8249887mm" width="1.1999976mm" height="1.999996mm" shape="rect" />
+ <smtpad portHints={["pin1"]} pcbX="6.779895mm" pcbY="12.1749693mm" width="0.999998mm" height="1.5999968mm" shape="rect" solderPasteMargin="0mm" solderMaskMargin="0.0508mm" />
+ <smtpad portHints={["pin2"]} pcbX="4.280027mm" pcbY="12.1749693mm" width="0.999998mm" height="1.5999968mm" shape="rect" solderPasteMargin="0mm" solderMaskMargin="0.0508mm" />
+ <smtpad portHints={["pin3"]} pcbX="0.980059mm" pcbY="12.1749693mm" width="0.999998mm" height="1.5999968mm" shape="rect" solderPasteMargin="0mm" solderMaskMargin="0.0508mm" />
+ <smtpad portHints={["pin4"]} pcbX="-0.719963mm" pcbY="12.1749693mm" width="0.999998mm" height="1.5999968mm" shape="rect" solderPasteMargin="0mm" solderMaskMargin="0.0508mm" />
+ <smtpad portHints={["pin5"]} pcbX="-3.220085mm" pcbY="12.1749693mm" width="0.999998mm" height="1.5999968mm" shape="rect" solderPasteMargin="0mm" solderMaskMargin="0.0508mm" />
+ <smtpad portHints={["pin6"]} pcbX="-5.719953mm" pcbY="12.1749693mm" width="0.999998mm" height="1.5999968mm" shape="rect" solderPasteMargin="0mm" solderMaskMargin="0.0508mm" />
+ <smtpad portHints={["pin7"]} pcbX="-8.149971mm" pcbY="12.1749693mm" width="0.999998mm" height="1.5999968mm" shape="rect" solderPasteMargin="0mm" solderMaskMargin="0.0508mm" />
+ <smtpad portHints={["pin8"]} pcbX="-9.849993mm" pcbY="12.1749693mm" width="0.999998mm" height="1.5999968mm" shape="rect" solderPasteMargin="0mm" solderMaskMargin="0.0508mm" />
+ <smtpad portHints={["pin9"]} pcbX="9.280017mm" pcbY="12.1749693mm" width="0.999998mm" height="1.5999968mm" shape="rect" solderPasteMargin="0mm" solderMaskMargin="0.0508mm" />
+ <smtpad portHints={["pin10"]} pcbX="2.630043mm" pcbY="12.1749693mm" width="0.999998mm" height="1.5999968mm" shape="rect" solderPasteMargin="0mm" solderMaskMargin="0.0508mm" />
+ <smtpad portHints={["pin11"]} pcbX="-13.199999mm" pcbY="12.1749693mm" width="0.999998mm" height="1.5999968mm" shape="rect" solderPasteMargin="0mm" solderMaskMargin="0.0508mm" />
+ <smtpad portHints={["pin12"]} pcbX="-14.050137mm" pcbY="-10.0251387mm" width="1.1999976mm" height="1.999996mm" shape="rect" solderPasteMargin="0mm" solderMaskMargin="0.0508mm" />
+ <smtpad portHints={["pin13"]} pcbX="14.050137mm" pcbY="-8.8249887mm" width="1.1999976mm" height="1.999996mm" shape="rect" solderPasteMargin="0mm" solderMaskMargin="0.0508mm" />
  <silkscreenpath route={[{"x":-13.922298799999908,"y":11.361966100000018},{"x":-14.223999999999933,"y":11.361966100000018}]} />
  <silkscreenpath route={[{"x":-10.5722927999999,"y":11.361966100000018},{"x":-12.477699199999847,"y":11.361966100000018}]} />
  <silkscreenpath route={[{"x":-8.872296199999937,"y":11.361966100000018},{"x":-9.127693200000067,"y":11.361966100000018}]} />
  <silkscreenpath route={[{"x":-6.442303600000059,"y":11.361966100000018},{"x":-7.42769659999999,"y":11.361966100000018}]} />
  <silkscreenpath route={[{"x":-3.94228320000002,"y":11.361966100000018},{"x":-4.997703999999885,"y":11.361966100000018}]} />

- Expected  - 13
+ Received  + 13

      at <anonymous> (/Users/anassarkiz/tsci/tscircuit-store/boards/magnetic-shutter-remote-r5--01a0f81f/evidence/USB4215-import-audit/toolchain/easyeda-converter/tests/convert-to-ts/C410353-to-ts.test.ts:22:18)
(fail) should convert C410353 into typescript file [1726.08ms]

tests/convert-to-ts/C105419-to-ts.test.ts:
17 |   const circuitJson = await runTscircuitCode(
18 |     wrapTsxWithBoardFor3dSnapshot(result),
19 |   )
20 |   await expect(circuitJson).toMatch3dSnapshot(import.meta.path)
21 | 
22 |   expect(result).toMatchInlineSnapshot(`
                      ^
error: expect(received).toMatchInlineSnapshot(expected)

@@ -25,22 +25,22 @@
      "C105419"
    ]
  }}
        manufacturerPartNumber="TF-02A"
        footprint={<footprint>
-         <smtpad portHints={["pin1"]} pcbX="-3.00000035mm" pcbY="-1.725676mm" width="1.5999968mm" height="0.6999986mm" shape="rect" />
- <smtpad portHints={["pin2"]} pcbX="-2.65506835mm" pcbY="-0.625094mm" width="1.5999968mm" height="0.6999986mm" shape="rect" />
- <smtpad portHints={["pin3"]} pcbX="-3.00508035mm" pcbY="0.47498mm" width="1.5999968mm" height="0.6999986mm" shape="rect" />
- <smtpad portHints={["pin4"]} pcbX="-3.25501635mm" pcbY="1.575054mm" width="1.5999968mm" height="0.6999986mm" shape="rect" />
- <smtpad portHints={["pin5"]} pcbX="-3.00508035mm" pcbY="2.674874mm" width="1.5999968mm" height="0.6999986mm" shape="rect" />
- <smtpad portHints={["pin6"]} pcbX="-3.25501635mm" pcbY="3.774948mm" width="1.5999968mm" height="0.6999986mm" shape="rect" />
- <smtpad portHints={["pin7"]} pcbX="-3.00508035mm" pcbY="4.875022mm" width="1.5999968mm" height="0.6999986mm" shape="rect" />
- <smtpad portHints={["pin8"]} pcbX="-3.00508035mm" pcbY="5.974842mm" width="1.5999968mm" height="0.6999986mm" shape="rect" />
- <smtpad portHints={["pin9"]} pcbX="-5.75488435mm" pcbY="6.724904mm" width="2.1999956mm" height="1.6999966mm" shape="rect" />
- <smtpad portHints={["pin10"]} pcbX="-6.80497115mm" pcbY="-6.724904mm" width="2.1999956mm" height="1.6999966mm" shape="rect" />
- <smtpad portHints={["pin11"]} pcbX="7.15497045mm" pcbY="5.174996mm" width="1.499997mm" height="1.999996mm" shape="rect" />
- <smtpad portHints={["pin12"]} pcbX="7.15497045mm" pcbY="-0.5249926mm" width="1.499997mm" height="1.999996mm" shape="rect" />
+         <smtpad portHints={["pin1"]} pcbX="-3.00000035mm" pcbY="-1.725676mm" width="1.5999968mm" height="0.6999986mm" shape="rect" solderPasteMargin="0mm" solderMaskMargin="0.0508mm" />
+ <smtpad portHints={["pin2"]} pcbX="-2.65506835mm" pcbY="-0.625094mm" width="1.5999968mm" height="0.6999986mm" shape="rect" solderPasteMargin="0mm" solderMaskMargin="0.0508mm" />
+ <smtpad portHints={["pin3"]} pcbX="-3.00508035mm" pcbY="0.47498mm" width="1.5999968mm" height="0.6999986mm" shape="rect" solderPasteMargin="0mm" solderMaskMargin="0.0508mm" />
+ <smtpad portHints={["pin4"]} pcbX="-3.25501635mm" pcbY="1.575054mm" width="1.5999968mm" height="0.6999986mm" shape="rect" solderPasteMargin="0mm" solderMaskMargin="0.0508mm" />
+ <smtpad portHints={["pin5"]} pcbX="-3.00508035mm" pcbY="2.674874mm" width="1.5999968mm" height="0.6999986mm" shape="rect" solderPasteMargin="0mm" solderMaskMargin="0.0508mm" />
+ <smtpad portHints={["pin6"]} pcbX="-3.25501635mm" pcbY="3.774948mm" width="1.5999968mm" height="0.6999986mm" shape="rect" solderPasteMargin="0mm" solderMaskMargin="0.0508mm" />
+ <smtpad portHints={["pin7"]} pcbX="-3.00508035mm" pcbY="4.875022mm" width="1.5999968mm" height="0.6999986mm" shape="rect" solderPasteMargin="0mm" solderMaskMargin="0.0508mm" />
+ <smtpad portHints={["pin8"]} pcbX="-3.00508035mm" pcbY="5.974842mm" width="1.5999968mm" height="0.6999986mm" shape="rect" solderPasteMargin="0mm" solderMaskMargin="0.0508mm" />
+ <smtpad portHints={["pin9"]} pcbX="-5.75488435mm" pcbY="6.724904mm" width="2.1999956mm" height="1.6999966mm" shape="rect" solderPasteMargin="0mm" solderMaskMargin="0.0508mm" />
+ <smtpad portHints={["pin10"]} pcbX="-6.80497115mm" pcbY="-6.724904mm" width="2.1999956mm" height="1.6999966mm" shape="rect" solderPasteMargin="0mm" solderMaskMargin="0.0508mm" />
+ <smtpad portHints={["pin11"]} pcbX="7.15497045mm" pcbY="5.174996mm" width="1.499997mm" height="1.999996mm" shape="rect" solderPasteMargin="0mm" solderMaskMargin="0.0508mm" />
+ <smtpad portHints={["pin12"]} pcbX="7.15497045mm" pcbY="-0.5249926mm" width="1.499997mm" height="1.999996mm" shape="rect" solderPasteMargin="0mm" solderMaskMargin="0.0508mm" />
  <silkscreenpath route={[{"x":0.5763196500001868,"y":6.519164000000046},{"x":6.138919650000162,"y":5.985764000000017},{"x":6.138919650000162,"y":4.360164000000054},{"x":6.113519650000171,"y":4.33476399999995},{"x":0.5509196500000826,"y":3.9537639999999783},{"x":0.5509196500000826,"y":4.324604000000022},{"x":0.5509196500000826,"y":4.4617640000000165},{"x":5.529319650000161,"y":4.766564000000017},{"x":5.529319650000161,"y":5.4777639999998655},{"x":0.5509196500000826,"y":5.909563999999932},{"x":0.5509196500000826,"y":6.493763999999942},{"x":0.5763196500001868,"y":6.519164000000046}]} />
  <silkscreenpath route={[{"x":0.5763196500001868,"y":0.8803639999999859},{"x":6.138919650000162,"y":0.3469640000000709},{"x":6.138919650000162,"y":-1.2786359999998922},{"x":6.113519650000171,"y":-1.30403600000011},{"x":0.5509196500000826,"y":-1.685036000000082},{"x":0.5509196500000826,"y":-1.3141959999999244},{"x":0.5509196500000826,"y":-1.17703599999993},{"x":5.529319650000161,"y":-0.8722360000000435},{"x":5.529319650000161,"y":-0.161036000000081},{"x":0.5509196500000826,"y":0.27076399999998557},{"x":0.5509196500000826,"y":0.8549639999999954},{"x":0.5763196500001868,"y":0.8803639999999859}]} />
  <silkscreenpath route={[{"x":7.612119650000295,"y":7.230364000000009},{"x":7.612119650000295,"y":6.406133999999952}]} />
  <silkscreenpath route={[{"x":7.612119650000295,"y":3.9438579999999774},{"x":7.612119650000295,"y":0.7061199999999417}]} />
  <silkscreenpath route={[{"x":7.586719650000077,"y":-1.7561560000000327},{"x":7.586719650000077,"y":-6.8412360000000945}]} />

- Expected  - 12
+ Received  + 12

      at <anonymous> (/Users/anassarkiz/tsci/tscircuit-store/boards/magnetic-shutter-remote-r5--01a0f81f/evidence/USB4215-import-audit/toolchain/easyeda-converter/tests/convert-to-ts/C105419-to-ts.test.ts:22:18)
(fail) should convert C105419 into typescript file [1640.60ms]

tests/convert-to-ts/C2765186-to-ts.test.ts:
(pass) prefers schematic pin names over footprint pad identifiers [1256.94ms]

tests/convert-to-ts/C9900017879-to-ts.test.ts:
16 |   expect(result).not.toContain("NaNmm")
17 | 
18 |   const circuitJson = await runTscircuitCode(
19 |     wrapTsxWithBoardFor3dSnapshot(result),
20 |   )
21 |   expect(convertCircuitJsonToPcbSvg(circuitJson)).toMatchSvgSnapshot(
                                                       ^
error: 

Snapshot does not match. Diff saved at /Users/anassarkiz/tsci/tscircuit-store/boards/magnetic-shutter-remote-r5--01a0f81f/evidence/USB4215-import-audit/toolchain/easyeda-converter/tests/convert-to-ts/__snapshots__/C9900017879-to-ts-rotation.diff.png
      at <anonymous> (/Users/anassarkiz/tsci/tscircuit-store/boards/magnetic-shutter-remote-r5--01a0f81f/evidence/USB4215-import-audit/toolchain/easyeda-converter/tests/convert-to-ts/C9900017879-to-ts.test.ts:21:51)
(fail) should convert C9900017879 into typescript file [1912.80ms]

tests/convert-to-ts/C2828420-to-ts.test.ts:
35 |   expect(result).not.toContain("NaNmm")
36 | 
37 |   const circuitJson = await runTscircuitCode(
38 |     wrapTsxWithBoardFor3dSnapshot(result),
39 |   )
40 |   expect(convertCircuitJsonToPcbSvg(circuitJson)).toMatchSvgSnapshot(
                                                       ^
error: 

Snapshot does not match. Diff saved at /Users/anassarkiz/tsci/tscircuit-store/boards/magnetic-shutter-remote-r5--01a0f81f/evidence/USB4215-import-audit/toolchain/easyeda-converter/tests/convert-to-ts/__snapshots__/C2828420-to-ts.diff.png
      at <anonymous> (/Users/anassarkiz/tsci/tscircuit-store/boards/magnetic-shutter-remote-r5--01a0f81f/evidence/USB4215-import-audit/toolchain/easyeda-converter/tests/convert-to-ts/C2828420-to-ts.test.ts:40:51)
(fail) should convert C2828420 diode with metadata-derived pin labels [1137.48ms]

tests/convert-to-ts/C501008-mosfet-symbol-repro.test.ts:
(pass) repro: C501008 STL130N6F7 MOSFET renders as an eight-pin chip [1181.03ms]

tests/convert-to-ts/switch-category.test.ts:
(pass) does not treat Power Distribution Switches as a mechanical switch [0.12ms]
(pass) does not treat Power-Distribution Switch as a mechanical switch
(pass) does not treat PMIC - Power Distribution Switches, Load Drivers as a mechanical switch
(pass) does not treat Load Switches as a mechanical switch
(pass) does not treat LOAD-SWITCH as a mechanical switch [0.05ms]
(pass) does not treat Analog Switches / Multiplexers as a mechanical switch
(pass) does not treat Analog-Switch as a mechanical switch
(pass) does not treat Switching Diodes as a mechanical switch
(pass) does not treat Switch ICs as a mechanical switch
(pass) retains mechanical Slide Switches categories
(pass) retains mechanical Toggle Switches categories
(pass) retains mechanical DIP Switches categories [0.07ms]
(pass) retains mechanical Key Switches categories
(pass) retains mechanical Micro Switches categories
(pass) retains mechanical Limit Switches categories [0.02ms]
(pass) retains mechanical Power Toggle Switches categories
(pass) ignores absent and non-string categories
(pass) semiconductor tags override a generic switch category [1.20ms]
(pass) semiconductor category metadata overrides generic switch tags [0.74ms]
(pass) semiconductor Category metadata overrides generic switch tags [0.81ms]
(pass) semiconductor LCSC Category metadata overrides generic switch tags [0.74ms]
(pass) semiconductor JLCPCB Category metadata overrides generic switch tags [1.04ms]
(pass) a semiconductor top-level category overrides generic switch tags [0.43ms]

tests/convert-to-ts/usb-type-c-category.test.ts:
(pass) USB-C supplier prefix and package classify a connector without category tags [8.23ms]

tests/convert-to-ts/special-character-pin-labels.test.ts:
(pass) preserves C472489 special-character pin labels [1846.09ms]
(pass) preserves C14877 special-character pin labels [1287.47ms]
(pass) preserves C2886621 special-character pin labels [1439.55ms]

tests/convert-to-ts/C19943592-pin1-footprint-repro.test.ts:
13 |   const result = await convertBetterEasyToTsx({ betterEasy })
14 |   const circuitJson = await runTscircuitCode(
15 |     wrapTsxWithBoardFor3dSnapshot(result),
16 |   )
17 | 
18 |   expect(convertCircuitJsonToPcbSvg(circuitJson)).toMatchSvgSnapshot(
                                                       ^
error: 

Snapshot does not match. Diff saved at /Users/anassarkiz/tsci/tscircuit-store/boards/magnetic-shutter-remote-r5--01a0f81f/evidence/USB4215-import-audit/toolchain/easyeda-converter/tests/convert-to-ts/__snapshots__/C19943592-pin1-footprint-repro.diff.png
      at <anonymous> (/Users/anassarkiz/tsci/tscircuit-store/boards/magnetic-shutter-remote-r5--01a0f81f/evidence/USB4215-import-audit/toolchain/easyeda-converter/tests/convert-to-ts/C19943592-pin1-footprint-repro.test.ts:18:51)
(fail) renders the C19943592 pin 1 rectangular footprint pad [1001.37ms]
(pass) preserves RECT pad dimensions and rotation: {"width":60,"height":60,"rotation":0} [1.62ms]
(pass) preserves RECT pad dimensions and rotation: {"width":60,"height":72,"rotation":45} [0.82ms]
(pass) preserves RECT pad dimensions and rotation: {"width":72,"height":60,"rotation":90} [0.74ms]

tests/convert-to-ts/C131337-to-ts.test.ts:
19 |   )
20 |   await expect(circuitJson).toMatch3dSnapshot(import.meta.path, {
21 |     camPos: [0, 5, -10],
22 |   })
23 | 
24 |   expect(result).toMatchInlineSnapshot(`
                      ^
error: expect(received).toMatchInlineSnapshot(expected)

@@ -15,12 +15,12 @@
      "C131337"
    ]
  }}
        manufacturerPartNumber="B2B-PH-K-S(LF)(SN)"
        footprint={<footprint>
-         <platedhole  portHints={["pin2"]} pcbX="-0.999998mm" pcbY="-0.550037mm" outerDiameter="1.5999968mm" holeDiameter="0.9000236mm" shape="circle" />
- <platedhole  portHints={["pin1"]} pcbX="0.999998mm" pcbY="-0.550037mm" outerDiameter="1.5999968mm" holeDiameter="0.9000236mm" shape="circle" />
+         <platedhole solderMaskMargin="0.0508mm"  portHints={["pin2"]} pcbX="-0.999998mm" pcbY="-0.550037mm" outerDiameter="1.5999968mm" holeDiameter="0.9000236mm" shape="circle" />
+ <platedhole solderMaskMargin="0.0508mm"  portHints={["pin1"]} pcbX="0.999998mm" pcbY="-0.550037mm" outerDiameter="1.5999968mm" holeDiameter="0.9000236mm" shape="circle" />
  <silkscreenpath route={[{"x":-2.921000000000049,"y":-0.2960369999999557},{"x":-2.413000000000011,"y":-0.2960369999999557},{"x":-2.413000000000011,"y":1.608963000000017},{"x":2.53999999999985,"y":1.608963000000017},{"x":2.53999999999985,"y":-0.2960369999999557},{"x":2.9209999999998217,"y":-0.2960369999999557}]} />
  <silkscreenpath route={[{"x":3.000044799999955,"y":-0.9310370000000603},{"x":2.4920448000000306,"y":-0.9310370000000603},{"x":2.4920448000000306,"y":-1.6930370000001176},{"x":0.3330447999999251,"y":-1.6930370000001176},{"x":0.3330447999999251,"y":-2.201037000000042}]} />
  <silkscreenpath route={[{"x":-2.921000000000049,"y":-0.9310370000000603},{"x":-2.413000000000011,"y":-0.9310370000000603},{"x":-2.413000000000011,"y":-1.6930370000001176},{"x":-0.2540000000001328,"y":-1.6930370000001176},{"x":-0.2540000000001328,"y":-2.201037000000042}]} />
  <silkscreenrect pcbX="0mm" pcbY="0mm" width="5.999988mm" height="4.500118mm" strokeWidth="0.254mm" />
  <silkscreentext text="{NAME}" pcbX="0.016002mm" pcbY="3.345563mm" anchorAlignment="center" fontSize="1mm" />

- Expected  - 2
+ Received  + 2

      at <anonymous> (/Users/anassarkiz/tsci/tscircuit-store/boards/magnetic-shutter-remote-r5--01a0f81f/evidence/USB4215-import-audit/toolchain/easyeda-converter/tests/convert-to-ts/C131337-to-ts.test.ts:24:18)
(fail) should convert C131337 into typescript file [1511.67ms]

tests/convert-to-ts/C2913206-to-ts.test.ts:
17 |   const circuitJson = await runTscircuitCode(
18 |     wrapTsxWithBoardFor3dSnapshot(result),
19 |   )
20 |   await expect(circuitJson).toMatch3dSnapshot(import.meta.path)
21 | 
22 |   expect(result).toMatchInlineSnapshot(`
                      ^
error: expect(received).toMatchInlineSnapshot(expected)

@@ -98,83 +98,83 @@
      "C2913206"
    ]
  }}
        manufacturerPartNumber="ESP32-S3-MINI-1-N8"
        footprint={<footprint>
-         <smtpad portHints={["pin1"]} pcbX="-6.975094mm" pcbY="5.950077mm" width="0.7999984mm" height="0.3999992mm" shape="rect" />
- <smtpad portHints={["pin2"]} pcbX="-6.975094mm" pcbY="5.100193mm" width="0.7999984mm" height="0.3999992mm" shape="rect" />
- <smtpad portHints={["pin3"]} pcbX="-6.975094mm" pcbY="4.250055mm" width="0.7999984mm" height="0.3999992mm" shape="rect" />
- <smtpad portHints={["pin4"]} pcbX="-6.975094mm" pcbY="3.400171mm" width="0.7999984mm" height="0.3999992mm" shape="rect" />
- <smtpad portHints={["pin5"]} pcbX="-6.975094mm" pcbY="2.550033mm" width="0.7999984mm" height="0.3999992mm" shape="rect" />
- <smtpad portHints={["pin6"]} pcbX="-6.975094mm" pcbY="1.700149mm" width="0.7999984mm" height="0.3999992mm" shape="rect" />
- <smtpad portHints={["pin7"]} pcbX="-6.975094mm" pcbY="0.850011mm" width="0.7999984mm" height="0.3999992mm" shape="rect" />
- <smtpad portHints={["pin8"]} pcbX="-6.975094mm" pcbY="0.000127mm" width="0.7999984mm" height="0.3999992mm" shape="rect" />
- <smtpad portHints={["pin9"]} pcbX="-6.975094mm" pcbY="-0.849757mm" width="0.7999984mm" height="0.3999992mm" shape="rect" />
- <smtpad portHints={["pin10"]} pcbX="-6.975094mm" pcbY="-1.699895mm" width="0.7999984mm" height="0.3999992mm" shape="rect" />
- <smtpad portHints={["pin11"]} pcbX="-6.975094mm" pcbY="-2.549779mm" width="0.7999984mm" height="0.3999992mm" shape="rect" />
- <smtpad portHints={["pin12"]} pcbX="-6.975094mm" pcbY="-3.399917mm" width="0.7999984mm" height="0.3999992mm" shape="rect" />
- <smtpad portHints={["pin13"]} pcbX="-6.975094mm" pcbY="-4.249801mm" width="0.7999984mm" height="0.3999992mm" shape="rect" />
- <smtpad portHints={["pin14"]} pcbX="-6.975094mm" pcbY="-5.099939mm" width="0.7999984mm" height="0.3999992mm" shape="rect" />
- <smtpad portHints={["pin15"]} pcbX="-6.975094mm" pcbY="-5.949823mm" width="0.7999984mm" height="0.3999992mm" shape="rect" />
- <smtpad portHints={["pin16"]} pcbX="-5.94995mm" pcbY="-7.025005mm" width="0.3999992mm" height="0.7999984mm" shape="rect" />
- <smtpad portHints={["pin17"]} pcbX="-5.100066mm" pcbY="-7.025005mm" width="0.3999992mm" height="0.7999984mm" shape="rect" />
- <smtpad portHints={["pin18"]} pcbX="-4.249928mm" pcbY="-7.025005mm" width="0.3999992mm" height="0.7999984mm" shape="rect" />
- <smtpad portHints={["pin19"]} pcbX="-3.400044mm" pcbY="-7.025005mm" width="0.3999992mm" height="0.7999984mm" shape="rect" />
- <smtpad portHints={["pin20"]} pcbX="-2.549906mm" pcbY="-7.025005mm" width="0.3999992mm" height="0.7999984mm" shape="rect" />
- <smtpad portHints={["pin21"]} pcbX="-1.700022mm" pcbY="-7.025005mm" width="0.3999992mm" height="0.7999984mm" shape="rect" />
- <smtpad portHints={["pin22"]} pcbX="-0.849884mm" pcbY="-7.025005mm" width="0.3999992mm" height="0.7999984mm" shape="rect" />
- <smtpad portHints={["pin23"]} pcbX="0mm" pcbY="-7.025005mm" width="0.3999992mm" height="0.7999984mm" shape="rect" />
- <smtpad portHints={["pin24"]} pcbX="0.849884mm" pcbY="-7.025005mm" width="0.3999992mm" height="0.7999984mm" shape="rect" />
- <smtpad portHints={["pin25"]} pcbX="1.700022mm" pcbY="-7.025005mm" width="0.3999992mm" height="0.7999984mm" shape="rect" />
- <smtpad portHints={["pin26"]} pcbX="2.549906mm" pcbY="-7.025005mm" width="0.3999992mm" height="0.7999984mm" shape="rect" />
- <smtpad portHints={["pin27"]} pcbX="3.400044mm" pcbY="-7.025005mm" width="0.3999992mm" height="0.7999984mm" shape="rect" />
- <smtpad portHints={["pin28"]} pcbX="4.249928mm" pcbY="-7.025005mm" width="0.3999992mm" height="0.7999984mm" shape="rect" />
- <smtpad portHints={["pin29"]} pcbX="5.100066mm" pcbY="-7.025005mm" width="0.3999992mm" height="0.7999984mm" shape="rect" />
- <smtpad portHints={["pin30"]} pcbX="5.94995mm" pcbY="-7.025005mm" width="0.3999992mm" height="0.7999984mm" shape="rect" />
- <smtpad portHints={["pin31"]} pcbX="6.975094mm" pcbY="-5.949823mm" width="0.7999984mm" height="0.3999992mm" shape="rect" />
- <smtpad portHints={["pin32"]} pcbX="6.975094mm" pcbY="-5.099939mm" width="0.7999984mm" height="0.3999992mm" shape="rect" />
- <smtpad portHints={["pin33"]} pcbX="6.975094mm" pcbY="-4.249801mm" width="0.7999984mm" height="0.3999992mm" shape="rect" />
- <smtpad portHints={["pin34"]} pcbX="6.975094mm" pcbY="-3.399917mm" width="0.7999984mm" height="0.3999992mm" shape="rect" />
- <smtpad portHints={["pin35"]} pcbX="6.975094mm" pcbY="-2.549779mm" width="0.7999984mm" height="0.3999992mm" shape="rect" />
- <smtpad portHints={["pin36"]} pcbX="6.975094mm" pcbY="-1.699895mm" width="0.7999984mm" height="0.3999992mm" shape="rect" />
- <smtpad portHints={["pin37"]} pcbX="6.975094mm" pcbY="-0.849757mm" width="0.7999984mm" height="0.3999992mm" shape="rect" />
- <smtpad portHints={["pin38"]} pcbX="6.975094mm" pcbY="0.000127mm" width="0.7999984mm" height="0.3999992mm" shape="rect" />
- <smtpad portHints={["pin39"]} pcbX="6.975094mm" pcbY="0.850011mm" width="0.7999984mm" height="0.3999992mm" shape="rect" />
- <smtpad portHints={["pin40"]} pcbX="6.975094mm" pcbY="1.700149mm" width="0.7999984mm" height="0.3999992mm" shape="rect" />
- <smtpad portHints={["pin41"]} pcbX="6.975094mm" pcbY="2.550033mm" width="0.7999984mm" height="0.3999992mm" shape="rect" />
- <smtpad portHints={["pin42"]} pcbX="6.975094mm" pcbY="3.400171mm" width="0.7999984mm" height="0.3999992mm" shape="rect" />
- <smtpad portHints={["pin43"]} pcbX="6.975094mm" pcbY="4.250055mm" width="0.7999984mm" height="0.3999992mm" shape="rect" />
- <smtpad portHints={["pin44"]} pcbX="6.975094mm" pcbY="5.100193mm" width="0.7999984mm" height="0.3999992mm" shape="rect" />
- <smtpad portHints={["pin45"]} pcbX="6.975094mm" pcbY="5.950077mm" width="0.7999984mm" height="0.3999992mm" shape="rect" />
- <smtpad portHints={["pin46"]} pcbX="5.94995mm" pcbY="7.025005mm" width="0.3999992mm" height="0.7999984mm" shape="rect" />
- <smtpad portHints={["pin47"]} pcbX="5.100066mm" pcbY="7.025005mm" width="0.3999992mm" height="0.7999984mm" shape="rect" />
- <smtpad portHints={["pin48"]} pcbX="4.249928mm" pcbY="7.025005mm" width="0.3999992mm" height="0.7999984mm" shape="rect" />
- <smtpad portHints={["pin49"]} pcbX="3.400044mm" pcbY="7.025005mm" width="0.3999992mm" height="0.7999984mm" shape="rect" />
- <smtpad portHints={["pin50"]} pcbX="2.549906mm" pcbY="7.025005mm" width="0.3999992mm" height="0.7999984mm" shape="rect" />
- <smtpad portHints={["pin51"]} pcbX="1.700022mm" pcbY="7.025005mm" width="0.3999992mm" height="0.7999984mm" shape="rect" />
- <smtpad portHints={["pin52"]} pcbX="0.849884mm" pcbY="7.025005mm" width="0.3999992mm" height="0.7999984mm" shape="rect" />
- <smtpad portHints={["pin53"]} pcbX="0mm" pcbY="7.025005mm" width="0.3999992mm" height="0.7999984mm" shape="rect" />
- <smtpad portHints={["pin54"]} pcbX="-0.849884mm" pcbY="7.025005mm" width="0.3999992mm" height="0.7999984mm" shape="rect" />
- <smtpad portHints={["pin55"]} pcbX="-1.700022mm" pcbY="7.025005mm" width="0.3999992mm" height="0.7999984mm" shape="rect" />
- <smtpad portHints={["pin56"]} pcbX="-2.549906mm" pcbY="7.025005mm" width="0.3999992mm" height="0.7999984mm" shape="rect" />
- <smtpad portHints={["pin57"]} pcbX="-3.400044mm" pcbY="7.025005mm" width="0.3999992mm" height="0.7999984mm" shape="rect" />
- <smtpad portHints={["pin58"]} pcbX="-4.249928mm" pcbY="7.025005mm" width="0.3999992mm" height="0.7999984mm" shape="rect" />
- <smtpad portHints={["pin59"]} pcbX="-5.100066mm" pcbY="7.025005mm" width="0.3999992mm" height="0.7999984mm" shape="rect" />
- <smtpad portHints={["pin60"]} pcbX="-5.94995mm" pcbY="7.025005mm" width="0.3999992mm" height="0.7999984mm" shape="rect" />
- <smtpad portHints={["pin61"]} pcbX="-6.999986mm" pcbY="7.000113mm" width="0.7999984mm" height="0.7999984mm" shape="rect" />
- <smtpad portHints={["pin61"]} pcbX="6.999986mm" pcbY="7.000113mm" width="0.7999984mm" height="0.7999984mm" shape="rect" />
- <smtpad portHints={["pin61"]} pcbX="-6.999986mm" pcbY="-6.999859mm" width="0.7999984mm" height="0.7999984mm" shape="rect" />
- <smtpad portHints={["pin61"]} pcbX="6.999986mm" pcbY="-6.999859mm" width="0.7999984mm" height="0.7999984mm" shape="rect" />
- <smtpad portHints={["pin61"]} pcbX="-1.649984mm" pcbY="1.650111mm" width="1.1999976mm" height="1.1999976mm" shape="rect" />
- <smtpad portHints={["pin61"]} pcbX="0mm" pcbY="1.650111mm" width="1.1999976mm" height="1.1999976mm" shape="rect" />
- <smtpad portHints={["pin61"]} pcbX="1.649984mm" pcbY="1.650111mm" width="1.1999976mm" height="1.1999976mm" shape="rect" />
- <smtpad portHints={["pin61"]} pcbX="-1.649984mm" pcbY="0.000127mm" width="1.1999976mm" height="1.1999976mm" shape="rect" />
- <smtpad portHints={["pin61"]} pcbX="0mm" pcbY="0.000127mm" width="1.1999976mm" height="1.1999976mm" shape="rect" />
- <smtpad portHints={["pin61"]} pcbX="1.649984mm" pcbY="0.000127mm" width="1.1999976mm" height="1.1999976mm" shape="rect" />
- <smtpad portHints={["pin61"]} pcbX="-1.649984mm" pcbY="-1.649857mm" width="1.1999976mm" height="1.1999976mm" shape="rect" />
- <smtpad portHints={["pin61"]} pcbX="0mm" pcbY="-1.649857mm" width="1.1999976mm" height="1.1999976mm" shape="rect" />
- <smtpad portHints={["pin61"]} pcbX="1.649984mm" pcbY="-1.649857mm" width="1.1999976mm" height="1.1999976mm" shape="rect" />
+         <smtpad portHints={["pin1"]} pcbX="-6.975094mm" pcbY="5.950077mm" width="0.7999984mm" height="0.3999992mm" shape="rect" solderPasteMargin="0mm" solderMaskMargin="0.0500126mm" />
+ <smtpad portHints={["pin2"]} pcbX="-6.975094mm" pcbY="5.100193mm" width="0.7999984mm" height="0.3999992mm" shape="rect" solderPasteMargin="0mm" solderMaskMargin="0.0500126mm" />
+ <smtpad portHints={["pin3"]} pcbX="-6.975094mm" pcbY="4.250055mm" width="0.7999984mm" height="0.3999992mm" shape="rect" solderPasteMargin="0mm" solderMaskMargin="0.0500126mm" />
+ <smtpad portHints={["pin4"]} pcbX="-6.975094mm" pcbY="3.400171mm" width="0.7999984mm" height="0.3999992mm" shape="rect" solderPasteMargin="0mm" solderMaskMargin="0.0500126mm" />
+ <smtpad portHints={["pin5"]} pcbX="-6.975094mm" pcbY="2.550033mm" width="0.7999984mm" height="0.3999992mm" shape="rect" solderPasteMargin="0mm" solderMaskMargin="0.0500126mm" />
+ <smtpad portHints={["pin6"]} pcbX="-6.975094mm" pcbY="1.700149mm" width="0.7999984mm" height="0.3999992mm" shape="rect" solderPasteMargin="0mm" solderMaskMargin="0.0500126mm" />
+ <smtpad portHints={["pin7"]} pcbX="-6.975094mm" pcbY="0.850011mm" width="0.7999984mm" height="0.3999992mm" shape="rect" solderPasteMargin="0mm" solderMaskMargin="0.0500126mm" />
+ <smtpad portHints={["pin8"]} pcbX="-6.975094mm" pcbY="0.000127mm" width="0.7999984mm" height="0.3999992mm" shape="rect" solderPasteMargin="0mm" solderMaskMargin="0.0500126mm" />
+ <smtpad portHints={["pin9"]} pcbX="-6.975094mm" pcbY="-0.849757mm" width="0.7999984mm" height="0.3999992mm" shape="rect" solderPasteMargin="0mm" solderMaskMargin="0.0500126mm" />
+ <smtpad portHints={["pin10"]} pcbX="-6.975094mm" pcbY="-1.699895mm" width="0.7999984mm" height="0.3999992mm" shape="rect" solderPasteMargin="0mm" solderMaskMargin="0.0500126mm" />
+ <smtpad portHints={["pin11"]} pcbX="-6.975094mm" pcbY="-2.549779mm" width="0.7999984mm" height="0.3999992mm" shape="rect" solderPasteMargin="0mm" solderMaskMargin="0.0500126mm" />
+ <smtpad portHints={["pin12"]} pcbX="-6.975094mm" pcbY="-3.399917mm" width="0.7999984mm" height="0.3999992mm" shape="rect" solderPasteMargin="0mm" solderMaskMargin="0.0500126mm" />
+ <smtpad portHints={["pin13"]} pcbX="-6.975094mm" pcbY="-4.249801mm" width="0.7999984mm" height="0.3999992mm" shape="rect" solderPasteMargin="0mm" solderMaskMargin="0.0500126mm" />
+ <smtpad portHints={["pin14"]} pcbX="-6.975094mm" pcbY="-5.099939mm" width="0.7999984mm" height="0.3999992mm" shape="rect" solderPasteMargin="0mm" solderMaskMargin="0.0500126mm" />
+ <smtpad portHints={["pin15"]} pcbX="-6.975094mm" pcbY="-5.949823mm" width="0.7999984mm" height="0.3999992mm" shape="rect" solderPasteMargin="0mm" solderMaskMargin="0.0500126mm" />
+ <smtpad portHints={["pin16"]} pcbX="-5.94995mm" pcbY="-7.025005mm" width="0.3999992mm" height="0.7999984mm" shape="rect" solderPasteMargin="0mm" solderMaskMargin="0.0500126mm" />
+ <smtpad portHints={["pin17"]} pcbX="-5.100066mm" pcbY="-7.025005mm" width="0.3999992mm" height="0.7999984mm" shape="rect" solderPasteMargin="0mm" solderMaskMargin="0.0500126mm" />
+ <smtpad portHints={["pin18"]} pcbX="-4.249928mm" pcbY="-7.025005mm" width="0.3999992mm" height="0.7999984mm" shape="rect" solderPasteMargin="0mm" solderMaskMargin="0.0500126mm" />
+ <smtpad portHints={["pin19"]} pcbX="-3.400044mm" pcbY="-7.025005mm" width="0.3999992mm" height="0.7999984mm" shape="rect" solderPasteMargin="0mm" solderMaskMargin="0.0500126mm" />
+ <smtpad portHints={["pin20"]} pcbX="-2.549906mm" pcbY="-7.025005mm" width="0.3999992mm" height="0.7999984mm" shape="rect" solderPasteMargin="0mm" solderMaskMargin="0.0500126mm" />
+ <smtpad portHints={["pin21"]} pcbX="-1.700022mm" pcbY="-7.025005mm" width="0.3999992mm" height="0.7999984mm" shape="rect" solderPasteMargin="0mm" solderMaskMargin="0.0500126mm" />
+ <smtpad portHints={["pin22"]} pcbX="-0.849884mm" pcbY="-7.025005mm" width="0.3999992mm" height="0.7999984mm" shape="rect" solderPasteMargin="0mm" solderMaskMargin="0.0500126mm" />
+ <smtpad portHints={["pin23"]} pcbX="0mm" pcbY="-7.025005mm" width="0.3999992mm" height="0.7999984mm" shape="rect" solderPasteMargin="0mm" solderMaskMargin="0.0500126mm" />
+ <smtpad portHints={["pin24"]} pcbX="0.849884mm" pcbY="-7.025005mm" width="0.3999992mm" height="0.7999984mm" shape="rect" solderPasteMargin="0mm" solderMaskMargin="0.0500126mm" />
+ <smtpad portHints={["pin25"]} pcbX="1.700022mm" pcbY="-7.025005mm" width="0.3999992mm" height="0.7999984mm" shape="rect" solderPasteMargin="0mm" solderMaskMargin="0.0500126mm" />
+ <smtpad portHints={["pin26"]} pcbX="2.549906mm" pcbY="-7.025005mm" width="0.3999992mm" height="0.7999984mm" shape="rect" solderPasteMargin="0mm" solderMaskMargin="0.0500126mm" />
+ <smtpad portHints={["pin27"]} pcbX="3.400044mm" pcbY="-7.025005mm" width="0.3999992mm" height="0.7999984mm" shape="rect" solderPasteMargin="0mm" solderMaskMargin="0.0500126mm" />
+ <smtpad portHints={["pin28"]} pcbX="4.249928mm" pcbY="-7.025005mm" width="0.3999992mm" height="0.7999984mm" shape="rect" solderPasteMargin="0mm" solderMaskMargin="0.0500126mm" />
+ <smtpad portHints={["pin29"]} pcbX="5.100066mm" pcbY="-7.025005mm" width="0.3999992mm" height="0.7999984mm" shape="rect" solderPasteMargin="0mm" solderMaskMargin="0.0500126mm" />
+ <smtpad portHints={["pin30"]} pcbX="5.94995mm" pcbY="-7.025005mm" width="0.3999992mm" height="0.7999984mm" shape="rect" solderPasteMargin="0mm" solderMaskMargin="0.0500126mm" />
+ <smtpad portHints={["pin31"]} pcbX="6.975094mm" pcbY="-5.949823mm" width="0.7999984mm" height="0.3999992mm" shape="rect" solderPasteMargin="0mm" solderMaskMargin="0.0500126mm" />
+ <smtpad portHints={["pin32"]} pcbX="6.975094mm" pcbY="-5.099939mm" width="0.7999984mm" height="0.3999992mm" shape="rect" solderPasteMargin="0mm" solderMaskMargin="0.0500126mm" />
+ <smtpad portHints={["pin33"]} pcbX="6.975094mm" pcbY="-4.249801mm" width="0.7999984mm" height="0.3999992mm" shape="rect" solderPasteMargin="0mm" solderMaskMargin="0.0500126mm" />
+ <smtpad portHints={["pin34"]} pcbX="6.975094mm" pcbY="-3.399917mm" width="0.7999984mm" height="0.3999992mm" shape="rect" solderPasteMargin="0mm" solderMaskMargin="0.0500126mm" />
+ <smtpad portHints={["pin35"]} pcbX="6.975094mm" pcbY="-2.549779mm" width="0.7999984mm" height="0.3999992mm" shape="rect" solderPasteMargin="0mm" solderMaskMargin="0.0500126mm" />
+ <smtpad portHints={["pin36"]} pcbX="6.975094mm" pcbY="-1.699895mm" width="0.7999984mm" height="0.3999992mm" shape="rect" solderPasteMargin="0mm" solderMaskMargin="0.0500126mm" />
+ <smtpad portHints={["pin37"]} pcbX="6.975094mm" pcbY="-0.849757mm" width="0.7999984mm" height="0.3999992mm" shape="rect" solderPasteMargin="0mm" solderMaskMargin="0.0500126mm" />
+ <smtpad portHints={["pin38"]} pcbX="6.975094mm" pcbY="0.000127mm" width="0.7999984mm" height="0.3999992mm" shape="rect" solderPasteMargin="0mm" solderMaskMargin="0.0500126mm" />
+ <smtpad portHints={["pin39"]} pcbX="6.975094mm" pcbY="0.850011mm" width="0.7999984mm" height="0.3999992mm" shape="rect" solderPasteMargin="0mm" solderMaskMargin="0.0500126mm" />
+ <smtpad portHints={["pin40"]} pcbX="6.975094mm" pcbY="1.700149mm" width="0.7999984mm" height="0.3999992mm" shape="rect" solderPasteMargin="0mm" solderMaskMargin="0.0500126mm" />
+ <smtpad portHints={["pin41"]} pcbX="6.975094mm" pcbY="2.550033mm" width="0.7999984mm" height="0.3999992mm" shape="rect" solderPasteMargin="0mm" solderMaskMargin="0.0500126mm" />
+ <smtpad portHints={["pin42"]} pcbX="6.975094mm" pcbY="3.400171mm" width="0.7999984mm" height="0.3999992mm" shape="rect" solderPasteMargin="0mm" solderMaskMargin="0.0500126mm" />
+ <smtpad portHints={["pin43"]} pcbX="6.975094mm" pcbY="4.250055mm" width="0.7999984mm" height="0.3999992mm" shape="rect" solderPasteMargin="0mm" solderMaskMargin="0.0500126mm" />
+ <smtpad portHints={["pin44"]} pcbX="6.975094mm" pcbY="5.100193mm" width="0.7999984mm" height="0.3999992mm" shape="rect" solderPasteMargin="0mm" solderMaskMargin="0.0500126mm" />
+ <smtpad portHints={["pin45"]} pcbX="6.975094mm" pcbY="5.950077mm" width="0.7999984mm" height="0.3999992mm" shape="rect" solderPasteMargin="0mm" solderMaskMargin="0.0500126mm" />
+ <smtpad portHints={["pin46"]} pcbX="5.94995mm" pcbY="7.025005mm" width="0.3999992mm" height="0.7999984mm" shape="rect" solderPasteMargin="0mm" solderMaskMargin="0.0500126mm" />
+ <smtpad portHints={["pin47"]} pcbX="5.100066mm" pcbY="7.025005mm" width="0.3999992mm" height="0.7999984mm" shape="rect" solderPasteMargin="0mm" solderMaskMargin="0.0500126mm" />
+ <smtpad portHints={["pin48"]} pcbX="4.249928mm" pcbY="7.025005mm" width="0.3999992mm" height="0.7999984mm" shape="rect" solderPasteMargin="0mm" solderMaskMargin="0.0500126mm" />
+ <smtpad portHints={["pin49"]} pcbX="3.400044mm" pcbY="7.025005mm" width="0.3999992mm" height="0.7999984mm" shape="rect" solderPasteMargin="0mm" solderMaskMargin="0.0500126mm" />
+ <smtpad portHints={["pin50"]} pcbX="2.549906mm" pcbY="7.025005mm" width="0.3999992mm" height="0.7999984mm" shape="rect" solderPasteMargin="0mm" solderMaskMargin="0.0500126mm" />
+ <smtpad portHints={["pin51"]} pcbX="1.700022mm" pcbY="7.025005mm" width="0.3999992mm" height="0.7999984mm" shape="rect" solderPasteMargin="0mm" solderMaskMargin="0.0500126mm" />
+ <smtpad portHints={["pin52"]} pcbX="0.849884mm" pcbY="7.025005mm" width="0.3999992mm" height="0.7999984mm" shape="rect" solderPasteMargin="0mm" solderMaskMargin="0.0500126mm" />
+ <smtpad portHints={["pin53"]} pcbX="0mm" pcbY="7.025005mm" width="0.3999992mm" height="0.7999984mm" shape="rect" solderPasteMargin="0mm" solderMaskMargin="0.0500126mm" />
+ <smtpad portHints={["pin54"]} pcbX="-0.849884mm" pcbY="7.025005mm" width="0.3999992mm" height="0.7999984mm" shape="rect" solderPasteMargin="0mm" solderMaskMargin="0.0500126mm" />
+ <smtpad portHints={["pin55"]} pcbX="-1.700022mm" pcbY="7.025005mm" width="0.3999992mm" height="0.7999984mm" shape="rect" solderPasteMargin="0mm" solderMaskMargin="0.0500126mm" />
+ <smtpad portHints={["pin56"]} pcbX="-2.549906mm" pcbY="7.025005mm" width="0.3999992mm" height="0.7999984mm" shape="rect" solderPasteMargin="0mm" solderMaskMargin="0.0500126mm" />
+ <smtpad portHints={["pin57"]} pcbX="-3.400044mm" pcbY="7.025005mm" width="0.3999992mm" height="0.7999984mm" shape="rect" solderPasteMargin="0mm" solderMaskMargin="0.0500126mm" />
+ <smtpad portHints={["pin58"]} pcbX="-4.249928mm" pcbY="7.025005mm" width="0.3999992mm" height="0.7999984mm" shape="rect" solderPasteMargin="0mm" solderMaskMargin="0.0500126mm" />
+ <smtpad portHints={["pin59"]} pcbX="-5.100066mm" pcbY="7.025005mm" width="0.3999992mm" height="0.7999984mm" shape="rect" solderPasteMargin="0mm" solderMaskMargin="0.0500126mm" />
+ <smtpad portHints={["pin60"]} pcbX="-5.94995mm" pcbY="7.025005mm" width="0.3999992mm" height="0.7999984mm" shape="rect" solderPasteMargin="0mm" solderMaskMargin="0.0500126mm" />
+ <smtpad portHints={["pin61"]} pcbX="-6.999986mm" pcbY="7.000113mm" width="0.7999984mm" height="0.7999984mm" shape="rect" solderPasteMargin="0mm" solderMaskMargin="0.0500126mm" />
+ <smtpad portHints={["pin61"]} pcbX="6.999986mm" pcbY="7.000113mm" width="0.7999984mm" height="0.7999984mm" shape="rect" solderPasteMargin="0mm" solderMaskMargin="0.0500126mm" />
+ <smtpad portHints={["pin61"]} pcbX="-6.999986mm" pcbY="-6.999859mm" width="0.7999984mm" height="0.7999984mm" shape="rect" solderPasteMargin="0mm" solderMaskMargin="0.0500126mm" />
+ <smtpad portHints={["pin61"]} pcbX="6.999986mm" pcbY="-6.999859mm" width="0.7999984mm" height="0.7999984mm" shape="rect" solderPasteMargin="0mm" solderMaskMargin="0.0500126mm" />
+ <smtpad portHints={["pin61"]} pcbX="-1.649984mm" pcbY="1.650111mm" width="1.1999976mm" height="1.1999976mm" shape="rect" solderPasteMargin="0mm" solderMaskMargin="0.0500126mm" />
+ <smtpad portHints={["pin61"]} pcbX="0mm" pcbY="1.650111mm" width="1.1999976mm" height="1.1999976mm" shape="rect" solderPasteMargin="0mm" solderMaskMargin="0.0500126mm" />
+ <smtpad portHints={["pin61"]} pcbX="1.649984mm" pcbY="1.650111mm" width="1.1999976mm" height="1.1999976mm" shape="rect" solderPasteMargin="0mm" solderMaskMargin="0.0500126mm" />
+ <smtpad portHints={["pin61"]} pcbX="-1.649984mm" pcbY="0.000127mm" width="1.1999976mm" height="1.1999976mm" shape="rect" solderPasteMargin="0mm" solderMaskMargin="0.0500126mm" />
+ <smtpad portHints={["pin61"]} pcbX="0mm" pcbY="0.000127mm" width="1.1999976mm" height="1.1999976mm" shape="rect" solderPasteMargin="0mm" solderMaskMargin="0.0500126mm" />
+ <smtpad portHints={["pin61"]} pcbX="1.649984mm" pcbY="0.000127mm" width="1.1999976mm" height="1.1999976mm" shape="rect" solderPasteMargin="0mm" solderMaskMargin="0.0500126mm" />
+ <smtpad portHints={["pin61"]} pcbX="-1.649984mm" pcbY="-1.649857mm" width="1.1999976mm" height="1.1999976mm" shape="rect" solderPasteMargin="0mm" solderMaskMargin="0.0500126mm" />
+ <smtpad portHints={["pin61"]} pcbX="0mm" pcbY="-1.649857mm" width="1.1999976mm" height="1.1999976mm" shape="rect" solderPasteMargin="0mm" solderMaskMargin="0.0500126mm" />
+ <smtpad portHints={["pin61"]} pcbX="1.649984mm" pcbY="-1.649857mm" width="1.1999976mm" height="1.1999976mm" shape="rect" solderPasteMargin="0mm" solderMaskMargin="0.0500126mm" />
  <silkscreenpath route={[{"x":-4.8999902000000475,"y":12.100128199999858},{"x":-3.3999932000001536,"y":12.100128199999858},{"x":-3.3999932000001536,"y":10.500131399999987},{"x":-1.1999976000000743,"y":10.500131399999987},{"x":-1.1999976000000743,"y":12.100128199999858},{"x":0.9999979999998914,"y":12.100128199999858},{"x":0.9999979999998914,"y":10.500131399999987},{"x":3.1999935999999707,"y":10.500131399999987},{"x":3.1999935999999707,"y":12.100128199999858},{"x":5.300014799999872,"y":12.100128199999858},{"x":5.300014799999872,"y":9.400133600000004}]} />
  <silkscreenpath route={[{"x":-6.50001240000006,"y":9.400133600000004},{"x":-6.50001240000006,"y":12.100128199999858},{"x":-4.8999902000000475,"y":12.100128199999858},{"x":-4.8999902000000475,"y":9.400133600000004}]} />
  <silkscreenpath route={[{"x":-7.70001000000002,"y":7.749743199999898},{"x":7.800009799999998,"y":7.749743199999898},{"x":7.800009799999998,"y":7.786014399999885}]} />
  <silkscreenpath route={[{"x":-7.70001000000002,"y":12.800126800000044},{"x":7.800009799999998,"y":12.800126800000044},{"x":7.800009799999998,"y":-7.6998830000001135},{"x":-7.70001000000002,"y":-7.6998830000001135},{"x":-7.70001000000002,"y":12.800126800000044}]} />
  <silkscreencircle pcbX="-8.199882mm" pcbY="6.300089mm" radius="0.141478mm" />

- Expected  - 73
+ Received  + 73

      at <anonymous> (/Users/anassarkiz/tsci/tscircuit-store/boards/magnetic-shutter-remote-r5--01a0f81f/evidence/USB4215-import-audit/toolchain/easyeda-converter/tests/convert-to-ts/C2913206-to-ts.test.ts:22:18)
(fail) should convert C2913206 into typescript file [1575.07ms]

tests/convert-to-ts/C7519-schematic-view-repro.test.ts:
(pass) renders C7519 with a white body and visible protection diodes [1448.05ms]

tests/convert-to-ts/C2998002-to-ts.test.ts:
16 |   expect(result).not.toContain("NaNmm")
17 | 
18 |   const circuitJson = await runTscircuitCode(
19 |     wrapTsxWithBoardFor3dSnapshot(result),
20 |   )
21 |   expect(convertCircuitJsonToSchematicSvg(circuitJson)).toMatchSvgSnapshot(
                                                             ^
error: 

Snapshot does not match. Diff saved at /Users/anassarkiz/tsci/tscircuit-store/boards/magnetic-shutter-remote-r5--01a0f81f/evidence/USB4215-import-audit/toolchain/easyeda-converter/tests/convert-to-ts/__snapshots__/C2998002-to-ts-schematic.diff.png
      at <anonymous> (/Users/anassarkiz/tsci/tscircuit-store/boards/magnetic-shutter-remote-r5--01a0f81f/evidence/USB4215-import-audit/toolchain/easyeda-converter/tests/convert-to-ts/C2998002-to-ts.test.ts:21:57)
(fail) should convert C2998002 into typescript file [1238.50ms]

tests/convert-to-ts/C22446580-to-ts.test.ts:
17 |   const circuitJson = await runTscircuitCode(
18 |     wrapTsxWithBoardFor3dSnapshot(result),
19 |   )
20 |   await expect(circuitJson).toMatch3dSnapshot(import.meta.path)
21 | 
22 |   expect(result).toMatchInlineSnapshot(`
                      ^
error: expect(received).toMatchInlineSnapshot(expected)

@@ -37,27 +37,27 @@
      "C22446580"
    ]
  }}
        manufacturerPartNumber="74HC4051LQ/TR"
        footprint={<footprint>
-         <smtpad portHints={["pin1"]} pcbX="-1.499997mm" pcbY="0.750062mm" width="0.7999984mm" height="0.2800096mm" radius="0.1400048mm" shape="pill" />
- <smtpad portHints={["pin2"]} pcbX="-1.499997mm" pcbY="0.249936mm" width="0.7999984mm" height="0.2800096mm" radius="0.1400048mm" shape="pill" />
- <smtpad portHints={["pin3"]} pcbX="-1.499997mm" pcbY="-0.249936mm" width="0.7999984mm" height="0.2800096mm" radius="0.1400048mm" shape="pill" />
- <smtpad portHints={["pin4"]} pcbX="-1.499997mm" pcbY="-0.750062mm" width="0.7999984mm" height="0.2800096mm" radius="0.1400048mm" shape="pill" />
- <smtpad portHints={["pin5"]} pcbX="-0.750062mm" pcbY="-1.499997mm" width="0.2800096mm" height="0.7999984mm" radius="0.1400048mm" shape="pill" />
- <smtpad portHints={["pin6"]} pcbX="-0.249936mm" pcbY="-1.499997mm" width="0.2800096mm" height="0.7999984mm" radius="0.1400048mm" shape="pill" />
- <smtpad portHints={["pin7"]} pcbX="0.249936mm" pcbY="-1.499997mm" width="0.2800096mm" height="0.7999984mm" radius="0.1400048mm" shape="pill" />
- <smtpad portHints={["pin8"]} pcbX="0.750062mm" pcbY="-1.499997mm" width="0.2800096mm" height="0.7999984mm" radius="0.1400048mm" shape="pill" />
- <smtpad portHints={["pin9"]} pcbX="1.499997mm" pcbY="-0.750062mm" width="0.7999984mm" height="0.2800096mm" radius="0.1400048mm" shape="pill" />
- <smtpad portHints={["pin10"]} pcbX="1.499997mm" pcbY="-0.249936mm" width="0.7999984mm" height="0.2800096mm" radius="0.1400048mm" shape="pill" />
- <smtpad portHints={["pin11"]} pcbX="1.499997mm" pcbY="0.249936mm" width="0.7999984mm" height="0.2800096mm" radius="0.1400048mm" shape="pill" />
- <smtpad portHints={["pin12"]} pcbX="1.499997mm" pcbY="0.750062mm" width="0.7999984mm" height="0.2800096mm" radius="0.1400048mm" shape="pill" />
- <smtpad portHints={["pin13"]} pcbX="0.750062mm" pcbY="1.499997mm" width="0.2800096mm" height="0.7999984mm" radius="0.1400048mm" shape="pill" />
- <smtpad portHints={["pin14"]} pcbX="0.249936mm" pcbY="1.499997mm" width="0.2800096mm" height="0.7999984mm" radius="0.1400048mm" shape="pill" />
- <smtpad portHints={["pin15"]} pcbX="-0.249936mm" pcbY="1.499997mm" width="0.2800096mm" height="0.7999984mm" radius="0.1400048mm" shape="pill" />
- <smtpad portHints={["pin16"]} pcbX="-0.750062mm" pcbY="1.499997mm" width="0.2800096mm" height="0.7999984mm" radius="0.1400048mm" shape="pill" />
- <smtpad portHints={["pin17"]} pcbX="0mm" pcbY="0mm" width="1.5999968mm" height="1.5999968mm" shape="rect" />
+         <smtpad portHints={["pin1"]} pcbX="-1.499997mm" pcbY="0.750062mm" width="0.7999984mm" height="0.2800096mm" radius="0.1400048mm" shape="pill" solderPasteMargin="0mm" solderMaskMargin="0.0508mm" />
+ <smtpad portHints={["pin2"]} pcbX="-1.499997mm" pcbY="0.249936mm" width="0.7999984mm" height="0.2800096mm" radius="0.1400048mm" shape="pill" solderPasteMargin="0mm" solderMaskMargin="0.0508mm" />
+ <smtpad portHints={["pin3"]} pcbX="-1.499997mm" pcbY="-0.249936mm" width="0.7999984mm" height="0.2800096mm" radius="0.1400048mm" shape="pill" solderPasteMargin="0mm" solderMaskMargin="0.0508mm" />
+ <smtpad portHints={["pin4"]} pcbX="-1.499997mm" pcbY="-0.750062mm" width="0.7999984mm" height="0.2800096mm" radius="0.1400048mm" shape="pill" solderPasteMargin="0mm" solderMaskMargin="0.0508mm" />
+ <smtpad portHints={["pin5"]} pcbX="-0.750062mm" pcbY="-1.499997mm" width="0.2800096mm" height="0.7999984mm" radius="0.1400048mm" shape="pill" solderPasteMargin="0mm" solderMaskMargin="0.0508mm" />
+ <smtpad portHints={["pin6"]} pcbX="-0.249936mm" pcbY="-1.499997mm" width="0.2800096mm" height="0.7999984mm" radius="0.1400048mm" shape="pill" solderPasteMargin="0mm" solderMaskMargin="0.0508mm" />
+ <smtpad portHints={["pin7"]} pcbX="0.249936mm" pcbY="-1.499997mm" width="0.2800096mm" height="0.7999984mm" radius="0.1400048mm" shape="pill" solderPasteMargin="0mm" solderMaskMargin="0.0508mm" />
+ <smtpad portHints={["pin8"]} pcbX="0.750062mm" pcbY="-1.499997mm" width="0.2800096mm" height="0.7999984mm" radius="0.1400048mm" shape="pill" solderPasteMargin="0mm" solderMaskMargin="0.0508mm" />
+ <smtpad portHints={["pin9"]} pcbX="1.499997mm" pcbY="-0.750062mm" width="0.7999984mm" height="0.2800096mm" radius="0.1400048mm" shape="pill" solderPasteMargin="0mm" solderMaskMargin="0.0508mm" />
+ <smtpad portHints={["pin10"]} pcbX="1.499997mm" pcbY="-0.249936mm" width="0.7999984mm" height="0.2800096mm" radius="0.1400048mm" shape="pill" solderPasteMargin="0mm" solderMaskMargin="0.0508mm" />
+ <smtpad portHints={["pin11"]} pcbX="1.499997mm" pcbY="0.249936mm" width="0.7999984mm" height="0.2800096mm" radius="0.1400048mm" shape="pill" solderPasteMargin="0mm" solderMaskMargin="0.0508mm" />
+ <smtpad portHints={["pin12"]} pcbX="1.499997mm" pcbY="0.750062mm" width="0.7999984mm" height="0.2800096mm" radius="0.1400048mm" shape="pill" solderPasteMargin="0mm" solderMaskMargin="0.0508mm" />
+ <smtpad portHints={["pin13"]} pcbX="0.750062mm" pcbY="1.499997mm" width="0.2800096mm" height="0.7999984mm" radius="0.1400048mm" shape="pill" solderPasteMargin="0mm" solderMaskMargin="0.0508mm" />
+ <smtpad portHints={["pin14"]} pcbX="0.249936mm" pcbY="1.499997mm" width="0.2800096mm" height="0.7999984mm" radius="0.1400048mm" shape="pill" solderPasteMargin="0mm" solderMaskMargin="0.0508mm" />
+ <smtpad portHints={["pin15"]} pcbX="-0.249936mm" pcbY="1.499997mm" width="0.2800096mm" height="0.7999984mm" radius="0.1400048mm" shape="pill" solderPasteMargin="0mm" solderMaskMargin="0.0508mm" />
+ <smtpad portHints={["pin16"]} pcbX="-0.750062mm" pcbY="1.499997mm" width="0.2800096mm" height="0.7999984mm" radius="0.1400048mm" shape="pill" solderPasteMargin="0mm" solderMaskMargin="0.0508mm" />
+ <smtpad portHints={["pin17"]} pcbX="0mm" pcbY="0mm" width="1.5999968mm" height="1.5999968mm" shape="rect" solderPasteMargin="0mm" solderMaskMargin="0.0508mm" />
  <silkscreenpath route={[{"x":-1.7249139999999983,"y":1.275029200000013},{"x":-1.7249139999999983,"y":1.7248632000000086},{"x":-1.2750800000000027,"y":1.7248632000000086}]} />
  <silkscreenpath route={[{"x":1.2750799999999884,"y":1.7248632000000086},{"x":1.7249139999999983,"y":1.7248632000000086},{"x":1.7249139999999983,"y":1.275029200000013}]} />
  <silkscreenpath route={[{"x":1.2750799999999884,"y":-1.724964799999995},{"x":1.7249139999999983,"y":-1.724964799999995},{"x":1.7249139999999983,"y":-1.2751307999999923}]} />
  <silkscreenpath route={[{"x":-1.2750800000000027,"y":-1.724964799999995},{"x":-1.7249139999999983,"y":-1.724964799999995},{"x":-1.7249139999999983,"y":-1.2751307999999923}]} />
  <silkscreenpath route={[{"x":-2.075179999999996,"y":1.5239492000000041},{"x":-2.2258220297039273,"y":1.672690255997665},{"x":-2.375199424014731,"y":1.522679200000006},{"x":-2.2258220297039273,"y":1.372668144002347},{"x":-2.075179999999996,"y":1.521409200000008}]} />

- Expected  - 17
+ Received  + 17

      at <anonymous> (/Users/anassarkiz/tsci/tscircuit-store/boards/magnetic-shutter-remote-r5--01a0f81f/evidence/USB4215-import-audit/toolchain/easyeda-converter/tests/convert-to-ts/C22446580-to-ts.test.ts:22:18)
(fail) should convert C22446580 into typescript file [1568.84ms]

tests/convert-to-ts/C51950748-to-ts.test.ts:
19 |   expect(result).not.toContain("NaNmm")
20 | 
21 |   const circuitJson = await runTscircuitCode(
22 |     wrapTsxWithBoardFor3dSnapshot(result),
23 |   )
24 |   expect(convertCircuitJsonToSchematicSvg(circuitJson)).toMatchSvgSnapshot(
                                                             ^
error: 

Snapshot does not match. Diff saved at /Users/anassarkiz/tsci/tscircuit-store/boards/magnetic-shutter-remote-r5--01a0f81f/evidence/USB4215-import-audit/toolchain/easyeda-converter/tests/convert-to-ts/__snapshots__/C51950748-to-ts-schematic.diff.png
      at <anonymous> (/Users/anassarkiz/tsci/tscircuit-store/boards/magnetic-shutter-remote-r5--01a0f81f/evidence/USB4215-import-audit/toolchain/easyeda-converter/tests/convert-to-ts/C51950748-to-ts.test.ts:24:57)
(fail) should convert C51950748 into typescript file [1417.93ms]

tests/convert-to-ts/c165948-multiple-pin-aliases.test.ts:
37 | 
38 |   const generatedCircuitJson = await runTscircuitCode(
39 |     wrapTsxWithBoardFor3dSnapshot(result),
40 |   )
41 | 
42 |   expect(convertCircuitJsonToPcbSvg(generatedCircuitJson)).toMatchSvgSnapshot(
                                                                ^
error: 

Snapshot does not match. Diff saved at /Users/anassarkiz/tsci/tscircuit-store/boards/magnetic-shutter-remote-r5--01a0f81f/evidence/USB4215-import-audit/toolchain/easyeda-converter/tests/convert-to-ts/__snapshots__/c165948-multiple-pin-aliases-pcb.diff.png
      at <anonymous> (/Users/anassarkiz/tsci/tscircuit-store/boards/magnetic-shutter-remote-r5--01a0f81f/evidence/USB4215-import-audit/toolchain/easyeda-converter/tests/convert-to-ts/c165948-multiple-pin-aliases.test.ts:42:60)
(fail) preserves all C165948 pin aliases in generated TSX [2022.27ms]

tests/convert-to-ts/C281113-to-ts.test.ts:
22 |     import.meta.path,
23 |     "C281113-to-ts-schematic",
24 |   )
25 |   await expect(circuitJson).toMatch3dSnapshot(import.meta.path)
26 | 
27 |   expect(result).toMatchInlineSnapshot(`
                      ^
error: expect(received).toMatchInlineSnapshot(expected)

@@ -26,12 +26,14 @@
      "C281113"
    ]
  }}
        manufacturerPartNumber="MGFL2012F100MT-LF"
        footprint={<footprint>
-         <smtpad portHints={["pin1"]} pcbX="-0.966216mm" pcbY="0mm" width="1.1325352mm" height="1.3770102mm" shape="rect" />
- <smtpad portHints={["pin2"]} pcbX="0.966216mm" pcbY="0mm" width="1.1325352mm" height="1.3770102mm" shape="rect" />
+         <smtpad portHints={["pin1"]} pcbX="-0.966216mm" pcbY="0mm" width="1.1325352mm" height="1.3770102mm" shape="rect" solderPasteMargin="-100.0000032mm" solderMaskMargin="0.0508mm" />
+ <smtpad portHints={["pin2"]} pcbX="0.966216mm" pcbY="0mm" width="1.1325352mm" height="1.3770102mm" shape="rect" solderPasteMargin="-100.0000032mm" solderMaskMargin="0.0508mm" />
+ <solderpaste shape="polygon" points={[{"x":-0.3599941999998464,"y":-0.22024339999995846},{"x":-0.3599941999998464,"y":0.22037039999997887},{"x":-0.7450581999999031,"y":0.6885177999999996},{"x":-1.4325345999998262,"y":0.6885177999999996},{"x":-1.5325343999999177,"y":0.5885180000000219},{"x":-1.5325343999999177,"y":-0.5884417999999414},{"x":-1.4325345999998262,"y":-0.6884415999999192},{"x":-0.7450581999999031,"y":-0.6884415999999192}]} />
+ <solderpaste shape="polygon" points={[{"x":0.35999420000007376,"y":-0.22024339999995846},{"x":0.35999420000007376,"y":0.22037039999997887},{"x":0.7450582000001305,"y":0.6885177999999996},{"x":1.4325346000000536,"y":0.6885177999999996},{"x":1.5325344000000314,"y":0.5885180000000219},{"x":1.5325344000000314,"y":-0.5884417999999414},{"x":1.4325346000000536,"y":-0.6884415999999192},{"x":0.7450582000001305,"y":-0.6884415999999192}]} />
  <silkscreenpath route={[{"x":-0.4212590000000773,"y":1.015949199999909},{"x":-1.5642590000001064,"y":1.015949199999909},{"x":-1.6912590000000591,"y":1.015949199999909},{"x":-1.9452590000000782,"y":0.76194919999989},{"x":-1.9452590000000782,"y":-0.6350507999999309},{"x":-1.9452590000000782,"y":-0.7620508000001109},{"x":-1.6912590000000591,"y":-1.0160508000000164},{"x":-0.4212590000000773,"y":-1.0160508000000164}]} />
  <silkscreenpath route={[{"x":0.34074099999998,"y":-1.0160508000000164},{"x":1.4837409999998954,"y":-1.0160508000000164},{"x":1.6107409999999618,"y":-1.0160508000000164},{"x":1.8647409999998672,"y":-0.7620508000001109},{"x":1.8647409999998672,"y":0.6349491999999373},{"x":1.8647409999998672,"y":0.76194919999989},{"x":1.6107409999999618,"y":1.015949199999909},{"x":0.34074099999998,"y":1.015949199999909}]} />
  <silkscreentext text="{NAME}" pcbX="-0.04191mm" pcbY="2.019302mm" anchorAlignment="center" fontSize="1mm" />
  <courtyardoutline outline={[{"x":-1.782483599999864,"y":0.9385051000000431},{"x":1.7824835999999777,"y":0.9385051000000431},{"x":1.7824835999999777,"y":-0.9385051000000431},{"x":-1.782483599999864,"y":-0.9385051000000431},{"x":-1.782483599999864,"y":0.9385051000000431}]} />
        </footprint>}

- Expected  - 2
+ Received  + 4

      at <anonymous> (/Users/anassarkiz/tsci/tscircuit-store/boards/magnetic-shutter-remote-r5--01a0f81f/evidence/USB4215-import-audit/toolchain/easyeda-converter/tests/convert-to-ts/C281113-to-ts.test.ts:27:18)
(fail) should convert C281113 into typescript file [1353.45ms]

tests/convert-to-ts/C488251-pcb-view-repro.test.ts:
 9 | it("renders the C488251 PCB view", async () => {
10 |   const betterEasy = EasyEdaJsonSchema.parse(chipRawEasy)
11 |   const tsx = await convertBetterEasyToTsx({ betterEasy })
12 |   const circuitJson = await runTscircuitCode(wrapTsxWithBoardFor3dSnapshot(tsx))
13 | 
14 |   expect(convertCircuitJsonToPcbSvg(circuitJson)).toMatchSvgSnapshot(
                                                       ^
error: 

Snapshot does not match. Diff saved at /Users/anassarkiz/tsci/tscircuit-store/boards/magnetic-shutter-remote-r5--01a0f81f/evidence/USB4215-import-audit/toolchain/easyeda-converter/tests/convert-to-ts/__snapshots__/C488251-pcb-view.diff.png
      at <anonymous> (/Users/anassarkiz/tsci/tscircuit-store/boards/magnetic-shutter-remote-r5--01a0f81f/evidence/USB4215-import-audit/toolchain/easyeda-converter/tests/convert-to-ts/C488251-pcb-view-repro.test.ts:14:51)
(fail) renders the C488251 PCB view [1302.07ms]

tests/convert-to-ts/smd-resistors-to-ts.test.ts:
(pass) converts C17168 R0402 to a resistor [1063.03ms]
(pass) converts C11702 R0402 to a resistor [1137.13ms]
(pass) converts C25744 R0402 to a resistor [1160.75ms]
(pass) converts C2929994 R0402 to a resistor [943.51ms]
(pass) converts C107701 R0603 to a resistor [1111.68ms]
(pass) uses the native schematic symbol for an imported C107701 resistor [1158.99ms]

tests/convert-to-ts/C1985372-to-ts.test.ts:
(pass) keeps C1985372 on tscircuit's schematic grid [1050.32ms]

tests/convert-to-ts/C128415-to-ts.test.ts:
17 |   const circuitJson = await runTscircuitCode(
18 |     wrapTsxWithBoardFor3dSnapshot(result),
19 |   )
20 |   await expect(circuitJson).toMatch3dSnapshot(import.meta.path)
21 | 
22 |   expect(result).toMatchInlineSnapshot(`
                      ^
error: expect(received).toMatchInlineSnapshot(expected)

@@ -27,18 +27,18 @@
      "C128415"
    ]
  }}
        manufacturerPartNumber="NA555DR"
        footprint={<footprint>
-         <smtpad portHints={["pin5"]} pcbX="1.905mm" pcbY="2.569972mm" width="0.58801mm" height="2.0450048mm" radius="0.294005mm" shape="pill" />
- <smtpad portHints={["pin6"]} pcbX="0.635mm" pcbY="2.569972mm" width="0.58801mm" height="2.0450048mm" radius="0.294005mm" shape="pill" />
- <smtpad portHints={["pin7"]} pcbX="-0.635mm" pcbY="2.569972mm" width="0.58801mm" height="2.0450048mm" radius="0.294005mm" shape="pill" />
- <smtpad portHints={["pin8"]} pcbX="-1.905mm" pcbY="2.569972mm" width="0.58801mm" height="2.0450048mm" radius="0.294005mm" shape="pill" />
- <smtpad portHints={["pin4"]} pcbX="1.905mm" pcbY="-2.569972mm" width="0.58801mm" height="2.0450048mm" radius="0.294005mm" shape="pill" />
- <smtpad portHints={["pin3"]} pcbX="0.635mm" pcbY="-2.569972mm" width="0.58801mm" height="2.0450048mm" radius="0.294005mm" shape="pill" />
- <smtpad portHints={["pin2"]} pcbX="-0.635mm" pcbY="-2.569972mm" width="0.58801mm" height="2.0450048mm" radius="0.294005mm" shape="pill" />
- <smtpad portHints={["pin1"]} pcbX="-1.905mm" pcbY="-2.569972mm" width="0.58801mm" height="2.0450048mm" radius="0.294005mm" shape="pill" />
+         <smtpad portHints={["pin5"]} pcbX="1.905mm" pcbY="2.569972mm" width="0.58801mm" height="2.0450048mm" radius="0.294005mm" shape="pill" solderPasteMargin="0mm" solderMaskMargin="0.0508mm" />
+ <smtpad portHints={["pin6"]} pcbX="0.635mm" pcbY="2.569972mm" width="0.58801mm" height="2.0450048mm" radius="0.294005mm" shape="pill" solderPasteMargin="0mm" solderMaskMargin="0.0508mm" />
+ <smtpad portHints={["pin7"]} pcbX="-0.635mm" pcbY="2.569972mm" width="0.58801mm" height="2.0450048mm" radius="0.294005mm" shape="pill" solderPasteMargin="0mm" solderMaskMargin="0.0508mm" />
+ <smtpad portHints={["pin8"]} pcbX="-1.905mm" pcbY="2.569972mm" width="0.58801mm" height="2.0450048mm" radius="0.294005mm" shape="pill" solderPasteMargin="0mm" solderMaskMargin="0.0508mm" />
+ <smtpad portHints={["pin4"]} pcbX="1.905mm" pcbY="-2.569972mm" width="0.58801mm" height="2.0450048mm" radius="0.294005mm" shape="pill" solderPasteMargin="0mm" solderMaskMargin="0.0508mm" />
+ <smtpad portHints={["pin3"]} pcbX="0.635mm" pcbY="-2.569972mm" width="0.58801mm" height="2.0450048mm" radius="0.294005mm" shape="pill" solderPasteMargin="0mm" solderMaskMargin="0.0508mm" />
+ <smtpad portHints={["pin2"]} pcbX="-0.635mm" pcbY="-2.569972mm" width="0.58801mm" height="2.0450048mm" radius="0.294005mm" shape="pill" solderPasteMargin="0mm" solderMaskMargin="0.0508mm" />
+ <smtpad portHints={["pin1"]} pcbX="-1.905mm" pcbY="-2.569972mm" width="0.58801mm" height="2.0450048mm" radius="0.294005mm" shape="pill" solderPasteMargin="0mm" solderMaskMargin="0.0508mm" />
  <silkscreenpath route={[{"x":-2.5262078000000656,"y":-1.5214091999999937},{"x":-2.5262078000000656,"y":1.5214092000001074},{"x":2.526207799999952,"y":1.5214092000001074},{"x":2.526207799999952,"y":-1.5214091999999937},{"x":-2.5262078000000656,"y":-1.5214091999999937}]} />
  <silkscreencircle pcbX="-1.905mm" pcbY="-0.769112mm" radius="0.150114mm" />
  <silkscreencircle pcbX="-2.651506mm" pcbY="-2.77241mm" radius="0.150114mm" />
  <silkscreentext text="{NAME}" pcbX="-0.127mm" pcbY="4.302mm" anchorAlignment="center" fontSize="1mm" />
  <courtyardoutline outline={[{"x":-2.699982400000067,"y":3.8424744000000146},{"x":2.7000077999998666,"y":3.8424744000000146},{"x":2.7000077999998666,"y":-3.8424744000000146},{"x":-2.699982400000067,"y":-3.8424744000000146},{"x":-2.699982400000067,"y":3.8424744000000146}]} />

- Expected  - 8
+ Received  + 8

      at <anonymous> (/Users/anassarkiz/tsci/tscircuit-store/boards/magnetic-shutter-remote-r5--01a0f81f/evidence/USB4215-import-audit/toolchain/easyeda-converter/tests/convert-to-ts/C128415-to-ts.test.ts:22:18)
(fail) should convert C128415 into typescript file [1481.64ms]

tests/convert-to-ts/C3178291-to-ts.test.ts:
17 |   const circuitJson = await runTscircuitCode(
18 |     wrapTsxWithBoardFor3dSnapshot(result),
19 |   )
20 |   await expect(circuitJson).toMatch3dSnapshot(import.meta.path)
21 | 
22 |   expect(result).toMatchInlineSnapshot(`
                      ^
error: expect(received).toMatchInlineSnapshot(expected)

@@ -33,22 +33,22 @@
      "C3178291"
    ]
  }}
        manufacturerPartNumber="VL53L4CDV0DH/1"
        footprint={<footprint>
-         <smtpad portHints={["pin10"]} pcbX="0.768096mm" pcbY="0.8001mm" width="0.508mm" height="0.508mm" shape="rect" />
- <smtpad portHints={["pin11"]} pcbX="1.568196mm" pcbY="0.8001mm" width="0.508mm" height="0.508mm" shape="rect" />
- <smtpad portHints={["pin12"]} pcbX="1.568196mm" pcbY="-0mm" width="0.508mm" height="0.508mm" shape="rect" />
- <smtpad portHints={["pin9"]} pcbX="-0.032004mm" pcbY="0.8001mm" width="0.508mm" height="0.508mm" shape="rect" />
- <smtpad portHints={["pin8"]} pcbX="-0.83185mm" pcbY="0.8001mm" width="0.508mm" height="0.508mm" shape="rect" />
- <smtpad portHints={["pin6"]} pcbX="-1.63195mm" pcbY="-0mm" width="0.508mm" height="0.508mm" shape="rect" />
- <smtpad portHints={["pin7"]} pcbX="-1.63195mm" pcbY="0.8001mm" width="0.508mm" height="0.508mm" shape="rect" />
- <smtpad portHints={["pin5"]} pcbX="-1.63195mm" pcbY="-0.799846mm" width="0.508mm" height="0.508mm" shape="rect" />
- <smtpad portHints={["pin4"]} pcbX="-0.83185mm" pcbY="-0.799846mm" width="0.508mm" height="0.508mm" shape="rect" />
- <smtpad portHints={["pin1"]} points={[{x: "1.2505944mm", y: "-0.5458968mm"}, {x: "1.8855944mm", y: "-0.5458968mm"}, {x: "1.8855944mm", y: "-0.7998968mm"}, {x: "1.7585944mm", y: "-0.7998968mm"}, {x: "1.7585944mm", y: "-1.0538968mm"}, {x: "1.2505944mm", y: "-1.0538968mm"}, {x: "1.2505944mm", y: "-0.5458968mm"}]} shape="polygon" />
- <smtpad portHints={["pin2"]} pcbX="0.768096mm" pcbY="-0.799846mm" width="0.508mm" height="0.508mm" shape="rect" />
- <smtpad portHints={["pin3"]} pcbX="-0.032004mm" pcbY="-0.799846mm" width="0.508mm" height="0.508mm" shape="rect" />
+         <smtpad portHints={["pin10"]} pcbX="0.768096mm" pcbY="0.8001mm" width="0.508mm" height="0.508mm" shape="rect" solderPasteMargin="0mm" solderMaskMargin="0.0500126mm" />
+ <smtpad portHints={["pin11"]} pcbX="1.568196mm" pcbY="0.8001mm" width="0.508mm" height="0.508mm" shape="rect" solderPasteMargin="0mm" solderMaskMargin="0.0500126mm" />
+ <smtpad portHints={["pin12"]} pcbX="1.568196mm" pcbY="-0mm" width="0.508mm" height="0.508mm" shape="rect" solderPasteMargin="0mm" solderMaskMargin="0.0500126mm" />
+ <smtpad portHints={["pin9"]} pcbX="-0.032004mm" pcbY="0.8001mm" width="0.508mm" height="0.508mm" shape="rect" solderPasteMargin="0mm" solderMaskMargin="0.0500126mm" />
+ <smtpad portHints={["pin8"]} pcbX="-0.83185mm" pcbY="0.8001mm" width="0.508mm" height="0.508mm" shape="rect" solderPasteMargin="0mm" solderMaskMargin="0.0500126mm" />
+ <smtpad portHints={["pin6"]} pcbX="-1.63195mm" pcbY="-0mm" width="0.508mm" height="0.508mm" shape="rect" solderPasteMargin="0mm" solderMaskMargin="0.0500126mm" />
+ <smtpad portHints={["pin7"]} pcbX="-1.63195mm" pcbY="0.8001mm" width="0.508mm" height="0.508mm" shape="rect" solderPasteMargin="0mm" solderMaskMargin="0.0500126mm" />
+ <smtpad portHints={["pin5"]} pcbX="-1.63195mm" pcbY="-0.799846mm" width="0.508mm" height="0.508mm" shape="rect" solderPasteMargin="0mm" solderMaskMargin="0.0500126mm" />
+ <smtpad portHints={["pin4"]} pcbX="-0.83185mm" pcbY="-0.799846mm" width="0.508mm" height="0.508mm" shape="rect" solderPasteMargin="0mm" solderMaskMargin="0.0500126mm" />
+ <smtpad portHints={["pin1"]} points={[{x: "1.2505944mm", y: "-0.5458968mm"}, {x: "1.8855944mm", y: "-0.5458968mm"}, {x: "1.8855944mm", y: "-0.7998968mm"}, {x: "1.7585944mm", y: "-0.7998968mm"}, {x: "1.7585944mm", y: "-1.0538968mm"}, {x: "1.2505944mm", y: "-1.0538968mm"}, {x: "1.2505944mm", y: "-0.5458968mm"}]} shape="polygon" solderPasteMargin="0mm" solderMaskMargin="0.0500126mm" />
+ <smtpad portHints={["pin2"]} pcbX="0.768096mm" pcbY="-0.799846mm" width="0.508mm" height="0.508mm" shape="rect" solderPasteMargin="0mm" solderMaskMargin="0.0500126mm" />
+ <smtpad portHints={["pin3"]} pcbX="-0.032004mm" pcbY="-0.799846mm" width="0.508mm" height="0.508mm" shape="rect" solderPasteMargin="0mm" solderMaskMargin="0.0500126mm" />
  <silkscreencircle pcbX="1.74625mm" pcbY="-1.651mm" radius="0.127mm" />
  <silkscreenrect pcbX="0mm" pcbY="0mm" width="4.3815mm" height="2.54mm" strokeWidth="0.0999998mm" />
  <silkscreentext text="{NAME}" pcbX="-0.04445mm" pcbY="2.2827mm" anchorAlignment="center" fontSize="1mm" />
  <courtyardoutline outline={[{"x":-2.5318598000000065,"y":1.5001371999999265},{"x":2.468131200000016,"y":1.5001371999999265},{"x":2.468131200000016,"y":-1.4998578000000862},{"x":-2.5318598000000065,"y":-1.4998578000000862},{"x":-2.5318598000000065,"y":1.5001371999999265}]} />
        </footprint>}

- Expected  - 12
+ Received  + 12

      at <anonymous> (/Users/anassarkiz/tsci/tscircuit-store/boards/magnetic-shutter-remote-r5--01a0f81f/evidence/USB4215-import-audit/toolchain/easyeda-converter/tests/convert-to-ts/C3178291-to-ts.test.ts:22:18)
(fail) should convert C3178291 into typescript file [1278.57ms]

tests/convert-to-ts/C82650-to-ts.test.ts:
(pass) converts C82650 LED display driver into a chip [1598.61ms]

tests/convert-to-ts/C2055640-to-ts.test.ts:
42 |     showCourtyards: true,
43 |   })
44 | 
45 |   expect(pcbSvg).toContain("pcb-courtyard-outline")
46 |   expect(pcbSvg).toContain('data-type="pcb_courtyard_outline"')
47 |   expect(pcbSvg).toMatchSvgSnapshot(import.meta.path)
                      ^
error: 

Snapshot does not match. Diff saved at /Users/anassarkiz/tsci/tscircuit-store/boards/magnetic-shutter-remote-r5--01a0f81f/evidence/USB4215-import-audit/toolchain/easyeda-converter/tests/convert-to-ts/__snapshots__/C2055640-to-ts.diff.png
      at <anonymous> (/Users/anassarkiz/tsci/tscircuit-store/boards/magnetic-shutter-remote-r5--01a0f81f/evidence/USB4215-import-audit/toolchain/easyeda-converter/tests/convert-to-ts/C2055640-to-ts.test.ts:47:18)
(fail) C2055640 should preserve courtyard outlines when round-tripping through TSX [1426.50ms]
(pass) repro: C2055640 should preserve circular EasyEDA BGA pads [33.32ms]

tests/convert-to-ts/C157947-to-ts.test.ts:
17 |   const circuitJson = await runTscircuitCode(
18 |     wrapTsxWithBoardFor3dSnapshot(result),
19 |   )
20 |   await expect(circuitJson).toMatch3dSnapshot(import.meta.path)
21 | 
22 |   expect(result).toMatchInlineSnapshot(`
                      ^
error: expect(received).toMatchInlineSnapshot(expected)

@@ -23,20 +23,20 @@
      "C157947"
    ]
  }}
        manufacturerPartNumber="S10B-PH-K-S(LF)(SN)"
        footprint={<footprint>
-         <platedhole  portHints={["pin10"]} pcbX="8.999982mm" pcbY="0mm" outerDiameter="1.499997mm" holeDiameter="0.999998mm" shape="circle" />
- <platedhole  portHints={["pin9"]} pcbX="6.999986mm" pcbY="0mm" outerDiameter="1.499997mm" holeDiameter="0.999998mm" shape="circle" />
- <platedhole  portHints={["pin8"]} pcbX="4.99999mm" pcbY="0mm" outerDiameter="1.499997mm" holeDiameter="0.999998mm" shape="circle" />
- <platedhole  portHints={["pin7"]} pcbX="2.999994mm" pcbY="0mm" outerDiameter="1.499997mm" holeDiameter="0.999998mm" shape="circle" />
- <platedhole  portHints={["pin6"]} pcbX="0.999998mm" pcbY="0mm" outerDiameter="1.499997mm" holeDiameter="0.999998mm" shape="circle" />
- <platedhole  portHints={["pin5"]} pcbX="-0.999998mm" pcbY="0mm" outerDiameter="1.499997mm" holeDiameter="0.999998mm" shape="circle" />
- <platedhole  portHints={["pin4"]} pcbX="-2.999994mm" pcbY="0mm" outerDiameter="1.499997mm" holeDiameter="0.999998mm" shape="circle" />
- <platedhole  portHints={["pin3"]} pcbX="-4.99999mm" pcbY="0mm" outerDiameter="1.499997mm" holeDiameter="0.999998mm" shape="circle" />
- <platedhole  portHints={["pin2"]} pcbX="-6.999986mm" pcbY="0mm" outerDiameter="1.499997mm" holeDiameter="0.999998mm" shape="circle" />
- <platedhole  portHints={["pin1"]} pcbX="-8.999982mm" pcbY="0mm" holeWidth="0.999998mm" holeHeight="0.999998mm" outerWidth="1.499997mm" outerHeight="1.499997mm" rectPad={true} pcbRotation="0deg" shape="pill" />
+         <platedhole solderMaskMargin="0.0508mm"  portHints={["pin10"]} pcbX="8.999982mm" pcbY="0mm" outerDiameter="1.499997mm" holeDiameter="0.999998mm" shape="circle" />
+ <platedhole solderMaskMargin="0.0508mm"  portHints={["pin9"]} pcbX="6.999986mm" pcbY="0mm" outerDiameter="1.499997mm" holeDiameter="0.999998mm" shape="circle" />
+ <platedhole solderMaskMargin="0.0508mm"  portHints={["pin8"]} pcbX="4.99999mm" pcbY="0mm" outerDiameter="1.499997mm" holeDiameter="0.999998mm" shape="circle" />
+ <platedhole solderMaskMargin="0.0508mm"  portHints={["pin7"]} pcbX="2.999994mm" pcbY="0mm" outerDiameter="1.499997mm" holeDiameter="0.999998mm" shape="circle" />
+ <platedhole solderMaskMargin="0.0508mm"  portHints={["pin6"]} pcbX="0.999998mm" pcbY="0mm" outerDiameter="1.499997mm" holeDiameter="0.999998mm" shape="circle" />
+ <platedhole solderMaskMargin="0.0508mm"  portHints={["pin5"]} pcbX="-0.999998mm" pcbY="0mm" outerDiameter="1.499997mm" holeDiameter="0.999998mm" shape="circle" />
+ <platedhole solderMaskMargin="0.0508mm"  portHints={["pin4"]} pcbX="-2.999994mm" pcbY="0mm" outerDiameter="1.499997mm" holeDiameter="0.999998mm" shape="circle" />
+ <platedhole solderMaskMargin="0.0508mm"  portHints={["pin3"]} pcbX="-4.99999mm" pcbY="0mm" outerDiameter="1.499997mm" holeDiameter="0.999998mm" shape="circle" />
+ <platedhole solderMaskMargin="0.0508mm"  portHints={["pin2"]} pcbX="-6.999986mm" pcbY="0mm" outerDiameter="1.499997mm" holeDiameter="0.999998mm" shape="circle" />
+ <platedhole solderMaskMargin="0.0508mm"  portHints={["pin1"]} pcbX="-8.999982mm" pcbY="0mm" holeWidth="0.999998mm" holeHeight="0.999998mm" outerWidth="1.499997mm" outerHeight="1.499997mm" rectPad={true} pcbRotation="0deg" shape="pill" />
  <silkscreenpath route={[{"x":10.999952600000142,"y":1.4999970000000076},{"x":9.999954600000137,"y":1.4999970000000076},{"x":9.999954600000137,"y":0}]} />
  <silkscreenpath route={[{"x":8.000441200000068,"y":-1.9990053999999873},{"x":8.000441200000068,"y":-5.999505400000089}]} />
  <silkscreenpath route={[{"x":7.9999332000001,"y":-1.9990053999999873},{"x":-7.999018799999931,"y":-1.9990053999999873},{"x":-7.999018799999931,"y":-5.999505400000089}]} />
  <silkscreenpath route={[{"x":-11.000003399999969,"y":1.4999970000000076},{"x":-10.000005400000077,"y":1.4999970000000076},{"x":-10.000005400000077,"y":0}]} />
  <silkscreenpath route={[{"x":11.000206599999956,"y":-6.1010800000000245},{"x":11.000206599999956,"y":1.5011146000000508}]} />

- Expected  - 10
+ Received  + 10

      at <anonymous> (/Users/anassarkiz/tsci/tscircuit-store/boards/magnetic-shutter-remote-r5--01a0f81f/evidence/USB4215-import-audit/toolchain/easyeda-converter/tests/convert-to-ts/C157947-to-ts.test.ts:22:18)
(fail) should convert C157947 into typescript file [1534.20ms]

tests/convert-to-ts/C22446580.test.ts:
14 |   })
15 | 
16 |   expect(result).not.toContain("milmm")
17 |   expect(result).not.toContain("NaNmm")
18 | 
19 |   expect(result).toMatchInlineSnapshot(`
                      ^
error: expect(received).toMatchInlineSnapshot(expected)

@@ -37,27 +37,27 @@
      "C22446580"
    ]
  }}
        manufacturerPartNumber="74HC4051LQ/TR"
        footprint={<footprint>
-         <smtpad portHints={["pin1"]} pcbX="-1.499997mm" pcbY="0.750062mm" width="0.7999984mm" height="0.2800096mm" radius="0.1400048mm" shape="pill" />
- <smtpad portHints={["pin2"]} pcbX="-1.499997mm" pcbY="0.249936mm" width="0.7999984mm" height="0.2800096mm" radius="0.1400048mm" shape="pill" />
- <smtpad portHints={["pin3"]} pcbX="-1.499997mm" pcbY="-0.249936mm" width="0.7999984mm" height="0.2800096mm" radius="0.1400048mm" shape="pill" />
- <smtpad portHints={["pin4"]} pcbX="-1.499997mm" pcbY="-0.750062mm" width="0.7999984mm" height="0.2800096mm" radius="0.1400048mm" shape="pill" />
- <smtpad portHints={["pin5"]} pcbX="-0.750062mm" pcbY="-1.499997mm" width="0.2800096mm" height="0.7999984mm" radius="0.1400048mm" shape="pill" />
- <smtpad portHints={["pin6"]} pcbX="-0.249936mm" pcbY="-1.499997mm" width="0.2800096mm" height="0.7999984mm" radius="0.1400048mm" shape="pill" />
- <smtpad portHints={["pin7"]} pcbX="0.249936mm" pcbY="-1.499997mm" width="0.2800096mm" height="0.7999984mm" radius="0.1400048mm" shape="pill" />
- <smtpad portHints={["pin8"]} pcbX="0.750062mm" pcbY="-1.499997mm" width="0.2800096mm" height="0.7999984mm" radius="0.1400048mm" shape="pill" />
- <smtpad portHints={["pin9"]} pcbX="1.499997mm" pcbY="-0.750062mm" width="0.7999984mm" height="0.2800096mm" radius="0.1400048mm" shape="pill" />
- <smtpad portHints={["pin10"]} pcbX="1.499997mm" pcbY="-0.249936mm" width="0.7999984mm" height="0.2800096mm" radius="0.1400048mm" shape="pill" />
- <smtpad portHints={["pin11"]} pcbX="1.499997mm" pcbY="0.249936mm" width="0.7999984mm" height="0.2800096mm" radius="0.1400048mm" shape="pill" />
- <smtpad portHints={["pin12"]} pcbX="1.499997mm" pcbY="0.750062mm" width="0.7999984mm" height="0.2800096mm" radius="0.1400048mm" shape="pill" />
- <smtpad portHints={["pin13"]} pcbX="0.750062mm" pcbY="1.499997mm" width="0.2800096mm" height="0.7999984mm" radius="0.1400048mm" shape="pill" />
- <smtpad portHints={["pin14"]} pcbX="0.249936mm" pcbY="1.499997mm" width="0.2800096mm" height="0.7999984mm" radius="0.1400048mm" shape="pill" />
- <smtpad portHints={["pin15"]} pcbX="-0.249936mm" pcbY="1.499997mm" width="0.2800096mm" height="0.7999984mm" radius="0.1400048mm" shape="pill" />
- <smtpad portHints={["pin16"]} pcbX="-0.750062mm" pcbY="1.499997mm" width="0.2800096mm" height="0.7999984mm" radius="0.1400048mm" shape="pill" />
- <smtpad portHints={["pin17"]} pcbX="0mm" pcbY="0mm" width="1.5999968mm" height="1.5999968mm" shape="rect" />
+         <smtpad portHints={["pin1"]} pcbX="-1.499997mm" pcbY="0.750062mm" width="0.7999984mm" height="0.2800096mm" radius="0.1400048mm" shape="pill" solderPasteMargin="0mm" solderMaskMargin="0.0508mm" />
+ <smtpad portHints={["pin2"]} pcbX="-1.499997mm" pcbY="0.249936mm" width="0.7999984mm" height="0.2800096mm" radius="0.1400048mm" shape="pill" solderPasteMargin="0mm" solderMaskMargin="0.0508mm" />
+ <smtpad portHints={["pin3"]} pcbX="-1.499997mm" pcbY="-0.249936mm" width="0.7999984mm" height="0.2800096mm" radius="0.1400048mm" shape="pill" solderPasteMargin="0mm" solderMaskMargin="0.0508mm" />
+ <smtpad portHints={["pin4"]} pcbX="-1.499997mm" pcbY="-0.750062mm" width="0.7999984mm" height="0.2800096mm" radius="0.1400048mm" shape="pill" solderPasteMargin="0mm" solderMaskMargin="0.0508mm" />
+ <smtpad portHints={["pin5"]} pcbX="-0.750062mm" pcbY="-1.499997mm" width="0.2800096mm" height="0.7999984mm" radius="0.1400048mm" shape="pill" solderPasteMargin="0mm" solderMaskMargin="0.0508mm" />
+ <smtpad portHints={["pin6"]} pcbX="-0.249936mm" pcbY="-1.499997mm" width="0.2800096mm" height="0.7999984mm" radius="0.1400048mm" shape="pill" solderPasteMargin="0mm" solderMaskMargin="0.0508mm" />
+ <smtpad portHints={["pin7"]} pcbX="0.249936mm" pcbY="-1.499997mm" width="0.2800096mm" height="0.7999984mm" radius="0.1400048mm" shape="pill" solderPasteMargin="0mm" solderMaskMargin="0.0508mm" />
+ <smtpad portHints={["pin8"]} pcbX="0.750062mm" pcbY="-1.499997mm" width="0.2800096mm" height="0.7999984mm" radius="0.1400048mm" shape="pill" solderPasteMargin="0mm" solderMaskMargin="0.0508mm" />
+ <smtpad portHints={["pin9"]} pcbX="1.499997mm" pcbY="-0.750062mm" width="0.7999984mm" height="0.2800096mm" radius="0.1400048mm" shape="pill" solderPasteMargin="0mm" solderMaskMargin="0.0508mm" />
+ <smtpad portHints={["pin10"]} pcbX="1.499997mm" pcbY="-0.249936mm" width="0.7999984mm" height="0.2800096mm" radius="0.1400048mm" shape="pill" solderPasteMargin="0mm" solderMaskMargin="0.0508mm" />
+ <smtpad portHints={["pin11"]} pcbX="1.499997mm" pcbY="0.249936mm" width="0.7999984mm" height="0.2800096mm" radius="0.1400048mm" shape="pill" solderPasteMargin="0mm" solderMaskMargin="0.0508mm" />
+ <smtpad portHints={["pin12"]} pcbX="1.499997mm" pcbY="0.750062mm" width="0.7999984mm" height="0.2800096mm" radius="0.1400048mm" shape="pill" solderPasteMargin="0mm" solderMaskMargin="0.0508mm" />
+ <smtpad portHints={["pin13"]} pcbX="0.750062mm" pcbY="1.499997mm" width="0.2800096mm" height="0.7999984mm" radius="0.1400048mm" shape="pill" solderPasteMargin="0mm" solderMaskMargin="0.0508mm" />
+ <smtpad portHints={["pin14"]} pcbX="0.249936mm" pcbY="1.499997mm" width="0.2800096mm" height="0.7999984mm" radius="0.1400048mm" shape="pill" solderPasteMargin="0mm" solderMaskMargin="0.0508mm" />
+ <smtpad portHints={["pin15"]} pcbX="-0.249936mm" pcbY="1.499997mm" width="0.2800096mm" height="0.7999984mm" radius="0.1400048mm" shape="pill" solderPasteMargin="0mm" solderMaskMargin="0.0508mm" />
+ <smtpad portHints={["pin16"]} pcbX="-0.750062mm" pcbY="1.499997mm" width="0.2800096mm" height="0.7999984mm" radius="0.1400048mm" shape="pill" solderPasteMargin="0mm" solderMaskMargin="0.0508mm" />
+ <smtpad portHints={["pin17"]} pcbX="0mm" pcbY="0mm" width="1.5999968mm" height="1.5999968mm" shape="rect" solderPasteMargin="0mm" solderMaskMargin="0.0508mm" />
  <silkscreenpath route={[{"x":-1.7249139999999983,"y":1.275029200000013},{"x":-1.7249139999999983,"y":1.7248632000000086},{"x":-1.2750800000000027,"y":1.7248632000000086}]} />
  <silkscreenpath route={[{"x":1.2750799999999884,"y":1.7248632000000086},{"x":1.7249139999999983,"y":1.7248632000000086},{"x":1.7249139999999983,"y":1.275029200000013}]} />
  <silkscreenpath route={[{"x":1.2750799999999884,"y":-1.724964799999995},{"x":1.7249139999999983,"y":-1.724964799999995},{"x":1.7249139999999983,"y":-1.2751307999999923}]} />
  <silkscreenpath route={[{"x":-1.2750800000000027,"y":-1.724964799999995},{"x":-1.7249139999999983,"y":-1.724964799999995},{"x":-1.7249139999999983,"y":-1.2751307999999923}]} />
  <silkscreenpath route={[{"x":-2.075179999999996,"y":1.5239492000000041},{"x":-2.2258220297039273,"y":1.672690255997665},{"x":-2.375199424014731,"y":1.522679200000006},{"x":-2.2258220297039273,"y":1.372668144002347},{"x":-2.075179999999996,"y":1.521409200000008}]} />

- Expected  - 17
+ Received  + 17

      at <anonymous> (/Users/anassarkiz/tsci/tscircuit-store/boards/magnetic-shutter-remote-r5--01a0f81f/evidence/USB4215-import-audit/toolchain/easyeda-converter/tests/convert-to-ts/C22446580.test.ts:19:18)
(fail) should convert C22446580 into typescript file [5.08ms]

tests/convert-to-ts/C388883-to-ts.test.ts:
(pass) preserves distinct C388883 terminals with encoded prime labels [1218.15ms]

tests/convert-to-ts/C139797-to-ts.test.ts:
29 |   expect(result).not.toContain("milmm")
30 |   expect(result).not.toContain("NaNmm")
31 |   expect(result).toContain("PushButtonProps")
32 |   expect(result).toContain("<pushbutton")
33 |   expect(result).not.toContain("<chip")
34 |   expect(result).toMatchInlineSnapshot(`
                      ^
error: expect(received).toMatchInlineSnapshot(expected)

@@ -20,14 +20,14 @@
      "C139797"
    ]
  }}
        manufacturerPartNumber="SKRPACE010"
        footprint={<footprint>
-         <smtpad portHints={["pin1"]} pcbX="-2.100072mm" pcbY="1.074928mm" width="1.0500106mm" height="0.6999986mm" shape="rect" />
- <smtpad portHints={["pin2"]} pcbX="2.100072mm" pcbY="1.074928mm" width="1.0500106mm" height="0.6999986mm" shape="rect" />
- <smtpad portHints={["pin3"]} pcbX="-2.100072mm" pcbY="-1.074928mm" width="1.0500106mm" height="0.6999986mm" shape="rect" />
- <smtpad portHints={["pin4"]} pcbX="2.100072mm" pcbY="-1.074928mm" width="1.0500106mm" height="0.6999986mm" shape="rect" />
+         <smtpad portHints={["pin1"]} pcbX="-2.100072mm" pcbY="1.074928mm" width="1.0500106mm" height="0.6999986mm" shape="rect" solderPasteMargin="0mm" solderMaskMargin="0.0508mm" />
+ <smtpad portHints={["pin2"]} pcbX="2.100072mm" pcbY="1.074928mm" width="1.0500106mm" height="0.6999986mm" shape="rect" solderPasteMargin="0mm" solderMaskMargin="0.0508mm" />
+ <smtpad portHints={["pin3"]} pcbX="-2.100072mm" pcbY="-1.074928mm" width="1.0500106mm" height="0.6999986mm" shape="rect" solderPasteMargin="0mm" solderMaskMargin="0.0508mm" />
+ <smtpad portHints={["pin4"]} pcbX="2.100072mm" pcbY="-1.074928mm" width="1.0500106mm" height="0.6999986mm" shape="rect" solderPasteMargin="0mm" solderMaskMargin="0.0508mm" />
  <silkscreenpath route={[{"x":-0.5080000000000382,"y":1.0160000000000764},{"x":0.5079999999999245,"y":1.0160000000000764}]} />
  <silkscreenpath route={[{"x":-0.5080000000000382,"y":-1.0159999999999627},{"x":0.5079999999999245,"y":-1.0159999999999627}]} />
  <silkscreenpath route={[{"x":2.199893999999972,"y":0.5438140000001113},{"x":2.199893999999972,"y":-0.5438139999999976}]} />
  <silkscreenpath route={[{"x":1.3664184000000432,"y":1.5238729999999805},{"x":-1.366418400000157,"y":1.5238729999999805}]} />
  <silkscreenpath route={[{"x":-2.1998940000000857,"y":0.5438140000001113},{"x":-2.1998940000000857,"y":-0.5438139999999976}]} />

- Expected  - 4
+ Received  + 4

      at <anonymous> (/Users/anassarkiz/tsci/tscircuit-store/boards/magnetic-shutter-remote-r5--01a0f81f/evidence/USB4215-import-audit/toolchain/easyeda-converter/tests/convert-to-ts/C139797-to-ts.test.ts:34:18)
(fail) should convert C139797 tactile switch into a pushbutton component [3.69ms]

tests/convert-to-ts/C1046-to-ts-with-stepModel.test.ts:
(pass) should include both obj and step cad model urls [1803.05ms]

tests/convert-to-ts/C8545-to-ts.test.ts:
23 |   )
24 |   expect(convertCircuitJsonToSchematicSvg(circuitJson)).toMatchSvgSnapshot(
25 |     import.meta.path,
26 |     "C8545-oversized-symbol-repro",
27 |   )
28 |   expect(convertCircuitJsonToPcbSvg(circuitJson)).toMatchSvgSnapshot(
                                                       ^
error: 

Snapshot does not match. Diff saved at /Users/anassarkiz/tsci/tscircuit-store/boards/magnetic-shutter-remote-r5--01a0f81f/evidence/USB4215-import-audit/toolchain/easyeda-converter/tests/convert-to-ts/__snapshots__/C8545-pcb.diff.png
      at <anonymous> (/Users/anassarkiz/tsci/tscircuit-store/boards/magnetic-shutter-remote-r5--01a0f81f/evidence/USB4215-import-audit/toolchain/easyeda-converter/tests/convert-to-ts/C8545-to-ts.test.ts:28:51)
(fail) repro: imports C8545 with its custom schematic symbol [1984.71ms]

tests/convert-to-ts/C2041570-to-ts.test.ts:
(pass) converts C2041570 to an inductor [1055.91ms]

tests/convert-to-ts/C2961147-to-ts.test.ts:
38 |     import.meta.path,
39 |     "C2961147-to-ts-schematic",
40 |   )
41 |   await expect(circuitJson).toMatch3dSnapshot(import.meta.path)
42 | 
43 |   expect(result).toMatchInlineSnapshot(`
                      ^
error: expect(received).toMatchInlineSnapshot(expected)

@@ -32,13 +32,13 @@
      "C2961147"
    ]
  }}
        manufacturerPartNumber="PJ-002AH"
        footprint={<footprint>
-         <platedhole  portHints={["pin3"]} pcbX="-0mm" pcbY="2.350008mm" holeWidth="0.999998mm" holeHeight="2.999994mm" outerWidth="1.7999964mm" outerHeight="3.999992mm" pcbRotation="90deg" shape="pill" />
- <platedhole  portHints={["pin2"]} pcbX="2.999994mm" pcbY="-2.350008mm" holeWidth="0.999998mm" holeHeight="2.999994mm" outerWidth="1.7999964mm" outerHeight="3.999992mm" shape="pill" />
- <platedhole  portHints={["pin1"]} pcbX="-2.999994mm" pcbY="-2.350008mm" holeWidth="0.999998mm" holeHeight="3.5000184mm" outerWidth="1.999996mm" outerHeight="4.499991mm" pcbRotation="180deg" shape="pill" />
+         <platedhole solderMaskMargin="0.0508mm"  portHints={["pin3"]} pcbX="-0mm" pcbY="2.350008mm" holeWidth="0.999998mm" holeHeight="2.999994mm" outerWidth="1.7999964mm" outerHeight="3.999992mm" pcbRotation="90deg" shape="pill" />
+ <platedhole solderMaskMargin="0.0508mm"  portHints={["pin2"]} pcbX="2.999994mm" pcbY="-2.350008mm" holeWidth="0.999998mm" holeHeight="2.999994mm" outerWidth="1.7999964mm" outerHeight="3.999992mm" shape="pill" />
+ <platedhole solderMaskMargin="0.0508mm"  portHints={["pin1"]} pcbX="-2.999994mm" pcbY="-2.350008mm" holeWidth="0.999998mm" holeHeight="3.5000184mm" outerWidth="1.999996mm" outerHeight="4.499991mm" pcbRotation="180deg" shape="pill" />
  <silkscreenpath route={[{"x":7.199985599999991,"y":2.1500083999999333},{"x":7.199985599999991,"y":-6.849973599999998}]} />
  <silkscreenpath route={[{"x":-3.699992599999973,"y":-4.612208199999941},{"x":-3.699992599999973,"y":-6.849973599999998},{"x":10.699978599999895,"y":-6.849973599999998},{"x":10.699978599999895,"y":2.130018600000085}]} />
  <silkscreenpath route={[{"x":-2.213279800000123,"y":2.1500083999999333},{"x":-3.699992599999973,"y":2.1500083999999333},{"x":-3.699992599999973,"y":-0.08775699999989683}]} />
  <silkscreenpath route={[{"x":10.699978599999895,"y":2.1500083999999333},{"x":2.2132798000000093,"y":2.1500083999999333}]} />
  <silkscreentext text="{NAME}" pcbX="3.51282mm" pcbY="3.550668mm" anchorAlignment="center" fontSize="1mm" />

- Expected  - 3
+ Received  + 3

      at <anonymous> (/Users/anassarkiz/tsci/tscircuit-store/boards/magnetic-shutter-remote-r5--01a0f81f/evidence/USB4215-import-audit/toolchain/easyeda-converter/tests/convert-to-ts/C2961147-to-ts.test.ts:43:18)
(fail) should convert C2961147 into typescript file [1567.68ms]

tests/convert-to-ts/C62857-to-ts.test.ts:
(pass) converts C62857 capacitor array with its EasyEDA symbol [1131.18ms]

tests/convert-to-ts/C8465-to-ts.test.ts:
19 |   )
20 |   await expect(circuitJson).toMatch3dSnapshot(import.meta.path, {
21 |     camPos: [20, 0, 10],
22 |   })
23 | 
24 |   expect(result).toMatchInlineSnapshot(`
                      ^
error: expect(received).toMatchInlineSnapshot(expected)

@@ -15,12 +15,12 @@
      "C8465"
    ]
  }}
        manufacturerPartNumber="WJ500V-5.08-2P"
        footprint={<footprint>
-         <platedhole  portHints={["pin2"]} pcbX="2.54mm" pcbY="0mm" outerDiameter="1.999996mm" holeDiameter="1.3000228mm" shape="circle" />
- <platedhole  portHints={["pin1"]} pcbX="-2.54mm" pcbY="0mm" outerDiameter="1.999996mm" holeDiameter="1.3000228mm" shape="circle" />
+         <platedhole solderMaskMargin="0.0508mm"  portHints={["pin2"]} pcbX="2.54mm" pcbY="0mm" outerDiameter="1.999996mm" holeDiameter="1.3000228mm" shape="circle" />
+ <platedhole solderMaskMargin="0.0508mm"  portHints={["pin1"]} pcbX="-2.54mm" pcbY="0mm" outerDiameter="1.999996mm" holeDiameter="1.3000228mm" shape="circle" />
  <silkscreenpath route={[{"x":5.079999999999998,"y":5.637529999999998},{"x":-5.053837999999999,"y":5.637529999999998}]} />
  <silkscreenpath route={[{"x":-5.679998799999993,"y":-3.7500051999999897},{"x":-5.0800000000000125,"y":-3.499967599999991}]} />
  <silkscreenpath route={[{"x":-5.679998799999993,"y":-2.750007199999999},{"x":-5.679998799999993,"y":-3.7500051999999897}]} />
  <silkscreenpath route={[{"x":-5.0800000000000125,"y":-3.000070199999996},{"x":-5.679998799999993,"y":-2.750007199999999}]} />
  <silkscreenpath route={[{"x":-5.0800000000000125,"y":4.500016400000007},{"x":-5.679998799999993,"y":4.750003200000009},{"x":-5.679998799999993,"y":3.7499798000000055},{"x":-5.0800000000000125,"y":3.999890399999998}]} />

- Expected  - 2
+ Received  + 2

      at <anonymous> (/Users/anassarkiz/tsci/tscircuit-store/boards/magnetic-shutter-remote-r5--01a0f81f/evidence/USB4215-import-audit/toolchain/easyeda-converter/tests/convert-to-ts/C8465-to-ts.test.ts:24:18)
(fail) should convert C8465 into typescript file [1394.27ms]

tests/convert-to-ts/C158012-to-ts.test.ts:
19 |   )
20 |   await expect(circuitJson).toMatch3dSnapshot(import.meta.path, {
21 |     camPos: [20, 7, 20],
22 |   })
23 | 
24 |   expect(result).toMatchInlineSnapshot(`
                      ^
error: expect(received).toMatchInlineSnapshot(expected)

@@ -15,12 +15,12 @@
      "C158012"
    ]
  }}
        manufacturerPartNumber="B2B-XH-A(LF)(SN)"
        footprint={<footprint>
-         <platedhole  portHints={["pin1"]} pcbX="1.2499975mm" pcbY="0mm" outerDiameter="1.6999966mm" holeDiameter="0.999998mm" shape="circle" />
- <platedhole  portHints={["pin2"]} pcbX="-1.2499975mm" pcbY="0mm" outerDiameter="1.6999966mm" holeDiameter="0.999998mm" shape="circle" />
+         <platedhole solderMaskMargin="0.0508mm"  portHints={["pin1"]} pcbX="1.2499975mm" pcbY="0mm" outerDiameter="1.6999966mm" holeDiameter="0.999998mm" shape="circle" />
+ <platedhole solderMaskMargin="0.0508mm"  portHints={["pin2"]} pcbX="-1.2499975mm" pcbY="0mm" outerDiameter="1.6999966mm" holeDiameter="0.999998mm" shape="circle" />
  <silkscreenpath route={[{"x":3.6829872999999225,"y":-2.413000000000011},{"x":3.6829872999999225,"y":-2.158999999999878}]} />
  <silkscreenpath route={[{"x":-3.6830127000001767,"y":-2.413000000000011},{"x":-3.6830127000001767,"y":-2.158999999999878}]} />
  <silkscreenpath route={[{"x":3.6829872999999225,"y":-2.413000000000011},{"x":2.5399872999998934,"y":-2.413000000000011}]} />
  <silkscreenpath route={[{"x":-1.270012700000052,"y":-2.413000000000011},{"x":1.2699872999997979,"y":-2.413000000000011}]} />
  <silkscreenpath route={[{"x":-3.6830127000001767,"y":-2.413000000000011},{"x":-2.6670127000001003,"y":-2.413000000000011}]} />

- Expected  - 2
+ Received  + 2

      at <anonymous> (/Users/anassarkiz/tsci/tscircuit-store/boards/magnetic-shutter-remote-r5--01a0f81f/evidence/USB4215-import-audit/toolchain/easyeda-converter/tests/convert-to-ts/C158012-to-ts.test.ts:24:18)
(fail) should convert C158012 into typescript file [1552.52ms]

tests/convert-to-ts/C90683-to-ts.test.ts:
(pass) renders all NN2-24S05C3N schematic pin labels [1240.10ms]

tests/convert-to-ts/C14877.test.ts:
(pass) should convert atmega328p into typescript file [2134.18ms]

tests/convert-to-ts/C490691-active-low-labels.test.ts:
22 | 
23 |   const circuitJson = await runTscircuitCode(
24 |     wrapTsxWithBoardFor3dSnapshot(result),
25 |   )
26 | 
27 |   expect(convertCircuitJsonToSchematicSvg(circuitJson)).toMatchSvgSnapshot(
                                                             ^
error: 

Snapshot does not match. Diff saved at /Users/anassarkiz/tsci/tscircuit-store/boards/magnetic-shutter-remote-r5--01a0f81f/evidence/USB4215-import-audit/toolchain/easyeda-converter/tests/convert-to-ts/__snapshots__/C490691-active-low-labels-preserved.diff.png
      at <anonymous> (/Users/anassarkiz/tsci/tscircuit-store/boards/magnetic-shutter-remote-r5--01a0f81f/evidence/USB4215-import-audit/toolchain/easyeda-converter/tests/convert-to-ts/C490691-active-low-labels.test.ts:27:57)
(fail) preserves C490691 trailing-hash active-low pin names [1895.90ms]

tests/convert-to-ts/C490691-to-ts.test.ts:
23 |   const noConnectPort = sourcePorts.find((element) => element.pin_number === 8)
24 | 
25 |   expect(noConnectPort?.do_not_connect).toBe(true)
26 |   await expect(circuitJson).toMatch3dSnapshot(import.meta.path)
27 | 
28 |   expect(result).toMatchInlineSnapshot(`
                      ^
error: expect(received).toMatchInlineSnapshot(expected)

@@ -52,38 +52,38 @@
      "C490691"
    ]
  }}
        manufacturerPartNumber="FT232RL"
        footprint={<footprint>
-         <smtpad portHints={["pin1"]} pcbX="-4.225036mm" pcbY="-3.455162mm" width="0.3640074mm" height="2.01549mm" radius="0.1820037mm" shape="pill" />
- <smtpad portHints={["pin2"]} pcbX="-3.57505mm" pcbY="-3.455162mm" width="0.3640074mm" height="2.01549mm" radius="0.1820037mm" shape="pill" />
- <smtpad portHints={["pin3"]} pcbX="-2.925064mm" pcbY="-3.455162mm" width="0.3640074mm" height="2.01549mm" radius="0.1820037mm" shape="pill" />
- <smtpad portHints={["pin4"]} pcbX="-2.275078mm" pcbY="-3.455162mm" width="0.3640074mm" height="2.01549mm" radius="0.1820037mm" shape="pill" />
- <smtpad portHints={["pin5"]} pcbX="-1.625092mm" pcbY="-3.455162mm" width="0.3640074mm" height="2.01549mm" radius="0.1820037mm" shape="pill" />
- <smtpad portHints={["pin6"]} pcbX="-0.975106mm" pcbY="-3.455162mm" width="0.3640074mm" height="2.01549mm" radius="0.1820037mm" shape="pill" />
- <smtpad portHints={["pin7"]} pcbX="-0.324866mm" pcbY="-3.455162mm" width="0.3640074mm" height="2.01549mm" radius="0.1820037mm" shape="pill" />
- <smtpad portHints={["pin8"]} pcbX="0.32512mm" pcbY="-3.455162mm" width="0.3640074mm" height="2.01549mm" radius="0.1820037mm" shape="pill" />
- <smtpad portHints={["pin9"]} pcbX="0.975106mm" pcbY="-3.455162mm" width="0.3640074mm" height="2.01549mm" radius="0.1820037mm" shape="pill" />
- <smtpad portHints={["pin10"]} pcbX="1.625092mm" pcbY="-3.455162mm" width="0.3640074mm" height="2.01549mm" radius="0.1820037mm" shape="pill" />
- <smtpad portHints={["pin11"]} pcbX="2.275078mm" pcbY="-3.455162mm" width="0.3640074mm" height="2.01549mm" radius="0.1820037mm" shape="pill" />
- <smtpad portHints={["pin12"]} pcbX="2.925064mm" pcbY="-3.455162mm" width="0.3640074mm" height="2.01549mm" radius="0.1820037mm" shape="pill" />
- <smtpad portHints={["pin13"]} pcbX="3.57505mm" pcbY="-3.455162mm" width="0.3640074mm" height="2.01549mm" radius="0.1820037mm" shape="pill" />
- <smtpad portHints={["pin14"]} pcbX="4.225036mm" pcbY="-3.455162mm" width="0.3640074mm" height="2.01549mm" radius="0.1820037mm" shape="pill" />
- <smtpad portHints={["pin28"]} pcbX="-4.225036mm" pcbY="3.455162mm" width="0.3640074mm" height="2.01549mm" radius="0.1820037mm" shape="pill" />
- <smtpad portHints={["pin27"]} pcbX="-3.57505mm" pcbY="3.455162mm" width="0.3640074mm" height="2.01549mm" radius="0.1820037mm" shape="pill" />
- <smtpad portHints={["pin26"]} pcbX="-2.925064mm" pcbY="3.455162mm" width="0.3640074mm" height="2.01549mm" radius="0.1820037mm" shape="pill" />
- <smtpad portHints={["pin25"]} pcbX="-2.275078mm" pcbY="3.455162mm" width="0.3640074mm" height="2.01549mm" radius="0.1820037mm" shape="pill" />
- <smtpad portHints={["pin24"]} pcbX="-1.625092mm" pcbY="3.455162mm" width="0.3640074mm" height="2.01549mm" radius="0.1820037mm" shape="pill" />
- <smtpad portHints={["pin23"]} pcbX="-0.975106mm" pcbY="3.455162mm" width="0.3640074mm" height="2.01549mm" radius="0.1820037mm" shape="pill" />
- <smtpad portHints={["pin22"]} pcbX="-0.324866mm" pcbY="3.455162mm" width="0.3640074mm" height="2.01549mm" radius="0.1820037mm" shape="pill" />
- <smtpad portHints={["pin21"]} pcbX="0.32512mm" pcbY="3.455162mm" width="0.3640074mm" height="2.01549mm" radius="0.1820037mm" shape="pill" />
- <smtpad portHints={["pin20"]} pcbX="0.975106mm" pcbY="3.455162mm" width="0.3640074mm" height="2.01549mm" radius="0.1820037mm" shape="pill" />
- <smtpad portHints={["pin19"]} pcbX="1.625092mm" pcbY="3.455162mm" width="0.3640074mm" height="2.01549mm" radius="0.1820037mm" shape="pill" />
- <smtpad portHints={["pin18"]} pcbX="2.275078mm" pcbY="3.455162mm" width="0.3640074mm" height="2.01549mm" radius="0.1820037mm" shape="pill" />
- <smtpad portHints={["pin17"]} pcbX="2.925064mm" pcbY="3.455162mm" width="0.3640074mm" height="2.01549mm" radius="0.1820037mm" shape="pill" />
- <smtpad portHints={["pin16"]} pcbX="3.57505mm" pcbY="3.455162mm" width="0.3640074mm" height="2.01549mm" radius="0.1820037mm" shape="pill" />
- <smtpad portHints={["pin15"]} pcbX="4.225036mm" pcbY="3.455162mm" width="0.3640074mm" height="2.01549mm" radius="0.1820037mm" shape="pill" />
+         <smtpad portHints={["pin1"]} pcbX="-4.225036mm" pcbY="-3.455162mm" width="0.3640074mm" height="2.01549mm" radius="0.1820037mm" shape="pill" solderPasteMargin="0mm" solderMaskMargin="0.0508mm" />
+ <smtpad portHints={["pin2"]} pcbX="-3.57505mm" pcbY="-3.455162mm" width="0.3640074mm" height="2.01549mm" radius="0.1820037mm" shape="pill" solderPasteMargin="0mm" solderMaskMargin="0.0508mm" />
+ <smtpad portHints={["pin3"]} pcbX="-2.925064mm" pcbY="-3.455162mm" width="0.3640074mm" height="2.01549mm" radius="0.1820037mm" shape="pill" solderPasteMargin="0mm" solderMaskMargin="0.0508mm" />
+ <smtpad portHints={["pin4"]} pcbX="-2.275078mm" pcbY="-3.455162mm" width="0.3640074mm" height="2.01549mm" radius="0.1820037mm" shape="pill" solderPasteMargin="0mm" solderMaskMargin="0.0508mm" />
+ <smtpad portHints={["pin5"]} pcbX="-1.625092mm" pcbY="-3.455162mm" width="0.3640074mm" height="2.01549mm" radius="0.1820037mm" shape="pill" solderPasteMargin="0mm" solderMaskMargin="0.0508mm" />
+ <smtpad portHints={["pin6"]} pcbX="-0.975106mm" pcbY="-3.455162mm" width="0.3640074mm" height="2.01549mm" radius="0.1820037mm" shape="pill" solderPasteMargin="0mm" solderMaskMargin="0.0508mm" />
+ <smtpad portHints={["pin7"]} pcbX="-0.324866mm" pcbY="-3.455162mm" width="0.3640074mm" height="2.01549mm" radius="0.1820037mm" shape="pill" solderPasteMargin="0mm" solderMaskMargin="0.0508mm" />
+ <smtpad portHints={["pin8"]} pcbX="0.32512mm" pcbY="-3.455162mm" width="0.3640074mm" height="2.01549mm" radius="0.1820037mm" shape="pill" solderPasteMargin="0mm" solderMaskMargin="0.0508mm" />
+ <smtpad portHints={["pin9"]} pcbX="0.975106mm" pcbY="-3.455162mm" width="0.3640074mm" height="2.01549mm" radius="0.1820037mm" shape="pill" solderPasteMargin="0mm" solderMaskMargin="0.0508mm" />
+ <smtpad portHints={["pin10"]} pcbX="1.625092mm" pcbY="-3.455162mm" width="0.3640074mm" height="2.01549mm" radius="0.1820037mm" shape="pill" solderPasteMargin="0mm" solderMaskMargin="0.0508mm" />
+ <smtpad portHints={["pin11"]} pcbX="2.275078mm" pcbY="-3.455162mm" width="0.3640074mm" height="2.01549mm" radius="0.1820037mm" shape="pill" solderPasteMargin="0mm" solderMaskMargin="0.0508mm" />
+ <smtpad portHints={["pin12"]} pcbX="2.925064mm" pcbY="-3.455162mm" width="0.3640074mm" height="2.01549mm" radius="0.1820037mm" shape="pill" solderPasteMargin="0mm" solderMaskMargin="0.0508mm" />
+ <smtpad portHints={["pin13"]} pcbX="3.57505mm" pcbY="-3.455162mm" width="0.3640074mm" height="2.01549mm" radius="0.1820037mm" shape="pill" solderPasteMargin="0mm" solderMaskMargin="0.0508mm" />
+ <smtpad portHints={["pin14"]} pcbX="4.225036mm" pcbY="-3.455162mm" width="0.3640074mm" height="2.01549mm" radius="0.1820037mm" shape="pill" solderPasteMargin="0mm" solderMaskMargin="0.0508mm" />
+ <smtpad portHints={["pin28"]} pcbX="-4.225036mm" pcbY="3.455162mm" width="0.3640074mm" height="2.01549mm" radius="0.1820037mm" shape="pill" solderPasteMargin="0mm" solderMaskMargin="0.0508mm" />
+ <smtpad portHints={["pin27"]} pcbX="-3.57505mm" pcbY="3.455162mm" width="0.3640074mm" height="2.01549mm" radius="0.1820037mm" shape="pill" solderPasteMargin="0mm" solderMaskMargin="0.0508mm" />
+ <smtpad portHints={["pin26"]} pcbX="-2.925064mm" pcbY="3.455162mm" width="0.3640074mm" height="2.01549mm" radius="0.1820037mm" shape="pill" solderPasteMargin="0mm" solderMaskMargin="0.0508mm" />
+ <smtpad portHints={["pin25"]} pcbX="-2.275078mm" pcbY="3.455162mm" width="0.3640074mm" height="2.01549mm" radius="0.1820037mm" shape="pill" solderPasteMargin="0mm" solderMaskMargin="0.0508mm" />
+ <smtpad portHints={["pin24"]} pcbX="-1.625092mm" pcbY="3.455162mm" width="0.3640074mm" height="2.01549mm" radius="0.1820037mm" shape="pill" solderPasteMargin="0mm" solderMaskMargin="0.0508mm" />
+ <smtpad portHints={["pin23"]} pcbX="-0.975106mm" pcbY="3.455162mm" width="0.3640074mm" height="2.01549mm" radius="0.1820037mm" shape="pill" solderPasteMargin="0mm" solderMaskMargin="0.0508mm" />
+ <smtpad portHints={["pin22"]} pcbX="-0.324866mm" pcbY="3.455162mm" width="0.3640074mm" height="2.01549mm" radius="0.1820037mm" shape="pill" solderPasteMargin="0mm" solderMaskMargin="0.0508mm" />
+ <smtpad portHints={["pin21"]} pcbX="0.32512mm" pcbY="3.455162mm" width="0.3640074mm" height="2.01549mm" radius="0.1820037mm" shape="pill" solderPasteMargin="0mm" solderMaskMargin="0.0508mm" />
+ <smtpad portHints={["pin20"]} pcbX="0.975106mm" pcbY="3.455162mm" width="0.3640074mm" height="2.01549mm" radius="0.1820037mm" shape="pill" solderPasteMargin="0mm" solderMaskMargin="0.0508mm" />
+ <smtpad portHints={["pin19"]} pcbX="1.625092mm" pcbY="3.455162mm" width="0.3640074mm" height="2.01549mm" radius="0.1820037mm" shape="pill" solderPasteMargin="0mm" solderMaskMargin="0.0508mm" />
+ <smtpad portHints={["pin18"]} pcbX="2.275078mm" pcbY="3.455162mm" width="0.3640074mm" height="2.01549mm" radius="0.1820037mm" shape="pill" solderPasteMargin="0mm" solderMaskMargin="0.0508mm" />
+ <smtpad portHints={["pin17"]} pcbX="2.925064mm" pcbY="3.455162mm" width="0.3640074mm" height="2.01549mm" radius="0.1820037mm" shape="pill" solderPasteMargin="0mm" solderMaskMargin="0.0508mm" />
+ <smtpad portHints={["pin16"]} pcbX="3.57505mm" pcbY="3.455162mm" width="0.3640074mm" height="2.01549mm" radius="0.1820037mm" shape="pill" solderPasteMargin="0mm" solderMaskMargin="0.0508mm" />
+ <smtpad portHints={["pin15"]} pcbX="4.225036mm" pcbY="3.455162mm" width="0.3640074mm" height="2.01549mm" radius="0.1820037mm" shape="pill" solderPasteMargin="0mm" solderMaskMargin="0.0508mm" />
  <silkscreenpath route={[{"x":5.079999999999927,"y":2.199868600000059},{"x":5.079999999999927,"y":-2.158999999999878}]} />
  <silkscreenpath route={[{"x":-5.080000000000041,"y":-0.6439915999999357},{"x":-5.080000000000041,"y":-2.1999955999999656}]} />
  <silkscreenpath route={[{"x":-5.080000000000041,"y":0.6349999999999909},{"x":-5.080000000000041,"y":2.199868600000059}]} />
  <silkscreenpath route={[{"x":-5.080000000000041,"y":2.199868600000059},{"x":5.079999999999927,"y":2.199868600000059}]} />
  <silkscreenpath route={[{"x":-5.080000000000041,"y":-2.1999955999999656},{"x":5.079999999999927,"y":-2.1999955999999656}]} />

- Expected  - 28
+ Received  + 28

      at <anonymous> (/Users/anassarkiz/tsci/tscircuit-store/boards/magnetic-shutter-remote-r5--01a0f81f/evidence/USB4215-import-audit/toolchain/easyeda-converter/tests/convert-to-ts/C490691-to-ts.test.ts:28:18)
(fail) should convert C490691 into typescript file [1449.23ms]

tests/convert-to-ts/c472489-slash-separated-pin-label.test.ts:
23 | 
24 |   const circuitJson = await runTscircuitCode(
25 |     wrapTsxWithBoardFor3dSnapshot(result),
26 |   )
27 | 
28 |   await expect(convertCircuitJsonToPcbSvg(circuitJson)).toMatchSvgSnapshot(
                                                             ^
error: 

Snapshot does not match. Diff saved at /Users/anassarkiz/tsci/tscircuit-store/boards/magnetic-shutter-remote-r5--01a0f81f/evidence/USB4215-import-audit/toolchain/easyeda-converter/tests/convert-to-ts/__snapshots__/C472489-pin20-label-missing-pcb.diff.png
      at <anonymous> (/Users/anassarkiz/tsci/tscircuit-store/boards/magnetic-shutter-remote-r5--01a0f81f/evidence/USB4215-import-audit/toolchain/easyeda-converter/tests/convert-to-ts/c472489-slash-separated-pin-label.test.ts:28:57)
(fail) preserves C472489 slash-separated pin 20 label [1515.90ms]

tests/convert-to-ts/C393941-to-ts.test.ts:
19 |   )
20 |   await expect(circuitJson).toMatch3dSnapshot(import.meta.path, {
21 |     camPos: [20, 7, 10],
22 |   })
23 | 
24 |   expect(result).toMatchInlineSnapshot(`
                      ^
error: expect(received).toMatchInlineSnapshot(expected)

@@ -28,23 +28,23 @@
  }}
        manufacturerPartNumber="TF PUSH"
        footprint={<footprint>
          <hole pcbX="-4.949952mm" pcbY="-5.5500143mm" diameter="1.1999976mm" />
  <hole pcbX="3.050032mm" pcbY="-5.5500143mm" diameter="1.1999976mm" />
- <smtpad portHints={["pin8"]} pcbX="-5.449824mm" pcbY="5.4499637mm" width="0.6999986mm" height="1.5999968mm" shape="rect" />
- <smtpad portHints={["pin7"]} pcbX="-4.350004mm" pcbY="5.4499637mm" width="0.6999986mm" height="1.5999968mm" shape="rect" />
- <smtpad portHints={["pin6"]} pcbX="-3.24993mm" pcbY="5.4499637mm" width="0.6999986mm" height="1.5999968mm" shape="rect" />
- <smtpad portHints={["pin5"]} pcbX="-2.149856mm" pcbY="5.4499637mm" width="0.6999986mm" height="1.5999968mm" shape="rect" />
- <smtpad portHints={["pin4"]} pcbX="-1.050036mm" pcbY="5.4499637mm" width="0.6999986mm" height="1.5999968mm" shape="rect" />
- <smtpad portHints={["pin3"]} pcbX="0.050038mm" pcbY="5.4499637mm" width="0.6999986mm" height="1.5999968mm" shape="rect" />
- <smtpad portHints={["pin2"]} pcbX="1.150112mm" pcbY="5.4499637mm" width="0.6999986mm" height="1.5999968mm" shape="rect" />
- <smtpad portHints={["pin1"]} pcbX="2.250186mm" pcbY="5.4499637mm" width="0.6999986mm" height="1.5999968mm" shape="rect" />
- <smtpad portHints={["pin14"]} pcbX="-6.549898mm" pcbY="5.4499637mm" width="0.6999986mm" height="1.5999968mm" shape="rect" />
- <smtpad portHints={["pin10"]} pcbX="-7.750048mm" pcbY="4.4499657mm" width="1.1999976mm" height="1.499997mm" shape="rect" />
- <smtpad portHints={["pin11"]} pcbX="-7.750048mm" pcbY="-5.1499643mm" width="1.1999976mm" height="2.1999956mm" shape="rect" />
- <smtpad portHints={["pin12"]} pcbX="7.750048mm" pcbY="-5.1499643mm" width="1.1999976mm" height="2.1999956mm" shape="rect" />
- <smtpad portHints={["pin13"]} pcbX="6.850126mm" pcbY="4.4499657mm" width="1.5999968mm" height="1.499997mm" shape="rect" />
+ <smtpad portHints={["pin8"]} pcbX="-5.449824mm" pcbY="5.4499637mm" width="0.6999986mm" height="1.5999968mm" shape="rect" solderPasteMargin="0mm" solderMaskMargin="0.0508mm" />
+ <smtpad portHints={["pin7"]} pcbX="-4.350004mm" pcbY="5.4499637mm" width="0.6999986mm" height="1.5999968mm" shape="rect" solderPasteMargin="0mm" solderMaskMargin="0.0508mm" />
+ <smtpad portHints={["pin6"]} pcbX="-3.24993mm" pcbY="5.4499637mm" width="0.6999986mm" height="1.5999968mm" shape="rect" solderPasteMargin="0mm" solderMaskMargin="0.0508mm" />
+ <smtpad portHints={["pin5"]} pcbX="-2.149856mm" pcbY="5.4499637mm" width="0.6999986mm" height="1.5999968mm" shape="rect" solderPasteMargin="0mm" solderMaskMargin="0.0508mm" />
+ <smtpad portHints={["pin4"]} pcbX="-1.050036mm" pcbY="5.4499637mm" width="0.6999986mm" height="1.5999968mm" shape="rect" solderPasteMargin="0mm" solderMaskMargin="0.0508mm" />
+ <smtpad portHints={["pin3"]} pcbX="0.050038mm" pcbY="5.4499637mm" width="0.6999986mm" height="1.5999968mm" shape="rect" solderPasteMargin="0mm" solderMaskMargin="0.0508mm" />
+ <smtpad portHints={["pin2"]} pcbX="1.150112mm" pcbY="5.4499637mm" width="0.6999986mm" height="1.5999968mm" shape="rect" solderPasteMargin="0mm" solderMaskMargin="0.0508mm" />
+ <smtpad portHints={["pin1"]} pcbX="2.250186mm" pcbY="5.4499637mm" width="0.6999986mm" height="1.5999968mm" shape="rect" solderPasteMargin="0mm" solderMaskMargin="0.0508mm" />
+ <smtpad portHints={["pin14"]} pcbX="-6.549898mm" pcbY="5.4499637mm" width="0.6999986mm" height="1.5999968mm" shape="rect" solderPasteMargin="0mm" solderMaskMargin="0.0508mm" />
+ <smtpad portHints={["pin10"]} pcbX="-7.750048mm" pcbY="4.4499657mm" width="1.1999976mm" height="1.499997mm" shape="rect" solderPasteMargin="0mm" solderMaskMargin="0.0508mm" />
+ <smtpad portHints={["pin11"]} pcbX="-7.750048mm" pcbY="-5.1499643mm" width="1.1999976mm" height="2.1999956mm" shape="rect" solderPasteMargin="0mm" solderMaskMargin="0.0508mm" />
+ <smtpad portHints={["pin12"]} pcbX="7.750048mm" pcbY="-5.1499643mm" width="1.1999976mm" height="2.1999956mm" shape="rect" solderPasteMargin="0mm" solderMaskMargin="0.0508mm" />
+ <smtpad portHints={["pin13"]} pcbX="6.850126mm" pcbY="4.4499657mm" width="1.5999968mm" height="1.499997mm" shape="rect" solderPasteMargin="0mm" solderMaskMargin="0.0508mm" />
  <silkscreenpath route={[{"x":-7.239939800000002,"y":-9.550031699999863},{"x":-7.239939800000002,"y":-6.610007099999962}]} />
  <silkscreenpath route={[{"x":4.702149599999984,"y":5.449963700000012},{"x":2.8499815999998646,"y":5.449963700000012}]} />
  <silkscreenpath route={[{"x":4.702047999999877,"y":5.449709700000085},{"x":5.489447999999811,"y":5.449709700000085},{"x":5.489447999999811,"y":3.3491297000000486},{"x":5.500014399999827,"y":3.349967900000024}]} />
  <silkscreenpath route={[{"x":7.980019599999878,"y":-3.8188518999999133},{"x":7.980019599999878,"y":3.3499424999999974},{"x":5.49000680000006,"y":3.349967900000024}]} />
  <silkscreenpath route={[{"x":-7.259980400000131,"y":3.3999297000000297},{"x":-7.259980400000131,"y":-3.7600762999999233}]} />

- Expected  - 13
+ Received  + 13

      at <anonymous> (/Users/anassarkiz/tsci/tscircuit-store/boards/magnetic-shutter-remote-r5--01a0f81f/evidence/USB4215-import-audit/toolchain/easyeda-converter/tests/convert-to-ts/C393941-to-ts.test.ts:24:18)
(fail) should convert C393941 into typescript file [1441.26ms]

tests/convert-to-ts/C57759-to-led.test.ts:
(pass) should convert led category components to led elements [1204.61ms]

tests/convert-to-ts/C88224-to-ts.test.ts:
17 |   const circuitJson = await runTscircuitCode(
18 |     wrapTsxWithBoardFor3dSnapshot(result),
19 |   )
20 |   await expect(circuitJson).toMatch3dSnapshot(import.meta.path)
21 | 
22 |   expect(result).toMatchInlineSnapshot(`
                      ^
error: expect(received).toMatchInlineSnapshot(expected)

@@ -47,34 +47,34 @@
      "C88224"
    ]
  }}
        manufacturerPartNumber="TB6612FNG(O,C,8,EL"
        footprint={<footprint>
-         <smtpad portHints={["pin1"]} pcbX="-3.57505mm" pcbY="-3.490976mm" width="0.3640074mm" height="2.0820126mm" radius="0.1820037mm" shape="pill" />
- <smtpad portHints={["pin2"]} pcbX="-2.925064mm" pcbY="-3.490976mm" width="0.3640074mm" height="2.0820126mm" radius="0.1820037mm" shape="pill" />
- <smtpad portHints={["pin3"]} pcbX="-2.275078mm" pcbY="-3.490976mm" width="0.3640074mm" height="2.0820126mm" radius="0.1820037mm" shape="pill" />
- <smtpad portHints={["pin4"]} pcbX="-1.625092mm" pcbY="-3.490976mm" width="0.3640074mm" height="2.0820126mm" radius="0.1820037mm" shape="pill" />
- <smtpad portHints={["pin5"]} pcbX="-0.975106mm" pcbY="-3.490976mm" width="0.3640074mm" height="2.0820126mm" radius="0.1820037mm" shape="pill" />
- <smtpad portHints={["pin6"]} pcbX="-0.324866mm" pcbY="-3.490976mm" width="0.3640074mm" height="2.0820126mm" radius="0.1820037mm" shape="pill" />
- <smtpad portHints={["pin7"]} pcbX="0.32512mm" pcbY="-3.490976mm" width="0.3640074mm" height="2.0820126mm" radius="0.1820037mm" shape="pill" />
- <smtpad portHints={["pin8"]} pcbX="0.975106mm" pcbY="-3.490976mm" width="0.3640074mm" height="2.0820126mm" radius="0.1820037mm" shape="pill" />
- <smtpad portHints={["pin9"]} pcbX="1.625092mm" pcbY="-3.490976mm" width="0.3640074mm" height="2.0820126mm" radius="0.1820037mm" shape="pill" />
- <smtpad portHints={["pin10"]} pcbX="2.275078mm" pcbY="-3.490976mm" width="0.3640074mm" height="2.0820126mm" radius="0.1820037mm" shape="pill" />
- <smtpad portHints={["pin11"]} pcbX="2.925064mm" pcbY="-3.490976mm" width="0.3640074mm" height="2.0820126mm" radius="0.1820037mm" shape="pill" />
- <smtpad portHints={["pin12"]} pcbX="3.57505mm" pcbY="-3.490976mm" width="0.3640074mm" height="2.0820126mm" radius="0.1820037mm" shape="pill" />
- <smtpad portHints={["pin24"]} pcbX="-3.57505mm" pcbY="3.490976mm" width="0.3640074mm" height="2.0820126mm" radius="0.1820037mm" shape="pill" />
- <smtpad portHints={["pin23"]} pcbX="-2.925064mm" pcbY="3.490976mm" width="0.3640074mm" height="2.0820126mm" radius="0.1820037mm" shape="pill" />
- <smtpad portHints={["pin22"]} pcbX="-2.275078mm" pcbY="3.490976mm" width="0.3640074mm" height="2.0820126mm" radius="0.1820037mm" shape="pill" />
- <smtpad portHints={["pin21"]} pcbX="-1.625092mm" pcbY="3.490976mm" width="0.3640074mm" height="2.0820126mm" radius="0.1820037mm" shape="pill" />
- <smtpad portHints={["pin20"]} pcbX="-0.975106mm" pcbY="3.490976mm" width="0.3640074mm" height="2.0820126mm" radius="0.1820037mm" shape="pill" />
- <smtpad portHints={["pin19"]} pcbX="-0.324866mm" pcbY="3.490976mm" width="0.3640074mm" height="2.0820126mm" radius="0.1820037mm" shape="pill" />
- <smtpad portHints={["pin18"]} pcbX="0.32512mm" pcbY="3.490976mm" width="0.3640074mm" height="2.0820126mm" radius="0.1820037mm" shape="pill" />
- <smtpad portHints={["pin17"]} pcbX="0.975106mm" pcbY="3.490976mm" width="0.3640074mm" height="2.0820126mm" radius="0.1820037mm" shape="pill" />
- <smtpad portHints={["pin16"]} pcbX="1.625092mm" pcbY="3.490976mm" width="0.3640074mm" height="2.0820126mm" radius="0.1820037mm" shape="pill" />
- <smtpad portHints={["pin15"]} pcbX="2.275078mm" pcbY="3.490976mm" width="0.3640074mm" height="2.0820126mm" radius="0.1820037mm" shape="pill" />
- <smtpad portHints={["pin14"]} pcbX="2.925064mm" pcbY="3.490976mm" width="0.3640074mm" height="2.0820126mm" radius="0.1820037mm" shape="pill" />
- <smtpad portHints={["pin13"]} pcbX="3.57505mm" pcbY="3.490976mm" width="0.3640074mm" height="2.0820126mm" radius="0.1820037mm" shape="pill" />
+         <smtpad portHints={["pin1"]} pcbX="-3.57505mm" pcbY="-3.490976mm" width="0.3640074mm" height="2.0820126mm" radius="0.1820037mm" shape="pill" solderPasteMargin="0mm" solderMaskMargin="0.0508mm" />
+ <smtpad portHints={["pin2"]} pcbX="-2.925064mm" pcbY="-3.490976mm" width="0.3640074mm" height="2.0820126mm" radius="0.1820037mm" shape="pill" solderPasteMargin="0mm" solderMaskMargin="0.0508mm" />
+ <smtpad portHints={["pin3"]} pcbX="-2.275078mm" pcbY="-3.490976mm" width="0.3640074mm" height="2.0820126mm" radius="0.1820037mm" shape="pill" solderPasteMargin="0mm" solderMaskMargin="0.0508mm" />
+ <smtpad portHints={["pin4"]} pcbX="-1.625092mm" pcbY="-3.490976mm" width="0.3640074mm" height="2.0820126mm" radius="0.1820037mm" shape="pill" solderPasteMargin="0mm" solderMaskMargin="0.0508mm" />
+ <smtpad portHints={["pin5"]} pcbX="-0.975106mm" pcbY="-3.490976mm" width="0.3640074mm" height="2.0820126mm" radius="0.1820037mm" shape="pill" solderPasteMargin="0mm" solderMaskMargin="0.0508mm" />
+ <smtpad portHints={["pin6"]} pcbX="-0.324866mm" pcbY="-3.490976mm" width="0.3640074mm" height="2.0820126mm" radius="0.1820037mm" shape="pill" solderPasteMargin="0mm" solderMaskMargin="0.0508mm" />
+ <smtpad portHints={["pin7"]} pcbX="0.32512mm" pcbY="-3.490976mm" width="0.3640074mm" height="2.0820126mm" radius="0.1820037mm" shape="pill" solderPasteMargin="0mm" solderMaskMargin="0.0508mm" />
+ <smtpad portHints={["pin8"]} pcbX="0.975106mm" pcbY="-3.490976mm" width="0.3640074mm" height="2.0820126mm" radius="0.1820037mm" shape="pill" solderPasteMargin="0mm" solderMaskMargin="0.0508mm" />
+ <smtpad portHints={["pin9"]} pcbX="1.625092mm" pcbY="-3.490976mm" width="0.3640074mm" height="2.0820126mm" radius="0.1820037mm" shape="pill" solderPasteMargin="0mm" solderMaskMargin="0.0508mm" />
+ <smtpad portHints={["pin10"]} pcbX="2.275078mm" pcbY="-3.490976mm" width="0.3640074mm" height="2.0820126mm" radius="0.1820037mm" shape="pill" solderPasteMargin="0mm" solderMaskMargin="0.0508mm" />
+ <smtpad portHints={["pin11"]} pcbX="2.925064mm" pcbY="-3.490976mm" width="0.3640074mm" height="2.0820126mm" radius="0.1820037mm" shape="pill" solderPasteMargin="0mm" solderMaskMargin="0.0508mm" />
+ <smtpad portHints={["pin12"]} pcbX="3.57505mm" pcbY="-3.490976mm" width="0.3640074mm" height="2.0820126mm" radius="0.1820037mm" shape="pill" solderPasteMargin="0mm" solderMaskMargin="0.0508mm" />
+ <smtpad portHints={["pin24"]} pcbX="-3.57505mm" pcbY="3.490976mm" width="0.3640074mm" height="2.0820126mm" radius="0.1820037mm" shape="pill" solderPasteMargin="0mm" solderMaskMargin="0.0508mm" />
+ <smtpad portHints={["pin23"]} pcbX="-2.925064mm" pcbY="3.490976mm" width="0.3640074mm" height="2.0820126mm" radius="0.1820037mm" shape="pill" solderPasteMargin="0mm" solderMaskMargin="0.0508mm" />
+ <smtpad portHints={["pin22"]} pcbX="-2.275078mm" pcbY="3.490976mm" width="0.3640074mm" height="2.0820126mm" radius="0.1820037mm" shape="pill" solderPasteMargin="0mm" solderMaskMargin="0.0508mm" />
+ <smtpad portHints={["pin21"]} pcbX="-1.625092mm" pcbY="3.490976mm" width="0.3640074mm" height="2.0820126mm" radius="0.1820037mm" shape="pill" solderPasteMargin="0mm" solderMaskMargin="0.0508mm" />
+ <smtpad portHints={["pin20"]} pcbX="-0.975106mm" pcbY="3.490976mm" width="0.3640074mm" height="2.0820126mm" radius="0.1820037mm" shape="pill" solderPasteMargin="0mm" solderMaskMargin="0.0508mm" />
+ <smtpad portHints={["pin19"]} pcbX="-0.324866mm" pcbY="3.490976mm" width="0.3640074mm" height="2.0820126mm" radius="0.1820037mm" shape="pill" solderPasteMargin="0mm" solderMaskMargin="0.0508mm" />
+ <smtpad portHints={["pin18"]} pcbX="0.32512mm" pcbY="3.490976mm" width="0.3640074mm" height="2.0820126mm" radius="0.1820037mm" shape="pill" solderPasteMargin="0mm" solderMaskMargin="0.0508mm" />
+ <smtpad portHints={["pin17"]} pcbX="0.975106mm" pcbY="3.490976mm" width="0.3640074mm" height="2.0820126mm" radius="0.1820037mm" shape="pill" solderPasteMargin="0mm" solderMaskMargin="0.0508mm" />
+ <smtpad portHints={["pin16"]} pcbX="1.625092mm" pcbY="3.490976mm" width="0.3640074mm" height="2.0820126mm" radius="0.1820037mm" shape="pill" solderPasteMargin="0mm" solderMaskMargin="0.0508mm" />
+ <smtpad portHints={["pin15"]} pcbX="2.275078mm" pcbY="3.490976mm" width="0.3640074mm" height="2.0820126mm" radius="0.1820037mm" shape="pill" solderPasteMargin="0mm" solderMaskMargin="0.0508mm" />
+ <smtpad portHints={["pin14"]} pcbX="2.925064mm" pcbY="3.490976mm" width="0.3640074mm" height="2.0820126mm" radius="0.1820037mm" shape="pill" solderPasteMargin="0mm" solderMaskMargin="0.0508mm" />
+ <smtpad portHints={["pin13"]} pcbX="3.57505mm" pcbY="3.490976mm" width="0.3640074mm" height="2.0820126mm" radius="0.1820037mm" shape="pill" solderPasteMargin="0mm" solderMaskMargin="0.0508mm" />
  <silkscreenpath route={[{"x":-4.17619179999997,"y":-2.2214077999999517},{"x":-4.17619179999997,"y":2.2214077999999517},{"x":4.17619179999997,"y":2.2214077999999517},{"x":4.17619179999997,"y":-2.2214077999999517},{"x":-4.17619179999997,"y":-2.2214077999999517}]} />
  <silkscreencircle pcbX="-3.57505mm" pcbY="-1.469136mm" radius="0.150114mm" />
  <silkscreencircle pcbX="-4.209288mm" pcbY="-3.490976mm" radius="0.150114mm" />
  <silkscreentext text="{NAME}" pcbX="-0.0889mm" pcbY="5.3434mm" anchorAlignment="center" fontSize="1mm" />
  <courtyardoutline outline={[{"x":-4.449991600000089,"y":4.781982300000095},{"x":4.449991599999976,"y":4.781982300000095},{"x":4.449991599999976,"y":-4.781982300000095},{"x":-4.449991600000089,"y":-4.781982300000095},{"x":-4.449991600000089,"y":4.781982300000095}]} />

- Expected  - 24
+ Received  + 24

      at <anonymous> (/Users/anassarkiz/tsci/tscircuit-store/boards/magnetic-shutter-remote-r5--01a0f81f/evidence/USB4215-import-audit/toolchain/easyeda-converter/tests/convert-to-ts/C88224-to-ts.test.ts:22:18)
(fail) should convert C88224 into typescript file [1366.60ms]

tests/convert-to-ts/manufacturer-metadata.test.ts:
(pass) SPDT import preserves all supplier symbol terminals and explicit topology [2.23ms]
(pass) multi-terminal switch refuses an unverified default SPST topology [1.07ms]
(pass) connector import carries verified mating direction in the footprint frame [0.90ms]
(pass) invalid manufacturer metadata is rejected rather than dropped [1.09ms]
(pass) connector classification preserves a supplier contact-switch symbol [5.30ms]

tests/convert-to-ts/pushbutton-category.test.ts:
(pass) should identify JLCPCB pushbutton metadata as pushbuttons
(pass) should identify JLCPCB switch metadata as switches
(pass) should convert JLCPCB pushbutton metadata to pushbutton elements [1358.05ms]

tests/convert-to-ts/C8598-to-ts.test.ts:
35 |   expect(result).not.toContain("NaNmm")
36 | 
37 |   const circuitJson = await runTscircuitCode(
38 |     wrapTsxWithBoardFor3dSnapshot(result),
39 |   )
40 |   expect(convertCircuitJsonToPcbSvg(circuitJson)).toMatchSvgSnapshot(
                                                       ^
error: 

Snapshot does not match. Diff saved at /Users/anassarkiz/tsci/tscircuit-store/boards/magnetic-shutter-remote-r5--01a0f81f/evidence/USB4215-import-audit/toolchain/easyeda-converter/tests/convert-to-ts/__snapshots__/C8598-to-ts.diff.png
      at <anonymous> (/Users/anassarkiz/tsci/tscircuit-store/boards/magnetic-shutter-remote-r5--01a0f81f/evidence/USB4215-import-audit/toolchain/easyeda-converter/tests/convert-to-ts/C8598-to-ts.test.ts:40:51)
(fail) should normalize decorated C8598 diode polarity labels [1232.71ms]

tests/convert-to-ts/custom-symbol-refdes.test.ts:
(pass) a transistor symbol without supplier text receives a dynamic reference [3.50ms]

tests/convert-to-ts/C19076967-to-ts.test.ts:
17 |   const circuitJson = await runTscircuitCode(
18 |     wrapTsxWithBoardFor3dSnapshot(result),
19 |   )
20 |   await expect(circuitJson).toMatch3dSnapshot(import.meta.path)
21 | 
22 |   expect(result).toMatchInlineSnapshot(`
                      ^
error: expect(received).toMatchInlineSnapshot(expected)

@@ -24,21 +24,21 @@
      "C19076967"
    ]
  }}
        manufacturerPartNumber="MFR01-A1F03L1S-B"
        footprint={<footprint>
-         <platedhole  portHints={["pin5"]} pcbX="-0.016891mm" pcbY="-12.100052mm" holeWidth="1.5000224mm" holeHeight="3.90005824mm" outerWidth="2.1999956mm" outerHeight="5.1999896mm" rectPad={true} pcbRotation="270deg" shape="pill" />
- <platedhole  portHints={["pin11"]} pcbX="0.016891mm" pcbY="12.100052mm" holeWidth="1.5000224mm" holeHeight="3.90005824mm" outerWidth="2.1999956mm" outerHeight="5.1999896mm" rectPad={true} pcbRotation="270deg" shape="pill" />
- <platedhole  portHints={["pin9"]} pcbX="-7.098919mm" pcbY="9.798812mm" holeWidth="1.5000224mm" holeHeight="3.90005824mm" outerWidth="2.1999956mm" outerHeight="5.1999896mm" rectPad={true} pcbRotation="306deg" shape="pill" />
- <platedhole  portHints={["pin4"]} pcbX="7.098665mm" pcbY="-9.799066mm" holeWidth="1.5000224mm" holeHeight="3.90005824mm" outerWidth="2.1999956mm" outerHeight="5.1999896mm" rectPad={true} pcbRotation="306deg" shape="pill" />
- <platedhole  portHints={["pin3"]} pcbX="11.502517mm" pcbY="-3.755136mm" holeWidth="1.5000224mm" holeHeight="3.90005824mm" outerWidth="2.1999956mm" outerHeight="5.1999896mm" rectPad={true} pcbRotation="342deg" shape="pill" />
- <platedhole  portHints={["pin8"]} pcbX="-11.502517mm" pcbY="3.755136mm" holeWidth="1.5000224mm" holeHeight="3.90005824mm" outerWidth="2.1999956mm" outerHeight="5.1999896mm" rectPad={true} pcbRotation="342deg" shape="pill" />
- <platedhole  portHints={["pin7"]} pcbX="-11.512931mm" pcbY="-3.723132mm" holeWidth="1.5000224mm" holeHeight="3.90005824mm" outerWidth="2.1999956mm" outerHeight="5.1999896mm" rectPad={true} pcbRotation="18deg" shape="pill" />
- <platedhole  portHints={["pin2"]} pcbX="11.512931mm" pcbY="3.723132mm" holeWidth="1.5000224mm" holeHeight="3.90005824mm" outerWidth="2.1999956mm" outerHeight="5.1999896mm" rectPad={true} pcbRotation="18deg" shape="pill" />
- <platedhole  portHints={["pin6"]} pcbX="-7.125843mm" pcbY="-9.779254mm" holeWidth="1.5000224mm" holeHeight="3.90005824mm" outerWidth="2.1999956mm" outerHeight="5.1999896mm" rectPad={true} pcbRotation="54deg" shape="pill" />
- <platedhole  portHints={["pin1"]} pcbX="7.125335mm" pcbY="9.779mm" holeWidth="1.5000224mm" holeHeight="3.90005824mm" outerWidth="2.1999956mm" outerHeight="5.1999896mm" rectPad={true} pcbRotation="54deg" shape="pill" />
- <platedhole  portHints={["pin10"]} pcbX="-1.425829mm" pcbY="0mm" holeWidth="1.5000224mm" holeHeight="3.90005824mm" outerWidth="2.1999956mm" outerHeight="4.99999mm" rectPad={true} pcbRotation="0deg" shape="pill" />
+         <platedhole solderMaskMargin="0.0508mm"  portHints={["pin5"]} pcbX="-0.016891mm" pcbY="-12.100052mm" holeWidth="1.5000224mm" holeHeight="3.90005824mm" outerWidth="2.1999956mm" outerHeight="5.1999896mm" rectPad={true} pcbRotation="270deg" shape="pill" />
+ <platedhole solderMaskMargin="0.0508mm"  portHints={["pin11"]} pcbX="0.016891mm" pcbY="12.100052mm" holeWidth="1.5000224mm" holeHeight="3.90005824mm" outerWidth="2.1999956mm" outerHeight="5.1999896mm" rectPad={true} pcbRotation="270deg" shape="pill" />
+ <platedhole solderMaskMargin="0.0508mm"  portHints={["pin9"]} pcbX="-7.098919mm" pcbY="9.798812mm" holeWidth="1.5000224mm" holeHeight="3.90005824mm" outerWidth="2.1999956mm" outerHeight="5.1999896mm" rectPad={true} pcbRotation="306deg" shape="pill" />
+ <platedhole solderMaskMargin="0.0508mm"  portHints={["pin4"]} pcbX="7.098665mm" pcbY="-9.799066mm" holeWidth="1.5000224mm" holeHeight="3.90005824mm" outerWidth="2.1999956mm" outerHeight="5.1999896mm" rectPad={true} pcbRotation="306deg" shape="pill" />
+ <platedhole solderMaskMargin="0.0508mm"  portHints={["pin3"]} pcbX="11.502517mm" pcbY="-3.755136mm" holeWidth="1.5000224mm" holeHeight="3.90005824mm" outerWidth="2.1999956mm" outerHeight="5.1999896mm" rectPad={true} pcbRotation="342deg" shape="pill" />
+ <platedhole solderMaskMargin="0.0508mm"  portHints={["pin8"]} pcbX="-11.502517mm" pcbY="3.755136mm" holeWidth="1.5000224mm" holeHeight="3.90005824mm" outerWidth="2.1999956mm" outerHeight="5.1999896mm" rectPad={true} pcbRotation="342deg" shape="pill" />
+ <platedhole solderMaskMargin="0.0508mm"  portHints={["pin7"]} pcbX="-11.512931mm" pcbY="-3.723132mm" holeWidth="1.5000224mm" holeHeight="3.90005824mm" outerWidth="2.1999956mm" outerHeight="5.1999896mm" rectPad={true} pcbRotation="18deg" shape="pill" />
+ <platedhole solderMaskMargin="0.0508mm"  portHints={["pin2"]} pcbX="11.512931mm" pcbY="3.723132mm" holeWidth="1.5000224mm" holeHeight="3.90005824mm" outerWidth="2.1999956mm" outerHeight="5.1999896mm" rectPad={true} pcbRotation="18deg" shape="pill" />
+ <platedhole solderMaskMargin="0.0508mm"  portHints={["pin6"]} pcbX="-7.125843mm" pcbY="-9.779254mm" holeWidth="1.5000224mm" holeHeight="3.90005824mm" outerWidth="2.1999956mm" outerHeight="5.1999896mm" rectPad={true} pcbRotation="54deg" shape="pill" />
+ <platedhole solderMaskMargin="0.0508mm"  portHints={["pin1"]} pcbX="7.125335mm" pcbY="9.779mm" holeWidth="1.5000224mm" holeHeight="3.90005824mm" outerWidth="2.1999956mm" outerHeight="5.1999896mm" rectPad={true} pcbRotation="54deg" shape="pill" />
+ <platedhole solderMaskMargin="0.0508mm"  portHints={["pin10"]} pcbX="-1.425829mm" pcbY="0mm" holeWidth="1.5000224mm" holeHeight="3.90005824mm" outerWidth="2.1999956mm" outerHeight="4.99999mm" rectPad={true} pcbRotation="0deg" shape="pill" />
  <silkscreenpath route={[{"x":-2.8999942000000374,"y":-4.099991799999998},{"x":2.89999419999981,"y":-4.099991799999998}]} />
  <silkscreenpath route={[{"x":2.224227199999973,"y":12.100001199999951},{"x":-2.275789199999963,"y":12.100001199999951}]} />
  <silkscreenpath route={[{"x":-2.275789199999963,"y":-12.099950400000012},{"x":2.224227199999973,"y":-12.099950400000012}]} />
  <silkscreencircle pcbX="-0.025781mm" pcbY="0mm" radius="15.999968mm" />
  <silkscreencircle pcbX="-10.999851mm" pcbY="0mm" radius="2.050034mm" />

- Expected  - 11
+ Received  + 11

      at <anonymous> (/Users/anassarkiz/tsci/tscircuit-store/boards/magnetic-shutter-remote-r5--01a0f81f/evidence/USB4215-import-audit/toolchain/easyeda-converter/tests/convert-to-ts/C19076967-to-ts.test.ts:22:18)
(fail) should convert C19076967 into typescript file [3371.09ms]

tests/convert-to-ts/c2943786-to-ts.test.ts:
19 |   expect(result).not.toContain("NaNmm")
20 | 
21 |   const circuitJson = await runTscircuitCode(
22 |     wrapTsxWithBoardFor3dSnapshot(result),
23 |   )
24 |   expect(convertCircuitJsonToPcbSvg(circuitJson)).toMatchSvgSnapshot(
                                                       ^
error: 

Snapshot does not match. Diff saved at /Users/anassarkiz/tsci/tscircuit-store/boards/magnetic-shutter-remote-r5--01a0f81f/evidence/USB4215-import-audit/toolchain/easyeda-converter/tests/convert-to-ts/__snapshots__/c2943786-pcb.diff.png
      at <anonymous> (/Users/anassarkiz/tsci/tscircuit-store/boards/magnetic-shutter-remote-r5--01a0f81f/evidence/USB4215-import-audit/toolchain/easyeda-converter/tests/convert-to-ts/c2943786-to-ts.test.ts:24:51)
(fail) should import C2943786 into a snapshotted typescript component [3368.58ms]

tests/convert-to-ts/C46749-to-ts.test.ts:
28 | 
29 |   expect(groundPort?.requires_ground).toBe(true)
30 |   expect(powerPort?.requires_power).toBe(true)
31 |   await expect(circuitJson).toMatch3dSnapshot(import.meta.path)
32 | 
33 |   expect(result).toMatchInlineSnapshot(`
                      ^
error: expect(received).toMatchInlineSnapshot(expected)

@@ -27,18 +27,18 @@
      "C46749"
    ]
  }}
        manufacturerPartNumber="NE555P"
        footprint={<footprint>
-         <platedhole  portHints={["pin1"]} pcbX="-3.81mm" pcbY="-3.81mm" holeWidth="0.9000236mm" holeHeight="0.9000236mm" outerWidth="1.499997mm" outerHeight="1.499997mm" rectPad={true} pcbRotation="0deg" shape="pill" />
- <platedhole  portHints={["pin2"]} pcbX="-1.27mm" pcbY="-3.81mm" outerDiameter="1.499997mm" holeDiameter="0.9000236mm" shape="circle" />
- <platedhole  portHints={["pin3"]} pcbX="1.27mm" pcbY="-3.81mm" outerDiameter="1.499997mm" holeDiameter="0.9000236mm" shape="circle" />
- <platedhole  portHints={["pin4"]} pcbX="3.81mm" pcbY="-3.81mm" outerDiameter="1.499997mm" holeDiameter="0.9000236mm" shape="circle" />
- <platedhole  portHints={["pin8"]} pcbX="-3.81mm" pcbY="3.81mm" outerDiameter="1.499997mm" holeDiameter="0.9000236mm" shape="circle" />
- <platedhole  portHints={["pin7"]} pcbX="-1.27mm" pcbY="3.81mm" outerDiameter="1.499997mm" holeDiameter="0.9000236mm" shape="circle" />
- <platedhole  portHints={["pin6"]} pcbX="1.27mm" pcbY="3.81mm" outerDiameter="1.499997mm" holeDiameter="0.9000236mm" shape="circle" />
- <platedhole  portHints={["pin5"]} pcbX="3.81mm" pcbY="3.81mm" outerDiameter="1.499997mm" holeDiameter="0.9000236mm" shape="circle" />
+         <platedhole solderMaskMargin="0.0508mm"  portHints={["pin1"]} pcbX="-3.81mm" pcbY="-3.81mm" holeWidth="0.9000236mm" holeHeight="0.9000236mm" outerWidth="1.499997mm" outerHeight="1.499997mm" rectPad={true} pcbRotation="0deg" shape="pill" />
+ <platedhole solderMaskMargin="0.0508mm"  portHints={["pin2"]} pcbX="-1.27mm" pcbY="-3.81mm" outerDiameter="1.499997mm" holeDiameter="0.9000236mm" shape="circle" />
+ <platedhole solderMaskMargin="0.0508mm"  portHints={["pin3"]} pcbX="1.27mm" pcbY="-3.81mm" outerDiameter="1.499997mm" holeDiameter="0.9000236mm" shape="circle" />
+ <platedhole solderMaskMargin="0.0508mm"  portHints={["pin4"]} pcbX="3.81mm" pcbY="-3.81mm" outerDiameter="1.499997mm" holeDiameter="0.9000236mm" shape="circle" />
+ <platedhole solderMaskMargin="0.0508mm"  portHints={["pin8"]} pcbX="-3.81mm" pcbY="3.81mm" outerDiameter="1.499997mm" holeDiameter="0.9000236mm" shape="circle" />
+ <platedhole solderMaskMargin="0.0508mm"  portHints={["pin7"]} pcbX="-1.27mm" pcbY="3.81mm" outerDiameter="1.499997mm" holeDiameter="0.9000236mm" shape="circle" />
+ <platedhole solderMaskMargin="0.0508mm"  portHints={["pin6"]} pcbX="1.27mm" pcbY="3.81mm" outerDiameter="1.499997mm" holeDiameter="0.9000236mm" shape="circle" />
+ <platedhole solderMaskMargin="0.0508mm"  portHints={["pin5"]} pcbX="3.81mm" pcbY="3.81mm" outerDiameter="1.499997mm" holeDiameter="0.9000236mm" shape="circle" />
  <silkscreenpath route={[{"x":-4.9399951999999985,"y":0.640003800000045},{"x":-4.940299999999979,"y":0.6350000000001046},{"x":-4.940299999999979,"y":2.649220000000014},{"x":4.960620000000063,"y":2.649220000000014},{"x":4.960620000000063,"y":-2.6492199999999},{"x":-4.940299999999979,"y":-2.6492199999999},{"x":-4.940299999999979,"y":-0.6349999999999909},{"x":-4.9399951999999985,"y":-0.6400037999999313}]} />
  <silkscreenpath route={[{"x":-4.9399951999999985,"y":-0.6400037999999313},{"x":-4.6969912204483535,"y":-0.5916673031445043},{"x":-4.490982393946524,"y":-0.4540166060533011},{"x":-4.353331696855321,"y":-0.24800777955169906},{"x":-4.304995200000121,"y":-0.005003799999826697},{"x":-4.353331696855321,"y":0.2380001795518183},{"x":-4.490982393946524,"y":0.4440090060536477},{"x":-4.6969912204483535,"y":0.5816597031448509},{"x":-4.9399951999999985,"y":0.6299962000000505}]} />
  <silkscreenpath route={[{"x":-5.234940000000051,"y":-3.8099999999999454},{"x":-5.109318043912481,"y":-3.933721786962792},{"x":-4.984959652107364,"y":-3.808729999999855},{"x":-5.109318043912481,"y":-3.6837382130370315},{"x":-5.234940000000051,"y":-3.8074599999997645}]} />
  <silkscreenpath route={[{"x":-4.450080000000071,"y":-1.65099999999984},{"x":-4.360871640570167,"y":-1.8619343786078844},{"x":-4.148821341500593,"y":-1.9484567117675624},{"x":-3.9375112001708885,"y":-1.8601421170388903},{"x":-3.85009195288103,"y":-1.6484599999998863},{"x":-3.937511200171002,"y":-1.4367778829607687},{"x":-4.148821341500707,"y":-1.3484632882322103},{"x":-4.360871640570167,"y":-1.4349856213918883},{"x":-4.450080000000071,"y":-1.6459199999999328}]} />
  <silkscreentext text="{NAME}" pcbX="-0.3556mm" pcbY="5.572mm" anchorAlignment="center" fontSize="1mm" />

- Expected  - 8
+ Received  + 8

      at <anonymous> (/Users/anassarkiz/tsci/tscircuit-store/boards/magnetic-shutter-remote-r5--01a0f81f/evidence/USB4215-import-audit/toolchain/easyeda-converter/tests/convert-to-ts/C46749-to-ts.test.ts:33:18)
(fail) should convert C46749 into typescript file [2267.83ms]

tests/convert-to-ts/additional-payload-variants.test.ts:
33 | 
34 |   expect(convertCircuitJsonToSchematicSvg(circuitJson)).toMatchSvgSnapshot(
35 |     import.meta.path,
36 |     "additional-payload-variants-schematic",
37 |   )
38 |   expect(convertCircuitJsonToPcbSvg(circuitJson)).toMatchSvgSnapshot(
                                                       ^
error: 

Snapshot does not match. Diff saved at /Users/anassarkiz/tsci/tscircuit-store/boards/magnetic-shutter-remote-r5--01a0f81f/evidence/USB4215-import-audit/toolchain/easyeda-converter/tests/convert-to-ts/__snapshots__/additional-payload-variants-pcb.diff.png
      at <anonymous> (/Users/anassarkiz/tsci/tscircuit-store/boards/magnetic-shutter-remote-r5--01a0f81f/evidence/USB4215-import-audit/toolchain/easyeda-converter/tests/convert-to-ts/additional-payload-variants.test.ts:38:51)
(fail) renders a payload with issue #464 variants [1594.71ms]

tests/convert-to-ts/C12084-to-ts.test.ts:
(pass) should convert C12084 into typescript file [1212.00ms]

tests/convert-to-ts/thermostat-category.test.ts:
(pass) semiconductor thermostat switches are not mechanical switches

tests/convert-to-ts/C1046-to-ts.test.ts:
22 |     import.meta.path,
23 |     "C1046-to-ts-schematic",
24 |   )
25 |   await expect(circuitJson).toMatch3dSnapshot(import.meta.path)
26 | 
27 |   expect(result).toMatchInlineSnapshot(`
                      ^
error: expect(received).toMatchInlineSnapshot(expected)

@@ -26,12 +26,14 @@
      "C1046"
    ]
  }}
        manufacturerPartNumber="SDFL2012S100KTF"
        footprint={<footprint>
-         <smtpad portHints={["pin1"]} pcbX="-0.966216mm" pcbY="0mm" width="1.1325352mm" height="1.3770102mm" shape="rect" />
- <smtpad portHints={["pin2"]} pcbX="0.966216mm" pcbY="0mm" width="1.1325352mm" height="1.3770102mm" shape="rect" />
+         <smtpad portHints={["pin1"]} pcbX="-0.966216mm" pcbY="0mm" width="1.1325352mm" height="1.3770102mm" shape="rect" solderPasteMargin="-100.0000032mm" solderMaskMargin="0.0508mm" />
+ <smtpad portHints={["pin2"]} pcbX="0.966216mm" pcbY="0mm" width="1.1325352mm" height="1.3770102mm" shape="rect" solderPasteMargin="-100.0000032mm" solderMaskMargin="0.0508mm" />
+ <solderpaste shape="polygon" points={[{"x":-0.3599941999998464,"y":-0.22024339999995846},{"x":-0.3599941999998464,"y":0.22037039999997887},{"x":-0.7450581999999031,"y":0.6885177999999996},{"x":-1.4325345999998262,"y":0.6885177999999996},{"x":-1.5325343999999177,"y":0.5885180000000219},{"x":-1.5325343999999177,"y":-0.5884417999999414},{"x":-1.4325345999998262,"y":-0.6884415999999192},{"x":-0.7450581999999031,"y":-0.6884415999999192}]} />
+ <solderpaste shape="polygon" points={[{"x":0.35999420000007376,"y":-0.22024339999995846},{"x":0.35999420000007376,"y":0.22037039999997887},{"x":0.7450582000001305,"y":0.6885177999999996},{"x":1.4325346000000536,"y":0.6885177999999996},{"x":1.5325344000000314,"y":0.5885180000000219},{"x":1.5325344000000314,"y":-0.5884417999999414},{"x":1.4325346000000536,"y":-0.6884415999999192},{"x":0.7450582000001305,"y":-0.6884415999999192}]} />
  <silkscreenpath route={[{"x":-0.4212590000000773,"y":1.015949199999909},{"x":-1.5642590000001064,"y":1.015949199999909},{"x":-1.6912590000000591,"y":1.015949199999909},{"x":-1.9452590000000782,"y":0.76194919999989},{"x":-1.9452590000000782,"y":-0.6350507999999309},{"x":-1.9452590000000782,"y":-0.7620508000001109},{"x":-1.6912590000000591,"y":-1.0160508000000164},{"x":-0.4212590000000773,"y":-1.0160508000000164}]} />
  <silkscreenpath route={[{"x":0.34074099999998,"y":-1.0160508000000164},{"x":1.4837409999998954,"y":-1.0160508000000164},{"x":1.6107409999999618,"y":-1.0160508000000164},{"x":1.8647409999998672,"y":-0.7620508000001109},{"x":1.8647409999998672,"y":0.6349491999999373},{"x":1.8647409999998672,"y":0.76194919999989},{"x":1.6107409999999618,"y":1.015949199999909},{"x":0.34074099999998,"y":1.015949199999909}]} />
  <silkscreentext text="{NAME}" pcbX="-0.04191mm" pcbY="2.019302mm" anchorAlignment="center" fontSize="1mm" />
  <courtyardoutline outline={[{"x":-1.782483599999864,"y":0.9385051000000431},{"x":1.7824835999999777,"y":0.9385051000000431},{"x":1.7824835999999777,"y":-0.9385051000000431},{"x":-1.782483599999864,"y":-0.9385051000000431},{"x":-1.782483599999864,"y":0.9385051000000431}]} />
        </footprint>}

- Expected  - 2
+ Received  + 4

      at <anonymous> (/Users/anassarkiz/tsci/tscircuit-store/boards/magnetic-shutter-remote-r5--01a0f81f/evidence/USB4215-import-audit/toolchain/easyeda-converter/tests/convert-to-ts/C1046-to-ts.test.ts:27:18)
(fail) should convert C1046 into typescript file [1907.72ms]

tests/convert-to-ts/C23689428-to-ts.test.ts:
19 |   )
20 |   await expect(circuitJson).toMatch3dSnapshot(import.meta.path, {
21 |     camPos: [20, -20, 10],
22 |   })
23 | 
24 |   expect(result).toMatchInlineSnapshot(`
                      ^
error: expect(received).toMatchInlineSnapshot(expected)

@@ -20,17 +20,17 @@
      "C23689428"
    ]
  }}
        manufacturerPartNumber="DIN-504"
        footprint={<footprint>
-         <platedhole  portHints={["pin1"]} pcbX="3.850005mm" pcbY="-7.499985mm" outerDiameter="1.999996mm" holeDiameter="1.3000228mm" shape="circle" />
- <platedhole  portHints={["pin2"]} pcbX="3.850005mm" pcbY="0.000127mm" outerDiameter="1.999996mm" holeDiameter="1.3000228mm" shape="circle" />
- <platedhole  portHints={["pin3"]} pcbX="3.850005mm" pcbY="7.499985mm" outerDiameter="1.999996mm" holeDiameter="1.3000228mm" shape="circle" />
- <platedhole  portHints={["pin4"]} pcbX="6.149975mm" pcbY="-4.999863mm" outerDiameter="2.2999954mm" holeDiameter="1.5999968mm" shape="circle" />
- <platedhole  portHints={["pin5"]} pcbX="6.149975mm" pcbY="5.000117mm" outerDiameter="2.2999954mm" holeDiameter="1.5999968mm" shape="circle" />
- <platedhole  portHints={["pin6"]} pcbX="-6.149975mm" pcbY="-4.999863mm" outerDiameter="2.2999954mm" holeDiameter="1.5999968mm" shape="circle" />
- <platedhole  portHints={["pin7"]} pcbX="-6.149975mm" pcbY="5.000117mm" outerDiameter="2.2999954mm" holeDiameter="1.5999968mm" shape="circle" />
+         <platedhole solderMaskMargin="0.0499999mm"  portHints={["pin1"]} pcbX="3.850005mm" pcbY="-7.499985mm" outerDiameter="1.999996mm" holeDiameter="1.3000228mm" shape="circle" />
+ <platedhole solderMaskMargin="0.0499999mm"  portHints={["pin2"]} pcbX="3.850005mm" pcbY="0.000127mm" outerDiameter="1.999996mm" holeDiameter="1.3000228mm" shape="circle" />
+ <platedhole solderMaskMargin="0.0499999mm"  portHints={["pin3"]} pcbX="3.850005mm" pcbY="7.499985mm" outerDiameter="1.999996mm" holeDiameter="1.3000228mm" shape="circle" />
+ <platedhole solderMaskMargin="0.0499999mm"  portHints={["pin4"]} pcbX="6.149975mm" pcbY="-4.999863mm" outerDiameter="2.2999954mm" holeDiameter="1.5999968mm" shape="circle" />
+ <platedhole solderMaskMargin="0.0499999mm"  portHints={["pin5"]} pcbX="6.149975mm" pcbY="5.000117mm" outerDiameter="2.2999954mm" holeDiameter="1.5999968mm" shape="circle" />
+ <platedhole solderMaskMargin="0.0499999mm"  portHints={["pin6"]} pcbX="-6.149975mm" pcbY="-4.999863mm" outerDiameter="2.2999954mm" holeDiameter="1.5999968mm" shape="circle" />
+ <platedhole solderMaskMargin="0.0499999mm"  portHints={["pin7"]} pcbX="-6.149975mm" pcbY="5.000117mm" outerDiameter="2.2999954mm" holeDiameter="1.5999968mm" shape="circle" />
  <silkscreenpath route={[{"x":4.777714600000081,"y":8.308035200000177},{"x":4.777714600000081,"y":10.50008060000016}]} />
  <silkscreenpath route={[{"x":4.777714600000081,"y":0.8082026000001861},{"x":4.777714600000081,"y":6.69193480000024}]} />
  <silkscreenpath route={[{"x":4.777714600000081,"y":-6.691934799999899},{"x":4.777714600000081,"y":-0.8079485999999179}]} />
  <silkscreenpath route={[{"x":4.777714600000081,"y":-10.49157159999993},{"x":4.777714600000081,"y":-8.308009799999923}]} />
  <silkscreenpath route={[{"x":-6.74989759999994,"y":6.243904200000088},{"x":-6.74989759999994,"y":10.50008060000016}]} />

- Expected  - 7
+ Received  + 7

      at <anonymous> (/Users/anassarkiz/tsci/tscircuit-store/boards/magnetic-shutter-remote-r5--01a0f81f/evidence/USB4215-import-audit/toolchain/easyeda-converter/tests/convert-to-ts/C23689428-to-ts.test.ts:24:18)
(fail) should convert C23689428 into typescript file [2243.44ms]

tests/convert-to-ts/C561765-to-ts.test.ts:
17 |   const circuitJson = await runTscircuitCode(
18 |     wrapTsxWithBoardFor3dSnapshot(result),
19 |   )
20 |   await expect(circuitJson).toMatch3dSnapshot(import.meta.path)
21 | 
22 |   expect(result).toMatchInlineSnapshot(`
                      ^
error: expect(received).toMatchInlineSnapshot(expected)

@@ -19,14 +19,14 @@
  }}
        manufacturerPartNumber="1053131104"
        footprint={<footprint>
          <hole pcbX="-3.749929mm" pcbY="-3.6400359mm" diameter="1.5999968mm" />
  <hole pcbX="3.749929mm" pcbY="-3.6400359mm" diameter="1.5999968mm" />
- <platedhole  portHints={["pin4"]} pcbX="-3.749929mm" pcbY="3.5400361mm" outerDiameter="1.7999964mm" holeDiameter="1.1999976mm" shape="circle" />
- <platedhole  portHints={["pin3"]} pcbX="-1.250061mm" pcbY="3.5400361mm" outerDiameter="1.7999964mm" holeDiameter="1.1999976mm" shape="circle" />
- <platedhole  portHints={["pin2"]} pcbX="1.250061mm" pcbY="3.5400361mm" outerDiameter="1.7999964mm" holeDiameter="1.1999976mm" shape="circle" />
- <platedhole  portHints={["pin1"]} pcbX="3.749929mm" pcbY="3.5400361mm" holeWidth="1.1999976mm" holeHeight="1.1999976mm" outerWidth="1.7999964mm" outerHeight="1.7999964mm" rectPad={true} pcbRotation="0deg" shape="pill" />
+ <platedhole solderMaskMargin="0.0499999mm"  portHints={["pin4"]} pcbX="-3.749929mm" pcbY="3.5400361mm" outerDiameter="1.7999964mm" holeDiameter="1.1999976mm" shape="circle" />
+ <platedhole solderMaskMargin="0.0499999mm"  portHints={["pin3"]} pcbX="-1.250061mm" pcbY="3.5400361mm" outerDiameter="1.7999964mm" holeDiameter="1.1999976mm" shape="circle" />
+ <platedhole solderMaskMargin="0.0499999mm"  portHints={["pin2"]} pcbX="1.250061mm" pcbY="3.5400361mm" outerDiameter="1.7999964mm" holeDiameter="1.1999976mm" shape="circle" />
+ <platedhole solderMaskMargin="0.0499999mm"  portHints={["pin1"]} pcbX="3.749929mm" pcbY="3.5400361mm" holeWidth="1.1999976mm" holeHeight="1.1999976mm" outerWidth="1.7999964mm" outerHeight="1.7999964mm" rectPad={true} pcbRotation="0deg" shape="pill" />
  <silkscreenpath route={[{"x":2.5999694000000773,"y":-8.299970700000017},{"x":2.5999694000000773,"y":-6.859943100000123}]} />
  <silkscreenpath route={[{"x":-2.5999947999998767,"y":-8.299970700000017},{"x":-2.5999947999998767,"y":-6.859943100000123}]} />
  <silkscreenpath route={[{"x":-2.5999947999998767,"y":-8.299970700000017},{"x":2.5999694000000773,"y":-8.299970700000017}]} />
  <silkscreenpath route={[{"x":5.450001800000109,"y":1.6400398999999197},{"x":-5.449976399999969,"y":1.6400398999999197},{"x":-5.449976399999969,"y":-6.859943100000123},{"x":5.450001800000109,"y":-6.859943100000123}]} />
  <silkscreenpath route={[{"x":5.450001800000109,"y":1.6400398999999197},{"x":5.450001800000109,"y":-6.859943100000123}]} />

- Expected  - 4
+ Received  + 4

      at <anonymous> (/Users/anassarkiz/tsci/tscircuit-store/boards/magnetic-shutter-remote-r5--01a0f81f/evidence/USB4215-import-audit/toolchain/easyeda-converter/tests/convert-to-ts/C561765-to-ts.test.ts:22:18)
(fail) should convert C561765 into typescript file [1320.17ms]

tests/convert-to-ts/C2040-to-ts.test.ts:
17 |   const circuitJson = await runTscircuitCode(
18 |     wrapTsxWithBoardFor3dSnapshot(result),
19 |   )
20 |   await expect(circuitJson).toMatch3dSnapshot(import.meta.path)
21 | 
22 |   expect(result).toMatchInlineSnapshot(`
                      ^
error: expect(received).toMatchInlineSnapshot(expected)

@@ -75,67 +75,67 @@
      "C2040"
    ]
  }}
        manufacturerPartNumber="RP2040"
        footprint={<footprint>
-         <smtpad portHints={["pin57"]} pcbX="-0mm" pcbY="0.000127mm" width="3.0999938mm" height="3.0999938mm" shape="rect" />
- <smtpad portHints={["pin56"]} pcbX="-2.599944mm" pcbY="3.425063mm" width="0.1999996mm" height="0.850011mm" shape="rect" />
- <smtpad portHints={["pin55"]} pcbX="-2.200148mm" pcbY="3.425063mm" width="0.1999996mm" height="0.850011mm" shape="rect" />
- <smtpad portHints={["pin54"]} pcbX="-1.800098mm" pcbY="3.425063mm" width="0.1999996mm" height="0.850011mm" shape="rect" />
- <smtpad portHints={["pin53"]} pcbX="-1.400048mm" pcbY="3.425063mm" width="0.1999996mm" height="0.850011mm" shape="rect" />
- <smtpad portHints={["pin52"]} pcbX="-0.999998mm" pcbY="3.425063mm" width="0.1999996mm" height="0.850011mm" shape="rect" />
- <smtpad portHints={["pin51"]} pcbX="-0.599948mm" pcbY="3.425063mm" width="0.1999996mm" height="0.850011mm" shape="rect" />
- <smtpad portHints={["pin50"]} pcbX="-0.200152mm" pcbY="3.425063mm" width="0.1999996mm" height="0.850011mm" shape="rect" />
- <smtpad portHints={["pin49"]} pcbX="0.199898mm" pcbY="3.425063mm" width="0.1999996mm" height="0.850011mm" shape="rect" />
- <smtpad portHints={["pin48"]} pcbX="0.599948mm" pcbY="3.425063mm" width="0.1999996mm" height="0.850011mm" shape="rect" />
- <smtpad portHints={["pin47"]} pcbX="0.999998mm" pcbY="3.425063mm" width="0.1999996mm" height="0.850011mm" shape="rect" />
- <smtpad portHints={["pin46"]} pcbX="1.400048mm" pcbY="3.425063mm" width="0.1999996mm" height="0.850011mm" shape="rect" />
- <smtpad portHints={["pin45"]} pcbX="1.799844mm" pcbY="3.425063mm" width="0.1999996mm" height="0.850011mm" shape="rect" />
- <smtpad portHints={["pin44"]} pcbX="2.199894mm" pcbY="3.425063mm" width="0.1999996mm" height="0.850011mm" shape="rect" />
- <smtpad portHints={["pin43"]} pcbX="2.599944mm" pcbY="3.425063mm" width="0.1999996mm" height="0.850011mm" shape="rect" />
- <smtpad portHints={["pin42"]} pcbX="3.424936mm" pcbY="2.600071mm" width="0.850011mm" height="0.1999996mm" shape="rect" />
- <smtpad portHints={["pin41"]} pcbX="3.424936mm" pcbY="2.200021mm" width="0.850011mm" height="0.1999996mm" shape="rect" />
- <smtpad portHints={["pin40"]} pcbX="3.424936mm" pcbY="1.799971mm" width="0.850011mm" height="0.1999996mm" shape="rect" />
- <smtpad portHints={["pin39"]} pcbX="3.424936mm" pcbY="1.399921mm" width="0.850011mm" height="0.1999996mm" shape="rect" />
- <smtpad portHints={["pin38"]} pcbX="3.424936mm" pcbY="1.000125mm" width="0.850011mm" height="0.1999996mm" shape="rect" />
- <smtpad portHints={["pin37"]} pcbX="3.424936mm" pcbY="0.600075mm" width="0.850011mm" height="0.1999996mm" shape="rect" />
- <smtpad portHints={["pin36"]} pcbX="3.424936mm" pcbY="0.200025mm" width="0.850011mm" height="0.1999996mm" shape="rect" />
- <smtpad portHints={["pin35"]} pcbX="3.424936mm" pcbY="-0.200025mm" width="0.850011mm" height="0.1999996mm" shape="rect" />
- <smtpad portHints={["pin34"]} pcbX="3.424936mm" pcbY="-0.600075mm" width="0.850011mm" height="0.1999996mm" shape="rect" />
- <smtpad portHints={["pin33"]} pcbX="3.424936mm" pcbY="-0.999871mm" width="0.850011mm" height="0.1999996mm" shape="rect" />
- <smtpad portHints={["pin32"]} pcbX="3.424936mm" pcbY="-1.399921mm" width="0.850011mm" height="0.1999996mm" shape="rect" />
- <smtpad portHints={["pin31"]} pcbX="3.424936mm" pcbY="-1.799971mm" width="0.850011mm" height="0.1999996mm" shape="rect" />
- <smtpad portHints={["pin30"]} pcbX="3.424936mm" pcbY="-2.200021mm" width="0.850011mm" height="0.1999996mm" shape="rect" />
- <smtpad portHints={["pin29"]} pcbX="3.424936mm" pcbY="-2.600071mm" width="0.850011mm" height="0.1999996mm" shape="rect" />
- <smtpad portHints={["pin28"]} pcbX="2.599944mm" pcbY="-3.425063mm" width="0.1999996mm" height="0.850011mm" shape="rect" />
- <smtpad portHints={["pin27"]} pcbX="2.199894mm" pcbY="-3.425063mm" width="0.1999996mm" height="0.850011mm" shape="rect" />
- <smtpad portHints={["pin26"]} pcbX="1.799844mm" pcbY="-3.425063mm" width="0.1999996mm" height="0.850011mm" shape="rect" />
- <smtpad portHints={["pin25"]} pcbX="1.400048mm" pcbY="-3.425063mm" width="0.1999996mm" height="0.850011mm" shape="rect" />
- <smtpad portHints={["pin24"]} pcbX="0.999998mm" pcbY="-3.425063mm" width="0.1999996mm" height="0.850011mm" shape="rect" />
- <smtpad portHints={["pin23"]} pcbX="0.599948mm" pcbY="-3.425063mm" width="0.1999996mm" height="0.850011mm" shape="rect" />
- <smtpad portHints={["pin22"]} pcbX="0.199898mm" pcbY="-3.425063mm" width="0.1999996mm" height="0.850011mm" shape="rect" />
- <smtpad portHints={["pin21"]} pcbX="-0.200152mm" pcbY="-3.425063mm" width="0.1999996mm" height="0.850011mm" shape="rect" />
- <smtpad portHints={["pin20"]} pcbX="-0.599948mm" pcbY="-3.425063mm" width="0.1999996mm" height="0.850011mm" shape="rect" />
- <smtpad portHints={["pin19"]} pcbX="-0.999998mm" pcbY="-3.425063mm" width="0.1999996mm" height="0.850011mm" shape="rect" />
- <smtpad portHints={["pin18"]} pcbX="-1.400048mm" pcbY="-3.425063mm" width="0.1999996mm" height="0.850011mm" shape="rect" />
- <smtpad portHints={["pin17"]} pcbX="-1.800098mm" pcbY="-3.425063mm" width="0.1999996mm" height="0.850011mm" shape="rect" />
- <smtpad portHints={["pin16"]} pcbX="-2.200148mm" pcbY="-3.425063mm" width="0.1999996mm" height="0.850011mm" shape="rect" />
- <smtpad portHints={["pin15"]} pcbX="-2.599944mm" pcbY="-3.425063mm" width="0.1999996mm" height="0.850011mm" shape="rect" />
- <smtpad portHints={["pin14"]} pcbX="-3.424936mm" pcbY="-2.600071mm" width="0.850011mm" height="0.1999996mm" shape="rect" />
- <smtpad portHints={["pin13"]} pcbX="-3.424936mm" pcbY="-2.200021mm" width="0.850011mm" height="0.1999996mm" shape="rect" />
- <smtpad portHints={["pin12"]} pcbX="-3.424936mm" pcbY="-1.799971mm" width="0.850011mm" height="0.1999996mm" shape="rect" />
- <smtpad portHints={["pin11"]} pcbX="-3.424936mm" pcbY="-1.399921mm" width="0.850011mm" height="0.1999996mm" shape="rect" />
- <smtpad portHints={["pin10"]} pcbX="-3.424936mm" pcbY="-0.999871mm" width="0.850011mm" height="0.1999996mm" shape="rect" />
- <smtpad portHints={["pin9"]} pcbX="-3.424936mm" pcbY="-0.600075mm" width="0.850011mm" height="0.1999996mm" shape="rect" />
- <smtpad portHints={["pin8"]} pcbX="-3.424936mm" pcbY="-0.200025mm" width="0.850011mm" height="0.1999996mm" shape="rect" />
- <smtpad portHints={["pin7"]} pcbX="-3.424936mm" pcbY="0.200025mm" width="0.850011mm" height="0.1999996mm" shape="rect" />
- <smtpad portHints={["pin6"]} pcbX="-3.424936mm" pcbY="0.600075mm" width="0.850011mm" height="0.1999996mm" shape="rect" />
- <smtpad portHints={["pin5"]} pcbX="-3.424936mm" pcbY="1.000125mm" width="0.850011mm" height="0.1999996mm" shape="rect" />
- <smtpad portHints={["pin4"]} pcbX="-3.424936mm" pcbY="1.399921mm" width="0.850011mm" height="0.1999996mm" shape="rect" />
- <smtpad portHints={["pin3"]} pcbX="-3.424936mm" pcbY="1.799971mm" width="0.850011mm" height="0.1999996mm" shape="rect" />
- <smtpad portHints={["pin2"]} pcbX="-3.424936mm" pcbY="2.200021mm" width="0.850011mm" height="0.1999996mm" shape="rect" />
- <smtpad portHints={["pin1"]} pcbX="-3.424936mm" pcbY="2.600071mm" width="0.850011mm" height="0.1999996mm" shape="rect" />
+         <smtpad portHints={["pin57"]} pcbX="-0mm" pcbY="0.000127mm" width="3.0999938mm" height="3.0999938mm" shape="rect" solderPasteMargin="0mm" solderMaskMargin="0.0500126mm" />
+ <smtpad portHints={["pin56"]} pcbX="-2.599944mm" pcbY="3.425063mm" width="0.1999996mm" height="0.850011mm" shape="rect" solderPasteMargin="0mm" solderMaskMargin="0.0500126mm" />
+ <smtpad portHints={["pin55"]} pcbX="-2.200148mm" pcbY="3.425063mm" width="0.1999996mm" height="0.850011mm" shape="rect" solderPasteMargin="0mm" solderMaskMargin="0.0500126mm" />
+ <smtpad portHints={["pin54"]} pcbX="-1.800098mm" pcbY="3.425063mm" width="0.1999996mm" height="0.850011mm" shape="rect" solderPasteMargin="0mm" solderMaskMargin="0.0500126mm" />
+ <smtpad portHints={["pin53"]} pcbX="-1.400048mm" pcbY="3.425063mm" width="0.1999996mm" height="0.850011mm" shape="rect" solderPasteMargin="0mm" solderMaskMargin="0.0500126mm" />
+ <smtpad portHints={["pin52"]} pcbX="-0.999998mm" pcbY="3.425063mm" width="0.1999996mm" height="0.850011mm" shape="rect" solderPasteMargin="0mm" solderMaskMargin="0.0500126mm" />
+ <smtpad portHints={["pin51"]} pcbX="-0.599948mm" pcbY="3.425063mm" width="0.1999996mm" height="0.850011mm" shape="rect" solderPasteMargin="0mm" solderMaskMargin="0.0500126mm" />
+ <smtpad portHints={["pin50"]} pcbX="-0.200152mm" pcbY="3.425063mm" width="0.1999996mm" height="0.850011mm" shape="rect" solderPasteMargin="0mm" solderMaskMargin="0.0500126mm" />
+ <smtpad portHints={["pin49"]} pcbX="0.199898mm" pcbY="3.425063mm" width="0.1999996mm" height="0.850011mm" shape="rect" solderPasteMargin="0mm" solderMaskMargin="0.0500126mm" />
+ <smtpad portHints={["pin48"]} pcbX="0.599948mm" pcbY="3.425063mm" width="0.1999996mm" height="0.850011mm" shape="rect" solderPasteMargin="0mm" solderMaskMargin="0.0500126mm" />
+ <smtpad portHints={["pin47"]} pcbX="0.999998mm" pcbY="3.425063mm" width="0.1999996mm" height="0.850011mm" shape="rect" solderPasteMargin="0mm" solderMaskMargin="0.0500126mm" />
+ <smtpad portHints={["pin46"]} pcbX="1.400048mm" pcbY="3.425063mm" width="0.1999996mm" height="0.850011mm" shape="rect" solderPasteMargin="0mm" solderMaskMargin="0.0500126mm" />
+ <smtpad portHints={["pin45"]} pcbX="1.799844mm" pcbY="3.425063mm" width="0.1999996mm" height="0.850011mm" shape="rect" solderPasteMargin="0mm" solderMaskMargin="0.0500126mm" />
+ <smtpad portHints={["pin44"]} pcbX="2.199894mm" pcbY="3.425063mm" width="0.1999996mm" height="0.850011mm" shape="rect" solderPasteMargin="0mm" solderMaskMargin="0.0500126mm" />
+ <smtpad portHints={["pin43"]} pcbX="2.599944mm" pcbY="3.425063mm" width="0.1999996mm" height="0.850011mm" shape="rect" solderPasteMargin="0mm" solderMaskMargin="0.0500126mm" />
+ <smtpad portHints={["pin42"]} pcbX="3.424936mm" pcbY="2.600071mm" width="0.850011mm" height="0.1999996mm" shape="rect" solderPasteMargin="0mm" solderMaskMargin="0.0500126mm" />
+ <smtpad portHints={["pin41"]} pcbX="3.424936mm" pcbY="2.200021mm" width="0.850011mm" height="0.1999996mm" shape="rect" solderPasteMargin="0mm" solderMaskMargin="0.0500126mm" />
+ <smtpad portHints={["pin40"]} pcbX="3.424936mm" pcbY="1.799971mm" width="0.850011mm" height="0.1999996mm" shape="rect" solderPasteMargin="0mm" solderMaskMargin="0.0500126mm" />
+ <smtpad portHints={["pin39"]} pcbX="3.424936mm" pcbY="1.399921mm" width="0.850011mm" height="0.1999996mm" shape="rect" solderPasteMargin="0mm" solderMaskMargin="0.0500126mm" />
+ <smtpad portHints={["pin38"]} pcbX="3.424936mm" pcbY="1.000125mm" width="0.850011mm" height="0.1999996mm" shape="rect" solderPasteMargin="0mm" solderMaskMargin="0.0500126mm" />
+ <smtpad portHints={["pin37"]} pcbX="3.424936mm" pcbY="0.600075mm" width="0.850011mm" height="0.1999996mm" shape="rect" solderPasteMargin="0mm" solderMaskMargin="0.0500126mm" />
+ <smtpad portHints={["pin36"]} pcbX="3.424936mm" pcbY="0.200025mm" width="0.850011mm" height="0.1999996mm" shape="rect" solderPasteMargin="0mm" solderMaskMargin="0.0500126mm" />
+ <smtpad portHints={["pin35"]} pcbX="3.424936mm" pcbY="-0.200025mm" width="0.850011mm" height="0.1999996mm" shape="rect" solderPasteMargin="0mm" solderMaskMargin="0.0500126mm" />
+ <smtpad portHints={["pin34"]} pcbX="3.424936mm" pcbY="-0.600075mm" width="0.850011mm" height="0.1999996mm" shape="rect" solderPasteMargin="0mm" solderMaskMargin="0.0500126mm" />
+ <smtpad portHints={["pin33"]} pcbX="3.424936mm" pcbY="-0.999871mm" width="0.850011mm" height="0.1999996mm" shape="rect" solderPasteMargin="0mm" solderMaskMargin="0.0500126mm" />
+ <smtpad portHints={["pin32"]} pcbX="3.424936mm" pcbY="-1.399921mm" width="0.850011mm" height="0.1999996mm" shape="rect" solderPasteMargin="0mm" solderMaskMargin="0.0500126mm" />
+ <smtpad portHints={["pin31"]} pcbX="3.424936mm" pcbY="-1.799971mm" width="0.850011mm" height="0.1999996mm" shape="rect" solderPasteMargin="0mm" solderMaskMargin="0.0500126mm" />
+ <smtpad portHints={["pin30"]} pcbX="3.424936mm" pcbY="-2.200021mm" width="0.850011mm" height="0.1999996mm" shape="rect" solderPasteMargin="0mm" solderMaskMargin="0.0500126mm" />
+ <smtpad portHints={["pin29"]} pcbX="3.424936mm" pcbY="-2.600071mm" width="0.850011mm" height="0.1999996mm" shape="rect" solderPasteMargin="0mm" solderMaskMargin="0.0500126mm" />
+ <smtpad portHints={["pin28"]} pcbX="2.599944mm" pcbY="-3.425063mm" width="0.1999996mm" height="0.850011mm" shape="rect" solderPasteMargin="0mm" solderMaskMargin="0.0500126mm" />
+ <smtpad portHints={["pin27"]} pcbX="2.199894mm" pcbY="-3.425063mm" width="0.1999996mm" height="0.850011mm" shape="rect" solderPasteMargin="0mm" solderMaskMargin="0.0500126mm" />
+ <smtpad portHints={["pin26"]} pcbX="1.799844mm" pcbY="-3.425063mm" width="0.1999996mm" height="0.850011mm" shape="rect" solderPasteMargin="0mm" solderMaskMargin="0.0500126mm" />
+ <smtpad portHints={["pin25"]} pcbX="1.400048mm" pcbY="-3.425063mm" width="0.1999996mm" height="0.850011mm" shape="rect" solderPasteMargin="0mm" solderMaskMargin="0.0500126mm" />
+ <smtpad portHints={["pin24"]} pcbX="0.999998mm" pcbY="-3.425063mm" width="0.1999996mm" height="0.850011mm" shape="rect" solderPasteMargin="0mm" solderMaskMargin="0.0500126mm" />
+ <smtpad portHints={["pin23"]} pcbX="0.599948mm" pcbY="-3.425063mm" width="0.1999996mm" height="0.850011mm" shape="rect" solderPasteMargin="0mm" solderMaskMargin="0.0500126mm" />
+ <smtpad portHints={["pin22"]} pcbX="0.199898mm" pcbY="-3.425063mm" width="0.1999996mm" height="0.850011mm" shape="rect" solderPasteMargin="0mm" solderMaskMargin="0.0500126mm" />
+ <smtpad portHints={["pin21"]} pcbX="-0.200152mm" pcbY="-3.425063mm" width="0.1999996mm" height="0.850011mm" shape="rect" solderPasteMargin="0mm" solderMaskMargin="0.0500126mm" />
+ <smtpad portHints={["pin20"]} pcbX="-0.599948mm" pcbY="-3.425063mm" width="0.1999996mm" height="0.850011mm" shape="rect" solderPasteMargin="0mm" solderMaskMargin="0.0500126mm" />
+ <smtpad portHints={["pin19"]} pcbX="-0.999998mm" pcbY="-3.425063mm" width="0.1999996mm" height="0.850011mm" shape="rect" solderPasteMargin="0mm" solderMaskMargin="0.0500126mm" />
+ <smtpad portHints={["pin18"]} pcbX="-1.400048mm" pcbY="-3.425063mm" width="0.1999996mm" height="0.850011mm" shape="rect" solderPasteMargin="0mm" solderMaskMargin="0.0500126mm" />
+ <smtpad portHints={["pin17"]} pcbX="-1.800098mm" pcbY="-3.425063mm" width="0.1999996mm" height="0.850011mm" shape="rect" solderPasteMargin="0mm" solderMaskMargin="0.0500126mm" />
+ <smtpad portHints={["pin16"]} pcbX="-2.200148mm" pcbY="-3.425063mm" width="0.1999996mm" height="0.850011mm" shape="rect" solderPasteMargin="0mm" solderMaskMargin="0.0500126mm" />
+ <smtpad portHints={["pin15"]} pcbX="-2.599944mm" pcbY="-3.425063mm" width="0.1999996mm" height="0.850011mm" shape="rect" solderPasteMargin="0mm" solderMaskMargin="0.0500126mm" />
+ <smtpad portHints={["pin14"]} pcbX="-3.424936mm" pcbY="-2.600071mm" width="0.850011mm" height="0.1999996mm" shape="rect" solderPasteMargin="0mm" solderMaskMargin="0.0500126mm" />
+ <smtpad portHints={["pin13"]} pcbX="-3.424936mm" pcbY="-2.200021mm" width="0.850011mm" height="0.1999996mm" shape="rect" solderPasteMargin="0mm" solderMaskMargin="0.0500126mm" />
+ <smtpad portHints={["pin12"]} pcbX="-3.424936mm" pcbY="-1.799971mm" width="0.850011mm" height="0.1999996mm" shape="rect" solderPasteMargin="0mm" solderMaskMargin="0.0500126mm" />
+ <smtpad portHints={["pin11"]} pcbX="-3.424936mm" pcbY="-1.399921mm" width="0.850011mm" height="0.1999996mm" shape="rect" solderPasteMargin="0mm" solderMaskMargin="0.0500126mm" />
+ <smtpad portHints={["pin10"]} pcbX="-3.424936mm" pcbY="-0.999871mm" width="0.850011mm" height="0.1999996mm" shape="rect" solderPasteMargin="0mm" solderMaskMargin="0.0500126mm" />
+ <smtpad portHints={["pin9"]} pcbX="-3.424936mm" pcbY="-0.600075mm" width="0.850011mm" height="0.1999996mm" shape="rect" solderPasteMargin="0mm" solderMaskMargin="0.0500126mm" />
+ <smtpad portHints={["pin8"]} pcbX="-3.424936mm" pcbY="-0.200025mm" width="0.850011mm" height="0.1999996mm" shape="rect" solderPasteMargin="0mm" solderMaskMargin="0.0500126mm" />
+ <smtpad portHints={["pin7"]} pcbX="-3.424936mm" pcbY="0.200025mm" width="0.850011mm" height="0.1999996mm" shape="rect" solderPasteMargin="0mm" solderMaskMargin="0.0500126mm" />
+ <smtpad portHints={["pin6"]} pcbX="-3.424936mm" pcbY="0.600075mm" width="0.850011mm" height="0.1999996mm" shape="rect" solderPasteMargin="0mm" solderMaskMargin="0.0500126mm" />
+ <smtpad portHints={["pin5"]} pcbX="-3.424936mm" pcbY="1.000125mm" width="0.850011mm" height="0.1999996mm" shape="rect" solderPasteMargin="0mm" solderMaskMargin="0.0500126mm" />
+ <smtpad portHints={["pin4"]} pcbX="-3.424936mm" pcbY="1.399921mm" width="0.850011mm" height="0.1999996mm" shape="rect" solderPasteMargin="0mm" solderMaskMargin="0.0500126mm" />
+ <smtpad portHints={["pin3"]} pcbX="-3.424936mm" pcbY="1.799971mm" width="0.850011mm" height="0.1999996mm" shape="rect" solderPasteMargin="0mm" solderMaskMargin="0.0500126mm" />
+ <smtpad portHints={["pin2"]} pcbX="-3.424936mm" pcbY="2.200021mm" width="0.850011mm" height="0.1999996mm" shape="rect" solderPasteMargin="0mm" solderMaskMargin="0.0500126mm" />
+ <smtpad portHints={["pin1"]} pcbX="-3.424936mm" pcbY="2.600071mm" width="0.850011mm" height="0.1999996mm" shape="rect" solderPasteMargin="0mm" solderMaskMargin="0.0500126mm" />
  <silkscreenpath route={[{"x":-3.2409891999999445,"y":3.500018399999931},{"x":-3.2409891999999445,"y":3.403168199999868},{"x":-3.5000691999999844,"y":3.144062800000029}]} />
  <silkscreenpath route={[{"x":-3.5000691999999844,"y":2.931185400000004},{"x":-2.9311854000001176,"y":3.500018399999931}]} />
  <silkscreenpath route={[{"x":-3.5000691999999844,"y":2.931185400000004},{"x":-3.5000691999999844,"y":3.500018399999931}]} />
  <silkscreenpath route={[{"x":-2.9311854000001176,"y":-3.499916799999937},{"x":-3.40004399999998,"y":-3.499916799999937},{"x":-3.5000691999999844,"y":-3.499916799999937},{"x":-3.5000691999999844,"y":-2.9310838000000103}]} />
  <silkscreenpath route={[{"x":3.499942199999964,"y":-2.9310838000000103},{"x":3.499942199999964,"y":-3.499916799999937},{"x":2.931083800000124,"y":-3.499916799999937}]} />

- Expected  - 57
+ Received  + 57

      at <anonymous> (/Users/anassarkiz/tsci/tscircuit-store/boards/magnetic-shutter-remote-r5--01a0f81f/evidence/USB4215-import-audit/toolchain/easyeda-converter/tests/convert-to-ts/C2040-to-ts.test.ts:22:18)
(fail) should convert C2040 into typescript file [1567.98ms]

tests/convert-to-ts/C18185602-to-ts.test.ts:
24 |   )
25 |   await expect(circuitJson).toMatch3dSnapshot(import.meta.path, {
26 |     camPos: [-10, -20, 10],
27 |   })
28 | 
29 |   expect(result).toMatchInlineSnapshot(`
                      ^
error: expect(received).toMatchInlineSnapshot(expected)

@@ -33,14 +33,14 @@
  }}
        manufacturerPartNumber="PJ-320A-4P DIP"
        footprint={<footprint>
          <hole pcbX="2.4249824mm" pcbY="0mm" diameter="1.1999976mm" />
  <hole pcbX="-4.5750036mm" pcbY="0mm" diameter="1.1999976mm" />
- <platedhole  portHints={["pin1"]} pcbX="4.0249284mm" pcbY="2.29997mm" holeWidth="0.5999988mm" holeHeight="1.499997mm" outerWidth="1.1999976mm" outerHeight="2.0999958mm" pcbRotation="90deg" shape="pill" />
- <platedhole  portHints={["pin2"]} pcbX="0.0249364mm" pcbY="2.29997mm" holeWidth="0.5999988mm" holeHeight="1.499997mm" outerWidth="1.1999976mm" outerHeight="2.0999958mm" pcbRotation="90deg" shape="pill" />
- <platedhole  portHints={["pin3"]} pcbX="-2.9750576mm" pcbY="2.29997mm" holeWidth="0.5999988mm" holeHeight="1.499997mm" outerWidth="1.1999976mm" outerHeight="2.0999958mm" pcbRotation="90deg" shape="pill" />
- <platedhole  portHints={["pin4"]} pcbX="5.1250024mm" pcbY="-2.29997mm" holeWidth="0.5999988mm" holeHeight="1.499997mm" outerWidth="1.1999976mm" outerHeight="2.0999958mm" pcbRotation="90deg" shape="pill" />
+ <platedhole solderMaskMargin="0.0508mm"  portHints={["pin1"]} pcbX="4.0249284mm" pcbY="2.29997mm" holeWidth="0.5999988mm" holeHeight="1.499997mm" outerWidth="1.1999976mm" outerHeight="2.0999958mm" pcbRotation="90deg" shape="pill" />
+ <platedhole solderMaskMargin="0.0508mm"  portHints={["pin2"]} pcbX="0.0249364mm" pcbY="2.29997mm" holeWidth="0.5999988mm" holeHeight="1.499997mm" outerWidth="1.1999976mm" outerHeight="2.0999958mm" pcbRotation="90deg" shape="pill" />
+ <platedhole solderMaskMargin="0.0508mm"  portHints={["pin3"]} pcbX="-2.9750576mm" pcbY="2.29997mm" holeWidth="0.5999988mm" holeHeight="1.499997mm" outerWidth="1.1999976mm" outerHeight="2.0999958mm" pcbRotation="90deg" shape="pill" />
+ <platedhole solderMaskMargin="0.0508mm"  portHints={["pin4"]} pcbX="5.1250024mm" pcbY="-2.29997mm" holeWidth="0.5999988mm" holeHeight="1.499997mm" outerWidth="1.1999976mm" outerHeight="2.0999958mm" pcbRotation="90deg" shape="pill" />
  <silkscreenpath route={[{"x":-6.174975000000018,"y":-2.4595836000000872},{"x":-6.1749496000001045,"y":3.0558485999999903}]} />
  <silkscreenpath route={[{"x":-8.158943600000043,"y":-2.5000204000000394},{"x":-6.174975000000018,"y":-2.5000204000000394}]} />
  <silkscreenpath route={[{"x":-8.158943600000043,"y":2.499969599999986},{"x":-6.158947600000147,"y":2.499969599999986}]} />
  <silkscreenpath route={[{"x":-8.158943600000043,"y":2.499969599999986},{"x":-8.158943600000043,"y":-2.5000204000000394}]} />
  <silkscreenpath route={[{"x":5.941028200000005,"y":-3.175025400000095},{"x":-6.174975000000018,"y":-3.175025400000095},{"x":-6.174975000000018,"y":-2.300096999999937}]} />

- Expected  - 4
+ Received  + 4

      at <anonymous> (/Users/anassarkiz/tsci/tscircuit-store/boards/magnetic-shutter-remote-r5--01a0f81f/evidence/USB4215-import-audit/toolchain/easyeda-converter/tests/convert-to-ts/C18185602-to-ts.test.ts:29:18)
(fail) should convert C18185602 into typescript file [1352.82ms]

tests/convert-to-ts/C2838502-to-ts.test.ts:
19 |   )
20 |   await expect(circuitJson).toMatch3dSnapshot(import.meta.path, {
21 |     camPos: [20, 20, 10],
22 |   })
23 | 
24 |   expect(result).toMatchInlineSnapshot(`
                      ^
error: expect(received).toMatchInlineSnapshot(expected)

@@ -106,71 +106,71 @@
      "C2838502"
    ]
  }}
        manufacturerPartNumber="ESP32-C3-MINI-1-N4"
        footprint={<footprint>
-         <smtpad portHints={["pin1"]} pcbX="-5.899912mm" pcbY="3.999992mm" width="0.7999984mm" height="0.3999992mm" shape="rect" />
- <smtpad portHints={["pin2"]} pcbX="-5.899912mm" pcbY="3.199892mm" width="0.7999984mm" height="0.3999992mm" shape="rect" />
- <smtpad portHints={["pin3"]} pcbX="-5.899912mm" pcbY="2.400046mm" width="0.7999984mm" height="0.3999992mm" shape="rect" />
- <smtpad portHints={["pin4"]} pcbX="-5.899912mm" pcbY="1.599946mm" width="0.7999984mm" height="0.3999992mm" shape="rect" />
- <smtpad portHints={["pin5"]} pcbX="-5.899912mm" pcbY="0.8001mm" width="0.7999984mm" height="0.3999992mm" shape="rect" />
- <smtpad portHints={["pin6"]} pcbX="-5.899912mm" pcbY="0mm" width="0.7999984mm" height="0.3999992mm" shape="rect" />
- <smtpad portHints={["pin7"]} pcbX="-5.899912mm" pcbY="-0.8001mm" width="0.7999984mm" height="0.3999992mm" shape="rect" />
- <smtpad portHints={["pin8"]} pcbX="-5.899912mm" pcbY="-1.599946mm" width="0.7999984mm" height="0.3999992mm" shape="rect" />
- <smtpad portHints={["pin9"]} pcbX="-5.899912mm" pcbY="-2.400046mm" width="0.7999984mm" height="0.3999992mm" shape="rect" />
- <smtpad portHints={["pin10"]} pcbX="-5.899912mm" pcbY="-3.199892mm" width="0.7999984mm" height="0.3999992mm" shape="rect" />
- <smtpad portHints={["pin11"]} pcbX="-5.899912mm" pcbY="-3.999992mm" width="0.7999984mm" height="0.3999992mm" shape="rect" />
- <smtpad portHints={["pin12"]} pcbX="-4.800092mm" pcbY="-4.899914mm" width="0.3999992mm" height="0.7999984mm" shape="rect" />
- <smtpad portHints={["pin13"]} pcbX="-3.999992mm" pcbY="-4.899914mm" width="0.3999992mm" height="0.7999984mm" shape="rect" />
- <smtpad portHints={["pin14"]} pcbX="-3.199892mm" pcbY="-4.899914mm" width="0.3999992mm" height="0.7999984mm" shape="rect" />
- <smtpad portHints={["pin15"]} pcbX="-2.400046mm" pcbY="-4.899914mm" width="0.3999992mm" height="0.7999984mm" shape="rect" />
- <smtpad portHints={["pin16"]} pcbX="-1.599946mm" pcbY="-4.899914mm" width="0.3999992mm" height="0.7999984mm" shape="rect" />
- <smtpad portHints={["pin17"]} pcbX="-0.8001mm" pcbY="-4.899914mm" width="0.3999992mm" height="0.7999984mm" shape="rect" />
- <smtpad portHints={["pin18"]} pcbX="0mm" pcbY="-4.899914mm" width="0.3999992mm" height="0.7999984mm" shape="rect" />
- <smtpad portHints={["pin19"]} pcbX="0.8001mm" pcbY="-4.899914mm" width="0.3999992mm" height="0.7999984mm" shape="rect" />
- <smtpad portHints={["pin20"]} pcbX="1.599946mm" pcbY="-4.899914mm" width="0.3999992mm" height="0.7999984mm" shape="rect" />
- <smtpad portHints={["pin21"]} pcbX="2.400046mm" pcbY="-4.899914mm" width="0.3999992mm" height="0.7999984mm" shape="rect" />
- <smtpad portHints={["pin22"]} pcbX="3.199892mm" pcbY="-4.899914mm" width="0.3999992mm" height="0.7999984mm" shape="rect" />
- <smtpad portHints={["pin23"]} pcbX="3.999992mm" pcbY="-4.899914mm" width="0.3999992mm" height="0.7999984mm" shape="rect" />
- <smtpad portHints={["pin24"]} pcbX="4.800092mm" pcbY="-4.899914mm" width="0.3999992mm" height="0.7999984mm" shape="rect" />
- <smtpad portHints={["pin25"]} pcbX="5.899912mm" pcbY="-3.999992mm" width="0.7999984mm" height="0.3999992mm" shape="rect" />
- <smtpad portHints={["pin26"]} pcbX="5.899912mm" pcbY="-3.199892mm" width="0.7999984mm" height="0.3999992mm" shape="rect" />
- <smtpad portHints={["pin27"]} pcbX="5.899912mm" pcbY="-2.400046mm" width="0.7999984mm" height="0.3999992mm" shape="rect" />
- <smtpad portHints={["pin28"]} pcbX="5.899912mm" pcbY="-1.599946mm" width="0.7999984mm" height="0.3999992mm" shape="rect" />
- <smtpad portHints={["pin29"]} pcbX="5.899912mm" pcbY="-0.8001mm" width="0.7999984mm" height="0.3999992mm" shape="rect" />
- <smtpad portHints={["pin30"]} pcbX="5.899912mm" pcbY="0mm" width="0.7999984mm" height="0.3999992mm" shape="rect" />
- <smtpad portHints={["pin31"]} pcbX="5.899912mm" pcbY="0.8001mm" width="0.7999984mm" height="0.3999992mm" shape="rect" />
- <smtpad portHints={["pin32"]} pcbX="5.899912mm" pcbY="1.599946mm" width="0.7999984mm" height="0.3999992mm" shape="rect" />
- <smtpad portHints={["pin33"]} pcbX="5.899912mm" pcbY="2.400046mm" width="0.7999984mm" height="0.3999992mm" shape="rect" />
- <smtpad portHints={["pin34"]} pcbX="5.899912mm" pcbY="3.199892mm" width="0.7999984mm" height="0.3999992mm" shape="rect" />
- <smtpad portHints={["pin35"]} pcbX="5.899912mm" pcbY="3.999992mm" width="0.7999984mm" height="0.3999992mm" shape="rect" />
- <smtpad portHints={["pin36"]} pcbX="4.800092mm" pcbY="4.899914mm" width="0.3999992mm" height="0.7999984mm" shape="rect" />
- <smtpad portHints={["pin37"]} pcbX="3.999992mm" pcbY="4.899914mm" width="0.3999992mm" height="0.7999984mm" shape="rect" />
- <smtpad portHints={["pin38"]} pcbX="3.199892mm" pcbY="4.899914mm" width="0.3999992mm" height="0.7999984mm" shape="rect" />
- <smtpad portHints={["pin39"]} pcbX="2.400046mm" pcbY="4.899914mm" width="0.3999992mm" height="0.7999984mm" shape="rect" />
- <smtpad portHints={["pin40"]} pcbX="1.599946mm" pcbY="4.899914mm" width="0.3999992mm" height="0.7999984mm" shape="rect" />
- <smtpad portHints={["pin41"]} pcbX="0.8001mm" pcbY="4.899914mm" width="0.3999992mm" height="0.7999984mm" shape="rect" />
- <smtpad portHints={["pin42"]} pcbX="0mm" pcbY="4.899914mm" width="0.3999992mm" height="0.7999984mm" shape="rect" />
- <smtpad portHints={["pin43"]} pcbX="-0.8001mm" pcbY="4.899914mm" width="0.3999992mm" height="0.7999984mm" shape="rect" />
- <smtpad portHints={["pin44"]} pcbX="-1.599946mm" pcbY="4.899914mm" width="0.3999992mm" height="0.7999984mm" shape="rect" />
- <smtpad portHints={["pin45"]} pcbX="-2.400046mm" pcbY="4.899914mm" width="0.3999992mm" height="0.7999984mm" shape="rect" />
- <smtpad portHints={["pin46"]} pcbX="-3.199892mm" pcbY="4.899914mm" width="0.3999992mm" height="0.7999984mm" shape="rect" />
- <smtpad portHints={["pin47"]} pcbX="-3.999992mm" pcbY="4.899914mm" width="0.3999992mm" height="0.7999984mm" shape="rect" />
- <smtpad portHints={["pin48"]} pcbX="-4.800092mm" pcbY="4.899914mm" width="0.3999992mm" height="0.7999984mm" shape="rect" />
- <smtpad portHints={["pin50"]} pcbX="5.94995mm" pcbY="4.949952mm" width="0.6999986mm" height="0.6999986mm" shape="rect" />
- <smtpad portHints={["pin51"]} pcbX="5.94995mm" pcbY="-4.949952mm" width="0.6999986mm" height="0.6999986mm" shape="rect" />
- <smtpad portHints={["pin52"]} pcbX="-5.94995mm" pcbY="-4.949952mm" width="0.6999986mm" height="0.6999986mm" shape="rect" />
- <smtpad portHints={["pin53"]} pcbX="-5.94995mm" pcbY="4.949952mm" width="0.6999986mm" height="0.6999986mm" shape="rect" />
- <smtpad portHints={["pin49"]} points={[{x: "-2.7001216mm", y: "2.099945mm"}, {x: "-2.1001228mm", y: "2.6999438mm"}, {x: "-1.2501372mm", y: "2.6999438mm"}, {x: "-1.2501372mm", y: "1.2499594mm"}, {x: "-2.7001216mm", y: "1.2499594mm"}]} shape="polygon" />
- <smtpad portHints={["pin49"]} pcbX="1.97485mm" pcbY="-1.975104mm" width="1.4500098mm" height="1.4500098mm" shape="rect" />
- <smtpad portHints={["pin49"]} pcbX="0mm" pcbY="-1.975104mm" width="1.4500098mm" height="1.4500098mm" shape="rect" />
- <smtpad portHints={["pin49"]} pcbX="-1.975104mm" pcbY="-1.975104mm" width="1.4500098mm" height="1.4500098mm" shape="rect" />
- <smtpad portHints={["pin49"]} pcbX="-1.975104mm" pcbY="0mm" width="1.4500098mm" height="1.4500098mm" shape="rect" />
- <smtpad portHints={["pin49"]} pcbX="0mm" pcbY="1.97485mm" width="1.4500098mm" height="1.4500098mm" shape="rect" />
- <smtpad portHints={["pin49"]} pcbX="1.97485mm" pcbY="1.97485mm" width="1.4500098mm" height="1.4500098mm" shape="rect" />
- <smtpad portHints={["pin49"]} pcbX="1.97485mm" pcbY="0mm" width="1.4500098mm" height="1.4500098mm" shape="rect" />
- <smtpad portHints={["pin49"]} pcbX="0mm" pcbY="0mm" width="1.4500098mm" height="1.4500098mm" shape="rect" />
+         <smtpad portHints={["pin1"]} pcbX="-5.899912mm" pcbY="3.999992mm" width="0.7999984mm" height="0.3999992mm" shape="rect" solderPasteMargin="0mm" solderMaskMargin="0.0500126mm" />
+ <smtpad portHints={["pin2"]} pcbX="-5.899912mm" pcbY="3.199892mm" width="0.7999984mm" height="0.3999992mm" shape="rect" solderPasteMargin="0mm" solderMaskMargin="0.0500126mm" />
+ <smtpad portHints={["pin3"]} pcbX="-5.899912mm" pcbY="2.400046mm" width="0.7999984mm" height="0.3999992mm" shape="rect" solderPasteMargin="0mm" solderMaskMargin="0.0500126mm" />
+ <smtpad portHints={["pin4"]} pcbX="-5.899912mm" pcbY="1.599946mm" width="0.7999984mm" height="0.3999992mm" shape="rect" solderPasteMargin="0mm" solderMaskMargin="0.0500126mm" />
+ <smtpad portHints={["pin5"]} pcbX="-5.899912mm" pcbY="0.8001mm" width="0.7999984mm" height="0.3999992mm" shape="rect" solderPasteMargin="0mm" solderMaskMargin="0.0500126mm" />
+ <smtpad portHints={["pin6"]} pcbX="-5.899912mm" pcbY="0mm" width="0.7999984mm" height="0.3999992mm" shape="rect" solderPasteMargin="0mm" solderMaskMargin="0.0500126mm" />
+ <smtpad portHints={["pin7"]} pcbX="-5.899912mm" pcbY="-0.8001mm" width="0.7999984mm" height="0.3999992mm" shape="rect" solderPasteMargin="0mm" solderMaskMargin="0.0500126mm" />
+ <smtpad portHints={["pin8"]} pcbX="-5.899912mm" pcbY="-1.599946mm" width="0.7999984mm" height="0.3999992mm" shape="rect" solderPasteMargin="0mm" solderMaskMargin="0.0500126mm" />
+ <smtpad portHints={["pin9"]} pcbX="-5.899912mm" pcbY="-2.400046mm" width="0.7999984mm" height="0.3999992mm" shape="rect" solderPasteMargin="0mm" solderMaskMargin="0.0500126mm" />
+ <smtpad portHints={["pin10"]} pcbX="-5.899912mm" pcbY="-3.199892mm" width="0.7999984mm" height="0.3999992mm" shape="rect" solderPasteMargin="0mm" solderMaskMargin="0.0500126mm" />
+ <smtpad portHints={["pin11"]} pcbX="-5.899912mm" pcbY="-3.999992mm" width="0.7999984mm" height="0.3999992mm" shape="rect" solderPasteMargin="0mm" solderMaskMargin="0.0500126mm" />
+ <smtpad portHints={["pin12"]} pcbX="-4.800092mm" pcbY="-4.899914mm" width="0.3999992mm" height="0.7999984mm" shape="rect" solderPasteMargin="0mm" solderMaskMargin="0.0500126mm" />
+ <smtpad portHints={["pin13"]} pcbX="-3.999992mm" pcbY="-4.899914mm" width="0.3999992mm" height="0.7999984mm" shape="rect" solderPasteMargin="0mm" solderMaskMargin="0.0500126mm" />
+ <smtpad portHints={["pin14"]} pcbX="-3.199892mm" pcbY="-4.899914mm" width="0.3999992mm" height="0.7999984mm" shape="rect" solderPasteMargin="0mm" solderMaskMargin="0.0500126mm" />
+ <smtpad portHints={["pin15"]} pcbX="-2.400046mm" pcbY="-4.899914mm" width="0.3999992mm" height="0.7999984mm" shape="rect" solderPasteMargin="0mm" solderMaskMargin="0.0500126mm" />
+ <smtpad portHints={["pin16"]} pcbX="-1.599946mm" pcbY="-4.899914mm" width="0.3999992mm" height="0.7999984mm" shape="rect" solderPasteMargin="0mm" solderMaskMargin="0.0500126mm" />
+ <smtpad portHints={["pin17"]} pcbX="-0.8001mm" pcbY="-4.899914mm" width="0.3999992mm" height="0.7999984mm" shape="rect" solderPasteMargin="0mm" solderMaskMargin="0.0500126mm" />
+ <smtpad portHints={["pin18"]} pcbX="0mm" pcbY="-4.899914mm" width="0.3999992mm" height="0.7999984mm" shape="rect" solderPasteMargin="0mm" solderMaskMargin="0.0500126mm" />
+ <smtpad portHints={["pin19"]} pcbX="0.8001mm" pcbY="-4.899914mm" width="0.3999992mm" height="0.7999984mm" shape="rect" solderPasteMargin="0mm" solderMaskMargin="0.0500126mm" />
+ <smtpad portHints={["pin20"]} pcbX="1.599946mm" pcbY="-4.899914mm" width="0.3999992mm" height="0.7999984mm" shape="rect" solderPasteMargin="0mm" solderMaskMargin="0.0500126mm" />
+ <smtpad portHints={["pin21"]} pcbX="2.400046mm" pcbY="-4.899914mm" width="0.3999992mm" height="0.7999984mm" shape="rect" solderPasteMargin="0mm" solderMaskMargin="0.0500126mm" />
+ <smtpad portHints={["pin22"]} pcbX="3.199892mm" pcbY="-4.899914mm" width="0.3999992mm" height="0.7999984mm" shape="rect" solderPasteMargin="0mm" solderMaskMargin="0.0500126mm" />
+ <smtpad portHints={["pin23"]} pcbX="3.999992mm" pcbY="-4.899914mm" width="0.3999992mm" height="0.7999984mm" shape="rect" solderPasteMargin="0mm" solderMaskMargin="0.0500126mm" />
+ <smtpad portHints={["pin24"]} pcbX="4.800092mm" pcbY="-4.899914mm" width="0.3999992mm" height="0.7999984mm" shape="rect" solderPasteMargin="0mm" solderMaskMargin="0.0500126mm" />
+ <smtpad portHints={["pin25"]} pcbX="5.899912mm" pcbY="-3.999992mm" width="0.7999984mm" height="0.3999992mm" shape="rect" solderPasteMargin="0mm" solderMaskMargin="0.0500126mm" />
+ <smtpad portHints={["pin26"]} pcbX="5.899912mm" pcbY="-3.199892mm" width="0.7999984mm" height="0.3999992mm" shape="rect" solderPasteMargin="0mm" solderMaskMargin="0.0500126mm" />
+ <smtpad portHints={["pin27"]} pcbX="5.899912mm" pcbY="-2.400046mm" width="0.7999984mm" height="0.3999992mm" shape="rect" solderPasteMargin="0mm" solderMaskMargin="0.0500126mm" />
+ <smtpad portHints={["pin28"]} pcbX="5.899912mm" pcbY="-1.599946mm" width="0.7999984mm" height="0.3999992mm" shape="rect" solderPasteMargin="0mm" solderMaskMargin="0.0500126mm" />
+ <smtpad portHints={["pin29"]} pcbX="5.899912mm" pcbY="-0.8001mm" width="0.7999984mm" height="0.3999992mm" shape="rect" solderPasteMargin="0mm" solderMaskMargin="0.0500126mm" />
+ <smtpad portHints={["pin30"]} pcbX="5.899912mm" pcbY="0mm" width="0.7999984mm" height="0.3999992mm" shape="rect" solderPasteMargin="0mm" solderMaskMargin="0.0500126mm" />
+ <smtpad portHints={["pin31"]} pcbX="5.899912mm" pcbY="0.8001mm" width="0.7999984mm" height="0.3999992mm" shape="rect" solderPasteMargin="0mm" solderMaskMargin="0.0500126mm" />
+ <smtpad portHints={["pin32"]} pcbX="5.899912mm" pcbY="1.599946mm" width="0.7999984mm" height="0.3999992mm" shape="rect" solderPasteMargin="0mm" solderMaskMargin="0.0500126mm" />
+ <smtpad portHints={["pin33"]} pcbX="5.899912mm" pcbY="2.400046mm" width="0.7999984mm" height="0.3999992mm" shape="rect" solderPasteMargin="0mm" solderMaskMargin="0.0500126mm" />
+ <smtpad portHints={["pin34"]} pcbX="5.899912mm" pcbY="3.199892mm" width="0.7999984mm" height="0.3999992mm" shape="rect" solderPasteMargin="0mm" solderMaskMargin="0.0500126mm" />
+ <smtpad portHints={["pin35"]} pcbX="5.899912mm" pcbY="3.999992mm" width="0.7999984mm" height="0.3999992mm" shape="rect" solderPasteMargin="0mm" solderMaskMargin="0.0500126mm" />
+ <smtpad portHints={["pin36"]} pcbX="4.800092mm" pcbY="4.899914mm" width="0.3999992mm" height="0.7999984mm" shape="rect" solderPasteMargin="0mm" solderMaskMargin="0.0500126mm" />
+ <smtpad portHints={["pin37"]} pcbX="3.999992mm" pcbY="4.899914mm" width="0.3999992mm" height="0.7999984mm" shape="rect" solderPasteMargin="0mm" solderMaskMargin="0.0500126mm" />
+ <smtpad portHints={["pin38"]} pcbX="3.199892mm" pcbY="4.899914mm" width="0.3999992mm" height="0.7999984mm" shape="rect" solderPasteMargin="0mm" solderMaskMargin="0.0500126mm" />
+ <smtpad portHints={["pin39"]} pcbX="2.400046mm" pcbY="4.899914mm" width="0.3999992mm" height="0.7999984mm" shape="rect" solderPasteMargin="0mm" solderMaskMargin="0.0500126mm" />
+ <smtpad portHints={["pin40"]} pcbX="1.599946mm" pcbY="4.899914mm" width="0.3999992mm" height="0.7999984mm" shape="rect" solderPasteMargin="0mm" solderMaskMargin="0.0500126mm" />
+ <smtpad portHints={["pin41"]} pcbX="0.8001mm" pcbY="4.899914mm" width="0.3999992mm" height="0.7999984mm" shape="rect" solderPasteMargin="0mm" solderMaskMargin="0.0500126mm" />
+ <smtpad portHints={["pin42"]} pcbX="0mm" pcbY="4.899914mm" width="0.3999992mm" height="0.7999984mm" shape="rect" solderPasteMargin="0mm" solderMaskMargin="0.0500126mm" />
+ <smtpad portHints={["pin43"]} pcbX="-0.8001mm" pcbY="4.899914mm" width="0.3999992mm" height="0.7999984mm" shape="rect" solderPasteMargin="0mm" solderMaskMargin="0.0500126mm" />
+ <smtpad portHints={["pin44"]} pcbX="-1.599946mm" pcbY="4.899914mm" width="0.3999992mm" height="0.7999984mm" shape="rect" solderPasteMargin="0mm" solderMaskMargin="0.0500126mm" />
+ <smtpad portHints={["pin45"]} pcbX="-2.400046mm" pcbY="4.899914mm" width="0.3999992mm" height="0.7999984mm" shape="rect" solderPasteMargin="0mm" solderMaskMargin="0.0500126mm" />
+ <smtpad portHints={["pin46"]} pcbX="-3.199892mm" pcbY="4.899914mm" width="0.3999992mm" height="0.7999984mm" shape="rect" solderPasteMargin="0mm" solderMaskMargin="0.0500126mm" />
+ <smtpad portHints={["pin47"]} pcbX="-3.999992mm" pcbY="4.899914mm" width="0.3999992mm" height="0.7999984mm" shape="rect" solderPasteMargin="0mm" solderMaskMargin="0.0500126mm" />
+ <smtpad portHints={["pin48"]} pcbX="-4.800092mm" pcbY="4.899914mm" width="0.3999992mm" height="0.7999984mm" shape="rect" solderPasteMargin="0mm" solderMaskMargin="0.0500126mm" />
+ <smtpad portHints={["pin50"]} pcbX="5.94995mm" pcbY="4.949952mm" width="0.6999986mm" height="0.6999986mm" shape="rect" solderPasteMargin="0mm" solderMaskMargin="0.0500126mm" />
+ <smtpad portHints={["pin51"]} pcbX="5.94995mm" pcbY="-4.949952mm" width="0.6999986mm" height="0.6999986mm" shape="rect" solderPasteMargin="0mm" solderMaskMargin="0.0500126mm" />
+ <smtpad portHints={["pin52"]} pcbX="-5.94995mm" pcbY="-4.949952mm" width="0.6999986mm" height="0.6999986mm" shape="rect" solderPasteMargin="0mm" solderMaskMargin="0.0500126mm" />
+ <smtpad portHints={["pin53"]} pcbX="-5.94995mm" pcbY="4.949952mm" width="0.6999986mm" height="0.6999986mm" shape="rect" solderPasteMargin="0mm" solderMaskMargin="0.0500126mm" />
+ <smtpad portHints={["pin49"]} points={[{x: "-2.7001216mm", y: "2.099945mm"}, {x: "-2.1001228mm", y: "2.6999438mm"}, {x: "-1.2501372mm", y: "2.6999438mm"}, {x: "-1.2501372mm", y: "1.2499594mm"}, {x: "-2.7001216mm", y: "1.2499594mm"}]} shape="polygon" solderPasteMargin="0mm" solderMaskMargin="0.0500126mm" />
+ <smtpad portHints={["pin49"]} pcbX="1.97485mm" pcbY="-1.975104mm" width="1.4500098mm" height="1.4500098mm" shape="rect" solderPasteMargin="0mm" solderMaskMargin="0.0500126mm" />
+ <smtpad portHints={["pin49"]} pcbX="0mm" pcbY="-1.975104mm" width="1.4500098mm" height="1.4500098mm" shape="rect" solderPasteMargin="0mm" solderMaskMargin="0.0500126mm" />
+ <smtpad portHints={["pin49"]} pcbX="-1.975104mm" pcbY="-1.975104mm" width="1.4500098mm" height="1.4500098mm" shape="rect" solderPasteMargin="0mm" solderMaskMargin="0.0500126mm" />
+ <smtpad portHints={["pin49"]} pcbX="-1.975104mm" pcbY="0mm" width="1.4500098mm" height="1.4500098mm" shape="rect" solderPasteMargin="0mm" solderMaskMargin="0.0500126mm" />
+ <smtpad portHints={["pin49"]} pcbX="0mm" pcbY="1.97485mm" width="1.4500098mm" height="1.4500098mm" shape="rect" solderPasteMargin="0mm" solderMaskMargin="0.0500126mm" />
+ <smtpad portHints={["pin49"]} pcbX="1.97485mm" pcbY="1.97485mm" width="1.4500098mm" height="1.4500098mm" shape="rect" solderPasteMargin="0mm" solderMaskMargin="0.0500126mm" />
+ <smtpad portHints={["pin49"]} pcbX="1.97485mm" pcbY="0mm" width="1.4500098mm" height="1.4500098mm" shape="rect" solderPasteMargin="0mm" solderMaskMargin="0.0500126mm" />
+ <smtpad portHints={["pin49"]} pcbX="0mm" pcbY="0mm" width="1.4500098mm" height="1.4500098mm" shape="rect" solderPasteMargin="0mm" solderMaskMargin="0.0500126mm" />
  <silkscreenpath route={[{"x":6.600012199999924,"y":-5.5999888000000055},{"x":6.6000375999999505,"y":11.000054200000022}]} />
  <silkscreenpath route={[{"x":6.6000375999999505,"y":5.599988800000119},{"x":-6.6000375999999505,"y":5.599988800000119}]} />
  <silkscreenpath route={[{"x":-6.6000375999999505,"y":11.000028799999995},{"x":6.6000375999999505,"y":11.000028799999995}]} />
  <silkscreenpath route={[{"x":-6.600012200000037,"y":-5.5999888000000055},{"x":-6.6000375999999505,"y":11.000028799999995}]} />
  <silkscreenpath route={[{"x":-6.600012200000037,"y":-5.5999888000000055},{"x":6.600012199999924,"y":-5.5999888000000055}]} />

- Expected  - 61
+ Received  + 61

      at <anonymous> (/Users/anassarkiz/tsci/tscircuit-store/boards/magnetic-shutter-remote-r5--01a0f81f/evidence/USB4215-import-audit/toolchain/easyeda-converter/tests/convert-to-ts/C2838502-to-ts.test.ts:24:18)
(fail) should convert C2838502 into typescript file [1346.52ms]

tests/convert-to-ts/C2687116-to-ts.test.ts:
(pass) infers VBUS power metadata for C2687116 [1345.08ms]

tests/convert-to-ts/C2848306-to-ts.test.ts:
17 |   const circuitJson = await runTscircuitCode(
18 |     wrapTsxWithBoardFor3dSnapshot(result),
19 |   )
20 |   await expect(circuitJson).toMatch3dSnapshot(import.meta.path)
21 | 
22 |   expect(result).toMatchInlineSnapshot(`
                      ^
error: expect(received).toMatchInlineSnapshot(expected)

@@ -24,15 +24,15 @@
      "C2848306"
    ]
  }}
        manufacturerPartNumber="SHT40-AD1B-R3"
        footprint={<footprint>
-         <smtpad portHints={["pin1"]} pcbX="-0.677418mm" pcbY="0.40005mm" width="0.5050028mm" height="0.419989mm" shape="rect" />
- <smtpad portHints={["pin2"]} pcbX="-0.677418mm" pcbY="-0.40005mm" width="0.5050028mm" height="0.419989mm" shape="rect" />
- <smtpad portHints={["pin3"]} pcbX="0.677418mm" pcbY="-0.40005mm" width="0.5050028mm" height="0.419989mm" shape="rect" />
- <smtpad portHints={["pin4"]} pcbX="0.677418mm" pcbY="0.40005mm" width="0.5050028mm" height="0.419989mm" shape="rect" />
- <smtpad portHints={["pin5"]} pcbX="0mm" pcbY="-0mm" width="0.3999992mm" height="1.0999978mm" shape="rect" />
+         <smtpad portHints={["pin1"]} pcbX="-0.677418mm" pcbY="0.40005mm" width="0.5050028mm" height="0.419989mm" shape="rect" solderPasteMargin="0mm" solderMaskMargin="0.0508mm" />
+ <smtpad portHints={["pin2"]} pcbX="-0.677418mm" pcbY="-0.40005mm" width="0.5050028mm" height="0.419989mm" shape="rect" solderPasteMargin="0mm" solderMaskMargin="0.0508mm" />
+ <smtpad portHints={["pin3"]} pcbX="0.677418mm" pcbY="-0.40005mm" width="0.5050028mm" height="0.419989mm" shape="rect" solderPasteMargin="0mm" solderMaskMargin="0.0508mm" />
+ <smtpad portHints={["pin4"]} pcbX="0.677418mm" pcbY="0.40005mm" width="0.5050028mm" height="0.419989mm" shape="rect" solderPasteMargin="0mm" solderMaskMargin="0.0508mm" />
+ <smtpad portHints={["pin5"]} pcbX="0mm" pcbY="-0mm" width="0.3999992mm" height="1.0999978mm" shape="rect" solderPasteMargin="0mm" solderMaskMargin="0.0508mm" />
  <silkscreenpath route={[{"x":-0.8261857999999904,"y":0.8261857999999904},{"x":0.8262111999999888,"y":0.8261857999999904}]} />
  <silkscreenpath route={[{"x":-0.8261857999999904,"y":-0.826211200000003},{"x":0.8262111999999888,"y":-0.826211200000003}]} />
  <silkscreencircle pcbX="-1.01346mm" pcbY="0.76454mm" radius="0.037592mm" />
  <silkscreentext text="{NAME}" pcbX="-0.0508mm" pcbY="1.8382mm" anchorAlignment="center" fontSize="1mm" />
  <courtyardoutline outline={[{"x":-1.1799193999999886,"y":1.0100187999999974},{"x":1.1799193999999886,"y":1.0100187999999974},{"x":1.1799193999999886,"y":-1.009993399999999},{"x":-1.1799193999999886,"y":-1.009993399999999},{"x":-1.1799193999999886,"y":1.0100187999999974}]} />

- Expected  - 5
+ Received  + 5

      at <anonymous> (/Users/anassarkiz/tsci/tscircuit-store/boards/magnetic-shutter-remote-r5--01a0f81f/evidence/USB4215-import-audit/toolchain/easyeda-converter/tests/convert-to-ts/C2848306-to-ts.test.ts:22:18)
(fail) should convert C2848306 into typescript file [1463.25ms]

tests/convert-to-ts/C2979182-to-ts.test.ts:
24 |   const circuitJson = await runTscircuitCode(
25 |     wrapTsxWithBoardFor3dSnapshot(result),
26 |   )
27 |   await expect(circuitJson).toMatch3dSnapshot(import.meta.path)
28 | 
29 |   expect(result).toMatchInlineSnapshot(`
                      ^
error: expect(received).toMatchInlineSnapshot(expected)

@@ -15,12 +15,12 @@
      "C2979182"
    ]
  }}
        manufacturerPartNumber="MY-18650-02"
        footprint={<footprint>
-         <smtpad portHints={["pin2"]} pcbX="8.499983mm" pcbY="0mm" width="4.99999mm" height="5.499989mm" shape="rect" />
- <smtpad portHints={["pin1"]} pcbX="-8.499983mm" pcbY="0mm" width="4.99999mm" height="3.499993mm" shape="rect" />
+         <smtpad portHints={["pin2"]} pcbX="8.499983mm" pcbY="0mm" width="4.99999mm" height="5.499989mm" shape="rect" solderPasteMargin="0mm" solderMaskMargin="0.0499999mm" />
+ <smtpad portHints={["pin1"]} pcbX="-8.499983mm" pcbY="0mm" width="4.99999mm" height="3.499993mm" shape="rect" solderPasteMargin="0mm" solderMaskMargin="0.0499999mm" />
  <via pcbX="-8.000111mm" pcbY="0mm" outerDiameter="1.8499836mm" holeDiameter="1.8499836mm" layers={["top","bottom"]} />
  <via pcbX="7.999857mm" pcbY="0mm" outerDiameter="1.8499836mm" holeDiameter="1.8499836mm" layers={["top","bottom"]} />
  <silkscreenpath route={[{"x":-3.429990599999769,"y":5.619978599999968},{"x":-3.429990599999769,"y":-5.782513199999926}]} />
  <silkscreenpath route={[{"x":-3.429990599999769,"y":-5.669991199999913},{"x":6.099987800000235,"y":-5.669991199999913}]} />
  <silkscreenpath route={[{"x":-3.429990599999769,"y":5.619978599999968},{"x":6.099987800000235,"y":5.619978599999968}]} />

- Expected  - 2
+ Received  + 2

      at <anonymous> (/Users/anassarkiz/tsci/tscircuit-store/boards/magnetic-shutter-remote-r5--01a0f81f/evidence/USB4215-import-audit/toolchain/easyeda-converter/tests/convert-to-ts/C2979182-to-ts.test.ts:29:18)
(fail) should convert C2979182 / MY-18650-02 into typescript file [1926.37ms]

tests/convert-to-ts/C55266-power-distribution-switch.test.ts:
(pass) C55266 retains six source pins and their PCB pad mappings [1435.76ms]
(fail) renders the C55266 schematic and PCB [5011.90ms]
  ^ this test timed out after 5000ms.

# Unhandled error between tests
-------------------------------
59 | test("renders the C55266 schematic and PCB", async () => {
60 |   const circuitJson = await renderTps2553()
61 |   await expect(
62 |     convertCircuitJsonToSchematicSvg(circuitJson),
63 |   ).toMatchSvgSnapshot(import.meta.path, "C55266-schematic")
64 |   await expect(convertCircuitJsonToPcbSvg(circuitJson)).toMatchSvgSnapshot(
                                                             ^
error: 

Snapshot does not match. Diff saved at /Users/anassarkiz/tsci/tscircuit-store/boards/magnetic-shutter-remote-r5--01a0f81f/evidence/USB4215-import-audit/toolchain/easyeda-converter/tests/convert-to-ts/__snapshots__/C55266-pcb.diff.png
      at <anonymous> (/Users/anassarkiz/tsci/tscircuit-store/boards/magnetic-shutter-remote-r5--01a0f81f/evidence/USB4215-import-audit/toolchain/easyeda-converter/tests/convert-to-ts/C55266-power-distribution-switch.test.ts:64:57)
-------------------------------

(pass) C55266 exposes all six IC pins in the schematic [1527.01ms]
(pass) connects C55266's IN signal [1820.41ms]
(pass) connects C55266's GND signal [1312.78ms]
(pass) connects C55266's EN signal [1116.01ms]
(pass) connects C55266's FAULT signal [1272.23ms]
(pass) connects C55266's ILIM signal [1266.34ms]
(pass) connects C55266's OUT signal [1336.30ms]

tests/convert-to-ts/C15464-to-ts.test.ts:
(pass) normalizes C15464 active-low pin aliases [1512.17ms]

tests/convert-to-ts/standard-dip-switches-repro.test.ts:
(pass) preserves the imported symbol for a Standard DIP switch [1169.85ms]

tests/convert-to-ts/C5248081-to-ts.test.ts:
15 |   expect(result).not.toContain("NaNmm")
16 | 
17 |   const circuitJson = await runTscircuitCode(
18 |     wrapTsxWithBoardFor3dSnapshot(result),
19 |   )
20 |   await expect(circuitJson).toMatch3dSnapshot(import.meta.path, {
                                 ^
error: 

Snapshot differs by 21.91% (> 1.000%). Diff saved at /Users/anassarkiz/tsci/tscircuit-store/boards/magnetic-shutter-remote-r5--01a0f81f/evidence/USB4215-import-audit/toolchain/easyeda-converter/tests/convert-to-ts/__snapshots__/C5248081-to-ts-simple-3d.diff.png
      at <anonymous> (/Users/anassarkiz/tsci/tscircuit-store/boards/magnetic-shutter-remote-r5--01a0f81f/evidence/USB4215-import-audit/toolchain/easyeda-converter/tests/convert-to-ts/C5248081-to-ts.test.ts:20:29)
(fail) should convert C5248081 into typescript file [2816.80ms]

tests/convert-to-ts/C2879827-to-ts.test.ts:
(pass) C2879827 preserves the source notch geometry during parsing [0.30ms]
(pass) C2879827 converts BoardOutline tracks into one cutout [12.58ms]
54 |   expect(tsx).toContain("<silkscreenpath")
55 |   expect(tsx).toContain("<cutout")
56 |   const rendered = await runTscircuitCode(wrapTsxWithBoardFor3dSnapshot(tsx))
57 |   expect(
58 |     convertCircuitJsonToPcbSvg(rendered, { showCourtyards: true }),
59 |   ).toMatchSvgSnapshot(import.meta.path)
         ^
error: 

Snapshot does not match. Diff saved at /Users/anassarkiz/tsci/tscircuit-store/boards/magnetic-shutter-remote-r5--01a0f81f/evidence/USB4215-import-audit/toolchain/easyeda-converter/tests/convert-to-ts/__snapshots__/C2879827-to-ts.diff.png
      at <anonymous> (/Users/anassarkiz/tsci/tscircuit-store/boards/magnetic-shutter-remote-r5--01a0f81f/evidence/USB4215-import-audit/toolchain/easyeda-converter/tests/convert-to-ts/C2879827-to-ts.test.ts:59:5)
(fail) C2879827 preserves the board cutout in generated component TSX [1615.45ms]
(pass) C2879827 must retain its board notch as cutout geometry [18.22ms]
(pass) TSX generator must preserve an existing pcb_cutout [0.48ms]

tests/convert-to-ts/C2886621-to-ts.test.ts:
15 |   expect(result).not.toContain("NaNmm")
16 | 
17 |   const circuitJson = await runTscircuitCode(
18 |     wrapTsxWithBoardFor3dSnapshot(result),
19 |   )
20 |   await expect(circuitJson).toMatch3dSnapshot(import.meta.path)
                                 ^
error: 

Snapshot differs by 8.53% (> 1.000%). Diff saved at /Users/anassarkiz/tsci/tscircuit-store/boards/magnetic-shutter-remote-r5--01a0f81f/evidence/USB4215-import-audit/toolchain/easyeda-converter/tests/convert-to-ts/__snapshots__/C2886621-to-ts-simple-3d.diff.png
      at <anonymous> (/Users/anassarkiz/tsci/tscircuit-store/boards/magnetic-shutter-remote-r5--01a0f81f/evidence/USB4215-import-audit/toolchain/easyeda-converter/tests/convert-to-ts/C2886621-to-ts.test.ts:20:29)
(fail) should convert C2886621 into typescript file [2842.10ms]

tests/convert-to-ts/C3273487-to-ts.test.ts:
(pass) converts C3273487 coupled inductor without losing terminals [2435.39ms]

tests/convert-to-ts/C113367-to-ts.test.ts:
23 |   )
24 |   expect(convertCircuitJsonToSchematicSvg(circuitJson)).toMatchSvgSnapshot(
25 |     import.meta.path,
26 |     "C113367-to-ts-schematic",
27 |   )
28 |   await expect(circuitJson).toMatch3dSnapshot(import.meta.path)
                                 ^
error: 

Snapshot differs by 7.02% (> 1.000%). Diff saved at /Users/anassarkiz/tsci/tscircuit-store/boards/magnetic-shutter-remote-r5--01a0f81f/evidence/USB4215-import-audit/toolchain/easyeda-converter/tests/convert-to-ts/__snapshots__/C113367-to-ts-simple-3d.diff.png
      at <anonymous> (/Users/anassarkiz/tsci/tscircuit-store/boards/magnetic-shutter-remote-r5--01a0f81f/evidence/USB4215-import-audit/toolchain/easyeda-converter/tests/convert-to-ts/C113367-to-ts.test.ts:28:29)
(fail) should convert C113367 into typescript file [3460.21ms]
(pass) C113367 generates one schematic port for each footprint pin [1211.21ms]

tests/convert-to-ts/C57759-to-ts.test.ts:
(pass) should convert diode category components to diode elements [1086.95ms]

tests/convert-to-ts/C60708-to-ts.test.ts:
15 |   expect(result).not.toContain("NaNmm")
16 | 
17 |   const circuitJson = await runTscircuitCode(
18 |     wrapTsxWithBoardFor3dSnapshot(result),
19 |   )
20 |   await expect(circuitJson).toMatch3dSnapshot(import.meta.path)
                                 ^
error: 

Snapshot differs by 9.67% (> 1.000%). Diff saved at /Users/anassarkiz/tsci/tscircuit-store/boards/magnetic-shutter-remote-r5--01a0f81f/evidence/USB4215-import-audit/toolchain/easyeda-converter/tests/convert-to-ts/__snapshots__/C60708-to-ts-simple-3d.diff.png
      at <anonymous> (/Users/anassarkiz/tsci/tscircuit-store/boards/magnetic-shutter-remote-r5--01a0f81f/evidence/USB4215-import-audit/toolchain/easyeda-converter/tests/convert-to-ts/C60708-to-ts.test.ts:20:29)
(fail) should convert C60708 into typescript file [4649.89ms]

tests/convert-to-ts/C7203002-to-ts.test.ts:
(pass) should convert C7203002 into typescript file [1097.82ms]

tests/convert-to-ts/C472489-to-ts.test.ts:
15 |   expect(result).not.toContain("NaNmm")
16 | 
17 |   const circuitJson = await runTscircuitCode(
18 |     wrapTsxWithBoardFor3dSnapshot(result),
19 |   )
20 |   await expect(circuitJson).toMatch3dSnapshot(import.meta.path)
                                 ^
error: 

Snapshot differs by 13.18% (> 1.000%). Diff saved at /Users/anassarkiz/tsci/tscircuit-store/boards/magnetic-shutter-remote-r5--01a0f81f/evidence/USB4215-import-audit/toolchain/easyeda-converter/tests/convert-to-ts/__snapshots__/C472489-to-ts-simple-3d.diff.png
      at <anonymous> (/Users/anassarkiz/tsci/tscircuit-store/boards/magnetic-shutter-remote-r5--01a0f81f/evidence/USB4215-import-audit/toolchain/easyeda-converter/tests/convert-to-ts/C472489-to-ts.test.ts:20:29)
(fail) should convert C472489 into typescript file [1380.50ms]

tests/convert-to-ts/C404969-to-ts.test.ts:
(pass) converts C404969 to a connector [1017.30ms]

tests/convert-to-ts/c609652-pin-label.test.ts:
(pass) preserves C609652's PA0/RESET#/UPDI label on pin 16 [1325.21ms]
(pass) connects C609652 pin 16 using PA0 [2647.92ms]
(pass) connects C609652 pin 16 using N_RESET [1071.76ms]
(pass) connects C609652 pin 16 using UPDI [1566.16ms]

tests/convert-to-ts/c2848306-hidden-pin-visibility.test.ts:
(pass) preserves C2848306 EasyEDA-hidden EP pin visibility [1012.91ms]

tests/convert-to-ts/C2652953-to-ts.test.ts:
31 |   expect(result).not.toContain("NaNmm")
32 | 
33 |   // const circuitJson = await runTscircuitCode(
34 |   //   wrapTsxWithBoardFor3dSnapshot(result),
35 |   // )
36 |   await expect(circuitJson).toMatch3dSnapshot(import.meta.path)
                                 ^
error: 

Snapshot differs by 9.58% (> 1.000%). Diff saved at /Users/anassarkiz/tsci/tscircuit-store/boards/magnetic-shutter-remote-r5--01a0f81f/evidence/USB4215-import-audit/toolchain/easyeda-converter/tests/convert-to-ts/__snapshots__/C2652953-to-ts-simple-3d.diff.png
      at <anonymous> (/Users/anassarkiz/tsci/tscircuit-store/boards/magnetic-shutter-remote-r5--01a0f81f/evidence/USB4215-import-audit/toolchain/easyeda-converter/tests/convert-to-ts/C2652953-to-ts.test.ts:36:29)
(fail) should convert C2652953 into typescript file [1158.00ms]

tests/convert-to-ts/l0805-inductors-detected-as-chips.test.ts:
29 |   )
30 |   expect(convertCircuitJsonToSchematicSvg(circuitJson)).toMatchSvgSnapshot(
31 |     import.meta.path,
32 |     `${partNumber.toLowerCase()}-l0805-inductor-as-chip-schematic`,
33 |   )
34 |   expect(convertCircuitJsonToPcbSvg(circuitJson)).toMatchSvgSnapshot(
                                                       ^
error: 

Snapshot does not match. Diff saved at /Users/anassarkiz/tsci/tscircuit-store/boards/magnetic-shutter-remote-r5--01a0f81f/evidence/USB4215-import-audit/toolchain/easyeda-converter/tests/convert-to-ts/__snapshots__/c1046-l0805-inductor-as-chip-pcb.diff.png
      at <anonymous> (/Users/anassarkiz/tsci/tscircuit-store/boards/magnetic-shutter-remote-r5--01a0f81f/evidence/USB4215-import-audit/toolchain/easyeda-converter/tests/convert-to-ts/l0805-inductors-detected-as-chips.test.ts:34:51)
      at async <anonymous> (/Users/anassarkiz/tsci/tscircuit-store/boards/magnetic-shutter-remote-r5--01a0f81f/evidence/USB4215-import-audit/toolchain/easyeda-converter/tests/convert-to-ts/l0805-inductors-detected-as-chips.test.ts:52:24)
(fail) reproduces C1046 L0805 inductor being generated as a generic chip [1279.47ms]
29 |   )
30 |   expect(convertCircuitJsonToSchematicSvg(circuitJson)).toMatchSvgSnapshot(
31 |     import.meta.path,
32 |     `${partNumber.toLowerCase()}-l0805-inductor-as-chip-schematic`,
33 |   )
34 |   expect(convertCircuitJsonToPcbSvg(circuitJson)).toMatchSvgSnapshot(
                                                       ^
error: 

Snapshot does not match. Diff saved at /Users/anassarkiz/tsci/tscircuit-store/boards/magnetic-shutter-remote-r5--01a0f81f/evidence/USB4215-import-audit/toolchain/easyeda-converter/tests/convert-to-ts/__snapshots__/c281113-l0805-inductor-as-chip-pcb.diff.png
      at <anonymous> (/Users/anassarkiz/tsci/tscircuit-store/boards/magnetic-shutter-remote-r5--01a0f81f/evidence/USB4215-import-audit/toolchain/easyeda-converter/tests/convert-to-ts/l0805-inductors-detected-as-chips.test.ts:34:51)
      at async <anonymous> (/Users/anassarkiz/tsci/tscircuit-store/boards/magnetic-shutter-remote-r5--01a0f81f/evidence/USB4215-import-audit/toolchain/easyeda-converter/tests/convert-to-ts/l0805-inductors-detected-as-chips.test.ts:114:24)
(fail) reproduces C281113 L0805 inductor being generated as a generic chip [1002.44ms]

tests/convert-to-soup-tests/C160354.test.ts:
(pass) C160354 (JST B4B-PH-SM4-TB) should generate Circuit JSON without errors [15.80ms]

tests/convert-to-soup-tests/convert-usb-c-to-soup.test.ts:
(pass) should convert a usb-c footprint (C2765186) to tscircuit soup json [20.66ms]

tests/convert-to-soup-tests/normalize-plus-minus.test.ts:
(pass) normalizes plus and minus symbols in pin names during conversion [5.48ms]
(pass) normalizes plus and minus symbols in package detail silkscreen text during conversion [3.85ms]

tests/convert-to-soup-tests/declared-slot-length.test.ts:
(pass) preserves declared 1.2 mm slot at 0 degrees [1.49ms]
(pass) preserves declared 1.2 mm slot at 90 degrees [1.00ms]
(pass) preserves declared 1.2 mm slot at 180 degrees [1.20ms]
(pass) preserves declared 1.2 mm slot at 270 degrees [1.01ms]
(pass) oval copper does not imply a slotted drill [0.86ms]

tests/convert-to-soup-tests/esp32-to-soup.test.ts:
(pass) should parse easyeda json for a 555 timer (smd) and convert to tscircuit soup [17.26ms]

tests/convert-to-soup-tests/c5184526.test.ts:
(pass) C5184526 should have two holes [15.37ms]

tests/convert-to-soup-tests/c2848306-to-soup.test.ts:
(pass) C2848306 should parse successfully with 'none' visibility enum [1.76ms]

tests/convert-to-soup-tests/bottom-layer-track.test.ts:
(pass) preserves the side of bottom-layer tracks [16.37ms]

tests/convert-to-soup-tests/c2055640-courtyard.test.ts:
(pass) C2055640 should import courtyard outlines with non-zero height and render them [20.33ms]

tests/convert-to-soup-tests/c19795120-cutout.test.ts:
(pass) C19795120 should generate a pcb_cutout [15.68ms]

tests/convert-to-soup-tests/convert-easyeda-to-tscircuit-soup.test.ts:
(pass) should parse easyeda json for a 555 timer and convert to tscircuit soup [16.27ms]

tests/convert-to-soup-tests/c57759.test.ts:
(pass) C57759 should generate Circuit Json without errors [17.70ms]
(pass) C57759 should parse PT shape correctly [0.61ms]

tests/convert-to-soup-tests/C265111.test.ts:
(pass) C265111 (JST SM08B-GHS-TB) should generate Circuit JSON without errors [14.48ms]

tests/convert-to-soup-tests/C8465.test.ts:
(pass) C8465 (JST B2B-EH-A) should generate Circuit JSON without errors [13.82ms]

tests/convert-to-soup-tests/bottom-layer-arc.test.ts:
(pass) preserves the side of bottom-layer arcs [15.72ms]

tests/convert-to-soup-tests/c46497.test.ts:
(pass) C46497 should generate Circuit Json with vias [17.44ms]

tests/convert-to-soup-tests/c165948-cad-footprint-size-repro.test.ts:
(pass) uses C165948 CAD model bounds instead of its PCB footprint size [740.46ms]

tests/convert-to-soup-tests/C131337.test.ts:
(pass) C131337 (JST B2B-PH-K-S) should generate Circuit JSON without errors [21.95ms]

tests/convert-to-soup-tests/diode-polarity-port-hints.test.ts:
(pass) preserves normalized diode polarity hints on PCB pads [1.62ms]

tests/convert-to-soup-tests/plated-hole-layers.test.ts:
(pass) through-hole pads span both outer copper layers [2.53ms]

tests/convert-to-soup-tests/c4355039-to-soup.test.ts:
(pass) should parse easyeda json for c4355039 and convert to tscircuit soup [17.21ms]

tests/convert-to-soup-tests/fallback-courtyard-model-outline.test.ts:
(pass) uses the FS3000 physical body for its fallback courtyard [2.96ms]
(pass) excludes the VCNL4040 silkscreen marker from its fallback courtyard [1.00ms]

tests/convert-to-soup-tests/C157929.test.ts:
(pass) C157929 (JST B3B-XH-A) should generate Circuit JSON without errors [15.78ms]

tests/convert-to-soup-tests/c88224.test.ts:
(pass) should parse easyeda json for a c88224 and convert to tscircuit soup [17.82ms]

tests/convert-to-soup-tests/c3178291-to-soup.test.ts:
(pass) should convert c3178291 with polygon pads [15.42ms]

tests/convert-to-soup-tests/silkscreen-text-rotation.test.ts:
19 |   const silkscreenText = circuitJson.find(
20 |     (element) => element.type === "pcb_silkscreen_text",
21 |   )
22 | 
23 |   expect(silkscreenText).toMatchObject({ ccw_rotation: 90 })
24 |   expect(convertCircuitJsonToPcbSvg(circuitJson)).toMatchSvgSnapshot(
                                                       ^
error: 

Snapshot does not match. Diff saved at /Users/anassarkiz/tsci/tscircuit-store/boards/magnetic-shutter-remote-r5--01a0f81f/evidence/USB4215-import-audit/toolchain/easyeda-converter/tests/convert-to-soup-tests/__snapshots__/silkscreen-text-rotation.diff.png
      at <anonymous> (/Users/anassarkiz/tsci/tscircuit-store/boards/magnetic-shutter-remote-r5--01a0f81f/evidence/USB4215-import-audit/toolchain/easyeda-converter/tests/convert-to-soup-tests/silkscreen-text-rotation.test.ts:24:51)
(fail) preserves rotated silkscreen text in the PCB snapshot [38.56ms]

tests/convert-to-soup-tests/duplicate-pad-numbers.test.ts:
(pass) keeps repeated EasyEDA pad numbers on one logical pin [4.56ms]

tests/convert-to-soup-tests/C158012.test.ts:
(pass) C158012 (JST B2B-XH-A) should generate Circuit JSON without errors [13.70ms]

tests/fetch-tests/c41430893.test.ts:
(pass) should fetch correct part for C41430893 [522.33ms]
18 | 
19 |   expect(convertCircuitJsonToPcbSvg(circuitJson)).toMatchSvgSnapshot(
20 |     import.meta.path,
21 |   )
22 | 
23 |   await expect(circuitJson).toMatch3dSnapshot(import.meta.path)
                                 ^
error: 

Snapshot differs by 3.52% (> 1.000%). Diff saved at /Users/anassarkiz/tsci/tscircuit-store/boards/magnetic-shutter-remote-r5--01a0f81f/evidence/USB4215-import-audit/toolchain/easyeda-converter/tests/fetch-tests/__snapshots__/c41430893-simple-3d.diff.png
      at <anonymous> (/Users/anassarkiz/tsci/tscircuit-store/boards/magnetic-shutter-remote-r5--01a0f81f/evidence/USB4215-import-audit/toolchain/easyeda-converter/tests/fetch-tests/c41430893.test.ts:23:29)
(fail) C41430893 should generate Circuit Json without errors [626.66ms]

tests/fetch-tests/c1555-0402-repro.test.ts:
(pass) rejects C1555 when EasyEDA only returns fuzzy value matches [0.79ms]
(pass) snapshots the misleading C1555 search candidate [13.83ms]

tests/fetch-tests/rate-limit-403.test.ts:
(pass) surfaces a search-request HTTP 403 as rate limiting, not a component lookup failure
(pass) surfaces a component-details HTTP 403 as rate limiting
(pass) keeps 'Component not found' distinct from rate limiting [0.37ms]
(pass) includes the HTTP status in non-403 search failures

tests/fetch-tests/missing-library-component.test.ts:
(pass) reports when S4 has no EasyEDA library search result [0.93ms]
(pass) reports when EasyEDA rejects the search request

tests/fetch-tests/invalid-search-response.test.ts:
(pass) rejects null response before fetching geometry [0.48ms]
(pass) rejects missing success flag before fetching geometry [0.11ms]
(pass) rejects string success flag before fetching geometry [0.05ms]
(pass) rejects missing results before fetching geometry [0.01ms]
(pass) rejects missing lists before fetching geometry
(pass) rejects non-array component list before fetching geometry
(pass) rejects component without a UUID before fetching geometry [0.07ms]
(pass) rejects API rejection even with a nonempty result list before fetching geometry [0.02ms]

tests/fetch-tests/exact-search-response.test.ts:
(pass) preserves exact matching through supplier parameter [0.97ms]
(pass) preserves exact matching through lcsc number [0.23ms]
(pass) preserves exact matching through szlcsc number [0.15ms]

tests/fetch-tests/c2040.test.ts:
(pass) should fetch correct part for C2040 [477.16ms]

tests/cli-tests/download-error-exit.test.ts:
(pass) download failure exits nonzero and writes no supplier footprint [84.07ms]

tests/parse-tests/malformed-schema-variants.test.ts:
(pass) coerces a numeric-string szlcsc id [1.12ms]
(pass) accepts an absent dataStr.head.utime value (%s) [0.58ms]
(pass) accepts an absent dataStr.head.utime value (%s) [0.10ms]
(pass) accepts an absent dataStr.head.utime value () [1.03ms]
(pass) normalizes text alignment "P" to left alignment [0.81ms]
(pass) normalizes additional payload variants from issue #464 [0.78ms]

tests/parse-tests/rk3566-import-regression.test.ts:
(pass) parses footprint-only parts with incomplete schematic metadata [0.37ms]
(pass) preserves exponent-like BGA pad identifiers and generates unique ports [0.55ms]
(pass) keeps ordinary decimal pad identifiers numeric

tests/parse-tests/single-letter-shape-schema.test.ts:
(pass) parses examples for single letter shape schema [0.25ms]
(pass) normalizes literal undefined optional text fields from EasyEDA text shapes [0.06ms]
(pass) normalizes whitespace-only text metadata from C60708
(pass) still rejects unexpected fontStyle values [0.19ms]
(pass) parses schematic drawing colors, paths, and pin stems [0.06ms]

tests/parse-tests/parse-c46497.test.ts:
(pass) should parse easyeda json for C46497 with VIA [2.01ms]

tests/parse-tests/parse-c4355039.test.ts:
(pass) should parse easyeda json for a c4355039 [1.58ms]

tests/parse-tests/parse-c124375.test.ts:
(pass) should parse easyeda json for a c124375 [0.53ms]

tests/parse-tests/pin-label-plus-minus.test.ts:
(pass) converts trailing plus and minus in pin labels [0.09ms]
(pass) normalizes voltage pin labels with leading plus [0.03ms]

tests/parse-tests/parse-usb-c.test.ts:
(pass) should parse easyeda json for a mounted usb c plug [5.67ms]

tests/parse-tests/parse-esp32.test.ts:
(pass) should parse easyeda json for a 555 timer [2.26ms]

tests/parse-tests/parse-c124352.test.ts:
(pass) should parse easyeda json for a C124352 [1.29ms]

tests/parse-tests/parse-555-timer-json.test.ts:
(pass) should parse easyeda json for a 555 timer [0.87ms]

tests/parse-tests/pin-label-hash.test.ts:
(pass) converts trailing # in pin labels to active-low N_ prefix [0.25ms]

68 tests failed:
(fail) should convert C5830143 into typescript file [2727.43ms]
(fail) should convert C75749 into typescript file [2042.67ms]
(fail) should convert C46497 into typescript file [1714.22ms]
(fail) should convert C14877 into typescript file [1863.26ms]
(fail) should convert C160354 into typescript file [1670.07ms]
(fail) should convert C6186 into typescript file [1706.94ms]
(fail) imports C5378731 supplier fabrication notes into its footprint string [1229.96ms]
(fail) should convert C165948 into typescript file [1935.45ms]
(fail) should convert C19795120 into typescript file [1199.23ms]
(fail) should convert C157929 into typescript file [1228.25ms]
(fail) preserves package RECT layer and line-width fields with correct stroke units [1117.89ms]
(fail) should convert C265111 into typescript file [1259.77ms]
(fail) renders the C2941005 schematic and PCB [1048.30ms]
(fail) should convert C136720 slide switch into a switch component with pin labels [2.59ms]
(fail) should convert C309274 into typescript file [1889.17ms]
(fail) should convert C410353 into typescript file [1726.08ms]
(fail) should convert C105419 into typescript file [1640.60ms]
(fail) should convert C9900017879 into typescript file [1912.80ms]
(fail) should convert C2828420 diode with metadata-derived pin labels [1137.48ms]
(fail) renders the C19943592 pin 1 rectangular footprint pad [1001.37ms]
(fail) should convert C131337 into typescript file [1511.67ms]
(fail) should convert C2913206 into typescript file [1575.07ms]
(fail) should convert C2998002 into typescript file [1238.50ms]
(fail) should convert C22446580 into typescript file [1568.84ms]
(fail) should convert C51950748 into typescript file [1417.93ms]
(fail) preserves all C165948 pin aliases in generated TSX [2022.27ms]
(fail) should convert C281113 into typescript file [1353.45ms]
(fail) renders the C488251 PCB view [1302.07ms]
(fail) should convert C128415 into typescript file [1481.64ms]
(fail) should convert C3178291 into typescript file [1278.57ms]
(fail) C2055640 should preserve courtyard outlines when round-tripping through TSX [1426.50ms]
(fail) should convert C157947 into typescript file [1534.20ms]
(fail) should convert C22446580 into typescript file [5.08ms]
(fail) should convert C139797 tactile switch into a pushbutton component [3.69ms]
(fail) repro: imports C8545 with its custom schematic symbol [1984.71ms]
(fail) should convert C2961147 into typescript file [1567.68ms]
(fail) should convert C8465 into typescript file [1394.27ms]
(fail) should convert C158012 into typescript file [1552.52ms]
(fail) preserves C490691 trailing-hash active-low pin names [1895.90ms]
(fail) should convert C490691 into typescript file [1449.23ms]
(fail) preserves C472489 slash-separated pin 20 label [1515.90ms]
(fail) should convert C393941 into typescript file [1441.26ms]
(fail) should convert C88224 into typescript file [1366.60ms]
(fail) should normalize decorated C8598 diode polarity labels [1232.71ms]
(fail) should convert C19076967 into typescript file [3371.09ms]
(fail) should import C2943786 into a snapshotted typescript component [3368.58ms]
(fail) should convert C46749 into typescript file [2267.83ms]
(fail) renders a payload with issue #464 variants [1594.71ms]
(fail) should convert C1046 into typescript file [1907.72ms]
(fail) should convert C23689428 into typescript file [2243.44ms]
(fail) should convert C561765 into typescript file [1320.17ms]
(fail) should convert C2040 into typescript file [1567.98ms]
(fail) should convert C18185602 into typescript file [1352.82ms]
(fail) should convert C2838502 into typescript file [1346.52ms]
(fail) should convert C2848306 into typescript file [1463.25ms]
(fail) should convert C2979182 / MY-18650-02 into typescript file [1926.37ms]
(fail) renders the C55266 schematic and PCB [5011.90ms]
  ^ this test timed out after 5000ms.
(fail) should convert C5248081 into typescript file [2816.80ms]
(fail) C2879827 preserves the board cutout in generated component TSX [1615.45ms]
(fail) should convert C2886621 into typescript file [2842.10ms]
(fail) should convert C113367 into typescript file [3460.21ms]
(fail) should convert C60708 into typescript file [4649.89ms]
(fail) should convert C472489 into typescript file [1380.50ms]
(fail) should convert C2652953 into typescript file [1158.00ms]
(fail) reproduces C1046 L0805 inductor being generated as a generic chip [1279.47ms]
(fail) reproduces C281113 L0805 inductor being generated as a generic chip [1002.44ms]
(fail) preserves rotated silkscreen text in the PCB snapshot [38.56ms]
(fail) C41430893 should generate Circuit Json without errors [626.66ms]

 243 pass
 68 fail
 1 error
snapshots: 21 passed, 39 failed
 6714 expect() calls
Ran 311 tests across 167 files. [193.82s]
