v 6.6 8.3 0.8
v -6.6 8.3 0.8
v -2.1 7.8 0.8
newmtl 1
Ka 0.25098039215686274 0.25098039215686274 0.25098039215686274
Kd 0.25098039215686274 0.25098039215686274 0.25098039215686274
Ks 0.12549019607843137 0.12549019607843137 0.12549019607843137
d 0.0
endmtl
v -6.1 7.8 0.8
v 5.8 7.5 0.8
v 4.05 7.5 0.8
v 5.8 3.5 0.8
v 4.05 5.0 0.8
v -5.954118 2.746593 0.8
v 5.475 2.57 0.8
v 6.1 3.5 0.8
v 5.653017 2.549942 0.8
v 5.822107 2.490775 0.8
v 5.973792 2.395465 0.8
v -2.1 5.3 0.8
v -0.35 5.3 0.8
v -0.35 7.8 0.8
v 1.998356 7.8 0.8
v -5.93 2.736603 0.8
v -5.909289 2.720711 0.8
v -5.893398 2.7 0.8
v -4.15 2.9 0.8
v -4.45 2.9 0.8
v -5.98 2.75 0.8
v -2.4 7.5 0.8
v -4.15 7.5 0.8
v -2.4 5.0 0.8
v -0.05 5.0 0.8
v 1.7 5.0 0.8
v -0.05 7.5 0.8
v 1.7 7.5 0.8
v 6.100465 2.268792 0.8
v 6.195775 2.117107 0.8
v 6.1 7.8 0.8
v 3.748355 7.8 0.8
v 3.748355 5.3 0.8
v 1.998356 5.3 0.8
v -5.883407 2.675882 0.8
v -5.88 2.65 0.8
v -5.475 2.57 0.8
v -5.653017 2.549942 0.8
v 6.254942 1.948017 0.8
v 6.275 1.77 0.8
v 6.6 -8.3 0.8
v -5.822107 -7.900775 0.8
v -5.973792 -7.805465 0.8
v -6.6 -8.3 0.8
v -5.653017 -7.959942 0.8
v -5.883407 2.624118 0.8
v -5.893398 2.6 0.8
v -5.822107 2.490775 0.8
v -5.909289 2.579289 0.8
v -5.93 2.563397 0.8
v -5.973792 2.395465 0.8
v -5.954118 2.553407 0.8
v -5.98 2.55 0.8
v -6.100465 2.268792 0.8
v 6.275 -7.18 0.8
v 6.254942 -7.358017 0.8
v 6.195775 -7.527107 0.8
v 6.100465 -7.678792 0.8
v 5.973792 -7.805465 0.8
v 5.822107 -7.900775 0.8
v -6.100465 -7.678792 0.8
v -6.195775 -7.527107 0.8
v -6.254942 -7.358017 0.8
v -4.45 7.5 0.8
v -5.8 7.5 0.8
v -5.8 2.9 0.8
v -6.1 2.9 0.8
v -6.005882 2.746593 0.8
v -6.254942 1.948017 0.8
v -6.076592 2.624118 0.8
v -6.08 2.65 0.8
v -6.076592 2.675882 0.8
v -6.066603 2.7 0.8
v 5.653017 -7.959942 0.8
v 5.475 -7.98 0.8
v -5.475 -7.98 0.8
v -6.005882 2.553407 0.8
v -6.03 2.563397 0.8
v -6.195775 2.117107 0.8
v -6.050711 2.579289 0.8
v -6.066603 2.6 0.8
v -6.050711 2.720711 0.8
v -6.03 2.736603 0.8
v -6.275 -7.18 0.8
v -6.275 1.77 0.8
v -6.6 -8.3 0.1
v -6.6 -8.150001 0.1
v -5.55 -8.150001 0.1
v -2.65125 0.9 0.1
v -2.65125 1.65 0.1
v -2.0 1.65 0.1
v -0.4 -3.5625 0.1
v -0.4 -3.425 0.1
v 0.4 -3.425 0.1
v -2.65125 -3.5625 0.1
v -2.65125 -3.425 0.1
v -2.0 -3.425 0.1
v -0.4 -1.5725 0.1
v -0.4 -1.445 0.1
v 0.4 -1.445 0.1
v 1.2525 0.005 0.1
v 1.2525 -0.0475 0.1
v 0.8625 -0.0475 0.1
v 1.2525 -5.405 0.1
v 2.167522 -5.405 0.1
v 2.167522 -5.5525 0.1
v -5.5 -6.840235 0.1
v -5.5 -6.777421 0.1
v -5.25 -6.777421 0.1
v -6.3 -5.3 0.1
v -5.55 -5.3 0.1
v -5.55 -5.3525 0.1
v -6.3 -1.3 0.1
v -5.55 -1.3 0.1
v -5.55 -1.3725 0.1
v 2.500898 -6.274373 0.1
v 2.244801 -6.274373 0.1
v 2.167522 -6.184137 0.1
v 2.244801 -6.329251 0.1
v 2.232605 -6.719495 0.1
v 2.167522 -6.777421 0.1
v 2.232605 -6.774373 0.1
v 2.500898 -6.774373 0.1
v 2.598459 -6.748458 0.1
v 2.598459 -6.69358 0.1
v 2.651756 -6.770342 0.1
v 2.70228 -6.777421 0.1
v 2.433825 -6.548763 0.1
v 2.433825 -6.719495 0.1
v 2.256995 -6.548763 0.1
v 2.256995 -6.493885 0.1
v 2.433825 -6.493885 0.1
v 2.433825 -6.329251 0.1
v 3.269191 -6.774373 0.1
v 2.765439 -6.777421 0.1
v 3.013093 -6.774373 0.1
v 2.797653 -6.774081 0.1
v 2.846115 -6.757401 0.1
v 2.764786 -6.328682 0.1
v 2.80221 -6.342188 0.1
v 2.60742 -6.698544 0.1
v 2.836817 -6.365341 0.1
v 2.867011 -6.398674 0.1
v 2.903337 -6.529708 0.1
v 2.898274 -6.583836 0.1
v 2.88469 -6.626843 0.1
v 2.77343 -6.720361 0.1
v 2.726794 -6.725593 0.1
v 2.809862 -6.706949 0.1
v 2.840548 -6.686266 0.1
v 2.864011 -6.661513 0.1
v 2.660423 -6.718226 0.1
v 2.598459 -6.288092 0.1
v 2.598459 -6.355165 0.1
v 2.654779 -6.331049 0.1
v 2.715551 -6.323153 0.1
v 2.887624 -6.437279 0.1
v 2.900952 -6.490805 0.1
v 2.944022 -6.406066 0.1
v 2.914716 -6.359319 0.1
v 3.202117 -6.274373 0.1
v 2.869575 -6.315906 0.1
v 2.822083 -6.288568 0.1
v 2.886334 -6.731718 0.1
v 2.923891 -6.692179 0.1
v 3.013093 -6.719495 0.1
v 2.950527 -6.644636 0.1
v 3.202117 -6.719495 0.1
v 2.965575 -6.591711 0.1
v 2.97041 -6.533805 0.1
v 2.963218 -6.46272 0.1
v 2.766343 -6.272375 0.1
v 2.716123 -6.268275 0.1
v 2.656267 -6.272406 0.1
v 2.722364 -6.780236 0.1
v 2.167522 -6.840235 0.1
v 2.736035 -6.78047 0.1
v 3.6 -6.840235 0.1
v 3.6 -6.777421 0.1
v 3.6 -6.184137 0.1
v 3.269191 -6.274373 0.1
v -5.25 1.65 0.1
v -5.25 0.9 0.1
v -5.5 1.1 0.1
v -5.55 1.1 0.1
v -5.55 0.9 0.1
v -6.3 1.1 0.1
v -6.6 0.9 0.1
v -6.3 1.5 0.1
v -6.6 1.65 0.1
v -5.55 1.5 0.1
v -5.55 -0.0475 0.1
v -5.55 0.3 0.1
v -5.25 -0.0475 0.1
v -5.5 0.3 0.1
v -5.5 0.7 0.1
v -5.55 0.7 0.1
v -6.3 0.7 0.1
v -6.6 -0.0475 0.1
v -6.3 0.3 0.1
v -5.55 -0.1 0.1
v -6.3 -0.1 0.1
v -5.5 -0.1 0.1
v -5.5 -0.5 0.1
v -5.25 -0.7 0.1
v -5.55 -0.5 0.1
v -5.55 -0.7 0.1
v -6.3 -0.5 0.1
v -6.6 -0.7 0.1
v -5.25 -1.3725 0.1
v -5.5 -1.3 0.1
v -5.5 -0.9 0.1
v -5.55 -0.9 0.1
v -6.3 -0.9 0.1
v -6.6 -1.3725 0.1
v -5.25 -1.5725 0.1
v -5.25 -2.3 0.1
v -5.5 -2.1 0.1
v -5.55 -2.1 0.1
v -5.55 -2.3 0.1
v -6.3 -2.1 0.1
v -6.6 -2.3 0.1
v -6.3 -1.7 0.1
v -6.6 -1.5725 0.1
v -5.55 -1.7 0.1
v -6.3 -2.9 0.1
v -6.6 -3.1 0.1
v -6.3 -2.5 0.1
v -5.55 -2.5 0.1
v -5.5 -2.5 0.1
v -5.5 -2.9 0.1
v -5.25 -3.1 0.1
v -5.55 -2.9 0.1
v -5.55 -3.1 0.1
v -5.5 -3.7 0.1
v -5.5 -4.1 0.1
v -5.55 -3.7 0.1
v -5.55 -4.1 0.1
v -6.3 -3.7 0.1
v -6.3 -4.1 0.1
v -5.5 -4.5 0.1
v -5.25 -4.7 0.1
v -5.55 -4.5 0.1
v -5.55 -4.7 0.1
v -6.3 -4.5 0.1
v -6.6 -4.7 0.1
v -6.6 -3.5625 0.1
v -5.25 -3.5625 0.1
v -5.5 -3.5625 0.1
v -5.5 -3.3 0.1
v -5.55 -3.3 0.1
v -6.3 -3.3 0.1
v -6.3 -3.5625 0.1
v -5.25 -5.3525 0.1
v -5.5 -5.3 0.1
v -5.5 -4.9 0.1
v -5.55 -4.9 0.1
v -6.3 -4.9 0.1
v -6.6 -5.3525 0.1
v -5.5 -6.1 0.1
v -5.25 -6.184137 0.1
v -5.55 -6.1 0.1
v -5.55 -6.184137 0.1
v -6.3 -6.1 0.1
v -6.6 -6.184137 0.1
v -6.3 -5.7 0.1
v -6.6 -5.5525 0.1
v -5.55 -5.7 0.1
v -5.25 -6.840235 0.1
v -5.5 -6.9 0.1
v -5.25 -7.25 0.1
v -5.55 -6.9 0.1
v -5.55 -7.25 0.1
v -6.3 -6.9 0.1
v -6.6 -7.25 0.1
v -6.3 -6.840235 0.1
v -6.6 -6.840235 0.1
v -6.3 -6.777421 0.1
v -6.6 -6.777421 0.1
v -6.3 -6.5 0.1
v -5.55 -6.5 0.1
v -5.5 -6.5 0.1
v 5.0 -7.2 0.1
v 4.6 -7.2 0.1
v 4.4 -6.840235 0.1
v 4.4 -7.25 0.1
v 4.6 -7.25 0.1
v 4.4 -8.150001 0.1
v 4.6 -8.0 0.1
v 5.25 -8.150001 0.1
v 5.0 -8.0 0.1
v 5.25 -7.25 0.1
v 4.2 -7.25 0.1
v 4.2 -8.0 0.1
v 3.8 -8.0 0.1
v 3.6 -8.150001 0.1
v 3.8 -7.25 0.1
v 3.6 -7.25 0.1
v 3.8 -7.2 0.1
v 4.2 -7.2 0.1
v 2.6 -7.2 0.1
v 2.2 -7.2 0.1
v 2.167522 -7.25 0.1
v 2.2 -7.25 0.1
v 2.2 -8.0 0.1
v 2.167522 -8.150001 0.1
v 2.6 -8.0 0.1
v 2.6 -7.25 0.1
v 3.0 -7.2 0.1
v 3.4 -7.2 0.1
v 3.4 -7.25 0.1
v 3.4 -8.0 0.1
v 3.0 -8.0 0.1
v 3.0 -7.25 0.1
v 1.0 -8.0 0.1
v 0.8625 -8.150001 0.1
v 1.4 -7.2 0.1
v 0.8625 -6.840235 0.1
v 1.8 -7.2 0.1
v 1.8 -7.25 0.1
v 1.8 -8.0 0.1
v 1.4 -8.0 0.1
v 1.4 -7.25 0.1
v 1.0 -7.25 0.1
v 1.0 -7.2 0.1
v 0.8625 -7.2 0.1
v 0.4 -6.840235 0.1
v 0.6 -7.2 0.1
v 0.4 -7.25 0.1
v 0.6 -7.25 0.1
v 0.4 -8.150001 0.1
v 0.6 -8.0 0.1
v 0.8625 -8.0 0.1
v 0.2 -8.0 0.1
v -0.2 -8.0 0.1
v -0.4 -8.150001 0.1
v -0.2 -7.25 0.1
v -0.4 -7.25 0.1
v -0.2 -7.2 0.1
v -0.4 -6.840235 0.1
v 0.2 -7.2 0.1
v 0.2 -7.25 0.1
v -0.6 -8.0 0.1
v -1.0 -8.0 0.1
v -1.12625 -8.150001 0.1
v -1.0 -7.25 0.1
v -1.12625 -7.25 0.1
v -1.0 -7.2 0.1
v -1.12625 -6.840235 0.1
v -0.6 -7.2 0.1
v -0.6 -7.25 0.1
v -1.32625 -7.25 0.1
v -1.4 -7.25 0.1
v -1.4 -7.2 0.1
v -1.4 -8.0 0.1
v -1.32625 -8.150001 0.1
v -1.8 -8.0 0.1
v -2.0 -8.150001 0.1
v -1.8 -7.25 0.1
v -2.0 -7.25 0.1
v -1.8 -7.2 0.1
v -2.0 -6.840235 0.1
v -1.32625 -6.840235 0.1
v -2.2 -8.0 0.1
v -2.6 -8.0 0.1
v -2.65125 -8.150001 0.1
v -2.6 -7.25 0.1
v -2.65125 -7.25 0.1
v -2.6 -7.2 0.1
v -2.65125 -6.840235 0.1
v -2.2 -7.2 0.1
v -2.2 -7.25 0.1
v -3.0 -8.0 0.1
v -3.4 -8.0 0.1
v -3.6 -8.150001 0.1
v -3.4 -7.25 0.1
v -3.6 -7.25 0.1
v -3.4 -7.2 0.1
v -3.6 -6.840235 0.1
v -3.0 -7.2 0.1
v -3.0 -7.25 0.1
v -3.8 -8.0 0.1
v -4.2 -8.0 0.1
v -4.4 -8.150001 0.1
v -4.2 -7.25 0.1
v -4.4 -7.25 0.1
v -4.2 -7.2 0.1
v -4.4 -6.840235 0.1
v -3.8 -7.2 0.1
v -3.8 -7.25 0.1
v -5.25 1.85 0.1
v -5.0 1.85 0.1
v -5.0 1.8 0.1
v -4.6 1.8 0.1
v -4.4 1.65 0.1
v -4.4 1.85 0.1
v -4.6 1.85 0.1
v -4.6 2.6 0.1
v -5.0 2.6 0.1
v -5.25 8.3 0.1
v -4.4 8.3 0.1
v -4.2 1.85 0.1
v -4.2 1.8 0.1
v -3.8 1.8 0.1
v -3.6 1.65 0.1
v -3.6 1.85 0.1
v -3.8 1.85 0.1
v -3.8 2.6 0.1
v -3.4 1.85 0.1
v -3.4 1.8 0.1
v -3.0 1.8 0.1
v -2.65125 1.85 0.1
v -3.0 1.85 0.1
v -3.0 2.6 0.1
v -3.4 2.6 0.1
v -3.6 8.3 0.1
v -2.65125 8.3 0.1
v -4.2 2.6 0.1
v -2.0 1.85 0.1
v -2.2 1.85 0.1
v -2.2 2.6 0.1
v -2.2 1.8 0.1
v -2.6 1.8 0.1
v -2.6 1.85 0.1
v -2.6 2.6 0.1
v -2.0 8.3 0.1
v -1.32625 1.85 0.1
v -1.4 1.85 0.1
v -1.4 2.6 0.1
v -1.0 1.85 0.1
v -1.0 1.8 0.1
v -1.12625 1.65 0.1
v -0.4 1.65 0.1
v -0.6 1.8 0.1
v -0.4 1.85 0.1
v -0.6 1.85 0.1
v -0.6 2.6 0.1
v -1.0 2.6 0.1
v -1.12625 8.3 0.1
v -0.4 8.3 0.1
v 0.4 1.85 0.1
v 0.2 1.85 0.1
v 0.2 2.6 0.1
v 0.2 1.8 0.1
v 0.4 1.65 0.1
v -0.2 1.8 0.1
v -0.2 1.85 0.1
v -0.2 2.6 0.1
v 0.4 8.3 0.1
v 1.8 1.8 0.1
v 1.8 1.85 0.1
v 2.167522 1.85 0.1
v 1.8 2.6 0.1
v 1.4 2.6 0.1
v 0.8625 8.3 0.1
v 2.167522 8.3 0.1
v 1.4 1.8 0.1
v 2.167522 1.65 0.1
v 0.8625 1.65 0.1
v 1.0 1.8 0.1
v 1.4 1.85 0.1
v 1.0 1.85 0.1
v 1.0 2.6 0.1
v 0.8625 2.6 0.1
v 0.6 2.6 0.1
v 0.6 1.85 0.1
v 0.6 1.8 0.1
v 0.8625 1.8 0.1
v 2.6 1.8 0.1
v 3.6 1.65 0.1
v 2.2 1.8 0.1
v 3.6 1.85 0.1
v 3.4 1.85 0.1
v 3.4 2.6 0.1
v 3.0 2.6 0.1
v 3.6 8.3 0.1
v 3.4 1.8 0.1
v 3.0 1.8 0.1
v 3.0 1.85 0.1
v 2.6 1.85 0.1
v 2.6 2.6 0.1
v 2.2 2.6 0.1
v 2.2 1.85 0.1
v 5.0 -7.25 0.1
v 5.25 -6.840235 0.1
v 5.5 -6.840235 0.1
v 5.5 -6.777421 0.1
v 5.25 -6.777421 0.1
v 5.5 -6.5 0.1
v 5.25 -6.184137 0.1
v 5.55 -6.5 0.1
v 5.55 -6.184137 0.1
v 6.3 -6.5 0.1
v 6.45 -6.184137 0.1
v 6.3 -6.777421 0.1
v 6.45 -6.777421 0.1
v 6.3 -6.840235 0.1
v 6.45 -6.840235 0.1
v 6.3 -6.9 0.1
v 6.45 -7.25 0.1
v 5.55 -6.9 0.1
v 5.55 -7.25 0.1
v 5.5 -6.9 0.1
v 5.55 -5.7 0.1
v 5.5 -5.7 0.1
v 5.25 -5.5525 0.1
v 5.5 -6.1 0.1
v 5.55 -6.1 0.1
v 6.3 -6.1 0.1
v 6.45 -5.5525 0.1
v 5.25 -5.3525 0.1
v 5.25 -4.7 0.1
v 5.5 -4.9 0.1
v 5.55 -4.9 0.1
v 5.55 -4.7 0.1
v 6.3 -4.9 0.1
v 6.45 -4.7 0.1
v 6.3 -5.3 0.1
v 6.45 -5.3525 0.1
v 5.55 -5.3 0.1
v 5.5 -3.7 0.1
v 5.25 -3.5625 0.1
v 6.3 -4.5 0.1
v 5.55 -4.5 0.1
v 5.5 -4.5 0.1
v 5.5 -4.1 0.1
v 5.55 -4.1 0.1
v 5.55 -3.7 0.1
v 6.3 -4.1 0.1
v 6.3 -3.7 0.1
v 6.45 -3.5625 0.1
v 6.3 -3.5625 0.1
v 6.45 -3.1 0.1
v 6.3 -3.3 0.1
v 5.55 -3.1 0.1
v 5.55 -3.3 0.1
v 5.25 -3.1 0.1
v 5.5 -3.3 0.1
v 5.5 -3.5625 0.1
v 6.3 -2.5 0.1
v 6.45 -2.3 0.1
v 6.3 -2.9 0.1
v 5.55 -2.9 0.1
v 5.5 -2.9 0.1
v 5.5 -2.5 0.1
v 5.25 -2.3 0.1
v 5.55 -2.5 0.1
v 5.55 -2.3 0.1
v 5.55 -1.7 0.1
v 5.5 -1.7 0.1
v 5.25 -1.5725 0.1
v 5.5 -2.1 0.1
v 5.55 -2.1 0.1
v 6.3 -2.1 0.1
v 6.45 -1.5725 0.1
v 5.25 -1.3725 0.1
v 5.25 -0.7 0.1
v 5.5 -0.9 0.1
v 5.55 -0.9 0.1
v 5.55 -0.7 0.1
v 6.3 -0.9 0.1
v 6.45 -0.7 0.1
v 6.3 -1.3 0.1
v 6.45 -1.3725 0.1
v 5.55 -1.3 0.1
v 5.55 -0.0475 0.1
v 5.55 -0.1 0.1
v 5.5 -0.1 0.1
v 6.3 -0.1 0.1
v 6.45 -0.0475 0.1
v 6.3 -0.5 0.1
v 5.55 -0.5 0.1
v 5.5 -0.5 0.1
v 5.25 -0.0475 0.1
v 6.3 0.7 0.1
v 6.45 0.9 0.1
v 6.3 0.3 0.1
v 5.55 0.3 0.1
v 5.5 0.3 0.1
v 5.5 0.7 0.1
v 5.25 0.9 0.1
v 5.55 0.7 0.1
v 5.55 0.9 0.1
v 3.8 1.85 0.1
v 3.8 1.8 0.1
v 4.2 1.8 0.1
v 4.4 1.65 0.1
v 4.4 1.85 0.1
v 4.2 1.85 0.1
v 4.2 2.6 0.1
v 2.7025 -3.955 0.1
v 3.6 -3.5625 0.1
v 2.7025 -4.7 0.1
v 3.6 -4.7 0.1
v 2.7025 -5.3525 0.1
v 3.6 -5.3525 0.1
v 2.7025 -5.405 0.1
v 3.6 -5.5525 0.1
v 2.167522 -3.5625 0.1
v 2.167522 -3.955 0.1
v 0.8625 -3.5625 0.1
v 1.2525 -3.955 0.1
v 0.8625 -4.7 0.1
v 1.2525 -4.7 0.1
v 0.8625 -5.3525 0.1
v 1.2525 -5.3525 0.1
v 0.8625 -5.5525 0.1
v -1.2525 -3.955 0.1
v -1.12625 -3.5625 0.1
v -1.12625 -4.7 0.1
v -1.12625 -5.3525 0.1
v -1.2525 -5.3525 0.1
v -1.2525 -4.7 0.1
v -1.32625 -5.405 0.1
v -1.2525 -5.405 0.1
v -1.12625 -5.5525 0.1
v -2.65125 -5.5525 0.1
v -3.6 -5.5525 0.1
v -2.7025 -5.405 0.1
v -2.0 -3.5625 0.1
v -2.0 -3.955 0.1
v -2.65125 -3.955 0.1
v -1.32625 -3.5625 0.1
v -1.32625 -3.955 0.1
v 0.4 -5.405 0.1
v 0.725 -5.405 0.1
v -0.725 -5.3525 0.1
v 0.725 -5.3525 0.1
v 0.725 -4.7 0.1
v 0.725 -3.955 0.1
v 0.4 -3.5625 0.1
v 0.4 -3.955 0.1
v -0.4 -3.955 0.1
v -5.0 -7.25 0.1
v -5.0 -7.2 0.1
v -4.6 -7.2 0.1
v -4.6 -7.25 0.1
v -4.6 -8.0 0.1
v -5.0 -8.0 0.1
v -5.25 -8.150001 0.1
v 0.8625 -0.7 0.1
v 1.2525 -0.7 0.1
v 0.8625 -1.3725 0.1
v 1.2525 -1.3725 0.1
v 0.8625 -1.5725 0.1
v 1.2525 -1.445 0.1
v 2.167522 -1.5725 0.1
v 2.167522 -1.445 0.1
v 2.7025 -1.445 0.1
v 0.8625 0.9 0.1
v 2.167522 0.005 0.1
v 2.167522 0.9 0.1
v 2.7025 0.005 0.1
v 3.6 0.9 0.1
v 2.7025 -0.0475 0.1
v 3.6 -0.0475 0.1
v 2.7025 -0.7 0.1
v 3.6 -0.7 0.1
v 2.7025 -1.3725 0.1
v 3.6 -1.3725 0.1
v 3.6 -1.5725 0.1
v -1.32625 0.9 0.1
v -1.12625 0.9 0.1
v -1.2525 0.005 0.1
v -1.12625 -0.0475 0.1
v -1.2525 -0.0475 0.1
v -1.2525 -0.7 0.1
v -1.12625 -0.7 0.1
v -1.2525 -1.3725 0.1
v -1.12625 -1.3725 0.1
v -1.2525 -1.445 0.1
v -1.12625 -1.5725 0.1
v -1.32625 -1.445 0.1
v -3.6 -1.5725 0.1
v -3.6 -1.3725 0.1
v -2.7025 -1.3725 0.1
v -2.7025 -0.7 0.1
v -3.6 -0.7 0.1
v -2.7025 -0.595 0.1
v -3.6 -0.0475 0.1
v -2.65125 -0.54375 0.1
v -2.155 -0.0475 0.1
v -2.65125 -0.0475 0.1
v -2.1025 0.005 0.1
v -2.0 0.005 0.1
v -1.32625 0.005 0.1
v -2.0 0.9 0.1
v -0.725 -1.445 0.1
v -0.725 -1.3725 0.1
v -0.725 -0.7 0.1
v -0.725 -0.0475 0.1
v -0.725 0.005 0.1
v -0.4 0.005 0.1
v -0.4 0.9 0.1
v 0.4 0.9 0.1
v 0.725 0.005 0.1
v 0.4 0.005 0.1
v 2.167522 -3.425 0.1
v 2.7025 -3.425 0.1
v 1.2525 -3.425 0.1
v 1.2525 -3.1 0.1
v 0.8625 -3.1 0.1
v 1.2525 -2.3 0.1
v 0.8625 -2.3 0.1
v 1.2525 -1.975 0.1
v 2.167522 -1.975 0.1
v 2.7025 -1.975 0.1
v 2.7025 -2.3 0.1
v 3.6 -2.3 0.1
v 2.7025 -3.1 0.1
v 3.6 -3.1 0.1
v -1.12625 -2.3 0.1
v -1.2525 -1.975 0.1
v -1.32625 -1.5725 0.1
v -2.0 -1.5725 0.1
v -2.0 -1.445 0.1
v -2.65125 -1.5725 0.1
v -2.65125 -1.445 0.1
v -2.7025 -1.445 0.1
v -1.32625 -3.425 0.1
v -1.2525 -3.425 0.1
v -1.12625 -3.1 0.1
v -1.2525 -3.1 0.1
v -1.2525 -2.3 0.1
v -2.7025 -5.3525 0.1
v -3.6 -5.3525 0.1
v -2.7025 -4.7 0.1
v -3.6 -4.7 0.1
v -2.7025 -3.955 0.1
v -3.6 -3.5625 0.1
v -2.7025 -3.425 0.1
v -2.7025 -3.1 0.1
v -3.6 -3.1 0.1
v -2.7025 -2.3 0.1
v -3.6 -2.3 0.1
v -2.7025 -1.975 0.1
v -2.65125 -1.975 0.1
v -1.32625 -1.975 0.1
v -2.0 -1.975 0.1
v -0.725 -3.425 0.1
v -0.725 -3.1 0.1
v -0.725 -2.3 0.1
v -0.725 -1.975 0.1
v -0.4 -1.975 0.1
v 0.4 -1.5725 0.1
v 0.725 -1.445 0.1
v 0.725 -1.3725 0.1
v 0.725 -0.7 0.1
v 0.725 -0.0475 0.1
v -0.725 -4.7 0.1
v -0.725 -3.955 0.1
v 0.725 -3.425 0.1
v 0.725 -3.1 0.1
v 0.725 -2.3 0.1
v 0.725 -1.975 0.1
v 0.4 -1.975 0.1
v 4.6 1.85 0.1
v 4.6 1.8 0.1
v 5.0 1.8 0.1
v 5.25 1.65 0.1
v 5.25 1.85 0.1
v 5.0 1.85 0.1
v 5.0 2.6 0.1
v 4.6 2.6 0.1
v 4.4 8.3 0.1
v 5.25 8.3 0.1
v 3.8 2.6 0.1
v 5.55 1.5 0.1
v 5.5 1.5 0.1
v 5.5 1.1 0.1
v 5.55 1.1 0.1
v 6.3 1.1 0.1
v 6.45 1.65 0.1
v -6.3 1.9 0.1
v -5.6 1.9 0.1
v -5.55 1.85 0.1
v -5.6 2.6 0.1
v -5.55 8.3 0.1
v -6.6 8.3 0.1
v -6.3 2.6 0.1
v -6.6 1.85 0.1
v -1.4 1.8 0.1
v -1.32625 1.65 0.1
v -1.8 1.8 0.1
v -1.8 1.85 0.1
v -1.8 2.6 0.1
v -1.32625 8.3 0.1
v -1.12625 1.85 0.1
v 5.6 1.9 0.1
v 6.3 1.9 0.1
v 6.45 1.85 0.1
v 6.3 2.6 0.1
v 6.45 8.3 0.1
v 5.55 8.3 0.1
v 5.6 2.6 0.1
v 5.55 1.85 0.1
v -5.55 1.65 0.1
v -5.5 1.5 0.1
v 5.55 1.65 0.1
v 6.3 1.5 0.1
v -3.6 0.9 0.1
v -5.55 -1.5725 0.1
v -5.5 -1.7 0.1
v 5.5 -1.3 0.1
v 5.55 -1.3725 0.1
v 5.55 -1.5725 0.1
v 6.3 -1.7 0.1
v -5.55 -5.5525 0.1
v -5.5 -5.7 0.1
v -5.25 -5.5525 0.1
v -4.4 0.9 0.1
v -4.4 -0.0475 0.1
v -4.4 -0.7 0.1
v -4.4 -1.3725 0.1
v -4.4 -1.5725 0.1
v -4.4 -2.3 0.1
v -4.4 -3.1 0.1
v -4.4 -3.5625 0.1
v -4.4 -4.7 0.1
v -4.4 -5.3525 0.1
v -4.4 -5.5525 0.1
v 5.5 -5.3 0.1
v 5.55 -5.3525 0.1
v 5.55 -5.5525 0.1
v 6.3 -5.7 0.1
v -4.4 -6.184137 0.1
v -3.6 -6.184137 0.1
v -2.65125 -6.184137 0.1
v -2.0 -5.5525 0.1
v -2.0 -6.184137 0.1
v -1.32625 -5.5525 0.1
v -1.32625 -6.184137 0.1
v 0.8625 -6.184137 0.1
v -4.4 -6.777421 0.1
v -3.6 -6.777421 0.1
v -2.65125 -6.777421 0.1
v -2.0 -6.777421 0.1
v -1.32625 -6.777421 0.1
v -0.725 -5.405 0.1
v -0.4 -5.5525 0.1
v -1.12625 -6.184137 0.1
v -0.4 -6.184137 0.1
v -1.12625 -6.777421 0.1
v -0.4 -6.777421 0.1
v 0.4 -5.5525 0.1
v 0.4 -6.184137 0.1
v 0.4 -6.777421 0.1
v -0.4 -5.405 0.1
v 0.8625 -6.777421 0.1
v 1.622849 -6.774373 0.1
v 1.69602 -6.774373 0.1
v 1.317971 -6.774373 0.1
v 1.575117 -6.634129 0.1
v 1.368562 -6.634129 0.1
v 1.757573 -6.637334 0.1
v 1.786246 -6.682055 0.1
v 1.827401 -6.721461 0.1
v 1.879608 -6.7518 0.1
v 1.937222 -6.768972 0.1
v 1.999088 -6.774373 0.1
v 2.135044 -6.774373 0.1
v 2.135044 -6.274373 0.1
v 1.993943 -6.274373 0.1
v 1.921707 -6.282094 0.1
v 1.863206 -6.302637 0.1
v 1.506996 -6.274373 0.1
v 1.808785 -6.339108 0.1
v 1.439922 -6.274373 0.1
v 1.244801 -6.774373 0.1
v 1.808263 -6.339567 0.1
v 1.772905 -6.378773 0.1
v 1.749668 -6.421774 0.1
v 1.736239 -6.471037 0.1
v 1.732605 -6.518085 0.1
v 1.739622 -6.584999 0.1
v 4.4 0.9 0.1
v 4.4 -0.0475 0.1
v 4.4 -0.7 0.1
v 4.4 -1.3725 0.1
v 4.4 -1.5725 0.1
v 4.4 -2.3 0.1
v 4.4 -3.1 0.1
v 4.4 -3.5625 0.1
v 4.4 -4.7 0.1
v 4.4 -5.3525 0.1
v 4.4 -5.5525 0.1
v 4.4 -6.184137 0.1
v 4.4 -6.777421 0.1
v -5.6 -7.3 0.1
v -6.3 -7.3 0.1
v -5.6 -8.0 0.1
v -6.3 -8.0 0.1
v -2.65125 -5.405 0.1
v -2.0 -5.405 0.1
v 5.55 -8.150001 0.1
v 5.6 -7.3 0.1
v 6.3 -7.3 0.1
v 6.3 -8.0 0.1
v 6.45 -8.150001 0.1
v 5.6 -8.0 0.1
v -5.55 -8.3 0.1
v -5.25 -8.3 0.1
v -4.4 -8.3 0.1
v -3.6 -8.3 0.1
v -2.65125 -8.3 0.1
v -2.0 -8.3 0.1
v -1.32625 -8.3 0.1
v -1.12625 -8.3 0.1
v -0.4 -8.3 0.1
v 0.4 -8.3 0.1
v 0.8625 -8.3 0.1
v 2.167522 -8.3 0.1
v 3.6 -8.3 0.1
v 4.4 -8.3 0.1
v 5.25 -8.3 0.1
v 5.55 -8.3 0.1
v 6.45 -8.3 0.1
v 6.6 8.3 0.1
v 6.6 1.85 0.1
v 6.6 1.65 0.1
v 6.6 0.9 0.1
v 6.6 -0.0475 0.1
v 6.6 -0.7 0.1
v 6.6 -1.3725 0.1
v 6.6 -1.5725 0.1
v 6.6 -2.3 0.1
v 6.6 -3.1 0.1
v 6.6 -3.5625 0.1
v 6.6 -4.7 0.1
v 6.6 -5.3525 0.1
v 6.6 -5.5525 0.1
v 6.6 -6.184137 0.1
v 6.6 -6.777421 0.1
v 6.6 -6.840235 0.1
v 6.6 -7.25 0.1
v 6.6 -8.150001 0.1
v 6.6 -8.3 0.1
v 6.3 1.9 0.0
v 6.3 2.6 0.0
newmtl 2
Ka 1.0 1.0 0.0
Kd 1.0 1.0 0.0
Ks 0.5019607843137255 0.5019607843137255 0.0
d 0.0
endmtl
v 5.6 1.9 0.0
v 5.6 2.6 0.0
v 6.3 1.1 0.0
v 6.3 1.5 0.0
v 5.5 1.1 0.0
v 5.5 1.5 0.0
v 5.0 1.8 0.0
v 5.0 2.6 0.0
v 4.6 1.8 0.0
v 4.6 2.6 0.0
v -0.725 -3.425 0.0
v -0.725 -1.975 0.0
v 0.725 -1.975 0.0
v 0.725 -3.425 0.0
v -2.7025 -3.425 0.0
v -2.7025 -1.975 0.0
v -1.2525 -1.975 0.0
v -1.2525 -3.425 0.0
v 1.2525 -1.975 0.0
v 1.2525 -3.425 0.0
v 2.7025 -1.975 0.0
v 2.7025 -3.425 0.0
v -0.725 -1.445 0.0
v -0.725 0.005 0.0
v 0.725 0.005 0.0
v 0.725 -1.445 0.0
v -2.7025 -1.445 0.0
v -2.7025 -0.595 0.0
v -2.1025 0.005 0.0
v -1.2525 0.005 0.0
v -1.2525 -1.445 0.0
v 1.2525 -1.445 0.0
v 1.2525 0.005 0.0
v 2.7025 0.005 0.0
v 2.7025 -1.445 0.0
v -5.0 -8.0 0.0
v -4.6 -8.0 0.0
v -5.0 -7.2 0.0
v -4.6 -7.2 0.0
v -0.725 -3.955 0.0
v -0.725 -5.405 0.0
v 0.725 -3.955 0.0
v 0.725 -5.405 0.0
v -2.7025 -3.955 0.0
v -2.7025 -5.405 0.0
v -1.2525 -3.955 0.0
v -1.2525 -5.405 0.0
v 1.2525 -3.955 0.0
v 1.2525 -5.405 0.0
v 2.7025 -3.955 0.0
v 2.7025 -5.405 0.0
v 4.2 1.8 0.0
v 4.2 2.6 0.0
v 3.8 1.8 0.0
v 3.8 2.6 0.0
v 6.3 0.3 0.0
v 6.3 0.7 0.0
v 5.5 0.3 0.0
v 5.5 0.7 0.0
v 6.3 -0.5 0.0
v 6.3 -0.1 0.0
v 5.5 -0.5 0.0
v 5.5 -0.1 0.0
v 6.3 -1.3 0.0
v 6.3 -0.9 0.0
v 5.5 -1.3 0.0
v 5.5 -0.9 0.0
v 6.3 -2.1 0.0
v 6.3 -1.7 0.0
v 5.5 -2.1 0.0
v 5.5 -1.7 0.0
v 6.3 -2.9 0.0
v 6.3 -2.5 0.0
v 5.5 -2.9 0.0
v 5.5 -2.5 0.0
v 6.3 -3.3 0.0
v 6.3 -3.7 0.0
v 5.5 -3.7 0.0
v 5.5 -3.3 0.0
v 6.3 -4.5 0.0
v 6.3 -4.1 0.0
v 5.5 -4.5 0.0
v 5.5 -4.1 0.0
v 6.3 -5.3 0.0
v 6.3 -4.9 0.0
v 5.5 -5.3 0.0
v 5.5 -4.9 0.0
v 6.3 -6.1 0.0
v 6.3 -5.7 0.0
v 5.5 -6.1 0.0
v 5.5 -5.7 0.0
v 6.3 -6.9 0.0
v 6.3 -6.5 0.0
v 5.5 -6.9 0.0
v 5.5 -6.5 0.0
v -5.6 1.9 0.0
v -5.6 2.6 0.0
v -6.3 1.9 0.0
v -6.3 2.6 0.0
v -5.6 -8.0 0.0
v -5.6 -7.3 0.0
v -6.3 -8.0 0.0
v -6.3 -7.3 0.0
v 6.3 -8.0 0.0
v 6.3 -7.3 0.0
v 5.6 -8.0 0.0
v 5.6 -7.3 0.0
v 3.4 1.8 0.0
v 3.4 2.6 0.0
v 3.0 1.8 0.0
v 3.0 2.6 0.0
v 2.6 1.8 0.0
v 2.6 2.6 0.0
v 2.2 1.8 0.0
v 2.2 2.6 0.0
v 1.8 1.8 0.0
v 1.8 2.6 0.0
v 1.4 1.8 0.0
v 1.4 2.6 0.0
v 1.0 1.8 0.0
v 1.0 2.6 0.0
v 0.6 1.8 0.0
v 0.6 2.6 0.0
v 0.2 1.8 0.0
v 0.2 2.6 0.0
v -0.2 1.8 0.0
v -0.2 2.6 0.0
v -0.6 1.8 0.0
v -0.6 2.6 0.0
v -1.0 1.8 0.0
v -1.0 2.6 0.0
v -1.4 1.8 0.0
v -1.4 2.6 0.0
v -1.8 1.8 0.0
v -1.8 2.6 0.0
v -2.2 1.8 0.0
v -2.2 2.6 0.0
v -2.6 1.8 0.0
v -2.6 2.6 0.0
v -3.0 1.8 0.0
v -3.0 2.6 0.0
v -3.4 1.8 0.0
v -3.4 2.6 0.0
v -3.8 1.8 0.0
v -3.8 2.6 0.0
v -4.2 1.8 0.0
v -4.2 2.6 0.0
v -4.6 1.8 0.0
v -4.6 2.6 0.0
v -5.0 1.8 0.0
v -5.0 2.6 0.0
v -4.2 -8.0 0.0
v -3.8 -8.0 0.0
v -4.2 -7.2 0.0
v -3.8 -7.2 0.0
v -3.4 -8.0 0.0
v -3.0 -8.0 0.0
v -3.4 -7.2 0.0
v -3.0 -7.2 0.0
v -2.6 -8.0 0.0
v -2.2 -8.0 0.0
v -2.6 -7.2 0.0
v -2.2 -7.2 0.0
v -1.8 -8.0 0.0
v -1.4 -8.0 0.0
v -1.8 -7.2 0.0
v -1.4 -7.2 0.0
v -1.0 -8.0 0.0
v -0.6 -8.0 0.0
v -1.0 -7.2 0.0
v -0.6 -7.2 0.0
v -0.2 -8.0 0.0
v 0.2 -8.0 0.0
v -0.2 -7.2 0.0
v 0.2 -7.2 0.0
v 0.6 -8.0 0.0
v 1.0 -8.0 0.0
v 0.6 -7.2 0.0
v 1.0 -7.2 0.0
v 1.4 -8.0 0.0
v 1.8 -8.0 0.0
v 1.4 -7.2 0.0
v 1.8 -7.2 0.0
v 2.2 -8.0 0.0
v 2.6 -8.0 0.0
v 2.2 -7.2 0.0
v 2.6 -7.2 0.0
v 3.0 -8.0 0.0
v 3.4 -8.0 0.0
v 3.0 -7.2 0.0
v 3.4 -7.2 0.0
v 3.8 -8.0 0.0
v 4.2 -8.0 0.0
v 3.8 -7.2 0.0
v 4.2 -7.2 0.0
v 4.6 -8.0 0.0
v 5.0 -8.0 0.0
v 4.6 -7.2 0.0
v 5.0 -7.2 0.0
v -5.5 -6.5 0.0
v -6.3 -6.5 0.0
v -5.5 -6.9 0.0
v -6.3 -6.9 0.0
v -5.5 -5.7 0.0
v -6.3 -5.7 0.0
v -5.5 -6.1 0.0
v -6.3 -6.1 0.0
v -5.5 -4.9 0.0
v -6.3 -4.9 0.0
v -5.5 -5.3 0.0
v -6.3 -5.3 0.0
v -5.5 -4.1 0.0
v -6.3 -4.1 0.0
v -5.5 -4.5 0.0
v -6.3 -4.5 0.0
v -5.5 -3.3 0.0
v -6.3 -3.3 0.0
v -5.5 -3.7 0.0
v -6.3 -3.7 0.0
v -5.5 -2.5 0.0
v -6.3 -2.5 0.0
v -5.5 -2.9 0.0
v -6.3 -2.9 0.0
v -5.5 -1.7 0.0
v -6.3 -1.7 0.0
v -5.5 -2.1 0.0
v -6.3 -2.1 0.0
v -5.5 -0.9 0.0
v -6.3 -0.9 0.0
v -5.5 -1.3 0.0
v -6.3 -1.3 0.0
v -5.5 -0.1 0.0
v -6.3 -0.1 0.0
v -5.5 -0.5 0.0
v -6.3 -0.5 0.0
v -5.5 0.7 0.0
v -6.3 0.7 0.0
v -5.5 0.3 0.0
v -6.3 0.3 0.0
v -5.5 1.5 0.0
v -6.3 1.5 0.0
v -5.5 1.1 0.0
v -6.3 1.1 0.0
newmtl 3
Ka 1.0 1.0 1.0
Kd 1.0 1.0 1.0
Ks 0.8784313725490196 0.8784313725490196 0.8784313725490196
d 0.0
endmtl
v -6.1 7.8 0.81
v -2.1 7.8 0.81
newmtl 4
Ka 0.25098039215686274 0.25098039215686274 0.25098039215686274
Kd 0.25098039215686274 0.25098039215686274 0.25098039215686274
Ks 0.2196078431372549 0.2196078431372549 0.2196078431372549
d 0.0
endmtl
v -6.1 2.9 0.81
v -5.8 2.9 0.81
v -5.8 7.5 0.81
v -4.45 7.5 0.81
v -4.45 2.9 0.81
v -4.15 2.9 0.81
v -4.15 7.5 0.81
v -2.4 7.5 0.81
v -2.4 5.0 0.81
v -0.05 5.0 0.81
v -0.05 7.5 0.81
v 1.7 7.5 0.81
v 1.7 5.0 0.81
v 4.05 5.0 0.81
v 4.05 7.5 0.81
v 5.8 7.5 0.81
v 5.8 3.5 0.81
v 6.1 3.5 0.81
v 6.1 7.8 0.81
v 3.748355 7.8 0.81
v 3.748355 5.3 0.81
v 1.998356 5.3 0.81
v 1.998356 7.8 0.81
v -0.35 7.8 0.81
v -0.35 5.3 0.81
v -2.1 5.3 0.81
v -5.88 2.65 0.79
v -5.883407 2.675882 0.79
v -5.893398 2.7 0.79
v -5.909289 2.720711 0.79
v -5.93 2.736603 0.79
v -5.954118 2.746593 0.79
v -5.98 2.75 0.79
v -6.005882 2.746593 0.79
v -6.03 2.736603 0.79
v -6.050711 2.720711 0.79
v -6.066603 2.7 0.79
v -6.076592 2.675882 0.79
v -6.08 2.65 0.79
v -6.076592 2.624118 0.79
v -6.066603 2.6 0.79
v -6.050711 2.579289 0.79
v -6.03 2.563397 0.79
v -6.005882 2.553407 0.79
v -5.98 2.55 0.79
v -5.954118 2.553407 0.79
v -5.93 2.563397 0.79
v -5.909289 2.579289 0.79
v -5.893398 2.6 0.79
v -5.883407 2.624118 0.79
v -5.98 2.65 0.79
v 1.439922 -6.274373 0.11
v 1.244801 -6.774373 0.11
newmtl 5
Ka 0.5019607843137255 0.5019607843137255 0.5019607843137255
Kd 0.5019607843137255 0.5019607843137255 0.5019607843137255
Ks 0.25098039215686274 0.25098039215686274 0.25098039215686274
d 0.0
endmtl
v 1.317971 -6.774373 0.11
v 1.368562 -6.634129 0.11
v 1.575117 -6.634129 0.11
v 1.622849 -6.774373 0.11
v 1.69602 -6.774373 0.11
v 1.506996 -6.274373 0.11
v 1.558253 -6.579251 0.11
v 1.391047 -6.579251 0.11
v 1.483653 -6.370409 0.11
v 1.478841 -6.353068 0.11
v 1.47565 -6.335348 0.11
v 1.474031 -6.335348 0.11
v 1.470768 -6.353015 0.11
v 1.466313 -6.370409 0.11
v 1.558253 -6.579251 0.1
v 1.391047 -6.579251 0.1
v 1.483653 -6.370409 0.1
v 1.478841 -6.353068 0.1
v 1.47565 -6.335348 0.1
v 1.474031 -6.335348 0.1
v 1.470768 -6.353015 0.1
v 1.466313 -6.370409 0.1
v 1.999088 -6.774373 0.11
v 2.135044 -6.774373 0.11
v 2.135044 -6.274373 0.11
v 1.993943 -6.274373 0.11
v 1.732605 -6.518085 0.11
v 1.736239 -6.471037 0.11
v 1.749668 -6.421774 0.11
v 1.772905 -6.378773 0.11
v 1.808263 -6.339567 0.11
v 1.808785 -6.339108 0.11
v 1.863206 -6.302637 0.11
v 1.921707 -6.282094 0.11
v 1.937222 -6.768972 0.11
v 1.879608 -6.7518 0.11
v 1.827401 -6.721461 0.11
v 1.786246 -6.682055 0.11
v 1.757573 -6.637334 0.11
v 1.739622 -6.584999 0.11
v 1.832969 -6.399366 0.11
v 1.857255 -6.373579 0.11
v 1.893777 -6.349985 0.11
v 1.935049 -6.335542 0.11
v 1.994229 -6.329251 0.11
v 2.067971 -6.329251 0.11
v 2.067971 -6.719495 0.11
v 1.996992 -6.719495 0.11
v 1.944241 -6.714585 0.11
v 1.902166 -6.701451 0.11
v 1.868066 -6.681203 0.11
v 1.840023 -6.653503 0.11
v 1.818934 -6.61903 0.11
v 1.804269 -6.57203 0.11
v 1.799679 -6.519514 0.11
v 1.803926 -6.469751 0.11
v 1.815598 -6.430204 0.11
v 1.994229 -6.329251 0.1
v 2.067971 -6.329251 0.1
v 1.935049 -6.335542 0.1
v 1.893777 -6.349985 0.1
v 1.857255 -6.373579 0.1
v 1.832969 -6.399366 0.1
v 1.815598 -6.430204 0.1
v 1.803926 -6.469751 0.1
v 1.799679 -6.519514 0.1
v 1.804269 -6.57203 0.1
v 1.818934 -6.61903 0.1
v 1.840023 -6.653503 0.1
v 1.868066 -6.681203 0.1
v 1.902166 -6.701451 0.1
v 1.944241 -6.714585 0.1
v 1.996992 -6.719495 0.1
v 2.067971 -6.719495 0.1
v 2.232605 -6.719495 0.11
v 2.232605 -6.774373 0.11
v 2.500898 -6.774373 0.11
v 2.500898 -6.274373 0.11
v 2.244801 -6.274373 0.11
v 2.244801 -6.329251 0.11
v 2.433825 -6.329251 0.11
v 2.433825 -6.493885 0.11
v 2.256995 -6.493885 0.11
v 2.256995 -6.548763 0.11
v 2.433825 -6.548763 0.11
v 2.433825 -6.719495 0.11
v 2.598459 -6.69358 0.11
v 2.598459 -6.748458 0.11
v 2.651756 -6.770342 0.11
v 2.736035 -6.78047 0.11
v 2.722364 -6.780236 0.11
v 2.97041 -6.533805 0.11
v 2.965575 -6.591711 0.11
v 2.950527 -6.644636 0.11
v 2.923891 -6.692179 0.11
v 2.886334 -6.731718 0.11
v 2.846115 -6.757401 0.11
v 2.797653 -6.774081 0.11
v 2.716123 -6.268275 0.11
v 2.766343 -6.272375 0.11
v 2.822083 -6.288568 0.11
v 2.869575 -6.315906 0.11
v 2.914716 -6.359319 0.11
v 2.944022 -6.406066 0.11
v 2.963218 -6.46272 0.11
v 2.598459 -6.288092 0.11
v 2.656267 -6.272406 0.11
v 2.598459 -6.355165 0.11
v 2.715551 -6.323153 0.11
v 2.654779 -6.331049 0.11
v 2.903337 -6.529708 0.11
v 2.900952 -6.490805 0.11
v 2.887624 -6.437279 0.11
v 2.867011 -6.398674 0.11
v 2.836817 -6.365341 0.11
v 2.80221 -6.342188 0.11
v 2.764786 -6.328682 0.11
v 2.726794 -6.725593 0.11
v 2.77343 -6.720361 0.11
v 2.809862 -6.706949 0.11
v 2.840548 -6.686266 0.11
v 2.864011 -6.661513 0.11
v 2.88469 -6.626843 0.11
v 2.898274 -6.583836 0.11
v 2.60742 -6.698544 0.11
v 2.660423 -6.718226 0.11
v 3.013093 -6.719495 0.11
v 3.013093 -6.774373 0.11
v 3.269191 -6.774373 0.11
v 3.269191 -6.274373 0.11
v 3.202117 -6.274373 0.11
v 3.202117 -6.719495 0.11
v 5.475 -7.68 1.1
v 5.475 -7.68 2.0
v -5.475 -7.68 1.1
v -5.475 -7.68 2.0
v -5.975 -7.18 1.1
v -5.975 -7.18 2.0
v -5.975 1.77 1.1
v -5.975 1.77 2.0
v -5.475 2.27 1.1
v -5.475 2.27 2.0
v 5.475 2.27 1.1
v 5.475 2.27 2.0
v 5.975 1.77 1.1
v 5.975 1.77 2.0
v 5.975 -7.18 1.1
v 5.975 -7.18 2.0
v 5.475 -7.18 2.5
v -4.11481 -5.781204 2.5
v -4.139786 -5.8415 2.5
v -4.179515 -5.893277 2.5
v -4.231292 -5.933006 2.5
v -5.475 -7.18 2.5
v -4.291587 -5.957981 2.5
v -4.356292 -5.9665 2.5
v -4.420997 -5.957981 2.5
v -4.481292 -5.933006 2.5
v -4.533069 -5.893277 2.5
v -4.572799 -5.8415 2.5
v -4.597773 -5.781204 2.5
v -4.606292 -5.7165 2.5
v -4.597773 -5.651795 2.5
v -5.475 1.77 2.5
v -4.572799 -5.5915 2.5
v -4.533069 -5.539723 2.5
v -4.481292 -5.499993 2.5
v -4.420997 -5.475018 2.5
v -4.179515 -5.539723 2.5
v -4.139786 -5.5915 2.5
v 5.475 1.77 2.5
v -4.11481 -5.651795 2.5
v -4.106292 -5.7165 2.5
v -4.356292 -5.4665 2.5
v -4.291587 -5.475018 2.5
v -4.231292 -5.499993 2.5
v -5.58626 2.257464 1.1
v -5.60441 2.252963 2.0
v -5.603833 2.251315 1.1
v -5.691942 2.220484 1.1
v -5.725 2.203013 2.0
v -5.723513 2.200647 1.1
v -5.786745 2.160916 1.1
v -5.828553 2.123553 2.0
v -5.82633 2.12133 1.1
v -5.865916 2.081745 1.1
v -5.908013 2.02 2.0
v -5.905647 2.018513 1.1
v -5.925485 1.986942 1.1
v -5.957963 1.89941 2.0
v -5.962464 1.88126 1.1
v -5.956315 1.898833 1.1
v -5.962464 -7.291261 1.1
v -5.957963 -7.309409 2.0
v -5.956315 -7.308833 1.1
v -5.925485 -7.396942 1.1
v -5.908013 -7.43 2.0
v -5.905647 -7.428514 1.1
v -5.865916 -7.491745 1.1
v -5.828553 -7.533554 2.0
v -5.82633 -7.531331 1.1
v -5.786745 -7.570916 1.1
v -5.725 -7.613013 2.0
v -5.723513 -7.610647 1.1
v -5.691942 -7.630485 1.1
v -5.60441 -7.662963 2.0
v -5.58626 -7.667464 1.1
v -5.603833 -7.661315 1.1
v -5.60441 1.77 2.482963
v -5.60441 -7.18 2.482963
v -5.725 1.77 2.433013
v -5.725 -7.18 2.433013
v -5.828553 1.77 2.353554
v -5.828553 -7.18 2.353554
v -5.908013 1.77 2.25
v -5.908013 -7.18 2.25
v -5.957963 1.77 2.12941
v -5.957963 -7.18 2.12941
v -5.941506 1.895 2.12941
v -5.691506 1.895 2.433013
v -5.587072 1.834705 2.482963
v -5.566506 1.861506 2.482963
v -5.475 1.89941 2.482963
v -5.508493 1.895 2.482963
v -5.6 1.803494 2.482963
v -5.716481 1.834705 2.433013
v -5.816506 1.861506 2.353554
v -5.651777 1.946777 2.433013
v -5.539705 1.882072 2.482963
v -5.6 1.986506 2.433013
v -5.539705 2.011482 2.433013
v -5.475 2.02 2.433013
v -5.781186 1.946777 2.353554
v -5.725 2.02 2.353554
v -5.651777 2.076186 2.353554
v -5.566506 2.111506 2.353554
v -5.475 2.123553 2.353554
v -5.893259 1.882072 2.25
v -5.85 1.986506 2.25
v -5.781186 2.076186 2.25
v -5.691506 2.145 2.25
v -5.587072 2.188258 2.25
v -5.475 2.203013 2.25
v -5.893259 2.011482 2.12941
v -5.816506 2.111506 2.12941
v -5.716481 2.188258 2.12941
v -5.6 2.236506 2.12941
v -5.475 2.252963 2.12941
v -5.475 -7.662963 2.12941
v -5.6 -7.646506 2.12941
v -5.6 -7.396506 2.433013
v -5.539705 -7.292072 2.482963
v -5.566506 -7.271506 2.482963
v -5.6 -7.213494 2.482963
v -5.508493 -7.305 2.482963
v -5.539705 -7.421482 2.433013
v -5.566506 -7.521506 2.353554
v -5.475 -7.309409 2.482963
v -5.651777 -7.356777 2.433013
v -5.587072 -7.244705 2.482963
v -5.691506 -7.305 2.433013
v -5.716481 -7.244705 2.433013
v -5.475 -7.43 2.433013
v -5.475 -7.533554 2.353554
v -5.475 -7.613013 2.25
v -5.651777 -7.486186 2.353554
v -5.725 -7.43 2.353554
v -5.781186 -7.356777 2.353554
v -5.816506 -7.271506 2.353554
v -5.587072 -7.598258 2.25
v -5.691506 -7.555 2.25
v -5.781186 -7.486186 2.25
v -5.85 -7.396506 2.25
v -5.893259 -7.292072 2.25
v -5.716481 -7.598258 2.12941
v -5.816506 -7.521506 2.12941
v -5.893259 -7.421482 2.12941
v -5.941506 -7.305 2.12941
v 5.475 1.89941 2.482963
v 5.475 2.02 2.433013
v 5.475 2.123553 2.353554
v 5.475 2.203013 2.25
v 5.475 2.252963 2.12941
v 5.962464 1.88126 1.1
v 5.957963 1.89941 2.0
v 5.956315 1.898833 1.1
v 5.925485 1.986942 1.1
v 5.908013 2.02 2.0
v 5.905647 2.018513 1.1
v 5.865916 2.081745 1.1
v 5.828553 2.123553 2.0
v 5.82633 2.12133 1.1
v 5.786745 2.160916 1.1
v 5.725 2.203013 2.0
v 5.723513 2.200647 1.1
v 5.691942 2.220484 1.1
v 5.60441 2.252963 2.0
v 5.58626 2.257464 1.1
v 5.603833 2.251315 1.1
v 5.58626 -7.667464 1.1
v 5.60441 -7.662963 2.0
v 5.603833 -7.661315 1.1
v 5.691942 -7.630485 1.1
v 5.725 -7.613013 2.0
v 5.723513 -7.610647 1.1
v 5.786745 -7.570916 1.1
v 5.828553 -7.533554 2.0
v 5.82633 -7.531331 1.1
v 5.865916 -7.491745 1.1
v 5.908013 -7.43 2.0
v 5.905647 -7.428514 1.1
v 5.925485 -7.396942 1.1
v 5.957963 -7.309409 2.0
v 5.962464 -7.291261 1.1
v 5.956315 -7.308833 1.1
v 5.475 -7.309409 2.482963
v 5.475 -7.43 2.433013
v 5.475 -7.533554 2.353554
v 5.475 -7.613013 2.25
v 5.475 -7.662963 2.12941
v 5.6 2.236506 2.12941
v 5.6 1.986506 2.433013
v 5.539705 1.882072 2.482963
v 5.566506 1.861506 2.482963
v 5.60441 1.77 2.482963
v 5.6 1.803494 2.482963
v 5.508493 1.895 2.482963
v 5.539705 2.011482 2.433013
v 5.566506 2.111506 2.353554
v 5.651777 1.946777 2.433013
v 5.587072 1.834705 2.482963
v 5.691506 1.895 2.433013
v 5.716481 1.834705 2.433013
v 5.725 1.77 2.433013
v 5.651777 2.076186 2.353554
v 5.725 2.02 2.353554
v 5.781186 1.946777 2.353554
v 5.816506 1.861506 2.353554
v 5.828553 1.77 2.353554
v 5.587072 2.188258 2.25
v 5.691506 2.145 2.25
v 5.781186 2.076186 2.25
v 5.85 1.986506 2.25
v 5.893259 1.882072 2.25
v 5.908013 1.77 2.25
v 5.716481 2.188258 2.12941
v 5.816506 2.111506 2.12941
v 5.893259 2.011482 2.12941
v 5.941506 1.895 2.12941
v 5.957963 1.77 2.12941
v 5.957963 -7.18 2.12941
v 5.941506 -7.305 2.12941
v 5.691506 -7.305 2.433013
v 5.587072 -7.244705 2.482963
v 5.566506 -7.271506 2.482963
v 5.508493 -7.305 2.482963
v 5.6 -7.213494 2.482963
v 5.716481 -7.244705 2.433013
v 5.816506 -7.271506 2.353554
v 5.60441 -7.18 2.482963
v 5.651777 -7.356777 2.433013
v 5.539705 -7.292072 2.482963
v 5.6 -7.396506 2.433013
v 5.539705 -7.421482 2.433013
v 5.725 -7.18 2.433013
v 5.828553 -7.18 2.353554
v 5.908013 -7.18 2.25
v 5.781186 -7.356777 2.353554
v 5.725 -7.43 2.353554
v 5.651777 -7.486186 2.353554
v 5.566506 -7.521506 2.353554
v 5.893259 -7.292072 2.25
v 5.85 -7.396506 2.25
v 5.781186 -7.486186 2.25
v 5.691506 -7.555 2.25
v 5.587072 -7.598258 2.25
v 5.893259 -7.421482 2.12941
v 5.816506 -7.521506 2.12941
v 5.716481 -7.598258 2.12941
v 5.6 -7.646506 2.12941
v 5.97243 -7.293535 1.022354
v 5.985222 -7.18 1.022354
v 5.934694 -7.401377 1.022354
v 5.873908 -7.498118 1.022354
v 5.793118 -7.578908 1.022354
v 5.696377 -7.639695 1.022354
v 5.475 -7.690222 1.022354
v 5.588535 -7.67743 1.022354
v 5.475 -7.720192 0.95
v 5.595204 -7.706649 0.95
v 5.709381 -7.666697 0.95
v 5.811804 -7.60234 0.95
v 5.897339 -7.516805 0.95
v 5.961697 -7.414381 0.95
v 6.001648 -7.300204 0.95
v 6.015192 -7.18 0.95
v 5.475 -7.767868 0.887868
v 5.605813 -7.753129 0.887868
v 5.730066 -7.709651 0.887868
v 5.841529 -7.639614 0.887868
v 5.934614 -7.54653 0.887868
v 6.004651 -7.435066 0.887868
v 6.048129 -7.310813 0.887868
v 6.062868 -7.18 0.887868
v 5.475 -7.829999 0.840192
v 5.619638 -7.813703 0.840192
v 5.757024 -7.76563 0.840192
v 5.880268 -7.68819 0.840192
v 5.983191 -7.585268 0.840192
v 6.06063 -7.462024 0.840192
v 6.108703 -7.324639 0.840192
v 6.125 -7.18 0.840192
v 5.475 -7.902354 0.810222
v 5.635739 -7.884243 0.810222
v 5.788418 -7.830819 0.810222
v 5.925381 -7.74476 0.810222
v 6.039759 -7.63038 0.810222
v 6.125819 -7.493418 0.810222
v 6.179243 -7.340739 0.810222
v 6.197354 -7.18 0.810222
v -5.475 -7.902354 0.810222
v -5.475 -7.829999 0.840192
v -5.475 -7.767868 0.887868
v -5.475 -7.720192 0.95
v -5.475 -7.690222 1.022354
v 6.197354 1.77 0.810222
v 6.125 1.77 0.840192
v 6.062868 1.77 0.887868
v 6.015192 1.77 0.95
v 5.985222 1.77 1.022354
v -5.588535 -7.67743 1.022354
v -5.696377 -7.639695 1.022354
v -5.793118 -7.578908 1.022354
v -5.873908 -7.498118 1.022354
v -5.934694 -7.401377 1.022354
v -5.985222 -7.18 1.022354
v -5.97243 -7.293535 1.022354
v -6.015192 -7.18 0.95
v -6.001648 -7.300204 0.95
v -5.961697 -7.414381 0.95
v -5.897339 -7.516805 0.95
v -5.811804 -7.60234 0.95
v -5.709381 -7.666697 0.95
v -5.595204 -7.706649 0.95
v -6.062868 -7.18 0.887868
v -6.048129 -7.310813 0.887868
v -6.004651 -7.435066 0.887868
v -5.934614 -7.54653 0.887868
v -5.841529 -7.639614 0.887868
v -5.730066 -7.709651 0.887868
v -5.605813 -7.753129 0.887868
v -6.125 -7.18 0.840192
v -6.108703 -7.324639 0.840192
v -6.06063 -7.462024 0.840192
v -5.983191 -7.585268 0.840192
v -5.880268 -7.68819 0.840192
v -5.757024 -7.76563 0.840192
v -5.619638 -7.813703 0.840192
v -6.197354 -7.18 0.810222
v -6.179243 -7.340739 0.810222
v -6.125819 -7.493418 0.810222
v -6.039759 -7.63038 0.810222
v -5.925381 -7.74476 0.810222
v -5.788418 -7.830819 0.810222
v -5.635739 -7.884243 0.810222
v 5.588535 2.26743 1.022354
v 5.475 2.280222 1.022354
v 5.696377 2.229694 1.022354
v 5.793118 2.168908 1.022354
v 5.873908 2.088118 1.022354
v 5.934694 1.991377 1.022354
v 5.97243 1.883535 1.022354
v 6.001648 1.890204 0.95
v 5.961697 2.004381 0.95
v 5.897339 2.106804 0.95
v 5.811804 2.192339 0.95
v 5.709381 2.256696 0.95
v 5.595204 2.296649 0.95
v 5.475 2.310192 0.95
v 6.048129 1.900813 0.887868
v 6.004651 2.025066 0.887868
v 5.934614 2.13653 0.887868
v 5.841529 2.229614 0.887868
v 5.730066 2.299651 0.887868
v 5.605813 2.343129 0.887868
v 5.475 2.357868 0.887868
v 6.108703 1.914639 0.840192
v 6.06063 2.052024 0.840192
v 5.983191 2.175268 0.840192
v 5.880268 2.278191 0.840192
v 5.757024 2.35563 0.840192
v 5.619638 2.403703 0.840192
v 5.475 2.42 0.840192
v 6.179243 1.930739 0.810222
v 6.125819 2.083418 0.810222
v 6.039759 2.220381 0.810222
v 5.925381 2.334759 0.810222
v 5.788418 2.420819 0.810222
v 5.635739 2.474243 0.810222
v 5.475 2.492354 0.810222
v -6.197354 1.77 0.810222
v -6.125 1.77 0.840192
v -6.062868 1.77 0.887868
v -6.015192 1.77 0.95
v -5.985222 1.77 1.022354
v -5.475 2.492354 0.810222
v -5.475 2.42 0.840192
v -5.475 2.357868 0.887868
v -5.475 2.310192 0.95
v -5.475 2.280222 1.022354
v -5.97243 1.883535 1.022354
v -5.934694 1.991377 1.022354
v -5.873908 2.088118 1.022354
v -5.793118 2.168908 1.022354
v -5.696377 2.229694 1.022354
v -5.588535 2.26743 1.022354
v -5.595204 2.296649 0.95
v -5.709381 2.256696 0.95
v -5.811804 2.192339 0.95
v -5.897339 2.106804 0.95
v -5.961697 2.004381 0.95
v -6.001648 1.890204 0.95
v -5.605813 2.343129 0.887868
v -5.730066 2.299651 0.887868
v -5.841529 2.229614 0.887868
v -5.934614 2.13653 0.887868
v -6.004651 2.025066 0.887868
v -6.048129 1.900813 0.887868
v -5.619638 2.403703 0.840192
v -5.757024 2.35563 0.840192
v -5.880268 2.278191 0.840192
v -5.983191 2.175268 0.840192
v -6.06063 2.052024 0.840192
v -6.108703 1.914639 0.840192
v -5.635739 2.474243 0.810222
v -5.788418 2.420819 0.810222
v -5.925381 2.334759 0.810222
v -6.039759 2.220381 0.810222
v -6.125819 2.083418 0.810222
v -6.179243 1.930739 0.810222
v -4.106292 -5.7165 1.0
v -4.11481 -5.651795 1.0
v -4.139786 -5.5915 1.0
v -4.179515 -5.539723 1.0
v -4.231292 -5.499993 1.0
v -4.291587 -5.475018 1.0
v -4.356292 -5.4665 1.0
v -4.420997 -5.475018 1.0
v -4.481292 -5.499993 1.0
v -4.533069 -5.539723 1.0
v -4.572799 -5.5915 1.0
v -4.597773 -5.651795 1.0
v -4.606292 -5.7165 1.0
v -4.597773 -5.781204 1.0
v -4.572799 -5.8415 1.0
v -4.533069 -5.893277 1.0
v -4.481292 -5.933006 1.0
v -4.420997 -5.957981 1.0
v -4.356292 -5.9665 1.0
v -4.291587 -5.957981 1.0
v -4.231292 -5.933006 1.0
v -4.179515 -5.893277 1.0
v -4.139786 -5.8415 1.0
v -4.11481 -5.781204 1.0
v -4.356292 -5.7165 1.0
usemtl 1
f 1// 2// 3//
f 3// 2// 4//
f 5// 6// 7//
f 7// 6// 8//
f 9// 10// 11//
f 10// 12// 11//
f 11// 12// 13//
f 11// 13// 14//
f 15// 16// 3//
f 3// 16// 17//
f 3// 17// 1//
f 1// 17// 18//
f 9// 19// 10//
f 10// 19// 20//
f 10// 20// 21//
f 22// 23// 24//
f 25// 26// 27//
f 27// 26// 22//
f 27// 22// 28//
f 28// 22// 29//
f 28// 29// 30//
f 30// 29// 31//
f 14// 32// 11//
f 11// 32// 33//
f 11// 33// 34//
f 34// 33// 1//
f 34// 1// 35//
f 35// 1// 18//
f 35// 18// 36//
f 36// 18// 37//
f 8// 29// 7//
f 7// 29// 22//
f 7// 22// 11//
f 11// 22// 24//
f 11// 24// 9//
f 21// 38// 10//
f 10// 38// 39//
f 10// 39// 40//
f 40// 39// 41//
f 33// 42// 1//
f 1// 42// 43//
f 1// 43// 44//
f 45// 46// 47//
f 45// 47// 48//
f 39// 49// 41//
f 41// 49// 50//
f 41// 50// 51//
f 50// 52// 51//
f 51// 52// 53//
f 51// 53// 54//
f 53// 55// 54//
f 54// 55// 56//
f 54// 56// 57//
f 43// 58// 44//
f 44// 58// 59//
f 44// 59// 60//
f 60// 61// 44//
f 44// 61// 62//
f 44// 62// 63//
f 46// 64// 47//
f 47// 64// 65//
f 47// 65// 66//
f 67// 68// 23//
f 23// 68// 69//
f 23// 69// 24//
f 24// 69// 70//
f 24// 70// 71//
f 72// 73// 74//
f 72// 74// 70//
f 70// 74// 75//
f 70// 75// 76//
f 63// 77// 44//
f 44// 77// 78//
f 44// 78// 47//
f 47// 78// 79//
f 47// 79// 48//
f 56// 80// 57//
f 57// 80// 81//
f 57// 81// 82//
f 82// 81// 83//
f 82// 83// 72//
f 72// 83// 84//
f 72// 84// 73//
f 76// 85// 70//
f 70// 85// 86//
f 70// 86// 71//
f 66// 87// 47//
f 47// 87// 88//
f 47// 88// 2//
f 2// 88// 72//
f 2// 72// 4//
f 4// 72// 70//
f 89// 90// 91//
f 92// 93// 94//
f 95// 96// 97//
f 98// 99// 100//
f 101// 102// 103//
f 104// 105// 106//
f 107// 108// 109//
f 110// 111// 112//
f 113// 114// 115//
f 116// 117// 118//
f 119// 120// 121//
f 120// 122// 121//
f 121// 122// 123//
f 121// 123// 124//
f 124// 123// 125//
f 124// 125// 126//
f 127// 126// 128//
f 128// 126// 119//
f 127// 129// 126//
f 126// 129// 130//
f 126// 130// 124//
f 131// 132// 133//
f 133// 132// 123//
f 133// 123// 134//
f 134// 123// 122//
f 134// 122// 135//
f 135// 122// 136//
f 137// 138// 139//
f 139// 138// 140//
f 139// 140// 141//
f 142// 143// 144//
f 144// 143// 145//
f 144// 145// 146//
f 147// 148// 144//
f 144// 148// 149//
f 150// 151// 152//
f 152// 151// 153//
f 149// 154// 144//
f 144// 154// 153//
f 144// 153// 155//
f 155// 153// 151//
f 121// 156// 119//
f 119// 156// 157//
f 119// 157// 128//
f 128// 157// 158//
f 128// 158// 144//
f 144// 158// 159//
f 144// 159// 142//
f 146// 160// 144//
f 144// 160// 161//
f 144// 161// 147//
f 162// 163// 164//
f 164// 163// 165//
f 164// 165// 166//
f 141// 167// 139//
f 139// 167// 168//
f 139// 168// 169//
f 169// 168// 170//
f 169// 170// 171//
f 170// 172// 171//
f 171// 172// 173//
f 171// 173// 164//
f 164// 173// 174//
f 164// 174// 162//
f 166// 175// 164//
f 164// 175// 176//
f 164// 176// 121//
f 121// 176// 177//
f 121// 177// 156//
f 130// 178// 179//
f 179// 178// 180//
f 179// 180// 181//
f 181// 180// 138//
f 181// 138// 182//
f 182// 138// 137//
f 182// 137// 183//
f 183// 137// 184//
f 185// 186// 187//
f 187// 186// 188//
f 188// 186// 189//
f 188// 189// 190//
f 190// 189// 191//
f 190// 191// 192//
f 192// 191// 193//
f 192// 193// 194//
f 195// 196// 197//
f 197// 196// 198//
f 197// 198// 186//
f 186// 198// 199//
f 186// 199// 189//
f 189// 199// 200//
f 189// 200// 191//
f 191// 200// 201//
f 191// 201// 202//
f 202// 201// 203//
f 195// 204// 205//
f 204// 195// 206//
f 206// 195// 197//
f 206// 197// 207//
f 207// 197// 208//
f 207// 208// 209//
f 209// 208// 210//
f 209// 210// 211//
f 211// 210// 212//
f 211// 212// 205//
f 205// 212// 202//
f 205// 202// 195//
f 195// 202// 203//
f 195// 203// 196//
f 213// 214// 208//
f 208// 214// 215//
f 208// 215// 210//
f 210// 215// 216//
f 210// 216// 212//
f 212// 216// 217//
f 212// 217// 218//
f 219// 220// 221//
f 221// 220// 222//
f 222// 220// 223//
f 222// 223// 224//
f 224// 223// 225//
f 224// 225// 226//
f 226// 225// 227//
f 226// 227// 228//
f 229// 230// 231//
f 231// 230// 225//
f 231// 225// 232//
f 232// 225// 223//
f 232// 223// 233//
f 233// 223// 220//
f 233// 220// 234//
f 234// 220// 235//
f 234// 235// 236//
f 236// 235// 237//
f 236// 237// 229//
f 229// 237// 230//
f 238// 239// 240//
f 240// 239// 241//
f 240// 241// 242//
f 242// 241// 243//
f 244// 245// 246//
f 246// 245// 247//
f 246// 247// 248//
f 248// 247// 249//
f 248// 249// 243//
f 243// 249// 250//
f 243// 250// 242//
f 244// 239// 245//
f 245// 239// 238//
f 245// 238// 251//
f 251// 238// 252//
f 251// 252// 235//
f 235// 252// 253//
f 235// 253// 237//
f 237// 253// 254//
f 237// 254// 230//
f 230// 254// 255//
f 230// 255// 250//
f 250// 255// 256//
f 250// 256// 242//
f 257// 258// 245//
f 245// 258// 259//
f 245// 259// 247//
f 247// 259// 260//
f 247// 260// 249//
f 249// 260// 261//
f 249// 261// 262//
f 263// 264// 265//
f 265// 264// 266//
f 265// 266// 267//
f 267// 266// 268//
f 267// 268// 269//
f 269// 268// 270//
f 269// 270// 271//
f 110// 272// 273//
f 273// 272// 274//
f 273// 274// 275//
f 275// 274// 276//
f 277// 278// 279//
f 279// 278// 280//
f 279// 280// 281//
f 281// 280// 282//
f 281// 282// 283//
f 283// 282// 268//
f 283// 268// 284//
f 284// 268// 266//
f 284// 266// 285//
f 285// 266// 264//
f 285// 264// 111//
f 286// 287// 288//
f 289// 290// 291//
f 291// 290// 292//
f 291// 292// 293//
f 293// 292// 294//
f 293// 294// 295//
f 296// 288// 289//
f 289// 288// 287//
f 289// 287// 290//
f 296// 289// 297//
f 297// 289// 291//
f 297// 291// 298//
f 298// 291// 299//
f 298// 299// 300//
f 300// 299// 301//
f 300// 301// 302//
f 302// 301// 181//
f 302// 181// 303//
f 304// 305// 179//
f 179// 305// 306//
f 305// 307// 306//
f 306// 307// 308//
f 306// 308// 309//
f 309// 308// 310//
f 309// 310// 299//
f 311// 304// 312//
f 312// 304// 179//
f 312// 179// 313//
f 313// 179// 181//
f 313// 181// 314//
f 314// 181// 301//
f 314// 301// 315//
f 315// 301// 299//
f 315// 299// 316//
f 316// 299// 310//
f 316// 310// 317//
f 317// 310// 311//
f 317// 311// 312//
f 318// 309// 319//
f 320// 321// 322//
f 322// 321// 179//
f 322// 179// 323//
f 323// 179// 306//
f 323// 306// 324//
f 324// 306// 309//
f 324// 309// 325//
f 325// 309// 318//
f 325// 318// 326//
f 326// 318// 327//
f 326// 327// 320//
f 320// 327// 328//
f 320// 328// 321//
f 321// 328// 329//
f 321// 329// 330//
f 330// 329// 331//
f 330// 331// 332//
f 332// 331// 333//
f 332// 333// 334//
f 334// 333// 335//
f 334// 335// 319//
f 319// 335// 336//
f 319// 336// 318//
f 337// 334// 338//
f 338// 334// 339//
f 338// 339// 340//
f 340// 339// 341//
f 340// 341// 342//
f 342// 341// 343//
f 342// 343// 344//
f 344// 343// 330//
f 344// 330// 345//
f 345// 330// 332//
f 345// 332// 337//
f 337// 332// 334//
f 346// 339// 347//
f 347// 339// 348//
f 347// 348// 349//
f 349// 348// 350//
f 349// 350// 351//
f 351// 350// 352//
f 351// 352// 353//
f 353// 352// 343//
f 353// 343// 354//
f 354// 343// 341//
f 354// 341// 346//
f 346// 341// 339//
f 355// 356// 357//
f 356// 355// 358//
f 358// 355// 359//
f 358// 359// 360//
f 360// 359// 361//
f 360// 361// 362//
f 362// 361// 363//
f 362// 363// 364//
f 364// 363// 365//
f 364// 365// 357//
f 357// 365// 366//
f 357// 366// 355//
f 367// 361// 368//
f 368// 361// 369//
f 368// 369// 370//
f 370// 369// 371//
f 370// 371// 372//
f 372// 371// 373//
f 372// 373// 374//
f 374// 373// 365//
f 374// 365// 375//
f 375// 365// 363//
f 375// 363// 367//
f 367// 363// 361//
f 376// 369// 377//
f 377// 369// 378//
f 377// 378// 379//
f 379// 378// 380//
f 379// 380// 381//
f 381// 380// 382//
f 381// 382// 383//
f 383// 382// 373//
f 383// 373// 384//
f 384// 373// 371//
f 384// 371// 376//
f 376// 371// 369//
f 385// 378// 386//
f 386// 378// 387//
f 386// 387// 388//
f 388// 387// 389//
f 388// 389// 390//
f 390// 389// 391//
f 390// 391// 392//
f 392// 391// 382//
f 392// 382// 393//
f 393// 382// 380//
f 393// 380// 385//
f 385// 380// 378//
f 185// 394// 395//
f 396// 397// 398//
f 399// 400// 401//
f 395// 394// 402//
f 402// 394// 403//
f 402// 403// 401//
f 401// 403// 404//
f 401// 404// 399//
f 405// 398// 399//
f 399// 398// 397//
f 399// 397// 400//
f 406// 407// 408//
f 409// 410// 411//
f 412// 408// 409//
f 409// 408// 407//
f 409// 407// 410//
f 413// 414// 93//
f 93// 414// 415//
f 415// 414// 416//
f 415// 416// 417//
f 418// 419// 417//
f 417// 419// 420//
f 417// 420// 415//
f 405// 399// 421//
f 421// 399// 404//
f 421// 404// 411//
f 411// 404// 419//
f 411// 419// 409//
f 409// 419// 418//
f 409// 418// 412//
f 422// 423// 424//
f 423// 422// 425//
f 425// 422// 94//
f 425// 94// 426//
f 426// 94// 93//
f 426// 93// 427//
f 427// 93// 415//
f 427// 415// 428//
f 428// 415// 420//
f 428// 420// 424//
f 424// 420// 429//
f 424// 429// 422//
f 430// 431// 432//
f 433// 434// 435//
f 435// 434// 436//
f 436// 434// 437//
f 436// 437// 438//
f 438// 437// 439//
f 438// 439// 440//
f 441// 442// 440//
f 440// 442// 443//
f 440// 443// 438//
f 444// 445// 446//
f 445// 444// 447//
f 447// 444// 448//
f 447// 448// 449//
f 449// 448// 436//
f 449// 436// 450//
f 450// 436// 438//
f 450// 438// 451//
f 451// 438// 443//
f 451// 443// 446//
f 446// 443// 452//
f 446// 452// 444//
f 453// 454// 455//
f 455// 454// 456//
f 457// 458// 456//
f 456// 458// 459//
f 456// 459// 455//
f 460// 453// 461//
f 461// 462// 460//
f 460// 462// 463//
f 460// 463// 464//
f 464// 463// 465//
f 464// 465// 457//
f 457// 465// 466//
f 457// 466// 458//
f 458// 466// 467//
f 458// 467// 452//
f 452// 467// 468//
f 452// 468// 444//
f 444// 468// 469//
f 444// 469// 448//
f 448// 469// 470//
f 448// 470// 462//
f 462// 470// 471//
f 462// 471// 463//
f 472// 473// 461//
f 453// 455// 461//
f 461// 455// 474//
f 461// 474// 472//
f 475// 476// 477//
f 478// 459// 477//
f 477// 459// 479//
f 477// 479// 475//
f 480// 473// 481//
f 481// 473// 472//
f 481// 472// 482//
f 482// 472// 483//
f 482// 483// 478//
f 478// 483// 484//
f 478// 484// 459//
f 459// 484// 485//
f 459// 485// 455//
f 455// 485// 486//
f 455// 486// 474//
f 294// 487// 295//
f 295// 487// 488//
f 295// 488// 489//
f 489// 488// 490//
f 490// 488// 491//
f 490// 491// 492//
f 492// 491// 493//
f 492// 493// 494//
f 494// 493// 495//
f 494// 495// 496//
f 496// 495// 497//
f 496// 497// 498//
f 498// 497// 499//
f 498// 499// 500//
f 500// 499// 501//
f 500// 501// 502//
f 502// 501// 503//
f 502// 503// 504//
f 504// 503// 505//
f 504// 505// 506//
f 507// 508// 509//
f 509// 508// 493//
f 493// 508// 510//
f 493// 510// 495//
f 495// 510// 511//
f 495// 511// 497//
f 497// 511// 512//
f 497// 512// 513//
f 514// 515// 516//
f 516// 515// 517//
f 517// 515// 518//
f 517// 518// 519//
f 519// 518// 520//
f 519// 520// 521//
f 521// 520// 522//
f 521// 522// 523//
f 524// 515// 525//
f 526// 520// 527//
f 527// 520// 518//
f 527// 518// 528//
f 528// 518// 515//
f 528// 515// 529//
f 529// 515// 524//
f 529// 524// 530//
f 530// 524// 531//
f 530// 531// 532//
f 532// 531// 533//
f 526// 532// 520//
f 520// 532// 533//
f 520// 533// 534//
f 534// 533// 535//
f 534// 535// 536//
f 536// 535// 537//
f 536// 537// 538//
f 538// 537// 539//
f 538// 539// 540//
f 540// 539// 541//
f 540// 541// 525//
f 525// 541// 542//
f 525// 542// 524//
f 543// 544// 545//
f 545// 544// 536//
f 545// 536// 546//
f 546// 536// 538//
f 546// 538// 547//
f 547// 538// 540//
f 547// 540// 548//
f 548// 540// 549//
f 548// 549// 550//
f 550// 549// 551//
f 550// 551// 543//
f 543// 551// 544//
f 552// 553// 554//
f 554// 553// 549//
f 549// 553// 555//
f 549// 555// 551//
f 551// 555// 556//
f 551// 556// 544//
f 544// 556// 557//
f 544// 557// 558//
f 559// 560// 561//
f 561// 560// 562//
f 562// 560// 563//
f 562// 563// 564//
f 564// 563// 565//
f 564// 565// 566//
f 566// 565// 567//
f 566// 567// 568//
f 569// 570// 571//
f 570// 569// 572//
f 572// 569// 573//
f 572// 573// 574//
f 574// 573// 565//
f 574// 565// 575//
f 575// 565// 563//
f 575// 563// 576//
f 576// 563// 560//
f 576// 560// 571//
f 571// 560// 577//
f 571// 577// 569//
f 578// 579// 580//
f 580// 579// 573//
f 580// 573// 581//
f 581// 573// 569//
f 581// 569// 582//
f 582// 569// 577//
f 582// 577// 583//
f 583// 577// 584//
f 583// 584// 585//
f 585// 584// 586//
f 585// 586// 578//
f 578// 586// 579//
f 587// 473// 475//
f 475// 473// 480//
f 475// 480// 476//
f 588// 589// 590//
f 591// 592// 593//
f 594// 595// 596//
f 596// 595// 597//
f 596// 597// 598//
f 598// 597// 599//
f 598// 599// 600//
f 600// 599// 601//
f 602// 603// 604//
f 604// 603// 605//
f 604// 605// 606//
f 606// 605// 607//
f 606// 607// 608//
f 608// 607// 609//
f 608// 609// 610//
f 611// 612// 613//
f 614// 615// 613//
f 613// 615// 616//
f 613// 616// 611//
f 617// 618// 619//
f 620// 621// 622//
f 623// 624// 625//
f 612// 611// 626//
f 626// 611// 627//
f 626// 627// 624//
f 628// 629// 610//
f 630// 619// 614//
f 614// 619// 618//
f 614// 618// 615//
f 610// 629// 608//
f 608// 629// 631//
f 608// 631// 606//
f 606// 631// 632//
f 606// 632// 604//
f 604// 632// 633//
f 604// 633// 634//
f 634// 633// 635//
f 634// 635// 636//
f 637// 274// 638//
f 638// 274// 272//
f 638// 272// 639//
f 639// 272// 391//
f 639// 391// 640//
f 640// 391// 389//
f 640// 389// 641//
f 641// 389// 387//
f 641// 387// 642//
f 642// 387// 643//
f 642// 643// 637//
f 106// 105// 644//
f 644// 105// 645//
f 644// 645// 646//
f 646// 645// 647//
f 646// 647// 648//
f 648// 647// 649//
f 648// 649// 650//
f 650// 649// 651//
f 650// 651// 652//
f 104// 653// 654//
f 654// 653// 655//
f 654// 655// 656//
f 656// 655// 657//
f 656// 657// 658//
f 658// 657// 659//
f 658// 659// 660//
f 660// 659// 661//
f 660// 661// 662//
f 662// 661// 663//
f 662// 663// 652//
f 652// 663// 664//
f 652// 664// 650//
f 665// 666// 667//
f 667// 666// 668//
f 667// 668// 669//
f 669// 668// 670//
f 670// 668// 671//
f 670// 671// 672//
f 672// 671// 673//
f 672// 673// 674//
f 674// 673// 675//
f 674// 675// 676//
f 677// 678// 679//
f 679// 678// 680//
f 680// 678// 681//
f 680// 681// 682//
f 682// 681// 683//
f 682// 683// 684//
f 685// 686// 687//
f 687// 686// 92//
f 687// 92// 688//
f 667// 689// 665//
f 665// 689// 688//
f 665// 688// 690//
f 690// 688// 92//
f 102// 101// 691//
f 691// 101// 675//
f 691// 675// 692//
f 692// 675// 673//
f 692// 673// 693//
f 693// 673// 671//
f 693// 671// 694//
f 694// 671// 668//
f 694// 668// 695//
f 695// 668// 666//
f 695// 666// 696//
f 696// 666// 697//
f 696// 697// 698//
f 104// 106// 653//
f 653// 106// 699//
f 653// 699// 698//
f 698// 699// 700//
f 698// 700// 696//
f 602// 701// 702//
f 701// 602// 703//
f 703// 602// 604//
f 703// 604// 704//
f 704// 604// 705//
f 704// 705// 706//
f 706// 705// 707//
f 706// 707// 708//
f 708// 707// 648//
f 708// 648// 709//
f 709// 648// 650//
f 709// 650// 710//
f 710// 650// 664//
f 710// 664// 711//
f 711// 664// 712//
f 711// 712// 713//
f 713// 712// 714//
f 713// 714// 702//
f 702// 714// 595//
f 702// 595// 602//
f 602// 595// 594//
f 602// 594// 603//
f 715// 716// 675//
f 675// 716// 717//
f 675// 717// 676//
f 676// 717// 718//
f 676// 718// 719//
f 719// 718// 720//
f 719// 720// 721//
f 721// 720// 722//
f 624// 623// 626//
f 626// 623// 723//
f 626// 723// 612//
f 612// 723// 724//
f 612// 724// 725//
f 725// 724// 726//
f 725// 726// 715//
f 715// 726// 727//
f 715// 727// 716//
f 622// 621// 728//
f 728// 621// 729//
f 728// 729// 730//
f 730// 729// 731//
f 730// 731// 732//
f 732// 731// 733//
f 732// 733// 625//
f 625// 733// 98//
f 625// 98// 623//
f 623// 98// 100//
f 623// 100// 723//
f 99// 98// 734//
f 734// 98// 733//
f 734// 733// 735//
f 735// 733// 736//
f 735// 736// 737//
f 737// 736// 738//
f 737// 738// 739//
f 739// 738// 677//
f 739// 677// 740//
f 716// 741// 717//
f 717// 741// 742//
f 717// 742// 718//
f 718// 742// 740//
f 718// 740// 720//
f 720// 740// 677//
f 720// 677// 722//
f 722// 677// 679//
f 96// 95// 743//
f 743// 95// 612//
f 743// 612// 744//
f 744// 612// 725//
f 744// 725// 745//
f 745// 725// 715//
f 745// 715// 746//
f 746// 715// 675//
f 746// 675// 747//
f 747// 675// 101//
f 747// 101// 748//
f 748// 101// 103//
f 748// 103// 648//
f 648// 103// 749//
f 648// 749// 646//
f 646// 749// 750//
f 646// 750// 644//
f 644// 750// 751//
f 644// 751// 106//
f 106// 751// 752//
f 106// 752// 699//
f 630// 614// 753//
f 753// 614// 613//
f 753// 613// 754//
f 754// 613// 612//
f 754// 612// 636//
f 636// 612// 95//
f 636// 95// 634//
f 634// 95// 97//
f 634// 97// 604//
f 604// 97// 755//
f 604// 755// 705//
f 705// 755// 756//
f 705// 756// 707//
f 707// 756// 757//
f 707// 757// 648//
f 648// 757// 758//
f 648// 758// 748//
f 748// 758// 759//
f 748// 759// 747//
f 760// 590// 591//
f 591// 590// 589//
f 591// 589// 592//
f 761// 762// 763//
f 763// 762// 764//
f 764// 762// 765//
f 764// 765// 766//
f 767// 768// 766//
f 766// 768// 769//
f 766// 769// 764//
f 587// 475// 770//
f 770// 475// 479//
f 770// 479// 593//
f 593// 479// 768//
f 593// 768// 591//
f 591// 768// 767//
f 591// 767// 760//
f 771// 772// 763//
f 763// 772// 584//
f 584// 772// 773//
f 584// 773// 586//
f 586// 773// 774//
f 586// 774// 579//
f 579// 774// 775//
f 579// 775// 776//
f 777// 778// 779//
f 779// 778// 780//
f 779// 780// 781//
f 781// 780// 782//
f 782// 780// 783//
f 782// 783// 784//
f 785// 786// 787//
f 787// 786// 94//
f 787// 94// 788//
f 788// 94// 422//
f 788// 422// 789//
f 789// 422// 429//
f 789// 429// 432//
f 432// 429// 790//
f 432// 790// 430//
f 430// 790// 442//
f 430// 442// 791//
f 791// 442// 441//
f 791// 441// 433//
f 792// 793// 794//
f 794// 793// 795//
f 794// 795// 796//
f 796// 795// 797//
f 797// 795// 798//
f 797// 798// 799//
f 783// 777// 784//
f 784// 777// 779//
f 784// 779// 193//
f 193// 779// 800//
f 193// 800// 194//
f 194// 800// 801//
f 781// 403// 779//
f 779// 403// 394//
f 779// 394// 800//
f 800// 394// 185//
f 800// 185// 801//
f 801// 185// 187//
f 433// 435// 791//
f 791// 435// 786//
f 791// 786// 430//
f 430// 786// 785//
f 430// 785// 431//
f 769// 797// 764//
f 764// 797// 799//
f 764// 799// 763//
f 763// 799// 802//
f 763// 802// 771//
f 771// 802// 803//
f 798// 792// 799//
f 799// 792// 794//
f 799// 794// 802//
f 802// 794// 776//
f 802// 776// 803//
f 803// 776// 775//
f 92// 94// 690//
f 690// 94// 786//
f 690// 786// 665//
f 665// 786// 435//
f 665// 435// 666//
f 666// 435// 436//
f 666// 436// 697//
f 697// 436// 448//
f 697// 448// 698//
f 698// 448// 462//
f 698// 462// 653//
f 653// 462// 461//
f 653// 461// 655//
f 655// 461// 473//
f 655// 473// 657//
f 412// 413// 408//
f 408// 413// 93//
f 408// 93// 804//
f 804// 93// 92//
f 804// 92// 683//
f 683// 92// 686//
f 683// 686// 684//
f 684// 686// 685//
f 217// 116// 218//
f 218// 116// 118//
f 218// 118// 227//
f 227// 118// 805//
f 227// 805// 228//
f 228// 805// 806//
f 117// 214// 118//
f 118// 214// 213//
f 118// 213// 805//
f 805// 213// 219//
f 805// 219// 806//
f 806// 219// 221//
f 561// 807// 559//
f 559// 807// 808//
f 559// 808// 554//
f 554// 808// 809//
f 554// 809// 552//
f 552// 809// 810//
f 807// 568// 808//
f 808// 568// 567//
f 808// 567// 809//
f 809// 567// 558//
f 809// 558// 810//
f 810// 558// 557//
f 261// 113// 262//
f 262// 113// 115//
f 262// 115// 270//
f 270// 115// 811//
f 270// 811// 271//
f 271// 811// 812//
f 114// 258// 115//
f 115// 258// 257//
f 115// 257// 811//
f 811// 257// 813//
f 811// 813// 812//
f 812// 813// 263//
f 395// 396// 185//
f 185// 396// 398//
f 185// 398// 186//
f 186// 398// 814//
f 186// 814// 197//
f 197// 814// 815//
f 197// 815// 208//
f 208// 815// 816//
f 208// 816// 213//
f 213// 816// 817//
f 213// 817// 219//
f 219// 817// 818//
f 219// 818// 220//
f 220// 818// 819//
f 220// 819// 235//
f 235// 819// 820//
f 235// 820// 251//
f 251// 820// 821//
f 251// 821// 245//
f 245// 821// 822//
f 245// 822// 257//
f 257// 822// 823//
f 257// 823// 813//
f 813// 823// 824//
f 405// 406// 398//
f 398// 406// 408//
f 398// 408// 814//
f 814// 408// 804//
f 814// 804// 815//
f 815// 804// 683//
f 815// 683// 816//
f 816// 683// 681//
f 816// 681// 817//
f 817// 681// 678//
f 817// 678// 818//
f 818// 678// 677//
f 818// 677// 819//
f 819// 677// 738//
f 819// 738// 820//
f 820// 738// 736//
f 820// 736// 821//
f 821// 736// 733//
f 821// 733// 822//
f 822// 733// 731//
f 822// 731// 823//
f 823// 731// 729//
f 823// 729// 824//
f 824// 729// 621//
f 516// 825// 514//
f 514// 825// 826//
f 514// 826// 509//
f 509// 826// 827//
f 509// 827// 507//
f 507// 827// 828//
f 825// 523// 826//
f 826// 523// 522//
f 826// 522// 827//
f 827// 522// 513//
f 827// 513// 828//
f 828// 513// 512//
f 263// 813// 264//
f 264// 813// 824//
f 264// 824// 829//
f 829// 824// 621//
f 829// 621// 830//
f 830// 621// 620//
f 830// 620// 831//
f 831// 620// 832//
f 831// 832// 833//
f 833// 832// 834//
f 833// 834// 835//
f 609// 107// 610//
f 610// 107// 109//
f 610// 109// 836//
f 836// 109// 121//
f 108// 600// 109//
f 109// 600// 601//
f 109// 601// 121//
f 121// 601// 183//
f 121// 183// 164//
f 164// 183// 184//
f 111// 264// 112//
f 112// 264// 829//
f 112// 829// 837//
f 837// 829// 830//
f 837// 830// 838//
f 838// 830// 831//
f 838// 831// 839//
f 839// 831// 833//
f 839// 833// 840//
f 840// 833// 835//
f 840// 835// 841//
f 630// 842// 619//
f 619// 842// 843//
f 619// 843// 844//
f 844// 843// 845//
f 844// 845// 846//
f 846// 845// 847//
f 843// 848// 845//
f 845// 848// 849//
f 845// 849// 847//
f 847// 849// 850//
f 842// 851// 843//
f 843// 851// 628//
f 843// 628// 848//
f 848// 628// 610//
f 848// 610// 849//
f 849// 610// 836//
f 849// 836// 850//
f 850// 836// 852//
f 853// 854// 124//
f 124// 852// 853//
f 853// 852// 855//
f 853// 855// 856//
f 856// 855// 857//
f 858// 859// 854//
f 854// 859// 860//
f 854// 860// 861//
f 861// 862// 854//
f 854// 862// 863//
f 854// 863// 124//
f 124// 863// 864//
f 124// 864// 121//
f 121// 864// 865//
f 121// 865// 866//
f 867// 868// 869//
f 869// 868// 870//
f 866// 867// 121//
f 121// 867// 869//
f 121// 869// 836//
f 836// 869// 871//
f 836// 871// 852//
f 852// 871// 872//
f 852// 872// 855//
f 870// 873// 869//
f 869// 873// 874//
f 869// 874// 875//
f 875// 876// 869//
f 869// 876// 877//
f 869// 877// 854//
f 854// 877// 878//
f 854// 878// 858//
f 110// 112// 272//
f 272// 112// 837//
f 272// 837// 391//
f 391// 837// 838//
f 391// 838// 382//
f 382// 838// 839//
f 382// 839// 373//
f 373// 839// 840//
f 373// 840// 365//
f 365// 840// 841//
f 365// 841// 366//
f 130// 179// 124//
f 124// 179// 321//
f 124// 321// 852//
f 852// 321// 330//
f 852// 330// 850//
f 850// 330// 343//
f 850// 343// 847//
f 847// 343// 352//
f 847// 352// 846//
f 587// 588// 473//
f 473// 588// 590//
f 473// 590// 657//
f 657// 590// 879//
f 657// 879// 659//
f 659// 879// 880//
f 659// 880// 661//
f 661// 880// 881//
f 661// 881// 663//
f 663// 881// 882//
f 663// 882// 664//
f 664// 882// 883//
f 664// 883// 712//
f 712// 883// 884//
f 712// 884// 714//
f 714// 884// 885//
f 714// 885// 595//
f 595// 885// 886//
f 595// 886// 597//
f 597// 886// 887//
f 597// 887// 599//
f 599// 887// 888//
f 599// 888// 601//
f 601// 888// 889//
f 601// 889// 183//
f 183// 889// 890//
f 183// 890// 182//
f 182// 890// 891//
f 182// 891// 181//
f 181// 891// 288//
f 181// 288// 303//
f 303// 288// 296//
f 760// 761// 590//
f 590// 761// 763//
f 590// 763// 879//
f 879// 763// 584//
f 879// 584// 880//
f 880// 584// 577//
f 880// 577// 881//
f 881// 577// 560//
f 881// 560// 882//
f 882// 560// 559//
f 882// 559// 883//
f 883// 559// 554//
f 883// 554// 884//
f 884// 554// 549//
f 884// 549// 885//
f 885// 549// 540//
f 885// 540// 886//
f 886// 540// 525//
f 886// 525// 887//
f 887// 525// 515//
f 887// 515// 888//
f 888// 515// 514//
f 888// 514// 889//
f 889// 514// 509//
f 889// 509// 890//
f 890// 509// 493//
f 890// 493// 891//
f 891// 493// 491//
f 891// 491// 288//
f 288// 491// 488//
f 288// 488// 286//
f 286// 488// 487//
f 276// 892// 893//
f 894// 91// 895//
f 895// 91// 90//
f 895// 90// 893//
f 893// 90// 278//
f 893// 278// 276//
f 276// 278// 277//
f 276// 277// 275//
f 637// 643// 274//
f 274// 643// 91//
f 274// 91// 276//
f 276// 91// 894//
f 276// 894// 892//
f 622// 896// 620//
f 620// 896// 897//
f 620// 897// 832//
f 832// 897// 617//
f 832// 617// 834//
f 834// 617// 619//
f 834// 619// 835//
f 835// 619// 844//
f 835// 844// 841//
f 841// 844// 846//
f 841// 846// 366//
f 366// 846// 352//
f 366// 352// 355//
f 355// 352// 350//
f 355// 350// 359//
f 359// 350// 348//
f 489// 506// 295//
f 295// 506// 505//
f 295// 505// 293//
f 293// 505// 898//
f 899// 505// 900//
f 900// 505// 503//
f 900// 503// 901//
f 901// 503// 902//
f 901// 902// 903//
f 903// 902// 898//
f 903// 898// 899//
f 899// 898// 505//
f 89// 91// 904//
f 904// 91// 643//
f 904// 643// 905//
f 905// 643// 387//
f 905// 387// 906//
f 906// 387// 378//
f 906// 378// 907//
f 907// 378// 369//
f 907// 369// 908//
f 908// 369// 361//
f 908// 361// 909//
f 909// 361// 359//
f 909// 359// 910//
f 910// 359// 348//
f 910// 348// 911//
f 911// 348// 339//
f 911// 339// 912//
f 912// 339// 334//
f 912// 334// 913//
f 913// 334// 319//
f 913// 319// 914//
f 914// 319// 309//
f 914// 309// 915//
f 915// 309// 299//
f 915// 299// 916//
f 916// 299// 291//
f 916// 291// 917//
f 917// 291// 293//
f 917// 293// 918//
f 918// 293// 898//
f 918// 898// 919//
f 919// 898// 902//
f 919// 902// 920//
f 796// 921// 794//
f 794// 921// 922//
f 794// 922// 776//
f 776// 922// 923//
f 776// 923// 579//
f 579// 923// 924//
f 579// 924// 573//
f 573// 924// 925//
f 573// 925// 565//
f 565// 925// 926//
f 565// 926// 567//
f 567// 926// 927//
f 567// 927// 558//
f 558// 927// 928//
f 558// 928// 544//
f 544// 928// 929//
f 544// 929// 536//
f 536// 929// 930//
f 536// 930// 534//
f 534// 930// 931//
f 534// 931// 520//
f 520// 931// 932//
f 520// 932// 522//
f 522// 932// 933//
f 522// 933// 513//
f 513// 933// 934//
f 513// 934// 497//
f 497// 934// 935//
f 497// 935// 499//
f 499// 935// 936//
f 499// 936// 501//
f 501// 936// 937//
f 501// 937// 503//
f 503// 937// 938//
f 503// 938// 902//
f 902// 938// 939//
f 902// 939// 920//
f 920// 939// 940//
f 1// 44// 921//
f 921// 44// 940//
f 2// 1// 782//
f 782// 1// 921//
f 47// 2// 89//
f 89// 2// 782//
f 44// 47// 940//
f 940// 47// 89//
usemtl 2
f 941// 942// 793//
f 793// 942// 795//
f 943// 941// 792//
f 792// 941// 793//
f 944// 943// 798//
f 798// 943// 792//
f 942// 944// 795//
f 795// 944// 798//
f 943// 944// 941//
f 941// 944// 942//
f 945// 946// 775//
f 775// 946// 803//
f 773// 947// 774//
f 774// 947// 945//
f 774// 945// 775//
f 948// 947// 772//
f 772// 947// 773//
f 803// 946// 771//
f 771// 946// 948//
f 771// 948// 772//
f 947// 948// 945//
f 945// 948// 946//
f 762// 949// 765//
f 765// 949// 950//
f 765// 950// 766//
f 951// 949// 761//
f 761// 949// 762//
f 767// 952// 760//
f 760// 952// 951//
f 760// 951// 761//
f 950// 952// 766//
f 766// 952// 767//
f 951// 952// 949//
f 949// 952// 950//
f 743// 744// 953//
f 953// 744// 745//
f 953// 745// 954//
f 954// 745// 746//
f 759// 758// 955//
f 759// 955// 747//
f 747// 955// 954//
f 747// 954// 746//
f 758// 757// 955//
f 955// 757// 756//
f 955// 756// 956//
f 956// 756// 755//
f 755// 97// 956//
f 956// 97// 96//
f 956// 96// 953//
f 953// 96// 743//
f 955// 956// 954//
f 954// 956// 953//
f 734// 735// 957//
f 957// 735// 737//
f 957// 737// 958//
f 958// 737// 739//
f 739// 740// 958//
f 958// 740// 742//
f 958// 742// 959//
f 959// 742// 741//
f 959// 741// 716//
f 716// 727// 959//
f 959// 727// 726//
f 959// 726// 960//
f 960// 726// 724//
f 724// 723// 960//
f 960// 723// 100//
f 960// 100// 957//
f 957// 100// 99//
f 957// 99// 734//
f 959// 960// 958//
f 958// 960// 957//
f 706// 708// 961//
f 706// 961// 704//
f 704// 961// 962//
f 704// 962// 703//
f 710// 963// 709//
f 709// 963// 961//
f 709// 961// 708//
f 710// 711// 963//
f 963// 711// 713//
f 963// 713// 964//
f 964// 713// 702//
f 703// 962// 701//
f 701// 962// 964//
f 701// 964// 702//
f 963// 964// 961//
f 961// 964// 962//
f 691// 692// 965//
f 965// 692// 693//
f 965// 693// 966//
f 966// 693// 694//
f 966// 694// 695//
f 695// 696// 966//
f 966// 696// 700//
f 966// 700// 967//
f 967// 700// 699//
f 699// 752// 967//
f 967// 752// 751//
f 967// 751// 968//
f 968// 751// 750//
f 968// 750// 749//
f 102// 691// 965//
f 102// 965// 103//
f 103// 965// 968//
f 103// 968// 749//
f 967// 968// 966//
f 966// 968// 965//
f 969// 722// 679//
f 969// 679// 970//
f 970// 679// 680//
f 970// 680// 682//
f 971// 687// 688//
f 971// 688// 972//
f 972// 688// 689//
f 972// 689// 667//
f 667// 669// 972//
f 972// 669// 670//
f 972// 670// 973//
f 973// 670// 672//
f 973// 672// 674//
f 674// 676// 973//
f 973// 676// 719//
f 973// 719// 969//
f 969// 719// 721//
f 969// 721// 722//
f 969// 970// 973//
f 973// 970// 971//
f 973// 971// 972//
f 649// 647// 974//
f 974// 647// 645//
f 974// 645// 975//
f 975// 645// 105//
f 975// 105// 104//
f 656// 976// 654//
f 654// 976// 975//
f 654// 975// 104//
f 656// 658// 976//
f 976// 658// 660//
f 976// 660// 977//
f 977// 660// 662//
f 977// 662// 652//
f 649// 974// 651//
f 651// 974// 977//
f 651// 977// 652//
f 976// 977// 975//
f 975// 977// 974//
f 978// 979// 642//
f 642// 979// 641//
f 638// 980// 637//
f 637// 980// 978//
f 637// 978// 642//
f 981// 980// 639//
f 639// 980// 638//
f 641// 979// 640//
f 640// 979// 981//
f 640// 981// 639//
f 980// 981// 978//
f 978// 981// 979//
f 754// 982// 753//
f 753// 982// 983//
f 753// 983// 630//
f 630// 983// 842//
f 635// 633// 984//
f 635// 984// 636//
f 636// 984// 982//
f 636// 982// 754//
f 984// 633// 632//
f 984// 632// 985//
f 985// 632// 631//
f 985// 631// 629//
f 629// 628// 985//
f 985// 628// 851//
f 985// 851// 983//
f 983// 851// 842//
f 984// 985// 982//
f 982// 985// 983//
f 732// 986// 730//
f 730// 986// 987//
f 730// 987// 728//
f 728// 987// 622//
f 732// 625// 986//
f 986// 625// 624//
f 986// 624// 988//
f 988// 624// 627//
f 988// 627// 611//
f 988// 611// 616//
f 988// 616// 989//
f 989// 616// 615//
f 989// 615// 618//
f 618// 617// 989//
f 989// 617// 897//
f 989// 897// 987//
f 987// 897// 896//
f 987// 896// 622//
f 988// 989// 986//
f 986// 989// 987//
f 605// 990// 607//
f 607// 990// 991//
f 607// 991// 609//
f 609// 991// 107//
f 594// 992// 603//
f 603// 992// 990//
f 603// 990// 605//
f 992// 594// 596//
f 992// 596// 993//
f 993// 596// 598//
f 993// 598// 600//
f 107// 991// 108//
f 108// 991// 993//
f 108// 993// 600//
f 992// 993// 990//
f 990// 993// 991//
f 589// 994// 592//
f 592// 994// 995//
f 592// 995// 593//
f 996// 994// 588//
f 588// 994// 589//
f 770// 997// 587//
f 587// 997// 996//
f 587// 996// 588//
f 995// 997// 593//
f 593// 997// 770//
f 996// 997// 994//
f 994// 997// 995//
f 998// 999// 580//
f 580// 999// 578//
f 582// 1000// 581//
f 581// 1000// 998//
f 581// 998// 580//
f 1001// 1000// 583//
f 583// 1000// 582//
f 578// 999// 585//
f 585// 999// 1001//
f 585// 1001// 583//
f 1000// 1001// 998//
f 998// 1001// 999//
f 1002// 1003// 574//
f 574// 1003// 572//
f 576// 1004// 575//
f 575// 1004// 1002//
f 575// 1002// 574//
f 1005// 1004// 571//
f 571// 1004// 576//
f 572// 1003// 570//
f 570// 1003// 1005//
f 570// 1005// 571//
f 1004// 1005// 1002//
f 1002// 1005// 1003//
f 1006// 1007// 566//
f 566// 1007// 564//
f 807// 1008// 568//
f 568// 1008// 1006//
f 568// 1006// 566//
f 1009// 1008// 561//
f 561// 1008// 807//
f 564// 1007// 562//
f 562// 1007// 1009//
f 562// 1009// 561//
f 1008// 1009// 1006//
f 1006// 1009// 1007//
f 1010// 1011// 557//
f 557// 1011// 810//
f 555// 1012// 556//
f 556// 1012// 1010//
f 556// 1010// 557//
f 1013// 1012// 553//
f 553// 1012// 555//
f 810// 1011// 552//
f 552// 1011// 1013//
f 552// 1013// 553//
f 1012// 1013// 1010//
f 1010// 1013// 1011//
f 1014// 1015// 545//
f 545// 1015// 543//
f 547// 1016// 546//
f 546// 1016// 1014//
f 546// 1014// 545//
f 1017// 1016// 548//
f 548// 1016// 547//
f 543// 1015// 550//
f 550// 1015// 1017//
f 550// 1017// 548//
f 1016// 1017// 1014//
f 1014// 1017// 1015//
f 1018// 537// 1019//
f 1019// 537// 535//
f 1019// 535// 533//
f 524// 1020// 531//
f 531// 1020// 1019//
f 531// 1019// 533//
f 541// 1021// 542//
f 542// 1021// 1020//
f 542// 1020// 524//
f 537// 1018// 539//
f 539// 1018// 1021//
f 539// 1021// 541//
f 1020// 1021// 1019//
f 1019// 1021// 1018//
f 1022// 1023// 526//
f 526// 1023// 532//
f 528// 1024// 527//
f 527// 1024// 1022//
f 527// 1022// 526//
f 1025// 1024// 529//
f 529// 1024// 528//
f 532// 1023// 530//
f 530// 1023// 1025//
f 530// 1025// 529//
f 1024// 1025// 1022//
f 1022// 1025// 1023//
f 1026// 1027// 521//
f 521// 1027// 519//
f 825// 1028// 523//
f 523// 1028// 1026//
f 523// 1026// 521//
f 1029// 1028// 516//
f 516// 1028// 825//
f 519// 1027// 517//
f 517// 1027// 1029//
f 517// 1029// 516//
f 1028// 1029// 1026//
f 1026// 1029// 1027//
f 1030// 1031// 512//
f 512// 1031// 828//
f 510// 1032// 511//
f 511// 1032// 1030//
f 511// 1030// 512//
f 1033// 1032// 508//
f 508// 1032// 510//
f 828// 1031// 507//
f 507// 1031// 1033//
f 507// 1033// 508//
f 1032// 1033// 1030//
f 1030// 1033// 1031//
f 1034// 1035// 496//
f 496// 498// 1034//
f 1034// 498// 500//
f 1034// 500// 502//
f 506// 1036// 504//
f 504// 1036// 1034//
f 504// 1034// 502//
f 492// 1037// 490//
f 490// 1037// 1036//
f 490// 1036// 489//
f 489// 1036// 506//
f 496// 1035// 494//
f 494// 1035// 1037//
f 494// 1037// 492//
f 1036// 1037// 1034//
f 1034// 1037// 1035//
f 1038// 1039// 778//
f 778// 1039// 780//
f 1040// 1038// 777//
f 777// 1038// 778//
f 1041// 1040// 783//
f 783// 1040// 777//
f 1039// 1041// 780//
f 780// 1041// 783//
f 1040// 1041// 1038//
f 1038// 1041// 1039//
f 1042// 1043// 894//
f 894// 1043// 892//
f 1044// 1042// 895//
f 895// 1042// 894//
f 1045// 1044// 893//
f 893// 1044// 895//
f 1043// 1045// 892//
f 892// 1045// 893//
f 1044// 1045// 1042//
f 1042// 1045// 1043//
f 1046// 1047// 901//
f 901// 1047// 900//
f 1048// 1046// 903//
f 903// 1046// 901//
f 1049// 1048// 899//
f 899// 1048// 903//
f 1047// 1049// 900//
f 900// 1049// 899//
f 1048// 1049// 1046//
f 1046// 1049// 1047//
f 480// 1050// 476//
f 476// 1050// 1051//
f 476// 1051// 477//
f 1052// 1050// 481//
f 481// 1050// 480//
f 478// 1053// 482//
f 482// 1053// 1052//
f 482// 1052// 481//
f 1051// 1053// 477//
f 477// 1053// 478//
f 1052// 1053// 1050//
f 1050// 1053// 1051//
f 472// 1054// 483//
f 483// 1054// 1055//
f 483// 1055// 484//
f 1056// 1054// 474//
f 474// 1054// 472//
f 485// 1057// 486//
f 486// 1057// 1056//
f 486// 1056// 474//
f 1055// 1057// 484//
f 484// 1057// 485//
f 1056// 1057// 1054//
f 1054// 1057// 1055//
f 453// 1058// 454//
f 454// 1058// 1059//
f 454// 1059// 456//
f 1060// 1058// 460//
f 460// 1058// 453//
f 457// 1061// 464//
f 464// 1061// 1060//
f 464// 1060// 460//
f 1059// 1061// 456//
f 456// 1061// 457//
f 1060// 1061// 1058//
f 1058// 1061// 1059//
f 463// 1062// 465//
f 465// 1062// 1063//
f 465// 1063// 466//
f 470// 1064// 471//
f 471// 1064// 1062//
f 471// 1062// 463//
f 468// 1065// 469//
f 469// 1065// 1064//
f 469// 1064// 470//
f 1065// 468// 1063//
f 1063// 468// 467//
f 1063// 467// 466//
f 1064// 1065// 1062//
f 1062// 1065// 1063//
f 447// 1066// 445//
f 445// 1066// 1067//
f 445// 1067// 446//
f 1068// 1066// 449//
f 449// 1066// 447//
f 451// 1069// 450//
f 450// 1069// 1068//
f 450// 1068// 449//
f 1067// 1069// 446//
f 446// 1069// 451//
f 1068// 1069// 1066//
f 1066// 1069// 1067//
f 437// 1070// 439//
f 439// 1070// 1071//
f 439// 1071// 440//
f 1072// 1070// 434//
f 434// 1070// 437//
f 441// 1073// 433//
f 433// 1073// 1072//
f 433// 1072// 434//
f 1071// 1073// 440//
f 440// 1073// 441//
f 1072// 1073// 1070//
f 1070// 1073// 1071//
f 785// 1074// 431//
f 431// 1074// 1075//
f 431// 1075// 432//
f 1076// 1074// 787//
f 787// 1074// 785//
f 789// 1077// 788//
f 788// 1077// 1076//
f 788// 1076// 787//
f 1075// 1077// 432//
f 432// 1077// 789//
f 1076// 1077// 1074//
f 1074// 1077// 1075//
f 425// 1078// 423//
f 423// 1078// 1079//
f 423// 1079// 424//
f 1080// 1078// 426//
f 426// 1078// 425//
f 428// 1081// 427//
f 427// 1081// 1080//
f 427// 1080// 426//
f 1079// 1081// 424//
f 424// 1081// 428//
f 1080// 1081// 1078//
f 1078// 1081// 1079//
f 414// 1082// 416//
f 416// 1082// 1083//
f 416// 1083// 417//
f 1084// 1082// 413//
f 413// 1082// 414//
f 418// 1085// 412//
f 412// 1085// 1084//
f 412// 1084// 413//
f 1083// 1085// 417//
f 417// 1085// 418//
f 1084// 1085// 1082//
f 1082// 1085// 1083//
f 407// 1086// 410//
f 410// 1086// 1087//
f 410// 1087// 411//
f 1088// 1086// 406//
f 406// 1086// 407//
f 421// 1089// 405//
f 405// 1089// 1088//
f 405// 1088// 406//
f 1087// 1089// 411//
f 411// 1089// 421//
f 1088// 1089// 1086//
f 1086// 1089// 1087//
f 397// 1090// 400//
f 400// 1090// 1091//
f 400// 1091// 401//
f 1092// 1090// 396//
f 396// 1090// 397//
f 402// 1093// 395//
f 395// 1093// 1092//
f 395// 1092// 396//
f 1091// 1093// 401//
f 401// 1093// 402//
f 1092// 1093// 1090//
f 1090// 1093// 1091//
f 1094// 1095// 386//
f 386// 1095// 385//
f 390// 1096// 388//
f 388// 1096// 1094//
f 388// 1094// 386//
f 1097// 1096// 392//
f 392// 1096// 390//
f 385// 1095// 393//
f 393// 1095// 1097//
f 393// 1097// 392//
f 1096// 1097// 1094//
f 1094// 1097// 1095//
f 1098// 1099// 377//
f 377// 1099// 376//
f 381// 1100// 379//
f 379// 1100// 1098//
f 379// 1098// 377//
f 1101// 1100// 383//
f 383// 1100// 381//
f 376// 1099// 384//
f 384// 1099// 1101//
f 384// 1101// 383//
f 1100// 1101// 1098//
f 1098// 1101// 1099//
f 1102// 1103// 368//
f 368// 1103// 367//
f 372// 1104// 370//
f 370// 1104// 1102//
f 370// 1102// 368//
f 1105// 1104// 374//
f 374// 1104// 372//
f 367// 1103// 375//
f 375// 1103// 1105//
f 375// 1105// 374//
f 1104// 1105// 1102//
f 1102// 1105// 1103//
f 1106// 1107// 360//
f 360// 1107// 358//
f 364// 1108// 362//
f 362// 1108// 1106//
f 362// 1106// 360//
f 1109// 1108// 357//
f 357// 1108// 364//
f 358// 1107// 356//
f 356// 1107// 1109//
f 356// 1109// 357//
f 1108// 1109// 1106//
f 1106// 1109// 1107//
f 1110// 1111// 347//
f 347// 1111// 346//
f 351// 1112// 349//
f 349// 1112// 1110//
f 349// 1110// 347//
f 1113// 1112// 353//
f 353// 1112// 351//
f 346// 1111// 354//
f 354// 1111// 1113//
f 354// 1113// 353//
f 1112// 1113// 1110//
f 1110// 1113// 1111//
f 1114// 1115// 338//
f 338// 1115// 337//
f 342// 1116// 340//
f 340// 1116// 1114//
f 340// 1114// 338//
f 1117// 1116// 344//
f 344// 1116// 342//
f 337// 1115// 345//
f 345// 1115// 1117//
f 345// 1117// 344//
f 1116// 1117// 1114//
f 1114// 1117// 1115//
f 335// 1118// 336//
f 336// 1118// 1119//
f 336// 1119// 318//
f 331// 1120// 333//
f 333// 1120// 1118//
f 333// 1118// 335//
f 1120// 331// 1121//
f 1121// 331// 329//
f 1121// 329// 328//
f 318// 1119// 327//
f 327// 1119// 1121//
f 327// 1121// 328//
f 1120// 1121// 1118//
f 1118// 1121// 1119//
f 1122// 1123// 325//
f 325// 1123// 324//
f 320// 1124// 326//
f 326// 1124// 1122//
f 326// 1122// 325//
f 1125// 1124// 322//
f 322// 1124// 320//
f 324// 1123// 323//
f 323// 1123// 1125//
f 323// 1125// 322//
f 1124// 1125// 1122//
f 1122// 1125// 1123//
f 1126// 1127// 308//
f 308// 1127// 310//
f 305// 1128// 307//
f 307// 1128// 1126//
f 307// 1126// 308//
f 1129// 1128// 304//
f 304// 1128// 305//
f 310// 1127// 311//
f 311// 1127// 1129//
f 311// 1129// 304//
f 1128// 1129// 1126//
f 1126// 1129// 1127//
f 1130// 1131// 316//
f 316// 1131// 315//
f 312// 1132// 317//
f 317// 1132// 1130//
f 317// 1130// 316//
f 1133// 1132// 313//
f 313// 1132// 312//
f 315// 1131// 314//
f 314// 1131// 1133//
f 314// 1133// 313//
f 1132// 1133// 1130//
f 1130// 1133// 1131//
f 1134// 1135// 298//
f 298// 1135// 297//
f 302// 1136// 300//
f 300// 1136// 1134//
f 300// 1134// 298//
f 1137// 1136// 303//
f 303// 1136// 302//
f 297// 1135// 296//
f 296// 1135// 1137//
f 296// 1137// 303//
f 1136// 1137// 1134//
f 1134// 1137// 1135//
f 1138// 1139// 292//
f 292// 1139// 294//
f 287// 1140// 290//
f 290// 1140// 1138//
f 290// 1138// 292//
f 1141// 1140// 286//
f 286// 1140// 287//
f 294// 1139// 487//
f 487// 1139// 1141//
f 487// 1141// 286//
f 1140// 1141// 1138//
f 1138// 1141// 1139//
f 285// 1142// 284//
f 284// 1142// 1143//
f 284// 1143// 283//
f 1144// 1142// 285//
f 285// 111// 1144//
f 1144// 111// 110//
f 1144// 110// 273//
f 277// 1145// 275//
f 275// 1145// 1144//
f 275// 1144// 273//
f 283// 1143// 281//
f 281// 1143// 1145//
f 281// 1145// 279//
f 279// 1145// 277//
f 1144// 1145// 1142//
f 1142// 1145// 1143//
f 812// 1146// 271//
f 271// 1146// 1147//
f 271// 1147// 269//
f 1148// 1146// 263//
f 263// 1146// 812//
f 267// 1149// 265//
f 265// 1149// 1148//
f 265// 1148// 263//
f 1147// 1149// 269//
f 269// 1149// 267//
f 1148// 1149// 1146//
f 1146// 1149// 1147//
f 259// 1150// 260//
f 260// 1150// 1151//
f 260// 1151// 261//
f 1152// 1150// 258//
f 258// 1150// 259//
f 113// 1153// 114//
f 114// 1153// 1152//
f 114// 1152// 258//
f 1151// 1153// 261//
f 261// 1153// 113//
f 1152// 1153// 1150//
f 1150// 1153// 1151//
f 239// 1154// 241//
f 241// 1154// 1155//
f 241// 1155// 243//
f 1156// 1154// 244//
f 244// 1154// 239//
f 248// 1157// 246//
f 246// 1157// 1156//
f 246// 1156// 244//
f 1155// 1157// 243//
f 243// 1157// 248//
f 1156// 1157// 1154//
f 1154// 1157// 1155//
f 253// 1158// 254//
f 254// 1158// 1159//
f 254// 1159// 255//
f 1158// 253// 1160//
f 1160// 253// 252//
f 1160// 252// 238//
f 242// 1161// 240//
f 240// 1161// 1160//
f 240// 1160// 238//
f 255// 1159// 256//
f 256// 1159// 1161//
f 256// 1161// 242//
f 1160// 1161// 1158//
f 1158// 1161// 1159//
f 233// 1162// 232//
f 232// 1162// 1163//
f 232// 1163// 231//
f 1164// 1162// 234//
f 234// 1162// 233//
f 229// 1165// 236//
f 236// 1165// 1164//
f 236// 1164// 234//
f 1163// 1165// 231//
f 231// 1165// 229//
f 1164// 1165// 1162//
f 1162// 1165// 1163//
f 806// 1166// 228//
f 228// 1166// 1167//
f 228// 1167// 226//
f 1168// 1166// 221//
f 221// 1166// 806//
f 224// 1169// 222//
f 222// 1169// 1168//
f 222// 1168// 221//
f 1167// 1169// 226//
f 226// 1169// 224//
f 1168// 1169// 1166//
f 1166// 1169// 1167//
f 215// 1170// 216//
f 216// 1170// 1171//
f 216// 1171// 217//
f 1172// 1170// 214//
f 214// 1170// 215//
f 116// 1173// 117//
f 117// 1173// 1172//
f 117// 1172// 214//
f 1171// 1173// 217//
f 217// 1173// 116//
f 1172// 1173// 1170//
f 1170// 1173// 1171//
f 206// 1174// 204//
f 204// 1174// 1175//
f 204// 1175// 205//
f 1176// 1174// 207//
f 207// 1174// 206//
f 211// 1177// 209//
f 209// 1177// 1176//
f 209// 1176// 207//
f 1175// 1177// 205//
f 205// 1177// 211//
f 1176// 1177// 1174//
f 1174// 1177// 1175//
f 199// 1178// 200//
f 200// 1178// 1179//
f 200// 1179// 201//
f 1180// 1178// 198//
f 198// 1178// 199//
f 203// 1181// 196//
f 196// 1181// 1180//
f 196// 1180// 198//
f 1179// 1181// 201//
f 201// 1181// 203//
f 1180// 1181// 1178//
f 1178// 1181// 1179//
f 801// 1182// 194//
f 194// 1182// 1183//
f 194// 1183// 192//
f 1184// 1182// 187//
f 187// 1182// 801//
f 190// 1185// 188//
f 188// 1185// 1184//
f 188// 1184// 187//
f 1183// 1185// 192//
f 192// 1185// 190//
f 1184// 1185// 1182//
f 1182// 1185// 1183//
usemtl 3
f 970// 682// 684//
f 970// 684// 971//
f 971// 684// 685//
f 971// 685// 687//
usemtl 4
f 1186// 1187// 4//
f 4// 1187// 3//
f 1188// 1186// 70//
f 70// 1186// 4//
f 1189// 1188// 69//
f 69// 1188// 70//
f 1190// 1189// 68//
f 68// 1189// 69//
f 1191// 1190// 67//
f 67// 1190// 68//
f 1192// 1191// 23//
f 23// 1191// 67//
f 1193// 1192// 22//
f 22// 1192// 23//
f 1194// 1193// 26//
f 26// 1193// 22//
f 1195// 1194// 25//
f 25// 1194// 26//
f 1196// 1195// 27//
f 27// 1195// 25//
f 1197// 1196// 28//
f 28// 1196// 27//
f 1198// 1197// 30//
f 30// 1197// 28//
f 1199// 1198// 31//
f 31// 1198// 30//
f 1200// 1199// 29//
f 29// 1199// 31//
f 1201// 1200// 8//
f 8// 1200// 29//
f 1202// 1201// 6//
f 6// 1201// 8//
f 1203// 1202// 5//
f 5// 1202// 6//
f 1204// 1203// 7//
f 7// 1203// 5//
f 1205// 1204// 11//
f 11// 1204// 7//
f 1206// 1205// 34//
f 34// 1205// 11//
f 1207// 1206// 35//
f 35// 1206// 34//
f 1208// 1207// 36//
f 36// 1207// 35//
f 1209// 1208// 37//
f 37// 1208// 36//
f 1210// 1209// 18//
f 18// 1209// 37//
f 1211// 1210// 17//
f 17// 1210// 18//
f 1212// 1211// 16//
f 16// 1211// 17//
f 1213// 1212// 15//
f 15// 1212// 16//
f 1187// 1213// 3//
f 3// 1213// 15//
f 1186// 1188// 1189//
f 1189// 1190// 1186//
f 1186// 1190// 1191//
f 1186// 1191// 1187//
f 1192// 1193// 1191//
f 1191// 1193// 1194//
f 1191// 1194// 1187//
f 1187// 1194// 1195//
f 1187// 1195// 1213//
f 1213// 1195// 1196//
f 1213// 1196// 1212//
f 1212// 1196// 1197//
f 1212// 1197// 1211//
f 1211// 1197// 1198//
f 1211// 1198// 1210//
f 1210// 1198// 1199//
f 1210// 1199// 1209//
f 1209// 1199// 1200//
f 1209// 1200// 1208//
f 1208// 1200// 1201//
f 1208// 1201// 1207//
f 1207// 1201// 1202//
f 1207// 1202// 1206//
f 1206// 1202// 1203//
f 1206// 1203// 1205//
f 1205// 1203// 1204//
usemtl 3
f 1214// 39// 1215//
f 1215// 39// 38//
f 1215// 38// 1216//
f 1216// 38// 21//
f 1216// 21// 1217//
f 1217// 21// 20//
f 1217// 20// 1218//
f 1218// 20// 19//
f 1218// 19// 1219//
f 1219// 19// 9//
f 1219// 9// 1220//
f 1220// 9// 24//
f 1220// 24// 1221//
f 1221// 24// 71//
f 1221// 71// 1222//
f 1222// 71// 86//
f 1222// 86// 1223//
f 1223// 86// 85//
f 1223// 85// 1224//
f 1224// 85// 76//
f 1224// 76// 1225//
f 1225// 76// 75//
f 1225// 75// 1226//
f 1226// 75// 74//
f 1226// 74// 1227//
f 1227// 74// 73//
f 1227// 73// 1228//
f 1228// 73// 84//
f 1228// 84// 1229//
f 1229// 84// 83//
f 1229// 83// 1230//
f 1230// 83// 81//
f 1230// 81// 1231//
f 1231// 81// 80//
f 1231// 80// 1232//
f 1232// 80// 56//
f 1232// 56// 1233//
f 1233// 56// 55//
f 1233// 55// 1234//
f 1234// 55// 53//
f 1234// 53// 1235//
f 1235// 53// 52//
f 1235// 52// 1236//
f 1236// 52// 50//
f 1236// 50// 1237//
f 1237// 50// 49//
f 1237// 49// 1214//
f 1214// 49// 39//
f 1236// 1237// 1238//
f 1238// 1237// 1214//
f 1238// 1214// 1215//
f 1233// 1234// 1238//
f 1238// 1234// 1235//
f 1238// 1235// 1236//
f 1230// 1231// 1238//
f 1238// 1231// 1232//
f 1238// 1232// 1233//
f 1227// 1228// 1238//
f 1238// 1228// 1229//
f 1238// 1229// 1230//
f 1224// 1225// 1238//
f 1238// 1225// 1226//
f 1238// 1226// 1227//
f 1221// 1222// 1238//
f 1238// 1222// 1223//
f 1238// 1223// 1224//
f 1218// 1219// 1238//
f 1238// 1219// 1220//
f 1238// 1220// 1221//
f 1215// 1216// 1238//
f 1238// 1216// 1217//
f 1238// 1217// 1218//
usemtl 5
f 1239// 1240// 871//
f 871// 1240// 872//
f 1240// 1241// 872//
f 872// 1241// 855//
f 1241// 1242// 855//
f 855// 1242// 857//
f 1242// 1243// 857//
f 857// 1243// 856//
f 1243// 1244// 856//
f 856// 1244// 853//
f 1244// 1245// 853//
f 853// 1245// 854//
f 1245// 1246// 854//
f 854// 1246// 869//
f 1246// 1239// 869//
f 869// 1239// 871//
f 1247// 1243// 1248//
f 1248// 1243// 1242//
f 1249// 1246// 1247//
f 1247// 1246// 1245//
f 1247// 1245// 1243//
f 1243// 1245// 1244//
f 1249// 1250// 1246//
f 1246// 1250// 1251//
f 1246// 1251// 1239//
f 1239// 1251// 1252//
f 1239// 1252// 1253//
f 1253// 1254// 1239//
f 1239// 1254// 1248//
f 1239// 1248// 1240//
f 1240// 1248// 1242//
f 1240// 1242// 1241//
f 1247// 1248// 1255//
f 1255// 1248// 1256//
f 1249// 1247// 1257//
f 1257// 1247// 1255//
f 1249// 1257// 1258//
f 1249// 1258// 1250//
f 1250// 1258// 1259//
f 1250// 1259// 1251//
f 1252// 1251// 1260//
f 1260// 1251// 1259//
f 1252// 1260// 1261//
f 1252// 1261// 1253//
f 1253// 1261// 1262//
f 1253// 1262// 1254//
f 1248// 1254// 1256//
f 1256// 1254// 1262//
f 1263// 1264// 863//
f 863// 1264// 864//
f 1264// 1265// 864//
f 864// 1265// 865//
f 1265// 1266// 865//
f 865// 1266// 866//
f 1267// 877// 876//
f 1267// 876// 1268//
f 1268// 876// 875//
f 1268// 875// 1269//
f 1269// 875// 874//
f 1269// 874// 1270//
f 1270// 874// 873//
f 1270// 873// 1271//
f 1271// 873// 870//
f 1271// 870// 1272//
f 1272// 870// 868//
f 1272// 868// 1273//
f 1273// 868// 867//
f 1273// 867// 1274//
f 1274// 867// 866//
f 1274// 866// 1266//
f 1263// 863// 862//
f 1263// 862// 1275//
f 1275// 862// 861//
f 1275// 861// 1276//
f 1276// 861// 860//
f 1276// 860// 1277//
f 1277// 860// 859//
f 1277// 859// 1278//
f 1278// 859// 858//
f 1278// 858// 1279//
f 1279// 858// 878//
f 1279// 878// 1280//
f 1280// 878// 877//
f 1280// 877// 1267//
f 1269// 1270// 1281//
f 1281// 1270// 1271//
f 1281// 1271// 1282//
f 1282// 1271// 1272//
f 1282// 1272// 1283//
f 1283// 1272// 1273//
f 1283// 1273// 1284//
f 1284// 1273// 1274//
f 1284// 1274// 1285//
f 1285// 1274// 1266//
f 1285// 1266// 1286//
f 1286// 1266// 1265//
f 1286// 1265// 1287//
f 1287// 1265// 1264//
f 1287// 1264// 1288//
f 1288// 1264// 1263//
f 1288// 1263// 1289//
f 1289// 1263// 1275//
f 1289// 1275// 1290//
f 1290// 1275// 1276//
f 1290// 1276// 1291//
f 1291// 1276// 1277//
f 1291// 1277// 1292//
f 1292// 1277// 1278//
f 1292// 1278// 1293//
f 1293// 1278// 1279//
f 1293// 1279// 1294//
f 1294// 1279// 1280//
f 1294// 1280// 1295//
f 1295// 1280// 1267//
f 1295// 1267// 1296//
f 1296// 1267// 1268//
f 1296// 1268// 1297//
f 1297// 1268// 1269//
f 1297// 1269// 1281//
f 1285// 1286// 1298//
f 1298// 1286// 1299//
f 1285// 1298// 1300//
f 1285// 1300// 1284//
f 1284// 1300// 1301//
f 1284// 1301// 1283//
f 1283// 1301// 1302//
f 1283// 1302// 1282//
f 1282// 1302// 1303//
f 1282// 1303// 1281//
f 1281// 1303// 1304//
f 1281// 1304// 1297//
f 1297// 1304// 1305//
f 1297// 1305// 1296//
f 1296// 1305// 1306//
f 1296// 1306// 1295//
f 1295// 1306// 1307//
f 1295// 1307// 1294//
f 1294// 1307// 1308//
f 1294// 1308// 1293//
f 1293// 1308// 1309//
f 1293// 1309// 1292//
f 1292// 1309// 1310//
f 1292// 1310// 1291//
f 1291// 1310// 1311//
f 1291// 1311// 1290//
f 1290// 1311// 1312//
f 1290// 1312// 1289//
f 1289// 1312// 1313//
f 1289// 1313// 1288//
f 1287// 1288// 1314//
f 1314// 1288// 1313//
f 1286// 1287// 1299//
f 1299// 1287// 1314//
f 1315// 1316// 123//
f 123// 1316// 125//
f 1316// 1317// 125//
f 125// 1317// 126//
f 1317// 1318// 126//
f 126// 1318// 119//
f 1318// 1319// 119//
f 119// 1319// 120//
f 1319// 1320// 120//
f 120// 1320// 122//
f 1320// 1321// 122//
f 122// 1321// 136//
f 1321// 1322// 136//
f 136// 1322// 135//
f 1322// 1323// 135//
f 135// 1323// 134//
f 1323// 1324// 134//
f 134// 1324// 133//
f 1324// 1325// 133//
f 133// 1325// 131//
f 1325// 1326// 131//
f 131// 1326// 132//
f 1326// 1315// 132//
f 132// 1315// 123//
f 1317// 1316// 1315//
f 1315// 1326// 1317//
f 1317// 1326// 1325//
f 1317// 1325// 1318//
f 1320// 1319// 1321//
f 1321// 1319// 1318//
f 1321// 1318// 1322//
f 1322// 1318// 1325//
f 1322// 1325// 1323//
f 1323// 1325// 1324//
f 1327// 1328// 128//
f 128// 1328// 127//
f 127// 1328// 1329//
f 1330// 180// 178//
f 1330// 178// 1331//
f 1331// 178// 130//
f 1331// 130// 1329//
f 1329// 130// 129//
f 1329// 129// 127//
f 1332// 173// 172//
f 1332// 172// 1333//
f 1333// 172// 170//
f 1333// 170// 1334//
f 1334// 170// 168//
f 1334// 168// 1335//
f 1335// 168// 167//
f 1335// 167// 1336//
f 1336// 167// 141//
f 1336// 141// 1337//
f 1337// 141// 140//
f 1337// 140// 1338//
f 1338// 140// 1330//
f 1330// 140// 138//
f 1330// 138// 180//
f 1339// 176// 175//
f 1339// 175// 1340//
f 1340// 175// 166//
f 1340// 166// 1341//
f 1341// 166// 165//
f 1341// 165// 1342//
f 1342// 165// 163//
f 1342// 163// 1343//
f 1343// 163// 162//
f 1343// 162// 1344//
f 1344// 162// 174//
f 1344// 174// 1345//
f 1345// 174// 173//
f 1345// 173// 1332//
f 1346// 156// 177//
f 1346// 177// 1347//
f 1347// 177// 176//
f 1347// 176// 1339//
f 1346// 1348// 156//
f 156// 1348// 157//
f 1349// 159// 158//
f 1349// 158// 1350//
f 1350// 158// 157//
f 1350// 157// 1348//
f 1351// 147// 161//
f 1351// 161// 1352//
f 1352// 161// 160//
f 1352// 160// 1353//
f 1353// 160// 146//
f 1353// 146// 1354//
f 1354// 146// 145//
f 1354// 145// 1355//
f 1355// 145// 143//
f 1355// 143// 1356//
f 1356// 143// 142//
f 1356// 142// 1357//
f 1357// 142// 159//
f 1357// 159// 1349//
f 1358// 151// 150//
f 1358// 150// 1359//
f 1359// 150// 152//
f 1359// 152// 1360//
f 1360// 152// 153//
f 1360// 153// 1361//
f 1361// 153// 154//
f 1361// 154// 1362//
f 1362// 154// 149//
f 1362// 149// 1363//
f 1363// 149// 148//
f 1363// 148// 1364//
f 1364// 148// 147//
f 1364// 147// 1351//
f 1327// 128// 144//
f 1327// 144// 1365//
f 1365// 144// 155//
f 1365// 155// 1366//
f 1366// 155// 151//
f 1366// 151// 1358//
f 1359// 1330// 1358//
f 1358// 1330// 1331//
f 1358// 1331// 1366//
f 1366// 1331// 1329//
f 1366// 1329// 1365//
f 1365// 1329// 1328//
f 1365// 1328// 1327//
f 1348// 1346// 1350//
f 1350// 1346// 1347//
f 1350// 1347// 1349//
f 1349// 1347// 1339//
f 1349// 1339// 1357//
f 1357// 1339// 1340//
f 1357// 1340// 1356//
f 1356// 1340// 1341//
f 1356// 1341// 1355//
f 1355// 1341// 1342//
f 1355// 1342// 1354//
f 1354// 1342// 1343//
f 1354// 1343// 1353//
f 1353// 1343// 1344//
f 1353// 1344// 1352//
f 1352// 1344// 1345//
f 1352// 1345// 1351//
f 1351// 1345// 1332//
f 1351// 1332// 1364//
f 1364// 1332// 1333//
f 1364// 1333// 1363//
f 1363// 1333// 1334//
f 1363// 1334// 1362//
f 1362// 1334// 1335//
f 1362// 1335// 1361//
f 1361// 1335// 1336//
f 1361// 1336// 1360//
f 1360// 1336// 1337//
f 1360// 1337// 1359//
f 1359// 1337// 1338//
f 1359// 1338// 1330//
f 1367// 1368// 169//
f 169// 1368// 139//
f 1368// 1369// 139//
f 139// 1369// 137//
f 1369// 1370// 137//
f 137// 1370// 184//
f 1370// 1371// 184//
f 184// 1371// 164//
f 1371// 1372// 164//
f 164// 1372// 171//
f 1372// 1367// 171//
f 171// 1367// 169//
f 1371// 1370// 1372//
f 1372// 1370// 1369//
f 1372// 1369// 1367//
f 1367// 1369// 1368//
usemtl 1
f 1255// 1256// 1257//
f 1257// 1256// 1262//
f 1257// 1262// 1258//
f 1258// 1262// 1261//
f 1258// 1261// 1259//
f 1259// 1261// 1260//
f 1299// 1314// 1298//
f 1298// 1314// 1313//
f 1298// 1313// 1312//
f 1306// 1305// 1298//
f 1298// 1305// 1304//
f 1298// 1304// 1300//
f 1312// 1311// 1298//
f 1298// 1311// 1310//
f 1298// 1310// 1309//
f 1309// 1308// 1298//
f 1298// 1308// 1307//
f 1298// 1307// 1306//
f 1303// 1302// 1304//
f 1304// 1302// 1301//
f 1304// 1301// 1300//
usemtl 3
f 1373// 1374// 1375//
f 1375// 1374// 1376//
f 1377// 1378// 1379//
f 1379// 1378// 1380//
f 1381// 1382// 1383//
f 1383// 1382// 1384//
f 1385// 1386// 1387//
f 1387// 1386// 1388//
f 1389// 1390// 1391//
f 1391// 1392// 1389//
f 1389// 1392// 1393//
f 1389// 1393// 1394//
f 1394// 1393// 1395//
f 1395// 1396// 1394//
f 1394// 1396// 1397//
f 1394// 1397// 1398//
f 1398// 1399// 1394//
f 1394// 1399// 1400//
f 1394// 1400// 1401//
f 1401// 1402// 1394//
f 1394// 1402// 1403//
f 1394// 1403// 1404//
f 1404// 1403// 1405//
f 1405// 1406// 1404//
f 1404// 1406// 1407//
f 1404// 1407// 1408//
f 1409// 1410// 1411//
f 1411// 1410// 1412//
f 1411// 1412// 1389//
f 1389// 1412// 1413//
f 1389// 1413// 1390//
f 1408// 1414// 1404//
f 1404// 1414// 1415//
f 1404// 1415// 1411//
f 1411// 1415// 1416//
f 1411// 1416// 1409//
f 1381// 1417// 1382//
f 1382// 1417// 1418//
f 1417// 1419// 1418//
f 1418// 1419// 1420//
f 1418// 1420// 1421//
f 1420// 1422// 1421//
f 1421// 1422// 1423//
f 1421// 1423// 1424//
f 1423// 1425// 1424//
f 1424// 1425// 1426//
f 1424// 1426// 1427//
f 1426// 1428// 1427//
f 1427// 1428// 1429//
f 1427// 1429// 1430//
f 1379// 1380// 1431//
f 1431// 1380// 1430//
f 1431// 1430// 1432//
f 1432// 1430// 1429//
f 1377// 1433// 1378//
f 1378// 1433// 1434//
f 1433// 1435// 1434//
f 1434// 1435// 1436//
f 1434// 1436// 1437//
f 1436// 1438// 1437//
f 1437// 1438// 1439//
f 1437// 1439// 1440//
f 1439// 1441// 1440//
f 1440// 1441// 1442//
f 1440// 1442// 1443//
f 1442// 1444// 1443//
f 1443// 1444// 1445//
f 1443// 1445// 1446//
f 1375// 1376// 1447//
f 1447// 1376// 1446//
f 1447// 1446// 1448//
f 1448// 1446// 1445//
f 1394// 1404// 1449//
f 1394// 1449// 1450//
f 1450// 1449// 1451//
f 1450// 1451// 1452//
f 1452// 1451// 1453//
f 1452// 1453// 1454//
f 1454// 1453// 1455//
f 1454// 1455// 1456//
f 1456// 1455// 1457//
f 1456// 1457// 1458//
f 1458// 1457// 1380//
f 1458// 1380// 1378//
f 1380// 1457// 1459//
f 1460// 1461// 1462//
f 1404// 1463// 1464//
f 1462// 1461// 1404//
f 1465// 1404// 1461//
f 1465// 1461// 1466//
f 1466// 1461// 1460//
f 1466// 1460// 1467//
f 1449// 1404// 1465//
f 1468// 1469// 1470//
f 1470// 1469// 1464//
f 1470// 1464// 1471//
f 1471// 1464// 1463//
f 1471// 1463// 1472//
f 1449// 1465// 1451//
f 1451// 1465// 1466//
f 1451// 1466// 1453//
f 1453// 1466// 1467//
f 1453// 1467// 1455//
f 1473// 1468// 1474//
f 1474// 1468// 1470//
f 1474// 1470// 1475//
f 1475// 1470// 1471//
f 1475// 1471// 1476//
f 1476// 1471// 1472//
f 1476// 1472// 1477//
f 1478// 1473// 1479//
f 1479// 1473// 1474//
f 1479// 1474// 1480//
f 1480// 1474// 1475//
f 1480// 1475// 1481//
f 1481// 1475// 1476//
f 1481// 1476// 1482//
f 1482// 1476// 1477//
f 1482// 1477// 1483//
f 1457// 1478// 1459//
f 1459// 1478// 1479//
f 1459// 1479// 1484//
f 1484// 1479// 1480//
f 1484// 1480// 1485//
f 1485// 1480// 1481//
f 1485// 1481// 1486//
f 1486// 1481// 1482//
f 1486// 1482// 1487//
f 1487// 1482// 1483//
f 1487// 1483// 1488//
f 1380// 1459// 1430//
f 1430// 1459// 1484//
f 1430// 1484// 1427//
f 1427// 1484// 1485//
f 1427// 1485// 1424//
f 1424// 1485// 1486//
f 1424// 1486// 1421//
f 1421// 1486// 1487//
f 1421// 1487// 1418//
f 1418// 1487// 1488//
f 1418// 1488// 1382//
f 1469// 1404// 1464//
f 1457// 1455// 1478//
f 1478// 1455// 1467//
f 1478// 1467// 1473//
f 1473// 1467// 1460//
f 1473// 1460// 1468//
f 1468// 1460// 1462//
f 1468// 1462// 1469//
f 1469// 1462// 1404//
f 1376// 1489// 1490//
f 1491// 1492// 1493//
f 1394// 1450// 1494//
f 1493// 1492// 1394//
f 1495// 1394// 1492//
f 1495// 1492// 1496//
f 1496// 1492// 1491//
f 1496// 1491// 1497//
f 1498// 1394// 1495//
f 1499// 1500// 1501//
f 1501// 1500// 1494//
f 1501// 1494// 1502//
f 1502// 1494// 1450//
f 1502// 1450// 1452//
f 1498// 1495// 1503//
f 1503// 1495// 1496//
f 1503// 1496// 1504//
f 1504// 1496// 1497//
f 1504// 1497// 1505//
f 1506// 1499// 1507//
f 1507// 1499// 1501//
f 1507// 1501// 1508//
f 1508// 1501// 1502//
f 1508// 1502// 1509//
f 1509// 1502// 1452//
f 1509// 1452// 1454//
f 1510// 1506// 1511//
f 1511// 1506// 1507//
f 1511// 1507// 1512//
f 1512// 1507// 1508//
f 1512// 1508// 1513//
f 1513// 1508// 1509//
f 1513// 1509// 1514//
f 1514// 1509// 1454//
f 1514// 1454// 1456//
f 1489// 1510// 1490//
f 1490// 1510// 1511//
f 1490// 1511// 1515//
f 1515// 1511// 1512//
f 1515// 1512// 1516//
f 1516// 1512// 1513//
f 1516// 1513// 1517//
f 1517// 1513// 1514//
f 1517// 1514// 1518//
f 1518// 1514// 1456//
f 1518// 1456// 1458//
f 1376// 1490// 1446//
f 1446// 1490// 1515//
f 1446// 1515// 1443//
f 1443// 1515// 1516//
f 1443// 1516// 1440//
f 1440// 1516// 1517//
f 1440// 1517// 1437//
f 1437// 1517// 1518//
f 1437// 1518// 1434//
f 1434// 1518// 1458//
f 1434// 1458// 1378//
f 1500// 1394// 1494//
f 1489// 1505// 1510//
f 1510// 1505// 1497//
f 1510// 1497// 1506//
f 1506// 1497// 1491//
f 1506// 1491// 1499//
f 1499// 1491// 1493//
f 1499// 1493// 1500//
f 1500// 1493// 1394//
f 1404// 1411// 1519//
f 1404// 1519// 1463//
f 1463// 1519// 1520//
f 1463// 1520// 1472//
f 1472// 1520// 1521//
f 1472// 1521// 1477//
f 1477// 1521// 1522//
f 1477// 1522// 1483//
f 1483// 1522// 1523//
f 1483// 1523// 1488//
f 1488// 1523// 1384//
f 1488// 1384// 1382//
f 1385// 1524// 1386//
f 1386// 1524// 1525//
f 1524// 1526// 1525//
f 1525// 1526// 1527//
f 1525// 1527// 1528//
f 1527// 1529// 1528//
f 1528// 1529// 1530//
f 1528// 1530// 1531//
f 1530// 1532// 1531//
f 1531// 1532// 1533//
f 1531// 1533// 1534//
f 1533// 1535// 1534//
f 1534// 1535// 1536//
f 1534// 1536// 1537//
f 1383// 1384// 1538//
f 1538// 1384// 1537//
f 1538// 1537// 1539//
f 1539// 1537// 1536//
f 1373// 1540// 1374//
f 1374// 1540// 1541//
f 1540// 1542// 1541//
f 1541// 1542// 1543//
f 1541// 1543// 1544//
f 1543// 1545// 1544//
f 1544// 1545// 1546//
f 1544// 1546// 1547//
f 1546// 1548// 1547//
f 1547// 1548// 1549//
f 1547// 1549// 1550//
f 1549// 1551// 1550//
f 1550// 1551// 1552//
f 1550// 1552// 1553//
f 1387// 1388// 1554//
f 1554// 1388// 1553//
f 1554// 1553// 1555//
f 1555// 1553// 1552//
f 1389// 1394// 1498//
f 1389// 1498// 1556//
f 1556// 1498// 1503//
f 1556// 1503// 1557//
f 1557// 1503// 1504//
f 1557// 1504// 1558//
f 1558// 1504// 1505//
f 1558// 1505// 1559//
f 1559// 1505// 1489//
f 1559// 1489// 1560//
f 1560// 1489// 1376//
f 1560// 1376// 1374//
f 1384// 1523// 1561//
f 1562// 1563// 1564//
f 1411// 1565// 1566//
f 1564// 1563// 1411//
f 1567// 1411// 1563//
f 1567// 1563// 1568//
f 1568// 1563// 1562//
f 1568// 1562// 1569//
f 1519// 1411// 1567//
f 1570// 1571// 1572//
f 1572// 1571// 1566//
f 1572// 1566// 1573//
f 1573// 1566// 1565//
f 1573// 1565// 1574//
f 1519// 1567// 1520//
f 1520// 1567// 1568//
f 1520// 1568// 1521//
f 1521// 1568// 1569//
f 1521// 1569// 1522//
f 1575// 1570// 1576//
f 1576// 1570// 1572//
f 1576// 1572// 1577//
f 1577// 1572// 1573//
f 1577// 1573// 1578//
f 1578// 1573// 1574//
f 1578// 1574// 1579//
f 1580// 1575// 1581//
f 1581// 1575// 1576//
f 1581// 1576// 1582//
f 1582// 1576// 1577//
f 1582// 1577// 1583//
f 1583// 1577// 1578//
f 1583// 1578// 1584//
f 1584// 1578// 1579//
f 1584// 1579// 1585//
f 1523// 1580// 1561//
f 1561// 1580// 1581//
f 1561// 1581// 1586//
f 1586// 1581// 1582//
f 1586// 1582// 1587//
f 1587// 1582// 1583//
f 1587// 1583// 1588//
f 1588// 1583// 1584//
f 1588// 1584// 1589//
f 1589// 1584// 1585//
f 1589// 1585// 1590//
f 1384// 1561// 1537//
f 1537// 1561// 1586//
f 1537// 1586// 1534//
f 1534// 1586// 1587//
f 1534// 1587// 1531//
f 1531// 1587// 1588//
f 1531// 1588// 1528//
f 1528// 1588// 1589//
f 1528// 1589// 1525//
f 1525// 1589// 1590//
f 1525// 1590// 1386//
f 1571// 1411// 1566//
f 1523// 1522// 1580//
f 1580// 1522// 1569//
f 1580// 1569// 1575//
f 1575// 1569// 1562//
f 1575// 1562// 1570//
f 1570// 1562// 1564//
f 1570// 1564// 1571//
f 1571// 1564// 1411//
f 1388// 1591// 1592//
f 1593// 1594// 1595//
f 1389// 1556// 1596//
f 1595// 1594// 1389//
f 1597// 1389// 1594//
f 1597// 1594// 1598//
f 1598// 1594// 1593//
f 1598// 1593// 1599//
f 1600// 1389// 1597//
f 1601// 1602// 1603//
f 1603// 1602// 1596//
f 1603// 1596// 1604//
f 1604// 1596// 1556//
f 1604// 1556// 1557//
f 1600// 1597// 1605//
f 1605// 1597// 1598//
f 1605// 1598// 1606//
f 1606// 1598// 1599//
f 1606// 1599// 1607//
f 1608// 1601// 1609//
f 1609// 1601// 1603//
f 1609// 1603// 1610//
f 1610// 1603// 1604//
f 1610// 1604// 1611//
f 1611// 1604// 1557//
f 1611// 1557// 1558//
f 1612// 1608// 1613//
f 1613// 1608// 1609//
f 1613// 1609// 1614//
f 1614// 1609// 1610//
f 1614// 1610// 1615//
f 1615// 1610// 1611//
f 1615// 1611// 1616//
f 1616// 1611// 1558//
f 1616// 1558// 1559//
f 1591// 1612// 1592//
f 1592// 1612// 1613//
f 1592// 1613// 1617//
f 1617// 1613// 1614//
f 1617// 1614// 1618//
f 1618// 1614// 1615//
f 1618// 1615// 1619//
f 1619// 1615// 1616//
f 1619// 1616// 1620//
f 1620// 1616// 1559//
f 1620// 1559// 1560//
f 1388// 1592// 1553//
f 1553// 1592// 1617//
f 1553// 1617// 1550//
f 1550// 1617// 1618//
f 1550// 1618// 1547//
f 1547// 1618// 1619//
f 1547// 1619// 1544//
f 1544// 1619// 1620//
f 1544// 1620// 1541//
f 1541// 1620// 1560//
f 1541// 1560// 1374//
f 1602// 1389// 1596//
f 1591// 1607// 1612//
f 1612// 1607// 1599//
f 1612// 1599// 1608//
f 1608// 1599// 1593//
f 1608// 1593// 1601//
f 1601// 1593// 1595//
f 1601// 1595// 1602//
f 1602// 1595// 1389//
f 1411// 1389// 1600//
f 1411// 1600// 1565//
f 1565// 1600// 1605//
f 1565// 1605// 1574//
f 1574// 1605// 1606//
f 1574// 1606// 1579//
f 1579// 1606// 1607//
f 1579// 1607// 1585//
f 1585// 1607// 1591//
f 1585// 1591// 1590//
f 1590// 1591// 1388//
f 1590// 1388// 1386//
f 1621// 1622// 1387//
f 1387// 1554// 1621//
f 1621// 1554// 1555//
f 1621// 1555// 1623//
f 1555// 1552// 1623//
f 1623// 1552// 1551//
f 1623// 1551// 1624//
f 1551// 1549// 1624//
f 1624// 1549// 1548//
f 1624// 1548// 1625//
f 1548// 1546// 1625//
f 1625// 1546// 1545//
f 1625// 1545// 1626//
f 1373// 1627// 1540//
f 1540// 1627// 1628//
f 1540// 1628// 1542//
f 1542// 1628// 1626//
f 1542// 1626// 1543//
f 1543// 1626// 1545//
f 1627// 1629// 1628//
f 1628// 1629// 1630//
f 1628// 1630// 1626//
f 1626// 1630// 1631//
f 1626// 1631// 1625//
f 1625// 1631// 1632//
f 1625// 1632// 1624//
f 1624// 1632// 1633//
f 1624// 1633// 1623//
f 1623// 1633// 1634//
f 1623// 1634// 1621//
f 1621// 1634// 1635//
f 1621// 1635// 1622//
f 1622// 1635// 1636//
f 1629// 1637// 1630//
f 1630// 1637// 1638//
f 1630// 1638// 1631//
f 1631// 1638// 1639//
f 1631// 1639// 1632//
f 1632// 1639// 1640//
f 1632// 1640// 1633//
f 1633// 1640// 1641//
f 1633// 1641// 1634//
f 1634// 1641// 1642//
f 1634// 1642// 1635//
f 1635// 1642// 1643//
f 1635// 1643// 1636//
f 1636// 1643// 1644//
f 1637// 1645// 1638//
f 1638// 1645// 1646//
f 1638// 1646// 1639//
f 1639// 1646// 1647//
f 1639// 1647// 1640//
f 1640// 1647// 1648//
f 1640// 1648// 1641//
f 1641// 1648// 1649//
f 1641// 1649// 1642//
f 1642// 1649// 1650//
f 1642// 1650// 1643//
f 1643// 1650// 1651//
f 1643// 1651// 1644//
f 1644// 1651// 1652//
f 1645// 1653// 1646//
f 1646// 1653// 1654//
f 1646// 1654// 1647//
f 1647// 1654// 1655//
f 1647// 1655// 1648//
f 1648// 1655// 1656//
f 1648// 1656// 1649//
f 1649// 1656// 1657//
f 1649// 1657// 1650//
f 1650// 1657// 1658//
f 1650// 1658// 1651//
f 1651// 1658// 1659//
f 1651// 1659// 1652//
f 1652// 1659// 1660//
f 1653// 78// 1654//
f 1654// 78// 77//
f 1654// 77// 1655//
f 1655// 77// 63//
f 1655// 63// 1656//
f 1656// 63// 62//
f 1656// 62// 1657//
f 1657// 62// 61//
f 1657// 61// 1658//
f 1658// 61// 60//
f 1658// 60// 1659//
f 1659// 60// 59//
f 1659// 59// 1660//
f 1660// 59// 58//
f 79// 78// 1661//
f 1661// 78// 1653//
f 1661// 1653// 1662//
f 1662// 1653// 1645//
f 1662// 1645// 1663//
f 1663// 1645// 1637//
f 1663// 1637// 1664//
f 1664// 1637// 1629//
f 1664// 1629// 1665//
f 1665// 1629// 1627//
f 1665// 1627// 1375//
f 1375// 1627// 1373//
f 58// 43// 1660//
f 1660// 43// 1666//
f 1660// 1666// 1652//
f 1652// 1666// 1667//
f 1652// 1667// 1644//
f 1644// 1667// 1668//
f 1644// 1668// 1636//
f 1636// 1668// 1669//
f 1636// 1669// 1622//
f 1622// 1669// 1670//
f 1622// 1670// 1387//
f 1387// 1670// 1385//
f 1671// 1665// 1375//
f 1375// 1447// 1671//
f 1671// 1447// 1448//
f 1671// 1448// 1672//
f 1448// 1445// 1672//
f 1672// 1445// 1444//
f 1672// 1444// 1673//
f 1673// 1444// 1442//
f 1673// 1442// 1674//
f 1674// 1442// 1441//
f 1441// 1439// 1674//
f 1674// 1439// 1438//
f 1674// 1438// 1675//
f 1377// 1676// 1433//
f 1433// 1676// 1677//
f 1433// 1677// 1435//
f 1435// 1677// 1675//
f 1435// 1675// 1436//
f 1436// 1675// 1438//
f 1676// 1678// 1677//
f 1677// 1678// 1679//
f 1677// 1679// 1675//
f 1675// 1679// 1680//
f 1675// 1680// 1674//
f 1674// 1680// 1681//
f 1674// 1681// 1673//
f 1673// 1681// 1682//
f 1673// 1682// 1672//
f 1672// 1682// 1683//
f 1672// 1683// 1671//
f 1671// 1683// 1684//
f 1671// 1684// 1665//
f 1665// 1684// 1664//
f 1678// 1685// 1679//
f 1679// 1685// 1686//
f 1679// 1686// 1680//
f 1680// 1686// 1687//
f 1680// 1687// 1681//
f 1681// 1687// 1688//
f 1681// 1688// 1682//
f 1682// 1688// 1689//
f 1682// 1689// 1683//
f 1683// 1689// 1690//
f 1683// 1690// 1684//
f 1684// 1690// 1691//
f 1684// 1691// 1664//
f 1664// 1691// 1663//
f 1685// 1692// 1686//
f 1686// 1692// 1693//
f 1686// 1693// 1687//
f 1687// 1693// 1694//
f 1687// 1694// 1688//
f 1688// 1694// 1695//
f 1688// 1695// 1689//
f 1689// 1695// 1696//
f 1689// 1696// 1690//
f 1690// 1696// 1697//
f 1690// 1697// 1691//
f 1691// 1697// 1698//
f 1691// 1698// 1663//
f 1663// 1698// 1662//
f 1692// 1699// 1693//
f 1693// 1699// 1700//
f 1693// 1700// 1694//
f 1694// 1700// 1701//
f 1694// 1701// 1695//
f 1695// 1701// 1702//
f 1695// 1702// 1696//
f 1696// 1702// 1703//
f 1696// 1703// 1697//
f 1697// 1703// 1704//
f 1697// 1704// 1698//
f 1698// 1704// 1705//
f 1698// 1705// 1662//
f 1662// 1705// 1661//
f 1699// 87// 1700//
f 1700// 87// 66//
f 1700// 66// 1701//
f 1701// 66// 65//
f 1701// 65// 1702//
f 1702// 65// 64//
f 1702// 64// 1703//
f 1703// 64// 46//
f 1703// 46// 1704//
f 1704// 46// 45//
f 1704// 45// 1705//
f 1705// 45// 48//
f 1705// 48// 1661//
f 1661// 48// 79//
f 1706// 1707// 1383//
f 1383// 1538// 1706//
f 1706// 1538// 1539//
f 1706// 1539// 1708//
f 1539// 1536// 1708//
f 1708// 1536// 1535//
f 1708// 1535// 1709//
f 1535// 1533// 1709//
f 1709// 1533// 1532//
f 1709// 1532// 1710//
f 1532// 1530// 1710//
f 1710// 1530// 1529//
f 1710// 1529// 1711//
f 1385// 1670// 1524//
f 1524// 1670// 1712//
f 1524// 1712// 1526//
f 1526// 1712// 1711//
f 1526// 1711// 1527//
f 1527// 1711// 1529//
f 1670// 1669// 1712//
f 1712// 1669// 1713//
f 1712// 1713// 1711//
f 1711// 1713// 1714//
f 1711// 1714// 1710//
f 1710// 1714// 1715//
f 1710// 1715// 1709//
f 1709// 1715// 1716//
f 1709// 1716// 1708//
f 1708// 1716// 1717//
f 1708// 1717// 1706//
f 1706// 1717// 1718//
f 1706// 1718// 1707//
f 1707// 1718// 1719//
f 1669// 1668// 1713//
f 1713// 1668// 1720//
f 1713// 1720// 1714//
f 1714// 1720// 1721//
f 1714// 1721// 1715//
f 1715// 1721// 1722//
f 1715// 1722// 1716//
f 1716// 1722// 1723//
f 1716// 1723// 1717//
f 1717// 1723// 1724//
f 1717// 1724// 1718//
f 1718// 1724// 1725//
f 1718// 1725// 1719//
f 1719// 1725// 1726//
f 1668// 1667// 1720//
f 1720// 1667// 1727//
f 1720// 1727// 1721//
f 1721// 1727// 1728//
f 1721// 1728// 1722//
f 1722// 1728// 1729//
f 1722// 1729// 1723//
f 1723// 1729// 1730//
f 1723// 1730// 1724//
f 1724// 1730// 1731//
f 1724// 1731// 1725//
f 1725// 1731// 1732//
f 1725// 1732// 1726//
f 1726// 1732// 1733//
f 1667// 1666// 1727//
f 1727// 1666// 1734//
f 1727// 1734// 1728//
f 1728// 1734// 1735//
f 1728// 1735// 1729//
f 1729// 1735// 1736//
f 1729// 1736// 1730//
f 1730// 1736// 1737//
f 1730// 1737// 1731//
f 1731// 1737// 1738//
f 1731// 1738// 1732//
f 1732// 1738// 1739//
f 1732// 1739// 1733//
f 1733// 1739// 1740//
f 1666// 43// 1734//
f 1734// 43// 42//
f 1734// 42// 1735//
f 1735// 42// 33//
f 1735// 33// 1736//
f 1736// 33// 32//
f 1736// 32// 1737//
f 1737// 32// 14//
f 1737// 14// 1738//
f 1738// 14// 13//
f 1738// 13// 1739//
f 1739// 13// 12//
f 1739// 12// 1740//
f 1740// 12// 10//
f 88// 87// 1741//
f 1741// 87// 1699//
f 1741// 1699// 1742//
f 1742// 1699// 1692//
f 1742// 1692// 1743//
f 1743// 1692// 1685//
f 1743// 1685// 1744//
f 1744// 1685// 1678//
f 1744// 1678// 1745//
f 1745// 1678// 1676//
f 1745// 1676// 1379//
f 1379// 1676// 1377//
f 10// 40// 1740//
f 1740// 40// 1746//
f 1740// 1746// 1733//
f 1733// 1746// 1747//
f 1733// 1747// 1726//
f 1726// 1747// 1748//
f 1726// 1748// 1719//
f 1719// 1748// 1749//
f 1719// 1749// 1707//
f 1707// 1749// 1750//
f 1707// 1750// 1383//
f 1383// 1750// 1381//
f 1751// 1745// 1379//
f 1379// 1431// 1751//
f 1751// 1431// 1432//
f 1751// 1432// 1752//
f 1432// 1429// 1752//
f 1752// 1429// 1428//
f 1752// 1428// 1753//
f 1428// 1426// 1753//
f 1753// 1426// 1425//
f 1753// 1425// 1754//
f 1425// 1423// 1754//
f 1754// 1423// 1422//
f 1754// 1422// 1755//
f 1381// 1750// 1417//
f 1417// 1750// 1756//
f 1417// 1756// 1419//
f 1419// 1756// 1755//
f 1419// 1755// 1420//
f 1420// 1755// 1422//
f 1750// 1749// 1756//
f 1756// 1749// 1757//
f 1756// 1757// 1755//
f 1755// 1757// 1758//
f 1755// 1758// 1754//
f 1754// 1758// 1759//
f 1754// 1759// 1753//
f 1753// 1759// 1760//
f 1753// 1760// 1752//
f 1752// 1760// 1761//
f 1752// 1761// 1751//
f 1751// 1761// 1762//
f 1751// 1762// 1745//
f 1745// 1762// 1744//
f 1749// 1748// 1757//
f 1757// 1748// 1763//
f 1757// 1763// 1758//
f 1758// 1763// 1764//
f 1758// 1764// 1759//
f 1759// 1764// 1765//
f 1759// 1765// 1760//
f 1760// 1765// 1766//
f 1760// 1766// 1761//
f 1761// 1766// 1767//
f 1761// 1767// 1762//
f 1762// 1767// 1768//
f 1762// 1768// 1744//
f 1744// 1768// 1743//
f 1748// 1747// 1763//
f 1763// 1747// 1769//
f 1763// 1769// 1764//
f 1764// 1769// 1770//
f 1764// 1770// 1765//
f 1765// 1770// 1771//
f 1765// 1771// 1766//
f 1766// 1771// 1772//
f 1766// 1772// 1767//
f 1767// 1772// 1773//
f 1767// 1773// 1768//
f 1768// 1773// 1774//
f 1768// 1774// 1743//
f 1743// 1774// 1742//
f 1747// 1746// 1769//
f 1769// 1746// 1775//
f 1769// 1775// 1770//
f 1770// 1775// 1776//
f 1770// 1776// 1771//
f 1771// 1776// 1777//
f 1771// 1777// 1772//
f 1772// 1777// 1778//
f 1772// 1778// 1773//
f 1773// 1778// 1779//
f 1773// 1779// 1774//
f 1774// 1779// 1780//
f 1774// 1780// 1742//
f 1742// 1780// 1741//
f 1746// 40// 1775//
f 1775// 40// 41//
f 1775// 41// 1776//
f 1776// 41// 51//
f 1776// 51// 1777//
f 1777// 51// 54//
f 1777// 54// 1778//
f 1778// 54// 57//
f 1778// 57// 1779//
f 1779// 57// 82//
f 1779// 82// 1780//
f 1780// 82// 72//
f 1780// 72// 1741//
f 1741// 72// 88//
usemtl 1
f 1781// 1413// 1782//
f 1782// 1413// 1412//
f 1782// 1412// 1783//
f 1783// 1412// 1410//
f 1783// 1410// 1784//
f 1784// 1410// 1409//
f 1784// 1409// 1785//
f 1785// 1409// 1416//
f 1785// 1416// 1786//
f 1786// 1416// 1415//
f 1786// 1415// 1787//
f 1787// 1415// 1414//
f 1787// 1414// 1788//
f 1788// 1414// 1408//
f 1788// 1408// 1789//
f 1789// 1408// 1407//
f 1789// 1407// 1790//
f 1790// 1407// 1406//
f 1790// 1406// 1791//
f 1791// 1406// 1405//
f 1791// 1405// 1792//
f 1792// 1405// 1403//
f 1792// 1403// 1793//
f 1793// 1403// 1402//
f 1793// 1402// 1794//
f 1794// 1402// 1401//
f 1794// 1401// 1795//
f 1795// 1401// 1400//
f 1795// 1400// 1796//
f 1796// 1400// 1399//
f 1796// 1399// 1797//
f 1797// 1399// 1398//
f 1797// 1398// 1798//
f 1798// 1398// 1397//
f 1798// 1397// 1799//
f 1799// 1397// 1396//
f 1799// 1396// 1800//
f 1800// 1396// 1395//
f 1800// 1395// 1801//
f 1801// 1395// 1393//
f 1801// 1393// 1802//
f 1802// 1393// 1392//
f 1802// 1392// 1803//
f 1803// 1392// 1391//
f 1803// 1391// 1804//
f 1804// 1391// 1390//
f 1804// 1390// 1781//
f 1781// 1390// 1413//
f 1803// 1804// 1805//
f 1805// 1804// 1781//
f 1805// 1781// 1782//
f 1800// 1801// 1805//
f 1805// 1801// 1802//
f 1805// 1802// 1803//
f 1797// 1798// 1805//
f 1805// 1798// 1799//
f 1805// 1799// 1800//
f 1794// 1795// 1805//
f 1805// 1795// 1796//
f 1805// 1796// 1797//
f 1791// 1792// 1805//
f 1805// 1792// 1793//
f 1805// 1793// 1794//
f 1788// 1789// 1805//
f 1805// 1789// 1790//
f 1805// 1790// 1791//
f 1785// 1786// 1805//
f 1805// 1786// 1787//
f 1805// 1787// 1788//
f 1782// 1783// 1805//
f 1805// 1783// 1784//
f 1805// 1784// 1785//
