:10000000785500202D37000025F801001937000031
:1000100019370000193700001937000000000000F0
:10002000000000000000000000000000D9370000C0
:100030001937000000000000913700001937000058
:1000400051390000C15C01005139000051390000F4
:100050005139000051390000513900005139000078
:100060005139000051390000513900005139000068
:100070005139000051390000513900005139000058
:100080005139000051390000513900005139000048
:100090005139000051390000513900005139000038
:1000A0005139000051390000513900005139000028
:1000B0005139000051390000513900005139000018
:1000C0005139000051390000513900005139000008
:1000D00051390000513900005139000051390000F8
:1000E00051390000513900005139000051390000E8
:1000F00051390000513900005139000051390000D8
:1001000053B94AB9002908BF00281CBF4FF0FF317E
:100110004FF0FF3000F0A0B9ADF1080C6DE904CE4E
:1001200000F006F8DDF804E0DDE9022304B07047D2
:100130002DE9F0470646DDF820E00846B446002BDE
:1001400055D18A42154674D9B2FA82F49C42C4F160
:10015000200205FA04F318BF1D4626FA02F201FA3E
:1001600004F342EA030206FA04F30CBF0A469C4673
:100170002E0CAFB2B2FBF6F14FEA1C4306FB112284
:1001800043EA024301FB07F29A4209D9EB1801F155
:10019000FF3080F002819A4240F2FF8002392B4406
:1001A0009B1A1FFA8CFCB3FBF6F006FB10334CEAEB
:1001B000034C00FB07F363450AD915EB0C0C00F167
:1001C000FF3280F0E880634540F2E580AC440238BD
:1001D00040EA0140ACEB030C0021BEF1000F04D05B
:1001E0002CFA04F40022CEE90042BDE8F0878B42ED
:1001F00008D9BEF1000F01D0CEE900610021084608
:10020000BDE8F08717460A46B3FA83F100294CD1BE
:10021000834202D3B74200F20E81B6EB070C60EBCB
:10022000030301201A46BEF1000FDED0CEE900C262
:10023000DBE7002A00F096801C46B2FA82F3002B1E
:1002400040F0AD808B1A160C90B20121B3FBF6F290
:1002500006FB12374FEA1C4343EA074300FB02F751
:100260009F4207D9EB1802F1FF3802D29F4200F2F9
:10027000E7804246DB1B1FFA8CFCB3FBF6F706FB5C
:1002800017334CEA034C07FB00F0604508D915EB27
:100290000C0C07F1FF3302D2604500F2CE801F46FE
:1002A000ACEB000C47EA024097E7C1F120058B4018
:1002B00027FA05FC4CEA030C00FA01F426FA05F3D0
:1002C000E8404FEA1C42234307FA01F906FA01FA13
:1002D000B0FBF2F71FFA8CF602FB17001C0C44EA85
:1002E000004407FB06F0A0420AD91CEB040407F106
:1002F000FF3880F09E80A04240F29B80023F644421
:10030000241A9BB2B4FBF2F002FB104443EA04430C
:1003100000FB06F69E420AD91CEB030300F1FF34F2
:1003200080F085809E4240F282800238634440EA39
:100330000740A0FB09749B1BA3423E46A04667D31F
:1003400064D0BEF1000F0AD0BAEB060263EB0803DB
:1003500003FA05F5CA401543CB40CEE9005300210E
:10036000BDE8F087730843EAC07349081A0C42EAF3
:1003700001424FEAC67C9BB22846A8462E461F245F
:1003800043EA0243B1FBF5F1B2FBF5F2A3EB08033C
:1003900042EA01415AE710461AE7014600E71C46C7
:1003A000C3F120029D40A04026FA02F3034321FA44
:1003B00002F206FA04FC2E0CA8B2B2FBF6F106FB20
:1003C00011271A0C42EA074201FB00F797423CD979
:1003D000AA1801D2974222D8D21B0139B2FBF6F7F4
:1003E00007FB00F806FB17229BB243EA0243434592
:1003F00029D2EB1807F1FF32C8D2023F434538BF7C
:100400003A465F19434538BF3B46BFE7BA4598D2E5
:10041000B7EB090664EB0C040138A04691E7EF1B2B
:100420003A440239B2FBF6F707FB00F8DAE7204658
:100430007DE7474664E70846F5E6AC44023F2FE710
:10044000023A2B4416E73A46A0E7D21BB2FBF6F776
:1004500007FB00F8C6E700BF704700BF00000000C0
:10046000002273B5114640F6034004F005FA044635
:1004700000284BD103F040FF214601AA41F20300BE
:1004800004F0FAF90446002840D1019D7948E96852
:10049000082201311FF0DDFA284603F051FC214605
:1004A00001AA41F2010004F0E7F9044670BB01988B
:1004B000714DC3685A7885F870205A88A5F8722063
:1004C0001A7985F87120B3F80720A5F87420B3F8DD
:1004D0000530A5F8763003F033FC214601AA41F23D
:1004E000020004F0C9F9044680B9019EF168402277
:1004F000013105F180001FF0ACFA304603F020FC1A
:1005000095F87C305A0604D46FF01204204602B0ED
:1005100070BD214601AA42F2030004F0ADF9044681
:100520000028F3D1019EF1680822013105F1D800BD
:100530001FF08FFA304603F003FC214601AA42F275
:10054000020004F099F904460028DFD1019CE36819
:10055000B3F8012091B249B1D97839B1A5F8042195
:10056000DA78114605F5847024F01EF9204603F070
:10057000E7FB95F87C401F2314F02004A5F82031F8
:1005800018D14FF0FF304FF0FF3103F0EFFF064678
:1005900000286BD002210C301FF0F0FA01234470C8
:1005A00003702246314640F66D4004F065F904467A
:1005B0000028ABD195F89C301B0712D501AA002169
:1005C00042F21C0004F058F9044600289ED101981C
:1005D000C368D3F80120D3F80530C5E9382303F008
:1005E000AFFB95F8D8309E0623D50DF10201684681
:1005F0001FF008FF0446002888D14FF0FF304FF06D
:10060000FF3103F0B3FF064680B304210C301FF026
:10061000B5FABDF800300380BDF8023043802246B1
:10062000314642F2240004F027F9044600287FF402
:100630006DAF95F8D8305C0610D501AA002142F2C2
:100640002A0004F019F9044600287FF45FAF0198EE
:10065000C3685B7885F8223103F072FB4FF0FF30FE
:100660004FF0FF3103F082FF044638B96FF06804A1
:100670004CE700BF780000200000002008210C306B
:100680001FF07CFA95F8D81011F0400F40F20223C9
:10069000024608BF032388074CBF43F02C0343F0F6
:1006A0000C038E0695F8D96006F0090648BF43F0A2
:1006B00040030EB143F4006301F0010143EA01106D
:1006C00000211FF09AFC2146002242F2010004F0B2
:1006D000D3F8044600287FF419AF95F87C30B5F8BC
:1006E0000411980600F18580C9B901AA41F20500FC
:1006F00004F0C2F8044600287FF408AFB5F80431CE
:10070000019C4BB9E368B3F80120A5F804219A884D
:100710003F48114624F048F8204603F011FB4FF003
:10072000FF304FF0FF3103F021FF044600289DD039
:1007300008210C301FF022FA95F8D830D90702466C
:100740005CD434484FF000511FF057FC2146002282
:1007500040F6014004F090F8044600287FF4D6AE3D
:10076000014601AA4FF6014004F086F8044648BB52
:10077000019803F0E5FA214601AA4FF6024004F081
:100780007BF80446F0B9019E2348F168022201314A
:100790001FF05FF9304603F0D3FA95F8C1305B07DC
:1007A00010D501AA21464FF6034004F065F848B978
:1007B000019C1A48E168012211441FF04AF92046C1
:1007C00003F0BEFA1FF0F8FF044600287FF49EAE47
:1007D00006F040F8044600287FF498AEEB79002B31
:1007E0003FF494AE08210E481FF06DFB03F096FF16
:1007F0008CE6002993D16FF0040487E602A1D1E9C9
:100800000001A1E7AFF30080908800020080002083
:100810000801002010880002C1000020C000002054
:10082000D4000020000000002DE9F8438846D0E9FC
:10083000071685698C192F34A54291461AD81E4E89
:100840001BA3D3E90023A1FB0601FFF759FC0346D4
:10085000601BA0FB060123F07F4415A3D3E900230E
:10086000FFF74EFC20F07F40C8F80040C9F80000B8
:10087000BDE8F883104F0EA3D3E90023A5FB0701C1
:10088000FFF73EFC20F07F440C480A2108A3D3E97F
:100890000023E6FB0701FFF733FC20F07F40C8F898
:1008A0000040C9F80000BDE8F88300BFAFF3008046
:1008B0008D49FD1A0700000000CA9A3B00166BF133
:1008C0002DE9F0478E4C94F85E508EB005F001058E
:1008D000002800F0EB80002D40F07E81607EFF2339
:1008E00000F00300A37614F06DFD94F85E0042075B
:1008F00000F1CD80627F94F8293004EB820204EB92
:100900008303166ADB6A984686B17D4831460EF04D
:10091000BFF833785B0605D5062109F037F90028C2
:1009200000F09781764841460EF0B2F8337813F024
:100930000E0F40F09980636923B10C2528460EB054
:10094000BDE8F0870BF0AAFC0746002800F08D8177
:100950000BF0B0FC8146002800F084810EF0AAFB69
:100960000346002800F07B81D0F888004FF6FF7224
:100970009A8403F1100A002800F0798103F17C02C7
:1009800003F178010B9309F00DF90B9BB3F8761086
:1009900021F4EF6121F0070141F48C7141F0010174
:1009A000A3F8761093F8371001F03F0161F07F0152
:1009B00083F8371093F88E1021F0070183F88E101A
:1009C00093F83C1021F00F01002283F83C104FF403
:1009D000C021C3F88811C3E91222C3F88820A3F804
:1009E0008C2083F839205A85C3F82E201A65A3F885
:1009F0008E21A3F88421184610F040FD0B9B0022A5
:100A000083F85021C3F854710EF056FE0B9B93F8F7
:100A1000941160F3020183F894110EF053FE0B9BC6
:100A200093F894C160F3C50C93F8800183F894C1E6
:100A300020F0020083F88001012118460FF056FAD9
:100A40000B9B03F1D40010F0E7FA0B9BC4F814A041
:100A50000022C4E91579C3E902221A701B6115F05E
:100A60005BFF002840F0F780237E0121C3F342039F
:100A70000DF133008DF8333009F038FA002847D1F2
:100A80006369002B3FF459AF0DF0BCFC55E72A46D3
:100A900004F15F01C0F3C00014F00CFEFF28A07643
:100AA0003FF428AF284614F0A7FC23E7002D3FF4BD
:100AB00045AF63695BB193F82C2042F0020283F8E2
:100AC0002C20636993F82C30D9073FF536AF0C48DA
:100AD0000BF0B6FCA0420ED00A4A0B490B4840F678
:100AE00026331DF056FE002383F31188BFF36F8F6A
:100AF0000323184602DF0EB0BDE8F0470DF0C6BC78
:100B0000B0200020685B02007C5C0200CC57020031
:100B100098F80110024630460DF048FD584A594BEE
:100B2000B4F85C700721E0FB023118464FF0000377
:100B300023700023C4E902334FA3D3E90023FFF756
:100B4000DFFA60600AF0F0FC00F10908002F7ED1A6
:100B5000327802F00F02A2F10102B2FA82F25209D7
:100B6000207E636862F3000010F00106207638D022
:100B7000454A0493002001930992CDE90200022620
:100B80000694434600900DAF1060C1463F4ADFF81F
:100B9000008105920321CDF81C80089732460D96FE
:100BA0000AF0B8FB39460BF035FC00287FF468AF3B
:100BB000384A05924AF2D8320092CDE90300CDE9D5
:100BC0000100CDF81C80089706944B4601220321B2
:100BD0000D960AF071FB2BE0002528460EB0BDE80B
:100BE000F087294A2C48049303F24713069402968F
:100BF00091211360A7FB000301FB0731244B0793EE
:100C0000224B059302230D930DAB08931F464FF61D
:100C1000FF730992039318A3D3E90023FFF770FA37
:100C20004346CDE900600222304603210AF072FB00
:100C300039460BF0EFFB00287FF422AF94F85E30CA
:100C40000120034384F85E3014F09EFB76E6002218
:100C500086E7122572E60DF0D5FB03256EE64846C1
:100C60000BF02EFB38460BF01FFB072566E603F161
:100C70008000C3F8880081E68D49FD1A0700000056
:100C800000CA9A3B8C49FD1AA42000201DE60000F2
:100C9000A1B60000A5E10000002AE78400000000E2
:100CA00070B5037E8AB0C3F342030D4604460121AA
:100CB0000DF1230016468DF8233009F017F97178ED
:100CC000024628460DF072FC1D4A1E4B0721E0FB30
:100CD0000231184618A3D3E90023FFF711FA63681D
:100CE0009842054621D21B1A00220192164A02930D
:100CF000164BA21A0221A3FB023201EB521200236F
:100D000009AE099112490591CDE9033303210696F5
:100D1000D2B2009318460AF05BFB31460BF07AFB27
:100D200038B9656000200AB070BDFBD9C21A002333
:100D3000DBE70C200AB070BD8D49FD1A07000000EA
:100D400000CA9A3B8C49FD1AB02000204FECC44EDB
:100D5000A1B60000000000002DE9F04F81468BB0E5
:100D60008A46012002219846144617F0D5FD00223C
:100D700002218346012008F065FF3D494FF4D072FF
:100D8000484608F0EDFEC51C3A4B0093EDB2CDF895
:100D9000049043462A46012100200AF081FB10F00E
:100DA000FD0F0ED0344A3549354840F6B4031DF0E6
:100DB000F0FC002383F31188BFF36F8F03231846E1
:100DC00002DF304FA4FB074727A3D3E900232046C7
:100DD0003946FFF795F9CDF82090CDF81890D9F85D
:100DE00004300493284B20F07F46A6FB0331E01A21
:100DF000264B07934FF00702254B059302FB061184
:100E00004FF6FE7367EB010103934FF47A720023F0
:100E1000FFF776F9CDF800A0CDE9016043462A46F8
:100E2000012100200AF048FA10F0FD0F0ED0124AFE
:100E30001249134840F6C9031DF0ABFC002383F3AD
:100E40001188BFF36F8F0323184602DFBBF1000F39
:100E500002D10BB0BDE8F08F0122022110460BB089
:100E6000BDE8F04F08F0EEBE8D49FD1A0700000006
:100E7000380D0020CDEF00001C5D0200E05D020097
:100E8000CC57020000CA9A3B8D49FD1A6DEF000055
:100E90004D47010000000000F0B58468A28C4FF6B9
:100EA000FF739A428FB000F0DB800546204610F0B9
:100EB00097FD2B7D012B00F0FC80022B00F0D280EF
:100EC00033B994F88E3003F01803182B00F03981F1
:100ED00094F85061002E40F0C880E38D94F93720DB
:100EE0001F462B8ACDE90C66002B00F0C580B2426C
:100EF000C0F241810023A4F88A31AA7CA38D02F0BC
:100F000003020133012A9DB200F03181B4F88E2131
:100F1000002A00F0D780AA4240F24F81521B92B2C1
:100F20000021062AA4F88E21E18540F2C88094F9B8
:100F300037208A42C0F24681002294F83C1062F3C6
:100F4000820184F83C100DF12F022946204610F052
:100F5000D1FA743000F03A81B4F888212AB1AA425B
:100F600040F2DF80521BA4F88821B4F884212AB112
:100F7000AA4240F2CF80521BA4F88421E58D16B915
:100F8000AF4200F0C2800135ADB294F8D13013F019
:100F900001000ED1DDE90CC3002B3AD1BCF1000FEA
:100FA00040F0B5800DB9002E5AD00020014603460E
:100FB00030E094F9372023F00103002A84F8D1307F
:100FC000C0F29B8094F87600C0F3C00100F00700E7
:100FD00015F0B8FAB4F86E20B4F86C301344E28B14
:100FE00003F23F13134418449B4A9C4B0721E0FB38
:100FF0000231184696A3D3E90023FFF781F8616810
:1010000020F07F429142DDE90CC380F0CC80501A81
:1010100062600021A28C24690694CDE90356033254
:101020008F4D0291CDE900C0D2B20121002005957B
:101030000AF0CEF910F0FD0F12D00BF019FAA04211
:101040000ED0884A8849894840F282531DF0A1FB9E
:10105000002383F31188BFF36F8F0323184602DF49
:101060000FB0F0BD3D2684F85061314620460FB0E8
:10107000BDE8F0400EF00ABC9A42B8BF84F8756132
:10108000AA7CA38D02F003020133012A9DB26ED027
:10109000B4F88A21002A3FF439AFAA4240F29C807A
:1010A000521BA4F88A21B4F88E21002A7FF433AFB2
:1010B00043E70023A4F88831A4F8843108E7012627
:1010C00032463AE7E18C052997BF013140F2E2420E
:1010D0004FF4FA7289B202FB01F1B4F88C2142F2AA
:1010E000107000FB0212013AB2FBF1F292B2A4F8C6
:1010F0008E21002A7FF40FAF1FE794F877000121BB
:1011000000F0070015F020FA64E735463DE7184681
:1011100019467FE70023A4F88431204610F092FAA4
:101120002CE70BF00DF9014600285AD00022A4F854
:101130008821A28CC2801B22027100680BF0D2F8B9
:1011400013E7218DB4F886218B1D9A42C4BF931FEB
:101150005B1AB4F88211CCBF9BB2134699424FD0B0
:10116000A4F88231A4F88431A4F88821B0E60022E2
:10117000A4F88E21E1E694F87531002B46D0013BAE
:1011800084F8753104F1D403184609930FF084FFF5
:10119000099B002849D018460FF07EFF002849D04F
:1011A0000023E385A6E6891A6260002B3BD151EA51
:1011B0000C023FF4F7AE18462CE7082120460EF04B
:1011C00065FB4DE78FB10A460126B6E69DF82F1064
:1011D00020460EF05BFB43E73E2120460EF056FB17
:1011E0003EE70122A4F88821BFE6D4F878617208AE
:1011F00016F0010618BF42F00042C4F878219BE6C1
:10120000B4F8881100297FF463AEABE70CAA0DA9EE
:101210002846FFF709FBDDE90C231343B2D02378FE
:1012200084F87531AEE70020F4E6FF200EF0F0FA06
:10123000099BB0E70246D4E91E0108F0C7FC00286C
:10124000AED194F83C301B0744BF238DE38551E6B3
:101250008D49FD1A0700000000CA9A3B8C49FD1A0F
:1012600029EF00001C5D02005C5E0200CC5702000A
:101270002DE9F04F87B0CDE903120593BDF8442066
:1012800003780192BDF84820BDF840B0BDF84C800D
:10129000B0F8309002920446002B00F0088109F16A
:1012A000FF3994F87600D4F80C71A9EB08039DB2CD
:1012B000C0F3C00100F00700009515F043F9E68C7B
:1012C000052E40F2EC8016FB05F6B6B240F2E24A7B
:1012D000BBF1050F40F2D780B4F86E20B4F86C3043
:1012E000134403F2D51318447F4A804B0721E0FBD7
:1012F000023118464FF09613E3619623238478A3B6
:10130000D3E90023FEF7FCFE5D4620F07F4040F26B
:10131000E2420AFB06F302FB05F55E1E2E44B6FB15
:10132000F5F61FFA86FA606005FB0AF0834280F04A
:101330009D806D49C01AA0FB010169A3D3E9002378
:10134000FEF7DEFE20F07F400744628DB4F81431D2
:101350001A44904494F83720A8EB09084644D2096F
:10136000668500F0AA80216CDFF87C8103FB011206
:10137000009B01FB03F3A16C0A44616C8A4294BF99
:10138000C3EB0203C3EB0103A36415F019FB06468C
:1013900094F87401C0F3420015F016FB064405FBF7
:1013A00006F6534B06F5742606F23F26A3FB0636D7
:1013B000B60CA36C266406FB0AF06A080344963A4E
:1013C000934228BF1346C4E91123049B40F2E2492B
:1013D00009FB03F323650023C4F87C31A0FB08015B
:1013E0003FA3D3E90023FEF78BFE424B059A3F1A39
:1013F000A3FB0230800A09FB00F0A0FB080138A320
:10140000D3E90023FEF77CFEAE1B20F07F48019B52
:101410002385029BA4F88C3129462046A4F826B0E7
:1014200010F0A4F8228D344B911DEB18B3FBF5F3AB
:101430009A1A98B2063AA4F88631884288BF1346B1
:10144000A4F88231039B13B10023A4F88E313B46EC
:10145000324641462046FFF77FFC94F8803143F046
:10146000010384F8803107B0BDE8F08F1B1A1E48D5
:10147000A3FB00011AA3D3E90023FEF741FE20F0ED
:101480007F403F1A61E74FF096130BF10105E361CE
:101490009623ADB223844FF4FA720A2039E7009BF9
:1014A000013616FB03F6B6B24FF4FA7A10E7438D15
:1014B0009944B0F814319944F3E6104A10491148A0
:1014C00040F685131DF065F94FF0000888F3118888
:1014D000BFF36F8F0323184602DF2E4697E700BF46
:1014E0008D49FD1A0700000000CA9A3B8C49FD1A7D
:1014F00083DE1B435917B7D17FC3C9011C5D0200AE
:10150000A8580200CC5702002DE9F04F0B6816686E
:10151000D3F80090037F97B00F46C3F3801300F118
:101520001E010446154614A806228DF847301EF009
:1015300090FA97F8118012ABB8F1FF0F0D935FD0BE
:101540001A460DF14701404613F03AFC9DF847302A
:1015500002338DF84730A34603225BF81C3B0B9304
:1015600004F12E0105F108001EF073FA042205EBC8
:10157000020A04F12A0150461EF06BFA05F122031B
:101580000522184604F13A010C931EF062FA0C98F9
:10159000052108F0ABFC95F8273000F03F0060F320
:1015A000050385F8273094F83F30C3F3040385F82A
:1015B0002830A28EEA8201280AD91B3303F01F03C8
:1015C0000B2B05D8063A92B240F67A439A421DD9BF
:1015D0000022C9F8082095F82C300B9862F300031C
:1015E00085F82C30012621462671E4680AF06EFE4B
:1015F0002068267121460AF075FE17B0BDE8F08F0D
:10160000062214A918461EF024FAA4E73B6800211C
:101610005960E38EEA8A2B8340F2E24303FB02F235
:101620000C92628E0F9230460FF0B6FF94F83F2076
:1016300096F87411520962F3430186F8741115F09B
:10164000BFF90E9096F87401C0F3420015F0BCF992
:101650000E9A0C9BBE49024403FB02F202F574226F
:1016600002F23F22A1FB0212920C2A635A08963A18
:101670006A6394F83120194640F2E24302FB03F317
:101680006B64238FA6F88C3130460FF06FFF0C99F6
:10169000B04BB14AC6F89021CB18B3FBF1F3A6F8D2
:1016A0008631298B581A1FFA83FC063106388C457F
:1016B000C8BF0346A6F882310422514606F5BC7025
:1016C0001EF0C7F9237F1BF0010FC3F340130E93E5
:1016D00040F014814FF48073A38399F81A0014F03A
:1016E00053F90146062204F12B00002900F0EA809C
:1016F00004F124011EF0ADF9B8F1FF0F04F125004B
:1017000000F0E38014A906221EF0A3F99DF84730EB
:101710000D99A377062204F11F001EF09AF9EB8AB7
:1017200063862B8BA386B6F88C31E38696F87431EA
:10173000C3F3420384F8383030460DF0C7FCA8826A
:10174000E08021460B987C680AF0C0FD1C23AA8A21
:1017500023710E9BD4F80080E280002B40F0BA8009
:101760000E9B2377214640460AF0BCFD95F86700A2
:10177000B5F85C80B5F85E40012100F0070014F078
:10178000E3FE04EB080303F2D513DFF8D0818246B1
:10179000034473480721E3FB08014FF09613C5E9A2
:1017A000033369A3D3E90023FEF7AAFC20F07F40AE
:1017B00070602A6B0C9B0F989D1AFB6840F2E24107
:1017C00001FB003404F2B3440221A41A01200022D8
:1017D00008F038FA48460DF019F9A4EB0A045AA3A8
:1017E000D3E900238246A4FB0801FEF789FCCDF86B
:1017F0000490BB685B49009120F07F480AF1020227
:101800003A3BD2B243440121002009F049FE0128AD
:1018100000F0838099F81830DB0767D430460DF06C
:1018200055FC4E4CA5FB044947A3D3E9002383464E
:1018300049462046FEF764FCBB684B4A0792A3F179
:101840003A0A4A4B069620F07F45A5FB0331E01A81
:10185000474B05934FF4F8730893736804934FF064
:10186000070303FB051169EB010100244FF47A72B1
:1018700000230394FEF744FC0BF10307FFB2CDE90C
:101880000150CDF8008053463A460121204609F028
:1018900013FD10F0FD0F0DD0364A3749374840F29E
:1018A000F1131CF076FF84F31188BFF36F8F0323CD
:1018B000184602DF01220221104608F0C3F917B0D2
:1018C000BDE8F08F1EF0D0F816E7062200211EF0CA
:1018D000CBF81BE795F8273043F0400385F8273015
:1018E000504613F051F8012328853AE700230122DE
:1018F00000931846114609F091FD8FE71D4A2049D3
:101900001E48FD231CF045FF002383F31188BFF31D
:101910006F8F0323184602DFDCE60AF0A9FD81453C
:101920003FF478AF134A174914484FF426731CF05C
:1019300030FF002383F31188BFF36F8F0323184612
:1019400002DF67E7AFF300808D49FD1A0700000052
:1019500083DE1B437FC3C901404B4C0000CA9A3B46
:101960008C49FD1A09470100D54601008D49FD1A31
:101970004D47010088620200E05D0200CC57020082
:10198000F05A0200E46202002DE9F04F344F354E68
:101990008FB00DF1370183460DF136000AF012FDCC
:1019A0009DF836909DF837A009F0BEFD3D680B907C
:1019B000A5FB064528A3D3E9002320462946FEF7C8
:1019C0009FFBCDF818B020F07F487868264B059330
:1019D000A0FB060120A3D3E900230026CDE907667A
:1019E000FEF78EFB214B20F07F40A8FB033107223E
:1019F000CDE9036002FB0811E01A65EB01014FF429
:101A00007A720023FEF77CFB0B9B0096CDE90180E8
:101A100052464846032109F04FFC10F0FD0404D063
:101A20006FF08B000FB0BDE8F08F1148114A002312
:101A30001BF07EFB18B9F8680FB0BDE8F08F9DF879
:101A400037209DF8360000942346032109F0E6FC78
:101A50006FF07300E6E700BF8D49FD1A0700000034
:101A6000C026002000CA9A3B455C01008D49FD1A42
:101A7000A8260020447B0B0038B50F4D044609F022
:101A800053FDA96809F052FD696803460B48B3FB92
:101A9000F4F4A1FB00011C4405A3D3E90023FEF7E5
:101AA0002FFB20F07F40844294BF0020012038BDEE
:101AB0008D49FD1A07000000C026002000CA9A3B8D
:101AC000F0B5C468636883B00646002B64D116F095
:101AD00073FA002016F098FA0021084616F086FAEC
:101AE00000222521082016F0C3FA474B019301A8D4
:101AF00016F0AAFA454940F25B6016F057FB237ACC
:101B0000C3F3420262F306132372204615F08AF9EA
:101B100014F018F8637A03F0030340BBF3B92768A5
:101B20003568384614F0B4FC054405F109017268C3
:101B3000012016F089FC16F055FD20460CF072FFCE
:101B4000811C2A46C9B2384614F0A4FC054670BB75
:101B5000204614F043FC70B903B0F0BD012013F02F
:101B600007FC4178821C007816F00EFCD7E7181E9F
:101B700018BF0120F3E7264A2649274840F22943A7
:101B80001CF007FE85F31188BFF36F8F03231846FF
:101B900002DF002003B0F0BD93F82C309B0796D0F5
:101BA0001E48214616F0C4F916F0AEFAF1E7184ABD
:101BB0001B49194840F211431CF0EBFD194B07215A
:101BC000A5FB030301FB05310DA3D3E90023FEF7B9
:101BD00097FA1549024615481CF0DBFD002585F3F0
:101BE0001188BFF36F8F0323184602DF1048214688
:101BF00016F09EF916F088FA6FF08B00ACE700BF84
:101C000000CA9A3B00000000D6BE898E555555008B
:101C1000D0660200BC590200CC5702002D660100BC
:101C2000A85802008D49FD1A8C6A02005467020010
:101C3000D569010000000000F0B5C468A28A4FF623
:101C4000FF739A4283B000F0DA80074615F03EFC3D
:101C50003B89628B208CA3831A4492B2104494F87F
:101C60002730E28380B2411C218403F03F0500212C
:101C70005B06618300F19B8094F82810009504F1C5
:101C8000220304F1290012F039FE0546D4E90C3193
:101C9000A28B02FB0333A26B1344E26B8B4294BF13
:101CA000D21852188A4228BF0A46636CE263226C3B
:101CB00094F86710134494F82C20636461F30612BF
:101CC00084F82C2094F87E20002312F00402A363F1
:101CD000236476D016F070F9002016F095F9201DD7
:101CE00016F0B2F92389A17A40F25B6043EA014120
:101CF00016F05CFA284614F0E1FB21465A4816F02B
:101D000017F9A08916F094FB94F8662094F8670000
:101D1000C2F3C003002102F0070200F0070016F032
:101D2000ADFA204615F084FC26683D68304614F074
:101D3000AFFB05447A6805F10901002016F084FB29
:101D4000074616F023FC002016F03AFCE36B94F8EB
:101D5000670003F12F02636C00F0070003EB4203FE
:101D600001211F4416F0C2F93B1894F8670000F0F7
:101D70000700022823D004280CBF4FF4BC7228228D
:101D800001219F1816F0B4F9384416F0F1FBA18A2E
:101D900003312A46C9B2304614F07CFB05460028C0
:101DA00034D1204614F01AFBC0B903B0F0BD2B4665
:101DB000218D04F1220212F0EBFD054666E71822A0
:101DC000DEE7D4E91A0107F001FF002882D194F878
:101DD0007E3043F0040384F87E307BE7234A2449B5
:101DE00024484FF4B0731CF0D4FC85F31188BFF382
:101DF0006F8F0323184602DF002003B0F0BD1E489A
:101E0000214616F095F816F07FF9F5E7174A1B49B9
:101E100018484FF4AB731CF0BCFC194B0721A5FB11
:101E2000030301FB05310EA3D3E90023FEF768F994
:101E30001449024614481CF0ACFC002585F31188B7
:101E4000BFF36F8F0323184602DF1048214616F0B8
:101E50006FF816F059F96FF08B00A6E7AFF300802A
:101E600000CA9A3B00000000B97801000068020037
:101E7000BC590200CC5702002D660100A858020090
:101E80008D49FD1A986A0200546702000566010038
:101E9000F0B403460A461979DB88006813430A4AFE
:101EA0000669876834689A4308BF83F44023012594
:101EB0008D4023F48012DB074CBF2C43AC433460CD
:101EC0003B68F0BC184700BF0100100008B5044B88
:101ED00001221A7002F0C2FE08B1024B186008BD60
:101EE00058330020D01200202DE9F0412E4F3B78CE
:101EF00088B0064633B103F017FC044610B110F168
:101F0000780F4CD1294DDFF8A88000233B702B704F
:101F1000C8F8003002F0C8FE044600283FD1254929
:101F2000024607F057FCD8F80040002C37D116B90C
:101F30002E7886F00106204D30462E701F4E07F099
:101F400045F90FCE03AC0FC4336823602B780BB96F
:101F50008323049301261A4B1A490096032203A8EF
:101F600003F0ACFB0446D0B93E7022F06FFE4FF494
:101F70007A72A0FB020302FB01312D78124AC00BDA
:101F800047F2305340EA4140A54218BF13461B18A0
:101F90000E4A4FEAD13141F10001C2E90031204639
:101FA00008B0BDE8F08100BF5A330020583300204C
:101FB000D0120020CD1E0000593300201052020024
:101FC0008852020090520200C0D40100780700201D
:101FD000064B10B59C684FF48051636903489847DD
:101FE000002140F6CD4022F0AEFDF4E7744E020031
:101FF000084B1A691268D20448BF80F0010028B16A
:102000009B68DB6803484FF4805118479B681B6945
:10201000F8E700BF744E020001481BF04FB800BF44
:10202000F805002008B50F4BBFF35B8F002253E883
:10203000001F43E800200028F9D1BFF35B8F00F0B8
:10204000EBFABFF35B8F084B012253E8001F43E814
:1020500000200028F9D1BFF35B8F0448BDE8084099
:102060001BF02CB8D8120020D4120020F805002054
:1020700038B50122044659B1BFF35B8F0F4B53E8CB
:10208000001F43E800200028F9D1BFF35B8F38BD63
:102090000B4BBFF35B8F53E8001F43E80025002D77
:1020A000F9D1BFF35B8F02211EF034FE0028EED081
:1020B00020460521BDE838401EF0C3BDD4120020E3
:1020C000D81200202DE9F04F91B0974C204622F015
:1020D000D3F9002800F0D981204622F0CDF900285C
:1020E00000F0D381204622F0C7F98146002800F095
:1020F000CC818E484FF4B011FFF7CAFE002840F0A3
:10210000C9818B484FF48031FFF7C2FE28B9894856
:102110004FF48031FFF7BCFE08B1FFF759FF864A44
:10212000864B53604FF4A0739360A368DB69002B68
:10213000F3D081490122204698470028EDD17C4800
:102140001CF044F90028E8D17A481CF03FF9002837
:10215000E3D102F049FC0028DFD11DF011FA00287C
:10216000DBD1FFF7C1FE83460028D6D1CDE90E00B2
:10217000CDE90C00CDE90400CDE90A00CDE9080065
:10218000CDE90100DFF8B8A100900646804622F0B4
:102190005DFD6C4A039105460020BFF35B8F52E85A
:1021A000003F012B03D142E800010029F7D1BFF322
:1021B0005B8F0FD1029B8AF8000023B1624902F0C5
:1021C000FDF90028A9D10298FFF78EFE0028A4D1BE
:1021D000CDE90100062154481CF0E3F80821074628
:1021E00051481CF0DEF850EA070296D4039B4FF4E6
:1021F0007A72A5FB024502FB035547EA4003E40B54
:102200009B4544EA454403934FEAD53540F0A2800C
:102210000E9BB4EB030B0F9B65EB0303BBF11E0F8F
:10222000079373F10003C0F2EA80039B03F00203FB
:102230000693039B13F0010735D0B8F1000F32D19C
:10224000424BBFF35B8F1A68BFF35B8FEAB1019A11
:10225000DAB9012000F0B8F93C4BB0B914F13C03F5
:102260000A934FF0010045F100030B93FFF7C0FE06
:1022700014F15003049345F100030593069B002BD2
:1022800040F00B814646B84670E0BFF35B8F1B6899
:10229000BFF35B8F3BB99AF8000020B9FFF724FE2B
:1022A00000287FF43AAF069B002B00F0AA80002E96
:1022B00000F0A980009B002B40F0A980089BE11A48
:1022C000099B40F6B83265EB0303914273F10003BA
:1022D0000FDBBFF35B8F1D4B1B68BFF35B8F63B1DD
:1022E000009A1B49012003F039FFCDF80890CDF882
:1022F00000904E4635E00196DCE79AF8003023B1B5
:1023000003F012FA00287FF408AF00200E498AF883
:10231000000002F053F900287FF4FFAE0120FFF720
:10232000E3FD0028E3D0F8E6744E0200A852020054
:10233000B8520200B0520200DC1200201920000046
:102340005A330020D412002095780200D8120020C1
:10235000C7E30100CDE90E454FF0000B4746CDF82D
:102360001CB0019B002B54D1B846019F9AF8003055
:10237000002B6BD0BFF35B8F4C4B1B68BFF35B8FA5
:102380007BB94B4BD3E90023944275EB030308DB85
:1023900003F0CAF900287FF4C0AE8AF8000006F006
:1023A00015FF9AF80030002B50D0BFF35B8F3F4BE6
:1023B0001B68BFF35B8F002B48D10C9B3D4AE11A91
:1023C00012780D9B65EB0303002A0CBF4FF4FA62F1
:1023D0004FF4FA72914273F1000337DB0120FFF7EB
:1023E00007FE14F11E03CDE90C45049345F10003EB
:1023F0000593039B03B99FB34FF4A4723DE0474696
:10240000AFE7069EADE7CDE90845009671E7009E6F
:10241000A7E70A9B9C420B9B75EB0303A4DB002000
:1024200000F0D2F878B10A9BE11A0B9B40F2E93236
:1024300065EB0303914273F1000395DB1E49002213
:10244000012003F08BFEB84600278FE7049B9C42D7
:10245000059B75EB0303CCDB0020FFF7C9FDC8E744
:10246000079BBBF1280F73F10003C5DB049B9C4263
:10247000059B9D41C0DB4FF4804200230F481AF0BA
:1024800057FEDDF80CB0019781E66FF0120011B035
:10249000BDE8F08F6FF00400F9E7002E7FF42BAF5A
:1024A0000096CDE908453E46EDE600BFD812002073
:1024B0007807002059330020C7E30100F805002009
:1024C0001FB502240294044C0194BDF818400094F6
:1024D0001FF0BFFD04B010BD5D7802001FB50124E0
:1024E0000294044C0194BDF8184000941FF0B1FD13
:1024F00004B010BD5B3300201FB51B240294044CB4
:102500000194BDF8184000941FF0A3FD04B010BD65
:10251000637802001FB504240294044C0194BDF8B2
:10252000184000941FF095FD04B010BD5F780200C4
:1025300010B5BDF8081099B9012B14D11278012AF1
:1025400014D8BFF35B8F0B4982F0010251E8000FF2
:1025500041E80024002CF9D1BFF35B8F184610BD71
:102560006FF00600FBE76FF00C00F8E76FF0120069
:10257000F5E700BFE81200204A1E5142064BBFF3A8
:102580005B8F514153E8002F43E800100028F9D138
:10259000BFF35B8F704700BFEC120020084BBFF306
:1025A0005B8F1868BFF35B8F40B1BFF35B8F054B48
:1025B0001868BFF35B8FB0FA80F04009704700BF26
:1025C000EC120020E812002000B589B00246FFF7A7
:1025D000E5FFC8B18DF807200021182202A81DF0E0
:1025E00043FA0B4B03930DF10703049302A9012354
:1025F0000020ADF8143006F035F818B9054B9DF8F9
:1026000007201A7009B000BD6FF00C00FAE700BF98
:10261000245302005B3300200C4ABFF35B8F00237E
:1026200052E8001F42E800300028F9D1BFF35B8F69
:10263000BFF35B8F064A52E8001F42E800300028D3
:10264000F9D1BFF35B8F034A13707047EC1200207F
:10265000E81200205B33002030B50A4C0A44914256
:1026600000D130BD11F8013B58400309E35C83EA17
:102670000013DDB2C3F30313E05C80EA0510C0B2BF
:10268000EDE700BF7E780200014B1B68184700BFD2
:10269000B801002007B50B46002102460091024810
:1026A00000F01AF803B000BD8926000030B587B0ED
:1026B0000024CDE903010546009403A905480594CB
:1026C00000F00AF8DDE904309842B8BF2C5407B096
:1026D00030BD00BF9FE601002DE9F04F95B08B465D
:1026E000029091461C46002599F8000008B928463A
:1026F0003BE225280CD0029B594698470028C0F29F
:10270000348209F1010301350493DDF81090EBE701
:10271000182200210EA81DF0A7F999F801A0BAF11E
:10272000250F52D0002109F101028E468C460F463A
:102730000E4613782B2B10467DD075D8202B7CD0DD
:10274000232B7DD029B19DF8401041F040018DF838
:102750004010BEF1000F05D09DF8401041F020015F
:102760008DF84010BCF1000F05D09DF8401041F0ED
:1027700010018DF840102FB19DF8401041F0080174
:102780008DF840102EB19DF8401041F004018DF8F5
:1027900040109DF8401001F04406442E04BF21F083
:1027A00040018DF840109DF840102A2B41F0800127
:1027B0008DF8401040F0AD80531C9DF8412042F050
:1027C00001028DF84120002752E009F102034FF089
:1027D0000008049347469DF84120D60740F15081F8
:1027E00054F8047B002F06DA9DF8401041F00401F4
:1027F0008DF840107F42500740F1498154F8042B76
:1028000042EAE2789DF842109DF8412001F007016C
:102810000139C2F3C302032900F27581DFE811F028
:102820003D015B01990191012D2B0CD0302B89D1F9
:10283000012101327DE70127FBE74FF0010CF8E7AA
:102840004FF0010EF5E70126F3E70CFB0717013205
:10285000303F1178A1F13006092E1346F5D9904288
:10286000B1D09DF84020F90F61F341028DF840206E
:102870001A782E2A9DF841200CBF0121002161F316
:1028800041028DF841204DD159782A2945D05A1C52
:102890004FF000080A261178A1F1300009281346EC
:1028A00043D99DF84020C2F3400141EAD87161F359
:1028B00041028DF84020194611F8012B6C2A56D0A0
:1028C00039D8682A3FD06A2A5BD04C2A61D013F8E5
:1028D00001AB0493BAF1780F13D8BAF16D0F9DF8DC
:1028E000412063D8BAF1690F0BD8BAF1570F7BD8E2
:1028F000BAF1410F00F0AE80AAF14502022A40F27F
:10290000A9809DF8402042F001028DF8402000226D
:1029100094E000274FF00A0C9BE742F004028DF888
:10292000412002334FF00008C5E706FB08180132CA
:10293000A8F13008AFE7742A27D07A2AC7D19DF8CA
:10294000413006220DE05A78682A9DF8412006D1D0
:10295000012161F3C6028DF841200233B7E7134627
:10296000022262F3C6038DF841300B46AFE75A7876
:102970006C2A9DF8412001D10421EAE71346032285
:10298000EFE79DF841300522EBE79DF84130072243
:10299000E7E7BDF8403023F4F04323F0020343F4AB
:1029A000804343F00203ADF84030DEE7AAF16E0049
:1029B000C0B20121814040F28240014225D111F094
:1029C000240F50D1CB079CD59DF8421002F078021D
:1029D000A2F1400C032060F30201DCF100028DF84B
:1029E000421042EB0C0229E0AAF15801C9B20120C1
:1029F00000FA01F111F4624F2CD111F4043F27D1F8
:102A000040F6010001423FF47CAF02219DF84200F4
:102A100002F07802402A61F3020008BF9DF84010DE
:102A20008DF8420004BF41F001018DF84010003ADA
:102A300018BF0122BAF1630F18BF00229DF84010A1
:102A4000C1F34000024362F341018DF84010C2E639
:102A50000146DBE79DF84220042161F302028DF874
:102A600042200122EAE79DF84210032012F0780F7D
:102A700060F302018DF8421014BF01220022DDE74D
:102A80009DF940100029A8BF4FF0FF37B3E612F0C0
:102A9000020F08BF4FF0FF38B4E6D11E042904D856
:102AA000DFE801F00D40400D0D00012A54F8041B31
:102AB0000BD0022A05D108B241F3C03108E054F826
:102AC000041BC817CDE90E101DE048B241F3C01138
:102AD0000E900F9117E0D11E042904D8DFE801F011
:102AE0000D22222A2A00012A54F8041B4FF000006C
:102AF00025D0022A08BF89B2E4E720680E90261D7F
:102B000000210F9134469DF84060B10730D04E4609
:102B1000049AB242334620D8B6EB0906304624D494
:102B20003544F2E5073424F00704F4E80201CDE966
:102B30000E01E8E754F8041B0E910021C9E7C9B261
:102B4000C0E7073424F00704F4E80201CDE90E01E0
:102B5000D9E754F8041B0E91D5E71878029B594623
:102B60009847002806F10106D2DA15B0BDE8F08FCB
:102B7000BAF1780F3FF6C9ADBAF1620F19D8BAF1C0
:102B8000250F4BD0BAF1580F7FF4BFAD00260DF1E1
:102B90003603009310AA08ABDDE90E018DF843A0BF
:102BA0001BF0B3FD119B9DF843A0129A039381463D
:102BB00097E0AAF1630115293FF6A7AD01A050F8EF
:102BC00021F000BF132D00002D2D00000B27000069
:102BD0000B2700000B2700000B2700002D2D000005
:102BE0000B2700000B2700000B2700000B2700001D
:102BF000532D00008D2B0000AD2C00000B27000092
:102C00000B2700002D2C00000B2700008D2B00004F
:102C10000B2700000B2700008D2B0000029B59465C
:102C2000504698470028A0DB01356EE5B8F1000F4B
:102C3000DDF8389036DB414648461CF025FFB9F1F7
:102C4000000F3FF462AD002609EB00030593324606
:102C500003969DF8421011F01003069300F0968041
:102C60000230039B18444B0648BF8018002F40F3E6
:102C7000A2809DF8408018F0040FA7EB000740F0F9
:102C80009A8018F0400F00F0D5804EB1029B594653
:102C9000304698470028FFF668AF0135C8F3800634
:102CA0003022C8E048461CF089FEC8E70E9800288C
:102CB00063D070238DF843300DF13603009310AAD2
:102CC00008AB00211BF021FD119B03939DF84230BE
:102CD000129A43F0100381468DF8423000264FF0DF
:102CE000780A0DF13600B8F1000FA0EB09000ADBFD
:102CF0009DF84010804521F040018DF8401002D928
:102D0000A8EB0003039306B101300DF136030593E0
:102D10009FE70E9A8DF8202000260DF12103324600
:102D2000039605930DF12009012092E73207DDE9B2
:102D30000E125DBFC6F300167601F6B22B26002AEE
:102D4000BFF625AF494262EB4202CDE90E122D26B5
:102D50001DE70E9B072A3FF6D8ACDFE802F00C0413
:102D6000060C08080C0C1D70CFE41D80CDE4EA179A
:102D7000C3E90052C9E41D60C7E4394B039006461D
:102D800002460593A3F10509052062E70B0748BF3A
:102D9000013066E710460792029B59469847002883
:102DA000079AFFF6E2AEB8F1000108F1FF38F1DC56
:102DB0003D446D1A47463EB1029B594630469847FE
:102DC0000028FFF6D2AE01359DF84220D10601D48D
:102DD000130707D5029B5946302098470028FFF675
:102DE000C4AE0135069B3BB1029B594650469847FD
:102DF0000028FFF6BAAE0135039E2E44731B002B4C
:102E00001BDC4E46059AB24233461FD8B6EB090684
:102E100030463FF5AAAE35442F447B1B002B7FF78D
:102E200074AC029B5946202098470028FFF69DAEBF
:102E30000135F2E72022B846B5E7029B594630201B
:102E400098470028FFF691AE0135D7E71878029B26
:102E500059469847002806F10106D3DA85E600BFF7
:102E6000637502002DE9F047038B044618071646E8
:102E70000CD501290CBF43F0100343F0200323833A
:102E800086F31188BFF36F8FBDE8F087022903F046
:102E9000070700F0A380D4F81490218BB9F1000F3C
:102EA0002DDA0025D4F80080C4E9005521F007018F
:102EB00041F00101218301F0070ABA4502D0A3685D
:102EC000002B5DD1B8F1000F01D1002D76D0002389
:102ED00041F00801218386F31188BFF36F8F002B27
:102EE00050D0A16800294DD00E684F684B4652461D
:102EF0002046B847002E45D031463668F5E701F048
:102F000007035A1F012A4FF000051ED821F00701C0
:102F1000062BD4F8008089B2C4E900550BD1B8F172
:102F2000000F06D04346628B013262831B68002B80
:102F3000F9D141F00201218320461BF0C1FC00259C
:102F40000028B8D041F02001B4E7042BA846B2D144
:102F500021F0070189B2218320461BF0B1FCEFE785
:102F6000218B236921F007015D6841F0040146E0EF
:102F7000218B236921F007019D6841F005013EE0A6
:102F80000123A5E7B8F1000F08D041464B46524651
:102F90002046D8F800801BF0C2FCF3E715B11B49AE
:102FA0002046A847EFF31186202383F31288BFF34E
:102FB0006F8F218B21F0080189B22183CA0605D5C4
:102FC00021F01003238301F0070764E78B067FF5E8
:102FD00057AF21F02003238301F0070720461BF0A1
:102FE0006FFC0428BCD00528C2D003287FF448AF6A
:102FF0002369218B1D6821F0070141F0060189B288
:103000004FF000082183C14655E700BF49E90100A0
:10301000014B0360002070479C53020070B5114BB8
:103020001C680D4694B1104B196800238B4202DBDB
:103030006FF0010070BD224612F8106B864208D076
:1030400001331446F2E72C600020F3E76FF00C0028
:10305000F0E7E06821F010FA0028F4D16FF01200D8
:10306000E8E700BFBC0100209C53020010B588B007
:10307000436802938368C068CDE903320A6800237D
:10308000CDE906230C4601AA044905931FF0A2FFCF
:10309000079808B9059B236008B010BD0BF5010027
:1030A00002460B46014819F013BF00BFE40500209B
:1030B000014819F083BF00BFE40500202DE9F0416D
:1030C0000D4B1C6806460F46904694B14FF0FF30FA
:1030D0004FF0FF31FFF7E4FF636820461D693A4671
:1030E00043463146A8470446FFF7E2FF2046BDE8C5
:1030F000F0816FF00104F9E7F01200200023036073
:10310000044B5A6812B9C3E9000070471060586058
:10311000704700BFF4120020014B1860704700BFD9
:10312000F012002030B585B00023019005464FF025
:10313000FF314FF0FF30CDE90233FFF7B1FF094B0C
:103140001C6834B1636820461B6801A9984724684D
:10315000F7E7284600F080F80446FFF7A9FF20466D
:1031600005B030BDF41200201FB5CDE901014FF0CC
:10317000FF304FF0FF310392FFF792FF074B1C68BF
:1031800034B1636820461B6801A998472468F7E7B3
:10319000FFF78EFF204604B010BD00BFF4120020E0
:1031A000024B0022C3E90022704700BFF412002046
:1031B000024B0022C3E90022FFF7F2BFFC120020FD
:1031C0002DE9F74307460D4609B100230B601F4C5C
:1031D000DFF87C9000264C450FD31E4B1C6884B34F
:1031E00054F8188C01AA41463846183C1CF0CFF917
:1031F00010B3D6B915BB26461EE0D4F8008001AA4C
:10320000414638461CF0C3F950B116B955B92646A7
:1032100006E03168002240461CF0B9F90028F5D1DB
:103220001834D8E7019B2B60F1E731680022404653
:103230001CF0ADF90028DDD1A469D0E7019B2B601B
:10324000D9E7304603B0BDE8F08300BF78510200F3
:1032500008520200FC1200202DE9F047DFF8AC9084
:10326000DFF8ACA080464FF000470026294C3D46D1
:103270004C450DD3DAF80040002C42D0183CB8F190
:10328000000F25D122695ABBA469F5E72F46EDE767
:10329000B8F1000F03D122694AB91834E8E7206871
:1032A000002241461CF073F90028F4D1F5E7636869
:1032B000BB4205DDAF4209D09D42A8BF1D46ECE7E9
:1032C000EBD19047002E08BF0646E6E71D46E4E72F
:1032D0002068002241461CF05AF90028D2D1D3E7D9
:1032E0006368BB4205DDAF4209D09D42A8BF1D46C1
:1032F000CAE7C9D19047002E08BF0646C4E71D465D
:10330000C2E7AF42C2D13046BDE8F08708520200A2
:10331000FC1200207851020038B50C4D0C484FF0DB
:10332000FF334FF0FF3219F0D3FD2B7863B9FFF76D
:103330003FFF00F069F8044608B901232B700448E8
:1033400019F03CFE204638BD0024F8E75C3300202D
:10335000E40500202DE9F043048F99B00746884624
:10336000013400F10806651EADB2B5F5004F47D037
:103370004A2305AA294630461CF0BFF804F57F54BD
:103380003F34A4B28146214601230DF10B023046A1
:103390001CF0B3F8B9F1000F014610DC002810DC76
:1033A0003B8FAB4209D13A466B1E22F8383F4FF4AF
:1033B0000041022330461BF07CFF2C46D3E7002857
:1033C00008DC294630461CF040F8214630461CF007
:1033D0003CF8E5E709F160030DEB0309002309F868
:1033E0004C3C084ACDF8008003AB05A80396ADF825
:1033F00010401CF005F90028DFD019B0BDE8F083BB
:103400000020FAE765F601007FB5012569462846E8
:103410000195FFF703FE044660BB02AA01A92846F6
:103420001CF094F8044610B110F10C0F22D103994E
:10343000B1F5803F21D2009A0023946818460844D1
:10344000844202D30133082BF9D10D4DA982EB82BE
:103450005368AB602846D368EB631CF0A5F90446BB
:1034600040B9084E6E602846FFF748FE28466E6059
:10347000FFF752FE204604B070BD6FF02004F9E75C
:1034800004130020C001002030BFFFF7FDBF00BFC4
:10349000054B5A699B689A421FBF044A536843F020
:1034A00080535360704700BFF832002000ED00E009
:1034B000134B9A6A12F0007F9A6A14BF1E201D20D7
:1034C00012F0807F9A6A18BF1F2012F4002F9A6AA8
:1034D00018BF212012F4802F9A6A18BF222012F4FC
:1034E000003F9A6A18BF232012F4803F9A6A6FEA5D
:1034F00002426FEA12429A6218BF2420704700BF4E
:1035000000ED00E010B5194A936A946A13F4805FE5
:1035100014BF1723162314F4006F946A18BF1823DE
:10352000A40509D5936B936A1C0404D518B1936A5A
:1035300023F40043936219230C4A906A10F4806FBD
:10354000906A18BF1A23C0050DD4926A12F4005F66
:1035500018BF1C230548826A42F47F42826200221F
:103560000A70184610BD1B23F4E700BF00ED00E011
:1035700010B51C4A936A946A13F0100F14BF1123FC
:10358000102314F0080F946A18BF1223A40709D55A
:10359000536B936A1B0604D518B1936A23F080031A
:1035A000936213230F4A906A10F0010F906A18BFBC
:1035B000142310F0200F906A18BF1523C40658BFBB
:1035C000926A084A906A800642BF506A20F400500E
:1035D0005062906A40F0FF00906200220A70184624
:1035E00010BD00BF00ED00E070B5444B5B688AB0D1
:1035F000C3F30803002585F31188BFF36F8F02F032
:103600007F44B4F17F4F0BD000252E460022033BB0
:103610008DF80720032B0CD8DFE803F025656962DD
:10362000140703D55207EFD50E46EFE706460125EE
:10363000ECE700249DF807309BB92022314602A810
:103640001CF007FA099B002D55D0C3F3080222B9DC
:103650006FEA53236FEA4323099302A920461CF023
:10366000D7F80AB070BD254BDC6A14F00204E0D133
:10367000DA6A002ADEDBDC6A14F08044DAD05A69A8
:10368000B16942F480725A61BFF34F8FBFF36F8FFD
:103690005A6931F8021C22F480725A61BFF34F8FCD
:1036A000BFF36F8F4DF60272914201D13468C1E7CA
:1036B0009A6AD2B232B10DF107010120FFF758FF2B
:1036C0000446B7E79C6A14F47F4405D00DF1070166
:1036D0000120FFF717FFF3E79B6AB3F5803FA9D3FB
:1036E000FFF7E6FEECE70DF107010020E6E70DF13C
:1036F00007010020EDE76FF30803ADE700ED00E000
:10370000044B5A6942F010025A615A6922F00802C9
:103710005A61704700ED00E0EFF30880EFF3098194
:1037200001B57246FFF760FF01BD00BF0B4880F393
:10373000088816F019FC202080F3118808484FF4FF
:103740000061401880F30988EFF3148002210843D8
:1037500080F31488BFF36F8F00F0A4F87855002031
:1037600038440020084B9B6883420BD1EFF305835C
:1037700043B1064B5A6842F080525A605A6A22F4AA
:1037800000425A621AF070BAF832002000ED00E0F0
:103790000F498A684FF030001044EFF3098C80E83D
:1037A000F01F202080F31288BFF36F8F094F4FF076
:1037B00000664A698A603E60906F0023936780F3D9
:1037C000118802F1300090E8F01F8CF309887047EF
:1037D000F832002004ED00E01EF0040F0CBFEFF300
:1037E0000880EFF30980816911F8021C0229FFD0DB
:1037F00001B572461CF012F801BD00BF40B20028AE
:1038000007DB044A4109012300F01F00834042F80E
:103810002130704700E100E040B200280CDB430992
:10382000064900F01F0020330122824041F8232086
:10383000BFF34F8FBFF36F8F704700BF00E100E011
:10384000054B420900F01F0053F82220012303FA20
:1038500000F01040704700BF00E100E040B20028D7
:10386000ACBF00F16040074B01F10101ACBF00F5B6
:10387000614000F00F004FEA4111B4BF195480F8C5
:103880000013704714ED00E0044B054A23F07F035A
:103890009360BFF34F8FBFF36F8F7047000000003E
:1038A00000ED00E008B5FFF7EFFF0B4AD2F88830D3
:1038B00023F47003C2F88830EFF3148323F0040379
:1038C00083F31488BFF36F8F19F006FA1AF004FB24
:1038D0001BF0D6FF19F040FA00ED00E042F8203C62
:1038E000009B42F81C3C0A49019B42F8183C029B91
:1038F00042F8143C21F001014FF0807342F8043C7F
:1039000042F8081C0023203A02658367704700BF15
:10391000F7E601000A4B00B50E46154698602C46A6
:1039200086F309880020044B984720460021002296
:103930000023024C204700003BF80100F7E601009D
:10394000F8320020014B10221A61704700ED00E0B0
:1039500008B5EFF30583064A103B02EBC30152F8AA
:10396000330049688847BDE80840FFF791BD00BFB4
:10397000144F0200024B034A0348012100F064B8CF
:103980000000042000000020C0530200084AC2F8D2
:1039900098000B6823F01F03034343F01003C2F8A1
:1039A0009C308B6843F00103C2F8A030704700BF21
:1039B00000ED00E02DE9FF41174E0D461F4604467D
:1039C0004FF00008A84523DA6068D8B13FB1411E26
:1039D00008421BD11F2819D92368194216D1236820
:1039E00001931BF059FFA36803430393D6F890306B
:1039F000C3F30723D0B2013B984207D801A9FFF7D0
:103A0000C5FF421C08F101080C34DBE76FF015021A
:103A1000104604B0BDE8F08100ED00E0044B052243
:103A2000C3F89420BFF34F8FBFF36F8F704700BF71
:103A300000ED00E0BFF35F8F024B0022C3F894203B
:103A4000704700BF00ED00E010B5034C0123227861
:103A5000FFF7B0FF207010BD5D330020F0B5534B71
:103A6000534CD3F890302568C3F307239D4285B0AB
:103A700000F29880FFF7DEFF00200C26854216D169
:103A80004C4C4A4F25706846FFF7C2FA002506469F
:103A9000AE4213D1237845490020D1F89020C2F3DB
:103AA0000722934278DBFFF7B9FF002043E061680B
:103AB00006FB0011FFF76AFF0130DFE7009800EB1B
:103AC00005114FEA051CCB686FF31303B3F5000F24
:103AD00049D00AD8B3F5001F2FD0B3F5800F37D0E7
:103AE000B3F5801F10D00135D2E7B3F1807F43D00A
:103AF000B3F1007FF7D150F80C3088684A681BF0AA
:103B0000CBFE40F4802009E050F80C3088684A6809
:103B10001BF0C2FE40F0885040F43020CDE9012374
:103B20000390D7F890302078C3F30723013B9842E5
:103B30002BD96FF0150005B0F0BD50F80C30886837
:103B40004A681BF0A9FE40F0885040F40020E5E7E9
:103B500050F80C3088684A681BF09EFE40F00070F8
:103B600040F40030DAE750F80C3088684A681BF0FF
:103B700093FE40F08270D1E750F80C3088684A68B4
:103B80001BF08AFE40F08870C8E701A9FFF7FEFE2F
:103B9000237801332370A6E7C1F89830C1F8A0005C
:103BA00001337AE74FF0FF30C5E700BF00ED00E0DA
:103BB000CC5302005D33002070B54169867A0B4D0D
:103BC000044659B1437ADB0706D42C2303FB065382
:103BD0005B6A1B689B689847002363612C20214621
:103BE00000FB0650BDE8704020F0D1BD400600202B
:103BF000024B2C2202FB0030704700BF4006002021
:103C0000827A064B2C2101FB02339A6A1B7F1B33FD
:103C1000801A23F00303B0FBF3F070474006002046
:103C200038B5074B827A2C2404FB02335B6AD3E954
:103C300001240C601568FFF7E3FF04FB005038BD5A
:103C4000400600202DE9FF4D054668460391924647
:103C50009B4620F0FDFFDDE90067EFF3118820238C
:103C600083F31288BFF36F8F6B8B002B43D02A8BAB
:103C70009A4227D900220023284619F0EFF904467A
:103C800000B388F31188BFF36F8F039B002B42D0E2
:103C900032463B46684621F000F8A27A264B2C219A
:103CA00001FB023320465B6A1B6803A91D68DDE93E
:103CB0000023A8470546606170BB2046FFF77CFFE4
:103CC0002C4624E0698B4B1E6B8388F31188BFF36D
:103CD0006F8F2B7F2A8BAC6A1B3323F00303521A9E
:103CE00002FB0344144B154AEB1A9B105343A37277
:103CF0002B7FE372C9E788F31188BFF36F8F5246B9
:103D00005B46284619F0AAF904460028BDD1204692
:103D100004B0BDE8F08D6361012300252381039B7E
:103D20006382E27A6560294604F118001BF09CFE6C
:103D300063692582E360EAE740060020A38B2EBA80
:103D400070B50C4C2C2500B970BD037A4668013B58
:103D5000DBB20372002BF7D1C3604360837A05FBAB
:103D600003431B6A13B198473046ECE7FFF724FF83
:103D7000FAE700BF40060020024B0122C3F84025AD
:103D80000020704700E0014020B1034B800143F068
:103D900001031847704700BF8052020010B5054B61
:103DA0009A6814688AB201461846A047C01720F0E6
:103DB000040010BD944E02002DE9F3411C4D06464F
:103DC00017469846BFF35B8F2C68BFF35B8F14F0E8
:103DD000010402D028B96FF00104204602B0BDE80A
:103DE000F08101A91BF0F5FB1249024630461BF099
:103DF000F8FD04460028EED1BFF35B8F2B68BFF3BC
:103E00005B8F1B07E9D4A5F1D40107224046B847D0
:103E10000628A5F1D40507D80722214628461BF01D
:103E200023FE2046E871D8E70723B0FBF3F0F9E75B
:103E3000D4000020307702002DE9F04188B09C7951
:103E4000DDF838805D791E79DF7893F802C093F849
:103E500001E01B78B8F1000F0ED0CDE90638CDE9AE
:103E600004CE1346CDE90267CDE90045084A1AF0B1
:103E700035FC08B0BDE8F081CDE905E3CDE9037C70
:103E80001346CDE90156034A00941AF027FCF0E7E7
:103E9000737502009775020070B504468CB0154624
:103EA0001E46A2B129B10A4602A804211AF07EFCDE
:103EB00002A900912B462246242103A8FFF7BCFF4C
:103EC000109A314603A8FFF7F9F80CB070BD03460D
:103ED000044A242103A81AF001FC0028F0DA6FF04C
:103EE0001500F2E7B875020007B5064B0648DA7907
:103EF000C2EBC202009200221146FFF7CDFF03B0D1
:103F000000BD00BF000000203077020030B504463D
:103F10008DB0154692B129B10A4602A804211AF0C3
:103F200045FC02A900912B462246242103A8FFF755
:103F300083FF03A81BF027FB0DB030BD0346054AE5
:103F4000242103A81AF0CAFB0028F2DA6FF015004A
:103F5000F2E700BFB875020007B5009313460A46A2
:103F600001460248FFF798FF03B000BD7F770200CB
:103F70000A4601460148FFF7C9BF00BF7F7702002C
:103F800007B5009313460A4601460248FFF784FF2F
:103F900003B000BD797702000A4601460148FFF7E9
:103FA000B5BF00BF7977020007B5009313460A46F4
:103FB00001460248FFF770FF03B000BD6A770200B8
:103FC0000A4601460148FFF7A1BF00BF6A77020019
:103FD00007B500220346009102481146FFF75CFF37
:103FE00003B000BD7177020008B5024819F062FA0B
:103FF000002008BDDC01002010B51A4CBFF35B8F18
:104000002368BFF35B8FD90719D514F8CD3CC3B132
:10401000BFF35B8F2368BFF35B8F5A0701D400F0B7
:104020007DFBBFF35B8F54E8003F23F4006244E85C
:1040300000210029F7D1BFF35B8F1B050DD40020B1
:104040000AE001F0D3F838B914F8CD3C002BDFD1E9
:1040500001F0DCF80028DBD010BDBDE81040FFF710
:10406000C3BF00BFD400002007B5009313460A4623
:1040700001460248FFF710FF03B000BD857702003C
:104080000A4601460148FFF741BF00BF857702009D
:1040900010B586B0094B0A4803930024CDE90444C7
:1040A00020F041FC03AB0093064905480A234FF476
:1040B000AF6219F005FA204606B010BDC1750200C6
:1040C00080070020203400200146014819F038BA4A
:1040D000800700200146014820F0FABB800700203D
:1040E00030B40278012A0B4613D0022A25D072B9C7
:1040F000154A02F1100452F8045B41F8045BA24235
:10410000F9D112780A7042885A73120A9A7330BC35
:1041100070470D4A02F1100452F8045B41F8045B49
:10412000A242F9D112780A7042685A73110A120C2D
:10413000DA73120A99731A74E9E7014630BC112246
:1041400018461BF086BC00BFA878020008B51BF01B
:104150003CFE19F08DFC044B1B680BB10A209847FC
:10416000BDE8084019F098BC4413002038B5044657
:1041700008481BF098FC054650B1601EC0B21F28CD
:1041800096BF054B0021195C05F10C001BF005FDE5
:10419000284638BD1C070020B97802000F2810B54A
:1041A0000CD80D280CD90A481BF07DFC044618B128
:1041B00004210C301BF0F1FC204610BD1328F2D076
:1041C00009B10448F0E7BDE810400220FFF7CEBF78
:1041D000480700209806002005280CD0A0F10E0307
:1041E0000C2B0AD8064B23FA00F000F00100C0F1B6
:1041F0000200C0B27047032070470220704700BF22
:1042000000C00804F8B506460F4602F023FA05463A
:1042100090B18378012B4FF0000304BFD0F8A04089
:10422000C0F8A0304FF0130118BF1C461CF009FD68
:10423000284601F0CDFE2CB93946304605F044FB46
:10424000044610B120461EF021FD3946304604F0E8
:10425000A5FB0A4B1B687BB153F80C4904B10C3C1D
:104260009B6813B13946304698472CB1E26802B1D9
:104270000C3A23461446F3E7F8BD00BFBC130020F8
:1042800070B5C668337893B9B6F801400F2120465F
:1042900001F050FFF378054650B90A4A118831B948
:1042A0006FEA04506FEA10501080074A137070BD17
:1042B0000373012101F0B4FE2846BDE8704001F00F
:1042C00087BE00BF2C3300205E33002010B5084CA1
:1042D0000146062294F86F0002F0D4F938B994F838
:1042E0006F000449BDE81040052202F0CBB910BDB3
:1042F000000000208E78020008B5084B18461BF01D
:10430000D9FDBFF35B8F00F00B0053E8002F43E8AB
:1043100000010029F9D1BFF35B8F08BDD400002054
:1043200010B5012104460C301BF058FC2146034A0D
:104330000078BDE8104000231BF025BEC0540200E9
:1043400010B5012104460C301BF048FC2146034AFD
:104350000078BDE8104008231BF015BE8054020011
:1043600070B531481BF0B8FB044600285BD000F163
:104370000C0528461BF03AFC022805D004282FD053
:104380002046FFF7DDFC21E0238A032BF8D9042126
:1043900028461BF023FCFF22438806882276228AC7
:1043A000C6F30B009A426083EAD10F2101F0C2FEEE
:1043B00005460028E4D001F0EFFE320B20762146BE
:1043C00028461CF0AFFB284601F002FE174BD3F83D
:1043D0004C3143B3BDE870401549164820F078BA17
:1043E000238A012BCCD9284602211BF0F7FB064675
:1043F0000078FFF7F1FE10F002050DD10E4A0F49CB
:104400000F4840F60C431AF0C4F985F31188BFF346
:104410006F8F0323184602DF0A4A307806232146AD
:104420001BF0B1FDACE770BD4C0100200000002086
:10443000FC01002020080020CA750200FE75020061
:104440002C760200505402002DE9F04782460F46B8
:104450009146002872D0BFF35B8FDFF8E480002321
:1044600058E8004F48E80032002AF9D1BFF35B8FCB
:10447000002C63D02046FFF7C3FB324D0C2303FB17
:10448000005026464388534511D0BFF35B8F58E850
:10449000003F48E80062002AF9D1BFF35B8F002B90
:1044A0004CD01E463046BDE8F047FFF749BCA14559
:1044B0000AD020461BF0F2FAB9F81020D9F80C10F7
:1044C00004F10C001BF060FB2046FFF799FB4FF056
:1044D0000C0808FB005043689BB197B92046FFF7D2
:1044E0008FFB08FB005001214268536803F01F0056
:1044F000814010685B0900EB8300137AD3B11BF095
:10450000E2FC2046FFF77CFB4FF00C0808FB005054
:104510008368002BC6D02046FFF772FB08FB00F033
:104520002F542046FFF76CFB08FB0055A86818F0D5
:10453000C5FDB7E7C9431BF03CFDE2E7BDE8F087E6
:10454000480100204813002010B5C1E900239DF860
:1045500008300B720C46FFF753FB034B0C2202FB97
:1045600000335C6010BD00BF48130020F8B5024660
:104570000B4610481BF097FA0446C0B104210C30DA
:104580001BF0F2FA2046FFF73BFB0B4D0C2707FB15
:104590000050002646802046FFF732FB07FB005004
:1045A00086602046FFF72CFB07FB00556E60204617
:1045B000F8BD00BFF00600204813002013B50C46DC
:1045C0008DF80700B0B929B10C49072220461BF02D
:1045D00019FA48B90A499DF807000DF1070205F0DC
:1045E000F9F8002002B010BD9DF807002146FFF742
:1045F00009FEF6E76FF01500F4E700BF95780200BA
:10460000E5FE010029289ABF014B185C092070477C
:10461000E3780200034B0146D3F86C01826892688C
:10462000104700BF000000202DE9F84304460C307D
:104630001BF0ECFA0121054604F10C00B4F81080DF
:104640001BF0C4FA238A012B04D82046BDE8F843A6
:10465000FFF776BB022104F10C001BF0BFFA0746FE
:104660000078FFF7B9FD10F0010906460DD10F4A99
:104670000F49104841F236031AF08BF889F311887C
:10468000BFF36F8F0323184602DF05230A4A3878E9
:1046900021461BF078FCB307D7D56369A4F81080D6
:1046A00013FA85F5E560BDE8F88300BFCA7502001E
:1046B000497602002C7602002854020038B50C46D8
:1046C00019F0D6F9E3681A78022A0DD0042A05D029
:1046D0002046FFF735FB6FF015040EE05878FFF722
:1046E0007BFDC30705460CD4094821461BF0DFF9C2
:1046F0000849094820F0ECF8002419F0CDF92046CB
:1047000038BD2046FFF790FF012DEDD1F4E700BF43
:104710004C010020FC010020200800200148042159
:104720001BF0D1BBD4000020004870474E7502003A
:10473000014818F0BFBE00BFEC01002070B505466F
:104740000C4659B94FF0FF304FF0FF31FFF70EFF25
:10475000044618B96FF06805284670BD2046FFF77B
:104760004FFA164B0C2202FB0033A61830465D8030
:104770001BF04CFA03280BD9032130461BF015FA25
:104780000580237C033B8370012130461BF015FA22
:1047900040F635439D4209D12046FFF73BFF0546D1
:1047A0000028D9D02046FFF7CBFAD5E704482146A8
:1047B0001FF0E3FF0025FFF7BBFFCDE74813002004
:1047C0005401002038B502460B46254DD5F854114A
:1047D00009B9002038BD05F5987018F0A9FC00282B
:1047E000F7D10022002305F5AA7018F037FC044623
:1047F00068B91C4A1C491D4840F61B4319F0C9FF03
:1048000084F31188BFF36F8F0323184602DFD5F8B6
:10481000480120B1FFF794FA0023C5F8483120463B
:104820001BF070F9C5F848012046FFF7F3FE08B900
:104830000120CFE70E4818F041FC2046FFF7E0F9D1
:104840000C4B0C2202FB00301F2122464088FFF750
:10485000FBFD2046FFF774FAFFF76AFFE8E700BFA9
:1048600000000020CA750200627602002C76020069
:1048700030010020481300202DE9F04F064687B094
:1048800090460C4669B94FF0FF304FF0FF31FFF70B
:104890006DFE044658B96FF06805284607B0BDE8BC
:1048A000F08F887AFFF7A4F93E4B984274D1012229
:1048B000002168461FF078FF2046FFF7A1F9DFF8D6
:1048C000E8900C2303FB00906F46C0F808D0204608
:1048D0001BF018F901463046FFF730FF054618B1C6
:1048E0002046FFF72DFAD8E719F0B8F92F4B984278
:1048F0001ED12F481FF054FF002183464FF4A02003
:10490000FFF760FF824688B92A4A2B492B484FF4AB
:10491000F97319F03EFF2A48314619F03AFF8AF33D
:104920001188BFF36F8F0323184602DF5C45E0D187
:104930004FF4A0223846002318F0FAFB074698B13E
:104940004FF4FC731B4A1F491C4819F022FF1E48F4
:104950003A46314619F01DFF002383F31188BFF357
:104960006F8F0323184602DF2046FFF749F90C2317
:10497000584319F800604EB1093E2046F6B2FFF7E1
:10498000DFF9092E0BD8114B9D5786E7B8F1000FC0
:10499000A6D0C8F8004080E76FF015057DE76FF0FE
:1049A00004057AE7F006002048130020901100204B
:1049B00054010020CA750200667602002C760200BF
:1049C0006E7602008E76020097760200D978020099
:1049D00010B5FBF745FD034B1B6813B1BDE8104054
:1049E000184710BD6C13002073B5274D0646D5F847
:1049F0006C011FF041FD00283FD06FF0020105F16E
:104A0000D4001BF0D6FA01211BF05DFAC30737D49E
:104A10001BF072F9044668BB1C4B1E600122114654
:104A200005F598701FF0C0FE05F5AA701FF067FE2F
:104A300017481FF078FF1749154800946FF00703D7
:104A40004FF4966218F03CFD134911481FF0CCFF5B
:104A5000D5F86C01114983681B689847044648B92A
:104A600026B902B0BDE87040FBF7FABC05F1C400FE
:104A700018F020FD204602B070BD6FF01204F9E777
:104A80006FF07704F6E700BF000000206C130020F1
:104A90002008002098390020DC760200BD46000086
:104AA0002DE9FF414C4BB0F80170198847F4704272
:104AB00091424FF0000608BF1E80054604BF474BD9
:104AC0001E7800F027FAEB78012B08BF444B05F164
:104AD00004000CBF93F86F804FF000081BF071F9D1
:104AE000291D48B302A81BF062F9062205F1110145
:104AF0000DF101001AF0ADFF01238DF80030EB78C5
:104B0000012B12D102A8FFF7E1FBEB78012B044641
:104B10000AD100F0A7FC6FF08001804610301BF036
:104B200048FA40461BF099FF94B9132138461BF010
:104B300081FC04B0BDE8F08140461BF0FEFD01465B
:104B400002A81BF0BDF9291D68461BF0B9F9D6E78C
:104B50002046B5F8013020F8703B02A91BF0B0F9EF
:104B6000B5F81730A4F88630B5F81930A4F88C30B1
:104B7000B5F81B30A4F88E30EB78E3700022012BDF
:104B8000227317D1694604F177001BF099F900F000
:104B900069FC217A124DC1EBC101294404F17E0068
:104BA0001BF08EF9D5E9382303F03F031A4301D0F7
:104BB00000F0F6FD0721204601F032FA26B12673F7
:104BC0000121204601F02CFA204601F01BFB204673
:104BD00001F0FEF9ADE700BF2C3300205E3300206A
:104BE0000000002000B5C1680B7889B033B13C2BC0
:104BF0002FD109B05DF804EB1BF0E7B98DF8003058
:104C0000B1F80130ADF80130CB788DF80330B1F850
:104C10000B30ADF81730B1F80D30ADF81930B1F8F0
:104C20000F30ADF81B304B7C8DF81D30043101A8DE
:104C30001BF046F9084906220DF10B001AF009FF96
:104C4000054906220DF111001AF003FF6846FFF72F
:104C500027FF09B000BD00BFA278020038B50546A5
:104C600010481BF027F9430716D54FF0FF304FF0DF
:104C7000FF31FFF77BFC044688B107210C301AF0A6
:104C80007DFF29461BF01CF921460022BDE8384073
:104C900042F21100FFF7F0BD6FF00A0038BD6FF06F
:104CA0006800FBE7D400002008B508481BF002F9B3
:104CB000430707D50022BDE80840114642F2100024
:104CC000FFF7DABD6FF00A0008BD00BFD400002076
:104CD00038B5032104460C301AF080FFB0F80130DB
:104CE00040F6354293420ED0E168057809782246B5
:104CF0001846FFF7A9FB35B1034818F0DFF9BDE806
:104D00003840FFF715BD38BD3001002038B504210B
:104D100004460C301AF062FF45780178408822463C
:104D2000FFF792FB35B1044818F0C8F9BDE83840E8
:104D3000FFF7FEBC38BD00BF3001002070B54FF05A
:104D4000FF320D464FF0FF3300210646FFF726FAEB
:104D5000044660B90A4A0B490B481A2319F019FD99
:104D600084F31188BFF36F8F0323184602DF0221FB
:104D700004F10C001AF002FF06704570204670BD69
:104D8000E5760200627602002C760200F8B50A4E43
:104D900007460025F379ECB2A34202D86FF0010078
:104DA00009E0C4EBC401314438461BF0FEFB013579
:104DB0000028EFD02046F8BD0000002037B504469B
:104DC0000D4699B1174928461BF0EFFB70B91648FC
:104DD000C4EBC404294620441BF0EFFB13481BF02E
:104DE000EFFB430719D4002003B030BD68461AF02A
:104DF000D0FF0028F8D16846FFF7C8FF0028F5DA91
:104E0000094BC4EBC4041C44694620461BF0D5FB87
:104E1000002DE3D021462846DEE7FFF7E5F81AF03B
:104E20006DFFE0E79578020000000020D40000202C
:104E300038B51549062205461AF0E4FD0446E8B1E6
:104E40004FF0FF304FF0FF31FFF790FB0446B8B151
:104E5000062229460C301AF097FE2146002242F223
:104E60000500FFF709FD044640B906220648294619
:104E70001AF0EFFD054B012283F86820204638BD6B
:104E80006FF06804FAE700BF69000020000000200E
:104E900073B5054601AA002141F20900FFF7ECFCB9
:104EA000064650B9019B0F49DC680622601C1AF0C7
:104EB000A9FD28B90198FEF743FF002002B070BD9C
:104EC00009490622601C1AF09DFD0028F2D0062236
:104ED000611C681C1AF0BDFD01982E70FEF730FFB2
:104EE0000120EBE7A27802009C780200084BBFF398
:104EF0005B8F53E800CF4CF4806C43E800C2002A7B
:104F0000F7D1BFF35B8F037A19430172704700BF7B
:104F1000D40000200A4BBFF35B8F53E8002F22F42C
:104F2000806143E800100028F7D1BFF35B8F530581
:104F300004D504490022022004F062BC704700BF7F
:104F4000D40000209907020007B50023CDE9000333
:104F500003496A46022004F053FC019803B000BDE7
:104F6000A3060200F7B5054670B13F4C94F8222124
:104F700094F823310AB19A4208D2013384F82331DC
:104F80002B7A43F004032B7203B0F0BD0021022200
:104F9000084601F077FB064648B128460121FFF795
:104FA000A5FF304603B0BDE8F04001F011B801465E
:104FB0002E4800F051FA94F823311BB130461BF013
:104FC00040FBA8B994F8232194F822319A4216D1D3
:104FD0000022114642F22900FFF74EFC40B994F836
:104FE0002331013384F823312B7A43F004032B72ED
:104FF0001F48002103B0BDE8F04000F02DBA2A465A
:105000006F1C12F82A0B39461BF0E0FA064630BB3B
:1050100094F82331013384F823312B7A43F00403CD
:105020002B7294F8A7305B0719D5394668461BF0F8
:10503000C4FA01234FF0FF304FF0FF318DF80730F5
:10504000FFF794FA044650B1082269460C301AF072
:105050009BFD3246214642F24E00FFF70DFC012037
:105060001BF0EFFAC4E700BF0000002003070200B6
:1050700075060200F8B5054600B3354C94F82221B8
:1050800094F8233192B10132934210DC00210222C4
:10509000084601F0F7FA064688B128460221FFF7D4
:1050A00025FF3046BDE8F84000F092BF13B1013B48
:1050B00084F823312B7A23F004032B72F8BD0146C8
:1050C000244800F0C9F930461BF0BBFA074688B9FE
:1050D00094F8233194F822219A4217D2013B84F8A4
:1050E00023312B7A1C4923F0040302462B72022041
:1050F00004F086FB94F8233113B101201BF0A1FAD0
:10510000BDE8F8401548002100F0A6B94FF0FF3087
:105110004FF0FF31FFF72AFA06460028EAD00721B0
:105120000C301AF02BFD691C1BF047FA3A46314649
:1051300042F22800FFF7A0FB0028DBD194F82331CE
:10514000013B84F823312B7A23F004032B72D1E73F
:1051500000000020030702002D0602007506020071
:1051600070B5044611B16FF0150070BD30B91D4D1A
:10517000EB79012B15D16FF00B00F6E71A491BF004
:1051800014FA0028F3D12046FFF700FE002825DAA4
:105190002378012BE7D1A37903F0C003C02BE6D01D
:1051A000E1E705F1D4001BF00BFAC3070BD5EE794C
:1051B0002146731C3046EB71FFF700FE60B1EB79BE
:1051C000013BEB71D1E7002CCDD0074920461BF005
:1051D000ECF90028EBD0C6E73046C6E76FF0770061
:1051E000C3E700BF000000209578020007B56846BD
:1051F000FFF74EFE044BD87118B169460020FFF747
:10520000DDFD03B000BD00BF000000202DE9F0412E
:10521000244DEE7988B0002E3DD195F8C24014F0AF
:10522000010416D06A4631464FF60940FFF724FBC9
:10523000E8B9009BD9684B78012B1C4628BF012494
:1052400023B11622023102A81AF003FC0098FEF7DF
:1052500077FDEC71002602AF4FF01608EB79F4B23F
:10526000A34206D8BBB1002008B0BDE8F0813446A7
:10527000EFE708FB047106220DF101001AF0E9FBCB
:105280000123694620468DF80030FFF797FD00287E
:10529000EAD10136E2E70021084608B0BDE8F04156
:1052A000FFF75EBF000000202DE9F04184460E4666
:1052B00090461D4618B96FF01500BDE8F081002B2F
:1052C000F9D0310308D57207F5D41BF04AFA00284B
:1052D000F3D101232B70F0E7F307047822D51E49A0
:1052E0002AB1B70603D591F8D830580630D5C4EBAB
:1052F000C4040F5D012F08D10134214460461BF026
:1053000028FA0028D9D12F7001E0002FFBD0B8F186
:10531000000F05D0B20642BF2B7843F002032B707A
:105320000020CAE7730710D50B49C4EBC4040F5D16
:10533000012F07D1013421441BF00BFA0028BCD106
:105340002F70E7E7002FE5D1FAE71BF00AFAC0E774
:105350006FF08500B1E700BF0000002008B50449E8
:10536000072209301AF04EFB003818BF012008BD93
:105370009578020070B5154B027883F86F200446CB
:105380000D46FFF7EBFF034620786BB9104901F09B
:1053900035F9044610B96FF00B0070BD052100F01F
:1053A0003FFE2C600020F8E704F109011BF0A3FC8C
:1053B00048B9207804F1090101F020F904460028D9
:1053C000E9D00621EBE76FF01500E6E700000020CA
:1053D0008E78020038B543680446580501D5002090
:1053E00038BD22690AB1D907F9D5194D2078EB7972
:1053F0008342F4D9C0EBC0001649072228441AF0B2
:1054000001FB0028EBD06068C20706D495F8703025
:10541000082B02D8A3689F2BE1D910F0300F236925
:105420000AD0002BDBD0C30608D400F46030B0F5FE
:10543000603018BF0120D3E7002BF6D1D4E9022356
:105440009A42CCD81F2ACAD9B3F5804FEDD9C6E706
:10545000000000209578020003460148184700BF6D
:105460001800002000487047180000202DE9F04F78
:105470008DB0CDE90423804600238D480F69079342
:105480001BF0AFF942070C4640F108810846FFF7D0
:10549000A1FF28B96FF0150318460DB0BDE8F08FD5
:1054A00020461BF075F981460028F3D008F110055D
:1054B00028461BF096F90306C0F3C01600F1F180F0
:1054C0000F22314608A81AF0CFFA6168A368ADF838
:1054D00020300846E368ADF822301BF06FF98DF8F4
:1054E0002D00480601F080033BD5002B0CBF0123A3
:1054F00003236FF480716E488DF82E301BF077F91E
:105500006C4A237888F8003082F86F303A1E0DF12B
:105510002503616818BF01224046FFF7C5FE034618
:105520000028B9D108F109000722E7B121691AF072
:1055300090FA20461BF059FA6368D907824657D57E
:105540009FB113F0100F0CBF0123042321698DF8C4
:10555000243007220DF126001AF07BFA4FF00009E3
:1055600005E09B09C5E75449E1E78DF824704FF049
:10557000FF304FF0FF31FEF7F9FF8346002800F0BF
:1055800093800F2208A90C301AF0FEFA5946002227
:1055900042F20600FFF770F9834600287CD16FB90C
:1055A000179B0093CDE9019A169BDDE90412404652
:1055B0001BF0A1F9034600287FF46EAF6368DB0798
:1055C00024D507A94046FFF7D5FE0346F0B110F1F8
:1055D0000C0F7FF45FAF002F7FF45EAF626890071F
:1055E0003FF55AAF267986F00206C6F340062BE057
:1055F0009A0503D4169B0BB9022803D102238DF818
:105600002430B4E703238DF82430A7E74046012176
:105610001BF0FBF9DDF81C80034668B1B8F1000F00
:105620003FF43AAF04900021404600F0F9FC4046B8
:1056300000F0CEFC049B2FE7B8F1000F02D04046EB
:1056400000F0C6FC002FCDD032460E2128461BF0BC
:105650003FF90AF1FF335A425A41082128461BF00C
:1056600037F9AAF102014A424A41284609211BF0B2
:105670002FF922790A2102F0010228461BF028F9AD
:105680004A460B2128461BF023F922790D21C2F34B
:10569000800228461BF01CF95B46FDE66FF00A030A
:1056A000FAE66FF07703F7E66FF06803F4E600BF01
:1056B000D4000020000000209578020073B5154644
:1056C000069A0C46CDE900322B460A46014613489D
:1056D000FFF7CCFE00230646611C201D9D4202D12F
:1056E000304602B070BD14F83320012A09D111F8F8
:1056F0003320012A05D150F8332012B11278D20795
:1057000001D40133EAE7064906481FF012F94FF4C5
:1057100070220023034817F071FFE1E71800002012
:10572000610A02003000002010B519481BF095F9FD
:1057300018486FF480411BF05AF816481BF051F8D6
:1057400003461A06C0F3C01021D512481BF049F8D1
:10575000430513D50E48FFF701FE0F490346087EA7
:1057600093B90E49052200F08DFF044630B10021A7
:10577000017300F055FC204600F02AFCBDE8104003
:10578000034800211BF041B906222131EBE710BD8F
:105790001800002028000020000000208E78020061
:1057A00073B52F482E4C1BF01CF810F4804F55D0C9
:1057B00020461BF016F80206C0F3C0154ED4204652
:1057C0001BF00FF8430549D501A9A4F11000FFF71C
:1057D000D1FD002842D1A4F11000FFF7BFFD024621
:1057E00020461AF0FEFFC0F3803120461AF0F9FF80
:1057F000C0F3802320461AF0F4FFC0F3403043EAA0
:10580000800081F0010140EA41010DF10303A4F1A0
:105810001000FFF749FD08BB0121A4F110001BF0A7
:10582000F4F8019E50B12946304600F0F9FB6FF4C0
:10583000804120461AF0DBFFC0F38035304600F08F
:10584000C7FB5DB1BFF35B8F54E8003F43F4804377
:1058500044E80032002AF7D1BFF35B8F02B070BD7D
:105860002800002070B59AB01422002104A81AF074
:10587000FBF847F21213ADF80C304FF48073ADF81B
:105880000E30324B44F2010201A903A8CDE90523F1
:1058900016F014FE30B9019802AB412209A91EF09E
:1058A00096F8D8B11F252A4BBFF35B8F53E8001F32
:1058B00021F0010143E80012002AF7D1BFF35B8F0A
:1058C000244E18F0D5F834680CB1043C30D10023D4
:1058D000C6E9003318F0E0F81AB070BD40220DF1AF
:1058E00025011D481AF0B5F81C49019802AB202289
:1058F0001EF018F80028D5D101981DF0CBFF054601
:105900000028CFD1144916481BF0ACF815482031B7
:105910001BF0A8F8BFF35B8F134B53E8001F41F057
:10592000100143E80012002AF7D1BFF35B8FBAE7FA
:10593000002D0B4D18BF002523680BB12846984752
:105940006468002CC3D0043CF6E700BF00000209E5
:1059500070130020781300207F3300205F33002075
:10596000BF330020DF330020D400002030B5A7B0C3
:105970001422002108A81AF077F804233D22002100
:1059800016A815931AF070F847F21213274CADF8C9
:105990001C304FF48073ADF81E3044F20103CDE9A2
:1059A0000934234905AB202207A81EF03AF8D8B1E4
:1059B0006FF0040418F05CF81E4B1D6885B10020E0
:1059C00018601D4BBFF35B8F53E8001F21F00201ED
:1059D00043E80012002AF7D1BFF35B8F04B3A84756
:1059E00018F05AF827B030BD144D402229460DF169
:1059F00055001AF02EF806AB02932023CDE9005390
:105A00000599412315AA20461EF064F90028CFD13C
:105A100005981DF03FFF041E18BF6FF00404C9E78E
:105A20000DA806491BF01EF80DA8D8E700000209D2
:105A30005F33002074130020701300207F33002098
:105A400008B50449402219F0DDFFB0FA80F04009A2
:105A500008BD00BF0D79020010B598B004461422AD
:105A6000002102A81AF000F844F21213ADF8043035
:105A70004FF48073ADF80630124B4FF48042CDE9FD
:105A80000323214604230DF11D008DF81C301AF06C
:105A9000E9FF04F120010DF13D001AF0E3FF6B4630
:105AA000412207A901A81DF0BCFF044601A81EF071
:105AB0004CFA2CB900981DF0EDFE012018B010BD75
:105AC0000020FBE70000020910B5002837D0204A6B
:105AD000136823B1043B984234D05B68F9E71D4B4F
:105AE000BFF35B8F1968BFF35B8F89072DD41468F0
:105AF0004460011D5068116000B95160BFF35B8FB5
:105B000053E8002F42F0010143E800100028F7D1CC
:105B1000BFF35B8FD30701D5002010BD0E4BBFF341
:105B20005B8F53E8001F21F0100143E80012002AA8
:105B3000F7D1BFF35B8F0948FEF7CCFAECE76FF0C3
:105B40001500EAE76FF07700E7E76FF00F00E4E792
:105B50007813002070130020D40000201C020020C5
:105B6000054BBFF35B8F1B68BFF35B8F13F0100F08
:105B7000024808BF00207047D4000020BF33002037
:105B800070B51F4A13688B42054632D0BFF35B8F56
:105B90001C4B1B68BFF35B8FDC062DD5136813B15C
:105BA0006FF00F0070BD184BBFF35B8F1868BFF329
:105BB0005B8FC007F4D4BFF35B8F53E8000F40F056
:105BC000020443E80046002EF7D1BFF35B8F10F0CC
:105BD0000204E5D111600D4829461AF043FF0C4834
:105BE00005F120011AF03EFF0A48FEF773FA20463D
:105BF000D8E76FF07700D5E76FF07C00D2E700BF01
:105C000074130020D4000020701300207F33002084
:105C10009F3300200C02002070B50C4B1C68054619
:105C200044B154F81C3C1C3C13B1297B28469847CE
:105C3000E469F5E7064C074EB44200D370BD236813
:105C400013B1297B284698472034F5E7B413002088
:105C5000405102006051020010B50446FDF7D0FF2C
:105C6000044901EB001120461AF0ECF8BDE81040A1
:105C7000FEF75EBD8013002070B5D1E90146002318
:105C80000546C1E9013306481EF077FD3CB13146B7
:105C9000284623466FF06D02BDE87040184770BD7E
:105CA0002806002030B5437B072B85B0044635D14C
:105CB0004FF4806104301AF0FFFE40052ED4201D01
:105CC0001AF0F4FEC10323D5154D95F8D930DA0743
:105CD00009D5022300211A46009120461AF00AFC39
:105CE000637B072B1AD195F8D8309B0616D51AF08E
:105CF00039FA98B10DF10E0103A81AF083FB68B9C7
:105D0000BDF80E20BDF80C1020461AF0D4FB05E0BB
:105D100020461AF0B5FB637B072BD5D005B030BD0C
:105D20000000002070B505460F480022002317F040
:105D3000FFF9B8B90D4B1C6834B154F8143C1C3C45
:105D400003B19847E469F7E7094C0A4EB44204D31B
:105D50002846BDE8704017F0ADBBA36803B1984773
:105D60002034F3E770BD00BF10060020B4130020FC
:105D700040510200605102002DE9F0410446202705
:105D80000025EFF3118287F31288BFF36F8FE1696B
:105D900029B1206A0B68E361814208BF236282F364
:105DA0001188BFF36F8F71B1D1E901680748C1E96C
:105DB00001551EF0E2FC1EB1002241462046B047CC
:105DC000FEF7B6FCDDE7BDE8F08100BF2806002045
:105DD0000448B0F80431002B00F5847008BF00209F
:105DE000704700BF0000002030B504468BB00D4660
:105DF00017F034FF0B4BD3F88020824205D12046A8
:105E00000BB0BDE83040FFF7B7BF04F124011846DE
:105E10001EF05EFD25B1694604F124001EF068FD08
:105E20000BB030BD9011002038B5002204468A42E4
:105E300002D10024204638BD04F1C8030120BFF37D
:105E40005B8F53E8005F002D04D143E8000CBCF1E8
:105E5000000FF6D1BFF35B8F02D0D0340244E6E7E7
:105E6000002CE6D0C8220021204619F0FDFD04F1E7
:105E7000400004491EF05DFD034904F124001EF0BA
:105E80000CFDD7E735670000D70A020038B50121BD
:105E9000044600F1BC03BFF35B8F53E8002F43E8D7
:105EA0000015002DF9D1BFF35B8F52B91AF08DFEAA
:105EB00017F0DEFD054804F1B8011AF0DDFD17F01A
:105EC000EBFDBDE83840FEF733BC00BF24010020E5
:105ED00070B53C4B5A8B12B91868002867D03A4D00
:105EE000D5F82401002862D0044654F8B80900B15E
:105EF000B838364A002601E004461846B5F80431A1
:105F0000002B5DD0D5F810314BB904F1B80600284C
:105F10004DD0D0F8B830002BEED0B83BECE713688A
:105F2000002BF2D0D4F8A430002BEED0D4F8A83057
:105F3000002BEAD0D4F8AC30002BE6D0627B072AE5
:105F40000DD12046984750B104F1C0001AF0AEFDC3
:105F5000022804DC2046BDE870401AF036BED4F8B2
:105F6000B83004F1B8021EBBD5F82811C5F82431A9
:105F70008A4201D1C5F828310022C4F8B82004F1C2
:105F8000BC03BFF35B8F53E8001F43E800200028E9
:105F9000F9D1BFF35B8F2046D4F8AC30984728B1D5
:105FA000637B072B02D12046FFF770FF204670BDB0
:105FB0003360D5F828319A4208BFC5F82861DBE77D
:105FC0009B68FFDEC4060020000000202806002099
:105FD00013B5C83030F8C64CBFF35B8F50E8003FB4
:105FE0005A1E40E800210029F8D1BFF35B8F01A8B9
:105FF00001931AF05BFD01280BD1074817F05EF8FA
:10600000064817F057FA40F201139C4201D1FFF7FE
:10601000C7FB02B010BD00BF100600203C020020EC
:1060200070B5457B8D4204467ED0417325B9837897
:10603000082B01D01AF0C9FD637B012B09D13B4D20
:1060400005F58476616900295CD1BDE87040FEF7F2
:106050006FBB072B09D0002B66D1A378042B20D16E
:106060002046BDE87040FFF7B3BFA378042B5BD098
:106070002F48002118F038F90023C4E90D33E378E4
:10608000012B51D1A378012B04BF032384F8943052
:1060900004F140004FF42032BDE87040002317F0B7
:1060A00079BA082D40D801A353F825F029610000E2
:1060B000D1600000F76000006160000061600000D6
:1060C00061600000F76000002961000029610000A4
:1060D00004F140001EF038FC20460121FFF784FE49
:1060E00020461AF016FD04F140000022BDE8704081
:1060F000002317F083BA237B002BB1D02046FFF793
:106100008BFDADE7A2690B686361914208BFA36193
:106110002046FFF7B1FDB5F80431002B14BF30461F
:10612000002016F0CBFF8DE770BD00BF00000020FF
:106130004C02002010B502460C46074801211AF017
:106140005FFD034628B18278144002D1FFF740FF7B
:106150002346184610BD00BFC0080020F8B507460A
:1061600008480D4616461AF030FD044648B18378BB
:106170001F4202D03146A8472046BDE8F840FFF74D
:1061800027BFF8BDC0080020024900220120FFF708
:10619000E5BF00BFA55C0000034BC01A034B001114
:1061A0005843C0B2704700BFC0080020C54EECC4C1
:1061B000F8B51D4652EA050306460F46144619D0A7
:1061C00017F04CFD0D4BD3F88030834215BF2246AB
:1061D00000222B4600230A49002E14BF30460846F1
:1061E00019F061FC044618B1791D0C3019F0BCFCA3
:1061F0002046F8BD00221346EDE700BF90110020B5
:106200004006002010B50446054817F053F9204613
:1062100000F04CFB2046BDE81040FFF7FDBC00BF7E
:106220002C0200202DE9F04F87B000230393059343
:10623000FFF74EFE0446002800F0D280437B072B78
:1062400040F0D7806C4ED0F8A430B6F8041104AA00
:1062500098470746002800F0C080B6F80421049B48
:106260009A4206D30146D4F8A85005AB03AA2046AB
:10627000A847059B01933B8ADDF80C90002B00F0AA
:10628000B2803846DDF810A019F0F2FD80460028F3
:1062900040F0AC80B6F80431DFF860B1834218BF3B
:1062A00058460022002316F043FF68B954480022E4
:1062B000002316F0D3FE054698B9B6F804318342A0
:1062C00018BF584616F0FAFE6FF00B053846FDF77A
:1062D00037FDB9F1000F7CD001992A462046C84706
:1062E00077E0019BC0F804908360B6F804B145489C
:1062F000DA454FF000024FF000034FF0000198BF65
:106300001FFA8AFBFDF79EFC814650B1FDF778FC31
:106310003D4B5A4603EB00133946484619F06DFDD4
:106320008146B6F8043194F8C4709A4588BF4FF09E
:10633000010884F8C48098BF023704F1C008BFF395
:106340005B8F58E8003F013348E80032002AF8D15B
:10635000BFF35B8F294604F114001AF08DFBA3787C
:10636000012B17D1042109F10C0019F01EFC238820
:1063700027F0020743EA07330380B9F81030043BE3
:106380004380022109F10C0019F017FC4846FEF782
:1063900041F970B3BFF35B8F58E8003F013B48E819
:1063A0000032002AF8D1BFF35B8F294604F11400B4
:1063B0001AF094FB4846FDF7C3FC20462946FFF738
:1063C0005BFCB6F804310D48002B08BF002016F026
:1063D00075FE132120461AF034FC2046FFF7F8FD25
:1063E00007B0BDE8F08F6FF079056FE76FF0040537
:1063F0006CE7FEF79DF9F0E700000020080100209F
:1064000028060020C406002080130020F8B5031DD4
:10641000044618461AF04AFB820421D5B4F88620B7
:10642000B4F8881091421BD8B4F88A10914217D35F
:10643000B4F88C10B4F89020914211D1B4F88E10B9
:10644000B4F8922091420BD1BFF35B8F53E8001F49
:1064500021F4005143E80012002AF7D1BFF35B8F0B
:10646000104B1D686DB155F80C6C1C3D3EB1B4F875
:106470008E30B4F88C20B4F886102046B047ED6911
:10648000F0E7094D094FBD4200D3F8BD2E693EB17A
:10649000B4F88E30B4F88C20B4F886102046B0479B
:1064A0002035F0E7B4130020405102006051020093
:1064B0002DE9F041064608460C4619F055FE054602
:1064C00010B92846BDE8F081134B1F6887B157F813
:1064D000103C1C3F0BB9FF69F8E72146304698474E
:1064E0000028EFD0204619F03FFE0028F3D1E9E75D
:1064F0000A4FDFF82C804745E3D2FB680BB9203701
:10650000F9E72146304698470028DBD0204619F0AD
:106510002BFE0028F3D1D5E7B41300204051020030
:10652000605102002DE9F041C37805468BB900F1B6
:106530007E06114B1C687CB11C3C05F17007636939
:106540001BB13A46314628469847E46924B11C3CC1
:10655000F5E700F17706ECE7084C094FBC4201D3A0
:10656000BDE8F081636923B105F170023146284628
:1065700098472034F2E700BFB413002040510200D6
:1065800060510200F8B5437A8372054616461AF048
:10659000CBFC0D4B1C684CB154F8043C1C3C1BB1AB
:1065A000697A324628469847E469F4E7074C084F71
:1065B000BC4200D3F8BDA3691BB1697A32462846B4
:1065C00098472034F4E700BFB41300204051020084
:1065D0006051020008B5084B1A6800F11C0122B98D
:1065E00005481AF049FA104605E0914201D01268B8
:1065F000F5E76FF0100008BDB413002070B5064633
:106600000D460F480121FFF70FFC0446A8B10672A2
:1066100007222946703019F01CFA01236372A37215
:10662000A370084BC4F8A430074BC4F8A830074B3C
:10663000C4F8AC30064BC4F88830204670BD00BFAB
:10664000C0080020A9690000990A02008D0A020012
:106650001800280070B5054609480E461AF0B5FA2C
:10666000044658B18378012B05D1324629461AF0E9
:1066700022FB18B92046FFF7ABFC0024204670BD72
:10668000C0080020F8B505460F480E4617461AF018
:106690009CFA044650B18378012B04D166B9637B20
:1066A000BB4205D02046FFF793FC00242046F8BDEE
:1066B000237AAB42FAD0F5E7324629461AF0FBFAC4
:1066C0000028ECD1EEE700BFC008002038B5044632
:1066D00008460D4619F048FD38B3154B93F8D830ED
:1066E000990707D4E37873B129462046BDE83840BE
:1066F00000F0C2B994F895309A07F3D5201D1AF02E
:10670000D5F94304EED4294620461AF04BFB58B97C
:106710002B88A4F888306B88A4F88A30AB88A4F85A
:106720009030EB88A4F8923038BD6FF01500FBE78D
:1067300000000020F7B510F8333C054623BB403875
:106740001AF0E1FB334B1C6854B154F8183C1C3C64
:1067500023B115F8341CA5F140009847E469F3E72C
:106760002D4C2E4FBC4206D3A5F1400003B0BDE82E
:10677000F040FFF72DBC636823B115F8341CA5F178
:10678000400098472034EDE710F83E3C012B3FD104
:10679000BFF35B8FA0F13C0454E8003F23F40052A8
:1067A00044E800210029F7D1BFF35B8F9B041DD57E
:1067B000AB6C009369462B6D0193A5F14000FFF788
:1067C00085FF58B9BFF35B8F54E8003F23F4805333
:1067D00044E80032002AF7D1BFF35B8F4FF4006129
:1067E000204603B0BDE8F0401AF066B90C4A1068C4
:1067F00051686B4603C36946A5F14000FFF766FF89
:106800000028EBD14FF4805120461AF055F9E5E706
:1068100003B0F0BDB41300204051020060510200EB
:106820003452020008B568B1094B1A6800F10C0136
:1068300022B907481AF020F9104605E0914204D029
:106840001268F5E76FF0150008BD6FF07700FBE701
:10685000BC13002038B50C480C4D1DF050FF00242F
:106860002946094801341DF088FF032C05F10C0569
:10687000F6D11BF07DF802F06DFF044608B91AF05E
:1068800012FC204638BD00BF2806002090130020CF
:10689000044B186818B9044A5A600B6070476FF0CF
:1068A0000B007047C8130020F05402002DE9F74395
:1068B0002B4DDFF8B08006460027454502D303B0D4
:1068C000BDE8F0836B6801A930469847002841DB9A
:1068D000019C2B88A382A38404F11003D5F80890AF
:1068E000BFF35B8F53E8002F43E800710029F9D113
:1068F000BFF35B8F0422002104F1480019F0B4F8C3
:10690000C4E91377A760B26B04F1080322BBC6E9A0
:106910000D332660C4F80C9004F130001DF0EFFE3A
:10692000019843681B6803B19847019BBFF35B8FD5
:10693000103353E8001F41F0010143E80012002A20
:10694000F7D1BFF35B8F01984368DB6913B100F1A6
:10695000100198470C35B0E71360B363D9E700BF67
:106960001C510200405102002DE9F0411D4652EA3F
:10697000050306460F46144610D017F06FF9094B71
:10698000D3F88030834215BF224600222B460023D5
:10699000391D3046BDE8F041FFF70ABC002213461E
:1069A000F6E700BF901100202DE9F047D0F8B04085
:1069B0000F4690464CB1483C236B63B104F130095B
:1069C00048461DF0EDFE054650B9FDF7B1FE002624
:1069D0003046BDE8F08720461AF02FFAA46CE9E7AC
:1069E00019F046FA0028F2D1284619F08BF8256DE7
:1069F00006469DB9A38C058A403B9BB23F2B03D82A
:106A0000238D9D4228BF1D46042106F10C0019F07C
:106A1000CCF80580A38C438004352565AF421FD395
:106A2000B6F810A0AA4506D100220023484616F069
:106A300015FBFDF785F9A38CA3F140023F2A07D887
:106A4000AA4514BF00220B4AB26118BF1346F36176
:106A500020461AF0F2F9236B13B120461AF0CDF953
:106A6000236DC8F800309F4234BFDB1B0023236531
:106A7000AEE700BFCD0F020070B5144A0C46117886
:106A8000013111F0FF010CBF01230B4613700646C4
:106A900008BF1946082212201AF05BFA054688B191
:106AA00008210C3019F06AF823880380638843803A
:106AB000A3888380E388C38029463046BDE87040C0
:106AC0001AF091BA6FF00B0070BD00BFFF330020C9
:106AD000232823D81C2804D8431E1A2B0DD906209E
:106AE0007047A0F11D03062B20D8DFE803F0042532
:106AF0001F100B1F1D0005207047104A0123834003
:106B00001A400AB1022070470D4A1A400AB101200A
:106B100070471B2814BF06200320704700F07F0336
:106B2000522B03D1002070470320704710F0400F14
:106B300014BF00200620704704207047AAAA8A02CA
:106B400054554501011F01481DF003BDAC0500204F
:106B500010B500F154030446BFF35B8F53E8001FE8
:106B600041F0010143E80012002AF7D1BFF35B8F27
:106B7000201F1AF0B7FB04F1740004491DF0D9FE80
:106B80002068BDE8104001F05DBE00BF9F19020003
:106B900070B503788AB004460E4607AD032B20D8A3
:106BA000DFE803F002191B1D1149284618F0FCFE0E
:106BB000059563780493A3780393E378029323798C
:106BC000019363790093A3790A4A1E21304617F096
:106BD00085FD0AB070BD0849E7E70849E5E70849BF
:106BE000E3E7084A0A21284617F078FDE0E700BFEE
:106BF0001B77020044770200227702002977020007
:106C0000337702003D7702002DE9FF4105460E462D
:106C10004FF000084FF42053006817688DF8088083
:106C200002A91446ADF80A3019F06AF8A0B142F68C
:106C3000010328688DF80C8003A9ADF80E3019F017
:106C40005FF848B123691BB15A88B24238BF5E80F1
:106C5000012004B0BDE8F0816168286819F050F89F
:106C600010B100232361F3E7E368A0681A786AB1E2
:106C7000B7F82AC0798B038A8C4594BFC3EB0C0309
:106C8000C3EB0103934201DA0020E2E704210C3058
:106C900018F074FF2061068023695E80074B009323
:106CA0000194A2680023294638461AF09AFB00286E
:106CB000EADB2069003818BF0120CAE74913020047
:106CC0002DE9F743166807468946006851687468DD
:106CD000154619F015F88046002842D12046952225
:106CE00039461BF024FA0446287548B1EB681C7835
:106CF00014B185F814804446204603B0BDE8F08303
:106D0000A86818F003FF02210C3018F037FF164B6B
:106D10002861A0F8009000930195AA68234639469F
:106D200030461AF05EFB002806DA10F5807F8CBF33
:106D300040420E202875DFE72B69002BDCD0A868C5
:106D40001AF0BCF9738B728D9A4294BFC0EB0200AB
:106D5000C0EB0300EB681B78984294BF0024012429
:106D6000CAE70124C8E700BFCD100200F7B5002331
:106D700004460E462A480022694616F07BF805466E
:106D8000C0B916F06BFF274B294618602C220098DB
:106D900018F06AFE009B24481C60009C0195C4E921
:106DA0000155C4E909550022002301A916F062F833
:106DB000054620B16FF00B05284603B0F0BD014633
:106DC000B022019818F050FE0198184B8360603093
:106DD0001DF095FC019BBFF35B8F583353E8002FE8
:106DE00043E800510029F9D1BFF35B8F019B1C6080
:106DF000636A019F1BB904F10C001DF080FC626AFC
:106E0000C7F8A820A26A07F1A803636202B9A362C7
:106E1000019B17225A855A8304333360CCE700BFA5
:106E20009005002064140020AC0500205C020020C6
:106E300070B50E46438B418D8B4202F1010228BF93
:106E40000B469A42054630D83046FFF741FE6FF0B8
:106E50001403034113F001030ED016F0FFFE144B90
:106E6000D3F8803083421ED0124B1B681A1A18BF09
:106E70004FF0FF32134601E04FF470220E4800211C
:106E8000FFF772FD044660B1FCF7BAFE0B4B182207
:106E900002FB0033012104F10C009D6018F06EFE2E
:106EA0000670204670BD0022E4E70024F9E700BF29
:106EB00090110020641400206C0600201C14002097
:106EC0002DE9F74F074608460C46FCF799FE244E7D
:106ED00018234343F2180546D2F808A0E068BFF330
:106EE0005B8FB96DBFF35B8FC90736D5E168097851
:106EF00011710022F2500378D22B0ED13B6821464B
:106F000018681BF036FD40B101902046FCF718FFD1
:106F1000019B184603B0BDE8F08F04F10C0018F097
:106F200075FE18235D4306EB050900231A468046CB
:106F30002146381DB4F810B0C9F808701AF01FF8CF
:106F400003460028E5D06269A4F810B012FA88F26E
:106F5000E2607051C9F808A0DBE76FF01503D8E7CD
:106F60001C1400202DE9F14F0546FCF749FE354978
:106F7000182202FB00F3C81851F803A090F80490FF
:106F8000C788D0F810800021D0E9024618F06CFDC7
:106F9000A87AFCF72DFE6969834651B16B7AD80750
:106FA00005D4DBF824301B6828469B6898470023EB
:106FB0006B61294658461DF0EAFBB9F1000F33D04A
:106FC000002C31D023687BB31B686BB3BAF1000F80
:106FD0002AD14846FFF77CFD0546201D1AF0C9FB63
:106FE000052D21D8DFE805F0160320162003BFF396
:106FF0005B8FA36DBFF35B8FDA0715D5E36D9BB194
:107000004FF47022002304F1780001B0BDE8F04F86
:1070100016F0F4BA23681D68BFF35B8FA36DBFF34E
:107020005B8FDB0700D556B901B0BDE8F08F414654
:107030002846B0470134A3B2BB42F8D3F4E700249A
:10704000F9E700BF1C1400202DE9F0410B8A04462B
:107050000E46002B3AD00568012106F10C0018F00D
:10706000BDFD6B7B072B074630D154F8043C6BB356
:107070000178194D043C002315F8330088424FEA8B
:10708000C30805EBC30211D1318A5378994220D34A
:10709000536831462046984703464544AA78012A5A
:1070A00014D19BB1397889B100220CE001330E2B49
:1070B000E2D10846FFF70CFD2122C24012F0010286
:1070C00004D119B1062320461AF096FB0020BDE832
:1070D000F0810423E1E700BF18550200F0B51D461A
:1070E00003680E46003987B0044618BF01211868AE
:1070F00017461BF022F948B904F158001AF093FA28
:1071000000280CBF1220002007B0F0BD002D3ED09B
:1071100018220021684618F0A7FC3FBB23681D4ACF
:107120001B6800930023ADF812300C9B0393BDF84D
:107130003430ADF8103001238DF8143029466B46F9
:1071400028468DF808601AF042F99DF81430BBB15A
:1071500057B10198FCF7F4FD36B19DF814302A467A
:10716000122120461AF048FB0020CDE7002213210F
:107170002046FFF75DFE01900028CFD11120C3E724
:1071800001990029F0D020461AF028FBECE70120F5
:10719000BAE700BF69130200F8B54FF47022074642
:1071A00000230D480E4618F07EFC044688B10921E4
:1071B0000C3018F0D9FC2046FCF722FD074B1822B2
:1071C00002FB0033012104F10C009F6018F0D6FC93
:1071D00006702046F8BD00BF6C0600201C1400207D
:1071E0002DE9F0410C7C043CE4B2022C05468CB045
:1071F000084601D0102C6FD104210C3018F0EEFCA1
:107200000DF1080806884788011D2246404618F0FF
:10721000A5FD002862D0002E3DD0002F3CD0BE42FC
:1072200039D800244FF4205301A940468DF804407A
:10723000ADF8063018F064FD002838D11422002182
:1072400007A818F011FC11212846FFF7A5FF0990A7
:1072500000283FD001210C30CDE9075818F08EFCF2
:107260004FF000080A9007AB80F8008039461C4AAE
:10727000CDF82C8030461AF0AAF80A9B09991C78A0
:1072800024BB0846FCF75CFD0A2332461021284641
:107290001AF0B2FA07E0374601233A461021284691
:1072A0001AF0AAFA002420460CB0BDE8F08142F69C
:1072B000010307A940468DF81C40ADF81E3018F0B8
:1072C0001FFD0028BAD010233246E7E728461AF0FF
:1072D00085FAE7E71124E6E70424E4E70E24E2E771
:1072E000096C00002DE9FF41036804460E4618684A
:1072F00001211BF022F850B904F158001AF093F95B
:10730000002814BF0020122004B0BDE8F081102234
:107310000021684618F0A8FB21212046FFF73CFF1A
:10732000029038B3009406F10C074FF00108338A3D
:10733000012B04D8029920461AF050FA18E038467A
:1073400018F05CFC6B460C4A8DF80C800146054633
:107350001AF03DF89DF80C30002BE8D00298FCF7AD
:10736000EFFC9DF80C302A46202120461AF044FA02
:107370000020C9E71120C7E7311502002DE9FF41C0
:10738000036804460E46186801211AF0D6FF50B96A
:1073900004F158001AF047F9002814BF0020122009
:1073A00004B0BDE8F08110220021684618F05CFBB3
:1073B0000F212046FFF7F0FE029038B3009406F14B
:1073C0000C074FF00108338A012B04D8029920469C
:1073D0001AF004FA18E0384618F010FC6B460C4A14
:1073E0008DF80C800146054619F0F1FF9DF80C3030
:1073F000002BE8D00298FCF7A3FC9DF80C302A463D
:107400000E2120461AF0F8F90020C9E71120C7E73D
:10741000A3150200F0B51E46036885B005460F4669
:107420001868012114461AF088FF50B905F1580078
:107430001AF0F9F8002814BF00241224204605B0E1
:10744000F0BD76B310220021684618F00DFB2146EE
:107450002846FFF7A1FE029008B3BDF82830ADF82A
:10746000043001238DF80C3031460F4A00956B46ED
:10747000304619F0ACFF9DF80C4002995CB108460B
:10748000FCF75EFC9DF80C303246394628461AF06F
:10749000B3F90024D2E728461AF0A0F9CEE7112468
:1074A000CCE70124CAE700BFA31502002DE9F04193
:1074B0000C7C043CE4B2022C05468CB0084601D09A
:1074C000102C7AD104210C3018F088FB0DF104083F
:1074D00006884788011D2246404618F03FFC0028D8
:1074E0006DD06EB36FB3BE422AD8686801211AF01E
:1074F00024FF044680BB8DF8000042F60203694673
:107500004046ADF8023018F0FBFB28B342F6030307
:1075100006A940468DF81840ADF81A3018F0F0FB77
:10752000D0B1012E03D14FF6FF739F4214D005F165
:1075300058001AF078F8002814BF0024122407E03D
:10754000374601233A46082128461AF055F9002407
:1075500020460CB0BDE8F081182200210DEB02009E
:1075600018F082FA09212846FFF716FE089010B39A
:1075700001210C30CDE9065818F000FB4FF000084F
:107580000A230990394680F800800E4A8DF82C3085
:10759000304606AB19F01BFF9DF82C40089934B11A
:1075A0000846FCF7CDFB9DF82C303246CBE7284649
:1075B0001AF014F9CCE71124CAE70424C8E70E2412
:1075C000C6E700BFC16C00002DE9F043884687B0D4
:1075D0000446062108F10C0018F000FB0588D5B11F
:1075E0004688CEB1AE4216D3002382888DF8003093
:1075F0008DF8043001A94FF420536846D8F80C9058
:10760000ADF80220ADF8063018F07AFB074670B1ED
:107610000A232A4602E02E4601233246062120464E
:107620001AF0EAF80026304607B0BDE8F0830146BC
:10763000142201A8B8F8108018F016FA0721204685
:10764000FFF7AAFD0290D8B10A2331468DF8153014
:107650000C4A019401AB2846CDE903798DF81480DA
:1076600019F0B5FE9DF8156002992EB10846FCF799
:1076700067FB9DF81530CCE720461AF0AFF8D2E74B
:107680001126D0E7F11002007FB5CB681D880446B3
:1076900085B15E887EB1AE420CD3102200216846CF
:1076A00018F0E2F905212046FFF776FD019058B960
:1076B000112007E02E4601233246042120461AF00D
:1076C0009BF8002004B070BD6B463146084A009418
:1076D000284619F07CFEDDE901132BB90846FCF7BA
:1076E0002FFB0A232A46E8E720461AF077F8E8E756
:1076F0003512020037B5002305460C46019316F0FB
:10770000ADFA0E4B1B68834204D00D4BD3F880308A
:10771000834201D100252C4601A90A482A46234666
:1077200015F0A8FB014630B901981C2218F09CF90D
:10773000019803B030BD0020FBE700BF64140020B7
:1077400090110020C805002010B50446806818B1CB
:10775000FCF7F6FA0023A36021460248BDE810407A
:107760001CF0F7BEC80500202DE9F7430446783029
:107770001E460F4690461DF0E7F8E36D2BB92046F4
:1077800003B0BDE8F0431AF0F5B80F4A93424FF04A
:10779000000217D05D685A60E06DD0F81890FFF7CE
:1077A000D3FF00232068E36519F09CFF3DB12068FA
:1077B000CDF80090006843463A463146A84703B0EA
:1077C000BDE8F0831546ECE768140020F7B550F8E3
:1077D000044C0546002C56D000F1A40104F124000D
:1077E00019F006FF0022002305F15C0015F036FCBD
:1077F000014670BBAB6D2BB102466FF06703281FCB
:10780000FFF7B2FF002345F8043C05F15403BFF332
:107810005B8F53E8001F21F0010143E80012002AAA
:10782000F7D1BFF35B8F636A6BBB0022002304F1C7
:107830000C0015F013FC78B9666886B91348266009
:1078400021461CF086FE286803B0BDE8F04001F038
:10785000CDB8FCF775FAC5E7FCF772FAE5E7A26860
:1078600033686360964208BFA36077683FB1B3692D
:107870000093002320681A466FF06701B84730462E
:10788000FFF762FFD8E703B0F0BD00BF900500200E
:10789000F8B51D460F461646FCF7B2F9044C1823FE
:1078A00003FB0040C0E903760123C3800575F8BDE2
:1078B0001C14002010B50449144618461022A04795
:1078C00000EAE07010BD00BFE809002070B50D4C63
:1078D0002378834206460D4604D1611C28461AF0DF
:1078E0004BF948B9237CB34204D1074928461AF022
:1078F00043F920B9002070BD0023E018FBE71023F6
:10790000FBE700BF9C140020AD14002070B50D4CA7
:107910002378834206460D4604D1611C28461AF09E
:107920002BF948B9237BB34204D1074928461AF002
:1079300023F920B9002070BD0023E018FBE70C23D9
:10794000FBE700BF900900209D09002070B50C4C9A
:107950002378834205460E4603D1601C1AF00CF9C9
:1079600048B9237BAB4204D1064831461AF004F9EA
:1079700020B9002070BD0023E018FBE70C23FBE7D3
:10798000323300203F330020F8B50B4C0746002669
:107990002546621C5FB9094910461AF0EDF810B986
:1079A000103416B105462846F8BD0126F0E72178C7
:1079B000384619F080F9F2E79C140020957802000F
:1079C00038B54A1C0D46044638B9074910461AF026
:1079D000D3F800B12C46204638BD097819F06BF970
:1079E0000028F7D10446F6E7957802002DE9F0412A
:1079F00080460F4616461D46FFF7A8FF044648B9C5
:107A00001649FFF7A3FF044630B300F8018B39464F
:107A10001AF0E6F823899BB962899AB926816581B3
:107A2000254615F8010B294618F02FFCA0B1224677
:107A3000294612F8080BBDE8F0410423FCF78CBA84
:107A40009E4204D36289AA4206D29E42E7D263894B
:107A50002681AB42E4D2E2E7BDE8F08195780200EE
:107A60002DE9FF410546884616461F4670B302A918
:107A700018F01EF9044648BB01A9284617F0A9FDD5
:107A80000198E8B902A9FFF761FF054608BBB8F104
:107A9000000F11D01449FFF759FF054608B3002322
:107AA00000F8013B02A91AF09BF8042205F1080135
:107AB0003846B04700EAE074204604B0BDE8F081E3
:107AC0000A22214617F0F8FE0028DBD06FF01504DB
:107AD000F2E7B8F1000FE8D10C22414617F0C4FFDD
:107AE000EAE76FF00B04E7E7957802001FB5194647
:107AF0001046064B064ACDE9022308230093BDF841
:107B000018206B441AF088F805B000BD0400580234
:107B10001800280070B5204B144682689A420FD195
:107B2000A568C66875B92279216830461AF02CF824
:107B3000044628B1194901301AF052F82570258100
:107B4000012070BDE0680028FBD02B8899420AD044
:107B5000F6D9E068A36801380433E0600038A36018
:107B600018BF0120EDE72279216830461AF00CF8A1
:107B7000054668B90246094930461AF005F8054637
:107B80000028E6D0216801301AF02AF823792B70FA
:107B9000A3685B882B81DCE7A97E00009578020052
:107BA00038B5084B154682689A4209D1C4682968DD
:107BB000601C19F0E1FF18B16968601C1AF010F838
:107BC000012038BDA97E000008B513468168074A28
:107BD000914209D11A791968C06819F0D5FF18B116
:107BE0000A22002117F040FF012008BDA97E0000F5
:107BF00038B50E4B144682689A420D4611D122794F
:107C00002168C06819F0C0FF58B1D4F8C8302F2BD4
:107C100009D804EB83020133158101895181C4F82D
:107C2000C830012038BD0020FCE700BFA97E00005D
:107C300002484FF4A472002315F0E0BC700A002043
:107C400010B50C490446013019F0CAFF04F10800D0
:107C50000122002117F008FFBFF35B8F0C340023D3
:107C600054E8002F44E800310029F9D1BFF35B8FBD
:107C700010BD00BF9578020010B50A4C04212046C3
:107C800019F090FF6FF00201204619F09AFFBFF340
:107C90005B8F2368BFF35B8FDB0701D5FFF7C8FF5E
:107CA000002010BDA00A00202DE9F041214B16460E
:107CB00082689A42074639D1C4686389002B35D05F
:107CC000238993B12546304615F8011B2A4618F042
:107CD000F2FF00B3307A06F1700118F0D6FA58B10D
:107CE00006F17001284619F07BFFE36800216181ED
:107CF000E3B13846984719E00F4B9C4207D00F4933
:107D0000284619F06DFF002323702381EDE73046EC
:107D10001AF023F8F3E720782946FEF79BFC0028A9
:107D2000E3D0457BFEF754F9072DDED10120BDE8F5
:107D3000F08100BFA97E0000CC02002095780200EF
:107D400008B51548012119F02DFF10F0010F124B55
:107D50000DD1124A43F8382CBFF35B8F1B68BFF379
:107D60005B8F9B070DD4BDE80840FFF761BF33F878
:107D7000382C33F8360C012A4FF6FF7202D89042A5
:107D800004D108BD904223F8381CE5D04FF6FF72AD
:107D900023F8362CE0E700BFA00A00200100FFFF17
:107DA00070B50A4C00250A49601C19F0E5FE014631
:107DB00030B920461AF04CF82078611C1AF058F8B7
:107DC000103405B170BD0125EDE700BF9C14002003
:107DD000957802002DE9F04707468946904618F04D
:107DE00054FA494604463846FFF790FD054654B319
:107DF000C0B9164BBFF35B8F1C68BFF35B8F04B336
:107E0000BFF35B8FDB68BFF35B8F5BB90C20012492
:107E10000F4E851901304946304419F0E1FE0C231C
:107E20005C433755012101FA08F105F1080019F00A
:107E3000B9FEBDE8F04707484FF40042002315F0B3
:107E4000DDBB2046E4E7BDE8F08700BF98090020CD
:107E500090090020A809002038B5124C05466FF0A3
:107E60000201204619F0ADFEBFF35B8F2368BFF31C
:107E70005B8FDA0705D500220023A4F1300015F04E
:107E8000BDFB284619F02FFE58B12846FFF77CFDB0
:107E900038B1037ADB0704D5BDE8384001211AF078
:107EA00008B838BDA00A00202DE9F0479846BDF873
:107EB000203006468946002B44D108F1FF33012BC0
:107EC00043D8CF68B8F1010F39460CBF1578158833
:107ED000FFF776FD044678B915B94046BDE8F0874E
:107EE0003946FFF76DFD044690B306F1700101308D
:107EF00019F076FE337A23703B6943B12A4649462E
:107F0000304698470028E9DB0138012823D8B4F827
:107F100008A025817B89AB4203D03946484619F039
:107F200062FEAA4505D0307A002206F17001FFF703
:107F300051FF002DD1D10949601C19F051FE257067
:107F40002581CAE76FF00600C8E76FF00C00C5E7AF
:107F50006FF01000C2E76FF00D00BFE795780200E8
:107F600010B51C48012119F01DFEC30730D40221B1
:107F7000184819F017FE084007D11749174B0A880F
:107F8000174CA3421FD300B10A80164916481CF0B3
:107F9000D0FC4FF4A47200231348FCF795F8134962
:107FA00013481CF0C6FC0221124819F0FBFD1249CF
:107FB00012481CF0BEFC1248FEF734FCBDE810402D
:107FC0001048FEF707BB9888083302440120D8E721
:107FD00010BD00BFBC1400204A33002060510200D5
:107FE000785102002B210200F80900203985000099
:107FF000700A0020A00A00203F240200A8090020E7
:10800000A4020020840200202DE9F04130B3078A49
:108010003FB9134ADFF84CE001244FF0140C7245CD
:1080200003D33B461846BDE8F081D2E90065B04273
:1080300004D36B1E0CFB036398420DD963190832FD
:108040001C46ECE70CFB01684045EBD0013163189E
:108050008D429BB2F6D1F2E70021F8E70346E1E753
:1080600060510200785102002DE9F74FBDF8305001
:1080700000919A464FF6FF73002D08BF1D46234B13
:108080001B888342804691463AD203B0BDE8F08F08
:1080900073682344434531D29CB208361C4B9E4240
:1080A000F6D3F2E789580193484617F029FE019B61
:1080B00088B101340137A4B27368BB42EDD9009B8B
:1080C0009C42E2D84445F4D331680BFB07F28B188D
:1080D000B9F1000FE6D1BAF1000F0BD1013DADB2FD
:1080E00018460E9A0D9B21469847002DCDD00028AA
:1080F000DFD1CAE7DA689245DBD1EFE70027DBE79B
:10810000044E01244FF0140BC8E700BF4A3300208F
:10811000785102006051020010B5A2B01022002177
:1081200001A817F0A1FC1422002106A817F09CFC5E
:108130004FF41053ADF814301B4C8023ADF81630BB
:108140004FF48063CDE9073401A920AB102205A8C4
:108150001BF067FC014620BB54220BA817F084FCDF
:10816000209922460BA81BF051FDD0B90F480BA94E
:1081700019F0CEFF0E4905AB10220BA81BF061FDD4
:1081800078B90B4B014603F110020131187812F84F
:10819000014D03F8014B08291070F6D1054819F07C
:1081A00001FD22B010BD00BF0002C003AD1D0200E2
:1081B000D8090020A00A00202DE9F0411B49BDF894
:1081C00018600746A1F1300014461D461CF0CFFB95
:1081D000BFF35B8F164B1B68BFF35B8F190707D488
:1081E000FFF79AFFFFF7DCFD12481021FBF7F0FEC6
:1081F0003846FFF7C9FB034668B1027AD2070AD5B1
:108200000C30BFF35B8FDB68BFF35B8FDB0702D4FF
:10821000022119F0C7FC1023069332462946204656
:10822000044BBDE8F04119F0F7BC00BF280A00205C
:10823000A00A0020D809002038B51E4CBFF35B8F80
:108240002368BFF35B8FC3F3C00383F001050BB951
:10825000FFF762FFBFF35B8F2268BFF35B8FBFF353
:108260005B8F2368BFF35B8FD20621D59B0608D5B1
:10827000F5B1FFF795FDBDE838400F481021FBF739
:10828000A7BE20210B4819F08DFC0B49102288183D
:1082900017F0B8FB48B909481CF056FBBDE8384058
:1082A00004486FF0010119F08CBCFFF749FDE0E7CD
:1082B00038BD00BFA00A0020D8090020700A0020A5
:1082C00008B51021034819F06DFCFFF7B5FF002039
:1082D00008BD00BFA00A00202DE9F041B8B00C464F
:1082E00017461E493E986A46984617F050F988B3DB
:1082F000009D01A9284617F06CF955B1019860B9A5
:1083000002AE8DF814003146284617F0D1FC054620
:1083100050B16FF01504254616E00A22002117F02F
:10832000CBFA0028ECD0F4E704968CB1C02208A95F
:108330004046B847041EEEDBA40808AB084804A971
:10834000CDE9063419F0E4FE284638B0BDE8F081E6
:108350002346F3E76FF01505F6E700BF67770200E5
:10836000157B000010B586B000240594FFF74CFE85
:1083700005AB0293411C064B89B2CDE90043084688
:1083800023462246FFF770FE059806B010BD00BFD9
:10839000371B02002DE9F843154688469422696888
:1083A000074619F0C4FE0646002842D16968022239
:1083B000384619F0FDFE00283ED04FF47020002111
:1083C000B5F81490FFF796F9044680B109F102025E
:1083D0001B4B42611D214174C66043608561384674
:1083E00019F062FA814628B92046FFF7ADF96FF01F
:1083F0000B051BE0012332463146FFF749FAA98AF3
:1084000009F10C00023117F0B9FB20F8028BAA8A9F
:10841000296917F01EFBC4F808902146384619F068
:1084200045FB054610B12046FFF78EF92846BDE80A
:10843000F8834FF0FF35F9E76FF01505F6E700BF59
:108440003D1B020070B504468AB00D46374BBFF3A2
:108450005B8F1B68BFF35B8F5A0761D510B1437BFD
:10846000072B60D16E6805963046FFF7CDFD2A6870
:10847000ADF8180032B305A902912D4901910121EF
:10848000002300914FF6FF710593FFF7EDFD059E68
:108490001EB96FF001000AB070BD6E600023306835
:1084A0008DF8103004A942F60303ADF8123017F02E
:1084B00027FC70B90598C3689B799B0605D46FF0BB
:1084C0001500E8E70028E9D1E3E719F0DEFDADF893
:1084D0001800BDF818003CB101230146AB752A46CF
:1084E0002046FFF757FFD6E76FF07F03079302237D
:1084F000ADF8203042F60213ADF8123005ABAC7582
:1085000002930C4B01930123009304AA23464FF6D8
:10851000FF7109958DF81040FFF7A6FD0798BAE79F
:108520006FF00A00B7E76FF07F00B4E7D4000020D7
:108530006D1B02005187000073B5044650F8083CDB
:1085400001936FF00101303019F03BFB0E4B44F802
:108550001C3C0E4B44F8183C01AB002044F8103C86
:10856000042324F8080C24F8060C24F80C3CA4F18D
:108570002001FFF767FF20B9022104F1300019F054
:1085800011FB02B070BD00BFC0550200597E000053
:108590002DE9F0412D4B174682689A42064623D1B9
:1085A000C5682B8903B33C682A46204612F8011B94
:1085B00018F081FBC0B14FF495723146204619F096
:1085C000B6FDA0B103280FD0052820460CBF4FF000
:1085D00003084FF0020818F0D4FB804507D93B7917
:1085E000434501D287F804800120BDE8F081294687
:1085F000304619F0F8FA164B9D42F5D1207A04F175
:108600007001FFF7A3F905460028EDD0038913B9DF
:108610004389002BE8D02046FDF7BEFD0D4B2A898B
:1086200023F8202003EB80036A890B495A80182223
:1086300002FB0011094A4A600B61094A8A6004235F
:1086400020468B82FFF7FEFECEE700BFA97E00002A
:10865000CC0200202E33002084140020C0550200DC
:10866000571F020070B504468AB00E46354BBFF363
:108670005B8F1B68BFF35B8F5A075DD510B1437BDF
:10868000072B5CD1756805952846FFF7BDFC32685D
:10869000ADF8180032B305A902912B4901910121CF
:1086A000002300914FF6FF710593FFF7DDFC059D58
:1086B0001DB96FF001000AB070BD75600023286815
:1086C0008DF8103004A942F60303ADF8123017F00C
:1086D00017FB70B90598C3689B79DB0605D46FF06A
:1086E0001500E8E70028E9D1E3E719F0CEFCADF882
:1086F0001800BDF818002CB101463246204619F08A
:10870000E5FDD8E742F60212ADF8122005AA6FF097
:108710007F0302920D4A07930123CDE90032ADF8A1
:10872000203004AA23464FF6FF7109968DF81040B9
:10873000FFF79AFC0798BEE76FF00A00BBE76FF0FF
:108740007F00B8E7D40000206D1B020051870000B5
:108750002DE9F041374B154682689A42804620D178
:10876000C768354B9F4218D1344C00263449204607
:1087700019F002FA78B914F8010C07222146FDF726
:1087800081FF98B92B6914F8010C1A6921465388A6
:108790001288FFF72BF90C3436B13A89AB899A422B
:1087A00007D00120BDE8F0810126DFE7FDF710FCCE
:1087B000F1E7394611F8010BFDF74CFF064600289A
:1087C000EFD0437B072B32D17B695BBB94224146C0
:1087D000304619F0ACFC48BBAB89022B16D13B8963
:1087E0009B070BD52A69A9883046FFF7D3FD0446BD
:1087F00028B92A69937D0133937500E0002430463F
:10880000FDF7E6FBE043AC60C00FCBE7012BF5D1F1
:108810003B89DA07F2D52A69A988304619F056FD56
:108820000446ECE7414698470028CFD13046FDF793
:10883000CFFBB6E7A97E0000CC0200203333002036
:108840009578020070B58EB004460390012300F1C4
:108850007001007A8DF8103017F017FD98B1227A68
:108860000AB302AE0421304615F0A0FF00960F4A6D
:10887000242105A804F17003FBF7DEFA05AA0C49D0
:108880001046FAF771FC03A90A4819F041FC20468A
:1088900018F077FA9DF81010884202D2204618F09E
:1088A00039FA0EB070BD0092E1E700BF6A770200AE
:1088B000D982000091850000F8B5084B1C68054678
:1088C0000E4617464CB154F8043C043C1BB13A46E2
:1088D0003146284698476468F4E7F8BDC014002084
:1088E00013B5012304460090694607488DF804300B
:1088F00019F00EFC0021204619F01FFD08B9FFF702
:108900001FFA02B010BD00BF9185000030B5B5B0B0
:10891000002301918DF8080004460D460848339362
:1089200001A919F0F5FB339B3BB19B0003AA294633
:108930002046FBF739FB35B030BD1A46F7E700BFDC
:10894000F17B00002DE9F3410446CDE90012884691
:1089500000F17001007A174617F097FC6946064649
:108960000D4819F0D5FB26B1207A04F17001FFF70C
:10897000CDFF207A4146FEF7A9FF48B139460130C4
:1089800019F02EF926B1207A04F1700119F070FA6D
:1089900002B0BDE8F08100BFA17B000037B5002325
:1089A000CDE9001304460D468DF8040069460E48D3
:1089B00019F0AEFB29462046FBF702FB002810DB2E
:1089C0002946204619F0B7F929462046FEF77EFFD2
:1089D00008B1FFF735F929462046FBF7DDFA00EA32
:1089E000E07003B030BD00BFC97B000073B5044622
:1089F000014604F17005174819F08AFB207A2946D0
:108A000019F0E1FC207A294617F03FFC48B1002319
:108A1000CDE900531048237A8DF80430694619F0E7
:108A200077FB2046FEF7B0FF064688B1207A29463C
:108A300017F02BFC28B9304602B0BDE87040FFF7B4
:108A4000FFB82946701C02B0BDE8704019F0C8B8E4
:108A500002B070BDA97C0000C97B0000064BD3F8B2
:108A6000EC0028B9054AC3F8F020EC330B607047DE
:108A70006FF00B00704700BFA80A0020C456020028
:108A8000014608B5034819F004FD0028024808BF54
:108A9000002008BDAC0A0020A80A002010B50C4A2E
:108AA00011680C4ABFF35B8F00F5B87353E8004FB1
:108AB000944204D143E8001CBCF1000FF6D1BFF38F
:108AC0005B8FBFF35B8FD0F87001BFF35B8F10BD7E
:108AD000C4130020A80A002008B5FFF7DFFFE8B1A3
:108AE000036883B1426872B182680AB1042008BD8C
:108AF0000C4A1278002AF9D042688AB9934214BF0E
:108B000010460320F3E7074A1278002AF4D0002B1E
:108B1000F2D08268002AEFD00120E8E70320E6E7E0
:108B20000220E4E70034002038B50821054604306F
:108B300019F000FD054905F15700FDF721F820B1B6
:108B4000281D082119F0CEFC082038BD0F2A02008C
:108B500038B5EC220546002116F086FF102105F1FC
:108B600027000CF0F7FF044648B90521284619F004
:108B7000E1FCFCF7F5FF034B1860204638BD0824E4
:108B8000FBE700BFC8140020F0B587B004460F46CD
:108B9000FFF784FFF9680646102204F1370016F04B
:108BA00058FF237A052B4FD8DFE803F01A27270355
:108BB0004E6B02AB49490093096804F1270304F1A5
:108BC000370204F1570000F0F7FE00283CD10A21DB
:108BD000201D19F0AFFCB3680299D4F8EC00984757
:108BE0000D21204619F0A6FC1021201D19F0A2FC31
:108BF000204619F0F1FC05461BE094F8DC20D4F87F
:108C0000D8303649D34002AE03F00103009609681C
:108C100043F0800304F1370204F157001AF0B5F86D
:108C200090B91022314604F1170016F0EBFE18B18E
:108C30000425284607B0F0BD0321204619F07AFC30
:108C400019F0CAFC054608B10825F2E794F8DC30B3
:108C50000133DBB2142B84F8DC3008D120460D211F
:108C600019F068FC1021201D19F064FCE1E71021C7
:108C700004F127000CF06EFF003818BF0120C5007A
:108C8000D7E7102104F127000CF064FF0028DBD1A6
:108C90000EB90225CDE7F368002BFAD0104BE27A2B
:108CA0001B88ADF80830A37C12F0010F08BF032029
:108CB000DB0703D5002814BF0120022000258DF812
:108CC0000900C4E93855201D0C2119F033FCF36864
:108CD000D4F8EC0002A99847ABE700BFC814002005
:108CE0003C52020073B5047A022C054623D844B1E5
:108CF00090F8DC30D0F8D840DC4004F0010444F0B7
:108D000080040321284619F048FC0646A8B110212A
:108D10000C3016F033FF00900F482346006805F131
:108D2000270205F157011AF030F8044650B13046D9
:108D3000FBF706F801E0032C02D0082002B070BD5A
:108D40000024DEE73146284619F0DDFB281D2146C8
:108D500019F0C8FB2046F1E7C81400202DE9F843BC
:108D60000446FFF79BFE0E218046201D19F091FB63
:108D700040B10C21204619F010FC064660B90820CD
:108D8000BDE8F883444B2022196804F1570016F01F
:108D900039FE0028EDD1F2E740210C3016F0EEFE4E
:108DA0003D4F20223968814616F053FE3968202253
:108DB000114409EB020016F04CFE3146204619F032
:108DC000A2FB237A052BDAD801A252F823F000BFC8
:108DD000E98D00006D8E0000158E0000E98D000009
:108DE0007F8D00008F8E00000421204619F0A2FB29
:108DF000FFF778FF0028C2D1201D072119F09AFB48
:108E00000820FFF73DFE002844D12046BDE8F84386
:108E1000FFF78ABE2046D4F8EC70FFF73FFE04212E
:108E2000064604F1D8000CF095FE0028A7D1D4F82E
:108E3000D8301A4AB3FBF2F102FB1133C4F8D83030
:108E400084F8DC0056B1336843B10B21201D19F0C2
:108E500071FB3368D4F8D810384698470321204670
:108E600019F068FB0E2119F065FBC5E720460321C8
:108E700019F060FB0E2119F05DFB201D0A2119F08D
:108E800059FBD8F80430D4F8EC009847B4E7042133
:108E90002046E8E7002073E7C814002040420F0096
:108EA00070B50C460546FFF7F9FDE668202231460D
:108EB00005F1570016F0CDFD2022B11805F177001D
:108EC00016F0C7FD05F15700FCF7BAFDC8B1281D23
:108ED0000E2119F02FFBD5F8EC40D4F8A00038B9DA
:108EE000207A04F1700100F04FFCC4F8A00068B1D2
:108EF000C38903F024034BB1437B9B0706D40320B3
:108F000070BD05F15700FCF7A7FD80B1094B1C6847
:108F10002CB9281D062119F00DFB2046F0E7284644
:108F2000FFF71CFF003818BF0120C000E8E70B2046
:108F3000E6E700BFC814002038B512490446543093
:108F40001BF0F7FCA4F1EC0019F071FCBFF35B8F90
:108F50000D4A04F1840353E8001F43E80020002871
:108F6000F9D1BFF35B8FBFF35B8F88344FF0FF33D2
:108F700054E8002F44E800310029F9D1BFF35B8F9A
:108F800038BD00BF452B0200A80A002038B5184B99
:108F90001B7805462BB301F00F042846FFF79CFD14
:108FA000144A03280CBF04F00B0444F0040405F534
:108FB000BA731278BFF35B8F53E8001F013103D1FE
:108FC00043E800200028F7D1BFF35B8FBFF35B8F2E
:108FD000D5F87431BFF35B8F33B144F00104E0B2D4
:108FE00038BD01F00704D8E704F0FE00F8E700BF41
:108FF0000034002045050020F8B50D46D0F8EC708F
:109000000446FFF74BFDED68EB78102B01D00620EE
:10901000F8BDD7F8A030002B5BD00F21201D19F030
:1090200038FA20B92046FFF793FD00285AD10123D2
:1090300006226372294604F10A0016F00AFD022393
:109040002374A9782046FFF7A1FFE0742046FFF7BC
:1090500043FD1023607423752B7903F003036375BC
:109060006B7903F00103A375E37C1E073CD4052153
:10907000201D19F00EFA002844D0514B1B78A37420
:10908000E37C990606D5AB789A0603D51421201DFA
:1090900019F050FAE37CDB0736D5AB78DE0733D521
:1090A0000D21201D19F046FAA37D84F8E830637D78
:1090B00084F8E9300321201D19F03CFA237BE17C80
:1090C00003EA0102100723D42D78042D27D90023A9
:1090D00031E0387A07F1700100F056FBC7F8A000C4
:1090E00000289AD1082093E7AB781807BFD505214F
:1090F000201D19F01FFA637D03F00203637500233E
:10910000A375B4E72F4BB9E700236375A375CBE7CD
:10911000E27AA07C0243D207D6D505230BE00B43AD
:1091200013F0040307D02046FFF7D6FC264B05EBCF
:1091300085052B441B5C2372D7F8A010204619F03C
:10914000B1F908B9032063E7D4F8EC309B7A032B1C
:1091500032D021D8013B012BC4D80521201D19F0A4
:1091600098F90028EED00C21204619F0E3F90221ED
:1091700019F013FA05460028B4D006210C3016F079
:10918000FDFC062204F1110116F063FC204629467D
:1091900019F0B9F900203BE7042BA3D1237D627BB2
:1091A000934228BF1346102B7FF431AF0521201DB9
:1091B00019F06FF90028C5D0237A002BCDD1C1E773
:1091C00002340020013400206D790200014B187038
:1091D000704700BF450500202DE9F041C778012FF9
:1091E000044604D06FF015042046BDE8F08119F064
:1091F00049F90546002800F0A7800421043019F041
:1092000048F9002840F0A3800321281D19F041F9F6
:1092100010B16FF00F04E7E73946281D19F039F94E
:109220000028F6D12846FFF739FCD5F8EC309B7AB8
:10923000032B074643D033D8013B012B49D90F21DB
:10924000201D19F026F90028CCD1D4F8A00090B93F
:1092500004F17007217A3A46202000F0EBFAC4F8B6
:10926000A00040B9217A3A46042000F0E3FAC4F89D
:10927000A0000028B6D0C38903F02403002BB1D08E
:10928000A37A022B25D9427BD207ABD5032B20D062
:10929000C268324B9343A5D1037B102BA2D118E0B7
:1092A000042BCCD12846FFF717FC032804D1002F4C
:1092B000C5D0FB68002BC2D0294B1B7807E028469D
:1092C000FFF70AFC032804D1002FB8D0FB68002B5D
:1092D000B5D0D4F8A0303BB9207A04F1700100F089
:1092E00053FAC4F8A000A8B32846FFF731FC04469F
:1092F00010B16FF0680477E70B21284619F04DF99B
:1093000007460028F5D001210C3016F037FC092162
:1093100080462846FFF73AFE234688F8000022469A
:10932000394605F1EC0017F02AFE044618B138461C
:10933000FAF706FD58E7281D0F2119F0FBF8012167
:10934000284619F0F7F84FE76FF07F044CE76FF00D
:10935000040449E76FF00B0446E700BF000120005A
:1093600000340020F8B5D0F8EC40D4F8A030064620
:10937000051D002B5CD0F9B90D21284619F089F89C
:10938000074620B1D4F8A00008B119F0D4FC314B45
:109390001B68002B4ED053F80C5905B10C3D1B68CF
:1093A00013B1394620469847002D43D0EA6802B1F0
:1093B0000C3A2B461546F2E70139C9B20E2998BF7F
:1093C000254A1B7B94BF575C092723B102212846FD
:1093D00019F05FF830B1D4F8A00019F057FC002361
:1093E000C4F8A0300221284619F053F840B9072FDD
:1093F00096BF1A4B1F21D95D3A462046FDF7C2F8A9
:109400000321284619F045F8A0B1124B1B688BB117
:1094100053F80C5905B10C3D5B6813B13946204631
:1094200098473DB1EA6802B10C3A2B461546F3E77E
:109430000927D7E7304619F0FAF9637B072B08D1E3
:10944000627AA37A9A4204D02046BDE8F840FFF73A
:10945000C3BEF8BDBC1300205E7902004D79020046
:10946000124B10B5044618604FF0FF324FF0FF3337
:109470000F4813F02DFD0F4814F0C6F80C4813F0F8
:109480009DFD8CB10C4CBFF35B8F2368BFF35B8FEA
:109490005B0609D5201FFFF761FC28B1201F0821BA
:1094A000BDE8104019F068BA10BD00BFC814002014
:1094B000FC02002010030020AC0A00202DE9F0413E
:1094C0000B8A0E46C3B30121A0F1E805A0F1EC041C
:1094D00006F10C0016F082FB04218046284618F0A5
:1094E000D8FF48BB98F800100E2925D8144F57F81C
:1094F000313023B90721204619F03EFA1CE02046FE
:1095000019F06DF930B90321284618F0C2FF98B15F
:109510000821F0E798F80030318A07EBC30212798E
:10952000914201D00A21E6E7314657F83330204610
:10953000984701460028DED10020BDE8F08100BF39
:10954000EC5602002DE9F74390F8E930CE68D0F8E8
:10955000EC5023F0020380F8E93033780446A3B9D5
:1095600005F1700807223146404616F04BFAC8B1A3
:10957000287A314600F0A8F9074698B101462046FE
:1095800018F090FF58B9082505E0B37903F0C0033F
:10959000C02BE5D00A25284603B0BDE8F083384645
:1095A00019F074FB0D21201D18F073FF00283BD02B
:1095B000297A4246022019F055FB07460028E2D0DE
:1095C000EB78002B44D105F17E0191F80090B9F1C0
:1095D000010F22D18B7903F0C003402B1DD106224D
:1095E000013107F13A0016F034FA95F87030A3B162
:1095F00095F8763003F0C003C02B0ED018496A46A8
:109600004846CDE90086FCF7A9FD07223146781CC3
:1096100016F01FFA2846FCF785FF3846FBF794FC46
:10962000C8B93846FBF79EFC94F8E9305B0703D5D0
:109630000A21204618F07EFF94F8E8506DB994F89E
:10964000E930002BA7D129462046FFF78BFEA2E781
:1096500005F17701B9E703259DE700259BE700BFEA
:109660000B2802002DE9F0410546A0F1E80604466A
:109670000F463046012155F8EC8919F0B0F8002862
:109680005CD0CFB10321304618F003FF002855D03D
:109690003846FAF7B7FF0138C0B208289ABF2C4BFA
:1096A0001C5C00240221304618F044FF2146284665
:1096B000BDE8F041FFF756BE98F80B30002B3DD0C7
:1096C0000321304618F0E5FE20B92846BDE8F041F8
:1096D00019F0ADB80521304618F0DBFEB8B114F82A
:1096E000043C1F0707D514F8033C180703D51121C4
:1096F000304618F01FFF14F8043C23F0080304F868
:10970000043C14F8033C23F0080304F8033C14F869
:10971000033CD90714D50621284618F00BFF022177
:10972000304618F007FF2368D3F8A03033B114F89F
:10973000043C1BB914F8031C0029B8D0BDE8F08123
:109740009A0701D50821E7E75B07E8D50A21E3E797
:109750005579020008B5044B044801221A70FCF741
:10976000B3F9002008BD00BF00340020180300201A
:1097700008B50121FBF7BAFBBDE80840014813F02A
:1097800099BE00BF2003002070B50F4C14F8013BB8
:10979000834205460E4607D00C490D48072216F0B5
:1097A00031F948B1002070BD0722204616F02AF991
:1097B0000028F1D10448F6E707223146044804F8AE
:1097C000015C16F046F9F5E7CC140020957802000C
:1097D000CD14002037B50C460849CB89154653B146
:1097E0000B78834207D101310722684616F031F920
:1097F00029466846A04703B030BD00BFCC14002006
:1098000010B4064B0C46D989014204D018461146C3
:10981000234610BC184710BC704700BFCC14002072
:1098200008B5034900220220FFF7EAFF002008BD27
:109830007197000010B50A4C1346E289024201D12B
:10984000002010BD22788A42FAD107221946601CF6
:1098500016F0D8F800280CBF20460020F1E700BF22
:10986000CC14002070B50B78012B04D18B7903F058
:10987000C003402B01D0002070BD124CE3899A0731
:10988000F9D526788642F6D14D1C062204F13A011C
:10989000284616F0B7F808B90A48EDE7E3899B07B0
:1098A000E9D52378B342E6D1294604F12A0016F01F
:1098B000D6F90028DFD00622294604F13A0016F036
:1098C000C8F8E9E7CC14002010B5074C2378834290
:1098D00008D10722601C16F095F800280CBF20461E
:1098E000002010BD0020FCE7CC1400202DE9F0433F
:1098F0009BB09046DDE923762D4A1D468446894675
:109900000CAB02F1300E106851681C4603C40832DB
:1099100072452346F7D110681279206022716146A2
:10992000202204A819F00FFA22486B46202204A92D
:1099300000F074F80446B0BB49460DF1350019F04B
:109940001AFA41460DF1450019F015FA294606228A
:1099500011F8013B8DF855300DF1560019F0F3F96F
:109960002299062211F8013B8DF85C300DF15D0063
:1099700019F0E9F93B4635220CA9684600F04EF88B
:10998000044680B9384619F0E8F901238DF83030E3
:10999000352233460CA9684600F040F8044610B959
:1099A000304619F0DAF920461BB0BDE8F08300BF5D
:1099B0003E52020086790200F0B599B015460F4676
:1099C0002022014604A81E461E9C19F0BCF9202244
:1099D00039460CA819F0B7F9314614A819F0CBF99B
:1099E0002946684619F0C7F96B46502204A9684613
:1099F00000F014F8054660B9042203A9204616F0C9
:109A000028F82368044A1BBAB3FBF2F102FB1133B6
:109A10002360284619B0F0BD40420F002DE9F04107
:109A20008CB080460D4616460021142207A81F461A
:109A300016F01AF84FF41053144CADF81830802378
:109A4000ADF81A304FF44063CDE90834102204AB6E
:109A5000414606A819F0E5FFA8B905AB029310230B
:109A60002146CDE900732A46334604981AF01FF9BF
:109A70000446049819F00EFF204318BF6FF004004D
:109A80000CB0BDE8F0816FF00400F9E70002C003FC
:109A90002DE9F0411546C21D22F003026F1E8846D3
:109AA000BFB282B0044618600021158008FB070091
:109AB000042215F0D9FFA7B1023DADB205FB088322
:109AC00005FB08F5EE1A1C4400250422A0190DEB35
:109AD00002010135019415F0BCFFBD42A4EB08045E
:109AE000F3D102B0BDE8F0810168C1B130B5CB1D42
:109AF00085B023F003030546042203A81C880191C6
:109B000015F0A7FF039B01992BB1073323F0030343
:109B1000621E1A80039B2B60084605B030BD0846C4
:109B2000704700BF30B50B6883B004468BB1073374
:109B300023F003031D88013504222046019115F00E
:109B400088FFE31D019923F003031D800C6003B01F
:109B500030BD0125F0E700BF02FB0100704700BFE8
:109B6000401A90FBF2F080B2704700BF6AB15342D6
:109B70006FEA034311446FEA13430138CA1811F81E
:109B8000013D00F8013F9142F9D17047014402E0E4
:109B900010F8013B1BB98842FAD100207047012020
:109BA000704700BF10600860704700BF03680A6814
:109BB000934209BF002200230A60026018467047E2
:109BC000136818601368596010607047884203D0AA
:109BD0001AB1436813607047002070470B688342D6
:109BE00009D02AB1586810601A680A601846704790
:109BF000002BF9D1FAE70023F8E700BF2DE9F8437D
:109C00000E4EDFF83C904FF090080C2706F1200430
:109C100009EB08052A1D29462046083CFFF7C2FF2C
:109C2000B442A5F10C05F5D1043F3B1DA8F1300865
:109C3000A4F12006EAD1BDE8F88300BF6815002032
:109C4000B415002000B503468C46AAB101EB4101D2
:109C5000164803EB430E090101EB8E010144487ADB
:109C600091F808E0704504BF013008725DF804EB1C
:109C7000614618460EF030BE01EB4102DFF82CE0E1
:109C8000120100EB400302EB8303734493F80AE0F4
:109C9000DA7A724500D000BD01329A72044B01227B
:109CA0005A545DF804EB0EF06FBE00BF9015002013
:109CB0000C15002070B5044682B00D461AB3187812
:109CC0005978401A10F0030030D12B4A4FEA440C67
:109CD0004FEA450EA444AE444FEA8C0C0CEB0E1C2C
:109CE00001310CF1040C1970586862441946FFF7F1
:109CF00067FF224B0122294620465A550EF044FEAA
:109D0000002002B070BD01930EF028FE019B0028D8
:109D1000D5D02946204601930EF0FEFD019B5978CF
:109D200048B91878401A10F00300CED00128E8D0C6
:109D300001311970DDE705EB450004EB440C0E4AD8
:109D4000000100EB8C0010444FEA440C867AC07A84
:109D500086424FEA450E05D01878401A10F00300ED
:109D6000E4D1B7E71A78521A920701D0023119707C
:109D7000D3E902029047C3E7901500200C1500209C
:109D80002DE9F04FDFF85C9119F8003089B0002B15
:109D900058D00021DFF850A109F80010C0EB0013E3
:109DA000CDE9041100EB40079B0003240AEB0717E1
:109DB000039302948346B8460023B96A58F8240FE7
:109DC000079307AAFFF702FF044607AAACB1079D55
:109DD0002E786978761A06F00306012E35D02B7896
:109DE000591A01F0030101293DD1D7E90901FFF713
:109DF000EDFE044607AA002CE9D197F82E3097F81B
:109E00002F209A4203D087F82F300123049397F82C
:109E10002C3097F82D209A4203D087F82D3001235B
:109E20000593029B5D1EEBB2FF2B0293A7F10C077B
:109E3000C1D1D846DDF810B00599BBF1000F01D0B3
:109E4000002944D009B0BDE8F08F01396970079B43
:109E5000D3E902029047079D2B786A789A1A02F09C
:109E60000302012A21D0B86A019300224146FFF77C
:109E7000B5FE6C60019B6A786B702B789B1A03F0BF
:109E80000303012B08D0D7E9090107AAFFF79EFEBB
:109E9000012E044699D10EE0039B6A701A1D2946D3
:109EA00020465244FFF78CFEEDE7D7E9090107AAE7
:109EB000FFF78CFE0446029B8BB10123594658469E
:109EC00009F80B300EF060FD09B0BDE8F08F0A46CE
:109ED0004046414609B0BDE8F04F0EF0FDBC002CF5
:109EE0008BD0EAE70C1500209015002081B10139D4
:109EF00000F1FF3C50FA81F100201CF8013F23B132
:109F00005A1E01301340C0B2FAD18C45F5D17047CA
:109F10000846704770B50646007EFF282ED0D6F85A
:109F200000C00D4602464FF0000E07E09C681CF88A
:109F30000130FF2B1046A64420D01A4602EB420304
:109F400095424FEA03110CEB0313EFD1A84202D163
:109F50001CF8012032761CF8011000EB40000201D1
:109F6000FF2998680CF8021006D001EB41010CEBB8
:109F700001118B6803448B60704470BD002070BD7C
:109F800000B5A2EB010E1EF4000F8368D0F814C0D8
:109F90000DD12EF07F4E7344634593BFACEB0302AB
:109FA000A3EB0C03002200238360426100BD891AE9
:109FB00021F07F418B4201D95B1AEDE78C44ACEB79
:109FC000030200238360426100BD00BF2DE9F04120
:109FD00004461846284B2C2505FB043382B05C68E8
:109FE000BDF82C7014F8316004EBC10E9EF80340EC
:109FF0009EF8015004F1010C5FFA8CFC664598BF95
:10A000004FF0000C654532D005460846DEF80410D6
:10A01000DEF8048004EB4404260101EB041404215F
:10A0200008F806106270089AA260099AE2600A9A1B
:10A0300022610C9AA261119A62620D9AE2610E9AF3
:10A0400022620F9AA262109AE26202226560A782DF
:10A05000A2708EF803C0D3E9082501939047019BB5
:10A0600004210022A847A07802B0BDE8F0810120B9
:10A0700002B0BDE8F08100BF50160020437A002BEB
:10A0800000F002812DE9F04F013B4468026887B07F
:10A09000DBB204EBC3030F4683460192029305949F
:10A0A000029B5A6893F801900492CDF80C90FF2F10
:10A0B0005AD007EB4704019B00974FEA041800258C
:10A0C00013F8087003EB04144FF0FF0C84F800C081
:10A0D0009BF81830DBF80060634506EB080A00F0D7
:10A0E000CA80DAF808100CE0091A05D1BAF81E90F7
:10A0F000B8F81E80C1457FD8B25CFF2A9C4668D064
:10A10000134603EB430206EB02184FEA430ED8F85E
:10A11000080088424FEA0212E6D9BCF1FF0FCAF8E4
:10A1200008108AF800305FD1009A8BF81820734429
:10A1300006EB03139A68521A9A60A378013363708E
:10A14000002DB4D0AB6A4FF000022A70AA7013B190
:10A15000E96A002098476368002BA8D1AB6A2362A4
:10A16000EB6A6362FF2FA4D1029BDDE90396987826
:10A1700009EB490309F1010148454FEA031206EBD7
:10A1800003155FFA81F9029B6ED01978B35C4945DB
:10A1900008BF4FF00009042BEAD16978019C01EB5C
:10A1A000410304EB03144FEA031894F801C0A378A9
:10A1B0009C454FF0010021D04FF00003B3544FF005
:10A1C0000103AB70AB6A0BB1E96A9847029B9878C0
:10A1D000CEE79E444FEA0E1E009BCAF808108AF88C
:10A1E000002006F80E30A8E70CEB4C0C4FEA0C1CD4
:10A1F000009A06F80C209AE701468EE7AB8A009198
:10A200004FF6FE729342DBF81410CDF80C9007D095
:10A210004FF6FF729B1AB3FA83F35B0984F82C3074
:10A220006B6AA362EB6863602B6923620020606243
:10A23000AB8A4FF6FD72934288BF0346A383AB6996
:10A24000A361EB69E3602B6A2361AB68A360606183
:10A250006A682046FFF794FE4FF00003E383E3783B
:10A2600043F00103E3702FE7059A934209D0029B64
:10A27000083B029314E706F80830009B8BF818306F
:10A280005BE707B0BDE8F08F704700BF2DE9F04FE6
:10A29000447E012391B08376002C40F0C180037E80
:10A2A000FF2B00F0BC8081460DF024FE99F818A029
:10A2B000BAF1FF0F00F0D281D9F81430D9F800605C
:10A2C000C01AD9F81C3020F07F4B5B45CDE90594CE
:10A2D00094BF002301230493A0460AEB4A0A06EB2D
:10A2E0000A144FEA0A1AA5685D4575D8A278637802
:10A2F00016F80AA09B1ADFB2012FA84467D1A06A02
:10A30000A3690393002800F01B810168002900F075
:10A310008A80002B00F05681049B002B00F078818E
:10A32000037A5A0700F06881037A23F00703037267
:10A33000B4F81EC094F82C200CF101039BB2E38307
:10A34000002A00F0F980A28B9A4280F0F580A06A82
:10A35000002800F07881037A03F00703012B00F056
:10A36000EB804FF0000C4168C0F804C0A36A1A7A71
:10A370006CF302021A72A278D4F80C90531EA370E8
:10A38000B9F1000F23D0059B60695B69626AD4F85C
:10A3900010C0A8EB00001844E37820F07F4003F0E1
:10A3A0000103002F40F00881E78BCDE9003C3B46DC
:10A3B000C847DDE90323002A18BF43F001030493D3
:10A3C0004FF00003E383E37823F00103E370BAF175
:10A3D000FF0FABEB050B80D1DDE9059499F80B304D
:10A3E00099F80A209A4208D10132D2B2022A1ABF41
:10A3F00014462346002389F80B4009EB830300220F
:10A40000C3F80C80D9F8244089F81A204B46012261
:10A4100004210320A44611B0BDE8F04F60478476C4
:10A4200011B0BDE8F08F039B002B00F0C380049BAC
:10A43000002B7FF479AF059BDB6943453FF674AF92
:10A44000BAF1FF0F00F00481039BB4F81EC00D9316
:10A450009E46A38B6168CDF830E0634596BFACEBB8
:10A46000030363469BB203FB0113CDE9085BCDE90F
:10A470000A8ADDF834E00793CDF83CC053464FF02C
:10A480000009A3468A460E9784460D9203EB4303C8
:10A4900006EB03121B0191688944CE457ED3946A72
:10A4A0009069002C74D02468002C71D0D58B978BC8
:10A4B0005468AF4240F2B280002C00F0B680BAF18E
:10A4C000000F00F0B280A846611A04FB0811079C37
:10A4D0008C422CBF4FF000084FF00108BCF1000F78
:10A4E00008D0DCF800402CB1039919B94844A042C7
:10A4F00040F2BD80AF424DD8D0789BF8032000F0E9
:10A50000010402F00105A54205D34240D10741D420
:10A51000B8F1000F3ED060465C46DDE90A8ADDE90D
:10A52000085B0E9FDDF830E0DDF83CC0002840F00D
:10A530009780CDF80CE0FDE6A378013BA37046E7D9
:10A54000039B002B55D0049B002B7FF4F1AE059BA1
:10A55000DB699845FFF4ECAEBAF1FF0F7FF474AFFE
:10A56000D4F80C90531EA370B9F1000F3FF434AF30
:10A570006369626AD4F810C00499A8EB0300059BD4
:10A580005B691844E37820F07F4003F001030BE798
:10A5900000288BD1F35CFF2B7FF478AF60465C46DC
:10A5A000DDE90A8ADDE9085BDDE90CE200286AD012
:10A5B000CDF80CE00027D4E6CDE9003C4FF6FF7360
:10A5C000C84704E7049B6BB9059BDB69984509D331
:10A5D000BAF1FF0F3ED04FF0040EB4F81EC0CDF814
:10A5E00034E036E704230393037A5A077FF49CAEE2
:10A5F00002E003990F46BFE6A18BE28B91423FF642
:10A6000093AE012262F302030372B4F81EC091E616
:10A61000059BDB699845FFF483AE11E74CB9BCF1AB
:10A62000000F13D04FF000085BE7BCF1000FF9D129
:10A63000B0E7BAF1000F04D0A5EB07081FFA88F8BD
:10A6400042E7D0464AE7A278014695E6E04653E75E
:10A65000049F86E60423049F039382E6A046BDE69A
:10A660000168CDF80CE000293FF45EAE58E62146C3
:10A67000DDE90A8A5C46089D0E9FDDF830E0DDF8D2
:10A6800024B06046EDE76746CDF80CE0014673E67E
:10A69000837E002B40F0E5832DE9F04F477E8FB09D
:10A6A000002F7CD1837AC27A012141769A42416996
:10A6B000099100F0D7830133DBB2022B12BF1A4697
:10A6C0003A463B4600EB82028372D268099B0692AF
:10A6D000134423F07F4343610125037E0A9383469D
:10A6E00005900DF007FC9BF8093004900893002BAF
:10A6F00000F02585DBF804600796013BDBB206EB32
:10A70000C30ADBF800300193CDE90C7500230893F0
:10A71000FF2303939AF802509AF80310A94273D0CA
:10A72000DAF804704FF0000924E0082A4FD8617865
:10A73000019801EB410300EB03161B01B078029373
:10A7400073781B1A13F0FF0333D1062A3FD19BF80D
:10A750001B308B4268D007F80890A36A84F80290F7
:10A7600013B1E16A002098479AF802509AF8031052
:10A77000A94249D09AF800206B1C05EB4504DBB2D6
:10A780009A4208BF00234FEA04188AF8023017F8EB
:10A790000820042A07EB0414C7D81D46E8E7446ADA
:10A7A0000421034601220420A4460FB0BDE8F04F67
:10A7B0006047052A2FD16268CAB9A268BAB9E268AF
:10A7C000AAB922699AB9A28A8AB9A27D7AB907F888
:10A7D00008904FF00103A370A36A002BC4D0E16A74
:10A7E000012098479AF802509AF80310C0E7012B0D
:10A7F0002AD004215B46DBF8244001220846A0470A
:10A8000001238AF802500893079B9A4500F0EB80D9
:10A81000AAF1080A7EE7012B00F0AE80062AE8D1F3
:10A820009BF81B308B4296D16168DBF814208B1AA1
:10A83000180240F1C780069B521A22F07F429342D1
:10A840008CBF9B1A0023C1E05846FFF763FBB06042
:10A85000049BDBF814105A1A069B22F07F421A441C
:10A86000904240F2BA80831A7268002A52D0A28ABB
:10A87000002A4FD0013A1FFA82FCA4F814C0706875
:10A88000F28B834224D90B9196461BE0726ADFF863
:10A8900074C29D4994448C45DFF870C2316A944477
:10A8A000A3EB000388BF624603F1FF3C88BF634609
:10A8B000521A1FFA85FE7262A6F81EE09842B4F89A
:10A8C00014C003D2E6450EF1FF35DFD80B9972466E
:10A8D00094451DD9356A0B918646706ADFF824C20B
:10A8E0008949284484448C45DFF824C202F10102DE
:10A8F000844498BF604692B27062F2837344B4F8A5
:10A9000014C003F1010098BF03466245E5D30B99DB
:10A91000A6F81CC06268B06A1A44B2607369A26883
:10A920001344736128B103681BB1D4E901329B1A47
:10A930004360049A3046FFF723FBE268B36913448F
:10A94000B361226993428CBF9B1A0023B361A37D3C
:10A950001BB1F27863F30002F270E37D13B1013BA7
:10A9600086F82C30DDE90121039B5354737862781B
:10A97000039201337370EEE6062A3FF4E8AE5846C0
:10A98000FFF7C8FAB378B06073709BF81B20637848
:10A990009A427FF4E0AE17F80830062B3FF444AF3C
:10A9A000FF238BF81B3017F80830062B3FF43CAF21
:10A9B000082B3FF439AF0499DBF814208B1A1802E6
:10A9C0003FF539AF069A23F07F431344DBF81C2090
:10A9D0009A4288BFCBF81C30BDE675692A44121A2A
:10A9E0007261002340E7DDE90C7505980A9B067E3D
:10A9F000F11A18BF01218846002D00F01B81FF2E9F
:10AA00006AD0049B099AD0F80080DFF8FC900B957F
:10AA10009B1A23F07F4B4FF0000ACDE9018A07977C
:10AA2000DA460546DDF818B00691019A06EB4603B2
:10AA300002EB03144FEA0318A2685A4500F25C8344
:10AA4000029BA178E08B1344029363785B1AE96957
:10AA50008A4234BF891A0021ABEB020BAAEB020A2F
:10AA600024BFFF22EA76E961A16AA769DBB2002967
:10AA700000F0D3800A68002A00F0BD80002F40F06B
:10AA8000BD80022B00F033830022A260019A12F8ED
:10AA900008202A766168A26A002940F0818022B1EC
:10AAA000127A02F00702012A5FD03BB1012B00D0DD
:10AAB00020B1236A13B1616A01209847A3786370BB
:10AAC0002E7EFF2EB1D106990A9B079F0B9DFF2B6F
:10AAD0000CBF884641F00108059C03992046FFF70A
:10AAE000CDFACDE90178D4F800B003954FF0000E0F
:10AAF000059B197EFF29084600F031830D464FF073
:10AB0000FF0808E05A2B17FF592B177F4AA9D101DC
:10AB1000B6562EFE1D4605EB45030BEB03161B0137
:10AB2000B26A94462AB1147A04F00704012C00F0AA
:10AB3000A9811BF80330FF2BA846EBD1DDE9017892
:10AB4000039DBEF1000F7BD00A9B8B427CD1089BFA
:10AB5000002B40F08480059B5B7A002B7FD0059A08
:10AB6000013B5668DBB2A846D0E0A378C4F808B031
:10AB70006370099B029A69699A1822F07F42204605
:10AB8000FFF7FEF9019A039B02F8083063780396F9
:10AB90000133DBB263702E7EFF2E7FF446AF92E767
:10ABA00022B1137A03F00703012BDED0E38B049369
:10ABB000002B3BD1A38B04931846D4E908C3002291
:10ABC000AA4F6344DF194F45A94F0A441F4498BF59
:10ABD0003B4600F1FF3002F1010798BF3A46471C9F
:10ABE000EED194F82C006362002800F01781049BDA
:10ABF000A260E383BDE7002F3FF446AF022B7FF452
:10AC000043AF00287FF440AF0A7A02F00702012A1E
:10AC10003FF43AAFEF61EE7636E7002F3FF434AF02
:10AC2000022B7FF431AF0028F4D02DE7A3786370B6
:10AC30000020C2E7059C03992046FFF71FFA217EFA
:10AC40000A9B8B4200F04882089B002B55D0084697
:10AC5000FF2800F092820A9BFF2B00F07782DDF83C
:10AC60001480D8F8003000EB400003EB0013D3F859
:10AC70000890B9F1000F00F053820DF03BF90A255E
:10AC80000646D8F81430F21A22F07F42914502F1BC
:10AC9000030140F2068249452CBF5B184B4423F068
:10ACA0007F442046D8F8283098470DF023F9821BBE
:10ACB000A31B22F07F42033223F07F439A42824655
:10ACC00040F2F081013D01D05646DAE7694A6A490F
:10ACD0006A4840F66F4313F05CFD85F31188BFF3BB
:10ACE0006F8F0323184602DF5646CAE7FF2B089BE7
:10ACF00000F05B82002B40F04082059A537A002BD3
:10AD0000A5D0013B5668DBB24FF00108CDE90878C9
:10AD100006EBC30B07969BF801509BF80320AA4251
:10AD200068D0DBF804302E461D4606EB460633019C
:10AD300005EB0616EB5C012B45D0022B4DD1D6E975
:10AD40000120D6E905A314780599D6F80CC0D1F8EE
:10AD500000904F69FF2C9E46336902D00168B942CA
:10AD600054D005994FF000080C7E0760FF2C27D0C7
:10AD7000CDE90156CDE9032C56460693F24609E08B
:10AD8000BA684244B04788B919F80540BB68FF2C3F
:10AD9000984436D004EB440509EB05175346B969CE
:10ADA00020462D01002EEBD10029EDD0B968069B7D
:10ADB000DDE90156DDE9032C88440BB1796A19609D
:10ADC0001470CCF80080B36A4FF00002B27013B177
:10ADD000F16A002098479BF803209BF801609BF8DC
:10ADE00000300136F6B2B34208BF0026B2428BF8FB
:10ADF00001609AD1079B5B4500F06081ABF1080BC5
:10AE000089E7DDE90156DDE9032CD9E704EB4404C9
:10AE10002101DCF8008019F80140A7E792457FF690
:10AE2000E6AECDE90CB48646104F1148144C63448D
:10AE30000A4403EB070BA34502F1010B98BF5A46E6
:10AE400003EB000B98BF5B4692450EF1010EEDD867
:10AE50000499DDE90CB48E4463621FFA8EF3049307
:10AE6000C5E670473D46069737E400BF5A2B17FFEB
:10AE7000B6562EFE6457020044580200CC5702001A
:10AE8000592B177F1C461346B268002A40F0B28047
:10AE9000D6F818A0BAF1000F00F0C480DCE9003940
:10AEA000994580F038811BF80420FF2A00F0338197
:10AEB000A3EB090E059BCDF81890DB690795181DCB
:10AEC000AEEB0A0100230491A1461F461946CDF8B6
:10AED000248004460AEB0708C64544D302EB42022D
:10AEE0000BEB0210120185682944042940F2B2805C
:10AEF0000D1F3D44754528BF75460AEB04039E456A
:10AF00000ED3A8450CD8B369002B00F0BE809CF886
:10AF100008301B0700F1B980B5EB0A0340F004814B
:10AF2000836A2BB11B7A03F00703012B00F0A38087
:10AF30008369002B00F09F804068002800F09B8010
:10AF400004330F44DC19B369002B00F0A8809CF88F
:10AF500008100907AEEB0A0300F1EE801BF802208F
:10AF60000021FF2AB6D14C46DDF81890079DDDF888
:10AF700024809944CCF804901BF804A0BAF1FF0F88
:10AF8000524618BF4FF0FF0E01D1C7E00A4602EB50
:10AF900042010BEB01174FEA4209B86898424FEAA9
:10AFA000011180F00C811BF80110FF299646A3EBDC
:10AFB0000003EBD1B360B8F1FF0F00F0C38008EBE2
:10AFC00048031B010BF803A009EB02031B011BF84C
:10AFD00003200BF804200BF80350F38B013BF383A1
:10AFE0009CF80830022262F302038CF808304FF01C
:10AFF000010E7DE5784A7949794840F6BE1313F091
:10B00000C8FB002383F31188BFF36F8F0323184617
:10B0100002DFB36AD6F818A09C46BAF1000F7FF49D
:10B020003DAF1BB11A68002A40F082806A4A6D4920
:10B030006B4840F6C61313F0ACFB002383F3118872
:10B04000BFF36F8F0323184602DF4FF0040AD6F8D0
:10B0500028C023E7B56995B19CF8085015F008059C
:10B060003FF44BAF84690F44043404993C44A1423B
:10B0700028BF234672E71BF80220002371E783698B
:10B080000F4404333B441C4668E7002C3FF448AFB0
:10B09000A5EB0A05A542FFF443AF234663E7234629
:10B0A0005CE70127059A00235376937E3B4310D03B
:10B0B000059B01225C6A0321FFF775BBDDE9087877
:10B0C000059BB8F1000F78D183F819809B7E002B87
:10B0D000EED10FB0BDE8F08F089B002BF0D1059AA0
:10B0E000537A002BECD0013B5668DBB20EE6002809
:10B0F0007FF4CAAC042787E5A2EB0B02059BA26094
:10B1000006991B7E0A9A079F0B9D93420CBF8846A7
:10B1100041F00108E0E4CCF804900023B3605CE760
:10B12000059B83F81990C3E7A342FFF4F9AE1AE731
:10B130009C464FF0040AB1E61946002397E7FF2327
:10B14000039352E4059B83F818A03DE70CF0D2FE70
:10B1500004460CF097FE059BD0B1187E7FE5DDE933
:10B160000178039D0A9BBEF1000F7FF4BFADFF2B5A
:10B17000B2D0089B002B3FF4C0AD0CF093FE044608
:10B1800048B1059A00235376937E002B90D1A0E717
:10B19000187E5C6163E5059DE8610CF0ABFE6C76A2
:10B1A0006861AB7E002B83D193E7002BE5D1059B33
:10B1B0005B7A002B7FF4D3ACDFE7187E48E5C01A3A
:10B1C000BEF1FF0FB860B3603FF407AF1BF804A0F7
:10B1D00072464FEA4E09EEE664570200A457020099
:10B1E000CC570200EC57020038B5DDF810C09DF8CE
:10B1F00014408E460699D0B9164D85F808E02A60AD
:10B200006B72C5F804C08BB15A1ED2B20CEBC202ED
:10B21000ACF1080C516012F8083903EB43006245A9
:10B22000A4EB030301EB0011DCB2F3D10CB101205C
:10B2300038BD079A2A62089A6A62FF23099A2B7618
:10B24000AA620CF057FEFF2368616C81EB76EC611B
:10B25000204638BD5016002040B9064B1A7EFF2A02
:10B2600001D1187270476FF00F0070476FF0150032
:10B27000704700BF50160020044B2C2202FB003305
:10B28000187A003818BF0120704700BF5016002000
:10B2900000B5084B2C2202FB0033D3F824E0BEF1AA
:10B2A000000F06D0F44601225DF804EB03210220D2
:10B2B000604700BD5016002000B58BB0DDF830C0EF
:10B2C000CDF800C0DDF834C0CDF804C0DDF838C0DA
:10B2D000CDF808C0BDF83CC0CDF80CC0DDF840C0CA
:10B2E000CDF810C0DDF844C0CDF814C0DDF848C07A
:10B2F000CDF818C0DDF84CC0CDF81CC0DDF850C04A
:10B30000CDF820C04FF0000CCDF824C0FEF75EFE53
:10B310000BB000BDBDF80CC0CDF80CC0FEF756BE9A
:10B320002DE9F04704461846284B2C2505FB04332D
:10B3300082B05C68BDF8347014F831609DF83880D4
:10B340009DF8449004EBC10E9EF803409EF8015016
:10B3500004F1010C5FFA8CFC664598BF4FF0000CBD
:10B3600065452ED0154604EB4404DEF80420DEF8D3
:10B3700004A0260102EB041405220AF806200A9A0A
:10B38000A2600B9AE2600C9A22610F9AA262109A54
:10B39000E262022265706060A78284F8168084F8F9
:10B3A0001790A2708EF803C01A6A5D6A019308466E
:10B3B0009047019B00220421A847A07802B0BDE875
:10B3C000F087012002B0BDE8F08700BF50160020D2
:10B3D00000B589B0DDF828C0CDF800C0DDF82CC07C
:10B3E000CDF804C0DDF830C0CDF808C0BDF834C0D9
:10B3F000CDF80CC09DF838C0CDF810C0DDF83CC0C9
:10B40000CDF814C0DDF840C0CDF818C04FF0000CE6
:10B41000CDF81CC0FFF784FF09B000BDF0B51F4C8C
:10B42000054618462C2303FB054316465A6802EBD3
:10B43000C10E12F831509EF803409EF8012004F12D
:10B44000010C5FFA8CFC654598BF4FF0000C62451B
:10B4500083B01FD002460846DEF80410DEF8047000
:10B4600004EB4404250101EB041407217955A26281
:10B47000089AE26202226670A2708EF803C0D3E9D5
:10B48000082501939047019B00220421A847A0783A
:10B4900003B0F0BD012003B0F0BD00BF5016002086
:10B4A000F0B5204C054618462C2303FB05431646F1
:10B4B0005A6802EBC10E12F831509EF803409EF814
:10B4C000012004F1010C5FFA8CFC654598BF4FF038
:10B4D000000C624583B021D002460846DEF8041015
:10B4E000DEF8047004EB4404250101EB0414082188
:10B4F00079556260089AA262099AE2620222667035
:10B50000A2708EF803C0D3E9082501939047019BF0
:10B5100000220421A847A07803B0F0BD012003B0A9
:10B52000F0BD00BF501600200CF0E4BC401A20F023
:10B530007F40704701480021704700BF7F410100F4
:10B54000022801D00120704738B5054608461C4640
:10B5500003F0D0FD10B10020207038BD284638BD62
:10B56000002303700B70704710B582B004460020B2
:10B57000019103F073FA80B901993CB90848062299
:10B5800041B114F066FA002002B010BD0548062251
:10B590000029F6D114F068FAF5E70C2002B010BDCE
:10B5A000841600207C1600200128024605D8044B92
:10B5B0000448002A18BF184670470020704700BF93
:10B5C0007C16002084160020012811D800B58C4676
:10B5D00003460949094883B0002B18BF01460622DB
:10B5E0006046019114F035FA0199084603B000BD98
:10B5F00000210846704700BF841600207C160020FA
:10B6000010B504460AF08EFE50B90BF00FFBD0B90E
:10B610000BF058FF50BB2046BDE8104011F04EBD66
:10B620001C4A1D491D4840F6721313F0B2F800235E
:10B6300083F31188BFF36F8F0323184602DF0BF0EB
:10B64000F5FA0028E4D0134A1349144840F677135A
:10B6500013F09FF8002383F31188BFF36F8F032348
:10B66000184602DF0BF02EFF0028D4D0094A0A4901
:10B670000A4840F6831313F08CF8002383F31188F3
:10B68000BFF36F8F0323184602DF2046BDE810404A
:10B6900011F014BD4858020084580200CC57020033
:10B6A0000860014811F00ABD8C1C002011F006BD95
:10B6B0002DE9F0470B78072B84BF2B4B93F84030D4
:10B6C0009A424ED0284D5C1CE4B29146082C35F8C5
:10B6D000332002808246884608BF0024002605EBFE
:10B6E000C303012719E0012838D012225A60072C21
:10B6F00088F8004088BF95F84040A14523D023B288
:10B70000013435F83310BAF80020E4B2082C08BF31
:10B710000024914205EBC30315D15868B0B1FF284E
:10B72000E1D9027902F00302013A012A12D9122268
:10B730005A6003F0F9FC072C88F8004088BF95F8A0
:10B740004040A145DBD13046BDE8F08701365F605F
:10B75000F6B2CCE70136F6B20122E9E70136F6B2DD
:10B76000C5E70026EFE700BFB81600202DE9F0413D
:10B770002F4E338898424CD913F0FF0820D02D4D1E
:10B780006C7D2B7D2C480134E4B2052C08BF0024CD
:10B79000A34217D0FEF7A8F9074688B12748FEF75D
:10B7A000A3F9002837D007606B7D45F82300338864
:10B7B0006C7508F1FF30013B10F0FF083380E0D1D9
:10B7C000BDE8F0813388002BFAD01D4D6C7B00273B
:10B7D0000134E4B2032C2B7B174808BF0024A3429A
:10B7E000EED0FEF781F980460028E9D01348FEF735
:10B7F0007BF9B0B1C8F80470C0F800806B7B45F8E5
:10B80000230033886C73013B9BB23380002BDFD164
:10B81000D6E78046B3E738460749BDE8F041FEF772
:10B8200081B940460449BDE8F041FEF77BB900BF4D
:10B83000201700209C1A00202417002078170020D1
:10B84000001700202DE9F8433E4B3F4E0422981884
:10B8500024210027B782FEF71BF93C4B0422082164
:10B860009818FEF715F996F81480747D4FF00409C6
:10B870000134E4B2052C08BF0024A045334813D09E
:10B88000FEF732F9054678B12E48FEF72DF900286B
:10B8900052D06F600560737D46F8230009F1FF33D5
:10B8A00013F0FF097475E3D1294B0822181D642198
:10B8B000FEF7EEF8274B0A22181D0821FEF7E8F8DC
:10B8C0002448FEF711F90446C0B1234A2046111F4F
:10B8D000FEF768F91F48FEF707F90446E8B11F4A6A
:10B8E0002046111FFEF75EF91D4B0622FF201A802D
:10B8F000FFF73CFFBDE8F84308F0F0BF194A1A49CA
:10B900001A4840F64D1312F044FF84F31188BFF338
:10B910006F8F0323184602DFD7E7124A12491348F4
:10B9200040F6541312F035FF84F31188BFF36F8F84
:10B930000323184602DFD2E704492846FEF7F2F84F
:10B94000B2E700BFD81A00206C1B0020B41A0020F8
:10B9500078170020241700201C170020141700203F
:10B9600020170020485802006C5D0200CC570200EE
:10B970002DE9F043DFF87082DFF8709287B0D8E9E4
:10B98000000103AAFEF722F90546002832D0039CE5
:10B99000002C6CD0207804AA02A904F063F8039B61
:10B9A0000446002850D0049ABDF808101F78ADF85E
:10B9B0000A10059204F068F82146059ABDF80A00BD
:10B9C00004F0A8F8204604F029F805AA0DF10A01B0
:10B9D000384604F047F804460028EBD1D9F80000B7
:10B9E00011F06CFBD8E9000103AAFEF7EFF8054659
:10B9F0000028CCD104AA02A90DF1070004F01AF81E
:10BA00000446002843D0049B05939DF80770BDF8B9
:10BA10000830ADF80A3004F037F82146059ABDF831
:10BA20000A0004F077F8204603F0F8FF05AA0DF1AC
:10BA30000A01384604F016F804460028EBD16B4B97
:10BA4000186811F03BFB9AE705931B79013B172B14
:10BA500020D8DFE803F02F3F8F1F1F1F1F1F1F1F5E
:10BA60001F1F1F1F1F1F1F1F1F1F1F1F842F604807
:10BA7000604A614940F61F2312F08BFE84F311885F
:10BA8000BFF36F8F0323184602DF039C82E707B0E2
:10BA9000BDE8F083574A5949554840F6C13312F082
:10BAA00078FE002383F31188BFF36F8F03231846BA
:10BAB00002DF64E74C49D8F804000022FEF78EF854
:10BAC0004F4B059993F8413028464E4A0B70FEF7CC
:10BAD00077F8B4E74449D8F804000022FEF77EF86E
:10BAE000059EB4682CB12778002F6DD02378013BD8
:10BAF0002370337B83B1012B62D03E4A3F493C48DF
:10BB000040F6284312F045FE002383F31188BFF36B
:10BB10006F8F0323184602DF3B4A00273773537D9C
:10BB2000117D0133DBB2052B08BF3B46994238D06B
:10BB30003560517D42F821605375002C3FF41FAFF2
:10BB40002378002B7FF41BAFA368002B3FF417AFC3
:10BB50002E4AE06893423FF474AF98470FE72249BA
:10BB6000D8F804000022FEF739F80599284603F0BA
:10BB7000AFFD04E705A9284603F0D4FD1A49D8F81B
:10BB800004000022FEF72AF8059900293FF4F7AED9
:10BB90000B792D2B3FF4F3AE194B284693F8413027
:10BBA00093E7144A1A49124840F62F4312F0F1FD68
:10BBB00087F31188BFF36F8F0323184602DFBCE7BA
:10BBC0003046F5F769F9A7E70A4A1249084840F6EE
:10BBD000D13312F0DEFD87F31188BFF36F8F03239B
:10BBE000184602DF82E700BF18170020881C0020DB
:10BBF000CC570200485802008C580200A858020096
:10BC0000B8160020141700206C1B0020ADB60000F1
:10BC1000AC5802009058020000B5334B89B0186050
:10BC20000CF022F9314B1A78002A56D03049DFF84F
:10BC3000C4E0CDF814E0304ADFF8C0C04FF0050E84
:10BC400081F808E004922E4A0220CDE9022C042358
:10BC50004FF00D0CCDE9001C2A4A087408760B70D1
:10BC600000200621FFF7C0FA38BB01220021264838
:10BC700018F09AFD0AF0D8FA034610B1184609B038
:10BC800000BDFFF7DFFD0AF0BBFF03460028F5D13A
:10BC900002F072FE03460028F0D10BF007FC0346C9
:10BCA0000028EBD103F0AEFC03460028E6D1079054
:10BCB000012009F0E7FA079BE0E7144A1449154808
:10BCC00040F2752312F065FD002383F31188BFF362
:10BCD0006F8F0323184602DFC7E7FDF78FFF034B83
:10BCE00001221A70A2E700BF881C00200334002044
:10BCF000141F0020598B01004D8A0100E5890100C5
:10BD0000A41C0020341F00208C1C00204858020076
:10BD100084580200CC57020030B587B002F032FEE2
:10BD2000002833D103F074FC002842D10024384BA2
:10BD30002046A3F8404009F0A5FA3649364A374B69
:10BD4000A1F8004194829C8101222146684618F0A6
:10BD50002BFD334B224621460320C3F808D0FDF7C4
:10BD6000A9FF002845D14FF0FF324FF0FF3368465E
:10BD700011F0DEF902F03AFE58BBFFF763FD002137
:10BD8000012007B0BDE83040FFF7EEBB254A264949
:10BD9000264840F2373312F0FCFC002383F311886D
:10BDA000BFF36F8F0323184602DF03F031FC002836
:10BDB000BCD01C4A1C491D4840F2633312F0E9FC18
:10BDC000002383F31188BFF36F8F0323184602DF2C
:10BDD000ACE7144A1449154840F29F3312F0D9FCDD
:10BDE000002383F31188BFF36F8F0323184602DF0C
:10BDF000C3E70C4A0E490D4840F2923312F0C9FCD9
:10BE000084F31188BFF36F8F0323184602DFAAE77C
:10BE1000B8160020841B00209C1A00200017002068
:10BE2000700300204858020084580200CC570200DA
:10BE3000BC58020008B5FFF76FFF0AF025FA00B101
:10BE400008BDBDE80840FFF707BA00BF2DE9F04381
:10BE5000314C324D83B00746884600233B6094F84E
:10BE60004190D5E9000101AAFDF7B0FE0646002881
:10BE700044D0019B2A491A784046FFF719FC002854
:10BE800041D194F840308DF80130814694F841203A
:10BE90000DF101010DF10200FFF70AFC49EA000271
:10BEA00012F0FF09F1D1019B1A79012A2ED14A46DD
:10BEB00029466868FDF792FE30461A4E1A49FDF78A
:10BEC00031FE3388052B09D8019818490133338096
:10BED000FDF728FE0120FFF749FCBEE7144A15498B
:10BEE000154840F2D36312F054FC89F31188BFF374
:10BEF0006F8F0323184602DF3388E5E708494A4677
:10BF00004046FFF7D5FB03B0BDE8F08348463B60F1
:10BF100003B0BDE8F08300BFB81600201017002062
:10BF2000F816002020170020241700207817002082
:10BF300048580200C4580200CC57020070B563494B
:10BF400082B000234868019301AAFDF747FE04462A
:10BF5000002868D020465E49FDF7E4FD019B1C796E
:10BF60001D2C10D8DFE804F0200F0F200F0F0F0F4B
:10BF70000F0F0F0F0F0F0F0F0F0F0F0F0F0F0F32AE
:10BF8000202020202020534A5349544840F28D530A
:10BF900012F0FFFB002383F31188BFF36F8F03239D
:10BFA000184602DF02B070BD002CFBD1494A4C4953
:10BFB0004A4840F2895312F0ECFB84F31188BFF336
:10BFC0006F8F0323184602DF02B070BD1A7F3C2A30
:10BFD00038D05C7FC4B19B681C68A06D20B1002381
:10BFE0004049A365FDF79EFD94F85E3023F0010300
:10BFF00084F85E30002002F031FD10F0FF00D1D156
:10C0000009F0C2F902B070BD324A334933484FF4E7
:10C01000A26312F0BEFB84F31188BFF36F8F03237A
:10C02000184602DFE6E72B4A2F492C4840F24F43DF
:10C0300012F0AFFB84F31188BFF36F8F0323184610
:10C0400002DF87E79A685368146815461E46FBB1FD
:10C050002B4600255D60B36F6BB11E4A23491F4814
:10C0600040F2CC4312F095FB85F31188BFF36F8F3C
:10C070000323184602DF06F16C0106F16800FDF7A4
:10C0800095FD054698B13068B56703F019F8ABE740
:10C09000104A1749114840F2C94312F07AFB86F35F
:10C0A0001188BFF36F8F0323184602DFD0E7094AD8
:10C0B00010490A4840F2CF4312F06BFB85F3118818
:10C0C000BFF36F8F0323184602DFDCE71017002051
:10C0D0002417002048580200A8580200CC5702003C
:10C0E00034590200781700206C5D020010590200DC
:10C0F0000459020028590200F8B50468074634B311
:10C100002646246835791D2D10D8DFE805F03A0F52
:10C110000F3A0F0F0F0F0F0F0F0F0F0F0F0F0F0F04
:10C120000F0F0F0F0F26543A3A3A3A3A504A5149F4
:10C13000514840F2C76312F02CFB002383F31188AF
:10C14000BFF36F8F0323184602DF002CD8D13C6069
:10C15000BDE8F840FF20FFF709BB337F3C2B63D0DD
:10C16000F3B1434A4549444840F2F15312F011FB00
:10C17000002383F31188BFF36F8F0323184602DF78
:10C1800035796DB93E493A4A3B4840F2476312F06F
:10C1900000FB85F31188BFF36F8F0323184602DF7E
:10C1A000384D2B88052B2ED8013337492B8030464C
:10C1B000FDF7B8FCA3E7F0880028A0D102F08EFFBD
:10C1C0000546002835D0D5F8883073B1284A2F4964
:10C1D000294840F2B66312F0DCFA002383F3118899
:10C1E000BFF36F8F0323184602DF05F17C0105F1D1
:10C1F0007800FDF7DBFC064650B3C5F8886028469A
:10C2000002F05EFF7BE72249194A1B4840F2D363E4
:10C2100012F0BFFA002383F31188BFF36F8F03235B
:10C22000184602DF2B88BFE717493046FDF77AFC36
:10C2300065E70F4A1749104840F2B46312F0A9FAB3
:10C2400085F31188BFF36F8F0323184602DFBAE727
:10C25000074A1149084840F2B96312F09AFA86F386
:10C260001188BFF36F8F0323184602DFC5E700BFB5
:10C2700048580200A8580200CC5702005859020042
:10C28000645902002017002078170020A0590200EE
:10C29000C45802008C5902006C5D02000148FDF791
:10C2A00023BC00BF241700200149FDF73BBC00BFA1
:10C2B000241700200148FDF717BC00BF78170020A5
:10C2C0000149FDF72FBC00BF78170020034B044A3B
:10C2D00093F841300B70FDF773BC00BFB816002017
:10C2E0001417002008B5064B064A93F841300B702E
:10C2F000FDF766FC044B1868BDE8084010F0DEBE90
:10C30000B816002014170020881C00200B490A7B57
:10C310004B7B9A420AD8A3EB020C5FFA8CFC604577
:10C3200009D89A4207D051F82200704703339B1A6C
:10C33000DBB29842F7D90020704700BF00170020F9
:10C34000074A117B537B8B4208D04B1CDBB2032B7B
:10C3500008BF002352F82100137370470020704774
:10C360000017002008B5134A92F841C092F840E047
:10C370000CF10103DBB2082B08BF00239E4508D057
:10C3800022F83C0002EBCC0CCCF8041082F84130CF
:10C3900008BD094A09490A4840F22D7312F0F9F91B
:10C3A000002383F31188BFF36F8F0322104602DF4F
:10C3B0001B80FFDEB816002048580200B859020062
:10C3C000CC5702000022042302700B70704700BF9C
:10C3D000002208B511460B4B0120FDF76BFC00B99C
:10C3E00008BD094A09490A4840F24C7312F0D1F9D4
:10C3F000002383F31188BFF36F8F0323184602DFF6
:10C4000008BD00BF6003002048580200BC5902006C
:10C41000CC570200022802D00B68022B0DD000B5C9
:10C4200083B001914FF0FF324FF0FF33034810F01B
:10C430007FFE0199086803B000BD70478C1C002086
:10C44000044A13680BB1184670470346106018463B
:10C45000704700BFB4160020044A136823B1984205
:10C4600006BF00211160002318467047B416002053
:10C47000014B1868704700BFB4160020044A1368C7
:10C480000BB118467047034610601846704700BF4E
:10C49000FC160020044A136823B1984206BF00210D
:10C4A0001160002318467047FC160020014B1868E5
:10C4B000704700BFFC16002070B50468237886B072
:10C4C0005BB3054601220021684618F06DF9144B54
:10C4D000C4F80CD0A3602378FBB1124B00221146A4
:10C4E00003209D60FDF7E6FB38B94FF400420023BE
:10C4F000684610F01DFE06B070BD0B4A0B490C4893
:10C5000040F6040312F045F9002383F31188BFF3CA
:10C510006F8F0323184602DFE7E76FF07700EAE743
:10C52000ADB600005003002048580200BC5902007C
:10C53000CC57020070B5284C236886B0002B3CD045
:10C54000994246D10223059305AB00931646234B2F
:10C5500002460D4600200321FEF760FF0228034635
:10C560000FD0059A022A0CD1ABB123680BB19D42C2
:10C5700025D0002D14BF6FF02D006FF0770006B0AE
:10C5800070BD4FF0FF3316484FF0FF3210F0D0FD72
:10C59000059B002BE9D130460393FFF78DFF2268FE
:10C5A00012B19542039B10D09DB90028E7D010F13D
:10C5B000780F08BF002006B070BD2160C2E70023DD
:10C5C0006FF07700236006B070BD23600028D6D0DE
:10C5D000EDE76FF02D00D2E7B4160020A1B6000001
:10C5E0008C1C00200B490A7D4B7D9A420AD8A3EB94
:10C5F000020C5FFA8CFC604509D89A4207D051F8CA
:10C600002200704705339B1ADBB29842F7D900200D
:10C61000704700BF9C1A0020074A117D537D8B4252
:10C6200008D04B1CDBB2052B08BF002352F82100B9
:10C6300013757047002070479C1A002010B582B017
:10C640000446019103F0F0F90199044A087020466C
:10C6500002B0BDE81040FDF7B3BA00BF1C170020C0
:10C660000122024B11460020FDF724BB40030020AD
:10C6700010B582B00446019103F0D6F90199074A3A
:10C6800008702046FDF79CFA0122054B1146002058
:10C6900002B0BDE81040FDF70DBB00BF1C17002025
:10C6A000400300202DE9F043184D95F801C195F89D
:10C6B00000E10CF10104E4B2082C83B008BF0024AF
:10C6C000A6459DF828601CD01F4605EB4C138946F3
:10C6D0008046114618461022019313F0BAF9019BC7
:10C6E0001A7FC3F8189006F0010022F003020243FB
:10C6F000C3E904781A77184685F8014103B0BDE80C
:10C70000F0830023184603B0BDE8F083841B0020AB
:10C71000054890F8003190F801219A4214BF00EBCF
:10C7200043100020704700BF841B002002780B4993
:10C73000072A91F8013184BF91F8002102709342D9
:10C7400009D0531CDBB2082B08BF002301EB4211B8
:10C750000370084670470021FBE700BF841B0020E0
:10C760002DE9F04F4A4F97F8004197F80131A34265
:10C7700085B06BD04FF0000B029007EB44140A25F4
:10C78000CDF80CB0CDF804B0DA46267FD4F80C9082
:10C79000C6F3400806F0010655B3B8F1000F38D0D3
:10C7A00097F8013197F80041A3424FD00134E4B229
:10C7B000082C08BF0024A34287F8004146D007EBAD
:10C7C0004414B8F1000F10D1E268002E41D1BAF143
:10C7D000000F54D0019B002B56D0237F980704D123
:10C7E000924533D0019B934230D0013DEDB2CCE76E
:10C7F000284A2949294840F68A0311F0CAFF85F3DF
:10C800001188BFF36F8F0323184602DFB8F1000FC2
:10C81000C6D1234B02989C6042464146FDF74AFA36
:10C820000028BDD01B4A1F491C4840F6990311F04F
:10C83000B0FF88F31188BFF36F8F0323184602DF20
:10C8400097F8013197F80041A342AFD105B0BDE898
:10C85000F08F039BABB1BBF1000F08BFCB46237F2A
:10C860009907C2D4DB07BBD5019B002BBDD1039B2D
:10C870009342EBD09345E9D0013DEDB285E7CA463E
:10C88000EDE7CDF80C90EAE7CDF80490E7E700BFBC
:10C89000841B002048580200C4590200CC570200F3
:10C8A00030030020BC590200054B1A7D597D91428E
:10C8B00004D053F8220010B10C30704700207047AC
:10C8C0006C1B002070B5134A117D537D8B421ED026
:10C8D0004B1CDBB252F82140052B08BF0023137517
:10C8E0009CB102230025266823712560A06003F017
:10C8F0009BF8094A207021463046FDF761F9012274
:10C90000064B11462846FDF7D5F9204670BD002498
:10C91000FBE700BF6C1B00201C1700204003002019
:10C9200000B583B04FF0000CCDE900CC049B09F0BA
:10C93000B1FE03B000BD00BF00B50346007F1A6919
:10C9400099694FF0010C83B000EA0C00CDE9000CAE
:10C95000586909F09FFE08B1773001D103B000BDDE
:10C96000074A084908484E2311F013FF002383F3B8
:10C970001188BFF36F8F0323184602DF03B000BD99
:10C98000CC590200105A0200CC570200CB681A782A
:10C99000042A02D003691B6818475B78052BF9D17C
:10C9A000002070470B8A002B3DD030B5054685B07E
:10C9B00001F10C000C4613F019F9012816D00228D9
:10C9C00003D06FF0150005B030BD03A9204600F07C
:10C9D000B9FF039911B12846FFF7D8FF0028F2D11B
:10C9E0002046F7F7ADF9002005B030BD002303A9BC
:10C9F0002046039300F0D0FA0028F1D001462846E3
:10CA0000FFF7C4FF0028DED1039B002BE8D01846B7
:10CA1000019301F08BFB019B02465A710348039975
:10CA200017F0ABFEDCE76FF01500704758200020D0
:10CA300010B50469FFF7FEF940B90C48F6F792FE0D
:10CA40000B48F6F78FFE0020206010BD094A0A4906
:10CA50000A4840F2194311F09CFE002383F3118829
:10CA6000BFF36F8F0323184602DFE6E7200C002098
:10CA7000A00C0020245A020084580200CC57020067
:10CA8000F0B5076983B006463C484FF0FF324FF0DF
:10CA9000FF3310F0E3FA0028F6D043790190042B1D
:10CAA00030D8002B45D0022B58D04FF0FF324FF03A
:10CAB000FF330220F7F75AFB04460198002C57D0A9
:10CAC000214601F00BF8019B002201A81A60FFF734
:10CAD00013FB204613F016F805462146002013F0FC
:10CAE00037F82B8A012B04462946304606D93B6885
:10CAF000984711F011F8002CEBD1C5E72846F7F75D
:10CB00001FF9F6E7052B14D14FF0FF324FF0FF333A
:10CB10000820F7F72BFB04462146019800F09CFF04
:10CB2000019B002201A81A60FFF7E6FA002CD0D181
:10CB3000AAE71348134A14494FF41E7311F029FE53
:10CB4000002383F31188BFF36F8F0322104602DFA7
:10CB5000019A01A81360FFF7CFFA95E7002200239E
:10CB600001210020F7F71AFB04460198002CA7D1F9
:10CB7000046001A8FFF7C0FA86E700BF5820002034
:10CB8000CC570200245A0200A85802002DE9F043B5
:10CB9000064683B001E010F0BFFF0DF1020101A8CD
:10CBA000FFF754F9044618B34FF0FF324FF0FF334C
:10CBB00000211320F7F7F2FABDF8021005462246CD
:10CBC00001F09AFA29463046FFF7E0FE0028E2D04D
:10CBD0002E4A2F492F4840F26F1311F0DAFD00233F
:10CBE00083F31188BFF36F8F0323184602DFD2E768
:10CBF000019BA3B1FFF7A2F9019F384601F096FA15
:10CC0000019D78716F79032F02D12B79182B0ED0EB
:10CC10002148294617F0B1FD019B002BBDD14FF0F3
:10CC2000FF324FF0FF331D4810F082FAB5E74FF0A6
:10CC3000FF324FF0FF3321460520B5F80690F7F795
:10CC4000ADFA49468046024605F11C0000F0D8FEC8
:10CC5000484600F0F9FEB8F1000F07D041463046D3
:10CC6000FFF794FE20B94046F7F76AF8019DCFE739
:10CC7000064A0749074840F28B1311F08AFD84F3F6
:10CC80001188BFF36F8F384602DFECE7245A0200A9
:10CC9000645A0200CC570200582000207020002067
:10CCA000F0B5036989B005460F461E461E4817F0C9
:10CCB00026FD4FF0FF3200211C4817F075FD1B4880
:10CCC000FEF7AAFF044660BB376001F045FA6FF03B
:10CCD000090300260027CDE90334CDE90667CDE935
:10CCE0000144134B134900954FF4E072124810F0C1
:10CCF000F3FC1249104817F077FE6FF00702CDE9F8
:10CD00000324CDE90667CDE901440D4B0D4900959B
:10CD10004FF460720C4810F0DFFC0C490A4817F021
:10CD200063FE204609B0F0BD58200020702000208E
:10CD30008DCB0000F83E0020200C0020705A02002D
:10CD400081CA0000B8400020A00C0020805A0200D8
:10CD500008B510F08DFE054817F0DDFC034817F00C
:10CD6000CEFCBDE8084010F097BE00BF5820002060
:10CD7000DFF878C0DCF804C01CF0005F06D0DFF8F4
:10CD800070C0DCF800C01CF0080F00D1704770B50F
:10CD900082B003F10C0401900E4620460221154694
:10CDA00012F0ECFE40F63E4303800121204612F0D3
:10CDB000E5FE03460421197020460B2112F0DEFE29
:10CDC000019A034603301A70A3F8015032B90822C1
:10CDD000311D02B0BDE8704012F03BBE08220021B8
:10CDE00002B0BDE8704012F03FBE00BF78010020E5
:10CDF0007001002030B5013889B0154611280AD8D5
:10CE0000DFE800F025415C09096D09819FB309093C
:10CE100009090909090D6FF0150009B030BDCB688B
:10CE2000DA789978188807F045FD594B04460121B6
:10CE3000188813F096FB012103460C30019312F081
:10CE40009DFE019B04702B60002009B030BD504B4B
:10CE50000D21188813F085FB0D2128600C3012F08D
:10CE60008DFE00234FF0021C4FF4806102220370FC
:10CE7000C0F801C0A0F80510C2710372437283723A
:10CE8000C3720373E0E7424B4121188813F069FB3A
:10CE9000412128600C3012F071FE002101904022E7
:10CEA00000F8011B12F0E0FD019B59789A7861F0BF
:10CEB000580142F0030259709A70C5E7344B0921BA
:10CEC000188813F04EFB092128600C3012F056FE32
:10CED000002100F8011B082212F0C6FDB4E7C96862
:10CEE0000020FEF741FB2A4B0121188813F039FB83
:10CEF000012103460C30019312F040FE019B0022F9
:10CF000002702B60A0E7DFF88CE0BEE80F000DF1A7
:10CF10000C0CACE80F001E4ADEF8003010888CF8CC
:10CF20000030122113F01DFB122128600C3012F08A
:10CF300025FE002300F8013B112203A912F089FD10
:10CF400082E7134B1821188813F00BFB1821286077
:10CF50000C3012F013FE00220190012100F8022B88
:10CF60000AF008FF019B58706EE7094B21211888D1
:10CF700013F0F7FA212128600C3012F0FFFD014672
:10CF8000002301F8113B01300AF042FF5CE700BFCB
:10CF90004C330020A05A020070B5038A8EB00022E4
:10CFA000022B099233D9044603210C3012F016FEED
:10CFB000228A83789A422AD30288CF49C2F38523F2
:10CFC000082B0A8090B2C2F309050DD8CBB1013B02
:10CFD000072B16D8DFE813F0FC001500DC00C200B8
:10CFE0001500150015001F003F2B0AD1214609AA84
:10CFF0002846FFF7FFFE163018BF099C08D1BE4B2C
:10D00000188801210EB0BDE8704013F0BCBA0024AE
:10D0100020460EB070BD6A1E4D2AF2D801A353F807
:10D0200022F000BF1BD80000F5D70000A9D70000F0
:10D0300003D000009FD700007BD700005FD700001F
:10D0400053D7000047D700003DD7000003D00000B1
:10D0500003D0000003D0000003D0000019D7000067
:10D0600013D700000BD7000003D70000DFD6000065
:10D0700003D00000ADD600009DD600006BD60000A6
:10D0800049D6000003D000002FD600001DD60000B6
:10D09000FBD5000003D0000003D0000003D0000047
:10D0A000D9D50000BDD500008FD5000057D50000B0
:10D0B0004BD5000003D0000003D000003DD5000098
:10D0C00035D500002FD50000AFD4000081D400007A
:10D0D00053D4000049D4000039D40000EDD300003F
:10D0E000D3D40000CFD300007BD3000003D00000D6
:10D0F00003D0000003D0000003D0000003D00000E4
:10D1000003D0000003D0000003D0000003D00000D3
:10D1100003D0000003D0000003D0000003D00000C3
:10D1200003D0000003D0000003D0000003D00000B3
:10D1300003D0000003D0000003D0000003D00000A3
:10D1400003D0000003D0000003D0000057D300003C
:10D1500003D0000003D0000035D300006A1E082A67
:10D160003FF64FAF01A353F822F000BF09D30000F0
:10D1700073D2000049D2000003D0000003D00000A9
:10D1800003D0000003D0000003D0000027D200002D
:10D19000632D00F0558329D8032D00F090832D2DA9
:10D1A00000F07283012D7FF42CAFE268534B1168BD
:10D1B0005268196040F6014029465A6013F0D1F9CF
:10D1C000012104460C3012F0D9FC002303701FE744
:10D1D000062D00F02B831D2D7FF413AFE368188814
:10D1E00002F0CAF8444B014618880BE77B2D00F08B
:10D1F0002F837C2D7FF405AFE26813885188049358
:10D2000098B202F0D1F93C4A05460321108813F088
:10D21000A8F9032104460C3012F0B0FC0570049B01
:10D22000A0F80130F4E6072141F2090013F099F962
:10D23000072104460C3012F0A1FC0146002001F841
:10D24000010BFEF7C1F9E3E6092141F2030013F0F7
:10D2500088F9092104460C3012F090FC002104905A
:10D26000082200F8011B12F0FFFB049B60225A7198
:10D27000CEE6412141F2020013F073F94121044648
:10D280000C3012F07BFC00210490402200F8011BBE
:10D2900012F0EAFB049B1A4998791A4A60F03F00A1
:10D2A0009871D87A40F00400D872D87B40F02800FA
:10D2B000D873187C40F002001874D87D40F0040048
:10D2C000D875D3F81A000143C3F81A10D3F8211007
:10D2D00058780A43C3F8212093F8281093F82720A0
:10D2E00040F0200041F0040162F07F02587083F8A2
:10D2F000281083F827208BE64C330020780100208B
:10D30000F7C3F70E30F0F97F092141F2010013F065
:10D3100028F9092104460C3012F030FC4FF450611A
:10D320000023C54A01800D218370C3700171C0F8CC
:10D3300005206DE6E068C17907F052FFBF4A054657
:10D340000121108813F00DF9012104460C3012F070
:10D3500015FC05705CE6032142F24B0013F001F965
:10D36000032104460C3012F009FC0146002301F8A9
:10D37000023B0130FEF7F4F84AE6E26892F802C098
:10D38000D1781088B2F8054013791CF0010F1CBF4A
:10D3900041F00301D1701CF0020F00F0B58243F0A0
:10D3A0000303137143EA0102032A40F0BB824E07D4
:10D3B00000F0B382621E14F0030402F0010208BF01
:10D3C000224602F083F89D4B014618881AE6E3686E
:10D3D0001A78D1074ABF07205878587092074ABF79
:10D3E00007219978997002F067F8A7E7092142F2BE
:10D3F0002F0013F0B6F8092104460C3012F0BEFBE2
:10D400000AAB05460DF1220208A90DF11E0002F03B
:10D4100023F8BDF81E20A5F80120BDF82020A5F8AE
:10D420000320BDF82220A5F80520BDF82820A5F886
:10D43000072000232B70EBE5E368188807F0C6FE91
:10D440007E4B01211888B9E6E368187807F0A8FE3A
:10D4500074E70722E1680AA812F0FBFA774B07216C
:10D46000188813F07EF8072104460C3012F086FB72
:10D47000411C04900AA807F05DFE049B1870C7E5E4
:10D480000722E1680AA812F0E4FA6C4B0721188819
:10D4900013F067F8072104460C3012F06FFB411CB3
:10D4A00004900AA807F00AFE049B1870B0E5022158
:10D4B00042F22A0013F055F8022104460C3012F013
:10D4C0005DFB049007F0C6FC049B002258701A70A4
:10D4D0009EE5E3681B88052142F230001D4613F0EB
:10D4E00040F8052104460C3012F048FB021DC11C17
:10D4F0000490A8B201F0C0FF049BDA781979187083
:10D50000002A92FAA2F2B2FA82F208BF4FF0FF327A
:10D510000132DA70002991FAA1F2B2FA82F208BF60
:10D520004FF0FF320132A3F801501A7170E507F095
:10D5300093FC03E7E06807F0CFFCFFE6E06800F14A
:10D540001702C11D08F054F9F8E6E36859881888F5
:10D5500001F078FFF2E6052142F2230013F001F812
:10D56000052104460C3012F009FB0AA904900DF1C4
:10D57000220001F05BFF049BBDF82210A3F801100C
:10D58000BDF82810A3F8031000221A7040E5E368E4
:10D590001A8859881546A8B29A8801F017FF274AB9
:10D5A00006460321108812F0DCFF032104460C30EC
:10D5B00012F0E4FA0670A0F8015029E5E26811883B
:10D5C000927800230D46CDE90233CDE900330221E4
:10D5D000A8B201F0F7FDE2E7E1680B8800221D46E2
:10D5E0004B88039208890290C8880190898800912D
:10D5F000A8B2022101F0E6FDD1E7092142F21C00A8
:10D6000012F0AFFF092104460C3012F0B7FA0C49B2
:10D610000C4A0160002342600372F9E4E3681B884E
:10D620000022062198B2049307F02CF9EBE5E2689A
:10D63000002132F8023BF5E7F105FFFF4C330020F3
:10D64000008FCC30ECC00100092142F2180012F02A
:10D6500088FF092104460C3012F090FA002300F8EC
:10D66000013B082108F020FED2E4E0680AAA00F19C
:10D67000100100230BF0FAFAAD4B1121188812F0BB
:10D6800070FF112104460C3012F078FA002300F8E4
:10D69000013B10220AA912F0DCF9B9E4E36818880A
:10D6A00001F03EFEA24B01461888ABE4E3681A88FD
:10D6B0000592082142F2150095B212F052FF08219E
:10D6C00004460C3012F05AFAC11C0490284601F0AE
:10D6D000C5FD049B059A1870A3F8012098E4E16841
:10D6E00000224B88088803920C890294CC8801940C
:10D6F00089880091114601F065FD8D4B014618881F
:10D7000080E4E06807F012FB18E6E06807F054FADE
:10D7100014E607F029FA11E6022142F20F0012F096
:10D7200020FF022104460C3012F028FA0022027079
:10D73000049007F017FA049B587069E4E3681878BE
:10D74000F3F7BEF8FAE5E16811F8010B01F0ACFA65
:10D75000F4E5E16811F8010B01F03AFAEEE5022177
:10D7600042F2070012F0FDFE022104460C3012F0D6
:10D7700005FA0023037043704AE4E46894F80EC08D
:10D78000A379627921792088CDF808C094F80DC07A
:10D79000CDF804C00734009401F018F8CEE5E16834
:10D7A0000120FDF7E1FEC9E5092142F2030012F074
:10D7B000D8FE092104460C3012F0E0F9002305469A
:10D7C000082200F8013B194612F04EF9FDF7B2FEAF
:10D7D000002361F30703C1F3072262F30F23090C4F
:10D7E00061F31743090A61F31F63C5F80100C5F827
:10D7F00005300DE4042142F2020012F0B2FE0421D1
:10D8000004460C3012F0BAF900231B2103220370E6
:10D8100041708370C270FFF7FBBBE268454B146830
:10D820005268012142F201001C60C6E4E368997865
:10D83000188801F039FD3E4B01461888FFF7E2BB1E
:10D84000E2683D4B14685268012140F66340EBE703
:10D85000E3681B88049398B20AA901F071FE344A68
:10D8600005460521108812F07CFE052104460C3087
:10D8700012F084F9049B0570A0F80130BDF828303F
:10D88000A0F80330FFF7C4BBE3681A8804211646EA
:10D8900040F62D409A78049212F063FE042104466B
:10D8A0000C3012F06BF9049A0546C31CB1B2022089
:10D8B000FDF746FEA5F801602870FFF7A9BB1F4BD6
:10D8C0001D4A4FF0FF3041F6FF71C3E90001194BCB
:10D8D00000200021C2E900011F200021C3E900014E
:10D8E000FEF71AFA124B0121188812F03AFE0121B4
:10D8F00004460C3012F042F90023114A0370136001
:10D90000FFF726FAFFF784BB41EA0302032A09D88E
:10D910004D0702D05A077FF44DAD122142F232007A
:10D92000FFF770BB112142F23200FFF76BBB00BF63
:10D930004C33002070010020200D002078010020D1
:10D940008820002000230B60038A032B35D9F0B513
:10D95000044683B00F460C30042112F03FF9238AAD
:10D960004288934223D31B2A21D80192068801F0D2
:10D97000D5FB019A054618B3B10B4FEA163316D101
:10D98000CBB1012B13D129796A7163F3010129719C
:10D99000E168E81D12F05DF82946C6F30B0001F0BE
:10D9A000C9FB08B903B0F0BD284601F0BDFB6FF01C
:10D9B000150003B0F0BD0223E5E76FF015007047D6
:10D9C0000E4B1B689B0115D54FF0FF324FF0FF3314
:10D9D0000220F6F7CBFB022138600C3012F0CEF8B3
:10D9E0004FF48D730380386801210C3012F0C6F8B3
:10D9F000012303706FF06800D4E700BF78010020B6
:10DA0000104B1B68DB0600D4704710B582B00C3297
:10DA10000C46019002211046009212F0AFF8014628
:10DA200040F205420A800098042112F0A7F84FF056
:10DA300000030370019BA0F801401B78C37002B083
:10DA400010BD00BF78010020024A1368013B13603B
:10DA5000704700BF8820002030B5037F03F0030328
:10DA6000013B012B83B010D9194A1A491A4842F2D6
:10DA7000D33310F08EFE002383F31188BFF36F8F32
:10DA80000323184602DF03B030BD044601F10C0346
:10DA900001931846E38804211D4612F06FF8227F97
:10DAA000019B02F00302022A0CBF45F4005245F428
:10DAB00080520280627F4280617F184612F05EF8D9
:10DAC000627F04F11F0103B0BDE8304011F0C1BF17
:10DAD000B45A0200A8580200CC5702002DE9F041C8
:10DAE0000379C288032B86B004460D46164600F122
:10DAF0001C070CD0173B062B00F2E782DFE813F07F
:10DB0000320091009900C900E200F6001801C37FBD
:10DB1000033B122B14D8DFE813F0B90113001300F4
:10DB2000EA01050213001302130013001300180288
:10DB300013003602130022001300130044014401B5
:10DB4000AC4AAD49AD4842F2A73310F022FE0023A3
:10DB500083F31188BFF36F8F0323184602DF06B0EB
:10DB6000BDE8F081F80700F13482237F1F46002BC7
:10DB700000F03F82A24B5B689900F0D5A14B1B6877
:10DB800003F4007213F00103904640F041811A4300
:10DB9000E5D005F10C000546002F40F058829A4A66
:10DBA000136801331360022111F0E8FF41F63E7360
:10DBB00003800121284611F0E1FF0A2303701E2192
:10DBC000284611F0DBFF034600221A70A3F801601B
:10DBD000627FDA70A27F1A7104F11F010622581DBC
:10DBE000059311F036FF059B062204F12B0103F18A
:10DBF0000B0011F02EFF059B062203F1110004F12A
:10DC0000250111F026FF059B628EA3F81720A28E36
:10DC1000A3F81920E28EA3F81B2094F838205A7735
:10DC20009DE70A463846314606B0BDE8F041FFF7A9
:10DC3000E7BE734B5B689A0091D5724B1B685B071C
:10DC40008DD5022105F10C0011F098FF40F63E231E
:10DC50000380012105F10C0011F090FF03464FF005
:10DC6000030205F10C001A70092111F087FFFF076C
:10DC7000054600F10482237F2B70A5F80160E38B39
:10DC8000A5F80330238CA5F80530638CA5F8073080
:10DC900065E75B4B5B6818044FF000047FF55FAFEE
:10DCA00001F10C0318460221059311F067FF4FF4B0
:10DCB0004C7202800321059811F060FF0470A0F8F7
:10DCC00001604CE7514B1B6819027FF548AF0221F8
:10DCD00005F10C0011F052FF40F25723038002219E
:10DCE00005F10C0011F04AFF068038E7444B5B68F1
:10DCF0009A007FF534AF434B1B681B037FF52FAFB2
:10DD0000022105F10C0011F039FF40F23E4303807F
:10DD1000012105F10C0011F031FF142303700321E0
:10DD200005F10C0011F02AFF0680237F837016E7AF
:10DD3000334B5B689F007FF512AF324B1B681805B1
:10DD40007FF50DAF022105F10C0011F017FF40F235
:10DD50003E630380012105F10C0011F00FFF0C233D
:10DD60000370052105F10C0011F008FF237F0370FB
:10DD7000A0F80160627F002A92FAA2F3B3FA83F35B
:10DD800008BF4FF0FF330133C370A27F92FAA2F3B2
:10DD9000002AB3FA83F308BF4FF0FF330133037156
:10DDA000DDE6174B5B689A007FF5D9AE154B1B6813
:10DDB0005B067FF5D4AE022105F10C0011F0DEFE0A
:10DDC00040F63E330380012105F10C0011F0D6FE30
:10DDD000072303700A2105F10C0011F0CFFE068025
:10DDE000A38C4380E38C8380238CC380638C03816A
:10DDF000B5E600BFB45A0200A8580200CC57020092
:10DE0000780100207001002088200020200D0020D3
:10DE100005F10C00002F40F00081AF4A1368013378
:10DE20001360B8F1000F40F04D810221054611F05A
:10DE3000A5FE41F23E3303800121284611F09EFEEB
:10DE4000034601221A701221284611F097FE07702E
:10DE5000A0F80160617FC170A17F01F0010103465C
:10DE60000171062204F11F010530059311F0F1FD47
:10DE7000059B628EA3F80B20A28EA3F80D20E28EE4
:10DE8000A3F80F2094F838205A7468E6934B5B6827
:10DE900099007FF564AE924B1B68DA067FF55FAEA2
:10DEA000022105F10C0011F069FE40F63E5303809B
:10DEB000012105F10C0011F061FE052303700C2116
:10DEC00005F10C0011F05AFE04F120010590082222
:10DED00020F8026B11F0BDFD059B022204F1280120
:10DEE00003F10A0006B0BDE8F04111F0B2BD7B4B72
:10DEF0001B681B064FF000047FF531AE01F10C03E7
:10DF000018460221059311F039FE4FF48162028018
:10DF10000421059811F032FE01230470A0F801607D
:10DF2000C3701CE690F820300E2B7FF418AE0B4621
:10DF3000324600211A2006B0BDE8F041FEF718BFB6
:10DF40000B46324639460020F5E7644B1B681F0636
:10DF50007FF505AE01F10C0318460221059394F8F4
:10DF6000204011F00BFE4FF48162028004210598DD
:10DF700011F004FE00239C4208BF1F240470A0F887
:10DF80000160C370EBE5554B5B6898003AD5544B84
:10DF90001B68990636D5022105F10C0011F0EEFD43
:10DFA00040F63E330380012105F10C0011F0E6FD3F
:10DFB000062303700A2105F10C0011F0DFFD068035
:10DFC000238C4380638C8380A38CC380E38C038188
:10DFD000C5E5444A4449454842F2CA0310F0D9FB1A
:10DFE000002383F31188BFF36F8F0323184602DFEA
:10DFF000BBE5A07F04F12503FF2204F11F0107F018
:10E0000017F8B7E50023CDE90233CDE900331A2232
:10E010000221304601F0D6F8A1E5002A3FD10221C5
:10E02000044611F0ABFD41F23E330380012120464E
:10E0300011F0A4FD012303701221204611F09EFD72
:10E0400004461222414611F00FFD277087E5022198
:10E0500011F094FD41F63E7303800121284611F032
:10E060008DFD0A2303701E21284611F087FD04460A
:10E070001E220021204611F0F7FC27706FE5194A97
:10E080001B491A4842F2531310F083FB002383F319
:10E090001188BFF36F8F0323184602DFEBE50221DF
:10E0A000044611F06BFD41F63E73038001212046CA
:10E0B00011F064FD0A2303701E21204611F05EFD5D
:10E0C0000446D5E7022105466EE5064A0949074898
:10E0D00042F2C32339E500BF8820002078010020E8
:10E0E00070010020B45A0200F05A0200CC5702001E
:10E0F0002C5B0200A858020030B500F10C0483B07C
:10E100000D4620460221019211F038FD40F21353D2
:10E1100003800521204611F031FD019AA0F801503D
:10E1200001230370A0F8032003B030BD0379032B53
:10E1300009D0172B05D0183B052B8CBF00200320DE
:10E14000704701207047037F03F00303032B14BFC4
:10E1500005200420704700BF0E4B0F4A0F494DF8B1
:10E1600004BD41F6FF7C4FF0FF3BC3E900BC4FF01C
:10E17000000B4FF0000C0A4BC2E900BC4FF01F0B24
:10E180004FF0000C0022C1E900BC1A605DF804BB2E
:10E19000FEF7DEBD78010020200D00207001002078
:10E1A0008820002010B582B01A4C059A1A4B141B17
:10E1B000A3FB0434C4F34714E4B905990091A21CED
:10E1C000164BD2B201210020FDF728F910F0FD0F07
:10E1D0000ED0134A1349144840F6E61310F0D9FA4A
:10E1E000002383F31188BFF36F8F0323184602DFE8
:10E1F00002B010BD0A4A0D490B4840F6E11310F079
:10E20000C8FA002383F31188BFF36F8F03231846E6
:10E2100002DFD2E7B02000204FECC44EC5E2000080
:10E22000685B0200B45B0200CC570200A85B0200EE
:10E23000F8B505686E6D0746C6B1AC6D00236B6519
:10E2400044B300211723A96523714FF6FF73E380C0
:10E2500004F11C001E2211F007FC3C232377A76069
:10E2600021463046BDE8F840FEF73CB8114A124955
:10E27000124840F62E2310F08CFA86F31188BFF373
:10E280006F8F0323184602DFAC6D6E6D00236B6544
:10E29000002CD6D1074A0A49084840F6322310F02C
:10E2A00078FA84F31188BFF36F8F0323184602DFD7
:10E2B000AC6DC6E7685B0200D05B0200CC57020081
:10E2C000E45B020000B170470C4B10B502460446F7
:10E2D000996002200121FBF7EDFC00B910BD084A4E
:10E2E0000849094840F6022310F053FA84F31188D4
:10E2F000BFF36F8F0323184602DF10BDA003002079
:10E30000685B0200BC590200CC57020038B50146D8
:10E3100011F8103B002B2FD01A4DA96083680446DA
:10E320007BB1194A19491A4840F6172310F031FAFF
:10E33000002383F31188BFF36F8F0323184602DF96
:10E34000A96814480F4B0022C4E9020111460120BC
:10E35000FBF7B0FC00B938BD0B4A0F490C4840F63A
:10E360001E2310F016FA002383F31188BFF36F8F7A
:10E370000323184602DF38BDBDE838400846FFF7E2
:10E3800057BF00BF90030020685B0200FC5B0200E7
:10E39000CC57020031E20000BC590200144A154B70
:10E3A00012781A7000B9704710B54B7F01EB8303E8
:10E3B00082B01B6A01911C78FEF75AF801998842D5
:10E3C00013D014F00E0F01D14B6973B10A4A0B49F7
:10E3D0000B4840F6CE1310F0DCF9002383F31188CC
:10E3E000BFF36F8F0323184602DF02B010BD00BFDA
:10E3F0000534002004340020685B0200105C020039
:10E40000CC57020070B51C4C6569AB6F73B11B4AE9
:10E410001B491C4840F65B2310F0BBF9002383F333
:10E420001188BFF36F8F0323184602DF05F16C01DB
:10E4300005F16800FBF7BAFB064670B12868AE67C5
:10E4400000F03EFE0025A06D6561FDF739FF606DAF
:10E45000A565FDF729FF656570BD084A0A490948A9
:10E4600040F65D2310F095F986F31188BFF36F8FA6
:10E470000323184602DFE1E7B0200020685B0200BA
:10E48000685C0200CC5702006C5D020030B5404C65
:10E49000237E85B0DB0703AD0DD5022103913D4BF3
:10E4A0000095032101220020FCF7B8FF2946FDF763
:10E4B000B1FF002861D10222364B009503210020D4
:10E4C0000392FCF7ABFF2946FDF7A4FF054648BBC6
:10E4D0003148FDF7F1FF08B178303AD12C48FDF70B
:10E4E000BBFFA0420ED02D4A2D492E4840F648339E
:10E4F00010F04FF9002383F31188BFF36F8F0323CC
:10E50000184602DF63690BB1FFF77CFF94F85E30B9
:10E51000002023F0010384F85E3006F035FF002070
:10E5200005B030BD1A48FDF797FFA0420ED01B4A38
:10E530001B491C4840F63F3310F02BF9002383F3AE
:10E540001188BFF36F8F0323184602DF0C2005B03C
:10E5500030BD124A1449134840F6453310F019F9FA
:10E5600085F31188BFF36F8F0323184602DF084835
:10E57000FDF772FFA042B6D1C4E72046FDF76CFF5D
:10E58000A042E3D0054A0649064840F63133D3E7B6
:10E59000B0200020A1B60000C0200020685B02006F
:10E5A0007C5C0200CC570200885C020000B5037856
:10E5B000103102F1FF3C03F00F03C9001FFA8CFC7D
:10E5C000062B12D8DFE803F0042516111111040000
:10E5D0004278103201F21B31D30001EBC20003F587
:10E5E000B37313FB0C0080B200BD4FF4F37340F221
:10E5F0005320F6E741780CEB8C03C3EB031040008B
:10E6000001F11003DB0000F23B1003FB020080B2BB
:10E6100000BD40F2162340F2E330E2E72DE9F0437B
:10E620001D468BB04FF6FF739D429DF8487017D082
:10E63000139E139B16F8104B0134E4B280469146AA
:10E640001C705CB33B493C4B0D810022C1E9008941
:10E650008F72CE60996001201146FBF72BFB68B9E1
:10E66000139B187E10F0010405D1344A344B117805
:10E670001B788B4221D00BB0BDE8F083314A324980
:10E68000324840F6671310F084F8002383F31188B2
:10E69000BFF36F8F0323184602DFE1E7294A2C49B5
:10E6A0002A4840F6431310F074F884F31188BFF33E
:10E6B0006F8F0323184602DFC4E70133042109A842
:10E6C000137007F017FE099B224A139913980691BD
:10E6D000A2FB0321204A0094821A2048A0FB0202D8
:10E6E000581A01EB5001090A40F24715520905FB7F
:10E6F000113302321A4905910133CDE90344CDE9C2
:10E700000144D2B2012120460993FCF761FE10F0CA
:10E71000FD0FB0D00B4A13490C4840F2B47310F00F
:10E7200038F884F31188BFF36F8F0323184602DF94
:10E73000A1E700BF280D0020800300200534002041
:10E7400004340020685B0200BC590200CC57020070
:10E75000A05C020021F1D490B02000204FECC44E08
:10E760009DE30000A45C020010B5174C204608F0A1
:10E7700073FA04F10C0008F06FFA34F8043C627884
:10E7800023F4437304EB8202204623F0020394F83F
:10E79000424052684FF0020C43F00E0320F8043C54
:10E7A00006216CF3420400234FF4006CA0F840C033
:10E7B00080F8424013705170437B00EB83000422C9
:10E7C00003691A70597010BDCC2000202DE9F04764
:10E7D000624C0F46624994F85E60864603C982B077
:10E7E00016F0010600909DF82CC09DF830008DF8C1
:10E7F000041078D10DEB07019A460B78218B154652
:10E800000CF0070200F00300520021F4437121F0E4
:10E81000020142EA00220A432283627F04EB820261
:10E82000012F08BF4FF0000E176AA4F85CE03A7899
:10E8300003F00F0313F00E0F22F01F000CBF012195
:10E840000021034361F345133B7003F00F03012BD9
:10E8500002F00F093FD094F85E3065F342035A0787
:10E8600084F85E3008D56AF3C3033E480A9984F8F9
:10E870005E30062211F0EDF83B7803F00F02012A1A
:10E8800005F0010834D07A78EAB1B9F1010F49D026
:10E890003B7868F3861323F080033B7094F82930AB
:10E8A000246104EB8304AD01E36A05F040055A7866
:10E8B00045F004051D7012B9062159701646304600
:10E8C00002B0BDE8F08768F3861362F3C7133B70AC
:10E8D00006237B70E2E7B9F1010FBCD07A78AAB9C0
:10E8E00084F83460B7E70C26304602B0BDE8F08704
:10E8F000384668F386136AF3C71300F8083B0A9991
:10E90000062211F0A6F80C237B70C7E7052A15D95B
:10E91000063AD2B207F10801134884F8342011F006
:10E9200098F898E794F834200F4907F1080011F09F
:10E9300090F894F8343006337B70A9E70B4A0C4901
:10E940000C4840F2BD130FF024FF86F31188BFF38B
:10E950006F8F0323184602DF7A78D9E7B0200020B2
:10E96000245202000F210020E5200020685B0200F5
:10E97000DC5C0200CC57020008B5FFF7F5FE002072
:10E9800008BD00BF08B5154B93F85E20D20723D50C
:10E990005A6952B192F82C1041F0020182F82C1001
:10E9A0005A6992F82C20D30716D40C48FDF748FD7D
:10E9B0000A4B98420ED00A4A0A490B4840F62633C1
:10E9C0000FF0E7FE002383F31188BFF36F8F03235B
:10E9D000184602DFFFF75AFD002008BDB0200020D6
:10E9E000685B02007C5C0200CC57020008B5054859
:10E9F00008F042F9044808F03FF9FFF7B5FE00209F
:10EA000008BD00BFCC200020D8200020034A044BC2
:10EA1000801AA3FB0030C0F34F107047B0200020D5
:10EA20004FECC44E044A0068044B801AA3FB00302C
:10EA3000C0F34F10704700BFB02000204FECC44E11
:10EA400038B9054890F85E3013F0010F08BF002078
:10EA500070470020704700BFB020002028B9044B49
:10EA600093F85E0000F0010070470020704700BF7F
:10EA7000B020002040B9054B93F85E20D20703D5A3
:10EA8000587E00F00300704700207047B02000203F
:10EA900070B50546807E0C4606F0C6FD08B32378A7
:10EAA00043F0400301462370A61C0622304610F0B6
:10EAB000D0FF237803F00F03012B01D0304670BD47
:10EAC000A87E06F0E3FD0028F8D0237843F0800309
:10EAD00004F8083B01460622204610F0BAFF3046F3
:10EAE00070BD2078C0F38010FCF75EFD0146DBE7C7
:10EAF0001F2962D870B51646427F00EB82020D4690
:10EB0000126A117801F00F01012984B0034656D032
:10EB10000DF10F011C300093019208F019F9019AD0
:10EB200090F800C011782CF01F0C01F00F014CEA96
:10EB3000010C80F800C011785FFA8CFCC1F3401121
:10EB400061F3451C80F800C092F800C01146CCF378
:10EB5000801290F800C062F3861C80F800C011F8A3
:10EB6000022B5FFA8CFCD20962F3C71C0446062212
:10EB700000F802CB10F056FF2A46314604F1080097
:10EB800010F067FF0635009B657093F85E20D20792
:10EB900005D49DF80F205A77002004B070BD93F87B
:10EBA000292003EB82021846D26A2146F2F778F850
:10EBB000009B0028EDD00C20EFE71220704780F872
:10EBC00034502A463146353010F043FFE4E700BFA9
:10EBD0000A4601460148FFF78BBF00BFB020002066
:10EBE0001F295CD8F0B590F8293000EB830385B07D
:10EBF000DB6A174604460E46002B41D00DF10F018B
:10EC000004F12800019308F0A3F80378019923F098
:10EC10003F0343F00403037011F8022B03F03F039A
:10EC2000C2F3801243EA82130370B31D437005469A
:10EC30000622023010F0F6FE3246394605F1080091
:10EC400010F007FF94F85E30DA0706D49DF80F3015
:10EC500084F82930002005B0F0BD627F04EB820209
:10EC60004123116A0A7802F00F02D340DB07EDD589
:10EC70002A462046F2F714F80028E7D00C20EAE7ED
:10EC8000283007F0E9FFC0B258B994F8293004EBF6
:10EC900083030422DB6A1A7006225A70AEE7122040
:10ECA00070470720D7E700BF0A4601460148FFF733
:10ECB00097BF00BFB02000202DE9F041076832491E
:10ECC00082B005464FF4D0723846FAF749FF05F195
:10ECD0006806294608F0F8FBE86E01AA3146FAF703
:10ECE0007DFF00B3294C4FF6FF7894F8412094F84B
:10ECF0004010531CDBB2082B08BF0023994231D0CF
:10ED000004EBC20124F83280019A4A601268026062
:10ED1000019A1060E86E84F8413001AA3146FAF792
:10ED20005DFF0028E1D1D7F8544154B10023C7F862
:10ED3000543107F5AA712046FDF79AFC02B0BDE8F0
:10ED4000F081134A1349144840F621030FF021FDC6
:10ED500084F31188BFF36F8F0323184602DFD7F8BF
:10ED60005441E3E70A4A0D490B4840F60D030FF002
:10ED700010FD002383F31188BFF36F8F0322104629
:10ED800002DF1B80FFDE00BF380D0020E8210020DD
:10ED90001C5D0200645D0200CC5702005C5D020055
:10EDA00010B50C46C0B9144B0022012102209C6012
:10EDB000FAF780FF00B910BD104A1149114840F21E
:10EDC000C7730FF0E6FC002383F31188BFF36F8F46
:10EDD0000323184602DF10BD084A0B49094840F2D8
:10EDE000C1730FF0D6FC002383F31188BFF36F8F3C
:10EDF0000323184602DFD6E7D00300201C5D020083
:10EE0000BC590200CC570200745D020008B50C4BDF
:10EE10000022986011460120FAF74CFF00B908BDA6
:10EE2000084A0949094840F2F3730FF0B2FC002385
:10EE300083F31188BFF36F8F0323184602DF08BDE9
:10EE4000B00300201C5D0200BC590200CC57020038
:10EE500038B5014611F8103B002B2FD01A4DA96090
:10EE6000836804467BB1194A19491A4840F2DC7399
:10EE70000FF08FFC002383F31188BFF36F8F032300
:10EE8000184602DFA96814480F4B0022C4E90201AA
:10EE900011460120FAF70EFF00B938BD0B4A0F49A1
:10EEA0000C4840F2E3730FF074FC002383F31188E5
:10EEB000BFF36F8F0323184602DF38BDBDE838402B
:10EEC0000846FFF7A3BF00BFC00300201C5D02007F
:10EED000FC5B0200CC5702000DEE0000BC590200A2
:10EEE00008B583685A6892F82730DB090FD10B4ABE
:10EEF0000B490C484FF4E7630FF04BFC002383F3FE
:10EF00001188BFF36F8F0323184602DF08BDBDE8E9
:10EF1000084000F10801F2F7F7BA00BF1C5D0200DB
:10EF2000A8580200CC57020000B9704710B50C4633
:10EF3000FDF7BCFAA04212D0FDF79AFAA0420ED01B
:10EF4000074A0849084840F2FB630FF022FC0023FF
:10EF500083F31188BFF36F8F0323184602DF10BDC0
:10EF60001C5D0200805D0200CC57020010B50C460B
:10EF7000A0B92046FDF78EFA84420ED00F4A104900
:10EF8000104840F211730FF004FC002383F3118842
:10EF9000BFF36F8F0323184602DF10BD074A0A49EB
:10EFA000084840F20E730FF0F4FB002383F311883E
:10EFB000BFF36F8F0323184602DFDAE71C5D020000
:10EFC000D45D0200CC570200745D020010B50C46FF
:10EFD000A0B92046FDF752FA84420ED00F4A1049DC
:10EFE000104840F207730FF0D4FB002383F311881D
:10EFF000BFF36F8F0323184602DF10BD074A0A498B
:10F00000084840F204730FF0C4FB002383F3118817
:10F01000BFF36F8F0323184602DFDAE71C5D02009F
:10F02000D45D0200CC570200745D020038B5184868
:10F03000184B194D194C01224FF4D071FAF728FDE5
:10F0400000224FF4D0711248FAF786FD4FF6FF7395
:10F050008384134B0322181D2421FAF719FD114B49
:10F060000722181D0821FAF713FD02F0EBF90E48EC
:10F070000E490F4A03234FF01B0C2B70A0F800C061
:10F0800000254FF4A47025600880137038BD00BFC0
:10F09000380D0020382100200734002050220020A5
:10F0A000782100203C210020503300204E330020E6
:10F0B000063400200148FAF717BD00BF38210020B0
:10F0C0000149FAF72FBD00BF3821002002494FF453
:10F0D000D072FAF745BD00BF380D0020024620B9B6
:10F0E00003484FF4D071FAF737BD0020704700BFD6
:10F0F000380D002060B908B502464FF4D0710648BB
:10F10000FAF72AFD30B1838C002B18BF002008BD10
:10F1100000207047002008BD380D00200148FAF794
:10F12000E3BC00BF782100200149FAF7FBBC00BF17
:10F130007821002058BB38B502460D461E484FF4D2
:10F14000D071FAF709FD0446F0B1828CE2B91B4890
:10F1500090F821C090F820100CF10103DBB2042BD1
:10F1600008BF1346994224D020F83C2000EBCC0C79
:10F17000CCF8045080F8213023785BB994F937300B
:10F18000002B11DB002038BD6FF0150038BD6FF08B
:10F19000150070470A4B012103209C60FAF78AFD95
:10F1A00094F93730002BEDDA0021204605F02EFBD4
:10F1B000E8E76FF0680038BD380D00202C220020F1
:10F1C000E00300202DE9F04784B0BDF83060BDF8C1
:10F1D0003470BDF83880A0B991460D4602464FF410
:10F1E000D0711D489A46FAF7B7FC044648B1838CA3
:10F1F0003BB99DB1022D09D00125284604B0BDE8D8
:10F20000F0870225284604B0BDE8F0874D46D5B901
:10F2100002F09AFB284604B0BDE8F0870F9B0193EB
:10F22000CDF800803B463246514602F0FFFA0546D3
:10F230000028E7D194F937308342E3DA01462046CB
:10F2400005F0E4FADEE74946039302F08DFB039DE7
:10F25000284604B0BDE8F087380D0020D8B910B5B5
:10F26000024682B00C460F484FF4D071FAF774FC96
:10F2700070B1828C62B9019002F064FA01990522A2
:10F2800058B10146204610F0E4FB002002B010BD4A
:10F29000022002B010BD022070473231204610F02B
:10F2A000D8FBF2E7380D002010B102210846704764
:10F2B00000B583B00246019117484FF4D071FAF7B8
:10F2C0004BFC019B024618B3818C09BB1A2B17D843
:10F2D000042B19D91149D940C90715D5194610462B
:10F2E000019202F015FA014678B9019A92F9373085
:10F2F00083420ADA0190104605F088FA019904E089
:10F30000292BEBD03B2BE9D01221084603B000BDDE
:10F310000C21084603B000BD380D00202000380441
:10F32000E0B900B5024683B012484FF4D071FAF745
:10F3300013FC78B1828C6AB90121019002F094F932
:10F34000014620B9019B93F93720824209DB084628
:10F3500003B000BD0221084603B000BD02210846EB
:10F3600070470190184605F051FA0199084603B01C
:10F3700000BD00BF380D0020D8B900B5024683B0EB
:10F3800011484FF4D071FAF7E7FB70B1828C62B983
:10F39000019002F081F9014620B9019B93F93720D1
:10F3A000824209DB084603B000BD0221084603B0D3
:10F3B00000BD0221084670470190184605F026FA64
:10F3C0000199084603B000BD380D002020BB30B5C0
:10F3D000154683B00C4602464FF4D0711248FAF736
:10F3E000BBFB98B1828C8AB9D0F83021930610D536
:10F3F0002A462146019002F0B7F9019B20B993F902
:10F40000372082420ADB002003B030BD022003B067
:10F4100030BD1A2003B030BD0220704701461846A7
:10F4200005F0F4F9EFE700BF380D0020034A044B64
:10F4300012881B8802800B80704700BF5033002069
:10F440004E330020024A034B108019800020704781
:10F45000503300204E3300204FF01B0CA0F800C0AA
:10F460004FF0450CA2F800C04FF4A4704FF4267280
:10F4700008801A80704700BF38B5B8B915460C46E9
:10F4800002464FF4D0710B48FAF766FB70B1838CDB
:10F4900063B990F876C0CCF3020C84F800C090F801
:10F4A0007710C1F302012970184638BD02231846AF
:10F4B00038BD00BF380D0020024A034B1070197090
:10F4C00000207047073400200634002060BBF0B5F0
:10F4D000164685B002460D4618484FF4D0711F46B7
:10F4E000FAF73AFB0446B8B1838CABB9D0F83031A7
:10F4F000DB0515D54FF0010C29463B463246CDF8C9
:10F5000000C002F0DBF8014618B994F937308342A5
:10F510000DDB084605B0F0BD0221084605B0F0BD80
:10F520001A21084605B0F0BD022108467047039035
:10F53000204605F06BF90399EBE700BF380D00207A
:10F5400060BB10B502460C4615484FF4D071FAF76F
:10F5500003FB08B3838CFBB9C38CB0F88621052B61
:10F560000ED801339BB202FB03F30E494FF4FA723B
:10F5700002FB03F3A1FB03135B0B2380002010BDF0
:10F5800003FB02F2074940F2E24303FB02F2A1FB54
:10F590000212520B2280F1E7022010BD02207047B8
:10F5A000380D00205917B7D140BB00B583B00246D3
:10F5B000019113484FF4D071FAF7CEFAD8B1828C8A
:10F5C000CAB9C28C019B052A98BF013242F2107160
:10F5D00003FB01F196BF92B240F2E2434FF4FA739B
:10F5E00003FB02F201391144B1FBF2F1A0F88611DC
:10F5F000002003B000BD022003B000BD0220704710
:10F60000380D002008B5FFF711FD002008BD00BF30
:10F6100038B5214800224FF4D071FAF79DFA04461C
:10F6200058B304F1100221460320FCF783FF05467E
:10F6300010B110F1780F0BD10025184A184BC4F8FF
:10F6400088501584A3F84050FFF7F0FC284638BDD9
:10F6500040F24773134A144914480FF09AF81448BB
:10F660002A4600210FF095F8002383F31188BFF399
:10F670006F8F0323184602DFDEE70A4A0D490B4865
:10F6800040F243730FF085F884F31188BFF36F8F56
:10F690000323184602DFC4E7380D00202C22002087
:10F6A000E82100201C5D0200105E0200CC57020021
:10F6B000285E02008C590200014B1878704700BF89
:10F6C00007340020014B1878704700BF0634002033
:10F6D00038B58B6808601C682378ABB1A3680D4609
:10F6E00073B10C4A0C490D4840F28A330FF051F8BF
:10F6F000002383F31188BFF36F8F0323184602DFC3
:10F70000074BC4E9023538BDBDE838400846FFF76D
:10F71000E7BB00BF1C5D0200FC5B0200CC5702008F
:10F72000E1EE00000B68DA8862BB30B5054683B0B5
:10F730000C461C484FF4D071FAF70EFAE8B1828CEF
:10F74000DAB9019002F04CF92168019B0A7F02F0BE
:10F750000302032A09D101220A71226829461846A8
:10F7600003B0BDE8304002F04FB972B193F8802188
:10F77000910705D53D2283F85021236801221A7193
:10F7800003B030BD01221A71704793F880219207AF
:10F7900003D53D2283F85021216801230B7103B06A
:10F7A00030BD00BF380D0020F8B50D46818C1F46D6
:10F7B0004FF6FF739942044616460CD02046C4E922
:10F7C0004356A4F8147101F0DBFE94F8803113F075
:10F7D000010010D1F8BD0B4A0B490C484FF474736B
:10F7E0000EF0D7FF002383F31188BFF36F8F03233D
:10F7F000184602DFE2E723F0010384F880316FF05E
:10F800008B00F8BD1C5D0200405E0200CC57020078
:10F8100070B51C4C064694F821201BE0FAF79CF9C1
:10F820000346D4301BB39B8C0BBB696801F016FCFC
:10F8300094F8201094F821204B1C8A4206F1FF30E6
:10F84000DBB204D0042B08BF002384F8203010F072
:10F85000FF0616D094F820300B4893424FF4D07135
:10F860000FD034F8332004EBC305002AD6D06968E2
:10F870000B7923F003034FF6FF700B71FCF772FD59
:10F88000D6E770BD2C220020380D00202DE9F04174
:10F89000354B1A68904208BF002282B008BF1A6038
:10F8A000828CA0F85A21182380F85831064680F837
:10F8B0007011012101F070FE06F1D407304601F00D
:10F8C00085FE384601F0B4FB384601F0E7FB0446FC
:10F8D000C0B12379254803F00303032B0CBF234653
:10F8E00000232360FAF700F9054670B3214606F1BC
:10F8F0007C022846FAF764F9384601F0CFFB04464B
:10F900000028E6D1B28C1A4B00960332D2B2012104
:10F910002046FBF783FD10F0FD0F0DD0154A164968
:10F9200016484FF4EF630EF034FF84F31188BFF3F1
:10F930006F8F0323184602DF4FF6FF73FF20B38457
:10F9400002B0BDE8F041FFF763BF0C48094A0C491B
:10F9500040F2B2730EF01DFF85F31188BFF36F8F75
:10F960000323184602DFC1E7502200203C2100207B
:10F97000A1ED00001C5D0200E05D0200CC5702001A
:10F980006C5D0200002933D02DE9F04107464D1E81
:10F9900016E00379174803F00303032B0CBF23463B
:10F9A00000232360FAF7A0F8064690B1013D07F165
:10F9B0007C0221463046EDB2FAF702F9FF2D06D05F
:10F9C00007F1D40001F06AFB04460028E1D1BDE84C
:10F9D000F0810948094A0A4940F2C7530EF0D9FE9E
:10F9E00086F31188BFF36F8F0323184602DFDDE72C
:10F9F000704700BF3C210020CC5702001C5D020074
:10FA00006C5D020010B504460120FFF701FF20469F
:10FA10000121BDE81040FFF7B5BF00BF0149FAF76B
:10FA200081B800BF3C210020014B93F84100704792
:10FA3000E821002000B50A4B93F840C093F841E05C
:10FA4000F4450AD080F800E033F83C00088003EB6E
:10FA5000CC035B681360186800BD002000BD00BFC8
:10FA6000E8210020074B93F840C0844508D003EB01
:10FA7000CC0033F83C300B80436813601868704743
:10FA800000207047E8210020094A92F8401092F8BF
:10FA900041308B4209D04B1CDBB2082B08BF00233E
:10FAA00052F8310082F8403070470020704700BFA4
:10FAB000E821002008B5134A92F841C092F840E0CE
:10FAC0000CF10103DBB2082B08BF00239E4508D0D0
:10FAD00022F83C0002EBCC0CCCF8041082F8413048
:10FAE00008BD094A09490A4840F206630EF051FE72
:10FAF000002383F31188BFF36F8F0322104602DFC8
:10FB00001B80FFDEE82100201C5D0200B85E0200C1
:10FB1000CC570200F8B55679144605460F467EB319
:10FB2000237903F00302032A0CD04FF6FF729542AB
:10FB300004BF23F00303237121462846BDE8F840A3
:10FB4000FCF710BC4FF6FF739D4228D13B689C42E6
:10FB500057D0002BF0D02E4A2E492F4840F2316367
:10FB60000EF017FE002383F31188BFF36F8F03237A
:10FB7000184602DF21462846BDE8F840FCF7F2BBF4
:10FB8000234A2649244840F213630EF002FE86F30E
:10FB90001188BFF36F8F0323184602DFC0E7C5B992
:10FBA0001F482A464FF4D071F9F7D6FF88B1214695
:10FBB00001F0F8FE3B689C42CBD1194800224FF47B
:10FBC000D071F9F7C9FFE0B1838C002B18BF00207A
:10FBD00018E00F4A1349104840F219630EF0D9FD9E
:10FBE000002383F31188BFF36F8F0322104602DFD7
:10FBF0001846214601F0D6FE3B68A342A9D1002D4C
:10FC0000DBD000202146BDE8F84001F06DBC00BF0C
:10FC10001C5D0200CC5E0200CC570200C05E0200F8
:10FC2000380D00208C59020090F86620B0F85C3046
:10FC300090F87E10B0F85800C2F30212022A15BFE5
:10FC4000DB089B080A3B0B3B9BB21A1F11F0100FFD
:10FC500092B218BF1346984228BF184680B2704728
:10FC6000704700BF90F8803143F0020380F8803184
:10FC7000704700BF90F8803123F0020380F8803194
:10FC8000704700BF0278038E12B1581E80B27047D1
:10FC9000418DB0F814215818104480B2704700BF4D
:10FCA00038B50522044632300FF0D3FE052104F1A9
:10FCB0003200FAF71BF994F8373060F3050384F843
:10FCC000373038BD4FF426704FF4A473088013808A
:10FCD000704700BF00B5B0F86020B0F85A10034676
:10FCE0008A4290F87700B3F85EC028BF0A4600F059
:10FCF0000700B3F864101B2A38BF1B22042814BF66
:10FD00004FF4A4704FF42960614528BF61468142D9
:10FD1000B3F86EC038BF01468C45B3F86A0043D0D3
:10FD20008242A3F86E1001D0A3F86A2093F8D12084
:10FD300042F00202012083F8D120B3F858C0B3F892
:10FD4000622093F87610B3F85CE0624528BF624603
:10FD500001F007011B2A38BF1B220429B3F86610E3
:10FD600014BF4FF4A47C4FF4296C714528BF714631
:10FD70006145B3F86CE038BF61468E45B3F868C0A2
:10FD800016D06245A3F86C1001D0A3F8682093F850
:10FD9000D12022F0020283F8D12093F8D120012053
:10FDA000024383F8D12000BD8242BDD10020C4E7C8
:10FDB0006245EAD193F8D11041EA510202F0010202
:10FDC00021F003010A4383F8D1200028E5D100BDCA
:10FDD000B0F86020B0F85A1003468A4290F87700D5
:10FDE000B3F85EC028BF0A4600F00700B3F86410FD
:10FDF0001B2A38BF1B22042814BF4FF4A4704FF4F1
:10FE00002960614528BF61468142B3F86EC038BFA2
:10FE100001468C45B3F86A000DD09042A3F86E10ED
:10FE200001D0A3F86A2093F8D12042F00202012009
:10FE300083F8D12070479042F3D10020704700BF73
:10FE4000B0F86220B0F8581003468A4290F8760065
:10FE5000B3F85CC028BF0A4600F00700B3F866108C
:10FE60001B2A38BF1B22042814BF4FF4A4704FF480
:10FE70002960614528BF61468142B3F86CC038BF34
:10FE800001468C45B3F8680013D08242A3F86C1089
:10FE900001D0A3F86820012293F8D110104642EA5D
:10FEA000510202F0010221F003010A4383F8D1203C
:10FEB00070478242EDD193F8D110002001F0010289
:10FEC000EDE700BF1B2928BF1B21B2F5A47F064B1D
:10FED000A0F8721028BF4FF4A472A0F87020C36578
:10FEE000A0F85810704700BF4801980270B501F0A3
:10FEF000030505F128065235C1F34001F600ED0077
:10FF00000446CE40CD401E22002158300FF0ACFDFB
:10FF10002F4B304A1B8812881B2B28BF1B23B2F59E
:10FF2000A47F28BF4FF4A472A4F870204FF4A472E9
:10FF3000A4F85C2094F87720A4F8723002F007024D
:10FF4000ADB2B6B2042A14BF4FF4A4724FF42962C2
:10FF5000B542A4F85E5028BF3546954238BF1546D5
:10FF6000B4F86E20A4F858304521A4F85A10AA42DB
:10FF70004FF01B11B4F86A30A4F86460A4F866600E
:10FF8000216619D01B2BA4F86E5002D01B23A4F8B5
:10FF90006A3094F8D13043F00203204684F8D1301F
:10FFA000FFF74EFF94F8D13043F0010384F8D130CD
:10FFB000012384F8743070BD1B2BE7D12046FFF776
:10FFC0003FFF0028EED1012384F8743070BD00BFDC
:10FFD000503300204E330020F8B505460E46174634
:10FFE00001F05CF9044660B37A1F201D082A06D888
:10FFF000DFE802F012150505050518051B0002F0E3
:020000021000EC
:100000006FFFE37973732146284601F05DF92846B6
:1000100004F0E2F82046F8BD02F07AFFF1E702F0C2
:1000200081FFEEE702F088FFEBE795F8203196F8C4
:100030004E101BB1D5F830315B0711D402F086FFAA
:10004000DFE70A4A0A490B484FF431730EF0A1FB6F
:1000500084F31188BFF36F8F0323184602DFC3E7D1
:100060000A4696F84D1002F07DFFCAE7D85E0200FE
:10007000B8590200CC57020030B583B004460D4693
:1000800001F004F918B90623AB7203B030BD04F1D6
:100090008F0305F13B0105F12B000022019308F0CD
:1000A000E5FD0199102204F1B0000FF0D2FC04F13B
:1000B000A801082204F1C9000FF0CBFC00200021A8
:1000C000C4E9300194F8A72094F8C810002363F322
:1000D000000142F0010284F89F3084F8A03084F8D7
:1000E000A13084F8A23084F8A33084F8A43084F8D6
:1000F000A53084F8A63084F8C81084F8A7202946D3
:1001000005222046FFF768FF4FF4C1636B8194F826
:100110008E3043F0080384F88E3003B030BD00BF4A
:1001200070B582B006460C4601F0B0F830B92046F2
:1001300001F0F2F80323A37202B070BD042221463D
:100140003046FFF749FF08228118054604F14300B5
:100150000FF07FFC05F11001042206F1AC000FF056
:1001600078FCA5690023A361BDB103222B792A7114
:10017000B28CEA8005F11C012046019302F098FE42
:10018000019B2D2B03D00423A37202B070BD2868FD
:100190002946FCF7A7F80423F6E7074A0749084869
:1001A00040F2F6230EF0F5FA85F31188BFF36F8F56
:1001B0000323184602DFD8E7D85E02001C5F020066
:1001C000CC57020070B50C46897A82B005461646B7
:1001D0000D2900F23581DFE801F0626A6D9DA1070B
:1001E000070C17393C415356002E00F0A98002B08D
:1001F00070BD002EFBD1214601F048F8002840F0E8
:10020000CF800723A372F2E7022EF0D1A3691A462A
:100210001E460023A361002A00F0F5804FF003037F
:100220003371AB8CF380237A052B00F0E780062B2B
:1002300040F0D4801A2333712146284601F026F875
:10024000002840F083800923A372D0E7002ECED18E
:10025000F2E7002ECBD10B23A372C8E7072EC6D13D
:10026000012101F035F82846FFF7FCFC214628461D
:1002700001F00CF8002840F084800C23A372B6E74C
:10028000002EB4D1F2E7082EB1D140F202336381DF
:1002900090F88E3023F0100380F88E30A7E7002E00
:1002A000A5D1237A062BD6D00223A3729FE7002E76
:1002B000FAD09CE7012E9AD13146019301F008F85B
:1002C0002846FFF7CFFC284602F0FCFA019B0822E3
:1002D000191D04F121000FF0BCFB019B197B84F870
:1002E0002910597B84F82A10082203F10E0104F129
:1002F0003B000FF0AEFB019B042203F1160105F158
:10030000A8000FF0A6FB2146284602B0BDE87040C9
:10031000FFF706BF002E7FF46AAFF4E7032E0CD080
:10032000042E7FF464AF062140F20362072384F8B1
:100330002010A4F84D20A37259E70523A37256E7B5
:10034000214602B0BDE87040FFF796BE0622214666
:100350002846FFF741FE284604F022F90023A37245
:100360000121284600F0CCFF2846FFF783FC2846F1
:1003700002F0ACFA95F88E3043F0100385F88E3019
:1003800035E70B2221462846FFF726FE40F60D33BF
:10039000638195F88E3023F0080385F88E3026E7C8
:1003A0000D2221462846FFF717FE284604F0F8F8EC
:1003B00094F82030062B35D0242B3FF418AF284A70
:1003C0002849294840F277330EF0E3F986F3118883
:1003D000BFF36F8F0323184602DF08E7204A214945
:1003E000214840F21E330EF0D4F9002383F3118824
:1003F000BFF36F8F0323184602DF1DE706F11C00D1
:1004000002F090FD18E7164A1849174840F20F33DA
:100410000EF0BFF986F31188BFF36F8F03231846E0
:1004200002DFFBE60121A172284600F069FF2846A1
:10043000FFF720FC284602B0BDE8704002F046BA43
:10044000074A0849084840F2D3430EF0A2F90023B6
:1004500083F31188BFF36F8F0323184602DFC6E6CC
:10046000D85E0200A8580200CC5702001C5F0200B0
:1004700092F81FC0ACF1030C02F11C03BCF1080F91
:1004800006D8DFE80CF01205050F0505050C09007C
:100490003D2380F8503170470822FFF793BE0722B2
:1004A000FFF790BE0222FFF78DBE0122FFF78ABE42
:1004B00000230322FFF786BE00230422FFF782BE3B
:1004C000887AA0F10400B0FA80F04009704700BFBC
:1004D00013460022FFF776BE91F82C30042B0FD97B
:1004E00091F82DC0112281F82820012243EA0C0343
:1004F00013F0070314D1012281F828301046704709
:10050000032B09D091F82DC0BCF1040FEAD8BCF13F
:10051000030F01D00022E9E7112381F828300122DE
:1005200000B585B04B8D029201930391FFF7AAFBB2
:10053000019B029AC01A10F4004F04D1039928239A
:1005400081F828300122104605B000BD70B50E4676
:1005500084B00DF10E0203A9B0F86C40B0F86E50F3
:100560000190FFF7AFFB96F82D2001981ABB96F883
:100570002C30002B5ED1B0F86C30A3420ED3BDF806
:100580000E209A420AD3B0F86E30AB4206D3BDF8C3
:100590000C209A4202D3002004B070BD90F8D130F4
:1005A000A0F86C4043F00103A0F86E5080F8D13001
:1005B000012004B070BD90F937C0BCF1000F02DB20
:1005C00096F82C30F3B190F8761090F8684001F06E
:1005D000030323440D33DB00C1F34001CB409BB246
:1005E000BDF80E40B3F5A47F38BF4FF4A4739C420E
:1005F00028BF1C461AB3BCF1000F03DA96F82C3062
:10060000002BB8D090F8772090F86A10BDF80C5005
:1006100002F003030B440D33DB00C2F34002D3406E
:100620009BB2B3F5A47F38BF4FF4A4739D4228BF9B
:100630001D46A0E790F937C09445C4DAE2E796F882
:100640002C30002B97D0944595DADBE770B58C6998
:1006500000230D4606468B61002C35D095F82130DD
:10066000DB071ED523792D2B1ED11D232371B38CBF
:10067000E38095F82830237796F87730C3F30203A8
:10068000A37796F87630C3F3020363772068214698
:10069000FBF728FE95F8213023F0010385F821307F
:1006A00070BD01232371F1E70F4A1049104840F251
:1006B000B9130EF06EF8002383F31188BFF36F8F28
:1006C0000323184602DFD0E7074A0A4908484FF4D7
:1006D000DB730EF05EF884F31188BFF36F8F032392
:1006E000184602DFBAE700BF205F0200645F020025
:1006F000CC5702001C5F020070B591F821304C6AA3
:100700009B070D4603D4CCB1012323710AE00646B2
:10071000ACB103232371B38CE380304604F11C0198
:1007200002F06EFD20682146FBF7DCFD95F82130D4
:10073000002223F002036A6285F8213070BD074A67
:100740000749084840F2DF130EF023F884F31188BC
:10075000BFF36F8F0323184602DFDAE7205F020042
:100760001C5F0200CC57020070B5CE690C460546EE
:10077000002E5BD0637B162B2ED195F93730002BE2
:100780002ADBE66966610023E36194F8203095F87E
:100790009421C3F3C20363F3C50285F8942194F84E
:1007A000202095F8943162F3020385F8943194F88F
:1007B000203095F87620C3F3801363F3C30285F8E5
:1007C0007620311D204602F0E3FB0221284600F08E
:1007D0007FFD0223A37220E000F06CFD10B9072317
:1007E000A37270BD00F06EFD0646606268B3637B65
:1007F000E66966610022162BE261C6D01A4A1B49DF
:100800001B484FF4D2730DF0C4FF002383F311880B
:10081000BFF36F8F0323184602DF2846314600F0EE
:1008200053FD2846BDE8704002F054B80E4A114905
:100830000F484FF4BF730DF0ACFF86F31188BFF380
:100840006F8F0323184602DF94E7074A0A490848D6
:1008500040F289130DF09DFF86F31188BFF36F8F6F
:100860000323184602DFC2E7205F0200A8580200F7
:10087000CC5702008C5F0200A05F020038B505462D
:100880000C4602F017F810B10123A37238BD2846B8
:1008900003F090FC0028F7D12146284600F0F6FC32
:1008A0000028F1D0284603F083FC0728ECD0284626
:1008B000012103F077FC28460D2103F077FC162375
:1008C00021466373284600F0E9FCE0612146284692
:1008D000BDE83840FFF748BF70B5CD690C46064605
:1008E00055B300F0E7FC10B90723A37270BD00F008
:1008F000E9FC05466062002835D0637BE5696561E7
:100900000022172BE26126D01E4A1F491F4840F2E1
:10091000C9330DF03EFF002383F31188BFF36F8FBF
:100920000323184602DF3046294600F0CDFC30464E
:10093000BDE8704003F050BC124A154913484FF40B
:1009400069730DF026FF85F31188BFF36F8F0323C2
:10095000184602DFC5E7291D304602F03DFB41F68F
:1009600003036381DFE7074A0A49084840F2AE33D0
:100970000DF00FFF85F31188BFF36F8F0323184627
:1009800002DFBAE7205F0200A8580200CC5702003D
:100990008C5F0200A05F020038B505460C4603F0EC
:1009A00013FC10B10223A37238BD2146284600F083
:1009B0006DFC0028F6D0284603F0FAFB0728F1D09A
:1009C00028460D2103F0F2FB1723214663732846C6
:1009D00000F064FCE06121462846BDE83840FFF79E
:1009E0007BBF00BFF0B50C46897A85B00746154637
:1009F0001E4609290BD8DFE801F005051B0A0A0A83
:100A000031747CA5002A00F0B18005B0F0BDAA4A7F
:100A1000AA49AB4840F265330DF0BBFE002383F3D7
:100A20001188BFF36F8F0323184602DF05B0F0BDB6
:100A3000032AEAD190F83730DB0940F0CD809E4A96
:100A40009E499F4840F28A230DF0A3FE002383F3C2
:100A50001188BFF36F8F284602DFD6E7052A00F022
:100A6000AE80062A00F08880022ACED190F9373075
:100A7000002B0EDB904A9349914840F2CB230DF0B6
:100A800088FE002383F31188BFF36F8F032318467A
:100A900002DF0221384603F085FB3146204602F092
:100AA000B1FA21463846FFF717FD0646204600F00A
:100AB00033FC002E40F0A78094F82D302BB197F82E
:100AC000762063F3061287F87620384601F00CFF93
:100AD0000823A3720221384605B0BDE8F04000F0BB
:100AE0000FBC002A91D1214605B0BDE8F040FFF7C8
:100AF0003BBE002A89D1638D0193FFF7C3F8019BA8
:100B0000C01A030481D497F93730002BC0F29680C5
:100B10000021384603F046FB94F82030002284F888
:100B20002820DB0994F8212063F3000284F82120B7
:100B300097F876201346092162F3061387F876307A
:100B4000A17262E7042A7FF460AF2146FFF77EFDC1
:100B500021463846FFF7D0FD384601F0A1FF0021BD
:100B6000384603F023FB0023A3724EE7214605B06D
:100B7000BDE8F040FFF782BE002103F013FBD7F879
:100B800030311A2223F48073C7F8303184F82820DA
:100B9000204600F0C1FB94F8213043F0010384F8B3
:100BA000213097F8762013464FF0090C62F30613B4
:100BB00087F876300221384684F80AC08CE731463F
:100BC000204602F0DDF994F84E3084F828300021F8
:100BD000384603F0E7FADBE73B4B90F8762093E8E2
:100BE000030094F820301343CDE9020103F007031A
:100BF0006B4402211B7A63F3061241F6060387F861
:100C00007620638167E70021384603F0CBFA94F839
:100C100028300BB187F8503194F8203094F8212017
:100C2000DB0963F3000284F8212097F876100A4666
:100C300061F30612092387F876204AE794F82D100D
:100C400097F8772094F82C3011F0030102F0070C8C
:100C500003F0030322D097F87600864661F3020E74
:100C600087F876E000F0070013B363F302028842CE
:100C700087F8772019D021463846FFF767FC94F8AB
:100C8000213060F3410384F821300021384603F01D
:100C900089FA0022012384F8282043E7002B3FF43F
:100CA00037AF63F3020287F877209C45E3D12FE743
:100CB0008842E0D12CE700BF205F0200A858020064
:100CC000CC570200BC5F02002C52020070B50646F1
:100CD000887A84B00C4609280BD8DFE800F01B2086
:100CE0005D660A0A96B7C105042A00F0E38004B0E5
:100CF00070BD974A9749984840F20A530DF049FD54
:100D0000002383F31188BFF36F8F0323184602DF9C
:100D100004B070BD002AEAD10123A372E7E71946A7
:100D20002046009202F04AF994F8201096F8943187
:100D3000009AC1F3C20CC3F3C20000EA0C00C1F375
:100D4000020C03EA0C0343EAC00321F03F010B430A
:100D500084F8203096F93730002B0BDB94F82030E4
:100D600013F0380F40F0A28094F8203023F03F03B6
:100D700084F8203002213046009200F0A9FA009A4F
:100D8000012AB4D196F83730DB0907D1704A71498E
:100D9000714840F23443B1E7002AA8D121463046D9
:100DA00004B0BDE87040FFF7F7BD022A9FD196F965
:100DB0003730002B0EDB664A6849674840F25443DF
:100DC0000DF0E7FC002383F31188BFF36F8F03233B
:100DD000184602DF624B96F8762093E8030094F8F9
:100DE00020301343CDE9020103F007036B440221D5
:100DF0001B7A304663F30612062386F87620A37228
:100E000004B0BDE8704000F07BBA032A7FF46FAFF6
:100E10001946204602F0F6F821463046FFF75CFB03
:100E20000546204600F078FA002D55D094F8283079
:100E300096F87620282B08BF86F8503113460921F2
:100E400062F3061386F87630A17250E7002A7FF429
:100E50004EAF2146304604B0BDE87040FFF73CBDC0
:100E6000002A7FF444AF638D009330460192FEF771
:100E700009FF009BC01A03043FF539AF019A84F8BB
:100E8000282096F93730002B2CDB002294F82130F3
:100E900062F3000384F8213096F876201346092186
:100EA00062F3061386F87630A17220E759077FF4C3
:100EB00061AF59E721463046FFF7C8FB214630466F
:100EC000FFF71AFC304603F06BFB0021304603F0BD
:100ED0006DF90023A3720AE7304603F083F9082373
:100EE000A37204E794F82D1096F8772094F82C302C
:100EF00011F0030102F0070C03F003031BD096F876
:100F00007600864661F3020E86F876E000F0070070
:100F1000D3B163F30202884286F8772011D02146CC
:100F20003046FFF713FB94F8213060F341030122B0
:100F300084F82130AAE7002BA7D063F3020286F8D9
:100F400077206345EBD1A0E78842E8D19DE700BF59
:100F5000205F0200A8580200CC570200BC5F0200CC
:100F60002C52020092F81FC0BCF1110F02F11C03B9
:100F700015D0BCF1180F0FD0BCF1070F12D010B56F
:100F800082B00191242180F8501101F089FD019B6C
:100F900000229A7202B010BD0222FFF723BD052283
:100FA000FFF720BD0622FFF71DBD00BF134600223C
:100FB000FFF718BD13460322FFF714BD00230422D8
:100FC000FFF710BD92F81FC0BCF1160F02F11C0311
:100FD00012D0BCF1180F0CD010B582B001912421B1
:100FE00080F8501103F0DCFA019B00229A7202B0E3
:100FF00010BD0322FFF76ABE0122FFF767BE00BFE4
:1010000013460022FFF762BE13460222FFF75EBEC0
:1010100000230422FFF75ABE0023C0E90133C0E9D0
:1010200003330370704700BF0378013303707047C8
:10103000037823B1013BDBB2037003B17047C3688F
:10104000002BFBD002691AB1816829B10B60826064
:101050000023C0E9033370474360F8E703783BB1EE
:1010600000230C300B60436843B119604160704746
:10107000002304300B604368002BF6D1C0E9001157
:10108000704700BF00230B60836813B11960816053
:101090007047C0E9011170474068704743682BB141
:1010A00081681A6842608B4208BF826018467047A8
:1010B0004078A0F10C00B0FA80F04009704700BF02
:1010C0004078A0F10800B0FA80F04009704700BFF6
:1010D0004078A0F10200B0FA80F04009704700BFEC
:1010E0004078A0F11700B0FA80F04009704700BFC7
:1010F0004078A0F10100B0FA80F04009704700BFCD
:101100004078A0F10900B0FA80F04009704700BFB4
:101110004078A0F10600B0FA80F04009704700BFA7
:101120004078A0F11800B0FA80F04009704700BF85
:101130004078A0F10300B0FA80F04009704700BF8A
:101140004078A0F10500B0FA80F04009704700BF78
:1011500010B582B0044608460191F8F7C5FC034675
:10116000A0B1002001995960C3E905009873187374
:1011700098721C722C22014603F1200001930EF09C
:1011800073FC019BFF22DA725A735A72184602B03E
:1011900010BD00BF4078A0F10200B0FA80F0400915
:1011A000704700BF4078A0F10200B0FA80F040091B
:1011B000704700BF4078A0F10200B0FA80F040090B
:1011C000704700BF4078A0F10100B0FA80F04009FC
:1011D000704700BF4078A0F10100B0FA80F04009EC
:1011E000704700BF4078A0F10100B0FA80F04009DC
:1011F000704700BF4078A0F10900B0FA80F04009C4
:10120000704700BF4078A0F10900B0FA80F04009B3
:10121000704700BF4078A0F11800B0FA80F0400994
:10122000704700BF4078A0F10300B0FA80F0400999
:10123000704700BF4078A0F10300B0FA80F0400989
:10124000704700BF38B5446805462CB12146284692
:10125000BDE83840F8F766BC094A0A490A487023D5
:101260000DF097FA84F31188BFF36F8F03231846AC
:1012700002DF6C6828462146BDE83840F8F752BCCA
:10128000D45F020014600200CC570200024B1868C1
:10129000003818BF012070470004002010B5044832
:1012A000F8F722FC04460430FEF7DAFC204610BDB5
:1012B0000004002008B50120FBF728F8003818BF0B
:1012C000012008BDFBF73CB8D430FFF7DBBE00BF00
:1012D00090F8462103461AB1114380F84611704731
:1012E00000B583B0D43001910093FFF79DFE009BC1
:1012F000019993F84621114383F8461103B000BDCC
:1013000090F8463123EA010180F8461101B1704797
:10131000D430FFF78DBE00BF38B58469054644B1AF
:1013200023792D2B04D02D232371AB692A691A60F0
:1013300038BD084A084909484FF496730DF029FA58
:1013400084F31188BFF36F8F0323184602DFAC6963
:10135000E6E700BFD45F020020600200CC57020025
:1013600038B5846905465CB123792D2B00D038BD92
:1013700001232371A969BDE838400868FAF7B2BFB4
:10138000074A084908484FF49D730DF002FA84F3A8
:101390001188BFF36F8F0323184602DFAC69E3E7C0
:1013A000D45F020020600200CC5702008B6913B1A9
:1013B0001A792D2A0BD00B7A072B15D0CB692BB1BC
:1013C000D0F84C211A60CB69C0F84C3170471B68CB
:1013D000D0F848215A608B6901221A718B69C0F8D4
:1013E00048310B7A072BE9D14B6A002BE6D01B68FA
:1013F000D0F848215A604B6A01221A714B6AC0F832
:101400004831DBE710B5044682B00D48F8F76CFBB5
:10141000034690B100210A4A4260C0E905110472F6
:101420008173017381722C22203001930EF01CFB1A
:10143000019BFF22DA725A735A72184602B010BD2D
:10144000F003002010B50A4B062258685021F8F727
:101450001FFB084B012258685021F8F719FB064B77
:10146000BDE81040586804222C21F8F711BB00BFDA
:10147000F8030020F00300200004002038B50446E3
:10148000002501F0C3FA2046C4E93A5584F8F45027
:1014900003F07AF807222946C4E93E5584F806513C
:1014A000A4F80451A4F8085104F58C700EF0DCFA8D
:1014B0000222294604F59C700EF0D6FA182229461D
:1014C00004F590700EF0D0FAFAF734F894F88E30F4
:1014D00084F84651C4E94C01C4E9525523F018037D
:1014E00084F88E30258638BD08460149F8F71ABBC6
:1014F0000004002038B5B0F8F2308446144623B119
:1015000099420ED25B1AA0F8F230BCF8023123B136
:1015100099420DD25B1AACF80231002318462370B1
:1015200038BD01F01FF9054658B12B7A0A2B03D0BC
:1015300022236FF07300F2E795F820306FF073000C
:10154000EDE7074A0749084840F202230DF021F968
:1015500085F31188BFF36F8F0323184602DFE4E79A
:10156000D45F020034600200CC570200034BCB185A
:10157000B3FBF1F3A0F80831704700BFFF596202D6
:1015800000B583B0019003F007F8019803B05DF84F
:1015900004EB01F043BA00BF00B583B061B101298B
:1015A00001D003B000BD019003F002F8019803B030
:1015B0005DF804EB01F0C6BA019002F0F5FF019866
:1015C00003B05DF804EB01F099BA00BF38B5D0F86C
:1015D0004841054634B1206821464468FAF776FE52
:1015E000002CF8D1D5F84C410023C5F8483134B16E
:1015F000204624680349F8F795FA002CF8D1C5F87D
:101600004C4138BD0004002090F93730002B14DA2B
:1016100070B50C4606460A4903201546FFF798FDAB
:1016200048B180F8204080F821500146304601F052
:1016300063F8002070BD0C2070BD0C20704700BF07
:10164000F803002010B5074904460120FFF780FD8C
:1016500028B10146204601F04FF8002010BD0C20B3
:1016600010BD00BFF803002038B505460C46022027
:101670000849FFF76DFD58B190F8203064F300037E
:10168000014680F82030284601F036F8002038BDA9
:101690000C2038BDF803002010B50749044604208B
:1016A000FFF756FD28B10146204601F025F800203D
:1016B00010BD0C2010BD00BFF803002070B582B033
:1016C00006460D46072011499DF81840CDE9003225
:1016D000FFF73EFDB0B1009B019ADB0005F007016A
:1016E00003F03803920102F040020B43134343EA34
:1016F000C41380F820300146304600F0FDFF002082
:1017000002B070BD0C2002B070BD00BFF803002015
:1017100038B504460D4601F06DFA204602F0A4FFEC
:1017200007490A20FFF714FD38B180F82050014620
:10173000204600F0E1FF002038BD0C2038BD00BF7E
:10174000F803002008B590F93730002B08DB01F0D2
:1017500009F820B1037A0B2B0CBF2230002008BD02
:1017600002F02EFDF5E700BFD0F830319B0601D422
:101770000020704770B50D4682B004460A490C201F
:101780001646FFF7E5FC60B1324629460190204637
:10179000FEF798FB2046019900F0AEFF002002B052
:1017A00070BD0C20FBE700BFF803002030B583B00C
:1017B00004460D4602F004FD18B1027A053A012AEA
:1017C00002D90C2003B030BD014601902046FEF73F
:1017D00077FE019B0028F4D01022294603F12B004C
:1017E0000EF037F920460199FEF762FE002003B0A3
:1017F00030BD00BF10B582B0044602F0E1FC20B15C
:10180000037A053B012B014602D90C2002B010BD22
:1018100001902046FEF754FE01990028F5D020469D
:10182000FEF74AFE002002B010BD00BFF0B50F4623
:10183000D0F8301183B08907BDF82060054639D44F
:1018400090F93710002959DB34490820CDE90023ED
:10185000FFF77EFCDDE900230446002C5BD0217AF3
:10186000082931D0092939D16385099BE78422856C
:10187000A685002B45D01B882387099B5B8863873F
:10188000099B9B88A387099BDB88E387099B1B89AE
:10189000A4F84030099B5B89A4F8423095F93730B1
:1018A000002B14DA2846FDF711FC0146284602F009
:1018B000ADFF0CE019490920CDE90023FFF748FCF2
:1018C000DDE900230446C8E722856385A68528460E
:1018D000214600F011FF002003B0F0BD104A11496D
:1018E000114840F205430CF054FF002383F31188A4
:1018F000BFF36F8F0323184602DFE8E71A2003B017
:10190000F0BD0A4A4FF0FF33C4E90E23A4F840307B
:101910004FF6FF73C0E70C20DEE700BFF80300209E
:10192000D45F0200A8580200CC5702000000FFFF5D
:1019300008B502F045FC28B1007AA0F10C00B0FA1D
:1019400080F0400908BD00BF10B5044602F038FC25
:1019500010B1037A092B00D010BD01462046BDE826
:10196000104002F037BA00BF38B504460D4602F009
:1019700027FC10B1037A092B00D038BD80F8205025
:1019800001462046BDE8384002F028BA08B502F00A
:1019900017FC28B1007AA0F10900B0FA80F04009E4
:1019A00008BD00BF38B505460C4600F0DBFE10B19F
:1019B0004369A3420ED0284602F002FC10B14369ED
:1019C000A34200D038BD224601462846BDE8384033
:1019D00002F09EBD01462246284600F0D5FFEAE708
:1019E00010B5044600F0BEFE18B10146204600F0D6
:1019F000F5FF204602F0E4FB28B101462046BDE891
:101A0000104002F0A9BD10BD30B5537F83B004462D
:101A10000D46002B43D0D37F1E2B2BD9204601929D
:101A200000F0A0FE0090204602F0CAFBDDE90012A3
:101A3000002975D091F80BC0D37F00284DD06345A5
:101A400090F80BE05BD091F80CC0BCF1000F56D1C0
:101A5000072B70D0112B7FD00D2B40F09380BEF15F
:101A60000D0F02D0037B002B41D01F2384F850318F
:101A700003B030BD4E4951F8231031B102F11C00C2
:101A800000928847009A60B1D37F022BC6D1012310
:101A90002946204603B0BDE8304002F08DBDFF234B
:101AA000D3772046009200F05DFE009A30B1D17FDE
:101AB000C37A9942DCD0037B002BD9D12046009217
:101AC00002F07EFB009A30B1D17FC37A9942CFD029
:101AD000037B002BCCD10023DAE7634507D0087BDA
:101AE00028B9072B42D0112B40D00D2BCFD1134654
:101AF00020462A4603B0BDE8304000F0F9BE7345E9
:101B0000B3D090F80CC0BCF1000FAED1072B33D08E
:101B1000112BECD1437B92F820009842E7D1A4E747
:101B20000028B4D0134601462A46204603B0BDE83B
:101B3000304002F06FBC92F8203091F80DC09C4507
:101B400026D0BEF1070FEDD0017B0029EAD1417B01
:101B50009942E7D0242389E792F8203091F80DC00C
:101B60009C4521D0BEF1110FEED1DBE7487B92F806
:101B7000203098428BD1BAE7407B92F820309842CF
:101B8000B5D172E77345CDD0037B002BCAD1E1E715
:101B9000BEF1070F3FF469AF037B002B7FF465AF05
:101BA000437B6345A3D160E7BEF1110FF4D15CE73D
:101BB000C869020070B506460D46FFF76FFB044684
:101BC000002862D02B7A013B211D0B2B07D8DFE8C0
:101BD00003F022282E3506060606063B0642324A48
:101BE00032493348DD230CF0D4FD002383F3118800
:101BF000BFF36F8F0323184602DFE3796B7321462F
:101C00003046FFF761FB2B7A0A2B2AD03046BDE81D
:101C1000704000F05FBE084601F008F81323EB7235
:101C2000EBE7304601F036F80923EB72E5E728468A
:101C300001F0E4F8FF236C61EB72DEE7084601F087
:101C4000FFF80C23EB72D8E7284601F0E9F8FF23F0
:101C50006C61EB72D1E7304601F0A2FA1523EB720A
:101C6000CBE7F38CB6F88C1140F2E24202FB03F3AF
:101C700042F2107202FB013101393046B1FBF3F13F
:101C8000BDE8704089B200F02BBE074A09490848F8
:101C9000A2230CF07EFD84F31188BFF36F8F032322
:101CA000184602DF8EE700BF38600200A858020025
:101CB000CC570200B85902002DE9F04106460D4606
:101CC000174602F081FA28B10323AB7200242046A4
:101CD000BDE8F08129463046FFF7D8FA04460028CF
:101CE000F2D029463046FFF7D9FA8046002831D095
:101CF0002B7A013B08F104010B2B07D8DFE803F036
:101D00003947064D060606060606063F264A2749B7
:101D1000274840F25E430CF03CFD002383F311881A
:101D2000BFF36F8F0323184602DF98F807306B73F9
:101D300041463046FFF7C8FA304602F04DFA042318
:101D4000AB72002FC3D0304602F02AFC0023AB72E6
:101D50003C46BCE7144A174915484FF483630CF01E
:101D600018FD88F31188BFF36F8F0323184602DF35
:101D7000BEE7084600F064FFFF23EB72D5E730466C
:101D800001F026FAFF23C5F81480EB72CDE7304648
:101D900000F0A4FFFF23EB72C7E7084601F050F8FC
:101DA000FF23EB72C1E700BF38600200A8580200B1
:101DB000CC570200B859020010B50B7A013B82B033
:101DC0000B2B0DD8DFE803F006060C300C0C0C0CC6
:101DD0000C1D0C2A012202B0BDE81040FFF76CBFB9
:101DE0001B4A1C491C4840F20E530CF0D2FC002345
:101DF00083F31188BFF36F8F0323184602DF02B00D
:101E000010BD0191044602F0CBFB019991F82030FE
:101E100000228A7284F8503102B010BD002202B054
:101E2000BDE81040FFF748BF90F81831044643B9A9
:101E30000122FFF741FF0028E1D0012384F8183187
:101E4000DDE7019102F0ACFB019900238B72D6E72C
:101E500038600200A8580200CC570200F8B50646C8
:101E6000887A0C461146042800F2DD80DFE800F095
:101E7000060B1E2E0300012930D0F8BD0029FCD12D
:101E80000123A372F8BD0229F7D1DA786272023A0F
:101E9000122A67D8DFE802F08C6666666666876697
:101EA00066669566666666661C6676000D4600295F
:101EB000E3D1237A0A2B46D1304602F071FB94F825
:101EC00020300022A27286F85031F8BD0029D4D10A
:101ED00021463046BDE8F840FFF76EBF237A0C2B51
:101EE000CBD13046FDF7ACFF94F8203004210343FA
:101EF0003046DFB2FFF704FAA26900231546A3615A
:101F0000002A00F081802B792D2B0ED04E4A4F49AC
:101F10004F4840F281430CF03CFC002383F31188CE
:101F2000BFF36F8F0323184602DF002F4ED101232A
:101F30002B7128682946FAF7D5F9304602F030FBB4
:101F40000023A372F8BD404A4249414840F224535D
:101F50000CF01FFC85F31188BFF36F8F0323184625
:101F600002DFA9E7384A3C49394840F20D430CF0FA
:101F700010FC002383F31188BFF36F8F03231846EF
:101F800002DFA5E71946304601F052F90421304638
:101F9000FFF79EF93046FDF71BFF84F8200020462E
:101FA000FFF7BAF994E71946304600F0D5FE8FE7FF
:101FB0001946204600F040FF08213046FFF788F917
:101FC00086E71946304600F063FF81E74FF00303D0
:101FD0002B71B38CEB80237A0C2B05F11C070ED0F0
:101FE000194A1E491A4840F28A430CF0D2FB0023DA
:101FF00083F31188BFF36F8F0323184602DF39463E
:10200000304601F0FDF894E70F4A1549104840F2B8
:102010007E430CF0BEFB85F31188BFF36F8F032363
:10202000184602DF6FE7084A0B49094840F28A5315
:102030000CF0AFFB002383F31188BFF36F8F0323F2
:10204000184602DFF8BD00BF38600200645F02007E
:10205000CC57020080600200A85802009C60020079
:102060001C5F0200F0B58C69002783B00B46064662
:102070008F61002C43D0012703252571B28CE280AB
:102080001A7A042A04F11C011AD00C2A0CD0022A54
:102090001ED15A7A072A2ED0092A47D1304600F09D
:1020A0003FFE37B103B0F0BD304601F0A9F8002F74
:1020B000F8D12068214603B0BDE8F040FAF712B924
:1020C0005B7A0C2B13D01C4A1C4940F20F1303E01F
:1020D000194A1A4940F2AB1319480CF05AFB002375
:1020E00083F31188BFF36F8F284602DFD9E73046AC
:1020F00000F0B8FED5E7184600F0BEFDD1E701912B
:10210000FFF7E0F8019B04460028B5D10A4A0D49C3
:102110000B484FF4C6730CF03CFB84F31188BFF3FB
:102120006F8F0323184602DF2471FFDE024A034942
:102130004FF48173D0E700BF38600200A858020056
:10214000CC5702001C5F020000B50B7A013B83B044
:1021500002460B2B19D8DFE803F029060F62181886
:102160001818183318414B7A072B01D0092B22D1AC
:1021700091F82030DB0763D40091104600F090FC0A
:10218000009900238B7203B000BD444A444945487E
:102190004FF413730CF0FDFA002383F31188BFF39F
:1021A0006F8F0323184602DF03B000BD4B7A072B65
:1021B000E2D0132BE0D02423009182F85031DCE7E9
:1021C00010460191009200F06BFC0199009A0020EA
:1021D0001623887282F8503103B000BD4B7A152B5C
:1021E00036D0072BE7D1D2F83031019123F020030C
:1021F0001046C2F83031009200F052FCDDE90021B7
:1022000000238B7210460092FFF792FB0028BAD190
:102210000098042103B05DF804EBFFF771B84B7A26
:102220000C2BC8D18B691BB3104601910092FFF7AC
:1022300019FF009800F034FC019900238B72A2E78B
:10224000104601910092FFF70DFFDDE9002193E7B1
:10225000104601910092FDF73DFDDDE90021B8B97E
:1022600010460191009200F01BFCDDE90021C7E758
:10227000CDE90021FFF71EF8DDE900210028D3D1C8
:102280001046009100F026FB009904238B727AE738
:102290001046FFF7E7FEDDE90021E1E738600200C4
:1022A000A8580200CC57020030B50D7A6B1E83B0DF
:1022B0000C4602460B2B07D8DFE803F01721364BFC
:1022C00006060606066B067B5B4A5C495C4840F2E4
:1022D000CF230CF05EFA002383F31188BFF36F8FD6
:1022E0000323184602DF03B030BD019000F0E2FA8C
:1022F000002800F08F800123A37203B030BD01904D
:1023000000F0D8FA0028F6D101982146FEF7BEFF6A
:102310000028F0D001982146FFF74CFC6369002BA0
:1023200008BF0325A572DEE7019000F0C3FA00287C
:10233000E1D101982146FEF7A9FF0028DBD00198E2
:102340002146FFF737FC6369002B18BF0225A572F1
:10235000C9E790F81831002B3BD1019000F0AAFAA0
:102360000028C8D101982146FEF790FF019A002865
:10237000C1D021461046FFF71DFC6169019A002972
:102380004FF001030CBF03210221A17282F8183122
:10239000A9E721460190FEF779FF0028ABD001980C
:1023A0002146FFF707FC1622022384F82020A3729F
:1023B00099E7D0F830319B0604D50190FFF7B8FAC1
:1023C000019A80B1104600F06BFB0023A37203B0AA
:1023D00030BD0C21002361722146A36103B0BDE82A
:1023E0003040FFF7B1BE104600F064FA002882D1F9
:1023F00001982146FEF74AFF00283FF47CAF019880
:102400000421FEF765FF01982146FFF7D3FB032364
:10241000A37268E701982146FEF738FF00283FF4D1
:102420006AAF01982146FFF7C5FB6369002B0CBF1B
:1024300003230223A37256E738600200A858020063
:10244000CC57020070B50546887A0C46164604281B
:1024500000F2A680DFE800F003031B280600002E30
:102460005CD070BD002EFCD10B7A042B00F08A806A
:10247000534A544954484FF45F730CF08AF986F379
:102480001188BFF36F8F0323184602DF70BD052E3E
:10249000E7D10B7A032B01D00A2BE2D12146284643
:1024A000BDE87040FFF750BE012EDAD1DA784A72EB
:1024B000023A172A37D801A151F822F079250100F4
:1024C00027250100272501002725010027250100D8
:1024D0006F25010027250100652501002725010042
:1024E000272501005B2501009D240100272501000F
:1024F000272501002725010051250100272501007E
:102500009D24010027250100472501002725010002
:1025100027250100272501009D2401002846BDE84C
:102520007040FFF7C1BE264A2649274840F24F3384
:102530000CF02FF9002383F31188BFF36F8F03236F
:10254000184602DFAAE71946284600F09BFEA5E7D9
:102550001946204600F014FDA0E71946284600F071
:1025600097FC9BE71946284600F022FC96E719469F
:10257000204600F07DFB91E7114A1249124840F2D3
:102580003633D5E7FEF796FE00283FF46AAF2146C2
:102590002846FFF767FD284600F082FAA67270BD54
:1025A000074A0849084840F29A330CF0F2F8002331
:1025B00083F31188BFF36F8F0323184602DF70BDCA
:1025C00038600200A8580200CC570200131D0522F3
:1025D000FFF738BF02F11C030122FFF733BF00BF32
:1025E00013460022FFF72EBF02F11C030222FFF761
:1025F00035BC00BF131D0122FFF730BC134600227B
:10260000FFF72CBC30B583B0044606F0E7F960B1A3
:10261000D4F8E83033B1D4F8EC101A68C4F8E820E4
:10262000994225D0184603B030BD01900121032006
:1026300006F072F9019A054601210320F7F702FB23
:10264000D4F8E83043B1D4F8EC101A68C4F8E820A4
:102650008B4208BFC4F8EC20002DE3D001221146C4
:1026600003200193F7F7EEFA019B184603B030BD43
:102670001846C4F8EC2003B030BD00BF70B5054665
:1026800006F0ACF940B1D5F8E840DCB100220123F6
:10269000A5F8F220A37370BD04460121032006F0C3
:1026A0003BF92246064601210320F7F7CBFAD5F87D
:1026B000E840002EE9D0012211460320F7F7C2FAC4
:1026C000002CE3D1094A0A490A484FF4F5730CF08B
:1026D00060F884F31188BFF36F8F0323184602DF7D
:1026E00000220123A5F8F220A37370BDC46002008C
:1026F0000C610200CC57020070B582B005460C4652
:1027000006F06CF948B100232360D5F8EC300BB328
:102710001C60C5F8EC4002B070BD0190012103209F
:1027200006F0FAF8019A064601210320F7F78AFA23
:10273000019A2260D5F8EC3083B11C60C5F8EC40FA
:10274000002EE8D001221146032002B0BDE87040FF
:10275000F7F778BAC5E93A4402B070BDC5E93A4422
:10276000EEE700BF30B583B00446054606F036F903
:1027700020B1D4F8E830184603B030BD01900121F3
:10278000032006F0C9F8019A044601210320F7F757
:1027900059FAD5F8E830002CEDD00122114603207B
:1027A0000193F7F74FFA019B184603B030BD00BF05
:1027B00038B50C460546FFF7D5FFA0420DD0184AA4
:1027C0001849194852230BF0E4FF002383F31188C2
:1027D000BFF36F8F0323184602DFA36913B11B7980
:1027E0002D2B07D02846FFF70DFF2046BDE83840C7
:1027F000FEF728BD0A4A0D490B4857230BF0C9FFC5
:10280000002383F31188BFF36F8F0323184602DF81
:102810002846FFF7F7FE2046BDE83840FEF712BD18
:10282000C460020020610200CC5702003461020043
:1028300038B50546FFF796FF037A013B04460B2B9C
:102840001BD8DFE803F0060606061A1A2A14140637
:102850001A06014600222846FFF7C2FEA37B03B9F1
:1028600038BD21462846BDE83840FFF7A1BF0146E4
:102870000022284601F07CFAF0E70B4A0B490C488D
:102880004FF4EF730BF085FF002383F31188BFF340
:102890006F8F0323184602DFE0E701460022284637
:1028A000FEF784FBDAE700BFC4600200A85802000C
:1028B000CC57020090F8F400A0F10100B0FA80F0CB
:1028C00040097047012380F8F4307047002380F8F6
:1028D000F4307047B0F80831A0F8F230704700BF0C
:1028E000A0F8F210704700BF0023A0F8F230704744
:1028F00038B50C468969054601B3217A01390B299F
:1029000025D8DFE801F0060606062424341E1E063C
:1029100024061A4621462846FFF75CFEA36923B128
:102920001B792D2B1CBF0023A361A37B03B938BDEA
:1029300021462846BDE83840FFF73ABFA36122612F
:10294000DBE71A462146284601F0CAF9E6E70B4ABA
:102950000B490C4840F249130BF01BFF002383F393
:102960001188BFF36F8F0323184602DFD6E71A469C
:1029700021462846FEF7F6FAD0E700BFC460020001
:10298000A8580200CC57020000B50B7A033B83B075
:10299000092B0CD8DFE803F0050B0B0B110B0B0513
:1029A0000B05CDE90001FFF711FEDDE900018B7B8E
:1029B00000224A6163B903B000BDCDE90001FEF712
:1029C000F9FADDE900018B7B00224A61002BF2D08D
:1029D00003B05DF804EBFFF7EBBE00BF10B50A7A59
:1029E000072A82B00B4604460AD09A7B0AB902B085
:1029F00010BD1946204602B0BDE81040FFF7D8BE12
:102A00000191FEF7DBFA019BEFE700BF02220023F2
:102A100080F8F020A0F8F230704700BF00B590F8C1
:102A2000F02083B0032A24D8DFE802F00218161839
:102A30000090FFF797FE024670B1009B127A019357
:102A400018460092FFF7F4FE009A019B0A2A14BF71
:102A50000122032283F8F02003B000BD0090FFF7AD
:102A600081FE0028F8D0009803B05DF804EBFFF772
:102A7000DFBE084A084909484FF41B730BF089FE72
:102A8000002383F31188BFF36F8F0323184602DFFF
:102A9000E2E700BFC4600200A8580200CC57020061
:102AA00000B590F8F03083B0032B11D8DFE803F0C5
:102AB0000B0209020190FFF7E1FD0198002380F865
:102AC000F03003B000BD03B05DF804EBFFF7D6BDF6
:102AD000074A084908484FF41B730BF05AFE0023BD
:102AE00083F31188BFF36F8F0323184602DFE8E7F3
:102AF000C4600200A8580200CC57020008B590F844
:102B0000F030022B13D000D808BD032BFCD00A4AAA
:102B10000A490B484FF41B730BF03BFE002383F371
:102B20001188BFF36F8F0323184602DF08BD00230F
:102B300080F8F03008BD00BFC4600200A858020051
:102B4000CC57020038B590F8F0300446032B3AD841
:102B5000DFE803F00926121320462946FEF726FC7B
:102B60002846FEF76FFB2046FFF74CFD0546002880
:102B7000F2D1022384F8F03038BDFFF743FD05465B
:102B80000028F6D029462046FEF710FC2846FEF71E
:102B900059FB2046FFF736FD05460028F2D1E8E74D
:102BA000FFF730FD05460028E3D029462046FEF712
:102BB000FDFB2846FEF746FB2046FFF723FD0546B2
:102BC0000028F2D1D5E7084A084909484FF41B7399
:102BD0000BF0DFFD002383F31188BFF36F8F032316
:102BE000184602DF38BD00BFC4600200A8580200CA
:102BF000CC57020038B50546FFF704FD044660B126
:102C000021462846FEF7D2FB2046FEF71BFB28464E
:102C1000FFF7F8FC04460028F2D1A5F8F24021465F
:102C2000284601F0BFFA85F8F04038BD037801214D
:102C3000122243F0030303704170C270704700BF5B
:102C400003780121132243F0030303704170C27023
:102C5000704700BF0B784FF0020C43F003030722CC
:102C60000B7081F801C0CA7090F84C300B7170473E
:102C70000B7980F84C3070470B784FF0020C43F022
:102C8000030307220B7081F801C0CA7090F84C3022
:102C90000B71704710B50B780C460922082143F0E0
:102CA0000303E1706270237090F93730002BACBFE2
:102CB0000B460E23E370F8F73DFC002361F3070396
:102CC000C1F3072262F30F23090C61F31743090ACA
:102CD00061F31F636060A36010BD00BF38B50C4690
:102CE0000546F8F727FC237843F0030323700923F4
:102CF0006370E370D5F83031217263F0FF03184040
:102D0000020C0B0C4FEA102C2071090A100AA27158
:102D10001A0AE07184F805C06172A372E27238BDCC
:102D20000B78092243F003030B704A70CA70D0E994
:102D30004A23100C4FEA122C0A711A0C81F805C0B4
:102D400088714FEA102C0B72180A130A81F807C019
:102D500048728A72CB727047F0B54B68134E8A681E
:102D60000546580F80EA137083B01E4000F0010042
:102D70004FF0405302F0EF07A0FB030386EA000484
:102D80000197F8F7D7FB2040019AC5F8300160F0B1
:102D9000FF000F4030400123C5F83471C5F8280109
:102DA000C5F82C2185F8203103B0F0BD2FCF87F76F
:102DB0002DE9F0414C68104F8A68630F83EA147361
:102DC00003F001034FF04051A3FB013127400546BA
:102DD00087EA030402F0EF08F8F7ACFBC5E94A788C
:102DE000044008EA01010123C5F83041C5F8341157
:102DF00085F82031BDE8F0812FCF87F70B784FF0B1
:102E0000030C43EA0C0319220B7081F801C0CA704D
:102E100090F820300B7190F821304B71704700BF53
:102E20000B78022243F003030B704A70CA7090F8CB
:102E300020300B71704700BF0B7980F8203070474D
:102E40000378074AC0F805204FF0060C43F003034F
:102E500040F60C51037080F801C0A0F803107047D1
:102E6000F105FFFF0B784FF0060C43F003030C2233
:102E70000B7081F801C0CA7090F81A310B71B0F86C
:102E80001B31A1F80530B0F81D31A1F807307047AB
:102E9000012380F819310B7980F81A31B1F8053027
:102EA000A0F81B31B1F80730A0F81D31704700BF02
:102EB00038B50B780C46054643F00303172103226F
:102EC00023706170E27000F121010822201D0CF0D6
:102ED000C0FD95F82930237395F82A30637338BD07
:102EE00010B503780D21042243F0030341700370F1
:102EF000C270841805F072FD0C2120B12046BDE897
:102F0000104003F0DFB92046BDE8104003F0CCB913
:102F100003780121052243F0030303704170C2705E
:102F2000704700BF03780121062243F003030370BA
:102F30004170C270704700BF037801210B2243F03B
:102F4000030303704170C270704700BF03780171C2
:102F50004FF0020C43F003030D22037080F801C010
:102F6000C27070470378017143F003034FF0030C04
:102F70000370112380F801C0C3704271704700BF15
:102F80000B7980F84D304B7980F84E30704700BF98
:102F90000B784FF0030C43EA0C0316220B7081F8F8
:102FA00001C0CA7090F82030C3F3C2034B7190F88F
:102FB0002030C3F302030B71704700BF0A7990F809
:102FC000203062F3C50380F820304A7962F30203AF
:102FD00080F82030704700BF0B784FF0030C43EAB5
:102FE0000C0317220B7081F801C0CA7090F894315D
:102FF000C3F3C2034B7190F89431C3F302030B7116
:10300000704700BFCB8843850B7980F82C304B7913
:1030100080F82D30704700BF0B784FF0180C43F04C
:1030200003030F220B7081F801C0CA70C38C8B8020
:10303000038DCB80438D0B81838D4B8190F8343091
:103040000B73C38EA1F80D30038FA1F80F30438F9F
:10305000A1F81130838FA1F81330C38FA1F8153078
:10306000B0F84030A1F81730B0F84230A1F819306C
:10307000704700BF0B784FF0180C43F00303102289
:103080000B7081F801C0CA70C38C8B80038DCB801C
:10309000438D0B81838D4B8190F834300B73C38E3D
:1030A000A1F80D30038FA1F80F30438FA1F8113034
:1030B000838FA1F81330C38FA1F81530B0F84030DA
:1030C000A1F81730B0F84230A1F81930704700BFAE
:1030D0008B88C384CB8803850B8943854B89838583
:1030E0000B7B80F83430B1F80D30C386B1F80F3067
:1030F0000387B1F811304387B1F813308387B1F8F3
:103100001530C387B1F81730A0F84030B1F8193046
:10311000A0F84230704700BF0B78002243F0030351
:103120004FF00C0CCA700B7081F801C090F823307E
:103130000B71036B094AA2FB03239B0AA1F805301C
:10314000438DA1F80930038DA1F80730838DA1F8D4
:103150000B30838CA1F80D30704700BF5917B7D1E1
:103160000B7980F82330B1F8053040F2E24202FBDF
:1031700003F30363B1F809304385B1F807300385E1
:10318000B1F80B308385B1F80D308384704700BFF0
:10319000B1F8093003840522043122300CF059BC07
:1031A0000B784FF0090C43F0030314220B7081F8E5
:1031B00001C0CA70B0F85A308B80B0F858300B811B
:1031C000B0F85E30CB80B0F85C304B81704700BF08
:1031D0000B784FF0090C43F0030315220B7081F8B4
:1031E00001C0CA70B0F85A308B80B0F858300B81EB
:1031F000B0F85E30CB80B0F85C304B81704700BFD8
:103200000B784FF0090C43F0030315220B7081F883
:1032100001C0CA70B0F86A308B80B0F868300B819A
:10322000B0F86E30CB80B0F86C304B81704700BF87
:103230008A88A2F11B03E02B23D8B1F808C0ACF1B7
:103240001B03E02B1DD830B5B1F806E0AEF5A47332
:103250009BB244F24815AB4212D84B891C46A3F5E9
:10326000A4739BB2AB420BD80023194664F30F0141
:103270006CF30F0362F31F436EF31F41C0E9183173
:1032800030BD70478A88A2F11B03E02B23D8B1F828
:1032900008C0ACF11B03E02B1DD830B5B1F806E037
:1032A000AEF5A4739BB244F24815AB4212D84B89D9
:1032B0001C46A3F5A4739BB2AB420BD8002319465E
:1032C00064F30F016CF30F0362F31F436EF31F41AE
:1032D000C0E9183130BD704770B58C6900230D46C8
:1032E00006468B6104B3192322792371B38CE380E2
:1032F00095F82030237743B92B8DE3836B8D23849E
:10330000AB8D63842D2A09D070BDF38CE383338D9C
:103310002384B6F88C3163842D2AF5D120682146A8
:10332000BDE87040F8F7DEBF074A0849084840F298
:1033300007130BF02EFA84F31188BFF36F8F03236A
:10334000184602DFCFE700BF8C6102001C5F02005D
:10335000CC570200F8B58C6900230D4607468B61F7
:1033600094B1032326792371BB8CE38004F11C0103
:103370002846FFF751FE2D2E00D0F8BD20682146CB
:10338000BDE8F840F8F7AEBF074A084908484FF4CF
:1033900059730BF0FEF984F31188BFF36F8F032389
:1033A000184602DFDDE700BF8C6102001C5F0200EF
:1033B000CC57020000B5C38C0A8DB1F82AC0B1F811
:1033C0002CE0934285B002D1038D634516D00123D2
:1033D00081F82230CDF808E00B6BCDE9002C91F894
:1033E00008C091F82320898C0391ACF10801B1FA4F
:1033F00081F14909EDF73CFF05B000BDB0F88C3113
:10340000B3EB0E0318BF0123E2E700BFF8B5CD69A7
:1034100000230C4607461646CB614DB3102E05F12E
:10342000040121D0112E0ED0072E19D02046FFF70F
:1034300073FEEB79637329463846FDF745FF237A1F
:10344000092B08D0F8BD084694F8202094F82110E4
:10345000FFF788FDEDE73846BDE8F84000F0BCBE58
:103460002046FFF7F7FBE4E72046FFF703FEE0E71F
:10347000FDF714FF05460028D0D1074A0749084840
:1034800040F22E330BF085F985F31188BFF36F8F6F
:103490000323184602DFC1E78C610200B85902001D
:1034A000CC57020038B58B690C46054673B1204AEB
:1034B0002049214840F286330BF06BF9002383F357
:1034C0001188BFF36F8F0323184602DFFDF7FAFE62
:1034D0002D23A061037194F834200121002384F886
:1034E00023102363218D4AB1B1FBF2F313FB02F3E6
:1034F000E28C9BB29A429CBF23851946238F8B4254
:1035000004D840F2E24202FB03F323632846FCF7AF
:10351000B9FB298D034606310B44A38400222846BB
:103520002146FFF773FF4FF60B73638138BD00BF71
:103530008C610200D8610200CC57020070B53C4D8E
:103540002B6882B002460C462BB1834203D0012384
:10355000A37202B070BD10460092FFF7ABF90028CD
:10356000F5D1009800F026FE009A0028EFD10190D6
:1035700021461046FDF78AFE0028E8D00098FCF7A7
:1035800081FB01210646009800F00CFEE169019BD9
:10359000009AE68684F834300E462A60E36151B31F
:1035A000311D20460092FFF737FDF37963730098D1
:1035B0003146FDF789FE237A009A092B16D092F83E
:1035C0003730DB0902D004236381C2E7194A1A4964
:1035D0001A4840F29B130BF0DCF8002383F31188A8
:1035E000BFF36F8F0323184602DFB2E71046FFF7E1
:1035F00071F9009AE3E710462146FDF74FFE009A65
:1036000006460028CCD10B4A0D490C4840F22F1336
:103610000BF0BFF886F31188BFF36F8F03231846B2
:1036200002DF04212046FFF7F7FCF379FFDE00BF3D
:10363000502200208C610200A8580200CC570200E2
:10364000B859020038B505460C4600F0BDFD10B172
:103650000923A37238BD21462846FDF717FE00282E
:10366000F6D021462846FDF719FEE061FDF722FE5F
:1036700010B90C23A37238BD21462846BDE8384056
:10368000FFF710BF30B50C4683B00546FCF7FAFAD9
:10369000A38CC01A030401D503B030BD21462846CF
:1036A000FFF788FE237A092B18D094F82230FBB953
:1036B00020460193FDF754FE019BA361284600F0CC
:1036C0006FFF237A092B05D10D4B1A68954204BF71
:1036D00000221A600023A37203B030BD284600F018
:1036E00081FD237A092BE0D194F82030002BDCD027
:1036F000002384F8203021462846FFF7EDFDDDE762
:103700005022002030B583B005460C4600F05CFD29
:1037100018B10623A37203B030BD0190214628469C
:10372000FDF7B4FD0028F4D0112221462846FFF70A
:103730006DFE284600F034FF227A019B092A03D04F
:103740000023A37203B030BD024A11688D42F7D145
:103750001360F5E75022002010B5DFF894C0DCF8C4
:10376000002082B003460C46AAB1824213D0022246
:103770008A72009000F028FD38B9009B0190214624
:103780001846FDF783FD019A20BB204602B0BDE834
:103790001040FDF7C1BD218DDA8CCCF8003091428C
:1037A00007D018462146FFF7D5FD0423A37202B0C7
:1037B00010BD618D1A8D9142F3D1A18DB3F88C218A
:1037C0009142EED12046FDF7CBFD00220523A261F8
:1037D000A372ECE74FF472610098218421460092B5
:1037E000FFF790FF2046FDF7BBFD009AA261DEE7E0
:1037F0005022002070B50C46897A82B006461546E4
:103800000C2900F2A580DFE801F00C1847505A643B
:1038100071A3749A7E900700002D00F0B38002B06F
:1038200070BD002DFBD1237A082B00F0C980092B35
:1038300040F0B7800123A372F1E7012DEFD11946C3
:103840002046FFF745FCE38C052B1BD9228DB2F5F2
:10385000486F17D8934215D8638DB3F5FA7F11D20C
:10386000A08DA0F10A0140F6764C89B2614509D8D5
:10387000013313FB02F3B3EB800F03D294F834301F
:1038800093420BD940F61E7323842146304602B082
:10389000BDE87040FFF736BF012DC0D82146304645
:1038A00002B0BDE87040FFF757BF002DB7D10191BE
:1038B000FDF700FD019900285AD1A172AFE7032D51
:1038C0005DD0042DABD10F22062384F82120A372F2
:1038D000A5E7002DA3D190F93730AB425EDA94F81A
:1038E000203043B10F2384F82130CEE7002D96D14C
:1038F000CBE7002D93D1304600F066FC002862D063
:103900000823A3728BE7022D89D190F83720C2F3E8
:10391000C011D20965D184F84C1000F055FC002884
:1039200000F094800D23A37279E7002D7FF477AF28
:103930002146304602B0BDE87040FFF7A3BE002D1F
:103940007FF46DAF214602B0BDE87040FFF77ABE4C
:103950004E4A4F494F4840F251530AF01AFF002394
:1039600083F31188BFF36F8F0323184602DF56E7F6
:1039700021463046FFF7EEFC0421A1724FE70523F4
:10398000A3724CE7FDF796FC00283FF448AF2146B0
:10399000304602B0BDE87040FFF784BDA561214606
:1039A000D1E73A4A3A493B4840F2F2330AF0F1FE95
:1039B00085F31188BFF36F8F0323184602DF2EE7CC
:1039C0000A23A3722BE721463046FDF75FFC00284F
:1039D00096D0102221463046FFF718FD0A23638156
:1039E0001DE719462046FFF7BBFB228D931F40F6CB
:1039F0007A419BB28B4227D8638DB3F5FA7F23D2ED
:103A0000A08DA0F10A0140F6764C89B261451BD821
:103A100001339BB202FB03F3B3EB800F14D2A38CF0
:103A200001933046FCF72EF9019B1B1A47F6FE72F4
:103A30009BB2934224D9282386F85031304600F0B7
:103A4000AFFD0023A372EAE61E23F5E701902146AD
:103A50003046FDF71BFC00283FF464AF07222146E7
:103A60003046FFF7D3FC304600F09AFD227A019BE6
:103A7000092AE6D1084A11688E42E2D11360E0E7D4
:103A80002046FDF749FC0B23A37251E78C6102002D
:103A9000A8580200CC5702005022002070B50646FC
:103AA000887A82B00C461546062809D8DFE800F06F
:103AB000192D080836680400002D6AD002B070BDC8
:103AC000824A834983484FF43E730AF062FE002322
:103AD00083F31188BFF36F8F0323184602DF02B010
:103AE00070BD002DEAD10B7A092B10D0774A7849A6
:103AF00078484FF4F5730AF04CFE85F31188BFF354
:103B00006F8F0323184602DFD8E7002DD6D1214658
:103B1000304602B0BDE87040FFF710BD032D00F045
:103B20009880042D00F08880022DC7D119462046C8
:103B3000FFF716FB228D931F9BB240F67A418B4212
:103B400000F28C80638DB3F5FA7F80F08780A08DC2
:103B5000A0F10A0140F6764C89B261457ED8013366
:103B60009BB202FB03F3B3EB800F77D229463046BA
:103B700000F018FB2046FDF7CFFB0623A3729DE75C
:103B8000002D9BD13046FEF795FE30B30523A3727E
:103B900094E73046FCF776F8A38CC01A03048DD462
:103BA0002946304600F0FEFA21463046FFF702FC77
:103BB000237A092B5AD094F82250002D60D1204648
:103BC000FDF7CEFBA5613046FEF76AFF237A092B8D
:103BD00027D00023A37202B070BD21463046FDF706
:103BE00055FB0028D2D02946304600F0DBFAE369C5
:103BF000E561002B4CD0181D94F8202094F821107A
:103C00000193FFF7AFF9019BDA79627319463046E9
:103C1000FDF75AFB237A092BD5D13046FEF75AFE21
:103C2000D1E796F93730002B2CDB2B4B1A689642E4
:103C3000CFD100221A60CCE7D6F830311A2223F017
:103C40000203C6F8303181F820203046FFF744FBEC
:103C5000B9E75B7984F820302146F6E70021304649
:103C600000F0A0FA1E2386F85031ACE73046FEF78C
:103C70003BFE237A092B9ED194F82030002B9AD05A
:103C80000023E7E73046FDF781FE0028CDD0A0E70E
:103C900021463046FDF702FB03460028ABD10B4A14
:103CA0000E490C4840F22F130AF073FD85F311887A
:103CB000BFF36F8F0323184602DF042094F82020FF
:103CC00094F82110FFF74EF9EB79FFDE8C610200CA
:103CD000A8580200CC57020050220020B859020018
:103CE00092F81FC002F11C03BCF1110F0AD8DFE8E3
:103CF0000CF0240909090909092109090909090917
:103D000009091E1B00B5242283B080F850210191BF
:103D10000090FEF7C5FE0199009B0A7A092A0FD090
:103D200000238B7203B000BD0322FFF7B7BE012250
:103D3000FFF7B4BE0422FFF7B1BE0222FFF7AEBE0A
:103D400093F93720002A06DB084A10688342E7D13E
:103D500000231360E4E7184601910093FDF716FE77
:103D6000DDE900310028EFD0DAE700BF5022002063
:103D700013460022FFF792BE92F81FC002F11C0307
:103D8000BCF1000F1DD0BCF10F0F17D010B582B0E1
:103D90000191242180F85011009000F001FC019B5A
:103DA000009A197A092905D107490868824204BF97
:103DB00000220A6000229A7202B010BD0122FFF7B1
:103DC00019BD0222FFF716BD502200201346002223
:103DD000FFF710BD00230322FFF70CBD00230422D0
:103DE000FFF708BD10B592F81FC0BCF1010F82B0FB
:103DF0000C4608D0242280F8502100F0D1FB00228C
:103E0000A27202B010BD897A012912D011F0FD0F03
:103E1000F7D0184A1849194840F227130AF0B9FC9C
:103E2000002383F31188BFF36F8F0323184602DF4B
:103E3000E7E702F11C0100902046FFF7A9F9009B7B
:103E4000228C019318460092FBF71CFF009A019BFD
:103E5000121A47F6FE7192B28A4202D80222A27268
:103E6000CFE7282283F85021184600F099FB002262
:103E7000A272C6E7F8610200A8580200CC570200FF
:103E80008A7A012A1ED010B5022A82B0044604D0D4
:103E9000CAB901228A7202B010BD0191FBF7F2FE8D
:103EA000019B1A8C801A0204F5D403F122012046EA
:103EB000FBF7F6FE204600F073FB019B00229A728E
:103EC00002B010BD7047084A0849094840F227135C
:103ED0000AF05FFC002383F31188BFF36F8F032385
:103EE000184602DF02B010BDF8610200A8580200B7
:103EF000CC57020038B5D0F8F8308B4204460D4656
:103F000023D01F4A1F49204878230AF042FC00238F
:103F100083F31188BFF36F8F0323184602DFAB6969
:103F200013B11B792D2B17D0D4F8F83043B1D4F846
:103F3000FC101A68C4F8F820994208BFC4F8FC20A5
:103F40002846BDE83840FDF77DB98B6913B11B7970
:103F50002D2B01D02B46EAE7094A0C490A487D235C
:103F60000AF017FC002383F31188BFF36F8F03233C
:103F7000184602DFD4F8F830002BD8D1E0E700BFB4
:103F80004062020020610200CC570200346102004E
:103F900038B5D0F8F840237A013B05460B2B28D8DA
:103FA000DFE803F00606060618181D13130622069E
:103FB00000222146FEF722FBA37B2BB12146284697
:103FC000BDE83840FFF796BF38BD00222146FFF715
:103FD000FDFEF1E700222146FCF77AFAECE7002229
:103FE0002146FDF70DF8E7E700222146FFF748FFDD
:103FF000E2E7084A084909484FF4E7730AF0C9FBA9
:10400000002383F31188BFF36F8F0323184602DF69
:10401000D2E700BF40620200A8580200CC5702005D
:1040200070B5D0F8F85004461DB394F80431012B54
:1040300003D1022384F8003170BD29462046FDF7E4
:1040400025F90028F5D029462046FDF727F9064630
:10405000F0B1311D2846FEF7FDFDF3796B73314653
:104060002046FDF731F901220023AA7384F80031BC
:1040700070BD0F4A0F49104840F216230AF089FB21
:1040800085F31188BFF36F8F0323184602DFCCE757
:10409000074A0A4908484FF4EF730AF07AFB86F39F
:1040A0001188BFF36F8F0323184602DFD1E700BFEB
:1040B000406202000C610200CC570200B8590200B5
:1040C000F8B5D0F8F85004467DB194F80431012BCE
:1040D00002D184F80031F8BD29462046FDF7D6F814
:1040E00090B9012384F80031F8BD2A4A2A492B48A7
:1040F00040F206230AF04DFB85F31188BFF36F8F62
:104100000323184602DFE0E729462046FDF7C6F8FC
:10411000064678B32046FEF725FB2A7A037A9342B7
:1041200006F1040718D0082B18D02A2194F8203162
:104130001BB1D4F830315B0715D43846FEF706FFC3
:10414000F3796B7331462046FDF7BEF80122002358
:10415000AA7384F80031F8BD2321E7E7092A0CBFD0
:1041600023212A21E2E70A46384694F80711FEF790
:10417000F9FEE5E7074A0A4908484FF4EF730AF0E9
:1041800008FB86F31188BFF36F8F0323184602DF05
:10419000C0E700BF406202000C610200CC57020081
:1041A000B859020080F80611704700BF704700BF81
:1041B0000020704790F80501003818BF01207047B3
:1041C000D0F8F800704700BF90F80401A0F101009A
:1041D000B0FA80F040097047B0F80831A0F8023119
:1041E000704700BF0023A0F80231704738B5D0F8FF
:1041F000F840A4B10546D5F8FC202368C5F8F8308E
:104200009442214608BFC5F8FC302846FDF7CEF899
:104210002046FDF717F8D5F8F840002CEBD138BD53
:1042200030B5022983B0044613D0042909D00129EE
:104230000DD1D0F8F83053B103B0BDE83040FFF7EE
:10424000A7BE0191FFF7D2FF019984F8001103B0D6
:1042500030BDD0F8F8301A461D46002380F80531ED
:1042600042B100230122A4F80231AA7384F800317C
:1042700003B030BD074A0849084840F229230AF034
:1042800088FA85F31188BFF36F8F0323184602DF86
:10429000E7E700BF406202000C610200CC57020059
:1042A000F8B590F8003104460D461646052B00F28D
:1042B0009880DFE803F00E1607030B03BDE8F84013
:1042C000FFF7AEBFBDE8F840FFF7AABE03290CD048
:1042D000F8BD71B10429FBD1FFF788FF84F80051C4
:1042E000F8BDBDE8F840FFF7EBBE002380F80031D1
:1042F000F8BDD0F8F8301F46002BE9D01B7A112BFF
:1043000018D8404A012000FA03F10A400ABB11F410
:10431000386F0FD00A2B28D0FBB194F806315BBB65
:10432000054684F805512046FFF732FE032384F842
:104330000031F8BD344A354935486B230AF029FA73
:10434000002383F31188BFF36F8F0323184602DF26
:104350003B7A0A2B09D0002BE3D1F37F87F84C304E
:104360002046BDE8F840FFF75BBE2046FFF710FE91
:10437000052384F80031F8BD94F93720002A10DBBA
:10438000012B20D0022BA3D12046FEF7EBF93B7A7C
:10439000027A9A4221D0082A1DD02A2384F850316B
:1043A000F8BD012BEED12046FEF7DCF908B1FF2362
:1043B000C372012384F805312046FFF7E9FD03238A
:1043C00084F80031F8BDF37F84F807312046BDE85A
:1043D000F840FFF775BE092BDFD1232384F8503155
:1043E000F8BD094A09490A484FF443730AF0D1F964
:1043F000002383F31188BFF36F8F0323184602DF76
:10440000F8BD00BF7FF4030040620200A85802001C
:10441000CC57020038B50C4689690546207AF9B1B7
:104420000C285DD8DFE800F00E070707073E3E4C7A
:1044300045450753070021461A462846FEF7D4F89B
:10444000A16921B10B792D2B1CBF0023A361A37B94
:104450002BB121462846BDE83840FFF74BBD38BD9B
:10446000A36122610C283BD801A252F820F000BFC2
:10447000DD440100374401003744010037440100A6
:1044800037440100A5440100A5440100C1440100D6
:10449000B3440100B344010037440100CF4401009C
:1044A0003744010021461A462846FBF7E1FFA1697F
:1044B000C7E721461A462846FFF75EFCA169C0E718
:1044C00021461A462846FCF77DFDA169B9E7214639
:1044D0001A462846FFF786FCA169B2E71946B0E7FD
:1044E000084A094909484FF4A1730AF052F9002318
:1044F00083F31188BFF36F8F0323184602DFA1698E
:104500009FE700BF40620200A8580200CC5702009B
:1045100010B591F808C0BCF1070F82B00B460446F5
:1045200014D0BCF10C0F0CD09A7B0021596132B130
:104530001946204602B0BDE81040FFF7DBBC02B0D0
:1045400010BD0191FEF756F8019BEDE70191FCF7D4
:104550005BFD019BE8E700BF10B50A7A072A82B02D
:104560000B4604460AD09A7B32B11946204602B067
:10457000BDE81040FFF7BEBC02B010BD0191FCF7D2
:1045800047FD019BEFE700BF0422002380F80021D4
:10459000A0F80231704700BF00220121FFF780BE62
:1045A00000220221FFF77CBE00220321FFF778BE24
:1045B00000220421FFF774BE70B5044682B00E4697
:1045C000154613B1D27F1B2A28D900231846FCF7C1
:1045D00019FF034600B300220260D4F8FC20002A31
:1045E0003DD01060C4F8FC002A460021204601930B
:1045F000FFF756FE019B9A7B1AB119462046FFF73A
:1046000079FCD4F8F81039B12B463246204602B076
:10461000BDE87040FFF7FEBE02B070BDDFF844E0B9
:1046200090F837100EEB4203C90993F801C001233B
:104630008B4013EA0C03C9D01EF812300A2BC5D1E7
:104640000193FFF7D3FD0022A4F8022184F805218D
:1046500084F800212046FEF7CDFA019BB6E7C4E9B5
:104660003E00C1E7446A020000B583B00190FFF745
:10467000BDFD01980023A0F8023180F8053180F8D3
:10468000003103B000BD00BF10B50C4630B994F83E
:10469000743123F0010384F8743110BD0A4A0B49C8
:1046A0000B484FF42A730AF074F8002383F311883F
:1046B000BFF36F8F0323184602DF94F8743123F0A1
:1046C000010384F8743110BD88620200D0620200D8
:1046D000CC57020000B9704708B5084A0849094894
:1046E0004FF428730AF055F8002383F31188BFF3C1
:1046F0006F8F0323184602DF08BD00BF88620200E7
:10470000745D0200CC570200012800D0704700B54C
:1047100083B00191F7F7ACFE019988420ED0084AA8
:10472000084909484FF426730AF033F8002383F34D
:104730001188BFF36F8F0323184602DF03B000BD5B
:1047400088620200E4620200CC5702002DE9F843BF
:10475000099C9DF82070A58C4FF6FF718D4227D0E3
:1047600006460146204699469046FBF71DF8F8B9E3
:1047700025780135EDB2257065B31E4B04F11001AB
:10478000D9601D49A3F8089000228B60C3E9006836
:104790009F7201200B461146F5F78CFA50B9FF20A5
:1047A000FBF736F82046FF21BDE8F843FBF7EAB8EF
:1047B000BDE8F883114A1249124840F2522309F029
:1047C000E8FF002383F31188BFF36F8F032318469C
:1047D00002DFE4E7094A0C490A4840F2452309F0A0
:1047E000D8FF85F31188BFF36F8F0323184602DFCC
:1047F000C3E700BFD80E0020080400208862020032
:1048000084580200CC570200A05C0200C38D4BB15B
:1048100010B590F8743113F0010288B0144602D03C
:1048200008B010BD7047DFF84CC043F0010380F8BA
:104830007431CA1C0123CDE902430690CDE9044C32
:10484000CDE900442346D2B203212046F6F7C0FD4D
:1048500010F0FD0FE4D0084A0849094840F20B2344
:1048600009F097FF84F31188BFF36F8F0323184675
:1048700002DFD5E78946010088620200E05D0200A0
:10488000CC57020010B582B014460191FAF732FC01
:1048900060B1019921B102B0BDE81040FCF7AABF98
:1048A000214602B0BDE81040FCF780BF022002B0F4
:1048B00010BD00BF38B50D461446FAF71BFC58B1C1
:1048C00090F93730002B05DA22462946BDE83840FA
:1048D000FCF79ABE0C2038BD022038BD054B064AB5
:1048E0004FF0FF3C1F202521C3F800C01871117044
:1048F000704700BF3C2500200834002010B5047824
:1049000002FB01111F4A214482FB012C8C444FEA17
:104910006C1C9E460CEBCC030CEB830CA1EB0C0C3B
:104920005FFA8CF2D30802701EF803109DF808405D
:104930000CF0070C41FA0CF111F001011FD1B2FB90
:10494000F4F004FB1020C0B20EF1FF330EF10404AA
:104950000A4602F1080E13F8011F5FFA8EFE11F0ED
:10496000010F02F1010C4FEA510102D038B10138B8
:10497000C0B25FFA8CF27245F1D1A342E9D1104680
:1049800010BD00BFA7C867DD42880088504070474F
:10499000F0B52F4CDFF8BCE048404FF0030C060A9E
:1049A000C5B205EB852506EB86200EEA401704EA22
:1049B000400604EA45000EEA45153E43284306EB4F
:1049C000062700EB002506EB072600EB0520360C3A
:1049D000C0F3074040EA062000EB00100CF1FF3C5A
:1049E00008441CF0FF0C80B2D9D141401A48A0FB0A
:1049F00001400C1A00EB5400400900EBC00400EB2E
:104A00008400081AC0F3C40400F00705145D2C41AB
:104A1000E407C0B21AD401FB03F3561EC3F30743E5
:104A20000432604600F1080516F8011FEDB211F0DE
:104A3000010F00F101044FEA510102D033B1013BF3
:104A4000DBB2E0B2A842F2D19642EBD1F0BD00BF9A
:104A500010210200408408004D91CFBA2DE9F8439F
:104A6000184D194E002406F1FF39AF1E4FF0010812
:104A700006E00134082C05F1060506F128061FD0D2
:104A800004EB840319F83330DA07F2D57A7897F813
:104A900000C0C3F3801308FA04F1A3404CEA010CF0
:104AA0001343314628460622013487F800C07B7044
:104AB0000AF0CFFF082C05F1060506F12806DFD124
:104AC000BDE8F8834A250020210F00202DE9F0479A
:104AD000204E214DDFF88480DFF884900024A5F17A
:104AE000020AB71E1AF834304FF0010C13F0010F10
:104AF0000CFA04FC4FF006022946304621D098F803
:104B0000003063B115F8013C072B03EB830E06D888
:104B100019F83E3013F0040F01D0DB0611D51AF856
:104B2000343097F800E0C3F340034EEA0C0E97F8D8
:104B300001C087F800E0A3404CEA03037B700AF051
:104B400088FF0134082C06F1060605F10805C9D1D5
:104B5000BDE8F08776260020362600200A340020A3
:104B6000200F00200820704708B50020F9F782FFC9
:104B7000E0B9DFF83CC0DFF83CE00CF1FF321CF894
:104B80003030072B03EB830105D81EF8313023F0BA
:104B900020030EF8313012F8303023F0010302F810
:104BA000303001300828EAD1002008BD0C2008BDB3
:104BB00035260020200F00202DE9F04F804683B0DD
:104BC0000020F9F757FF002840F0978098F80090F0
:104BD000B9F1FF0F6BD0524E044608F1010A09F0FB
:104BE0000109FF270346B51E15F83320D1071CD451
:104BF000FF2F11D1072B03F1010227D015F8321036
:104C0000C907DFB257D40233082B19D015F8332067
:104C1000D20706F1100608D419460133082B16D026
:104C200015F83320D0075CD5083615F83320C2F3C9
:104C300040024A4547D00133082B06F10806D3D17C
:104C4000072F04D9072003B0BDE8F08F072798F895
:104C5000002015F83730334E62F3410305F8373042
:104C6000FB00981C2844062251469B460AF0F1FEA0
:104C700098F8003003F00109731E04EB840813F860
:104C80003820C2F38011D20701D5494539D001340B
:104C9000082C06F12806F0D1FF2415F8373005EB73
:104CA0000B0943F0010305F8373089F80140002073
:104CB00003B0BDE8F08F1346083615F83320C2F371
:104CC00040024A45B7D106225146304601930AF0C8
:104CD00099FE019B0028EAD015F83320D207AAD408
:104CE00086E7062901F1020306F11006A8D015F89F
:104CF0003320D007194698D48FE70C2003B0BDE8C5
:104D0000F08F0622514630460AF07CFE064B002802
:104D1000BDD113F8382042F0200203F83820BCE758
:104D200036260020210F0020200F002070B50546F8
:104D300082B00020F9F79EFE002839D12E78FF2E90
:104D400033D01D4C691C0346A51E06F0010615F85C
:104D50003320C2F3400CD20701D5B44507D001334C
:104D6000082B04F10804F2D1022002B070BD062223
:104D70002046019300910AF045FEDDE9001300286A
:104D8000EDD105EBC3025278072A08D80B4902EB94
:104D9000820211F8324060F3451401F8324015F8F0
:104DA000332022F0010205F83320002002B070BD4C
:104DB0000C2002B070BD00BF36260020200F00205E
:104DC00007282DE9F04104460E46174618D81C4D19
:104DD00004EB840315F8333013F0010398461FD019
:104DE00004EB840405EBC40115F83430C3F38013DD
:104DF000337038460622BDE8F04101310AF029BE81
:104E0000104A114911484FF48C7309F0C2FC002379
:104E100083F31188BFF36F8F0323184602DFD6E7B1
:104E2000084A0B49094840F2191309F0B2FC88F30B
:104E30001188BFF36F8F0323184602DFD0E700BF4E
:104E4000200F00201463020058630200CC570200B8
:104E5000646302000820704708B50020F9F7FEFDE2
:104E600098BB1B4BDFF86CC0197893F828208CF89E
:104E7000000060F3000160F30002197083F828203D
:104E800093F8501093F8782060F3000160F300026B
:104E900083F8501083F8782093F8A01093F8C82076
:104EA00060F3000160F3000283F8A01083F8C820CB
:104EB00093F8F01093F8182160F3000160F30002FA
:104EC00083F8F01083F8182108BD0C2008BD00BF3E
:104ED000200F0020093400202DE9F04F85B08346D3
:104EE00001900020F9F7BAFD00284CD14B4D1BF87A
:104EF00001AB02950AF0010A6F1C044604EB84081A
:104F0000A60015F83830C3F38012DB0705EBC8099B
:104F100001D5524508D00134082C07F12807EDD1FE
:104F2000022005B0BDE8F08F0622594638460AF047
:104F300069FD0028EFD115F838205207B046234606
:104F4000064631D4019A364C92F80090A71E09F01B
:104F500001099A4617F83620D107C2F3400001D55F
:104F6000484514D00136082E04F10804F2D1534606
:104F70004344002015F8332022F0010205F83320C5
:104F800005B0BDE8F08F0C2005B0BDE8F08F06221B
:104F9000594620460AF036FD0028E3D107EBC60744
:104FA000FF2253467A70E3E71E4F3A78541E023AC6
:104FB000062AE4B203D899F81790A14501D13C70B4
:104FC000C0E719480393102200EB041100EB09100D
:104FD0000AF03FFDDDE902C3324602EB820105EB38
:104FE000C10015F8311011F0010F05D0490703D5A4
:104FF0009CF81710A14208D00132082A0CF1280CA5
:10500000EBD13C78013C3C709CE73C78074980F848
:105010001790013C01F809203C7093E7200F002015
:105020003626002009340020B4250020AC250020BD
:1050300093F805C00CF0C00CBCF1400F00D07047D5
:10504000F0B51F4683B0A9B11A4C002300F0010649
:10505000651E03EB830215F83220C2F3801CD207D1
:1050600001D5B44519D00133082B04F12804F0D13F
:1050700003B0F0BD072AFBD80F4D02EB8202D0002F
:1050800015F83230DB07F3D51830062239462844AC
:1050900003B0BDE8F0400AF0DCBC062220460193D4
:1050A00000910AF0AFFCDDE900130028DBD1DAB291
:1050B000E3E700BF210F0020200F00202DE9F0477B
:1050C00080461B4C18F8017B82B08946002307F00C
:1050D0000107651E03EB8302D60015F83220C2F3E8
:1050E0008011D20701D5B94208D00133082B04F151
:1050F0002804EFD1022002B0BDE8F0870622414625
:10510000204601930AF07EFC019B82460028ECD1E8
:1051100018360621A819F4F739FD0028EAD006222E
:10512000A91948460AF095FC504602B0BDE8F08740
:10513000210F00202DE9F0478046184C18F8017B1C
:1051400082B08946002307F00107651E03EB830246
:1051500005EBC20615F83220C2F38011D20701D543
:10516000B94208D00133082B04F12804EED1022003
:1051700002B0BDE8F08706224146204601930AF0BE
:1051800041FC019B82460028ECD1716A0622484608
:105190000AF05FFC504602B0BDE8F087210F002006
:1051A00010B504460020F9F759FC58B934B1012C68
:1051B00001D0122010BD044B1C7010BD024B1C709E
:1051C000204610BD0C2010BD0A340020034B4FF4C4
:1051D0007A7202FB00F01860704700BF442500207F
:1051E0002DE9F041044682B000208846F9F736FCEC
:1051F00070BB2146224C11F8017B034607F00107E2
:10520000661E03EB830516F83520C2F3801CD20717
:1052100001D5BC4508D00133082B04F12804F0D196
:10522000022002B0BDE8F0810622204601930091E1
:105230000AF0E8FBDDE900130028ECD1B8F1000F1B
:1052400013D0B8F1010F07D0122002B0BDE8F081F1
:105250000C2002B0BDE8F08116F8353043F01003A1
:1052600006F8353002B0BDE8F08116F8353040461A
:1052700068F3041306F8353002B0BDE8F08100BFD2
:10528000210F002010B5314C3149002304F1FF3CBF
:1052900014F83320072A02EB820E05D811F83E20BD
:1052A00022F0200201F83E201CF8332022F00102F7
:1052B0000CF833200133082BEAD1264A264C002370
:1052C00013700A7863F300020A7091F8282063F3E0
:1052D000000281F8282091F8502063F3000281F841
:1052E000502091F8782063F3000281F8782091F83B
:1052F000A02063F3000281F8A02091F8C82063F396
:10530000000281F8C82091F8F02063F3000281F8D0
:10531000F02091F8182163F3000281F818210F4A58
:1053200013700F4B4FF0FF314FF0FF32C3E9001203
:105330000C4B236028B1BDE810400B490B480FF01F
:10534000F8BABDE8104009480FF0FEBA3526002033
:10535000200F00200A3400204425002009340020BA
:10536000180F0020A0BB0D00ED550100E80E002035
:10537000034B044A002814BF10461846704700BF6C
:105380004825002074260020A8B110B50B4B1B68DF
:105390004FF4004240F2E7300021E3FB02014FF4FA
:1053A0007A720023EAF7ACFEBDE8104002460B46D5
:1053B000034808F0EFB802480FF0C6BA44250020B1
:1053C000E80E002008B5094B00221A8030B9084BBE
:1053D000084A1B78002111801BB908BDFFF776FB36
:1053E000F5E7BDE80840FFF739BB00BF7426002091
:1053F0000A340020482500202DE9F04F824687B06E
:105400000FF024FC4B014FEA401BBBEB000B43EABF
:10541000D06363EB01039B0043EA9B734FEA8B0B62
:105420001BEB000B41EB0301CB0043EA5B73CBF3B7
:10543000103B4BEA434BDB0B0193BAF1000F18D141
:10544000624BD3E90023B3F1FF3F08BFB2F1FF3F46
:105450000FD00199BBEB020261EB03035C490968C1
:105460008A4273F10003ACBF4FF001094FF000090D
:1054700001E04FF00109574EDFF85C81CDF800B034
:105480000024F71F04EB8403A50017F83330DA0774
:1054900015D5B9F1000F01D1980710D42B1917F8C1
:1054A000333059073CD42B1917F833301A0726D458
:1054B000254417F8353043F0020307F8353001343E
:1054C000082C08F1060806F12806DBD1DDF800B04B
:1054D000B9F1000F04D03D4B019AC3F800B05A60F7
:1054E000BAF1000F08D00020F9F7AAFA044618B163
:1054F00090F85E305B0748D407B0BDE8F08F0DF13F
:10550000080B594630460AF0BDFB70BBC6F81DB00B
:105510005946062240460AF09CFAC6F81D80C7E7A5
:10552000337C2E4A0DF1170002EB03120DF1070335
:1055300012F8011903F8011F8342F9D106F117018E
:1055400002A80AF09FFB0028ADD0254A254926482D
:1055500040F2F32309F01DF9002383F31188BFF310
:105560006F8F0323184602DF9DE71D4A1D491E4821
:1055700040F2013309F00DF9002383F31188BFF3E2
:105580006F8F0323184602DFC0E7837E072BB3D853
:10559000FF238DF80830437F00EB830302A91D6AC7
:1055A0001C3001F0D5FB6A780646294602320AF023
:1055B00050FA002EA0D031462046F9F769FA9DF83E
:1055C0000830FF2B18BF637796E700BF180F002045
:1055D00044250020270F00207C250020C325002023
:1055E0001463020084580200CC57020010B5012059
:1055F000FFF702FF0A4B1B684FF4004240F2E7300E
:105600000021E3FB02014FF47A720023EAF778FDF0
:10561000BDE8104002460B46024807F0BBBF00BF82
:1056200044250020E80E0020072815D838B5134A75
:1056300000EB800312F833301A070BD5C3F3400593
:105640009B0704460AD50D4B04EB840003EBC00313
:10565000586A38BD002038BD00207047084A094903
:1056600009484FF44A7309F094F885F31188BFF3A1
:105670006F8F0323184602DFE5E700BF200F0020ED
:105680001463020078630200CC57020007280CD88C
:1056900000EB8000064A12F8301049074FEAC003B9
:1056A00003D503F11E00104470470020704700BF6F
:1056B000200F00202DE9F043904683B00AB1FF236C
:1056C00013704A4D002300F001096E1E03EB8302A4
:1056D000DFB216F83200C4071A4615D4B8F1000F2D
:1056E00063D098F80040FF2C204603F101031CD042
:1056F000082B03EB830005F12805DFB21A4610D012
:1057000016F83000C007EED502EB820416F83420FC
:10571000C2F380124A451ED00133082B05F128053B
:10572000D4D1FF2003B0BDE8F083082B88F80070C7
:1057300005F12805DFB2F5D003EB830216F832003D
:10574000C4071A46CDD502EB820416F83420C2F302
:1057500080124A45E0D106222846019300910AF0C2
:1057600051F900283FD0DDE90013B8F1000F10D047
:1057700016F83420D407B4D50133082BD1D003EB6D
:105780008302283516F83200C007DFB21A46BBD4B0
:10579000A7E70133082BC4D003EB8302283516F8A2
:1057A0003200C007DFB21A46AED41846431C0728A1
:1057B00003EB830400F102001A46B2D016F834401D
:1057C000E40702D52835DFB29EE70828024600EB41
:1057D000800305F15005A4D016F83330DB07E5D57A
:1057E000C7B2034690E738469CE700BF210F002070
:1057F0002DE9F04F814685B000200D469346F9F71C
:105800002DF9002875D1C846044618F8010B0DF192
:105810000F024146FFF74EFF072840F2A7809DF890
:105820000F70072F77D807EB870A524E4FEACA0A44
:105830000AF101000622414630440AF00AF999F8BB
:10584000002016F80A3062F3861306F80A30102199
:1058500006EB0A0328460193F4F798F916F80A3084
:10586000102160F38203584606F80A30F4F78EF9E7
:1058700016F80A3000F0010060F3C30306F80A309E
:105880005B074CD4002863D10AF11800062230448B
:1058900000210AF0E9F807EB8703374D16F83320AB
:1058A00022F0120206F8332099F80090A5F1020ABE
:1058B00009F001091AF83430C3F3400213F0010370
:1058C00001D04A4519D00134082C05F10805F1D161
:1058D000002307EB87075B0116F8372043F001032D
:1058E00022F021021343002006F8373005B0BDE84E
:1058F000F08F0C2005B0BDE8F08F06224146284607
:1059000001930AF07FF8019B0028DCD10AEBC40A5E
:105910008AF80170DDE7072005B0BDE8F08F174970
:10592000174A0B7806EB0A0CD754164A8CF8173036
:1059300002EB031201330B70013A05F10F03013D35
:1059400013F8011902F8011FAB42F9D100289BD0CE
:105950000AF107001022594630440AF07AF807EBA2
:10596000870306EBC30300225A628DE7122005B0BD
:10597000BDE8F08F200F00203626002009340020DB
:10598000AC250020B4250020072807D8044B00EBE5
:10599000800013F83000C0F3C0007047002070474B
:1059A000200F0020024B1B7803700248704700BF95
:1059B00009340020B425002038B5234B1B788342DE
:1059C00004460ED9214B1C5D072C1DD8204B04EB3F
:1059D000840213F8323013F001031D4624D0204610
:1059E00038BD1C4A1C491D4840F2873308F0D1FEDF
:1059F000002383F31188BFF36F8F0323184602DF60
:105A0000124B1C5D072CE1D9124A1549134840F28C
:105A1000893308F0BEFE002383F31188BFF36F8F34
:105A20000323184602DFD1E70A4A0E490B4840F229
:105A30008A3308F0AEFE85F31188BFF36F8F03231E
:105A4000184602DF204638BD09340020AC2500206E
:105A5000200F00201463020008650200CC570200EA
:105A600028650200FC640200072826D870B500EB08
:105A70008003134D15F8333013F0010304461E461E
:105A800006D004EB840415F83400C0F3401070BD58
:105A90000C4A0D490D4840F2953308F07AFE86F322
:105AA0001188BFF36F8F0323184602DF04EB8404D1
:105AB00015F83400C0F3401070BD0020704700BFDF
:105AC000200F00201463020064630200CC57020020
:105AD0001378FF2B01D0012070472DE9F0471446C1
:105AE000174A054689469646002303EB830C990026
:105AF00012F83CC01CF0010003D0CCF3801CAC4574
:105B000007D00133082B0EF1280EEED10120BDE89D
:105B1000F0870EF1060709F1FF36F446BA461CF885
:105B2000018F16F8017FB845EBD1D445F7D1194460
:105B3000237012F831305A07E9D5C3F30010E6E7B5
:105B4000200F0020024B1878003818BF0120704742
:105B50000A34002000F0A8BB08B5002303F086F843
:105B6000002008BD10B584B0079BD3E90020904702
:105B7000012812D004460DF10F010DF10E00F6F7C9
:105B800021FC0021064B00919DF80F209DF80E008E
:105B90000121F5F743FC034BDC6004B010BD00BFEE
:105BA000A95B0100C026002000B585B00DF10F01F2
:105BB0000DF10E00F6F706FC9DF80F20054B9DF841
:105BC0000E00002101320091D2B20221F5F726FC2D
:105BD00005B000BD795C010070B58EB006460D467B
:105BE0000DF136000DF137011C460B92F6F7EAFB7A
:105BF0009DF837100B9A0694013100240592CDE9E7
:105C00000744CAB2CDE90344CDE901449DF836000A
:105C1000009533460121F5F74FFB10F0FD0F0AD038
:105C200006480094064BC4609DF837209DF8360066
:105C30000121F5F7F3FB0EB070BD00BFC0260020B8
:105C4000A95B0100019B024A3121FFF7C5BF00BFDC
:105C5000555C010000B583B0059BCDE90003F6F764
:105C6000B7FB019B034A0098062103B05DF804EBE3
:105C7000FFF7B2BF655B0100014807F01FBA00BF24
:105C8000A826002008B50122002102480EF08CFD54
:105C9000002008BDA8260020024BA0F2A462C3E9A0
:105CA00000207047C02600200020F5F7E5BA00BFAD
:105CB00008B5F5F739FC014B986008BDC0260020F7
:105CC000684620F007018D4601B502F021F9EDF795
:105CD000DFFBBDE801408546704700BF08B50A4BB1
:105CE000D3F840213AB90120F4F74AF8BDE808405A
:105CF0000220F4F745B80020C3F84001D3F8403142
:105D0000F5F7C6FAEFE700BF00B000400020F4F757
:105D100037B800BF70B500BB214B224C1B782278EE
:105D20009A420FD0204A2149214840F2374308F0D7
:105D300030FD002383F31188BFF36F8F03231846D0
:105D400002DF23781B4E1C4D3278013323702B78F1
:105D5000934212D033782B7070BD134A1749144800
:105D600040F2324308F015FD002383F31188BFF39E
:105D70006F8F0323184602DFCEE70B4A10490C4809
:105D800040F23D4308F005FD002383F31188BFF383
:105D90006F8F0323184602DF33782B7070BD00BF6E
:105DA0000B3400200C3400203065020078650200BE
:105DB000CC570200103400200F340020745D020024
:105DC0009465020070B51A4D1A4C2B7822789A42CD
:105DD00006460BD02B782370174D184C1EB92B7824
:105DE00022789A4212D02B78237070BD144A15493C
:105DF000154840F21E4308F0CCFC002383F31188C1
:105E0000BFF36F8F0323184602DFE3E70C4A0F4905
:105E10000D4840F2294308F0BCFC86F31188BFF31B
:105E20006F8F0323184602DF2B78237070BD00BFED
:105E30000E3400200D3400200B3400200C340020E0
:105E400030650200BC650200CC570200E465020028
:105E500002F06CB938B5194C194D237829788B426A
:105E60001AD0184B05982170002298601146012025
:105E7000F3F720FF00B938BD134A1449144840F223
:105E8000B44308F086FC002383F31188BFF36F8FBF
:105E90000323184602DF38BD0B4A0E490C4840F276
:105EA000AE4308F076FC002383F31188BFF36F8FB5
:105EB0000323184602DF2978D3E700BF0B34002004
:105EC0000C3400201804002030650200BC59020088
:105ED000CC570200006602002DE9F0473D4A3E4ED5
:105EE000127833789A428AB00C4605D13B4B3C4A33
:105EF0001B7812789A4264D02768DFF8E88007F1AF
:105F0000310525F07F45D8F800102846F5F70EFB3F
:105F100010F4000002D10AB0BDE8F087324A334BDA
:105F200011781A78914231D12C4A2D49127809788A
:105F300091422BD01A784FF0000901321A7049466D
:105F40002B4BCDF800904A464846F5F767FA10F01B
:105F5000FD0F1BD0274A284928484FF4946308F0C6
:105F600018FC89F31188BFF36F8F4FF0030A504676
:105F700002DF204A2049214840F2694308F009FC29
:105F800089F31188BFF36F8F504602DF1C4BE16825
:105F9000C8F800500022CDE907321A4BCDE90322A0
:105FA000CDE90531CDE90122312300933478013464
:105FB0003B46114610463470F5F77EF90AB0BDE84D
:105FC000F0870768DFF81C8007F13105044625F0EB
:105FD0007F45DBE70F340020103400200B34002015
:105FE0000C340020D82600200D3400200E34002070
:105FF000C55D010030650200B45B0200CC570200B1
:10600000155D0100555E0100804A9368002B7CD02D
:106010002DE9F04F136889B082467BB14FF0FF3312
:106020008DF80A3003E0067F16F0030609D00DF163
:106030000A00F6F77BFB05460028F4D109B0BDE85D
:10604000F08FC368534574D00768B146B04602E08C
:10605000037F990721D00DF10A00F6F767FB04468C
:106060000028F5D1804514BF414629460846FFF770
:1060700033FF30F00203E1D0654A6649664840F2DA
:10608000FB4308F086FB84F31188BFF36F8F032373
:10609000184602DF09B0BDE8F08FC368B9F1000F00
:1060A0000DD0534526D0D4F800B039465846F5F700
:1060B0003DFA10F400001CBFA0465F46CBE79A45AE
:1060C0008146F0D12B7FE96843F002032B77284605
:1060D000AB699847FF238DF80A3003E0037F13F084
:1060E000030413D00DF10A00F6F720FB0546002843
:1060F000F4D1A3E72B7FE96843F002032B7728460E
:10610000AB699847A14589D1E4E77047C368534517
:106110000FD03F4A4149404840F21E5308F039FB36
:1061200084F31188BFF36F8F0323184602DFD5F87D
:106130000CA0364A50465368116803AA9847044693
:10614000002857D010F1100F3FF478AF2F4A0020ED
:1061500093681168984714F10B0F12D08C343FF4F8
:106160006DAF2B4A2E492C4840F25B5308F011FBCF
:10617000002383F31188BFF36F8F0323184602DFD8
:106180005CE70224FF258DF80B500DF10B00F6F7AC
:10619000CDFA98B1037F9A07F7D40EB9DB07F4D490
:1061A0001A4B1968C3689942EFD1037F43F0020389
:1061B0000377836998478DF80B50E6E70126B442D0
:1061C00021D1124D039B014628680094CDE90411AA
:1061D00006910790296004AAD5E90101F6F762FA51
:1061E000044600287FF42AAF094A0E490A4840F2C3
:1061F000595346E72B7FAA69E96843F002032B77DE
:10620000284690471AE73446BDE700BF60100020DB
:1062100030650200B45B0200CC5702001C6602002D
:10622000486602004066020010B515480EF024F9D9
:1062300010B3144B00249C6000F04EFB00281ADBC6
:10624000224621460120EDF709FB224601210B20C1
:10625000EDF704FB224621461820EDF7FFFA012056
:10626000EDF7CCFA0B20EDF7C9FA1820EDF7C6FAD6
:1062700001F080FE204610BD6FF0120010BD00BF7F
:10628000944E02006010002008B500F035FB002895
:1062900009DB0120EDF7C0FA0B20EDF7BDFA18205D
:1062A000EDF7BAFA002008BD00B5054B8AB20146E9
:1062B0009868D0F800E0184673465DF804EB18477C
:1062C000944E020000B5DFF828C0DCF80830D3F89F
:1062D00004E0BEF1000F07D08AB2002301466046F9
:1062E000F4465DF804EB60476FF0850000BD00BF29
:1062F000944E020000B5DFF828C0DCF80830D3F86F
:1063000004E0BEF1000F07D08AB2002301466046C8
:10631000F4465DF804EB60476FF0850000BD00BFF8
:10632000944E02000020704770B5284B82B004469E
:10633000002832D01A68824229D0FF250DF10700CB
:106340008DF80750F6F7F2F9034640B91DE0A14277
:106350000CD00DF10700F6F7E9F90346A8B11A7F52
:106360009207F6D4D9681846002CF0D11A7F9E699E
:1063700042F002021A77B0470DF107008DF807507E
:10638000F6F7D4F903460028E9D102B070BD9D6844
:1063900065B101460020A847CFE79D68002DCCD00D
:1063A00019680029C9D00020A847C6E7084A09494A
:1063B000094840F2CB1308F0ECF985F31188BFF3DC
:1063C0006F8F0323184602DFB7E700BF601000207D
:1063D0003065020054660200CC570200002070476E
:1063E00038B50446F6F794F95CB128B32468002068
:1063F000F6F7B6F92046F6F765FA044660B10020D4
:1064000038BD1D4B9C683CB31B4A14680023936045
:106410001360002CEAD1EAE7184A194919484FF4E9
:106420000F7308F0B6F984F31188BFF36F8F03235D
:10643000184602DF002038BD104A1349054640F2D5
:106440000523104808F0A5F985F31188BFF36F8F75
:106450000323184602DFC9E7084A0C49094840F2FD
:106460000A2308F096F984F31188BFF36F8F032392
:10647000184602DFC8E700BF601000203065020048
:1064800080660200CC5702005C6602006C66020067
:106490003120704700B583B00192F5F745F80199B6
:1064A000F5F744F8030205D40330092898BF00200B
:1064B00003B000BD002003B000BD00BF262810B50A
:1064C000044613D0272809D0252817D1022001F02F
:1064D000A1FD2046BDE8104001F0A2BD502001F012
:1064E00099FD2046BDE8104001F09ABD1A2001F048
:1064F00091FD2046BDE8104001F092BD0A2806D962
:10650000272809D80330400001F084FDE1E702307C
:10651000400001F07FFDDCE7074A0849084840F2E7
:10652000A52308F036F9002383F31188BFF36F8F9A
:106530000323184602DFCCE730650200A8580200AA
:10654000CC57020001F0CABD01F0D0BD08B501F082
:10655000EDFDBDE8084001F05BBF00BF08B501F0EC
:10656000E5FD01F055FFBDE8084001F0F9BE00BFB0
:1065700008B501F0DBFD01F04BFF01F02FFF02F049
:1065800061F9BDE8084001F0EBBE00BF08B5014667
:10659000184801F0CDFC01F0FFFD60B101F0DCFF17
:1065A00001F022FD00F0F0F900280EDBBDE8084004
:1065B0000020FFF715BF01F0A7FD01F0CDFF01F0AE
:1065C00013FD00F0E1F90028F0DA0B4A0B490C4802
:1065D00040F2213308F0DDF8002383F31188BFF384
:1065E0006F8F0323184602DF0020BDE80840FFF745
:1065F000F7BE00BF515E01003065020088660200F0
:10660000CC57020000B583B0019001F08FFD01F07E
:10661000FFFE01F0E3FE02F015F901F0A1FE019882
:1066200003B05DF804EBFFF7B1BF00BF08B501464A
:10663000144801F07DFC01F0AFFD40B100F0A4F979
:1066400000280ADBBDE808400020FFF7C9BE01F0C2
:106650005BFD00F099F90028F4DA0B4A0B490C486D
:106660004FF44C7308F095F8002383F31188BFF3BF
:106670006F8F0323184602DF0020BDE80840FFF7B4
:10668000AFBE00BF515E01003065020088660200A7
:10669000CC5702002DE9F04F89B09846FF23CDE991
:1066A00003129DF848908DF81F30834602E0037F67
:1066B000990738D00DF11F00F6F738F80028F6D109
:1066C000684DAB680446002B00F09A80054603999C
:1066D000049BCDF8009042465846F5F7E3FF01468B
:1066E00000286DD0B9F1000F17D1002C00F0B58053
:1066F0002046FFF7F1FB30F002030ED05A4A5B4907
:106700005B484FF4647308F044F8002383F3118866
:10671000BFF36F8F0323184602DF6FF0760528461C
:1067200009B0BDE8F08F0568D8F800609DF81F300B
:106730000593044629463046F4F7F8FEB9F1000FF8
:1067400017D0444514BF2646002602E0037F9B076E
:1067500017D00DF11F00F5F7E9FF07460028F5D126
:10676000404D059B8DF81F30AB68B3B125463446CC
:10677000ADE70202E5D5FF23354605934C464E466C
:10678000E7E7D0F800A029465046F4F7CFFE10F412
:1067900000001CBF55463E46DBE7002EE6D1002C2C
:1067A0002ED0B9F1000F1BD0049B0399CDF80090B7
:1067B00042465846F5F776FF0028AED125463446C6
:1067C000294A2C492A4840F27E3307F0E2FF002193
:1067D00081F31188BFF36F8F0323184602DF81E72F
:1067E00044450DD0204A2449214840F2B53307F0F2
:1067F000D0FF89F31188BFF36F8F0323184602DFA0
:10680000039BAB60D8F80C302B60C5F804B0049B38
:106810004046984705460DF11F00F5F787FF0146F2
:1068200000283FF47CAF037F13F00303F3D11C4631
:10683000FFF752FB30F002033FF471AF0A4A0B49F5
:106840000B4840F2D53307F0A4FF84F31188BFF35F
:106850006F8F0323184602DF61E7A54214BF2C4661
:106860000C4645E76010002030650200B45B020072
:10687000CC570200946602009C66020001F11000F1
:1068800006F01CBC70B50E468AB0054601220021F8
:1068900004A80DF089FF0F4B0193002403236946E0
:1068A00028460394029308F070F8002810DB4FF498
:1068B000004340F2E730E6FB030421464FF47A72CE
:1068C0000023E9F71DFC02460B4604A806F030FC45
:1068D0000AB070BD7D68010008B5012002F004FB1C
:1068E0000449002301224B60CB608A60BDE8084068
:1068F00008F04BB8E026002010B5012002F0F4FAB1
:106900000449044608F0B0F82046BDE8104008F0FD
:1069100087B800BFE02600200F4B1A7812B1002381
:106920001846704710B5012082B0187002F0DCFAEA
:106930004FF4FA710446FFF7A5FF034640B90190F2
:10694000204608F06DF80228019B18BF6FF0040381
:10695000184602B010BD00BF1134002008B5094B25
:10696000BFF35B8F53E8002F511C43E80010002851
:10697000F8D1BFF35B8F002A01DC02F0BDFA0020E2
:1069800008BD00BFDC26002008B50C4B1A68002AA1
:1069900010DDBFF35B8F53E8002F511E43E800105A
:1069A0000028F8D1BFF35B8F012A01DC02F0BAFAAC
:1069B000002008BD6FF0770008BD00BFDC26002076
:1069C0004FF4FA70704700BF014B33F91000704765
:1069D0007C6A020000B583B00190FFF7C9FD01F0A9
:1069E000F3FC019803B05DF804EBFFF7CFBD00BFE7
:1069F00030B583B0054601F0CDFBFFF7A7FD96202B
:106A000001F016FD002318461A46194601F036FC1F
:106A10000120F5F7E7FD0446002845D004F11C00ED
:106A200001F050FB01F098FBE0B92748294601F03E
:106A30007FFAFFF787F860BB01F0E2FD0021054611
:106A4000084601F055FB00210446084601F04CFBC6
:106A50002B19CB33181A01F08BFD03B0BDE8304081
:106A600001F0C0BD194A1A491A4840F2A14307F083
:106A700090FE002383F31188BFF36F8F0323184622
:106A800002DF1148294601F053FAFFF75BF80028AE
:106A9000D2D00DF10700FEF785FF002201469DF8D8
:106AA000070001F08DFEC7E7084A0B49094840F28C
:106AB0009D4307F06EFE84F31188BFF36F8F0323AD
:106AC000184602DFAAE700BFAD710100D0660200E0
:106AD00024670200CC5702001C670200814208B5FF
:106AE0000ED00B7ADB0702D46FF08B0008BD134B7E
:106AF0001360FFF733FF00280FDB6FF00A0008BDBB
:106B00000B7B01EB83010B691B7803F00F03012B57
:106B10000CBF00206FF08B0008BD094A09490A48E4
:106B200040F2514307F035FE002383F31188BFF391
:106B30006F8F0323184602DFDFE700BFA56F010058
:106B4000D066020088660200CC57020010B50446E9
:106B5000FFF70EFD01F038FC2046FFF717FD0C4B48
:106B60000021012208469C60F3F7A4F800B910BD8B
:106B7000084A0949094840F2B65307F00AFE0023C3
:106B800083F31188BFF36F8F0323184602DF10BD14
:106B900028040020D0660200BC590200CC57020035
:106BA00010B5E8B10C46FFF7EFFE002804DB2046E5
:106BB000BDE81040FFF714BC0D4A0E490E4840F2E4
:106BC000774307F0E6FD002383F31188BFF36F8F4F
:106BD0000323184602DF2046BDE81040FFF700BC43
:106BE000064801F0A5F9BDE8104001F08DBA00BFDC
:106BF000D066020088660200CC570200D569010009
:106C000008B5074B042298182821F2F741FF054BDD
:106C100000219981022204480DF0C6FD002008BD24
:106C20002027002010270020F826002008B5074B59
:106C3000042298182821F2F72BFF054B0021998197
:106C4000022204480DF0B0FD002008BD20270020DE
:106C500010270020F826002010B504460548F2F75A
:106C600043FF20B1002343706060184610BD6FF0F1
:106C70000B03FAE720270020002303704370836092
:106C80001846704738B52B4D2B7B6A7B9A4202D051
:106C900055F8234034B92848F2F726FF044680B15E
:106CA000204638BD254806F069FA2B7B6A7B9A425C
:106CB000F6D00133DBB2032B08BF00232B73204631
:106CC00038BD1E484FF42032002306F031FA90B947
:106CD0001A4806F053FA2A7B6B7B93421AD0531C56
:106CE000DBB255F82220032B08BF00232B738AB197
:106CF0001446204638BD124A124913484FF4DB733C
:106D000007F047FD84F31188BFF36F8F0323184604
:106D100002DFDDE70A4A0D490B4840F2BB1307F0DA
:106D200038FD002383F31188BFF36F8F03231846C8
:106D300002DFB5E71027002020270020F8260020DA
:106D4000D066020084580200CC5702003867020067
:106D500003784278934210D0437090F800C06345A6
:106D600004D0531C4270DAB2022A0AD0134600EB58
:106D700083030A70586860B170470132D2B2022AA8
:106D8000F4D100231A4600EB83030A7058680028E8
:106D9000F2D100B583B00193FFF774FF019B5860F7
:106DA00003B000BD027803464078904231D070B500
:106DB000DFF868C00E469CF80D109CF80C50481C7B
:106DC000C0B2032803EB820408BF00208542D4F838
:106DD00004E082B00CD0CDE900234CF821E08CF81F
:106DE0000D000F4806F06AF9DDE900234FF0000EB0
:106DF0000132D2B2022A0ABF002010460246C4F86D
:106E000004E01A70012403EB80033470586802B068
:106E100070BD03EB80035868704700BF1027002047
:106E2000F826002070B5047AC4F302140546002C3D
:106E300094FAA4F0B0FA80F008BF4FF0FF3082B0AF
:106E400000F1010645D02A7A631E234063F306123F
:106E50002A7206F12400FFF731FB00230DF1070130
:106E600005F10C008DF80730FFF79CFF0446002861
:106E700041D0204601F02CF9237803F00F03022BB8
:106E80001ED00DF1070105F11800FFF78BFF064634
:106E900000283FD09DF8073063B92946254801F006
:106EA00047F8962001F0C4FA002002B0BDE8704017
:106EB00001F09AB90622A11CB01C08F0CAFDECE74B
:106EC0001D48294601F034F802B0BDE8704001F0D9
:106ED00039BA1A4A1A491B4840F2C15307F059FC03
:106EE00084F31188BFF36F8F0323184602DF2C7AD7
:106EF000C4F30214A7E7114A1349124840F2CA53D7
:106F000007F047FC84F31188BFF36F8F0323184603
:106F100002DFAEE7094A0D490A4840F2D45307F0B0
:106F200038FC86F31188BFF36F8F0323184602DF06
:106F3000B0E700BFF1690100516F0100D0660200A7
:106F40003C670200CC570200446702004867020019
:106F500010B5044601F01EF9FFF70AFB237A03F08F
:106F60007102012A18D013F0700F05D0636853B175
:106F700093F82C309B0706D501F026FA2046BDE891
:106F80001040FFF703BB2046FFF74CFF01F0B6F8B7
:106F9000BDE8104001F026BBC3F3420262F30613C2
:106FA0002372E0E770B5C3681B6804461D46F4F71A
:106FB000BBFA06462846FFF76BFA0023301AC4E9ED
:106FC000000323812046BDE87040EAF779BD00BF89
:106FD00010B582B00446FFF7C1FC00281CDB164A3E
:106FE0001649174800940023F5F79AFC08B177304A
:106FF00001D102B010BD134A1349144840F2AF2327
:1070000007F0C7FB002383F31188BFF36F8F0323BF
:10701000184602DF02B010BD0A4A0D490B484FF472
:107020002B7307F0B6FB002383F31188BFF36F8F38
:107030000323184602DFD2E7C11A0000A16B01004A
:10704000DD6A0100D0660200105A0200CC5702002F
:1070500088660200F0B51646427A83B00D46D10725
:107060009DF8207007D5C7B12A78B6EBD21F1DD086
:10707000002003B0F0BD2946044611F8020B099A1E
:107080000193C0F38010FEF723FD019B0028EBD194
:10709000627AD207E7D403B0F0BD0193099B187858
:1070A000FEF7E2FC019B0028E3D0DDE7062205F1B4
:1070B0000801184608F0A6FCB0FA80F0400903B0B9
:1070C000F0BD00BF2DE9F04182B01646099A9DF847
:1070D00020801F4605469DF828300C4672B9427A3A
:1070E00002F00302012A2ED9002B3FD02278B6EB02
:1070F000D21F42D0002002B0BDE8F0810B460B9AAF
:1071000013F8020B0193C0F380101946FEF7E0FC60
:107110000028F0D02278B6EBD21FEBD138460622F9
:1071200004F1080108F06EFC0028E3D10B9B1878ED
:10713000019BFF282BD0AA7AFF2A28D0801AB0FA08
:1071400080F04009D7E711F8020B0B9A0193C0F3C6
:107150008010FEF7BDFC0028C8D16A7A019B02F0BE
:107160000302012AC0D802B0BDE8F0810B9B187859
:10717000FEF77AFC0028BED0B8E7062204F1080129
:10718000384608F03FFCB0FA80F04009B3E72278B7
:10719000C2F380124245ADD109980622194608F083
:1071A00031FCB0FA80F04009A5E700BF2DE9F047B7
:1071B0008AB0044600F0E4FFC0B2002800F0A380CB
:1071C00001F000F8054601F013F9064601F01AF93E
:1071D00001F050FB074601F02FFB804601F0CAF892
:1071E000FFF7C6F9EBB243B97748214600F0A0FE9D
:1071F0000AB0BDE8F04700F087BF17F0FF035FFA61
:1072000086F99A4640F08280FF2301208DF82730CE
:10721000F5F7E8F90646002800F0A980237B04EB87
:10722000830306F11C01D3F810C0634613F8020B68
:1072300000F00F0EC0F380124FEAD018307FBEF17D
:10724000010F00F00F000CBF0CF10805002503280A
:10725000074663D0052FC7D1707F2228C4D160684C
:107260000028C1D090F82C0010F002000646BBD1D7
:107270000DF127000390CDE90159CDF8008020469B
:10728000FFF720FF0028AFD00420F5F7ABF9002866
:10729000AAD04E48214600F04BFE00F035FF00F02A
:1072A0005BFF002854D1626892F82C3043F0010350
:1072B00082F82C30F5F7B0F917214FF6FF72017103
:1072C000C2808460059001F041F9059B186101F0CE
:1072D00091F900210446084600F00AFF059B241A94
:1072E0005C61BAF1000F17D09DF827205A760593FC
:1072F000F5F792F9059BD86019461868F5F7B8F9C3
:107300000AB0BDE8F087FFF733F96DE75FFA88F060
:10731000FEF752FB034678E7FF22E7E7707F0C2871
:107320007FF462AF002D7FF45FAF0DF12700019075
:10733000CDF800902046CDE906230591FFF78AFE9F
:1073400020BB307F079BDDE9051200F00F0781E7C6
:107350001F4A2049204840F26D6307F01AFA86F36D
:107360001188BFF36F8F0323184602DF9BE7184A8B
:107370001A49194840F20D6307F00BFA86F3118899
:10738000BFF36F8F0323184602DF47E70E482146FD
:1073900000F0CEFD00F0D6FF237E04EB8303D86916
:1073A00000F096FE00F0D8FE0028A9D0084A09494E
:1073B000094840F2266307F0ECF985F31188BFF322
:1073C0006F8F384602DF9BE7516F01004D6B010064
:1073D000D066020024670200CC5702001C6702003E
:1073E000F8B50546FFF7C4F8F5F75EFA044600283D
:1073F0003FD0274B274A1B781178A27926485B009B
:1074000001F0010103F002030B4322F003021343D6
:10741000224A01881278A18001202070A371227273
:1074200019B195F92730002B04DB2846BDE8F84058
:10743000FFF7ACB895F82C30C3F30213022B16D02B
:10744000042B0CBF4FF4BC77282701F0BFF8064689
:1074500001F0C2F8301AE060EA6BC4E904270023A7
:10746000EB636B642846BDE8F840FFF78FB8182738
:10747000EBE70B4A0B490C4840F2E73307F089F978
:1074800084F31188BFF36F8F0323184602DFB0E740
:107490001334002014340020523300201234002012
:1074A00080670200B85F0200CC57020008B500F008
:1074B00093FE02780346012161F301021A70002055
:1074C00008BD00BF00207047704700BF30B4074AB6
:1074D000074D084C0848094900231380084A2B80AF
:1074E000237003700B70137030BC70475233002050
:1074F00054330020143400201534002013340020AD
:107500001234002091F82C305B070DD4814208D151
:10751000064B1B88002B0CBF6FF00F006FF08B0029
:1075200070476FF08B007047002070475433002085
:1075300038B504460D46002841D0FFF725FA00284B
:1075400054DBE2682389518B938301330B4492F916
:1075500027105383002913DBF5F7A6F90446F8B189
:10756000A37923F00303002243F0020301212170D9
:10757000A280A37122722846BDE83840FEF730BFD2
:107580002089136B916B00FB03330B44516B8B42CF
:1075900028BF0B469363F5F787F904460028DFD12F
:1075A0001C4A1D491D484FF4877307F0F2F884F315
:1075B0001188BFF36F8F0323184602DFD0E791F9DC
:1075C000273083420ADB1648294600F0B1FC00F060
:1075D0009BFD95F87E301B0717D438BD114B1B88D7
:1075E000002BF0D1104B01221A70ECE7094A0F4929
:1075F0000A48F52307F0CDF8002383F31188BFF381
:107600006F8F0323184602DF9BE7BDE8384001F087
:10761000CDB800BF80670200B85F0200CC570200FF
:10762000E173010054330020133400208866020007
:10763000F8B507460120F4F7D5FF054658B30021F9
:10764000697797F86760B7F85A4006F00706304642
:1076500000F0CCFC97F87E30B2001B0705F11C054A
:10766000E1B242F001020ED50431C9B2082000F0A7
:10767000FFFC2A46314607F17F0000F0C7FFBDE856
:10768000F84000F01FBD082000F0F2FC2846BDE8DD
:10769000F84000F017BD074A0749084840F21A337E
:1076A00007F077F885F31188BFF36F8F032318462F
:1076B00002DFC4E7806702001C670200CC570200AB
:1076C00038B50446FEF742FF2B4AA08913880133E0
:1076D000138000F0ADFE94F8662094F86700C2F3C2
:1076E000C00300F0070002F00702002100F0C6FD11
:1076F0002046FFF79DFF00F039FD60BB00F080FFE2
:10770000258A034694F8670001210D3500F0070033
:107710001D4400F0EDFC94F8673003F00703022BE2
:10772000054416D0042B0CBF4FF4BC73282394F8E7
:107730006600C0F3C00100F007001D4400F0D4FC57
:10774000281A00F015FF21460C48BDE8384000F02B
:10775000EFBB1823EBE70A4A0A490B4840F2B6236D
:1077600007F017F8002383F31188BFF36F8F03230B
:10777000184602DFC2E700BF54330020B978010089
:1077800080670200CC670200CC57020070B50E463D
:1077900090F86610B0F8584082B0054601F0070036
:1077A000C1F3C001019000F021FC95F87E300198F2
:1077B000DB064FEA800040F00102E1B20ED5043151
:1077C000C9B2082000F054FC314605F1A00000F0D9
:1077D00077FF02B0BDE8704000F07ABC082000F0EE
:1077E00047FC304602B0BDE8704000F071BC00BFFD
:1077F00030B5044685B003AA806E0D46E16EF2F7FF
:10780000E5F994F87E30590702463CD468B3039BEF
:1078100094F87D1094F87C0004330B4410B9587828
:1078200084F87C0031B11978012060F301011970EE
:1078300094F87D1094F87C000192411A597020460A
:107840000093F8F7F1F9009B019A597881422CD9FD
:10785000587001211A7802F00F02002042EA01124A
:107860001A7098702B6005B030BD43F0040384F8A3
:107870007E3000F0B1FC03461A7822F010021A7034
:107880002B6005B030BD43F0040384F87E300090D7
:1078900000F0A2FC009A0346002AEDD0027842F0E4
:1078A000100202702B6005B030BD1168E26E891ABB
:1078B00018BF0121CEE700BFF0B585B0044600F047
:1078C0005FFCC0B2002800F0BE8000F07BFCC7B2B5
:1078D00000F050FDFEF742FEAC4A1388012003443D
:1078E0001380F4F77FFE0646002800F0EA80002FA0
:1078F0004AD1A74B1D78002D40F0B080012203A98A
:1079000020461A70FFF774FF039BE089019300F093
:107910008FFD94F8670000F0070000F065FC9D48BB
:10792000214600F005FB00F05DFE019B94F87E10FF
:107930001A7861F3C3021A7094F87E201978C2F3A2
:10794000400262F38201197020461946FFF71EFFBC
:1079500000F00CFC002840F0A48000F037FE002866
:1079600068D0002F6CD0A08A4FF6FF73984200F0C9
:10797000DB803946F8F79EF8002D40F0838005B093
:10798000BDE8F040F4F76CBE94F87E30327F03F02F
:107990000101C2F38000884200F0A58094F92720FD
:1079A00081F0010161F30003002A84F87E3005DADA
:1079B00094F82C3043F0080384F82C3094F87E308F
:1079C0005F0700F1C280D4E91A0103AAF2F7FEF8BA
:1079D0000746002800F0FE8094F87D20039B1344A6
:1079E000597971B194F87E30DD060AD5D4F8B030FB
:1079F0000133C4F8B030D4F8B43043F10003C4F814
:107A0000B43094F87C300A44D2B29A42C0F0A880D4
:107A100000F0D280604A6149614840F2744306F048
:107A2000B8FE002383F31188BFF36F8F032318463A
:107A300002DF90E000F0BEFD00F0C2FD002F92D109
:107A400005BB05B0F0BDFEF789FD5648214600F0A4
:107A50006FFA05B0BDE8F04000F056BB013DEDB255
:107A600003A920461D70FFF7C3FE039B002D40F0C5
:107A700032814C480193214600F05AFA00F062FC32
:107A8000019B53E7F4F7C8FD03233371A38A3068E1
:107A9000F3803146F4F7D2FD05B0BDE8F040F4F7CD
:107AA000DFBD3D4A40493E484FF4F87306F071FE91
:107AB000002383F31188BFF36F8F0323184602DF7F
:107AC0004BE7354A3949364840F25B1306F061FE10
:107AD00086F31188BFF36F8F0323184602DF002F50
:107AE0003FF407AF50E70027C2F3C002C3F34003DF
:107AF0009A4238D00025264A2D4B0021117020468D
:107B0000012203A91A70FFF773FE327F039BD1068F
:107B10003FF5FBAE1A78D2063FF5F7AE5A78002A49
:107B20007FF4F3AEA5E700251B4A22491C484FF419
:107B3000047306F02EFE002383F31188BFF36F8FCA
:107B40000323184602DFA08A13E723F0040384F816
:107B50007E3000F041FB94F87E30327F0027C3E78F
:107B600084F87D20F7E70320F4F73CFD0028C1D01E
:107B700094F87E3083F0020384F87E30757F002D08
:107B8000B9D0DBB2180729D40125B4E7523300205D
:107B900015340020C176010080670200A858020059
:107BA000CC570200E1730100CC6702001C670200A1
:107BB00014340020E86702000022E06EA4F87C2064
:107BC00004F16801F2F70AF8039B1B683B60039B12
:107BD0001F60039F94F87E30327F85E700F0B4FD8C
:107BE0000546002868D000F0D7FD002854D1D4F80D
:107BF0008F30D4F89320134304D1337F03F0030371
:107C0000032B32D0354B3648022221461A7000F041
:107C10008FF900F079FA00F09FFA78B900F0D6FCFD
:107C2000E0B1002F3FF40DAFA08A4FF6FF739842EA
:107C30003FF479AF3946F7F73DFFA0E6294A2A49D4
:107C40002A484FF4B67306F0A4FD002383F311888D
:107C5000BFF36F8F0323184602DFDFE700F0AAFCB3
:107C600000F0AEFC002FDFD1EBE600F0B9FA43786C
:107C7000272B0146C6D80333DAB206F11C0007F001
:107C8000E8FED4F88F30D4F89320013BC4F88F304D
:107C900042F1FF33C4F89330D4F88F300F4A0133E8
:107CA000C4F88F30D4F8933004F18F0143F100030E
:107CB0004B600123137067E70A4A0D490B4840F2F5
:107CC0008F4306F066FD85F31188BFF36F8F0323A2
:107CD000184602DF87E73D4617E600BF1234002052
:107CE000E17301008067020024670200CC570200A4
:107CF000E067020010B582B00446FEF72FFE0028B0
:107D00001BDB154A1549164800940023F4F708FEBA
:107D100008B1773001D102B010BD124A12491348A0
:107D2000552306F036FD002383F31188BFF36F8FD0
:107D30000323184602DF02B010BD0A4A0C490B4863
:107D40004C2306F026FD002383F31188BFF36F8FC9
:107D50000323184602DFD4E7391C00003175010007
:107D60000575010000680200105A0200CC5702009D
:107D70008866020008B54FF08053D3F8A420013282
:107D800007D04FF08053D3F8A020D2070ED40020A4
:107D900008BDD3F8A8304FF6FF729BB29342F6D0DD
:107DA0004FF08053D3F8A020D207F0D5D3F8A42009
:107DB0000260D3F8A8200271120A62F03F024271F9
:107DC000D3F8902001321CD0D3F89420013218D07F
:107DD000D3F89820013214D0D3F89C20013210D06F
:107DE000D3F89020C0F80620D3F89420C0F80A20D9
:107DF000D3F89820C0F80E20D3F89C30C0F8123089
:107E000004E010220021063007F02EFE012008BDFC
:107E100010B510220C46002107F026FE4FF08053CB
:107E2000D3F88020013218D0D3F88420013214D046
:107E3000D3F88820013210D0D3F88C2001320CD036
:107E4000D3F880202260D3F884206260D3F88820A1
:107E5000A260D3F88C30E36010BD20461022BDE84C
:107E60001040002107F000BE054B4FF48032002186
:107E7000C3F80815C3F84423C3F80423704700BFB0
:107E800000B00040054B1878421C1A7018B9044B1A
:107E900001221A6070470120704700BF163400208D
:107EA00000B0004038B50E4D2C784CB1601EC0B209
:107EB000287018B90B4B01225A6038BD012038BD1B
:107EC000094A0A490A48712306F063FC84F31188C1
:107ED000BFF36F8F0323184602DF2C78E6E700BF5D
:107EE0001634002000B0004054680200A068020070
:107EF000CC570200014BD3F80405704700B0004096
:107F0000024B00F5A87043F82010704700B0004005
:107F1000044BD3F8103123B1034A044B10681B689B
:107F20001847704700100040DC2A0020E02A00209B
:107F300010B582B0044601200191EBF76DFC094AAF
:107F4000094B0199094811601C601021084BC0F8C9
:107F5000041302220120C3F8802102B0BDE81040C2
:107F6000EBF74CBCDC2A0020E02A00200010004087
:107F700000E100E04FF080434FF0FF320021C3F8F2
:107F8000002EC3F8042EC3F8081EC3F80C2EC3F845
:107F9000101EC3F8142EC3F8182EC3F81C2EC3F8F5
:107FA000202EC3F8242EC3F8282EC3F82C2EC3F895
:107FB000302EC3F8342E704708B50120EBF72CFCA7
:107FC000074B08484FF0000C4FF490514FF41052FB
:107FD000C0F818C5C3F80018C3F8042808BD00BFCE
:107FE00000F0014000100040704700BF054B022820
:107FF0000CBF0421032140F20122C3F81015C3F87D
:108000005026704700100040014BC3F80C05704724
:1080100000100040014BC3F80805704700100040F5
:10802000084B00F07F00C3F85405D3F8182522F060
:108030000072C3F81825D3F8182542F00072C3F86F
:108040001825704700100040084A00210123C2F89B
:108050002C15C2F83035C378C2F8243581780388EE
:1080600043EA01431B02C2F81C3570470010004070
:1080700002F01C03A3F1080302F00302B3FA83F336
:10808000013A5B091B06022A98BF43F4801300F0F3
:108090000F000A4A184340F48070C2F81405D2F861
:1080A0001805074B0340C2F81835D2F818351943A4
:1080B00041F44031C2F81815704700BF001000406D
:1080C0000000F8FE014BC3F80405704700100040A3
:1080D000014BC3F8040570470010004002280CBF94
:1080E00028202920704700BF0120704729207047B1
:1080F00002280CBF05200A20704700BF014B012257
:108100001A60704700100040064A074901234FF4E7
:10811000106C0020C2F808C55360D360C1F800029B
:108120000B61704700F0014000100040094B002235
:10813000C3F80021D3F80011C3F80421D3F80411C7
:10814000C3F80C21D3F80C11C3F81021D3F8103167
:10815000704700BF00100040034BD3F80001003807
:1081600018BF0120704700BF00100040034BD3F838
:108170000401003818BF0120704700BF0010004004
:10818000034BD3F80C01003818BF0120704700BF23
:108190000010004001207047034BD3F85005B0FA9F
:1081A00080F04009704700BF00100040044B40F2CF
:1081B0000312C3F83425C3F83805C3F83C157047DB
:1081C00000100040034BD3F80004003818BF012012
:1081D000704700BF0010004000487047DC290020B5
:1081E00000487047D82800201E4B1F4930B5032295
:1081F000DFF878E0C3F800229EF800201C4C1D4DEB
:10820000C4F8685502F10C03DBB2D000DB0001EBCF
:10821000820C03F18043910000F1804003F5F833B4
:1082200000F5F83001F18041C4F86C0501F510410A
:108230001148C3F810C5C3F81405D1F840352D2BEB
:108240008ABFD1F8403501232D3BC1F84035084B9A
:1082500001324FF4106102F00102C3F804158EF8E8
:10826000002030BD00100040409100401734002035
:1082700000F001400C110040041000402DE9F041D5
:108280002A4CDFF8ACC02B4D2B4E2C4F0323C4F8E7
:1082900000329CF80010C6F8687501F10C03DBB2DF
:1082A000DB004FEAC10E03F1804303F5F83390463B
:1082B0000EF1804205EB810502F5F832C6F86C2517
:1082C000C3F810554AF2B812C3F8144549F634639E
:1082D000B8F1020F08BF1A464FEA810E41F2883307
:1082E00042F2B844022818BF23460EF1804E0EF524
:1082F000104E1344124AA2FB0323DEF84025B2EBD2
:10830000931F8ABFDEF840250123A2EB9313CEF81A
:108310004035094B01314FF4106201F00101C3F8FF
:1083200004258CF80010BDE8F08100BF001000406B
:10833000173400204091004000F001400C11004033
:10834000D34D62100449054B03204FF41062C1F86D
:108350000002C3F8082570470010004000F00140FB
:10836000034B0022C3F81C21D3F81C31704700BF17
:1083700000100040034BD3F81C01003818BF012047
:10838000704700BF0010004000B54FF0000C8E4653
:108390004FEA8C0303F1804303F580531168C3F85F
:1083A00000160CF1010C9188C3F82016BCF1080FDF
:1083B00002F10602ECD1034B40EA0E20C3F840065E
:1083C00000BD00BF00100040034AD2F8403623F041
:1083D000FF03C2F84036704700100040034B0022F4
:1083E000C3F81421D3F81431704700BF00100040C7
:1083F000034BD3F81401003818BF0120704700BFA9
:1084000000100040014BD3F81004704700100040EA
:108410000449054B054A4FF48020C1F84803C3F8CE
:108420000825704700B0004000F00140C001700E08
:10843000034B044A1B7803F5A87342F823007047E6
:108440001734002000900040DFF8D8C0A2F5742354
:10845000A3F510736345344BDFF8D0C0134498BFC5
:108460001346334A10B5ACFB03C304464FF0010C6E
:108470004FF00000C2F80CC0C2F804054FF0040031
:10848000C2F8100501F1FF3CDFF8A8E04FF0020050
:10849000C2F8080588BF614627489B0CC2F84035E2
:1084A0004FF4802CCEF848152449CEF844C3C0F8C8
:1084B00040154021C0F84425C0F8041564B34FF4BA
:1084C0008012C0F804251E4A01214FF0000C4FF025
:1084D000040E1846184BD160C2F804C5C2F810E566
:1084E000C2F808C511601749C3F850150C32C3F81B
:1084F000542502F5AF32DFF850C0C3F858C502F575
:10850000FC7201F50041C3F85C2538310832C3F82C
:108510006015C3F8642510BD4FF40012C0F804259F
:10852000D1E700BFBFBDF07F4AA9D10183DE1B4365
:108530000080004000B0004000F0014048B1004021
:10854000009000400C11004040910040014BD3F8D6
:108550004805704700B000400349044A01234B60BE
:108560000B61536013617047008000400090004031
:108570000449054BC1F844054FF08862C3F804254F
:10858000704700BF0080004000F00140054B0648E6
:108590000649074AC3F84805C3F84C15C3F8042533
:1085A000704700BF00F001400011004040800040D3
:1085B00080000004014BD3F8440570470080004060
:1085C000014B1860704700BFD4280020014B186889
:1085D000704700BFD4280020014BD3F840057047F6
:1085E00000800040024B4FF00062C3F80425704742
:1085F00000F00140014BD3F848057047008000406F
:10860000014BD3F84805704700800040254B4FF0E0
:10861000000C00B50229C3F800C54FF0020CC3F8E6
:1086200000C58646944633D003F580334FF0007280
:108630001D49C3F804251B4A1C4BC2F80415D3F886
:108640001835DBB21F2B03D9FF2B28D0191F00E0F0
:108650001B21144B1648C3F8181500221549C3F8FE
:1086600008E5C3F80C05C3F810C5C3F81415C3F822
:108670000022C3F80021D3F80011C3F80421D3F875
:108680000411C3F808210121D3F80821196000BDA5
:10869000094B0A494FF00072C3F80425CBE7FB21D0
:1086A000D7E700BF00F000400100000100100040CB
:1086B000D8280020C827002000F001400100010157
:1086C00010B51C4B1C4C1D4A4FF0000C8E4602216D
:1086D000C3F800C5C3F80015C3F80445D2F818352F
:1086E000DBB21F2B844603D9FF2B21D01A1F00E0D9
:1086F0001B22104B1248C3F8182500210122114CEF
:10870000C3F808C5C3F80CE5C3F81005C3F8144551
:10871000C3F80022C3F80011D3F80041C3F80411D4
:10872000D3F80441C3F80811D3F808111A6010BD3A
:10873000FB22DEE700F000400000010100100040D5
:10874000D8280020C827002038B5114C0223C4F8CF
:108750000433D4F8043163B92025EFF3118085F395
:108760001288BFF36F8F07F07CF8D4F80431002B28
:10877000F3D0074B074A02204FF40041C3F8080327
:10878000C2F88011D3F80801B0FA80F0400938BD72
:1087900000F0004000E100E0034BD3F80004003893
:1087A00018BF0120704700BF00F00040034B0121BB
:1087B00000229960C3F80025704700BF00F0004018
:1087C00030B5194A194BD2F80445194D8E4604F1BB
:1087D000FF3C00210324C3F80045C3F80405C3F897
:1087E00008E5C3F810C5C3F81455C3F80011D3F851
:1087F0000001C3F80411D3F80401C3F808114020A4
:10880000D3F80831C2F86005D2F80032094843F0C5
:108810004003C2F80032C2F828114FF40003D2F826
:108820002821C0F8043530BD0010004000F00040A1
:10883000C427002000F00140014BD3F8000470472A
:1088400000F0004010B4084A084C09490023C2F85F
:1088500028314FF40000D2F82821C4F80035C1F8BF
:10886000080510BC704700BF0010004000F0004039
:1088700000F0014038B5154BD3F8280120B3144C53
:108880000123C4F80433D4F8003163B92025EFF391
:10889000118085F31288BFF36F8F06F0E2FFD4F8E2
:1088A0000031002BF3D00A4B0A4A01204FF400415B
:1088B000C3F80803C2F88011D3F8040120B1D3F83B
:1088C0000801B0FA80F0400938BD00BF0010004038
:1088D00000F0004000E100E00139012905D80B203B
:1088E0000AB1EAF78BBFEAF797BF08B5074A08490C
:1088F00008482D2305F04DFF002383F31188BFF3B3
:108900006F8F0323184602DF08BD00BFAC6802006A
:10891000A8580200CC57020029B10139012905D815
:108920000B20EAF78DBF1820EAF78ABF08B5084A7E
:1089300008490948412305F02CFF002383F31188DF
:10894000BFF36F8F0322104602DF184608BD00BF39
:10895000AC680200A8580200CC57020088420BD035
:10896000012803D0022809D000207047A1F102009D
:10897000B0FA80F04009704701207047A1F1010072
:10898000B0FA80F040097047012908B508D00229E3
:1089900006D059B90D4B4FF08072C3F8002108BDC5
:1089A0000A4B4FF40062C3F8002108BD084A094988
:1089B00009487B2305F0EDFE002383F31188BFF304
:1089C0006F8F0323184602DF08BD00BF00E100E0FF
:1089D000AC680200A8580200CC57020008B50BF0A2
:1089E000FDFF08BD032810B5044604D8124B1C5DDA
:1089F0009CB1204610BD114A11491248292305F0A7
:108A0000C8FE002383F31188BFF36F8F032318463A
:108A100002DF094B1C5D002CEBD1084A0A490948CA
:108A20002C2305F0B6FE84F31188BFF36F8F032368
:108A3000184602DF204610BDA46A0200FC6802004E
:108A40004C690200CC5702006C690200013810B575
:108A50009C46042869D8DFE800F014221B29030093
:108A600004292CD0334A34493448B82305F091FE08
:108A7000002383F31188BFF36F8F0323184602DFAF
:108A800010BD04292DD02B4A2B492C484C23EDE74F
:108A900004291DD0274A284928487A23E6E70329D4
:108AA00028D0244A244925486323DFE7032933D00B
:108AB000042928D01F4A20492048A023D6E7204B6C
:108AC000C3F808C0BDE8104002210320F1F7F2B856
:108AD0001C4BC3F808C0BDE8104002210120F1F78B
:108AE000E9B8194BC3F808C0BDE8104002210020C6
:108AF000F1F7E0B8154B0121C3F808C0BDE81040FC
:108B00000846F1F7D7B8124B0221C3F808C0BDE8F8
:108B100010400846F1F7CEB80E4BC3F808C0BDE8C8
:108B2000104001210220F1F7C5B8024A024903486A
:108B3000BE239BE7FC680200A8580200CC57020045
:108B400038040020680400208804002078040020F5
:108B5000480400205804002001460020FFF7D0B947
:108B6000124B30B40121044600205960C3F804457B
:108B7000C3F80001C3F80401196005E0D3F804212B
:108B800032B9D3F804251AB1D3F80021002AF5D060
:108B90005960D3F80421002AE7D1D3F80455002DF9
:108BA000E3D0C3F8042530BC704700BF00E00040AC
:108BB0002DE9F041224C0125D4F8046565600E20B2
:108BC000EAF72AFED4F8040158B10021C4F80411D0
:108BD000D6E90E321B48834228D115605560BDE8A6
:108BE000F081D4F800311F468BB1C4F80001B46B9A
:108BF000144AF36B944206F120011BD158601D60AA
:108C0000BDE8F041102203F10800F0F7AFBF0E4AB3
:108C10000E490F48E42305F0BCFD87F31188BFF32C
:108C20006F8F0323184602DFBDE8F0812846BDE8B8
:108C3000F04118471A462346BDE8F041184700BFE7
:108C400000E00040558C01007C690200A858020039
:108C5000CC570200134601221A60586000B17047D9
:108C6000102203F10800F0F781BF00BF70B58CB08F
:108C70000E4615460146102268461C46F0F776FF60
:108C800010220DEB02003146F0F770FF6846FFF747
:108C900067FF25B1102208A92846F0F767FF24B125
:108CA000102208A9204606F0D4FE0CB070BD00BF0B
:108CB000084B70B5C31A0D4607499B10044659432B
:108CC000064840220AF0D7F82B4601462046BDE868
:108CD00070401847282B0020B76DDBB6544E0200B9
:108CE00037B50C460B490C4A411A05460B48402340
:108CF0008910414300930A4823460AF0E7F80146E9
:108D000028B12846234603B0BDE83040184703B0D9
:108D100030BD00BF282B0020392F0200B76DDBB615
:108D2000544E0200002270B5012104461046EAF7B5
:108D300095FD114801F080FA104B984218D1206936
:108D400000F000FA01F08AFA26690D49304605F074
:108D500006FE00280BDB012535642469084904F16F
:108D60001C0005F0FCFD002801DBE564002070BD5F
:108D70006FF00400FBE700BF3D8E01000000AD0B6B
:108D8000A86A020010B5002286B00123CDE90223B3
:108D900004ABCDE90433084ACDF800D06B46CDF8DA
:108DA00004D00AF0C2F828B94FF480420023684684
:108DB00004F0BEF906B010BD512F020010B5EFF35C
:108DC0001184202383F31288BFF36F8F074A13683F
:108DD00023F00201DB07116002D401200AF0C8F978
:108DE00084F31188BFF36F8F10BD00BF782B002074
:108DF00030B4104B0C2202FB003301460020D3E9B3
:108E00000E529863EFF31180202484F31288BFF38D
:108E10006F8F1C6C04F0C00444F002041C6480F3E7
:108E20001188BFF36F8F1DB12B46034830BC184724
:108E300030BC7047282B0020544E0200012810B58A
:108E400004460AD003280CD078B9084B1B6C5B078A
:108E50000BD1BDE81040FFF7CBBF00F081F92046F1
:108E6000F7E7BDE8104000F089B910BD282B0020BD
:108E700010B4EFF31180202383F31288BFF36F8FB8
:108E800017490A6842F002040C60D10709D4002394
:108E900080F31188BFF36F8FF3B110BC0020FFF790
:108EA000A7BF4FF08042D2F80C14D2F80C24D2079E
:108EB000EDD5EFF3118183F31288BFF36F8F094A69
:108EC000136C03F0C00343F00203136481F31188B1
:108ED000BFF36F8F0123DBE710BC012001F0D0B995
:108EE000782B0020282B0020024AC3B21C2000FB54
:108EF00003207047282B0020094BBFF35B8F53E8FA
:108F0000002F42F0010143E800100028F7D1BFF321
:108F10005B8F930702D4012001F0B2B9704700BF04
:108F2000782B002010B5EFF31184202383F31288EF
:108F3000BFF36F8F074A136823F001019B0711608D
:108F400002D401200AF014F984F31188BFF36F8F63
:108F500010BD00BF782B0020F8B52949BFF35B8F07
:108F60000646012251E8003F41E800200028F9D1DF
:108F7000BFF35B8F33B9234923484B60CB608A60D2
:108F800005F003FD731E012B39D80BF027FD0446B5
:108F900010B91E4B1B7853B9EFF31185202383F3CF
:108FA0001288BFF36F8F01244FF0804712E04FF01B
:108FB00080430222C3F808230546F5E7002121205B
:108FC0000BF0C1FD06E0012E0ED0002CF6D0284695
:108FD00006F047FCD7F81824D7F81834D20303F06A
:108FE0000303F2D5002BEED12CB94FF080430222BF
:108FF000C3F8042303E085F31188BFF36F8FF8BD36
:10900000242B0020142B0020442B00201A34002095
:109010000D4BBFF35B8F012253E8001F002903D1E2
:1090200043E800200028F7D1BFF35B8F0BD1074A3C
:109030000023D360064B536003239360054B114616
:10904000186805F0A2BC7047982B0020802B0020E8
:10905000199101007C2B002007B500220023CDE9E7
:10906000002307484FF40032002305F009F9054BAF
:10907000186805F0D5FC044B00221A6003B000BD4F
:10908000580500207C2B0020982B002073B51D4D27
:109090001D4CAE684021F3682846984770B1002304
:1090A00023701A46217809B1012A1FDD174A13805F
:1090B00001F038F90123237002B070BD0C2133692F
:1090C0006A46284698470028E9D1BDF80020019B50
:1090D0000F4993FBF1F303EB82030C4AB2F9002032
:1090E0001BB29A1A48BF524212B2DBE7094A136810
:1090F000013901332170136002B0BDE87040FFF701
:10910000ABBF00BFF44E02001834002056330020DD
:1091100090D00300902B002008B507480BF0ACF965
:1091200028B901F0FFF8054B01221A7008BDBDE80F
:109130000840034804F0BEB9F44E02001834002081
:1091400098040020034B044A186000231360034A6C
:10915000136070477C2B0020942B0020902B002064
:10916000024B00221A70FFF753BF00BF18340020D3
:1091700001480BF0B2BD00BF58050020024A136839
:1091800001331360FFF768BF942B0020EFF31182C7
:10919000202383F31288BFF36F8F0A4BD3F800119B
:1091A00061B10021D3F80805C3F80011D3F80031EC
:1091B000C0B282F31188BFF36F8F70476FF00A005F
:1091C000F7E700BF00D00040F0B58378C678EFF332
:1091D000118E202484F31288BFF36F8F057890F8E6
:1091E00001C05B1B33409A4288BF9AB2AF18374028
:1091F0002C4607708EF31188BFF36F8F8F188F4244
:1092000019D165450CD1EFF31181202484F3128824
:10921000BFF36F8F0478447081F31188BFF36F8FB1
:1092200000799B1A984228BF074B91B224BF0122B4
:109230001A600846F0BD00EB040E01349EF805E00C
:1092400001F801EB3440DAE700D00040DB432DE9C0
:10925000F04713F001050F46144604D02448FFF7E9
:10926000B3FFBDE8F087B2B3EFF31186202383F399
:109270001288BFF36F8F0D20EAF7E2FA80460D20C7
:10928000EAF7CAFA86F31188BFF36F8FDFF864A09C
:10929000194ECAF80051DAF800314FF40059012391
:1092A000CAF800302546C6F88091DAF80031A3B13B
:1092B000FFF76CFF0028A4BF05F1FF35ADB2C6F87B
:1092C0008091A8BF7855002DEFD1B8F1000F02D0E2
:1092D0000D20EAF793FA2046C3E7EFF3118020232D
:1092E00083F31288BFF36F8F06F0BBFADDE700BF90
:1092F000CC2B002000D0004000E100E070B50D460E
:1093000014460CB9204670BD4FF0FF334FF0FF32CA
:109310000C4803F00DFF224629460B48FFF754FF87
:109320000646084803F0CAFE3EB94FF0FF324FF040
:10933000FF33064803F0FCFEE6E7A41BA4B2354465
:10934000DFE700BF9C2B0020E12B0020B42B002086
:1093500038B50122114618480BF026FA164D0122A5
:10936000002105F118000BF01FFA40F20743A5F8A1
:1093700048304FF070632B630C2385F834300024A1
:109380000E4B85F84540A5F84640D3F8042542F039
:109390000102C3F804250121C3F80041D3F80021DC
:1093A000C3F80413224619600D20EAF757FA0D207E
:1093B000EAF724FA204638BD9C2B002000D000405C
:1093C00010B5FFF7E3FE00281FDB164B93F83220A1
:1093D00093F8314093F83310141B31EA04040DD193
:1093E00093F8472093F8464093F84810141B31EA4D
:1093F00004040BD10C4B01225A600EE09C18013280
:10940000114084F8350083F8321010BD9C180132E9
:10941000114084F84A0083F847100448BDE8104022
:1094200003F04CBE9C2B002000D00040B42B002049
:10943000024B0B6001231360704700BFF02B00202C
:1094400000487047C46A020010B50122114607485F
:10945000074C0BF0A9F9FCF715FC09F013FF20608D
:1094600009F00CFF6060002010BD00BFF82B002049
:10947000F02B00204FF08042D2F81035D2F81015B2
:1094800003F01E0321F01F010B4343F00103C2F858
:109490001035024B00221A70704700BF19340020AB
:1094A0004FF08053D3F83031082B20D14FF0804259
:1094B000D2F81015CB071AD5D2F8103501F01E01DD
:1094C00023F01F030B43C2F81035D2F808315BB10B
:1094D000D2F8103523F01F030B4343F00103C2F809
:1094E00010356FF08B007047024B01221A7000207C
:1094F000704700BF19340020F8B5044609F0BEFEDD
:10950000237B06460BB1FCF7D3FB134F0025FFF777
:10951000C7FFE8B9606801F063FBA3689B1BA36009
:109520006368334463603B780BB1FFF7A3FF237B91
:1095300001353BB9A368002BE9D1A068003818BFFA
:109540000120F8BD2846E8F797FA0028F2D0F4E7A2
:109550006FF08B00F5E700BF19340020F0B587B03D
:109560000E46154609F08AFE29460746304609F0A0
:1095700066FD20B96FF01504204607B0F0BDB6FBBC
:10958000F7F307FB1363002BF4D1B5FBF7F407FBEC
:109590001454002CEED1BD42EED34FF0FF324FF009
:1095A000FF33134803F0C4FDFCF77EFB1022014695
:1095B000B0B1214602A806F057FA01228DF8142016
:1095C0000C4ACDE900200C48CDE90365FCF764FBAB
:1095D0006846E8F7D9F90446054803F06FFDCBE784
:1095E00002A806F041FACDE90365FFF785FFF2E72F
:1095F000F82B0020F9940100645E010070B5037B34
:1096000004460BB1FCF754FB194E0125A368032B4C
:1096100006D8184AD2F80034DB07FBD5002070BD0D
:10962000FFF73EFF08BB23686068196801F0F8FA8D
:1096300033780BB1FFF71EFF636804336360236860
:1096400004332360A368043BA360237B0135002B14
:10965000DCD02846E8F710FA0028D7D0054AD2F81F
:109660000034D907FBD50120D9E76FF08B00D6E78E
:109670001934002000E0014070B50D4686B019464F
:10968000284616461C4609F0DAFC20B96FF015048E
:10969000204606B070BD45EA04039B07F6D1002CB6
:1096A000F6D04FF0FF334FF0FF32114803F040FD8A
:1096B000FCF7FAFACDE9026502AB049488B1012205
:1096C0008DF814200B4A41F64C50CDE90023FCF7ED
:1096D000E3FA6846E8F758F90446054803F0EEFC5B
:1096E000D6E78DF814001846FFF788FFF4E700BFAF
:1096F000F82B0020FD95010038B543090FD1084B28
:10970000596861B101250C6885408A682A4002D0F9
:109710004B680448984714B121462468F5E738BDE2
:10972000102C0020744E02002DE9F043144640F244
:109730000636476887B0E00604EA060654BFC4F35D
:1097400040100320B6F5837F3A7B8DF8030048D0A4
:109750000DD8062E16D005D8A6B1022E43D06FF034
:1097600015003BE0B6F5807FF9D101260AE040F212
:109770000225AE4239D0B6F5407F38D0B6F5007F2D
:10978000EDD1022601F01F0545EA4215220330D52E
:109790007A6801238B40C2F808353A69A2BB05F00C
:1097A0001F036D092DD0012D7BD1404A02EB8302AE
:1097B000C4F30043D2F8001783F00103C4F340441C
:1097C00044EA430421F4E16144EA800421F0070102
:1097D00044EA06230B43C2F80037002007B0BDE877
:1097E000F0830726CEE70426CCE70526CAE7032642
:1097F000C8E7630341BF01237A688B40C2F80C3588
:10980000CBE74FF0A042D1E710370DF10202294615
:10981000384601F04FF814F4403F80460CD12946F9
:10982000384609F021FD224B9845D6D19DF802100B
:10983000384601F095F8D0E701AB4FF0000903AAD4
:1098400029463846CDE90439CDE90199CDF80C9087
:1098500000F0F0FE164B9842BFD114F4003315D03F
:109860009DF803308DF80E30C4F3004484F00104F9
:109870004B4603AA294638468DF80C608DF80D40FA
:1098800000F092FF0A4B9842A7D1CCE7CDE9043310
:1098900003AA0DF1030329463846039300F0CAFEDC
:1098A000F0E703F5E07352F82330FFDE00030050C9
:1098B0000000AD0B38B5446823692BB104F11000EA
:1098C00001F044F8054608B1002038BD014604F116
:1098D000100001F009F8094B98420BD12A4604F117
:1098E0001000074900F0E0FF2A4605210620E9F7AD
:1098F000B5FFE9E76FF00400E7E700BF0000AD0B3C
:10990000F9960100F0B54068046987B0002C74D066
:10991000057B01F01F04B2F5001F44EA451400F175
:10992000100506D12146284609F0A0FC002007B00A
:10993000F0BD01AE0027B2F5800F0197776040D1EE
:10994000B3F1007F14BF052304238DF804300023F6
:10995000CDE904630393836823FA01F111F0010157
:109960000DF103063BD1B2F1A07F38D104F01F0303
:10997000620903F5E0732FD0012A47D1254A52F836
:109980002330DB072BD432462146284600F092FFD5
:10999000214B984206D13146284600F0E7FF1F4B85
:1099A00098422DD1029603AA2146284600F042FE95
:1099B0001A4B984227D101222146284600F0DCFFAD
:1099C000B4E7B3F1C06F05D0B3F1007F14BF01233A
:1099D0000223BAE70323B8E74FF0A042CFE73246AD
:1099E0002146284600F066FF0C4B9842DBD19DF8DB
:1099F0000310284600F0B4FFD5E76FF0850096E726
:109A00006FF00B0093E76FF0150090E751F82330EB
:109A1000FFDE00BF000300500400AD0B0000AD0BE3
:109A2000014B01221A60704700C000400C290CD184
:109A300003690749DB6A07484B4393FBF0F100FBDE
:109A4000113311605360002070476FF0850070473C
:109A500090D0030040420F00044B00690022C3F87D
:109A60000021D3F8003103F029BB00BF00C0004043
:109A70007FB505692B6B63B3402901D00C292BD12D
:109A80004FF0FF324FF0FF3305F1180003F020FADA
:109A9000134B0193286B032300246946039402931C
:109AA00004F073FF4FF0FF324FF0FF33284603F00E
:109AB0003FFB286B04F0B4FF0A4BD3F80825EA6299
:109AC00001225A6005F1180003F078FA204604B02C
:109AD00070BD6FF00A00FAE76FF08500F7E700BF8E
:109AE000219A010000C0004010B504690020FFF772
:109AF000FBF920634FF0FF32002120460AF054FEAC
:109B000004F118000AF06FFD002201210C20E9F792
:109B1000A5FE0C20E9F772FE024B0122C3F80423D4
:109B2000002010BD00C0004070B5012383400E4AE4
:109B3000BFF35B8FDC4352E8001F01EA040542E8F3
:109B40000056002EF7D1BFF35B8F4FF48032824076
:109B50000648C0F80823BFF35F8FBFF36F8F0B4237
:109B600014BF0120002070BD542C002000100140C3
:109B700070B40E49D1E90034D01AC31844F100047E
:109B800022F07F46C1E90034A6F50013B3F5400F7B
:109B900009D2074B1B681A0A1B069C19054B42F198
:109BA0000005C3E9004570BC04F072BA80100020C3
:109BB000582C00208810002011B3BFF35B8F0123C5
:109BC000104A834052E800CF4CEA030C42E800C13F
:109BD0000029F7D1BFF35B8F0B4A4FF480338340EA
:109BE000C2F80433094BBFF35B8F1B68BFF35B8F75
:109BF000C340DB0742BF064B4FF40032C3F80021DD
:109C0000704700BF542C002000100140502C002051
:109C100000E100E00D4B1868010A0006BFF35F8FFA
:109C20000B4BD3F80435181841F10001B3F5801F30
:109C30000AD2084BD3E90023904271EB030303D20D
:109C400010F1807041F10001704700BF582C0020D6
:109C500000100140881000202DE9F04F85B0164615
:109C60001F469DF840A00446FFF75EFF0290FFF7F5
:109C7000D1FFB04271EB07035FD23E4B301A67EB66
:109C80000101984271F1000109D36FF015052046DA
:109C90000299FFF791FF284605B0BDE8F08F364BDB
:109CA00003EB0413D3E902239F4208BF964255D029
:109CB000324D4FF4803909FA04F904F15001C5F826
:109CC00048932046890009F037FA89B204F5A87252
:109CD00026F07F4B01F180410192294A01F588313C
:109CE000DC460323DDF804E02CF07F4045F82E002D
:109CF000C5F84493D5F804856FF00200A0EB080086
:109D0000604420F07F40904228D9086870B1D5F8AF
:109D10000485A8EB0B0020F07F40B0F5000F1DD9A3
:109D20002046039309F008FA039B154ABAF1000F85
:109D3000ABD103EB080C0133D4E7BAF1000FA4D187
:109D40000123104ABFF35B8FA34052E8000F184372
:109D500042E800010029F8D1BFF35B8F06490E9855
:109D6000230101EB0412C8500F9B5360C2E9026744
:109D700000258CE7010080007010002000100140D9
:109D8000FDFF7F00502C00207FB51C4C1C4BC4F8FD
:109D90000833C4F848331B4B00254FF0FF304FF019
:109DA000FF31C4F80855C3E902014FF48033C4F809
:109DB0000433154B02264FF400320121C4F804632A
:109DC0001120C3F880212A46E9F748FD1120E9F760
:109DD00015FD0E4A0123A360236013600C4B0D4A4E
:109DE0000093CDE9015500232846FFF735FF3046A3
:109DF000FFF7B2F8284604B070BD00BF0010014064
:109E000003000F007010002000E100E0542C00203F
:109E1000719B0100FFFF7F002DE9F3472E4CD4F822
:109E2000043399070BD5D4F8043143B12B4A0023EE
:109E3000C4F80431D4F80431136801331360D4F842
:109E40000433DA0333D5BFF35B8F254B53E8002F80
:109E500022F0010143E800100028F7D1BFF35B8F27
:109E6000D30720D50025C4F84051D4F84031FFF77E
:109E7000D1FEEFF31182202383F31288BFF36F8F9B
:109E8000184BD3E90267B042B94113D2294682F395
:109E90001188BFF36F8F51B1CDF800A032463B4619
:109EA0000020884703E0D4F84031002BDAD102B01B
:109EB000BDE8F0874FF0FF384FF0FF39C3E9028962
:109EC000D3E9001A1D604FF48033C4F84833C4F856
:109ED0004051D4F84031DAE700100140582C0020FE
:109EE000502C00207010002030B5431C124C85B05F
:109EF00005D08442A8BF0446012CB8BF0124FFF757
:109F000089FE0E4B0C4DD3E90013401AB0F5000F3B
:109F100010D22218AA4228BF2A4652184FF0000039
:109F200007490091CDE9010043F10003FFF794FEDA
:109F300005B030BD2A46F0E7FFFF7F00801000200B
:109F4000719B010008B5FFF765FE024B1B68C01A44
:109F500008BD00BF80100020024AD2F80034002B58
:109F6000FBD0704700E0014010B54FF08053D3F8AC
:109F70003021082A4ED14FF080420021C2F80C1146
:109F8000C2F81011C2F8381502F54042D3F8041493
:109F9000C2F82015D3F80814C2F82415D3F80C140D
:109FA000C2F82815D3F81014C2F82C15D3F81414DD
:109FB000C2F83015D3F81814C2F83415D3F81C14AD
:109FC000C2F84015D3F82014C2F84415D3F824146D
:109FD000C2F84815D3F82814C2F84C15D3F82C143D
:109FE000C2F85015D3F83014C2F85415D3F834140D
:109FF000C2F86015D3F83814C2F86415D3F83C14CD
:10A00000C2F86815D3F84014C2F86C15D3F844347C
:10A01000C2F8703509F09CF818B1374B374AC3F8CD
:10A020008C2609F095F818B1354BFB22C3F818259A
:10A0300009F08EF858B14FF080424FF08051D2F8BD
:10A04000E43ED1F8581261F30303C2F8E43E09F08C
:10A050007FF820B12B4B4FF40072C3F840264FF02D
:10A060008053D3F83031082B17D14FF08043D3F809
:10A070000024D20744BF6FF00102C3F800244FF060
:10A080008053D3F83431042B81BF4FF01023D3F821
:10A0900008224FF08043C3F858254FF01023D3F81F
:10A0A0000022002A03DBD3F80432002B22DA1649FF
:10A0B00001234FF01020C1F804351224FFF74CFFA4
:10A0C000C0F80042FFF748FFC0F80442FFF744FF22
:10A0D0000023C1F80435FFF73FFFBFF34F8F0B4953
:10A0E0000B4BCA6802F4E0621343CB60BFF34F8F9F
:10A0F00000BFFDE710BD00BF0050004048810300D5
:10A1000000F000400090024000E0014000ED00E05F
:10A110000400FA0530B50468CCB1BFF35B8FB4FA24
:10A1200084F3C3F11F03DBB201229A4024EA020246
:10A1300050E8005FA54204D140E8002CBCF1000FBC
:10A14000F6D1BFF35B8FE6D102480B7030BD0248F9
:10A15000FCE700BF0000AD0B0200AD0B10B50368BB
:10A16000CB40DB0714D401238B400268BFF35B8F25
:10A1700043EA020150E8004F944204D140E8001C39
:10A18000BCF1000FF6D1BFF35B8FEED1014810BDDB
:10A190000148FCE70000AD0B0400AD0BF7B5054628
:10A1A000A8B3012831D104224FF4807301464FF047
:10A1B00080400024C0F80813012111501C508D422A
:10A1C0001B588DF8071008BF0DF1070442F21077F5
:10A1D0004FF08046012D1FD0D6F81834C3F300434A
:10A1E0002CB3D6F8182402F00302226043B19DF884
:10A1F0000730012B04D1012008F0B8FF013FE9D15D
:10A20000012D02D10B4B00225A7103B0F0BD0C227C
:10A210004FF482730221CAE7D6F80C34C3F300432B
:10A220002CB1D6F80C2402F001022270DEE7002BDC
:10A23000E1D1E5E75C2C0020054B1A792AB99A7127
:10A24000012218609A80034870470348704700BF96
:10A250005C2C00200000AD0B0C00AD0B08B5074BCB
:10A260001B682BB10020E9F7EBFA08B9E9F7C6FA49
:10A270004FF080430022C3F8182508BD5C2C002055
:10A2800010B510B1012840D010BD4FF08043D3F875
:10A290001814D3F81824CC031ED5900702D0002040
:10A2A000FFF77CFF4FF080430022C3F818250220FF
:10A2B00008224FF4827303F180430021196002F1F8
:10A2C00080421C6801241460154A12680AB34FF0DA
:10A2D0008043C3F80403D7E7D3F81424D107E1D5AA
:10A2E000D3F81C249207DAD10D4A12681AB102225F
:10A2F000C3F80423C8E7D3F80421002AFBD00022C6
:10A30000C3F80421D3F80431BEE700224FF4807370
:10A31000D1E71A68002AFCD019601B68B4E700BFB7
:10A320005C2C00204FF08043D3F80C14D3F80C249D
:10A33000C80323D5D10721D5D3F81824D2031DD5BE
:10A34000104A9179E1B9C3F80C11D3F80C1102202D
:10A3500001219171C3F8340C1961126822B10822ED
:10A36000C3F8042308487047D3F80C21002AFBD017
:10A370000022C3F80C21D3F80C31F3E703487047EF
:10A38000034870475C2C00200000AD0B0500AD0BAE
:10A390000B00AD0BF8B54FF08043184DD3F80443D4
:10A3A0000127002604B9F8BDB4FA84F0C0F11F00FB
:10A3B000830003F580739BB203F1804307FA00F238
:10A3C000196892B224EA02040029EBD01E601B68CF
:10A3D0004FF08043012AC3F8082305D0082A08D08B
:10A3E0002B68C0B29847DDE76B79002BDAD16A7130
:10A3F000F6E7C3F8346CAE71F2E700BF5C2C0020C6
:10A40000036803F01F025B09026004D0012B0348BC
:10A4100018BF002070474FF0A04070470003005065
:10A42000034A430900F01F00D35C1844C0B27047D0
:10A430009679020070B50546FFF7F2FF0C4C083024
:10A440000E4634F81030DA0508D5C3F3432304EB85
:10A45000C302284654F8333052689847A3682BB19A
:10A46000E26831462846BDE87040184770BD00BF1D
:10A47000A804002011F0010310B50ED18A07C1F322
:10A48000400314D50B4BD3F820254260C3F8202598
:10A490004368003B18BF012309E04FF0A042D2F807
:10A4A00020450460C2F820450268002AE6D018461C
:10A4B00010BD00BF0003005010B5FFF7B1FF124AF6
:10A4C000083032F81030D9051CD5C3F3432123F4EA
:10A4D000F85322F8103002F10E04002034F8023F45
:10A4E00013F4807F03D0C3F3432399420AD0013091
:10A4F0003028F3D1002342F831300448BDE8104041
:10A50000FFF72CBE10BD00BFA804002020050020CE
:10A5100008B5FFF785FF034B083033F81000400BF8
:10A5200008BD00BFA804002008B5FFF779FF034B62
:10A53000083013F81000C0F3401008BDA804002034
:10A540000022F0B51446012617468C420CD1114B5F
:10A55000D3F87C1131B10021C3F87C11D3F87C31E0
:10A5600042F000421046F0BDE3B29B009D0806FA9F
:10A5700005F528420BD003F1804303F5C243D3F81D
:10A5800000C0BCF1000F02D01F601B682A430134D9
:10A59000DBE700BF0060004008B5FFF741FF044B58
:10A5A000083013F8100080F00200C0F3400008BD2E
:10A5B000A8040020F7B507460846FFF731FF194EFB
:10A5C00000F108050C4616F81530DB0727D538468C
:10A5D00008F027FE2046FFF7A7FF40B12046FFF70F
:10A5E00097FF396800F5A270002341F8203020461B
:10A5F000FFF762FF002301A826F815300194FFF74A
:10A60000FFFE019B00EB8300074BD0F800271340AF
:10A6100043F00203C0F80037044803B0F0BD04481B
:10A62000FBE700BFA8040020F0F8FCFF0000AD0B22
:10A630000400AD0B2DE9F043164685B007460846E9
:10A64000FFF7EEFE0D463168044631B3DFF848816E
:10A6500000F1080938F819309B0707D52846FFF79D
:10A6600063FF18B14D4805B0BDE8F08300220B46EA
:10A67000CDE900228DF80E208DF80F200DF10E018E
:10A680000DF10F02284608F075FD38F8193023F057
:10A69000020343F0010328F819307368A3B13E495F
:10A6A00093F800C05A6804F1080031F8103013F034
:10A6B000020F32D0002AD5D131F8103023F01C031C
:10A6C00043EA8C0321F81030B36823B3D3E9006761
:10A6D0002846FFF7F1FEF6B12F4D2B689E4202D1BE
:10A6E0006B689F4256D02E480DF10F01FFF712FD07
:10A6F0002C4B9842B7D19DF80F2045F8326005EBFE
:10A70000C20308345F6035F8143043EA422343F44F
:10A71000807325F814302348A5E723F02003DB04D9
:10A72000DB0C21F81030002AC6D0BCF1030F99D8F9
:10A730007268526892F800E03A68BCF1000F04D1E8
:10A740000EF5A27E42F82EC0B6E702EB8E0243EA77
:10A750004E33D2F8108528F00308C2F810853F6800
:10A7600007EB8E0743F02003D7F8102521F81030AF
:10A7700022F44F3222F44072C7F810252A02D7F88B
:10A78000108502F47C5242EA0C4242EA0802C7F801
:10A79000102591E70022B0E7A80400200400AD0BCB
:10A7A000200500200000AD0B2DE9FF470C46804638
:10A7B000204611469946FFF733FE824629B32046CC
:10A7C000FFF7EAFE18B12046FFF7AEFE20BB334D7F
:10A7D0000AF1080635F8163003F01C0313B14B7864
:10A7E000012B19D001238DF80F300023CDE9001380
:10A7F0004A1C8B1C20460DF10F0108F0BBFC35F8FC
:10A80000163043F0030325F81630B9F1000F43D09A
:10A810002046FFF7C1FE18B1214804B0BDE8F0871B
:10A8200099F80070D8F800301C4E07F5A27243F872
:10A8300022000AF1080036F8102022F02002D2048B
:10A84000D20C26F8102099F801502DB3D8F800103A
:10A8500099F802E001EB87012D04D1F8103523F4BB
:10A86000991323F4F853C1F81035230203F47C53F1
:10A8700005F440354FEA0E54D1F810C52B4304F4CB
:10A88000801442EA4732234342F0200243EA0C0399
:10A8900026F81020C1F810350248BEE7A8040020B1
:10A8A0000400AD0B0000AD0B014BC3E90212704771
:10A8B000A804002010B508461446FFF735FE50B135
:10A8C0000846FFF7ADFD054B083033F8103004485B
:10A8D0005B0B237010BD0348FCE700BFA8040020F9
:10A8E0000000AD0B0400AD0B70B5154D95F8804020
:10A8F00006461CBB6022214605F1100005F0B4F8A5
:10A9000030682B6F214622468B420ED10023C0F8BF
:10A910007C31D0F87C3140F30730E8F76FFF01233A
:10A92000084885F88030AB6770BDCCB21F2C04BFDF
:10A93000C0F87C21D0F87C410131E5E70248F3E71B
:10A94000A80400200000AD0B0C00AD0B034B93F8E6
:10A950008000003818BF0120704700BFA804002005
:10A960000148FFF7FBBB00BF1C0500200148FFF7B3
:10A97000D1BB00BF1C05002073B503680C4611460F
:10A98000D3F80423002AA8BF4FF000420546A8BF11
:10A99000C3F804232046FFF7C7FDE8B12046FFF7C0
:10A9A000FBFDC8B12046FFF7B3FD82002C6802F51D
:10A9B00080730026E650E3582B681344D3F8102523
:10A9C00042F00102C3F8102521B12A680123834017
:10A9D000C2F8043302B070BD2046FFF721FD0F4BD3
:10A9E000083033F81030C3F38203042B12D0052B48
:10A9F00012D001A80194FFF703FD019BD0F81015B8
:10AA0000D94001F001010231204602B0BDE870409A
:10AA100008F0F9BB0321F7E70221F5E7A8040020BD
:10AA20002DE9F04F644BDFF89481D3F80403D8F894
:10AA30007010C0B289B040F00040FFF781FD051EE4
:10AA40002CDAC146002359F87C1F06A8CDE906334D
:10AA5000FFF710FD5A4B029306AF4FF0000A029A1F
:10AA600012F8013B0292DA0803F0070319F80220FA
:10AA700022FA03F3DA071AD40437BAF1000F13D01D
:10AA800000214FF00040FFF75BFDD8F87C1006A8CE
:10AA9000FFF7F0FC0028DDD125F000450124002D52
:10AAA00072D109B0BDE8F08F4FF0010AD7E7454BEE
:10AAB000534403933E68002EDED0039B96FAA6F61D
:10AAC0001C78B6FA86F646EA44142046FFF7A8FC3E
:10AAD000F2080830012338F81010B85C06F00706B9
:10AAE00003FA06F620EA0600B854C1F3820B05A863
:10AAF000CDF804B00594FFF783FC059A02F5E072E7
:10AB0000CB0650F82260C6F3014624D520460199B1
:10AB1000FFF790FC05A80594FFF772FC059B03F571
:10AB2000E073F6B250F82330C3F301439E4207D1DD
:10AB30000021204608F067FB3146204608F063FB01
:10AB400005A80594FFF75CFC059B012202FA03F3BC
:10AB5000C0F82035AEE7022E14BF022103212046A3
:10AB600008F051FBBBF1030F04D0022E07D1BBF15B
:10AB7000010FE5D101992046FFF75CFCE0E7032EC9
:10AB8000DED1BBF1020FF4E795FAA5F3B3FA83F334
:10AB900004FA03F29B0003F1804303F5C04325EA66
:10ABA0000205D3F81005D3F81015C0F30520C1F342
:10ABB0000141FFF73FFC72E700600040A80400205D
:10ABC000A6790200A6790200044AD2F80034DB0715
:10ABD000FBD50160BFF35F8F704700BF00E001400D
:10ABE0004FF080531A69B0FBF2F302FB130373B901
:10ABF000084B0222C3F80425C3F80805D3F8002443
:10AC0000D207FBD500220448C3F804257047034847
:10AC1000704700BF00E001400000AD0B0A00AD0B23
:10AC200010B5054C0123C4F80435FFF7CDFF002310
:10AC3000C4F8043510BD00BF00E00140C02A2DE972
:10AC4000F341074627D0B2F5807F26D0802A40F016
:10AC5000C5800A233B60520900237B600E463C46B8
:10AC600007F1040801EB8205042231460DEB0200D6
:10AC7000043604F0EEFE019B48F8043FB542F3D1E0
:10AC80003B680C2B33D00E2B61D00A2B07D0002051
:10AC900002B0BDE8F0810C23DCE70E23DAE7514E69
:10ACA000514907F1A000626956F8045BA768C2F336
:10ACB00007237D40CB5C6B40150E10344D5D83EA5D
:10ACC0000543D5B24D5D83EA0563C2F307454D5D8B
:10ACD00083EA052354F8045CA3606B402568E360B5
:10ACE0006B405A4023616261A042DCD1CFE73D490D
:10ACF0003D4D07F1C000E26951F8046BA768C2F34B
:10AD000007237E40EB5C7340160E1834AE5D83EA79
:10AD10000643D6B2AE5D83EA0663C2F30746AE5D74
:10AD200083EA062354F80C6CA360734054F8086C53
:10AD3000E360734054F8046C2361734026686361D8
:10AD400073405A40A361E261A042D4D19FE7254EEF
:10AD5000254907F1E000656A56F8042BA768C5F39A
:10AD600007237A40CB5CA76953402A0E20348A5CC3
:10AD700083EA0243EAB28A5C83EA0263C5F30742CC
:10AD80008A5C83EA022354F8142CA360534054F8DD
:10AD9000102CE360534054F80C2C23615340DAB27A
:10ADA00063618A5C7A401F0ECF5D82EA0762C3F35B
:10ADB0000727C3F30743CF5DCB5C82EA072282EA11
:10ADC000034354F8042CA36153402268E3615340C9
:10ADD0005D4023626562A042BDD158E76FF01F005D
:10ADE00056E700BFE46A0200A87A02002DE9F04F9E
:10ADF000C9B0044602A80D46174608F047FA0023DA
:10AE000063603A46294602A8FFF718FF80460028EB
:10AE100034D1029D039B324E324F256004A903EBCF
:10AE2000850301EB830251F82330A3605368E3608C
:10AE300093682361D368636104F1180C103A6B1EA8
:10AE40009E4661469146BEF1000F20DC002D4FEA80
:10AE50000313C8BF1C46C3F10003D8BF002302EB95
:10AE60000300D8BF00240CEB0401D3584CF8043085
:10AE700043684B6083688B60C368CB6002A84FF463
:10AE80008C7101F023F8404649B0BDE8F08F01F124
:10AE90001000A9F1040B01905BF8040F040E3C5D57
:10AEA00056F824A0C4B23C5D56F8244084EA3A2AFD
:10AEB000C0F30724C0F307403C5D385C56F82440DB
:10AEC00056F820008AEA346484EA304441F8044B9E
:10AED00001988142E0D10EF1FF3EA9F11009B2E7DD
:10AEE0000C6B0200A87A02002DE9F04F00F108086F
:10AEF00095B0D0F80490054617460CA804220E46DB
:10AF000004F0A7FD0C9A58F8293008EB8904534047
:10AF10000422B1180BA80C9304F09BFD63680B9AF4
:10AF200006F1080153400BA804220D9304F091FD93
:10AF3000A3680B9A06F10C0153400BA804220E9350
:10AF400004F087FDE3680B9A534001932B684FEAA6
:10AF500063090C9B02930D9B03930E9B0493DDE905
:10AF6000021204F1300C1846019C834B09F1FF39A1
:10AF70004FF0000E5CE908A505955CF8105C06959D
:10AF80005CF80C5C07955CE906865CF8085C089543
:10AF9000B9F1000F5CF8045C09950CF1200C00F38A
:10AFA000EF80029DBEF1000F08BF2946039D08BF38
:10AFB0002A46049D08BF2846019D5FFA81FC08BF10
:10AFC0002C464FEA146E53F82CC053F82EE0059D22
:10AFD0008AEA0C0C8CEA3E2CC2F3072E5FFA82F947
:10AFE00053F82EE053F829908CEA3E6CC0F3074EDC
:10AFF00085EA090553F82EE08CEA3E4C4FEA116EC3
:10B000005FFA80F953F82EE053F82990CDF840C04C
:10B0100085EA3E25C0F3072E88EA090853F82EE09A
:10B0200085EA3E65C4F3074E000E53F82EE053F850
:10B03000200085EA3E454FEA126EC2F3074253F8FC
:10B040002EE0119588EA3E28C4F3072EE4B253F8A7
:10B050002EE053F8244088EA3E68C1F3074EC1F35E
:10B060000721664053F8211053F82EE053F82230A0
:10B0700086EA302686EA316686EA33465FFA8CF243
:10B080003E4B06999A5C13964A40310E88EA3E4E32
:10B09000595CCDF848E082EA0162C5F30721595CAA
:10B0A00082EA0122CEF30741595C82EA0142E9B209
:10B0B0000C92595C07980B9241404FEA1C600422A5
:10B0C000185C81EA0061CEF30720185C81EA002158
:10B0D000C6F30740185C81EA00410D915FFA8EF1DA
:10B0E0000898595C4140280E4FEA1E6E185C81EAB0
:10B0F0000061C6F30720F6B2185C81EA0021CCF3A8
:10B100000740CCF3072C185C81EA00410E910998A6
:10B11000995D414013F80E00C5F3074581EA0061CF
:10B1200013F80C005B5D81EA002181EA0343384695
:10B130000BA90F9304F08DFC04220D9B0B930BA91C
:10B14000B81804F086FC0E9B0B930BA9042207F1A0
:10B15000080004F07EFC0F9B0B9304220BA907F15F
:10B160000C0004F076FC0CA8202100F0AFFE0020BB
:10B1700015B0BDE8F08F00BF0C6F0200A87A020086
:10B180004FEA146E059D53F82EB05FFA81FE09F167
:10B19000FF3953F82EE08AEA0E0EC2F3072A8EEA30
:10B1A0003B2E53F82AA08EEA3A6EC0F3074A53F8B2
:10B1B0002AA08EEA3A4E4FEA116A53F82AB05FFA93
:10B1C00082FA53F82AA085EA0A0A8AEA3B25C0F3E4
:10B1D000072A53F82AA085EA3A65C4F3074A53F8C8
:10B1E0002AA085EA3A454FEA126AC2F3074253F8A9
:10B1F0002AB053F822205FFA80FA000E53F82AA0F2
:10B2000053F8200088EA0A0AC4F30728E4B253F886
:10B21000288053F824408AEA3B2A8AEA386AC1F334
:10B220000748C1F30721744084EA302053F82140D5
:10B2300053F82880089E80EA346484EA32445FFA36
:10B240008EF28AEA384853F82210069A079851403D
:10B25000220E53F8222081EA3221C5F3072253F847
:10B26000222081EA3261C8F3074253F8222081EAA2
:10B270003241EAB253F8222042404FEA1E6053F8AE
:10B28000200082EA3022C8F3072053F8200082EA27
:10B290003062C4F3074053F8200082EA30425FFA7C
:10B2A00088F04FEA186853F8200070402E0EC5F35E
:10B2B000074553F8266080EA3620C4F30726E4B237
:10B2C00053F8266080EA3660CEF30746CEF3072EA9
:10B2D00053F8266053F8244053F8255080EA36404E
:10B2E000099E744053F8286084EA362653F82E40AD
:10B2F00086EA346484EA35444FF0010E3AE600BF32
:10B300002DE9F04F00F1080895B0D0F804900546FB
:10B3100017460CA804220E4604F09BFB0C9A58F822
:10B32000293008EB890453400422B1180BA80C9370
:10B3300004F08FFB63680B9A06F1080153400BA8D9
:10B3400004220D9304F085FBA3680B9A06F10C010F
:10B3500053400BA804220E9304F07BFBE3680B9A86
:10B36000534001932B684FEA63090C9B02930E9B99
:10B3700003930D9B049304F1300CDDE901401A4660
:10B380000399834B09F1FF394FF0000E5CE908A5E2
:10B3900005955CF8105C06955CF80C5C07955CE91B
:10B3A00006865CF8085C0895B9F1000F5CF8045C4F
:10B3B00009950CF1200C00F3EF80039DBEF1000F06
:10B3C00008BF2946049D08BF2A46029D08BF28469B
:10B3D0005FFA80FC4FEA126E019D53F82CC053F8BF
:10B3E0002EE008BF2C468AEA0C0C8CEA3E2CC4F3F3
:10B3F000072E5FFA82F953F82EE053F82990059D45
:10B400008CEA3E6CC1F3074E85EA090553F82EE03D
:10B410008CEA3E4C4FEA116E5FFA81F953F82EE048
:10B4200053F82990CDF840C085EA3E25C0F3072E99
:10B4300088EA090853F82EE085EA3E65C4F3074E12
:10B44000C1F3072153F82EE053F8211085EA3E4559
:10B450004FEA146EE4B253F82EE053F824401195ED
:10B4600088EA3E28C2F3072EC2F3074253F82EE0C3
:10B4700088EA3E68C0F3074E000E664053F820008D
:10B4800053F82EE053F8223086EA302686EA3166F9
:10B4900086EA33465FFA8CF23E4B06999A5C139625
:10B4A0004A40290E88EA3E4E595CCDF848E082EACF
:10B4B0000162C6F30721595C82EA0122CEF30741FB
:10B4C000595C82EA0142E9B20C92595C07980B92EE
:10B4D00041404FEA1E600422185C81EA0061CCF30F
:10B4E0000720185C81EA0021C6F30740185C81EA56
:10B4F00000410D915FFA8EF10898595C4140300E81
:10B50000F6B2185C81EA0061C5F30720CEF3072E7E
:10B51000185C81EA0021CCF307404FEA1C6C185CF0
:10B5200081EA00410E910998995D414013F80C00A1
:10B53000C5F3074581EA006113F80E005B5D81EAFF
:10B54000002181EA034338460BA90F9304F081FAE6
:10B5500004220D9B0B930BA9B81804F07AFA0E9BEA
:10B560000B930BA9042207F1080004F072FA0F9B59
:10B570000B9304220BA907F10C0004F06AFA0CA843
:10B58000202100F0A3FC002015B0BDE8F08F00BF23
:10B590000C6B0200A87902004FEA126E059D53F869
:10B5A0002EB05FFA80FE09F1FF3953F82EE08AEAE7
:10B5B0000E0EC4F3072A8EEA3B2E53F82AA08EEA19
:10B5C0003A6EC1F3074A53F82AA08EEA3A4E4FEA80
:10B5D000116A53F82AB05FFA82FA53F82AA085EA72
:10B5E0000A0A8AEA3B25C0F3072A53F82AA085EA0B
:10B5F0003A65C4F3074A53F82AA085EA3A454FEA68
:10B60000146AE4B253F82AB053F824405FFA81FA7E
:10B61000C1F3072153F82AA088EA0A0AC2F30728CF
:10B620008AEA3B2A53F828808AEA386AC0F3074836
:10B63000000E744053F8200053F82880089EC2F38F
:10B64000074284EA302053F8214053F8222007991A
:10B6500080EA346484EA32445FFA8EF28AEA384837
:10B6600053F82200069A50402A0E53F8222080EA0E
:10B670003220C4F3072253F8222080EA3260C8F354
:10B68000074253F8222080EA3240EAB253F82220DF
:10B690004A404FEA186153F8211082EA3122CEF372
:10B6A000072153F8211082EA3162C4F3074153F8AD
:10B6B000211082EA31425FFA88F1C8F3072853F873
:10B6C00021107140260EE4B253F8266081EA36213B
:10B6D000C5F30726C5F3074553F8266081EA3661AE
:10B6E000CEF307464FEA1E6E53F8266053F8244007
:10B6F00053F8255081EA3641099E744053F82E6074
:10B7000084EA362653F8284086EA346484EA3544CD
:10B710004FF0010E3AE600BFF0B50C4C0C4E6368DA
:10B720000BB91846F0BDDD79C5F3840556F82550F0
:10B730002D78854208D15D7905F00F07B1EB871FA1
:10B7400002D1B2EB151FECD00834E8E71073020009
:10B750000C73020038B5044638B390F84430012B1E
:10B7600011D1C56B4DB12B7A012B02D1686808F05D
:10B7700091F80C21284607F04BFE20464821BDE8F1
:10B78000384000F0A3BB006C10B1242107F040FE4C
:10B79000E06B0028F1D02368044ADB79C3F384030B
:10B7A00052F823309B699847E7E738BD0C730200D5
:10B7B00038B505460C46A9B14822002104F054F9D9
:10B7C000E379094AC3F3840352F823305B6913B960
:10B7D0002C60002038BD9847E8630028F8D1A0F518
:10B7E000C340F7E70148F5E70C730200009FFFFF35
:10B7F0002DE9F0431E46DBB2012B87B00446884694
:10B80000154603D9384807B0BDE8F083D0F800905A
:10B81000B9F1000FF6D090F84430012B37D1C76B47
:10B8200018220021684604F01FF96B07EAD13B7A21
:10B83000002BE7D199F80630102B06D80D2B06D82F
:10B84000023B052B03D92948DDE7263BF9E74FF4F6
:10B850001053ADF800304FF4407302933B4641461D
:10B8600053F8042B0392EA1DD208684608F0D9F871
:10B8700010F1860FE7D028B18D301D4818BF6FF04A
:10B880006F00C0E701233B7265602672BBE799F841
:10B89000073003F00303012B06D899F8053003F0B5
:10B8A0000F03B2EB831FADD16560267299F80730A4
:10B8B000104AE06BC3F38403012E52F8232009D011
:10B8C00099F8053003F0F001302903D003F0E003CC
:10B8D000402B06D1D3682A46414607B0BDE8F04365
:10B8E00018471369F7E700BF009FFFFF809FFFFF26
:10B8F000809EFFFF0C7302002DE9F74F154602688A
:10B90000DDF830A00446884699461AB95B4803B072
:10B91000BDE8F08F90F84420012A01D15848F6E79D
:10B920000022CAF8002002680AB95648EFE71679E3
:10B9300016F01F06F9D0527902F0F002102A15D144
:10B94000B54240F09980CAF8005002684E49D27959
:10B95000C2F3840251F8222090F908105568C06B98
:10B960004246AC4603B0BDE8F04F6047994208D16B
:10B97000436A002BCAD1B5FBF6F306FB1353002B29
:10B98000C4D1202ACAD194F90830676A83B9E26821
:10B99000F31B82B1AB4210D307F114002A46414693
:10B9A000204404F056F8636A2B4463620020AEE73B
:10B9B000012B02D1F31BAB42EED847B3A6EB070B2A
:10B9C00007F114005A464146204404F042F8234649
:10B9D0002D4953F8142BD279C2F38402CDE90039F2
:10B9E00051F82220E06B936894F908109C46324687
:10B9F00004F12803E047002889D1DAF800302F4409
:10BA00003344CAF80030B1446062D844BD1B002DF5
:10BA1000CCD0B5FBF6F706FB175737B994F90830C9
:10BA20001BB9E368BB4218BF3746ED1B3A4608EB2B
:10BA3000050104F1140004F00CF8636A3B446362EE
:10BA4000002DB3D02368104ADB79C3F38403CDE91A
:10BA5000008952F8233094F908109E68E06B04F1D5
:10BA600028032A46B04700287FF451AFDAF80030A7
:10BA70002B44CAF800304AE7044848E7009FFFFF1C
:10BA8000809FFFFF809CFFFF0C730200809DFFFFE3
:10BA9000F7B504460E4600270C25042271190DEB5C
:10BAA000020003F0D6FF019A11BA47EA4103C2F33C
:10BAB000C01704221BBA60190DEB0201043D01936B
:10BAC00003F0C7FF2B1DE8D1084B1A68337882EAD0
:10BAD000D31253085B4252421343DB17E27B03F05D
:10BAE000870353400020E37303B0F0BD642C0020B3
:10BAF00038B5054670B1046864B159B10123FFF748
:10BB000077FE044698B92B6823B19B79042B03D8A0
:10BB1000012B03D8084C0AE0242BFBD1242101205F
:10BB200000F0E0F928B12864102100F0CFF9204698
:10BB300038BD024CFBE700BF009FFFFF809EFFFF68
:10BB40002DE9F04F824689B00E469046002800F05D
:10BB5000AF800368002B00F0AB80002900F0A880C4
:10BB6000046C002C00F0A4801D79206A05F01F05EC
:10BB700030B32A1A424523D21030204403F069FF23
:10BB80006FF00B0904F11007A9EB040909EB070298
:10BB9000954227D225F0030323441A1B95423AD835
:10BBA00006AB00932A46234621465046FFF7A4FEE3
:10BBB000A8B9236A2062EA1A43441644A3EB050895
:10BBC0006B1E43443746B3FBF5F34FF0010B039371
:10BBD000039B9B4557D34644F61B5ED1002009B01A
:10BBE000BDE8F08F3946042207A803F032FF079B17
:10BBF0000393A7F11001042207A803F02AFF079A74
:10BC0000039B5A400792A7F11000042207A903F0F2
:10BC100020FF0437BAE71A7C19784A4003F8012B51
:10BC2000BBE707EB0901042207A8059303F011FF06
:10BC3000079B049309EB0401042207A803F009FF02
:10BC4000079A049B5A40079209EB0400042207A9B3
:10BC500003F0FFFEDDF8149009F104039D42E0D2E9
:10BC600025F00303E218AB4210D306AB00932A463B
:10BC7000234621465046FFF73FFE0028AFD12F4410
:10BC80000BF1010BA4E74FF00009E5E7F85C117830
:10BC9000414002F8011B0133E5E7206A10303246CB
:10BCA0003946204403F0D5FE236A3344236295E7E6
:10BCB000004894E7009FFFFF2DE9F04F95B08046C4
:10BCC000039108B1036823B97F4D284615B0BDE83C
:10BCD000F08F066C002EF7D0039A002AF4D008AF3C
:10BCE000102138461C7910AD00F0F0F810210CA896
:10BCF00000F0ECF81021284600F0E8F8D8F8002011
:10BD000004F01F04002A67D092F8049009F01F097C
:10BD100007AB00934A462B4629464046FFF7ECFD09
:10BD200050B9B9F1100F07D129463846FFF7B0FED8
:10BD300039460CA8FFF7ACFE2846102100F0C6F8E3
:10BD4000306AA04206F1100980F09A80294600234B
:10BD5000984243D919F8032001F8012B01339C4282
:10BD6000F6D84FF0000A0AF1040B5C453BD224F0F0
:10BD70000303EA180CA8A34251D34FF0000A0AF1BA
:10BD8000040BA3457FD924F00303F21810A8A342A3
:10BD9000C0F0938007AB00932246334631464046BD
:10BDA000FFF7AAFD054620B903982246314603F065
:10BDB00050FE3846102100F089F80CA8102100F040
:10BDC00085F8002348463362102100F07FF81021E7
:10BDD000304600F07BF878E7914699E70CBF0122E6
:10BDE0000022D201B8E705EB0A031946042207A88E
:10BDF000059303F02EFE079B04930CAB03EB0A01A3
:10BE0000042207A803F025FE079A049B05985A40D0
:10BE1000079207A9042203F01CFEDA46A3E7117873
:10BE200013F800C081EA0C0102F8011B0133A2E7FC
:10BE300009EB0A01042207A803F00BFE079B0493F9
:10BE400007EB0A01042207A803F003FE079A049BEC
:10BE50005A40079205EB0A00042207A903F0F9FDF6
:10BE6000DA460AF1040B5C45E2D224F00303A34254
:10BE700083D219F80320F95C4A40EA540133F6E70B
:10BE80004FF0000AEDE705EB0A01042207A803F0D2
:10BE9000E0FD079B04930AEB0601042207A803F0C8
:10BEA000D8FD079A049B5A4007920AEB0600042229
:10BEB00007A903F0CEFDDA4661E71D5C1178694001
:10BEC00002F8011B013362E7009FFFFF10B50A462D
:10BED000044619B1024B00211B68984710BD00BFF2
:10BEE00094730200014B1B68184700BF3005002007
:10BEF000014B1B68184700BF2C05002010B500F04F
:10BF0000FE44B4F1A06F029A02D16FF0850010BD1B
:10BF1000B4F1806F14BF074C074CA042F5D101204B
:10BF2000B1F5105F1870F0D10AB102231370002030
:10BF3000EDE700BF0002C003004440047FB5036882
:10BF400016460E4A23F47E1393420D4613D16946DA
:10BF50000430FFF7B1FE044620B932466946284650
:10BF600003F077FD68461021FFF7B0FF204607F089
:10BF7000BCFB04B070BD6FF08800FAE70002C0039C
:10BF800010B5036804460BB9002010BD084A23F41D
:10BF90007E13934205D10430FFF7DCFB00232360BE
:10BFA000F2E74C22002103F05FFD6FF08800ECE720
:10BFB0000002C0032DE9F843D0F8009005460F4673
:10BFC0009046B9F1000F2ED123F47E140360174B75
:10BFD0009C420DD1043007F017FA39887A884B4615
:10BFE000204607F034FA014658B96FF0850416E090
:10BFF0004C22494603F038FD6FF085042046BDE829
:10C00000F883281DFFF7D4FB20B97A884146281D04
:10C01000FFF76EFD07F069FB04460028EED02846C6
:10C02000FFF7AEFFEAE76FF08804E7E70002C0031E
:10C0300010B503685BB1074C23F47E13A34206D10D
:10C040000430FFF77DFDBDE8104007F04EBB6FF0F8
:10C05000880010BD0002C0030E4B0340B3F1607FA7
:10C0600006D1B1F5885F0CBF00206FF086007047E5
:10C07000B3F1707F02D06FF08600704701F4E043A7
:10C08000B3F5005FF7D111F4E06F14BF00206FF03B
:10C09000860070470000C07F8A42F8B506460C460D
:10C0A00001D10120F8BD6D4B22F4FF7121F0010197
:10C0B000994210D06A4922F0FF038B420BD022F440
:10C0C0007F7020F00300A1F57061884203D001F574
:10C0D000A0618B4228D1614B24F4FF7121F0010152
:10C0E000994210D05E4924F0FF038B420BD024F418
:10C0F0007F7020F00300A1F57061884203D001F544
:10C10000A0618B4210D114F0FF0301D10020C9E7D8
:10C11000544943F000738B42F8D182EA0400FF28AF
:10C120008CBF00200120BDE704F0FE43B3F1A06FF7
:10C1300011D102F0FE43B3F1A06FE7D182EA04030C
:10C1400033F47E13E2D12104E0D5C4F30540C2F3F9
:10C1500005429042E4E7B3F1407F67D102F0FE432D
:10C16000B3F1407FD2D182EA040535F47E15CDD1FA
:10C1700031462046FFF770FF0028C7D13A4F12F42E
:10C180007C1107EA020716D0B7F1607FC2F30543BE
:10C1900032D1D2B242F0007202F17E42033A102A4A
:10C1A00001D8324DAD5614F47C1F32D19D4214BFDC
:10C1B0000020012076E7B7F1607F0AD1D3B243F0C7
:10C1C000007303F17E43033B102B13D8284EF35624
:10C1D000DFE7B7F1707F1AD106F4E043B3F5005FF3
:10C1E00013D1C6F3022201239340C6F30226012590
:10C1F000B540D8E70B46CCE7B7F1707FD3D106F452
:10C20000E042B2F5005FCED1EFE70B46F7E70B4611
:10C21000C9E721B9C4F30542AA423FF442AF220460
:10C220007FF540AFC4F30540984279E7B3F1106F52
:10C230007FF46CAF24F01F6323F47023002B7FF492
:10C2400065AF02F0FE43B3F1106F7FF45FAF0948B2
:10C25000104040F01060A042A9E700BF00020006B5
:10C2600000130006FF0000020000C07FA87B020050
:10C27000A87B02000000FFF637B50D4D2A8840F27A
:10C2800007239A420C460FD1002301930A4601ABC3
:10C290000146281D07F0CEF820B9019BA34218BF24
:10C2A0006FF0930003B030BD6FF08800FAE700BF75
:10C2B000682C002030B50446084624F47F01B1F113
:10C2C000106F87B003D06FF0850007B030BD4168B4
:10C2D000090AF8D1018821F4405189B244F21215BB
:10C2E000A942F0D10C490D4D214041F01061A94205
:10C2F000E9D14188B1F5807FE5D10C9904910B9982
:10C3000003910A990092CDE901312346426E00F172
:10C31000200107F0A1FED8E70000FFF600000209A7
:10C320002DE9F8430F4615461C4600F0D9F9814621
:10C3300018B14D462846BDE8F8833E68B6F800803F
:10C3400008F4E043B3F5804FB36808BF25F001055A
:10C350009D4307D06FF0840500233B60304607F013
:10C360001EFEE7E7002CE4D01F4B24F4FF7222F0FE
:10C3700001029A4210D01D4A24F0FF0393420BD0D1
:10C3800024F47F7121F00301A2F57062914203D081
:10C3900002F5A062934217D114F0FF0304D0144AAF
:10C3A00043F00073934216D0F16822464046FFF7EF
:10C3B00073FE05460028BCD1316922464046FFF78E
:10C3C0006BFE0028B6D1C5E704F0FE43B3F1407F11
:10C3D00004D12304E8D56FF08605BDE7B3F1A06F63
:10C3E000F7D0034B9C42DEE7000200060013000674
:10C3F000FF00000238B500F0FE43B3F1407F044671
:10C400000D4602D06FF0860038BDFFF725FE0028EC
:10C41000F8D114F47C1F1AD0C4F30543032B137016
:10C4200024D9234A2240B2F1607F33D1E4B244F0F0
:10C43000007404F17E44033C102CE3D81D4A1257CB
:10C440009342DFD8212B28BF6FF08500DCE7184B23
:10C450002340B3F1607F0FD1E3B243F0007303F1E7
:10C460007E43033B102B04D9002313706FF085002B
:10C47000CAE71149CB5CD1E7B3F1707FF4D101F485
:10C48000E043B3F5005FEFD1C1F3022101238B40FC
:10C49000DBB2C3E7B2F1707FB4D105F4E042B2F58C
:10C4A000005FAFD1C5F302250122AA40C8E700BF53
:10C4B0000000C07FA87B0200A87B020007B5002314
:10C4C00000911A46024907F05DFC03B000BD00BFB1
:10C4D0009873020010B5114C2378580744BF03F03D
:10C4E000FB032370990705D500F098F8237823F013
:10C4F00002032370637823B109480822002103F066
:10C50000B3FA0023064863700821FFF7DFFC2378A5
:10C51000DA0744BF23F00103237010BD682C00200C
:10C520006C2C002038B5184C228840F207239A4220
:10C530001FD02378980707D400F068F8237843F0D9
:10C54000020323700546D8B9D9075CBF43F0010345
:10C550002370238823F0FE039BB2012B06D10B48E6
:10C560000822002103F080FA0223637023785A071F
:10C5700002D50025284638BD43F004032370F8E7B0
:10C58000FFF7A8FFF6E700BF682C00206C2C002006
:10C5900000F140420F2A38B505460C4612D81A4B16
:10C5A000682101FB02331A7E022A02D06FF08B0051
:10C5B00038BD5A698242F9D11A7E022A15D06FF02D
:10C5C0009600F5E7012107F0C4FCB0B10E4A002146
:10C5D0001346107E022802D15069A84210D00131C2
:10C5E000102902F16802F4D1E0E7DA69511CE6D0C3
:10C5F0000132DA6100202360DAE76FF08700D7E7C5
:10C60000682202FB0133D7E7742C0020024B012281
:10C6100083F8802600207047742C00202DE9F0411B
:10C620000A4C002526464FF001080327C4F81C8059
:10C6300027762046013507F010F9102D04F1680423
:10C64000F4D1002386F88036BDE8F081742C0020F8
:10C65000F8B5214D95F8804607460E46002C34D09B
:10C6600000242B462246197EF9B13CB9022905D196
:10C67000D96919B91979A14218BF1C460132102A8B
:10C6800003F16803EFD114B96FF08C001BE0237E37
:10C69000022B04D1E3695A1C1CBF0133E36120461D
:10C6A00007F0DBF810B100240DE01C46237E7BB9B7
:10C6B0000123237637B1094B651BED105D4305F16E
:10C6C00080453D6000203460F8BD6FF08800FAE7D7
:10C6D00000246FF09600F6E7742C0020C54EECC4E1
:10C6E00038B5094B00250D6093F880360C4643B1F0
:10C6F000FFF74EFF10F18C0F02D125606FF087001D
:10C7000038BD6FF08800FBE7742C0020043004284B
:10C710009ABF034B33F910006FF08300704700BFDE
:10C720004475020070B506680F488642DDE904547E
:10C7300010D1202A11D1402D12D91846042300F817
:10C74000013B00F00FFA08B941232360BDE87040B7
:10C75000FFF7DCBF6FF0850070BD6FF08600FBE770
:10C760006FF08900F8E700BF12710001014B07F07C
:10C7700051BD00BF4074020070B5144688B0064633
:10C780000D46204621460C4A07F0A7FD22462146C9
:10C790006846FFF7EBFF6A4631463046FFF7E6FF93
:10C7A000224669466846FFF7E1FF6A462946284661
:10C7B000FFF7DCFF08B070BD4074020030B50446DE
:10C7C00089B007F0ECFC0C4A2146684607F07FFC74
:10C7D00001210546684607F05BFC6A46214668462B
:10C7E00007F075FC2DB1003818BF0120404209B098
:10C7F00030BD4FF0FF30FAE7FC73020030B589B06E
:10C80000044607F064FC21460546054A684607F0E1
:10C8100048FC2A466946204607F070FC09B030BD46
:10C820004074020070B5044690B00D46114616469D
:10C8300007F0B5FC204A214608A807F048FC01286B
:10C8400003D04FF0FF3010B070BD1146204607F006
:10C8500023FD06F12001284607F0A1FC164A2946CF
:10C8600008A807F034FC0128EBD11146284607F050
:10C8700013FD2A4629466846FFF778FF22462146DF
:10C8800008A8FFF773FF08A922460846FFF76EFFC6
:10C89000032508A922460846FFF7B0FF013DF8D15D
:10C8A00008A90846044B054A07F09FFC08A96846FA
:10C8B00007F035FCC7E700BF40740200DC730200DC
:10C8C00070B598B004460D4608A811461646FFF705
:10C8D0004DFF344B08AA2146684607F086FC08AA9B
:10C8E000214610A8FFF78AFF10AA694608A8FFF79B
:10C8F0003DFF08AA114668462A4B07F076FC294BF3
:10C9000008AA6946684607F070FC2A46294610A81E
:10C91000FFF72CFF10AA234B1146104607F065FCC9
:10C9200010AA214608A8FFF721FF08AA1D4B1146AF
:10C93000104607F05AFC10AA11461046FFF716FFE2
:10C9400010AA184B1146104607F04FFC6A4669467C
:10C950002046FFF70BFF08AA21462046FFF74EFFAF
:10C9600008AA21462046FFF749FF324629463046AD
:10C97000FFF7FCFE0B4B32463146304607F035FCE4
:10C98000224608A92846FFF739FF6A462946284665
:10C99000FFF7ECFE10AA29462846FFF72FFF18B034
:10C9A00070BD00BF407402002DE9F04FA3B00D46EA
:10C9B0002C9C30498046934602A82246994607F0AF
:10C9C00086FBD4F800A021460AF0010202A812AFAB
:10C9D00007F094FB0021384607F05AFB4A463946D7
:10C9E0000AA8FFF70BFF01225946404607F086FBD5
:10C9F00001224946284607F081FB1F4A01211AA857
:10CA000007F060FC6FEA0A0202F001020AA9284658
:10CA100007F074FBFF26730922AA02EB830306F0DA
:10CA20001F0253F8804CD44084EA0A04E24302F027
:10CA300001024946384607F061FB04F001020AA9E9
:10CA4000384607F05BFB1AAA29464046FFF738FF35
:10CA500000975B461AAA2946404607F080FC013E33
:10CA6000D9D11AAA29464046FFF786FE23B0BDE871
:10CA7000F08F00BFFC730200407402002DE9F74301
:10CA800007460E469046994604252021384607F071
:10CA9000C7FC78B939463046FFF790FE044638B9EE
:10CAA000074B084A009649464046FFF77DFF03E0E2
:10CAB000013DEAD14FF0FF34204603B0BDE8F083DA
:10CAC0009C730200BC73020030B599B00D4610ABE8
:10CAD000694608AAFFF7D2FF202104466846FFF7FF
:10CAE000F5F96CB9084A08A9284607F026FC064A59
:10CAF00010A905F1200007F020FC204619B030BD38
:10CB00004FF0FF34F9E700BF4074020070B5AAB0DF
:10CB100002AD064628461446FFF750FEC8B9224625
:10CB200012A90AA8FFF77EFE0446A8B90AAA22A9FC
:10CB30001AA8009512ABFFF737FF094A1AA9304629
:10CB400007F0FBFB28462021FFF7C0F920462AB05A
:10CB500070BD6FF00204F5E76FF00104F2E700BF6B
:10CB60004074020070B59AB002AD06462846FFF741
:10CB700025FE0446C0B90E4B0E4A009512A90AA81C
:10CB8000FFF712FF20212846FFF7A0F90A4A0AA959
:10CB9000304607F0D2FB084A12A906F1200007F040
:10CBA000CCFB20461AB070BD6FF00204F9E700BF5D
:10CBB0009C730200BC73020040740200014B986831
:10CBC00064307047F832002038B5EFF31185202328
:10CBD00083F31288BFF36F8F064B9C6807F060FCED
:10CBE00085F31188BFF36F8F2046BDE83840E6F724
:10CBF000B9BD00BFF832002038B50A4B53F82040C9
:10CC0000013053F82050A54200D838BD606830B1DB
:10CC1000037FDB0701D407F046FC0834F3E7236801
:10CC20009847FAE78474020070B5264B264C274DCE
:10CC300086B0012203201A70FFF7DEFF01F0AAFB85
:10CC40000420FFF7D9FFAC4226460FD300F010FFB7
:10CC50001D4CAC4221D300F01FFFE5F733FA1C4A0C
:10CC6000137B23F00103137306B070BD636A059351
:10CC7000236A0493E3690393A369029363690193AD
:10CC800023690093303454E90A2354E90C0100F07D
:10CC9000F5FC54F8303C5E65D5E7D4E90A23B3F1DE
:10CCA000FF3F08BFB2F1FF3F05D052EA0301206801
:10CCB00003D100F0AFFF3034CBE70649183001F064
:10CCC00055F9F8E71A3400209450020094500200FD
:10CCD00010110020DD4A020008B50348034A002174
:10CCE000121A07F0F6FB08BD780700201C3400205C
:10CCF00070B5002386B00122CDE90423114E124DF8
:10CD000001930F22CDE902321049142303FB005591
:10CD100006EBC0164FF4A072044602FB00110C4B48
:10CD20000095304600F0AAFC737B2C7423F00403BA
:10CD30007373084BEE60013403EBC4236B6006B0E1
:10CD400070BD00BF90100020F8320020384C002049
:10CD5000C1450200384400207FB50020FFF74CFF9A
:10CD6000294B83F30888294C636943F4007363619A
:10CD70000025E02384F82230E57725766576A576D0
:10CD800084F82050636A43F4E023636284F82350FC
:10CD9000E6F7B6FCE6F7D6FD4FF0FF33A362E36299
:10CDA000E6F75CFEE6F7E6FD19481A4C00F0C0FC19
:10CDB00007F061FB0120FFF71FFF0220FFF71CFFB8
:10CDC00000F0A2FE144B15495C61154B059301233D
:10CDD0004FF40062CDE90353CDE90155114B0095A5
:10CDE000204600F04BFC637B064623F004032046FC
:10CDF000637307F035FE2846FFF77AFF094A31468C
:10CE00002046E6F787FD00BF384C002000ED00E02B
:10CE10003012002010110020F8320020784D002040
:10CE20002778020029CC010038B5064C064DAC42EB
:10CE300001D3002038BDD4E90112204607F04DFB94
:10CE40001434F4E7E4050020E405002038B5074C6D
:10CE5000074DAC4201D3002038BD204607F05FFBF0
:10CE600008B91C34F5E76FF01500F5E790050020D0
:10CE7000E405002073B50D46EFF31181202484F3FF
:10CE80001288BFF36F8FC4685CB12C602368C360E5
:10CE9000836901338361002081F31188BFF36F8FB1
:10CEA00011E052EA030603D12C606FF00B00F3E7A8
:10CEB000CDE900230246083000F020FD18B9034BED
:10CEC0009B681B692B6002B070BD00BFF832002068
:10CED0002DE9F341044617469846EFF311862023C7
:10CEE00083F31288BFF36F8F324BC568996865B1C1
:10CEF0008068884217D052EA080316D186F3118859
:10CF0000BFF36F8F6FF00F000AE091F90E302361CD
:10CF10000135C4E9021586F31188BFF36F8F002035
:10CF200002B0BDE8F0812369F1E791F90E1090F9A4
:10CF30000E309942A8BF19466FF07E029142B8BFE9
:10CF400011468B422EDD07F046FB0546CDE9007801
:10CF500019482246314600F0D1FC0028E0D0EFF31A
:10CF60001186202383F31288BFF36F8FA06888B1E6
:10CF7000236821699C420AD04BB193F90E30994243
:10CF8000A8BF19466FF07E039942B8BF194607F053
:10CF900022FB00B945B10848314600F043FD6FF06F
:10CFA0000A00BDE70025D1E786F31188BFF36F8F34
:10CFB000F5E700BFF83200201B340020F8B5836885
:10CFC0000546002B3FD0234A926893423ED1C36866
:10CFD000012B03D9013BC3600020F8BDEFF311879B
:10CFE000202383F31288BFF36F8F0169806807F0F5
:10CFF000F2FA2C68A54207D10023C5E9023387F372
:10D000001188BFF36F8FE7E7002CF5D0D4E9003229
:10D0100013605A60637B002623F002036373C4E944
:10D020000066A66004F1180007F0E3FDAC6094F917
:10D030000E302B612046E66707F012FD06483946A0
:10D0400000F0F0FCC8E76FF01500C6E74FF0FF30C6
:10D05000C3E700BFF83200201B34002037B5EFF3E0
:10D060001185202181F31288BFF36F8F04689CB172
:10D070002368426823F003039442036008BF4360BF
:10D080000121204607F02FFB044685F31188BFF3EA
:10D090006F8F204603B030BD52EA0301F5D008304F
:10D0A000CDE900232946024600F028FC0028F0D1F3
:10D0B000014B9B681C69ECE7F832002070B5EFF378
:10D0C0001186202383F31288BFF36F8F0468A04278
:10D0D0001AD0CCB1D4E9003213605A60637B0025CA
:10D0E00023F00203C4E900556373A56004F118003E
:10D0F00007F07FFDE567204607F0B2FC31460B489C
:10D10000BDE8704000F08EBCD0E902329A4218BFF0
:10D11000013383600221103007F03DFE0028EDD17D
:10D1200086F31188BFF36F8F70BD00BF1B340020E2
:10D1300013B5EFF31181202484F31288BFF36F8FAE
:10D14000846844B1013C846081F31188BFF36F8F20
:10D15000002002B010BD52EA030406D181F3118809
:10D16000BFF36F8F6FF00F00F3E7CDE900230246A6
:10D17000014800F0C3FBECE71B340020F8B505467E
:10D18000EFF31186202383F31288BFF36F8F0027FC
:10D190002C68A54218D0BCB1D4E9003213605A60A3
:10D1A000627B002322F00202C4E900336273A360B1
:10D1B00004F1180007F01DFD6FF00A03E367204635
:10D1C00007F04EFC0127E3E70023AB60022105F1E5
:10D1D000100007F0E0FD28B927B986F31188BFF3E6
:10D1E0006F8FF8BD31460248BDE8F84000F01ABC28
:10D1F0001B34002007B5064B0093064906484FF044
:10D20000FF334FF4006200F05BF9002003B000BD73
:10D210009C74020078550020901100202DE9FF41F8
:10D220004C4E05462027EFF3118887F31288BFF391
:10D230006F8FD5F88440D5F89C30F4B923F0040200
:10D240005807C5F89C20C3F3800164D50022012152
:10D2500005F1940007F095FC0028F7D10023029314
:10D260004FF0FF324FF0FF33CDE90023414605F187
:10D270008C02394800F096FDD5E7D5F88810226871
:10D28000C5F884208C4243F0020308BFC5F888200B
:10D29000C5F89C30E36823F0040343F00103E36026
:10D2A000636888F31188BFF36F8F20469847EFF3C8
:10D2B000118887F31288BFF36F8FE368D90623F0D4
:10D2C000010233D4E260E3689A0715D5306823F091
:10D2D0000203E36080B1036800214268944233D1C5
:10D2E000036859BB72683360904200D173600023B9
:10D2F00040F8083BFFF7E2FED5F89C3023F002032C
:10D30000C5F89C3088F31188BFF36F8FDB058AD492
:10D3100000F002FC87E7D006A0D5C5F89C1088F382
:10D320001188BFF36F8F04B0BDE8F08123F01103C3
:10D33000E36004F11000FFF7C1FEC4E70B607368FF
:10D34000984208BF7160D2E7002BD5D0014618463D
:10D350001B68C2E7183300201B34002070B5C36877
:10D36000C3F340069B0705460C460DD5012200215C
:10D3700004F1080007F018FA00232360054B6560EC
:10D380005A681AB9C3E90044304670BD14605C6045
:10D39000FAE700BF18330020F8B5C568AB070446AC
:10D3A0000F4644D46E0737D40B680BB983680B6003
:10D3B000237BD80744BFA3683B603E684CBF02256F
:10D3C000012566B31C4B9A68D6F880309A421DD16D
:10D3D00007F004FB80F00100C0B2D6F89C30D907FA
:10D3E00020D55A0721D510B300232360D6F8883002
:10D3F00073B9C6E92144304607F0E7F9E36843F022
:10D400000403E3603B68A3602846F8BD0020E4E71E
:10D410001C60C6F88840EEE7C5F3400509E06FF0F0
:10D42000150506E06FF0120503E01B07DCD56FF071
:10D430000F0500233B60E7E7F8320020F8B5C3682A
:10D4400003F005031F1E06460C4618BF0127E3B173
:10D4500085680122002104F1100007F0A5F91449A4
:10D46000204607F01AFAE36843F01003E360F3681C
:10D470005B0712D5336823606BB9D5F8883033B9B0
:10D48000C5E92144284607F0A0F93846F8BD1C60DC
:10D49000C5F88840F6E73460F4E7D5F884302360B7
:10D4A000D5F88830C5F88440002BEBD1F0E700BFF9
:10D4B000C94702000146014807F00ABA901100204E
:10D4C000F0B589B004460020C4E921000E9D04F1A6
:10D4D0008C00C4E9230004F19400C4E9250055B38D
:10D4E0002879002840F2011008BF0120C4F89C00F0
:10D4F00000204FF0FF364FF0FF37CDE90330CDE984
:10D500000100CDE906670D4B0094204600F0E4F8D9
:10D5100055B1296811B1204607F066FA6B791BB145
:10D52000237B43F001032373204600F073FBC4F810
:10D53000804009B0F0BD0120D8E700BF1DD2010036
:10D5400037B501900846EFF31184202181F312884A
:10D55000BFF36F8FC16811F01E0F16D153EA020599
:10D5600008D101A9FFF718FF84F31188BFF36F8F6B
:10D5700003B030BD41F00801C160019981620449E6
:10D58000103000F0F3FC0120EEE70020ECE700BFD4
:10D590005F48020001460148FFF7D2BF901100200A
:10D5A000F7B50C46019016461D46EFF31187202370
:10D5B00083F31288BFF36F8F084607F00DF955EA21
:10D5C000060309D101A92046FFF7E6FE87F311887B
:10D5D000BFF36F8F03B0F0BDE168019BA36241F020
:10D5E0000801E160324604492B4604F1100000F0C6
:10D5F000BDFC0120EAE700BF5F4802000146014888
:10D60000FFF7CEBF901100202DE9F0410646EFF361
:10D610001187202383F31288BFF36F8F0468A04221
:10D620001CD0DCB1204607F0CCF904F1180007F05B
:10D63000E0FA0025A846C4F87C80204607F010FADE
:10D640003468A64205F1010510D07CB1204607F0F0
:10D65000B8F904F1180007F0CCFAECE787F3118869
:10D66000BFF36F8F00252846BDE8F0810248394698
:10D6700000F0D8F9F7E700BF1B340020F0B585B003
:10D6800000F158050E9E0673042646730D9E8673A0
:10D69000D61DC0E916550C9A002526F00706C0E9EC
:10D6A0000655C0E91A168560C573056702920B9A84
:10D6B00001928F190A9A00923A460446E6F70EF94B
:10D6C000044B65659B6803B15B6F6367384605B0C3
:10D6D000F0BD00BFF8320020F0B587B000270597F5
:10D6E000109F04970F9F03970E9F0297DDE9126525
:10D6F0000D9F01970C9F00970446FFF7BFFFB5F100
:10D70000FF3F08BFB6F1FF3F05D055EA060305D13C
:10D71000204600F07FFA204607B0F0BD32462B4687
:10D7200004F11800014900F021FCF4E7DD4A020091
:10D7300040F2011383810023C0E91A334367014B90
:10D7400098607047F8320020094A93686FF00A0128
:10D75000D967084998674B6843F080534B600023B2
:10D7600083F31188BFF36F8F9368D86F704700BF42
:10D77000F832002000ED00E070B5437B13F09F0FFE
:10D780002ED11C4C63F07F032246437352F8183F9E
:10D79000934226D1E169C0E900210860E06110E010
:10D7A0009942F8D01B68002BF5D093F90E5090F9F0
:10D7B0000E60AD1B002DF3DD5968C0E90031086033
:10D7C0005860A569954200D005B9E568A3685A7B01
:10D7D000D20608D1DA897F2A05D9AA691AB9636104
:10D7E00070BDE169DFE7AB4202D0284600F01CFBC8
:10D7F0006561F5E7F832002038B590F90D20437BDC
:10D80000002A014604DA03F07F03437307F0EFF8C0
:10D810000D4D2A46AB6852F8184F944200D004B917
:10D82000EC688B4207D05A7BD20604D1DA897F2A72
:10D8300001D9A26912B1A34202D123466B6138BD5E
:10D84000204600F0F1FAF8E7F8320020B3F1FF3F8C
:10D8500008BFB2F1FF3F03D00249183000F086BB89
:10D86000704700BFDD4A020070B590F90D20437B80
:10D87000002A014604DA03F07F03437307F0B7F888
:10D880004B7B1D4C63F07F0322464B7352F8183FCD
:10D8900093422ED1E069C1E900200160E16110E00E
:10D8A0009842F8D01B68002BF5D093F90E5091F9EF
:10D8B0000E60AD1B002DF3DD5868C1E9003001603A
:10D8C0005960A569A368954200D005B9E5688B4207
:10D8D00007D05A7BD20604D1DA897F2A01D9AA69F6
:10D8E0002AB1AB4202D0284600F09EFA2B46636173
:10D8F00070BDE069D7E700BFF8320020F8B50E4BE5
:10D900000D460E4998680860DDE90667EFF311815E
:10D91000202181F31288BFF36F8F9C681146204647
:10D9200007F077F8204632463B46FFF78FFF284640
:10D93000BDE8F840FFF708BFF83200202033002090
:10D94000F8B50446EFF31187202383F31288BFF361
:10D950006F8F437B03F01F02B2FA82F6760949B259
:10D9600032B39B0706D4817387F31188BFF36F8F9F
:10D970003046F8BD856807F03AF881732B689D4200
:10D9800000D02BB96B68C4E900531C606C60EBE7F6
:10D9900093F90E20521A002A04DC6A689A42F1D0E8
:10D9A0001B68EEE75A68C4E9003214605C60DBE78C
:10D9B00003F07F03437307F01AF8194D437B81731B
:10D9C00063F07F032A46437352F8183FE869934295
:10D9D0001DD1C4E900200460EC61AC69944209D116
:10D9E000EC68AB689C4201D16C61BDE7204600F059
:10D9F0001BFAF9E7002CF4D1F2E793F90EC0ACEB77
:10DA0000010CBCF1000F05DC9842E2D01B68002B32
:10DA1000F3D1DEE75968C4E900310C605C60DCE7F3
:10DA2000F832002049B9EFF3058030B9054B5A6947
:10DA30009B689A4201D0FFF787BE81F31188BFF33C
:10DA40006F8F7047F8320020034648B9EFF3058224
:10DA500032B9064A51699268914201D0FFF774BE0B
:10DA600083F31188BFF36F8F704700BFF832002037
:10DA7000EFF31181202383F31288BFF36F8F054BDF
:10DA80009A68D37B013BD37381F31188BFF36F8F07
:10DA9000704700BFF832002070B5EFF311862023E5
:10DAA00083F31288BFF36F8F164DAB68DA7B0132B8
:10DAB000DA732A4652F8184F944219D1EC685A7B0F
:10DAC000D20618D0A34202D0204600F0ADF923467A
:10DAD0006B6186F31188BFF36F8FEFF31180202302
:10DAE00083F31288BFF36F8FBDE87040FFF7ACBFC0
:10DAF000002CE4D1E2E7DA897F2AE3D9A269002A7F
:10DB0000E0D1E5E7F8320020024B03F11802C3E947
:10DB100006227047F832002070B5EFF311862023FB
:10DB200083F31288BFF36F8F1A4CA168E0690B680A
:10DB3000814214BF1A46002249680B605960A368ED
:10DB4000E1692AB9144AC3E900210B60E3610BE0E3
:10DB500092F90E0093F90E50401B002816DD516813
:10DB6000C3E900210B605360A5690B4B9D4200D0B7
:10DB700005B9E568A3689D4202D0284600F054F933
:10DB800065613046BDE87040FFF7DEBD8A42D9D0FE
:10DB90001268D6E7F832002010330020F8B550EABA
:10DBA000010306460C4603D1FFF7B6FF0020F8BD7F
:10DBB000EFF31187202383F31288BFF36F8F124D89
:10DBC000124BA8681860FFF717FEA8681049234693
:10DBD0003246183000F0CAF9AA68537B43F00403B8
:10DBE000537304463846FFF7AFFDAB68D3E90A2309
:10DBF000B3F1004F08BF002AD8D107F023F8201A4C
:10DC000020EAE070D3E700BFF83200202033002084
:10DC1000DD4A020038B50446EFF31185202383F373
:10DC20001288BFF36F8F437B5B070FD5183006F068
:10DC3000E0FF637B23F0040320466373FFF79CFD42
:10DC400029460548BDE83840FFF7ECBE85F311884A
:10DC5000BFF36F8F38BD00BF1B340020014B9868A5
:10DC6000704700BFF83200202DE9F8430446077BD7
:10DC7000EFF31186202383F31288BFF36F8F437B6A
:10DC8000190705D586F31188BFF36F8FBDE8F883B8
:10DC9000D90907F0010743F008026CD14273A36869
:10DCA00013B1204606F0ABFE04F1180006F0A1FF08
:10DCB000A56D04F15808A84511D04FF0000975B1C1
:10DCC000284606F09CFE05F1180006F092FFC5F804
:10DCD0007C902846FFF750FDA56DA845EFD1DFF8F1
:10DCE000B880D8F808309C424DD1EFF30589B9F1DE
:10DCF000000918BF4FF00109D8F81850274A95427B
:10DD000000D00DB9D8F80C50AB4202D0284600F034
:10DD10008BF8C8F81450B9F1000F02D02048FFF773
:10DD200007FDD8F808309C4230D1EFF305836BBB78
:10DD3000227BD20711D586F31188BFF36F8F83F34F
:10DD40001188BFF36F8F0423184602DFEFF31186AB
:10DD5000202383F31288BFF36F8F3046FFF7F4FC64
:10DD6000002F93D0002383F31188BFF36F8F042318
:10DD7000184602DF8AE703F07F0343F0080343738A
:10DD800006F035FE8BE74FF00009B5E786F3118802
:10DD9000BFF36F8FE4E700BFF8320020103300209C
:10DDA00030120020D3B5DDE90667089CCDE9006795
:10DDB000FFF7A4FD1CB1034B9B681B69236002B0F5
:10DDC000D0BD00BFF8320020044BC01A044BC01075
:10DDD0005843044B01221A54704700BFB012002070
:10DDE000ABAAAAAA1B340020C3897F2B03D9002326
:10DDF00003F001007047094B1B68002BF8D0084B5B
:10DE000090F90E201B689A42F1DB437BDB06EED1D2
:10DE1000044BC31A18BF0123EAE700BF34050020F2
:10DE2000243300209010002070B50E4B0E4C1D7C4A
:10DE3000182303FB05440646204606F0DAFE0B4B8A
:10DE4000002230465A55FFF7CFFF48B1084B094929
:10DE50001A68013A2046D317BDE8704000F086B832
:10DE600070BD00BFF8320020B01200201B3400202B
:10DE700034050020C9DD010038B5EFF311852023FA
:10DE800083F31288BFF36F8F104B114A9C681068A0
:10DE9000A04206D1FFF7C8FF85F31188BFF36F8F4B
:10DEA00038BD00211B7C11600A4AD35C002BF3D0E3
:10DEB0002046FFF799FF0028EED0637BDB0602D1F6
:10DEC0002046FFF7D1FC2046E4E700BFF8320020EF
:10DED000203300201B3400200748084A084908B5B1
:10DEE000121A06F0F8FA0748074A0849BDE8084040
:10DEF000121A06F0F0BA00BF0000002074070020DC
:10DF0000BC7B02000000002000000020BC7B02005F
:10DF1000024B1868984208BF00207047380500205F
:10DF2000034B1B680BB9FCF70DB80020704700BF0E
:10DF30002833002030B570B10B4B5B6898420AD093
:10DF4000036843B1D3E90421D0E90445121941EB38
:10DF50000501C3E90421D0E9003213605A600023AF
:10DF6000C0E9003330BD00BF38050020B3F1FF3FEA
:10DF700008BFB2F1FF3F2DE9F84F05469946144618
:10DF80001F467BD08160EFF31188202383F3128832
:10DF9000BFF36F8FB9F1000FDFF8E8A03BDADAE9E1
:10DFA00000126FF001035B1A4FF0FF3161EB0202C8
:10DFB0001B1B62EB0902012B72F10001BCBF0123A4
:10DFC0000022C0E904324FF00009FFF7A1FFDFF89B
:10DFD000B8A0DAF804E0034683BBC5E900AECEF88A
:10DFE0000050CAF80450FFF793FF85420BD1274B2E
:10DFF0001B6843B9B9F1000F3CD0304606F0E2FD92
:10E000000021FBF771FF88F31188BFF36F8F204663
:10E010003946BDE8F88FFFF783FFDAE900270134BE
:10E0200049F10009241849EBE073C5E90443A41839
:10E03000064643EB07074FF00109C6E7D3E9042082
:10E04000D5E9041C91427CEB000B08DB891A6CEBD0
:10E0500000007345C5E90410BFD01B68BCE7521A25
:10E0600060EB0C00C3E904205A68C5E90032156072
:10E070005D60B8E7FFF754FF0646BEE70024274679
:10E08000C5E700BFC8120020380500202833002053
:10E090002DE9F0470246EFF31185202383F3128820
:10E0A000BFF36F8FDFF89890DFF89880C9F8000011
:10E0B000FFF72EFF00260027D8E900134FEAE27E83
:10E0C00050B1D0E9044CA2427EEB0C0A1ADAA41A31
:10E0D0006CEB0E06C0E9044652184FF0000143EB0A
:10E0E0000E030846C8E90023C9F8001006F06AFDCF
:10E0F000FBF7FAFE85F31188BFF36F8FBDE8F04799
:10E10000FFF7BABE611843EBE473C0E90467C8E9DE
:10E110000013FFF70FFF85F31188BFF36F8F83683C
:10E120009847EFF31185202383F31288BFF36F8F95
:10E13000D9F80020121BC9F80020FFF7E9FEBBE761
:10E1400028330020C812002010B5EFF311842023DB
:10E1500083F31288BFF36F8FFFF7E2FE054AD2E91F
:10E160000031C31841EBE07184F31188BFF36F8F66
:10E17000184610BDC8120020F8B50746EFF3118607
:10E18000202383F31288BFF36F8F036823B186F3D4
:10E190001188BFF36F8FF8BDD0E90A45611C45F1C6
:10E1A0000002022972F1000236D3012C75F100023F
:10E1B000BCBF01241D46013C45F1FF3506F046FD7C
:10E1C000013041F10001001945EB0101012871F115
:10E1D000000149DB06F03AFD013041F100016FF02A
:10E1E0000203001945EB010183426FF000438B41AC
:10E1F0003FDB06F02BFD013041F100016FF0010221
:10E20000001945EB0103121A4FF0FF3161EB0303D4
:10E210001A493846FFF7AAFE3B6B01333B633B6A62
:10E220006BB186F31188BFF36F8F3B6A384698470E
:10E23000EFF31186202383F31288BFF36F8F3B46E1
:10E2400053F8184F9C42A2D0002CA0D0204606F0D4
:10E2500016FC0023E36786F31188BFF36F8F204617
:10E26000BDE8F84006F0FCBB6FF001024FF0FF3351
:10E27000CEE700224FF00043CAE700BF79E101007A
:10E28000F8B5044617461E46EFF31185202181F3A9
:10E290001288BFF36F8FB3F1FF3F08BFB2F1FF3FAA
:10E2A00004D185F31188BFF36F8FF8BD002B08DB15
:10E2B000012A73F10001BCBF01220023571E43F164
:10E2C000FF36204606F095FCDDE906010023C4E98F
:10E2D0000A0123633A46334620460249FFF746FEC9
:10E2E000DFE700BF79E1010010B5EFF311842023CF
:10E2F00083F31288BFF36F8F0368C16098424FF0B9
:10E300000101816005D184F31188BFF36F8F002074
:10E3100010BDD3E900200260506000221846C3E916
:10E32000002206F0F6FC02482146FFF77BFBEEE7F1
:10E330001C340020F8B507460D46164606F04EFB85
:10E3400010B100242046F8BD0D4B9B685C6F002C7B
:10E35000F8D02A1DF5D2EFF31185202383F312881C
:10E36000BFF36F8F47F004012046B04785F3118853
:10E37000BFF36F8F10B10460041DE3E70446E1E7CB
:10E38000F83200200146024A0020FFF7D3BF00BF49
:10E3900031E60100014800F094B900BF3578020071
:10E3A000704737B50C460569836801A95B689847D3
:10E3B00038B92A68019B01215340A1400B4218BF84
:10E3C000012003B030BD132102F03BBC10B4034662
:10E3D0000068197983689C6934B1A4464FF0C06322
:10E3E00010BC4FF0A07260476FF0570010BC704730
:10E3F00000EBC100408840087047F8B50346FFF7BE
:10E40000F7FFB0FA80F0C0F11F0003EB8007CA00ED
:10E410003D69161D063245B901248440D868204361
:10E42000D860396199539952F8BDE80004301C5AFC
:10E430009C5303EBC4049D52E1801952F4E710B5DC
:10E4400000EBC104E388994202F104010AD10123DF
:10E4500003FA02F2C36823EA0203C360002340F810
:10E46000213010BDA28840F8213000EBC20100EB42
:10E47000C300CB808280F4E708B50346FFF7B8FFFE
:10E48000B0FA80F2C2F11F021846BDE80840FFF75B
:10E49000D6BF2DE9F843B1FA81F5C5F11F0200EBB3
:10E4A00082080346D8F810608946B6B1344603277F
:10E4B00021461846FFF79CFF484505D31846FFF74D
:10E4C000BEFF2046BDE8F88303EBC404013FE488A7
:10E4D000C8F8104001D0A642EAD1DA68C5F120059B
:10E4E0004FF0FF34AC401440EBD094FAA4F2B2FAEF
:10E4F00082F2111D53F821402146DFE738B503466B
:10E50000FFF776FF03EBC105044611461846FFF7F7
:10E510006FFF0444600068801846FFF769FF0244FB
:10E5200023F8324038BD38B50546FFF761FF0C4689
:10E53000014405EBC1039B78DA070AD42846FFF7AC
:10E540009BFF21462846FFF753FF22182846FFF776
:10E55000D5FF35F83410611A05EBC1039B78DB0752
:10E560000CD42846FFF788FF35F834102246611A8C
:10E570002846FFF7C3FF35F83430E41A2146284611
:10E58000BDE83840FFF739BF70B50446FFF730FFEC
:10E59000551A04EBC1036E00891A5E800B1804EB58
:10E5A000C2015800488024F8325011462046FFF737
:10E5B0001FFF024424F8323070BD61B10068043995
:10E5C000091A21F007030344C9085A8822F00102FE
:10E5D0005A80FFF7A8BF704770B509B9002070BD19
:10E5E000056801F007030B33CC0804EBD304AB68D8
:10E5F0009C4228BF1C4621462846FFF74AFF064694
:10E600000028EBD001462846FFF7F2FEA04207D9CA
:10E610002846A219FFF7B8FFA1192846FFF7EDFE1B
:10E6200005EBC602101D538843F001035380D6E763
:10E630001146FFF7D1BF043AF0B40446C81D114497
:10E6400020F0070021F007052E1AF3082060B3FA26
:10E6500083F20446C2F1240100278360890044F854
:10E660000C7F0731C2F12002C90804EB820244F892
:10E67000047F9442FBD14A0042F0010242805B1ABF
:10E6800000EBC1025C000780548020F831108353F6
:10E6900001236B80F0BCFFF7B0BE0020704730B59F
:10E6A0000C688B6814B14A689A4202DC01338B60B3
:10E6B00030BD013A9A4214BF05460025E5548B68E7
:10E6C000F4E70FB407B504A951F8040B0191E3F77F
:10E6D000E1FF03B05DF804EB04B070470CB407B57C
:10E6E00004AB53F8042B0193E3F7E0FF03B05DF8AC
:10E6F00004EB02B07047044608B5084611461A46B6
:10E70000A047FFF7ABFAE5F72DF82DE9F04799465A
:10E71000D3786F2B80460E461446A3F1410A2AD0C7
:10E7200025D8582B14BF0A251025089F2A460023F8
:10E7300040463146E1F7E4FC092A07F1FF3713466A
:10E740001BD83033A84576F100063B7003D34F4504
:10E7500080460E46EAD823789B0605D5082D12D1AF
:10E76000A37843F00803A3703846BDE8F08703F0B0
:10E77000F703702BD6E70825D7E7BAF1190F94BF36
:10E7800037335733DEE7102DEED1A37843F0100373
:10E79000E9E70FB407B504A951F8040B0191E3F7B9
:10E7A00079FF03B05DF804EB04B07047F0B5642363
:10E7B0000446042500200A2711B1013D01D125702E
:10E7C000F0BD9A42B2FBF3F602D2012B00D038B171
:10E7D00006F1300C0139013004F801CBC9B2C0B2E6
:10E7E00003FB1622D2B2B3FBF7F3E5E7A0F1300347
:10E7F000DBB2092B02D80B7000207047A0F1610337
:10E80000052B02D857380870F6E7A0F14103052B15
:10E8100001D83738F7E76FF015007047F7B50E46A7
:10E8200001F0010101EB56079F42054603D900277D
:10E83000384603B0F0BD59B100780DF10701FFF77C
:10E84000D5FF0028F3D19DF8073002F8013B0135D0
:10E85000013502EB5606B242EAD015F8010C0DF173
:10E860000701FFF7C3FF0028E1D19DF8074024010D
:10E8700014702878FFF7BAFF0028D8D19DF8073028
:10E880001C4402F8014B0235E5E7036800220BB98E
:10E89000184670478B4210D10B6842B9426803603A
:10E8A000914200D1436000230B6001207047136048
:10E8B0004368994208BF4260F5E71A461B68E6E7DD
:10E8C000038B13F0070306D10368002B18BF032046
:10E8D00008BF00207047022B05D1408BB0FA80F0B2
:10E8E000400980007047012B04D10368002B18BF3A
:10E8F0000520EDE70020704710B50C4610B96FF009
:10E90000150010BD0029FAD0081D00F0C9F8002834
:10E91000F7D1A368042B28BF6FF01500F1E72DE9AC
:10E92000F0410D4607461946281D90461E4600F048
:10E93000CBF838B133464246294684463846BDE8CE
:10E94000F0416047BDE8F081EFF31182202383F3AB
:10E950001288BFF36F8F41610121E4F783BA38B5A4
:10E9600005460C4610B96FF0150038BD0029FAD0E5
:10E970000B68002BF7D04B68002BF4D01C22002131
:10E9800001F072F82C610020EFE7F8B505460F465C
:10E99000FFF7B2FF041E3BDBEFF31182202383F36A
:10E9A0001288BFF36F8F6B8B2E8B4FF6FF718B42EC
:10E9B00006F007062ED0062E05D8DFE806F018046C
:10E9C0000804182E18006FF00404002303E001333C
:10E9D0006B830224012382F31188BFF36F8FBBB1D5
:10E9E0000023324639462846FFF799FF10E00023FE
:10E9F0003B606B6823B9C5E9007726B13446E4E78C
:10EA00001F606F60F9E702212846E4F72BFA3446CD
:10EA10002046F8BD6FF00A04D7E76FF08504D4E70D
:10EA200010B5EFF31182202383F31288BFF36F8FA9
:10EA3000048B04F00704022C0AD0012C0CBF6FF0E9
:10EA400004006FF0850082F31188BFF36F8F08E038
:10EA5000438B013B9BB2438323B92146E4F702FA7F
:10EA6000204610BD2046EEE738B510B96FF015000E
:10EA700038BD0029FAD0EFF31185202282F31288E5
:10EA8000BFF36F8F048BFFF700FF30B104F0070076
:10EA900085F31188BFF36F8FEAE76FF07700F7E730
:10EAA00040B1436803F00303022B06D0032B04D0CC
:10EAB000012B05D06FF0150070470368002BF9D0CB
:10EAC000002383601846704710B54268816002F0E9
:10EAD0000302022A03460AD0032A0BD1046800204D
:10EAE00000225A6008B1FFF7FFFB204610BD006806
:10EAF0000024F5E700242046F2E7704770B406686A
:10EB00008489806A0D0C16FA81F105FB0411846872
:10EB10002468A44670BC60472DE9F0431C46C36AD4
:10EB20001D686D4289B007460E46904605F02005E7
:10EB30001CB9204609B0BDE8F083AC42A14628BF0D
:10EB4000A9464B466A4631463846FFF7D7FF0028AC
:10EB5000F0D16B46484502D1241A0644E8E71A78FA
:10EB6000424502D101330130F4E70120E2E70B68AE
:10EB700003F580330B60C0891A0CB0EB134F04BF50
:10EB8000A3EB02430B60704738B5828903680D0C14
:10EB9000090C04462D04806A02FB013100F024FEBA
:10EBA00050B9E26AA389527929462046FFF7B4FF9B
:10EBB000002818BF6FF0050038BD10B501460446A7
:10EBC0000722FF20E3F748FDE07110BD0368012B29
:10EBD00083BFD81D5B421840082070472DE9F041E3
:10EBE0000646C06AFFF7F2FF0D4680460722FF2067
:10EBF0004C888F88E3F730FDEB79834209D1B089E7
:10EC00003C44A0EB0800A04294BF00200120BDE8D6
:10EC1000F0810020FBE72DE9F3410646C06AFFF7CB
:10EC2000D5FF0C68241A250C0F4680460C602D0475
:10EC3000AC4203D8002002B0BDE8F08108236A4648
:10EC400021463046FFF75AFF0028F4D16946304686
:10EC5000FFF7C4FF40B1BDF80230BDF804203C60AE
:10EC60006FF30F0513441D44A4EB0804E0E738B527
:10EC700005460C46FFF7B2FF10B1A3880BB1002088
:10EC800038BD22884FF6FF739A42F8D1E86AFFF741
:10EC90009DFF6288AB899B1AB3FBF0F202FB103038
:10ECA000B0FA80F04009EBE7036858185A4201387F
:10ECB0001040012B98BF08467047F7B50546C06A5B
:10ECC000FFF784FF0E460746096808232846FFF72A
:10ECD00015FF0446002839D1316839443160A889CC
:10ECE0008BB2C01B834231D10B0C03BFEB8903F104
:10ECF000FF3301EB0341A1F58031316008236A46FF
:10ED00002846FFF7FBFE044600BBEB6A6A465979CA
:10ED10000346107888420ED10133082B02F101021C
:10ED2000F7D16B6805E03368BDF802206FF30F037D
:10ED3000134433600AE069462846FFF798FF00282D
:10ED4000F1D131462846FFF766FF0446204603B05E
:10ED5000F0BD2DE9F04307461C463D688389080C49
:10ED600015FA81F100FB0315FB6A1E687642264006
:10ED700089B090460AD0B86A83682946D3F80490CF
:10ED80003346C847C0B9A41B3544B044BCB1224681
:10ED90004146684600F05DFEFB6A1A685979121B0D
:10EDA0000DEB040000F060FED7E90A031B688268DF
:10EDB000294654686A46A04709B0BDE8F08320465A
:10EDC000FAE710B50A46082341680446FFF7C1FF79
:10EDD0000246E06AFFF7FAFE63681B1A636010469A
:10EDE00010BD13B54FF6FF73ADF800300023ADF83A
:10EDF00004304FF0FF3304468DF806308368ADF8D9
:10EE000002306846FFF7D9FE69462046FFF7D9FF72
:10EE100002B010BD13B50446C06AFFF7D7FE4FF627
:10EE2000FF73ADF800300023ADF8043063681A18A2
:10EE3000ADF802204FF0FF328DF80620A2896FF363
:10EE40000F0313441B1A63606846FFF7B6FE69465A
:10EE50002046FFF7B6FF211D2046FFF788FE6368B6
:10EE60006FF30F03A36002B010BD2DE9F04F04460D
:10EE700095B0C06AFFF7AAFE636881466FF30F037F
:10EE800003A920460393FFF772FEDDF80CB0A589B5
:10EE90005D44A5EB090506AA0823294620460495EA
:10EEA000FFF72CFE021EC0F2AA80E36A06AA597977
:10EEB00000231078884240F093800133082B02F140
:10EEC0000102F6D1A36862684B449A4206D32046F9
:10EED000FFF787FF0246002840F091805946204600
:10EEE000FFF752FE02468AE0BDF81A202B0C1B04E5
:10EEF00013440493A5EB0903009308AA04A9204630
:10EF0000DDF810A0FFF7D9FE0246002877D108A946
:10EF10002046FFF763FE00283AD0666805960AAAE5
:10EF200005A92046FFF7C9FE0246002867D1BDF8B3
:10EF30002820BDF820309A4204D10AA92046FFF7C4
:10EF40004DFE18B9059B62689A4225D1B2451FD182
:10EF5000BDF82430E3B1BDF822704FEA1A431B0418
:10EF60001F4408A8A368ADF82230FFF726FEE36A25
:10EF7000BDF824801E68764206F02006B8F1000F26
:10EF80000CD108A92046FFF71CFF0246002836D105
:10EF9000009B5345B1D195E71E46C0E7464535462F
:10EFA00028BF45460CAA2B4639462046FFF7A6FD4A
:10EFB000024620BB35B10CAAA1682B462046FFF7BC
:10EFC000C8FE02462946E06A0192FFF76DFEA1687D
:10EFD000019A0144A16092B9A8EB05082F44CDE73E
:10EFE00006A92046FFF743FE00287FF47DAF04A961
:10EFF0002046FFF710FE024600283FF47BAF104684
:10F0000015B0BDE8F08F2DE9F04F044689B000F14E
:10F010001407384605F0E7FAA06A8368DB6898476A
:10F02000E06238B1A06A8368DB6898470368013BF7
:10F030001F2B05D96FF01505284609B0BDE8F08FE4
:10F04000A06A216805AA03F0C1FF0028F2D1A589B2
:10F05000002DEFD0069BB5FBF3F203FB1255002DFC
:10F06000E8D1E389012BE5D9E36A009593F805908F
:10F070004FF0FF334FF0FF323846FDF729FFE06ACB
:10F08000FFF7A4FDA8460646E3891FFA85FA534513
:10F0900020D8E389434500F0068153450BD1009900
:10F0A00008234A46891B2046FFF736FD18B96946F2
:10F0B0002046FFF75CFD69462046FFF7ACFD804621
:10F0C00030B345463846FDF779FF002DB4D1012312
:10F0D0002374B1E7A1892B04891B13FA81F14A46F5
:10F0E000082320460091FFF717FD78B169462046B6
:10F0F000FFF73DFD08F10108009908234A46204624
:10F100001FFA88F8FFF708FD0028C2D00135BBE7D9
:10F11000009961604FEA114A4FEA0A4AC4F808A010
:10F12000A3688B4210D8082301AA2046FFF7E6FC0B
:10F1300005460028C6D101AB1A784A4535D10135BC
:10F14000082D03F10103F7D1636869466FF30F03DC
:10F1500020460093FFF70BFDA38900994A462046FD
:10F16000FFF7DAFC051EADDB77D063684FF6FF7A58
:10F1700006EB0309A389CDF800901FFA89F29B1BC7
:10F180009A422CD300236168002B42D06FF30F0109
:10F19000009120466946FFF7EAFC00992046FFF7F8
:10F1A000F3FC0546002D72D08CE701A92046FFF73D
:10F1B00015FD656880B1BDF808B0BDF80610E06ABD
:10F1C000C4F808A05944FFF76FFD50448542A06081
:10F1D00002D1BBF1000F69D1A91B6160A0E7082330
:10F1E00003AA49462046FFF789FC054600287FF41C
:10F1F00069AF03A92046FFF7F1FC30B1BDF80C3030
:10F20000534502D1BDF810300BB1B144B2E7012330
:10F21000B9E72046FFF7B8FC054600287FF452AF57
:10F220006368A2896FF30F031344A3EB4603636083
:10F230006FF30F03A3602046FFF717FEB1E75B1AD9
:10F240004A462046FFF768FC051EFFF63BAF08D094
:10F25000E26AA36812681344A360D4E901318B42C7
:10F26000EDD86168A38901EB46029A429AD1A2685F
:10F270000B0C1B049A4295D02046FFF785FC0546EF
:10F2800000287FF41FAF63686FF30F03A360A389A7
:10F29000A288A3EB46039A427FF413AF2046FFF700
:10F2A000A0FD05460EE76FF02C050BE76FF01C057F
:10F2B00008E72DE9F04F1D46037C91B0CDE9002110
:10F2C0000446002B00F08D80C26A1046FFF77EFCDA
:10F2D000A3890290A3EB8003AB4202D33DB1009B14
:10F2E0002BB96FF01502104611B0BDE8F08F29461A
:10F2F0001046FFF7D9FCD4F80480CDF814800746F7
:10F3000006AA05A92046FFF7D8FC064608B13246F2
:10F31000E9E7BDF81830019A934205D106A92046C5
:10F32000FFF75CFC00285FD1DDF81480636843457B
:10F33000E6D115B9EBE7002BE9D017B1029B1F44CA
:10F34000BFB24FF0FF324FF0FF3304F11400FDF76E
:10F35000BFFD4FF00009E38999453FD0A16862687D
:10F360007B189A422ED3019BADF82030FF23ADF8D5
:10F370002210ADF824508DF826302DB1009A2B467E
:10F380002046FFF7E6FC0646E06A2946FFF78CFCBC
:10F39000A3680344A3604EB13246009204F1140006
:10F3A000FDF70CFE009A9EE7C7DC9CE708A8FFF774
:10F3B00004FC08A92046FFF704FDB04214BF024632
:10F3C0002A46EAE72046FFF725FD2046FFF74DFDD8
:10F3D00002460028E1D109F10109BCE76FF01B02E8
:10F3E000DBE76FF00C027EE7BDF81C30002DA2D0E9
:10F3F000AB42A2D14FEA1843BDF81A80DDF800B045
:10F400001B049844E36A1B685B4203F020030393E8
:10F41000A946DDF80CA0CA4528BFCA4608AA53462B
:10F4200041462046FFF76AFB021EBDD1524608A99D
:10F43000584600F0E7FA024600287FF47EAFB9EBA9
:10F440000A09D044D344E4D14DE700231A46FFF71C
:10F4500030BF2DE9FF471E46037CBDF830700446DF
:10F4600089469046002B42D0C06AFFF7AFFBA389C4
:10F47000A3EB4003B3423DD3656801954FF0000A0A
:10F4800002AA01A92046FFF718FC68BBBDF80830A6
:10F490004B4506D102A92046FFF7A0FB50441FFAB6
:10F4A00080FA019B62689A4218D0BA4514D9BDF817
:10F4B0000C30BBB1BA4515D3BDF80A10B3426FF397
:10F4C0000F0528BF3346424629442046FFF716FB66
:10F4D00050B9BDF80C0007E01D46D1E7BDF8083073
:10F4E0004B45E4D06FF0010004B0BDE8F0876FF049
:10F4F0000C00F9E76FF01500F6E713B5002400944F
:10F50000FFF7A7FF02B010BD704730B54C68036825
:10F51000A34201D2012030BD8A682244934206D220
:10F52000D1E90452954204D36FF00B038B610020A4
:10F53000F1E7CA681B1B42F835304368086902EBE3
:10F54000C00253600B6901330B61E3E737B50C462A
:10F55000C0B201A91546E3F761FD002804DA6FF097
:10F560001504204603B030BD01980028F7D021468D
:10F570002A46E3F77BFD04460198FFF7C5FFF0E755
:10F580000020E3F7CFBD00221146E3F797BD10B589
:10F590000AB10023136000B109B9002010BD013980
:10F5A00011F8013F3BB10478A342F6D13D2B00F1A5
:10F5B0000100F5D1F1E703782F2B04D10AB1013016
:10F5C00010600120EAE73D2BFBD0B3FA83F040093D
:10F5D000E4E730B5024609B100230B6072B113466F
:10F5E0001D78981A1C4645B13D2D06D02F2D03F1EC
:10F5F0000103F5D109B101340C6030BD1046FCE7C0
:10F600002DE9F341089C019080460D4616461F46A1
:10F6100034B1216881B9D4F804E0BEF1000F14D1EF
:10F6200001A94046E3F7CCFD58B1C46801983B46B8
:10F6300032462946A04704E001AAFFF7A8FF0028A8
:10F64000E9D1002002B0BDE8F081A36801980893D9
:10F6500032463B462946F44602B0BDE8F0416047D9
:10F660000830704710B5134614460A468188006872
:10F67000FFF743FFA042A8BF204610BD2DE9F04F81
:10F6800097B0CDE9002304468846002900F0868023
:10F69000058F1346019A0135002A18BF002BADB221
:10F6A0000CBF4FF001094FF000092F466E1EB6B295
:10F6B000B6F5004F46D04A2303AA314604F10800AC
:10F6C000FFF71BFF002805DA10F1020F08BF3746CD
:10F6D0003546EBE700F158030DEB0300002300F87B
:10F6E0004C3C03A9404600F070F90028F0D1B9F174
:10F6F000000F2ED13746B7F5404F52D0238FBB4273
:10F700000BD22246022322F8387F4FF4004104F145
:10F710000800FFF7CEFD002818DB07F58041DDE982
:10F72000002389B204F10800FFF7C3FD00280DDBB8
:10F73000B9F1000F09D0404600F040F942460346B7
:10F74000394621E0B9F1000F25D0002017B0BDE8FF
:10F75000F08F314604F10800FFF777FE0028F5DB53
:10F7600005F57F513F3189B204F10800FFF76DFEC6
:10F770000028EBDB238FB342E7D12246013B22F87E
:10F78000383F4FF40041022304F10800FFF791FDD8
:10F7900000EAE070DAE74FF00109ACE76FF015001E
:10F7A000D4E76FF00B00D1E773B5C36B0363054675
:10F7B000BBB10830FFF727FC044678B902230DF1EE
:10F7C00006024FF4004105F10800FFF796FE0028FD
:10F7D000ACBFBDF806304FF400432B87204602B083
:10F7E00070BD6FF01204F9E72DE9F0418568EB6810
:10F7F00004460E4617469847AB682BB13A46314649
:10F800002046BDE8F04118476FF05700BDE8F08191
:10F81000012801D1EFF30583FDF7D6B90146006851
:10F82000FFF7F6BF08B5E3F72FFEBDE80840E3F7A2
:10F830002FBE00210120FFF7EBBF61B662B680F357
:10F840001188BFF36F8F704772B6002383F311885E
:10F85000BFF36F8FBFF34F8F30BF62B6BFF36F8FB1
:10F86000704772B6002383F31188BFF36F8FBFF325
:10F870004F8F20BF80F31188BFF36F8F62B6704740
:10F880000023202103F1604202F561420133302B55
:10F8900082F80013F6D17047202809D9B0F1004F43
:10F8A00008D80138B0FA80F0C0F11F00400070475E
:10F8B000082070473E2070472DE9F04188460746F2
:10F8C00001460C4614F8013B202B03D0A3F109009C
:10F8D000042801D82146F4E72D2B11D123784FF0CD
:10F8E000010C8C1C32F0100118D1302B10D1217872
:10F8F00001F0DF0158290BD16378023410220DE0AA
:10F900002B2B08BF23784FF0000C08BF8C1CE9E7B5
:10F91000002AF3D1302B14BF0A2208224FF0FF3106
:10F920000025B1FBF2F102FB01FE6FEA0E0E284644
:10F93000A3F13006092E0FD833469A421CDD6E1C07
:10F9400007D0884215D801D1734512DC00FB023084
:10F95000012514F8013BEBE743F02006613E192E28
:10F960000AD8A3F14106192E8CBF572637269B1BB8
:10F97000E3E74FF0FF35ECE76B1C09D1FDF71EF90B
:10F98000222303602846B8F1000F09D1BDE8F081B9
:10F99000BCF1000F00D04042B8F1000FF6D005B125
:10F9A000671EC8F80070F1E70139034611F8012F0E
:10F9B0000AB91A70704703F8012BF7E70023C25CFD
:10F9C0000AB9184670470133F9E7431E013913F8A5
:10F9D000012F11F8010F824201D1002AF7D1101A2C
:10F9E000704710B562B104780B78A34200D11BB9FF
:10F9F00002780B78D01A10BD01300131013AF1E7DD
:10FA00001046F8E710B55AB10139841810F8012BE7
:10FA100011F8013FA04201D09A42F7D0D01A10BD90
:10FA20001046FCE7431A934210B500EB020308D3DB
:10FA3000013902469A420BD011F8014F02F8014BEE
:10FA4000F8E70A4412F8014D03F8014D8A42F9D152
:10FA500010BD10B5431E0A44914200D110BD11F8EB
:10FA6000014B03F8014FF7E702440346934200D1EC
:10FA7000704703F8011BF9E7704708B5FDF79EF8DA
:10FA80000C230360002008BD0023C25C0AB18B4236
:10FA900001D1184670470133F7E77047002303820E
:10FAA0004369C3607047416A8968E4F7CBB8EFF3F4
:10FAB0001182202383F31288BFF36F8F00230B6022
:10FAC000436833B9C0E9001182F31188BFF36F8F27
:10FAD000704719604160F7E710B5EFF311812023FB
:10FAE00083F31288BFF36F8F03682BB144681A68E1
:10FAF0000260A34208BF426081F31188BFF36F8F99
:10FB0000184610BD037A0133037270470346184646
:10FB10005B68002BFBD17047426810B52AB10B46D9
:10FB20001C465B68002BFBD16260416010BD10B5C4
:10FB3000044620B90B7A01330B72084610BD034608
:10FB400018465B68002BFBD1FFF7E6FF2046F5E780
:10FB500010B508B14B6843604C68002308464B6001
:10FB6000E4F7EEF8204610BD83680B44036070474D
:10FB70000B460C2201461846FFF76BBF83880268CC
:10FB800019448180D018704730B484880568A31860
:10FB90008380281930BCFFF75CBF10B583880268EA
:10FBA0005C1C8480D154D01810BD036882885B1A15
:10FBB000114403608180184670470268531E036039
:10FBC00083880133838002F8011C704783885B1AA5
:10FBD0008380036819440160084670470346006843
:10FBE0009A88521A01449A801960704708B50368D0
:10FBF0001A780121FFF7EAFF104608BD08B503682F
:10FC00001A880221FFF7E2FF104608BD02688068EB
:10FC1000101A70478388C2888168D21A03685B1AF9
:10FC2000D01A704730B585B00446154668460322A1
:10FC3000FFF70FFF0D2200210DF10300FFF714FF66
:10FC400020466A466946F5F787FF044620B9032235
:10FC500069462846FFF7FDFE204605B030BD13B5C6
:10FC60000C4601AA0331FFF7DDFF48B9032201A9C1
:10FC70002046FFF7C7FEB0FA80F0400902B010BD81
:10FC80000020FBE770B50C4606460321E01CF5F7A3
:10FC900061FF60B9637903F03F0343F04003637190
:10FCA0002246E11C3046BDE87040FFF7BBBF70BD87
:10FCB00070B50D4600210446FFF78BFC0D2804D1DA
:10FCC000237B302B04D0312B14D06FF0150070BD86
:10FCD000002305F8063B04F10C062A4620460123C2
:10FCE00002210234FEF79AFDB44205F1FF35F4D14A
:10FCF0000020ECE70123ECE7E3F70EBB00207047A0
:10FD000010B502780B7893428AB00C460FD0694642
:10FD1000E4F7E6F905A92046E4F7E2F910220DF12F
:10FD200015010DF10100FFF76DFE0AB010BD012BAA
:10FD300006D0022B07D073B940884B88C01AF4E76D
:10FD400040684B68FAE71022013101300AB0BDE883
:10FD50001040FFF757BE6FF01500E6E7042A10B514
:10FD60000AD0102A0DD0022A4FF000030FD10370E1
:10FD70000B884380012010BD012303700B68436092
:10FD8000F8E7022300F8013BFFF763FEF2E71846AD
:10FD9000F1E7012310B50621044600F8013BF5F711
:10FDA000D9FE18B9A37963F03F03A37110BD10B554
:10FDB00004460722FFF74DFE237823F00203237049
:10FDC00010BD0078C0F34000704738B50446807A13
:10FDD000E3F70EFF6169054649B1637ADB0704D496
:10FDE000436A1B6820469B6898470023636121464D
:10FDF0002846BDE8384004F0CABC2DE9F04101F1C5
:10FE00000C070C46054600F10C01384690461E468C
:10FE1000FFF7AEFE3846FFF7F9FE01234044688243
:10FE20006B72A5F8108041463846FFF7CFFEE368B5
:10FE30007360628A0023E3607281638234602846C3
:10FE4000BDE8F08138B5D1E90032DA600B684A8943
:10FE50005A820C4605460868E3F772FF20461022D6
:10FE60000021FFF701FE2846BDE83840FFF7ADBF8F
:10FE7000438A23B9C068B0FA80F040097047002077
:10FE800070477047D0F8A03013B15A7BD10707D420
:10FE900002234372807A98428CBF00200120704771
:10FEA000D20605D51B7B102B0CBF04230323F0E7E0
:10FEB0000323EEE7BFF35B8F0068BFF35B8F7047F0
:10FEC0000722FFF7C6BD10B50346BFF35B8F53E8AB
:10FED000000F40EA010243E80024002CF7D1BFF3F1
:10FEE0005B8F10BD0B4601461878E4F78BB938B527
:10FEF000C3681D7875B9B3F801000F21E6F71AF948
:10FF0000044638B12946E6F78BF82046BDE838406C
:10FF1000E6F75EB838BD08B5C3680121B3F8010043
:10FF2000E6F708F918B1BDE80840E6F751B808BD92
:10FF300008B5C36801211888E6F7FCF818B1BDE8D8
:10FF40000840E6F745B808BD01210C30FFF746BE72
:10FF500038B5C5680121B5F80100E6F7EBF80446AD
:10FF600080B12B7823B90822E91C9530FFF771FD89
:10FF7000201D4FF48031FFF7A6FF2046BDE8384032
:10FF8000E6F726B838BD30B402EBC3039A4201D17C
:10FF900030BC7047144614F8085B854207D1088AC4
:10FFA00053789842F4D330BC536808461847224629
:10FFB000ECE7BFF35B8F50E8003F0B4040E80032B6
:10FFC000002AF8D1BFF35B8F704710B5E5F74AFA06
:10FFD0006FF080011030FFF7ECFF0020E4F776F9B6
:10FFE000044648B13C2303730021E6F719F8204684
:10FFF000BDE81040E5F7ECBF10BD030A1070000E1D
:020000022000DC
:100000005370D0700023080A090E93701371507159
:100010009371D17170472DE9F047D0F80C80028AB6
:1000200098F800309B000133934241D9BDE8F08736
:1000300008EB86030F21B3F80100B3F80370E6F76D
:1000400079F8044628B100F1C00947B92046E5F720
:10005000BFFF013698F800309E42E9DBE6E76569AC
:10006000002DF3D0A2692B686361954208BFA3619C
:100070002046013FE5F7ACFEBFB2FDF71FF8C5F81B
:1000800000A0236A8BB9C4E90755BFF35B8F59E819
:10009000003F013B49E80032002AF8D1BFF35B8FF3
:1000A00000212046E5F7A0FECFE71D602562ECE7C2
:1000B0000026B246CEE773B5C5680121B5F8010048
:1000C000E6F738F8044600284AD02B781A2B19D1C5
:1000D000C378012B2AD14FF480410430FFF7F3FE9F
:1000E00042040FD4D4F8883000936946D4F8903095
:1000F00001932046E6F7C0FC204602B0BDE8704000
:10010000E5F766BF2B788BB9B5F80330A4F88630D5
:10011000B5F80530A4F88C30B5F80730A4F88E3067
:100120006FF48051201DFFF744FF15E0201DFFF7FD
:10013000C1FEC304F4D52B78202BF1D194F8943070
:10014000002BEDD0013B84F894304FF42032002393
:1001500004F14000FDF71EFA2046E6F757F9CBE719
:1001600002B070BD0120704710B5038842889342E9
:1001700001D9002010BD052BFBD9B2F5486FF8D886
:100180008388B3F5FA7FF4D2C088A0F10A0189B25E
:1001900040F67644A142ECD801339BB25343B3EB13
:1001A000800F34BF01200020E4E738B5C3680F2179
:1001B000B3F801001D78E5F7BDFF044638B365B11B
:1001C0002846E4F71FFA294602462046E6F7DAF900
:1001D0002046BDE83840E5F7FBBE8378012B07D108
:1001E00002F0BEFC2046FFF74DFE002808BF0525A3
:1001F0002846E4F707FA294602462046E6F7C2F900
:10020000002DE5D00521204600F01BFDE0E738BDBC
:1002100070B5C6680F21B6F801003578E5F78AFF9A
:10022000044670B34DB12846E4F7ECF9294602467E
:100230002046E6F7A7F9204603E0F378C27A9A420F
:1002400003D1BDE87040E5F7C3BE8278C372012ACE
:1002500008D10BB102F084FC2046FFF713FE002802
:1002600008BF05252846E4F7CDF929460246204671
:10027000E6F788F9002DDED00521204600F0E1FCEC
:10028000D9E770BD4FF4C070704708B5E9F71CFBA3
:1002900018B1C089003818BF012008BDF0B5C46886
:1002A000258887B00121A8B2E5F744FF064620B3B0
:1002B00002AFD4F80220D4F806300197618900918A
:1002C00002F0D8FAD8B14FF0FF304FF0FF31E4F729
:1002D0004DF9044670B112210C30FFF74FFC39463E
:1002E00020F8025B1022FFF7B4FB214642F21A000D
:1002F000E4F724FA3046E5F76BFE07B0F0BD4FF0A7
:10030000FF304FF0FF31E4F731F904460028F1D017
:1003100002210C30FFF732FC2146058042F21B001F
:10032000E6E770B506460D464FF0FF304FF0FF315F
:10033000E4F71CF9044660B103210C30FFF71EFC02
:1003400006808570214642F22100BDE87040E4F746
:10035000F5B970BDF7B5C368D9789A781E8842EAB6
:100360000122ADF8002059791A7942EA0122ADF84C
:100370000220D9799A7942EA0122ADF804201A7A4A
:100380005B7A012142EA0323B0B2ADF80630E5F70B
:10039000D1FE074628B90221B0B2FFF7C2FF03B071
:1003A000F0BD6946E6F784F838B91E21B0B2FFF710
:1003B000B8FF3846E5F70CFEF1E74FF0FF304FF09D
:1003C000FF31E4F7D3F805460028F2D00E210C30B7
:1003D000FFF7D4FB04460E220021FFF745FB2680E1
:1003E000BDF800306380BDF80230A380BDF8043052
:1003F000E380BDF806302381294642F22000E4F76D
:100400009DF9D6E773B506460D4601AA002142F2D2
:100410002F00E4F731FA044648B90198C368B3F8ED
:1004200001203280B3F803302B80E3F789FC2046AB
:1004300002B070BD70B506460D464FF0FF304FF06C
:10044000FF31E4F793F8044668B103210C30FFF75D
:1004500095FB0680857021460022BDE8704040F281
:100460000640E4F709BA6FF0680070BDC068037811
:100470001BB13C2B03D1FFF7A8BDE4F711BB7047BC
:1004800038B54FF0FF3105464FF0FF30E4F76EF816
:10049000044668B102210C30FFF770FB2B88038003
:1004A00021460022BDE8384042F21600E4F7E4B9E4
:1004B0006FF0680038BDF8B507460E464FF0FF30C4
:1004C0004FF0FF311546E4F751F8044678B10621A4
:1004D0000C30FFF753FB3B88038046808580214624
:1004E0000022BDE8F84042F22200E4F7C5B96FF0FF
:1004F0006800F8BD2DE9F843814688464FF0FF308B
:100500004FF0FF319DF8205017461E46E4F72EF8B5
:100510000446A0B107210C30FFF730FBB9F80030DA
:10052000038080F80280C7700671A0F8055021464C
:100530000022BDE8F84342F23200E4F79DB96FF0C3
:100540006800BDE8F88308B500200021E4F73AF917
:1005500018B1BDE80840E4F7EBB8BDE80840E5F79E
:1005600061BE033138B5C9B205460E20E4F7E6FB9B
:10057000032104460C30FFF701FB01230370A0F8B0
:100580000150204638BD70B505460E460F200421A7
:10059000E4F7D4FB042104460C30FFF7EFFA012303
:1005A000067043704580204670BD08B50722FFF7EE
:1005B00029FAB0FA80F0400908BD0722FFF749BACE
:1005C000BFF35B8F0068BFF35B8F70472DE9F0418D
:1005D00005468846174610BB4FF0FF304FF0FF31FD
:1005E000E3F7C4FF0446F0B127210C30FFF7C6FA49
:1005F00041460646FFF7E1FF39461022F01DFFF79E
:1006000028FA2946102206F11700FFF72DFA2A468C
:10061000214642F22700BDE8F041E4F72DB96FF022
:100620001500BDE8F0816FF06800FAE7037A5B0718
:1006300006D5014600F12A0211F8010BFFF7C6BFEB
:10064000704738B54FF0FF3105464FF0FF30E3F704
:100650008DFF044658B129460C30FFF79EFA21461B
:100660000022BDE8384042F22D00E4F705B96FF0F2
:10067000680038BD10B400F11003BFF35B8F53E87E
:10068000002F22F4004143E80014002CF7D1BFF3FF
:100690005B8F130403D510BC012100F0DCB910BC42
:1006A00070472DE9F0414F6886B005460C46FFB90A
:1006B000037A5B071CD50868691C0130FFF775FFDA
:1006C000D4F800801622394606466846FFF7CCF972
:1006D0001022694608F12A00FFF794F970B12068EA
:1006E000102205F12A012A30FFF78CF91EB165604E
:1006F00006B0BDE8F0810028F9D0F9E7002EF6D168
:10070000F6E708B500F1100302461846FFF758FF58
:10071000010611D5BFF35B8F53E8000F40F4004092
:1007200043E800010029F7D1BFF35B8F0021BDE84A
:100730000840104600F08FB908BD10B50C4630B91E
:1007400019B1E9F78FF800B1441C204610BD002410
:10075000FBE718B111B10846E4F76ABB6FF015006A
:10076000704713B5044680B106216846F5F7F2F9E3
:1007700048B99DF80530694603F03F0320468DF8DF
:100780000530FFF7E6FF02B010BD6FF01500FAE785
:10079000003818BF01207047037AD90704D523F029
:1007A00001030372E4F7DEBB990704D523F00203CB
:1007B0000372E4F75FBC70470020704710F4004FED
:1007C00014BF0623072303F0050210F4803F18BF6F
:1007D000134603F0030210F4003F14BF10461846FE
:1007E0007047BFF35B8F0068BFF35B8F704710B536
:1007F0000346BFF35B8F53E8000F00EA010243E8B2
:100800000024002CF7D1BFF35B8F10BD2DE9F74F0B
:100810000C4600904FF0FF314FF0FF301746E3F7E2
:10082000A5FE0646002850D020210C30FFF7A6F97F
:10083000002182462022FFF717F90AF1010804EB94
:10084000C707002125684FF00009636899450CD35C
:100850000834A742F6D100988AF8001000223146E9
:1008600003B0BDE8F04FE4F707B86A7895F800C028
:10087000881C02EB000EBEF11F0F5FFA80FB08D947
:10088000BCF1090F19D11C2917D8CBF11F024FF069
:10089000080C02F1010E08F801E00131C9B2404430
:1008A00008F801C069680192FFF7D3F8019A5A4429
:1008B000D1B209F101090835C7E73046E3F740FA3C
:1008C0006FF0150003B0BDE8F08F6FF06800F9E736
:1008D000012303FA01F15AB1BFF35B8F50E8003FE7
:1008E0000B4340E80032002AF8D1BFF35B8F70471A
:1008F000C943FFF77CBF2DE9F04F87B005469DF84F
:100900004840DDF840809DF844900F469246002113
:10091000102202A81E46FFF7A7F89CB1E3F704FFD8
:100920008346002F3BD1002E49D15846FFF746F8A9
:100930000023ADF8023009238DF800308DF8010056
:10094000CDF804B0012C0CBF0222012202A942F210
:100950000800CDE9027A04BFCDF810D00594FFF766
:1009600055FF074678B9B9F1000F2AD11035BFF30A
:100970005B8F55E8003F43F0040345E80032002A4E
:10098000F7D1BFF35B8F384616E017F83230083BDB
:10099000DBB2012B0ED901329245F6D1C3E700221A
:1009A000FAE701329045C0D016F83230083BDBB28E
:1009B000012BF6D86FF0150007B0BDE8F08F0022CC
:1009C000F0E7022C4FF0010208BF059202A908BF10
:1009D000224642F2090008BFCDF810D0CDE90268E6
:1009E000FFF714FF0028C1D0E6E7436813F00800C2
:1009F0000AD05A0307D403F4C063B3F5806F0CBF69
:100A00000120022070470120704770B5064686B06D
:100A10000D464FF0FF304FF0FF31E3F7A7FD0446DE
:100A2000B0B10C3095B10121FFF7B7F806F1100213
:100A300003A9204600950723E3F786FD00222146FF
:100A400042F20A00E3F718FF06B070BD2946EBE753
:100A50006FF06800F8E7FFF7D8BF183003F074BFF5
:100A6000E4F762BE01F12003013813F8012D00F80C
:100A7000012F9942F9D1704700230B60436813B9E5
:100A8000C0E900117047196041607047D0F8B000AC
:100A9000003818BF01207047084689691160C26993
:100AA0001A60C27A00211830FEF7DEBFBFF35B8FF9
:100AB0000068BFF35B8F704710B50346BFF35B8FD1
:100AC00053E8000F40EA010243E80024002CF7D16C
:100AD000BFF35B8F10BD2438E5F74EB903680022E1
:100AE0000BB9184670478B4210D10B6842B9426867
:100AF0000360914200D1436000230B6001207047E6
:100B000013604368994208BF4260F5E71A461B68C4
:100B1000E6E710B50446006918B1E3F711F90023C0
:100B2000236110BD70B516460D4601210446E5F758
:100B30005BF9012E1BD0022E1BD1236913B1204675
:100B4000FFF7E7FF256121690A8A012A3CD9CB68B2
:100B50001B8804339BB29A4236D3A07802282BD04C
:100B60009A4229D92046BDE87040FFF7D2BF2069DC
:100B700018B92046FFF7CDFF01E02E8A26B9284696
:100B8000BDE87040E3F7DCB80C30FFF743F886426D
:100B9000236907D919460022204600F069FA00238C
:100BA0002361ECE72A8AE96803F10C00FEF7ECFF09
:100BB0002846E3F7C5F8C6E7002323612046012253
:100BC000BDE8704000F054BA70BD10B5034600F1A6
:100BD000C8021046FFF76AFF80B1BFF35B8F411C6C
:100BE00052E8004F844204D142E8001CBCF1000FDF
:100BF000F6D1BFF35B8FECD1184610BD0346FBE77F
:100C00002DE9F04107460D4690460024D026A54226
:100C100003D100231846BDE8F08106FB0470FFF7FE
:100C2000D4FF034658B1427B012A02D0073A012A79
:100C300003D81A884245EDD01846E5F7C9F90134C2
:100C4000E5E710B5437B023B0446062B16D8DFE8E8
:100C500003F011041515150A110001730021204637
:100C6000E5F7DEF906E00088FFF7E4FB18B9637BDF
:100C7000072B01D0002010BD0821F0E76FF07F00A6
:100C8000F9E710B50446D0F8A00028B9207A04F19D
:100C90007001E8F719FE38B1E278C3892AB913F078
:100CA000210F14BF0120104610BD13F0240F14BFF4
:100CB00001200020F8E738B5037A8B420446154638
:100CC00015D100F1700107222846FEF79BFE80B186
:100CD000E378072243B904F17E012846FEF792FE2D
:100CE000B0FA80F0400938BD04F17701F5E7002043
:100CF000F9E70120F7E708B5E5F7ACFC10B1E5F737
:100D000067F9012008BD20B18378194214BF012082
:100D10000020704738B50A4603210446FFF7F3FF69
:100D200048B3637B072B29D1130602F07F050CD54E
:100D30004FF40041201DFFF7BFFEA5722046E8F7E3
:100D40004BFA30B1637AA37203E0637AAB4201D30A
:100D5000002038BDA37AAB42FAD2BFF35B8F231DCC
:100D600053E8001F21F4004143E80012002AF7D1A4
:100D7000BFF35B8FE1E76FF01500EAE76FF07F00EC
:100D8000E7E708B503210246FFF7BDFF00B1507A3F
:100D900008BD08B501210246FFF7B5FF08B102F111
:100DA000700008BDF8B507460D464FF0FF304FF014
:100DB000FF31E3F7DBFB0646D0B10E210C30FEF726
:100DC000DDFE0E2204460021FEF74EFE3B88238006
:100DD0002B8863806B88A380AB88E380EB882381BA
:100DE00031460022BDE8F84042F21300E3F744BD6B
:100DF0006FF06800F8BD7047704710B400F14C0305
:100E00000122BFF35B8F53E8001F43E80024002C4E
:100E1000F9D1BFF35B8F41B9034653F8482B816486
:100E2000D2F8B41029B9C2E92C3310BC0068E5F738
:100E30002DB80B60C2F8B430F7E710B50368D3F8EB
:100E4000B02042B1D3F8B4401168C3F8B010A24248
:100E500008BFC3F8B4104C300023BFF35B8F50E8D9
:100E6000002F40E800310029F9D1BFF35B8F10BD9E
:100E700070B5D0E90035044663B3D3F8B0204830EC
:100E800000216AB1904237D1A26C69BBD3F8B4108B
:100E9000C3F8B020884201D1C3F8B4200023A36472
:100EA00004F14C030022BFF35B8F53E8001F43E8BB
:100EB00000200028F9D1BFF35B8F0022002304F14A
:100EC0003000FCF7CBF8D0B96B680BB120469847DF
:100ED00000232360E3680BB1204698472B6A8BB14F
:100EE0002046BDE8704018470A60D3F8B42090420D
:100EF00008BFC3F8B410D1E711461268C1E7E2F7A2
:100F00001FFFDAE770BD10B5406B60B150F80849BB
:100F100004B1083CFFF7ACFF2CB1A36803B1083B58
:100F200020461C46F6E710BD38B5406B0D4678B13B
:100F300050F8084904B1083C43689B680BB1294646
:100F400098472CB1A36803B1083B20461C46F3E741
:100F500038BDF8B50E4600210746154600234FF46C
:100F600080320846E5F700FD044630B104210C301C
:100F7000FEF704FE0770467045802046F8BD38B580
:100F80000568044615B96FF07F0038BD6D7B072DED
:100F9000F9D10D7A012D02D06FF01500F5E7CD7A69
:100FA000072DF9D98A61CB61303003F0E6FB20468A
:100FB000FFF723FF0020E8E7406B30B1838B8B42C3
:100FC000A0F1080001D08068F7E7704710B54AB972
:100FD00089B2FFF7F1FF28B143689B6913B1BDE8FF
:100FE0001040184710BD38B50D460521FFF7E4FF46
:100FF00000231A462946FFF7C2FF044610B12846CF
:10100000E2F79EFE204638BD38B50B8A032B054615
:101010000C4621D9042104F10C00FEF7DFFD238AE0
:1010200042889A4218D14178B1B10378012B13D08C
:10103000132B11D0022201202D68FFF78AFF0446EE
:1010400050B102210C30FEF799FD0023037043706C
:1010500021462846FFF7C7FF002038BD406B30B15E
:1010600083898B42A0F1080001D08068F7E77047C0
:1010700038B50B8A032B05460C4604D82046BDE83C
:101080003840E2F75DBE042104F10C00FEF7A6FD36
:1010900041882846FFF7E2FF0028EFD04368214649
:1010A0005B699847EAE7704703682BB141681A68A3
:1010B00002608B4208BF426018467047034600201A
:1010C00003B970471A8A5B681044F9E710B5D46811
:1010D0002378023113B92170012010BD8B42FBD05F
:1010E000038A023B038200201061F6E70620704766
:1010F0002DE9F04F91B0166880460F46002542F664
:1011000001030068D6F804908DF82C500BA9144602
:10111000ADF82E30FEF7F4FD002800F088804FF483
:101120002053D8F800008DF82C500BA9ADF82E30C4
:10113000FEF7E6FD38B1A3681BB15A88BA4200D267
:101140005F8001200EE061680846FFF7B7FF728BF1
:10115000738D9A4294BFC0EB0200C0EB03000328DA
:1011600003D8002011B0BDE8F08F0846FEF7CEFC92
:1011700005466068FFF7A2FF728D738B9A4294BF99
:10118000C0EB020AC0EB030A05F10C00FEF742FDBA
:10119000824543D26068FFF791FF728D738B9A424C
:1011A00094BFC0EB0200C0EB030070B96368987A8B
:1011B000E2F71EFD00220023FEF775FC054600281D
:1011C000CFD001466068FEF7B2FC00230093D8F848
:1011D0000460102302AA41464846B047061E26DB9B
:1011E000227CE068B2421ED001460BA8FEF7B6FD95
:1011F000E8B1F2B202A906A8FEF7B0FDB8B106A99F
:101200000BA8FEF77DFD90B96074042105F10C0078
:10121000FEF7B4FCA0600780A36891E705F10C001D
:10122000FEF7F8FCC1E702A9FEF7ECFBEBE70023B1
:10123000A36086E7F8B59368166805460F4614461E
:1012400063B9506801210C30FEF798FCA0602B6850
:101250001B78002B14BF022301230370A3681B78A3
:10126000012B03D0022B1FD00020F8BD2B681B7868
:10127000002BF9D1606804210C30FEF77FFCE060A0
:1012800007802A68E36852885A806168728D738B80
:10129000088A9A4294BFC0EB0200C0EB0300042806
:1012A00094BF00200120E0E72B681B78022BDBD1E4
:1012B000606812210C30FEF761FCE060078029684D
:1012C000E068102201310230FEF7C3FB6168728DC5
:1012D000738B088A9A4294BFC0EB0200C0EB0300F4
:1012E0001228DDE770B40668726AD2B1144654F869
:1012F000A83903B1A83B0022114601E01C462B4649
:10130000A04207D0658D648BA94238BF2946A2420E
:1013100038BF224633B1D3F8A850002DEED0A83DF7
:10132000ECE71146438D408B8B4201D8904209D99E
:10133000824238BF02469942306838BF194670BCB5
:10134000E7F7BABA70BC7047D0680378043113B9B4
:101350000170012070478B42FBD091680B8A0020FE
:10136000043B0B8210617047F7B5144601460646F0
:101370004FF49572206800F0DAFE0546207520BB18
:10138000237ABBB1A3F11802534253419B0001934E
:10139000638A0093238AB768E26820683146B847B9
:1013A000031E09DB228A93420BD00E2323752846A5
:1013B00003B0F0BD0223EAE713F5807FF5D95B4265
:1013C000F4E7002323750125F1E70025EFE71FB5BA
:1013D000CDE90123002300931A46E6F745FE05B048
:1013E00000BD2DE9F04F064685B01046904699465F
:1013F000FFF764FE738B728D934228BF13468342BE
:101400008B4640F29380736803934046FEF77EFB61
:101410004FF0000A05464046FFF750FE728B738D71
:1014200005F10C079A4294BFC0EB0204C0EB030421
:101430003846FEF7EFFB844217D24046FFF73EFEE8
:10144000728B738D9A4294BFC0EB0204C0EB03040D
:101450008CBB98F80A00E2F7CBFB00220023FEF7D2
:1014600022FB054630B9574636E03846FEF7D2FB38
:101470000446EDE701464046FEF759FB4046FFF7BC
:101480001DFE728D738B05F10C079A4294BFC0EB61
:101490000204C0EB03043846FEF7BCFB84421FD2B3
:1014A0004046FFF70BFE728D738B9A4294BFC0EBE0
:1014B0000204C0EB0304E9682A8ACDF80090DBF847
:1014C000047003980A44A3B25946B847071E0CDAC1
:1014D000BAF1000F18BF5746384605B0BDE8F08F87
:1014E0003846FEF797FB0446E5E70E9BB3B939464D
:1014F00005F10C00FEF742FB4046FFF7DFFD738D60
:10150000728B934228BF13468342BA44ABD9B94485
:10151000A7421FFA89F93FF47EAFA4E70F9A0E9B0A
:101520003946284698470028E1D19CE70027D3E7B1
:101530002DE9F34116688046002770681773154639
:101540004146952200F0F3FD0446287338BBA86895
:10155000718B728D038A914294BFC3EB0103C3EB7D
:101560000203012B14DD02210C30FEF707FBCDE94D
:1015700000440746AB88AA6841463046FFF731FF72
:10158000002809DA10F5807F8CBF40420E202873B6
:10159000204602B0BDE8F08138800124F8E73C46DF
:1015A000F6E72DE9F3411768804600267868167340
:1015B00015464146952200F0BAFD0446287398B9B5
:1015C000CDE900004146AB88AA683846FFF709FF1D
:1015D00000280BDA10F5807F8CBF40420E20287364
:1015E000204602B0BDE8F0813446F9E70124F7E770
:1015F0000368002203B970478B420FD10B683AB9D8
:1016000042680360914200D1436000230B60704741
:1016100013604368994208BF4260F6E71A461B68A8
:10162000E8E706207047BFF35B8F50E8003F43F0C8
:10163000080240E800210029F7D1BFF35B8FC3F314
:10164000C00070472DE9F04104468868FFF736FD79
:10165000638B628D934228BF134683420D461DD390
:10166000E165D1F8088000278F60FCF701FA414658
:101670002046E5F725FC064638B1C5F80880E76541
:10168000FCF70AFA3046BDE8F081618D638B994220
:1016900028BF1946284600F0F2FEF1E76FF0790600
:1016A000F0E738B50546BFF35B8F0B68BFF35B8F80
:1016B000DB0716D550F8040C98B1AB6D8BB904302C
:1016C000FFF7F2FC044660B10146281FFFF7BAFF9E
:1016D00038B155F8043C5A6822609A685C6002B9D7
:1016E0009C6038BD2DE9F041456A074635B355F891
:1016F000A86906B1A83E0022144601E035461E4600
:10170000EB6D3BB904B92AB9381DFFF7CDFC04468F
:1017100038B92A4696B1D6F8A830002BEED0A83BAF
:10172000ECE701462846FFF78DFF38B17B68236060
:10173000BB687C60002BECD1BC60EAE7BDE8F081BF
:1017400070B504460E46002200230846FBF786FCCF
:10175000054658B101462046E5F7B2FB044618B1EC
:101760002946304603F013F8204670BD6FF001049F
:10177000FAE7F8B5054600F1540350F8044CBFF3FE
:101780005B8F53E8001F21F0040143E80012002A98
:10179000F7D1BFF35B8F04B3AB6D2F1F83B96368C1
:1017A00073B1201DFFF780FC064601463846FFF75F
:1017B00049FF90B163683360A368666003B9A660AF
:1017C00005F15C013846FFF7BBFF30B104F10C01B5
:1017D0003846BDE8F840FFF7B3BFF8BD38B504465A
:1017E0000D46E5F76DFB30B1294604F16000BDE818
:1017F000384002F0C2BF38BD2DE9F0418846174697
:101800000121042205461E46E5F712FB044670B18D
:1018100004210C30FEF7B2F980F80080A0F80170C6
:10182000C67021462846BDE8F041FFF7D7BFBDE8A6
:10183000F08137B50C46054601F10C00FEF7DEF9E4
:10184000228A0192E268009203461322122128465E
:10185000E5F744FC03B030BD37B50C46054601F151
:101860000C00FEF7CBF9228A0192E2680092002276
:10187000034611462846E5F731FC03B030BD08B5F4
:10188000437B072B01D0002008BD0421FFF7E6FBB6
:101890000028F9D0BFF35B8F436DBFF35B8FDB078D
:1018A000F1D550F8040CEFE770B50E461546FFF77A
:1018B000E6FFE8B1436ADBB1184650F8A83903B136
:1018C000A83B6A1C0BE02A463146BDE87040E5F7AC
:1018D000AFBAD3F8A84004B1A83C18462346448DBB
:1018E000418B8C4228BF0C46A242ECD9002BF0D190
:1018F000002070BD07B5CA681388528800920C2179
:101900000D22E5F787FD03B000BD07B5CB680022C7
:101910001B8800920A210B22E5F77CFD03B000BD75
:101920002DE9F041CB681F88BBB2162B05461BD9A9
:101930000321E5F731FC0646C0B102210C30FEF769
:101940001DF900244FF0410880F8008044703146B2
:101950002846FFF743FF2846A5F81A806F85FFF752
:10196000C1FC2046BDE8F0810420FBE70E20F9E72A
:10197000E6F7F6BA30B5044689B054F8043B05469C
:101980001868FFF706FA6946E5F702F92046E5F719
:101990001DFF68681321FFF754F909B030BD10B579
:1019A000044688B054F8783D1868FFF7F2F96946A4
:1019B000E5F7EEF82046FFF7DDFF08B010BD70B583
:1019C00050F8043C0446002B35D0051F39B1836D17
:1019D000002B30D01B7CDA072DD505231EE00668CE
:1019E0003046E6F77DFF737A012B24D0A46D14B343
:1019F000237CDB071FD5E368002BEED06269617C96
:101A00002846E5F715FA064638B1D4E90512E36829
:101A1000984750B13046E2F793F90E23002228464A
:101A20001146BDE87040E5F79FBE31462846E5F710
:101A300047FA0028EED170BD08B500230A8AC968AC
:101A4000E5F792FE002008BD70B50D46FFF717FFC1
:101A5000044628B92846E2F773F96FF07F0070BD9D
:101A600000F10C062946304602F087FE646A2546DE
:101A70001CB155F8A84904B1A83C002002460DB994
:101A80002846ECE7831C00D132B931462846FFF7DF
:101A900057FE0028E3D02A4634B1D4F8A83003B169
:101AA000A83B25461C46EAE72346FAE738B5054633
:101AB0000C46FBF7DDFF2846FFF7E1FE20B9FBF7F8
:101AC000EBFF6FF07F0038BD0023236083683BB9D4
:101AD000C0E90144FFF706FEFBF7DEFF0020F2E756
:101AE0001C608460F6E70120704708B5FFF7C7FE69
:101AF00098B1436A8BB1BFF35B8FA83B03F15802E7
:101B000052E8000F20F0080042E800010029F7D158
:101B1000BFF35B8FD3F8A830ECE708BD08B504210C
:101B2000FFF79CFA30B1BFF35B8F406DBFF35B8F63
:101B3000C0F3C00008BD10600020704710B5029CC3
:101B4000A3683BB1B1F5807F34BF0A460E22D2B202
:101B500021469847A37DE268013BDBB2A37522B121
:101B60001BB92046BDE81040104710BD10609180A1
:101B7000002070470020704708B50722FDF742FF9C
:101B8000B0FA80F0400908BD10B5037893420446CE
:101B900001D0002010BD0130FFF7EEFF0028F8D083
:101BA0002046F7E710B50346BFF35B8F53E8000FFD
:101BB00040EA010243E80024002CF7D1BFF35B8F19
:101BC00010BD10B50346BFF35B8F53E8000F00EA6A
:101BD000010243E80024002CF7D1BFF35B8F10BD56
:101BE0000722FDF736BF70B506460D4611F8010B0A
:101BF000E4F730FD68B12C89E4F7EAF96B89A34278
:101C000009D0EB686C8133B121463046BDE87040A5
:101C100018470446F2E770BD38B5BDF81040A2423F
:101C20000CD84CB16BB1A41A8C42A8BF0C46A4B21C
:101C300099182246FDF70DFF204638BD6FF00604C7
:101C4000FAE76FF00D04F7E730B585B0C9681446C0
:101C50001D46E5F7B5FE00B10089ADF80E00022380
:101C60000093BDF820200DF10E0329462046FFF712
:101C7000D3FF05B030BD1FB50C461946E3681C788C
:101C80001046BDF818203CB110240133069404B06E
:101C9000BDE81040FFF7C0BF5B88ADF80E300223EF
:101CA00000930DF10E03FFF7B7FF04B010BD30B580
:101CB00085B01D46002314468DF80C30E5F764FE10
:101CC00028B100F10801012203A8FDF7C2FE01239B
:101CD0000093BDF8202003AB29462046FFF79CFF68
:101CE00005B030BD2DE9F04114461D46BDF8186021
:101CF000E2F71AFD0746FDF761FE80B206903B460B
:101D0000324629462046BDE8F041FFF785BF30B591
:101D100085B014461D46FEF7B5FA0223ADF80E0055
:101D20000093BDF820200DF10E0329462046FFF751
:101D300073FF05B030BD10B5E5F708FE044658B195
:101D4000014611F8010BE2F713F920460C22BDE819
:101D500010400021FDF788BE10BD70B500F1700184
:101D60000546007AFEF791FA064605F17001287AD9
:101D70001EB1BDE87040FFF7DEBFE5F7E7FD28B113
:101D800031460C22BDE87040FDF76EBE70BD022AE0
:101D900008B508D1002300F170011A46007AE5F772
:101DA00025FE022008BDFFF7D8FFFAE7F0B5056869
:101DB0002E7889B00746144636BB6B88B3F5245F8E
:101DC00004D01CD8A3F52053032B1DD8ADF80A105E
:101DD00002220DF10A01204601F01BFF48B96B8871
:101DE000ADF80A3002220DF10A01204601F011FF80
:101DF00060B16FF01503A365304609B0F0BDA3F5DF
:101E00002453013B042B12D90126F5E7009003AAC5
:101E10007D6813233946A847021E01DAA265EBE765
:101E200003A9204601F0F5FE0028EDD0E1E7ADF86A
:101E30000A1002220DF10A01204601F0EAFE0028F4
:101E4000D7D16B88ADF80A3002220DF10A01E8E71C
:101E500008B50C3039B10121FFF7A4FE21EA0000DA
:101E600000F0010008BD6FF00101FFF7AAFEF7E7DF
:101E700073B505460E46E5F729FD0446B8B100F1F5
:101E80000801012201A8FDF7E4FDBFF35B8FE368C1
:101E9000BFF35B8F03F001038DF8053001AC022323
:101EA000224631462846E2F76BF802B070BD034681
:101EB000F6E710B50446FFF7CBFF38B12146012203
:101EC000BDE8104011F8010BE5F784BF10BD2DE906
:101ED000F0419846BDF81830012B064617462ED81B
:101EE0004344012B45462DDCE5F74EFD044618B969
:101EF000E5F74AFD044640B3B8F1000F11D0227A4D
:101F0000002322FA03F1C80703D53978D940C9075D
:101F10001ED50133032BF4D13B7803F007031A439A
:101F2000227206F17001601CFFF75AFE337A2370AB
:101F300001212046FFF7BDFF2846BDE8F0816FF084
:101F40000605F9E76FF00C05F6E76FF01005F3E70B
:101F50006FF01205F0E770B504461646FFF7C3FDB3
:101F600048B12046E5F710FD28B1037ADB0702D51A
:101F70000121FFF79EFFAEB9207A04F17001E5F769
:101F8000E5FC044670B1314604220830FDF76CFDD3
:101F9000214604F1080211F8010BBDE8704004234A
:101FA000E1F7DABF70BD2DE9FF41044688461646C9
:101FB0001F4668B302A9FDF77BFE054640BB01A999
:101FC0002046FDF706FB0198E0B902A9E5F77EFC83
:101FD000044648B9E5F7D8FC0446B8B3002300F836
:101FE000013B02A9FFF7FCFDB8F1000F2AD0022245
:101FF00069463846B047061E0DDA3546284604B015
:10200000BDE8F0810A222946FDF756FC0028DCD005
:102010006FF01505F2E70122694604F10800FDF7AB
:1020200018FD022E04D000212046FFF742FFE5E70D
:102030009DF801100129F6D801F001012046FFF7B3
:1020400007FFDBE72046E5F7FBFDD7E76FF00B0561
:10205000D4E738B5BDF81010BDF81840059DA14271
:1020600010460CD84CB16DB1641A9C42A8BF1C46F6
:10207000A4B222462944FDF7ECFC204638BD6FF09F
:102080000604FAE76FF00D04F7E713B5044610B93C
:10209000002002B010BD00238DF80430006842F625
:1020A000030301A9ADF80630FDF72AFE0028EFD1A1
:1020B000E36898880028ECD12046E5F7A5FF0130B9
:1020C00080B2E6E770B5CC6888B008461E46A379B2
:1020D0008DF80C301546FFF7D8FFADF80D002168DC
:1020E0000B786BB94B88ADF80F3005230093BDF822
:1020F000302003AB31462846FFF78EFD08B070BD97
:10210000102201310DF10F00FDF7A3FC1323EDE7C1
:102110001FB50023CDE9010100931A464FF6FF7168
:102120000120E5F7A1FF05B000BDE6F785B838B599
:102130004C8AD3070546C4F30E0407D514F0950F57
:1021400001D1022038BD4B68002BFAD0930707D588
:1021500014F4957F01D10320F4E78B68002BFAD0AB
:10216000144014F4DE7F01D10020EBE7EB7A3BB999
:102170002846FEF786FD002814BF0F200520E1E762
:1021800014F0300F06D02846FEF7FBFD022801D8D8
:102190000520D7E714F4C07FE6D0D5F8A030002B97
:1021A000F6D05B7B13F0100F0CBF05200020C9E7B1
:1021B0002DE9F041437B072B064686B00C461746B7
:1021C0004FF000007FD18DF8140042F60303206821
:1021D000ADF8163005A9FDF793FD98B96568002D97
:1021E00070D00090012304AA2146A847012869D194
:1021F0009DF8103003F03003002B63D02046E6F743
:10220000B1F80446002320688DF8143005A942F681
:102210000213ADF81630FDF773FD18B12046E6F74E
:10222000A1F80446002542F6021820688DF80850EF
:1022300002A9ADF80A80FDF763FD00B320688DF8B0
:102240000C5042F6030303A9ADF80E30FDF758FD1C
:10225000A8B120688DF810504FF4205304A9ADF8B0
:102260001230FDF74DFD50B120688DF8145042F644
:10227000010305A9ADF81630FDF742FDE0B90023D2
:1022800020688DF8143005A942F60213ADF8163017
:10229000FDF736FDB0B96568A5B10090022305AA27
:1022A00021463046A84702280CD1BDF814301F4201
:1022B00014BF0120002006E02046E6F753F804464C
:1022C0000028B2D1002006B0BDE8F081F8B5144670
:1022D0000F46942261680646FFF729FF20BB61681C
:1022E00001223046FFF764FF08B3A2891B210232A6
:1022F0003046FFF7D9FA0546E0B1A1890C3002312A
:10230000FDF73CFC20F8027BA289A168FDF7A1FB48
:10231000D4E9041228460123E5F7BAFA29463046E3
:10232000BDE8F840FFF790BB4FF0FF30F8BD6FF00D
:102330001500FBE76FF00B00F8E72DE9F0410646CA
:102340008846E5F721FB054610B1037ADB0703D485
:1023500001242046BDE8F08100F10C07BFF35B8F3C
:10236000C468BFF35B8F14F00104F2D1B8F1000F21
:1023700001D14446EDE76FF002013846FFF721FC3A
:1023800010F0020F304606D0FFF7AFFB01212846C0
:10239000FFF78FFDEDE7FFF7A6FB04460028D8D036
:1023A0003046FFF7BBFB04460028D2D06FF0020195
:1023B0003846FFF706FC3046FFF797FB0121284619
:1023C000FFF777FDC5E7F8B506460F46E5F79EFA35
:1023D000394604463046FDF758FF78B374B304F12C
:1023E00008056FF001012846FFF7EBFBC20703D594
:1023F00039463046E6F78AFA6FF002012846FFF7C1
:10240000E0FB830703D539463046FFF731FDBFF3C4
:102410005B8FA668BFF35B8F86B92046072200F862
:10242000016B3146FDF720FBBFF35B8F55E8003FA2
:1024300045E80062002AF9D1BFF35B8FF8BD10B503
:102440000446A0F1170110F8180CFFF7BCFF14F8B0
:102450000C0CA4F10B01BDE81040FFF7B4BF38B578
:10246000044659B100F17001007AE6F74FFA207A7C
:1024700004F17001BDE83840FFF7FABC38BD704781
:102480000720704708B50621FEF7E8FD00B1EC38DB
:1024900008BDBFF35B8F0068BFF35B8F084100F09E
:1024A0000100704710B5034609B9012010BDC88965
:1024B00010F0240FF9D01A7D5C7B097BA24228BF63
:1024C000224691420CD8820605D50521181DFFF73A
:1024D000E0FF0028EAD0187A003818BF0120E5E7AD
:1024E0000020E3E701238B40DB43BFF35B8F50E821
:1024F000002F1A4040E800210029F8D1BFF35B8F7C
:10250000704707207047002370B51A460446EC3028
:102510000D46FEF734FD20B12846BDE87040E1F7D6
:102520000FBC04F5A0704FF47022BDE8704000238A
:10253000FBF764B801238B40BFF35B8F50E8002F9B
:102540001A4340E800210029F8D1BFF35B8F7047A0
:1025500008B50E21FFF7EEFF002008BD38B5044690
:102560000B4604300D21FFF794FF70B1DD68D4F8FD
:10257000EC300220197A03F1700200F073FB50B1C5
:10258000102229462A30FDF764FA20460921FFF778
:10259000D1FF002038BD0820FCE770B5041D0E46B1
:1025A00020460421FFF775FF68B1002200210023B7
:1025B0000846E4F7D9F9054640B904212046FFF75B
:1025C000B9FF284670BD4FF47022EFE701210C30AF
:1025D000FDF7D4FA0670F4E738B504210546FFF795
:1025E000DCFF044670B110210C30FDF7C7FA102251
:1025F00005F12701FDF72DFA28462146FFF783FF55
:10260000002038BD0820FCE72DE9F043044691B0D6
:10261000102200210CA8FDF727FA237A052B04D8F5
:10262000DFE803F00D07070D037D082011B0BDE8BA
:10263000F083042204F1D8010CA8FDF70AFAD4F8BB
:10264000EC3004F1470204F1C705CDE9015203F172
:102650007E020092773304F1270204F1370104F17E
:102660009700E7F743F90028DFD1D4F8EC3003F105
:1026700077027E3308AF019304F1110302920093B5
:1026800003970CAB04F1370204F12701284600F050
:10269000A0FB0028C9D1237A052B07D1D4F8E0107C
:1026A00010220CA8002940D0FDF7D3F9D4F8EC3063
:1026B00003F17E0277330DF11009019304F10A034F
:1026C00002920093CDF80C900CAB04F1270204F1B8
:1026D0003701284600F07DFB0028A6D1102249468C
:1026E00004F1B700FDF78EF9054608BB0D21204621
:1026F000FFF753FF0646002897D010210C30FDF756
:102700003DFA10223946FDF7A4F931462046FFF77D
:10271000FAFE201D0121FFF70DFF284686E7D4F8B9
:10272000E41000298BD0102286E7FDF79DF9BDE764
:102730000B207BE770B5D0F8EC30DB78012B04463A
:1027400018D1CE6804301021FFF7CCFE314610229C
:1027500004F1B700FDF77DF90721201DFFF799FE71
:1027600020B90A21201DFFF794FE28B10921201D60
:10277000FFF7E0FE002070BD2046BDE87040FFF787
:1027800043BF70B5CE6804460B210430FFF7AAFEA4
:102790001022314604F11700FDF75BF9237A012B73
:1027A00009D0022B13D120460421FFF7C3FEBDE858
:1027B0007040E6F797BA0A21201DFFF76AFE00284D
:1027C000F1D0201D0021FFF7B5FE002070BD0820CC
:1027D000FCE707207047072070470720704730B597
:1027E000012303FA01F1CA43BFF35B8F50E8003FB6
:1027F00003EA020440E80045002DF7D1BFF35B8FE8
:10280000194214BF0120002030BD38B500F170041A
:102810000D46072209682046FDF7F4F830B96968CB
:1028200020460722BDE83840FDF713B938BD38B55A
:102830000446031D0025BFF35B8F53E8002F43E8D8
:1028400000510029F9D1BFF35B8F04F5A07002F0AD
:102850007BF82572BFF35B8F54E8003F44E80052D9
:10286000002AF9D1BFF35B8F20460121BDE8384033
:10287000FFF760BE2DE9F84FDDF82C80BDF82890F9
:10288000044693469A46FFF7FDFD064618B9002513
:102890002846BDE8F88F071DB9F1000F26D15BEA85
:1028A0000A0323D103213846FFF7F3FDF0B10121DC
:1028B0003846FFF7EEFD0546C0B1347D737B9C4280
:1028C00028BF1C46224606F147014046FDF7C1F8E5
:1028D0000F2C06D8C4F11002494608EB0400FDF79E
:1028E000C3F801213846FFF725FED1E7D4F8A03020
:1028F00083B9217A04F170022020E6F79BFFC4F827
:10290000A00038B9217A04F170020120E6F792FFA5
:10291000C4F8A000B9F1000F1DD15BEA0A0A1AD170
:10292000D4F8A010B9B1CB899B0614D50C7B4046D6
:1029300022461A31FDF78DF80F2C06D8C4F110028B
:10294000494608EB0400FDF78FF801213846FFF7F0
:10295000F1FD01259CE70F213846FFF79AFD20B1D4
:10296000022206212046E3F70DFE3046FFF75FFF07
:102970008DE76FF085007047F8B505460F460430C7
:102980000221FFF786FD88B900240321281DFFF7E7
:1029900080FDA8B139462846E6F7E4FC0521E4B1FC
:1029A000D5F8EC00FEF74DF90020F8BD95F8E820C9
:1029B000002AE9D195F8E940B4FA84F46409E4E71F
:1029C0000121281DFFF765FD0028E3D10F21281DF7
:1029D000FFF75FFD0028DDD1E0E72846FFF7DDFDCA
:1029E000064688B101210C30FDF7C8F82346077070
:1029F0002246314605F1EC00FEF7C1FA0028D4D09A
:102A00003046E1F79DF9CFE76FF06800CDE770B58C
:102A100006460820E6F734F80546B8B1041D08213B
:102A20002046FFF75FFD96B30721FFF75BFD3146B8
:102A3000202205F19700FDF70CF80A212046FFF748
:102A400028FD70B109212046FFF774FD0720E6F745
:102A500017F80446E8B1E6F767F8D0B10821204638
:102A600012E010212046FFF714FD09210028EAD1C9
:102A70002046FFF70EFD0028E8D02846FFF7C4FDEA
:102A800001460028E2D02846FFF776FFDEE70B215B
:102A9000F9E770BD2DE9F0410E460446D0F8EC8010
:102AA000E5F7FCFF0A210546201DF768FFF797FEB2
:102AB00038B16DB920463978E6F754FC0020BDE8FE
:102AC000F0810B21201DFFF78AFE0028F1D1F1E7EC
:102AD0002B69002BEED040469847EBE770B50446D3
:102AE000A0F1EC0650F8543BD3F8A05001F02CFFB5
:102AF0000321A4F1E800FFF7CCFCA0B10821304687
:102B0000E6F730FC3DB1EB8913B16B7B9B0702D537
:102B1000284600F0BBF830464FF4BC72BDE8704068
:102B20000021FCF7A1BF0121A4F1E800FFF7B1FCEF
:102B30000028E3D10F21A4F1E800FFF7AAFC002848
:102B4000DCD1DFE710B508210446A0F5A070E6F758
:102B500009FCA4F59E700421BDE81040FFF7EABC13
:102B600070B50446FFF78EFC0546002877D0032198
:102B70000430FFF78EFC002871D0D4F8A00008B113
:102B800000F084F8207A04F17001E6F7FDFDC4F846
:102B9000A00028B928460821BDE87040FFF7ECBE28
:102BA0000E21281DFFF775FC28B1D4F8A020537B17
:102BB00043F0020353732A7AD4F8A010032A4B7B04
:102BC00009D872B923F020034B73D4F8A020537BAB
:102BD00023F001030AE0053A012AF3D843F0200369
:102BE0004B73D4F8A020537B43F0010353732B7D28
:102BF000697BD4F8A0208B4228BF0B4613730521B4
:102C0000281DFFF746FCD4F8A020537B20B343F0E7
:102C1000100353730D21281DFFF73BFCF8B1D4F8C6
:102C2000A000202100F02EF8D4F8A00005F1470103
:102C300010221A30FCF70DFFD4F8A0000822002162
:102C40001030FCF711FFD4F8A0000222BDE870405C
:102C500000211830FCF708BF23F01003537370BD38
:102C6000E2F758B970B504460D461646E6F7E2FDA0
:102C700038B931462846E6F787FD10B1C3891C43B1
:102C8000C48170BDC3891943C181704710B5037AEF
:102C90005B07044601D5E2F7EDF9214611F8010B77
:102CA000E1F7EEF920464022BDE810400021FCF794
:102CB000DBBE70B5064690B0144630B3342203A98B
:102CC0001846A047051E20DB01A93046FCF7F0FF9F
:102CD0000446D0B969463046FCF77BFC009870B9D1
:102CE000B5B901AA29463F20E6F7A4FD18B1402254
:102CF0002946FCF7B9FE0024204610B070BD0A2218
:102D00002146FCF7D9FD0028EAD06FF01504F3E75F
:102D100001A90020E6F738FD50B1342D02D0FFF7AD
:102D2000B5FFF2E72A4603A90C30FCF792FEE3E771
:102D30006FF00B04E0E7014600F10C02342311F8B8
:102D4000010BE1F791B9531E1944024411F80139FE
:102D500000F8013B9042F9D1704710B5431E00F1D5
:102D60001002073013F8011F12F8014D1C70834246
:102D70001170F7D110BD01F11003013813F8012DC6
:102D800000F8012F9942F9D17047F0B597B0144679
:102D90000F462022014605A81E461C9DFFF7D3FFC3
:102DA000202239460DA8FFF7CEFF214601A88DF855
:102DB0005460FFF7E0FF2B46412205A901A8E6F782
:102DC0002DFE044610B92846FFF7C7FF204617B06E
:102DD000F0BDF0B597B01746064605A81C461F9DE6
:102DE000FFF7C9FF394609A8FFF7C5FF21460DA81F
:102DF000FFF7C1FF1C99032211A8FFF7A4FF1D9C38
:102E000014F8013B8DF847302146062212A8FCF742
:102E100020FE2146062212A8FFF795FF1E9C14F8FB
:102E2000013B8DF84E30214606220DF14F00FCF794
:102E300010FE062221460DF14F00FFF784FF3146B8
:102E400001A8FFF798FF2B46412205A901A8E6F744
:102E5000E5FD044610B92846FFF77FFF204617B06E
:102E6000F0BD0369C9B20C2202FB013393F84000A4
:102E700000F00700704770B5C9B20369EFF311861F
:102E8000202484F31288BFF36F8F0C2505FB0134D7
:102E9000246C14F0C00401D0A24211D105FB01330F
:102EA00001221A64002386F31188BFF36F8F2BB9B8
:102EB000436803EBC1035B6898470023184670BD65
:102EC0004FF0FF33EFE78022FFF7D5BFF8B5069F3D
:102ED0000469C9B2EFF3118C202585F31288BFF382
:102EE0006F8F0C2606FB0146356C05F0070EBEF110
:102EF000010F11D1376400258CF31188BFF36F8F58
:102F000045B90C2606FB0144C4E90E23436853F877
:102F1000313098472846F8BD05F0C005AF420CBFD8
:102F20006FF077054FF0FF35E6E713B58024009486
:102F3000FFF7CCFF02B010BD10B40069CBB21C2467
:102F400004FB0300002110BC10470020F7F798B9DC
:102F50001046FAF7B3B808B5F6F70AF9BDE8084025
:102F6000002000F005B9F6F753B8F7B51C46164631
:102F7000002382682360A36053690D4601AA694655
:102F80009847019B5A1E01921BB96FF0150003B0C0
:102F9000F0BD009BA1685F682068676085B9721A00
:102FA000D3F800C0624528BF6246114402FB070007
:102FB0002060A1601968914206D808330093E0E7C9
:102FC0002A1AB2FBF7F2EBE70020E0E713460022F3
:102FD000FFF7CBBF2DE9F047836886B05B69894670
:102FE000924601A902AA98470024A0462546029BC2
:102FF000AB4202D806B0BDE8F087019F07EBC507DA
:1030000000267B6804933A68B24208EB060302D8B4
:1030100001359846EBE703940593514603A8C8474A
:103020000028E7D0049B01361C44ECE710B50C46A1
:1030300000F01EF90023C4E90003184610BD38B59E
:1030400005460C4600F014F9002D01DA002038BDC9
:10305000A842FBD9401B84428CBF00200120F6E728
:1030600070B50D462846194616461C46FFF7E7FF81
:1030700040B10CB9002070BD224629463046FCF70D
:10308000E8FCF7E76FF01500F5E743685B68D3F8F5
:1030900010350B600020704743685B6802EA01004E
:1030A00021EA0201C3F80805C3F80C150020704797
:1030B00043685B680020C3F80815704743685B6885
:1030C0000020C3F80C15704743685B68D3F80425EB
:1030D00021EA02001140C3F80805C3F80C150020CE
:1030E000704730B503695868D0B10024884213D1C5
:1030F00008685CB99C685860A14200D198600020C3
:10310000086072B9002030BD2846EFE7206098685B
:10311000814208BF9C60F2E705680446002DF3D1A8
:103120003AB15A680A609A685960002AEAD19960EF
:10313000E8E76FF01500E6E700F150039B009BB253
:1031400003F1804303F5883300221A601B6870473F
:103150004FF08053D3F83021082A03BFD3F834014D
:10316000B0FA80F0400900207047004701F07FB9B5
:10317000F7F714B8F7B5019001A8DDE9084517463F
:103180001E46F7F73DF9019BB7F1000C18BF4FF051
:10319000010C00EB83000B1E18BF0123002E43EA35
:1031A0004C030CBF4FF0000C4FF00C0C002C43EA0A
:1031B0000C030CBF4FF0000C4FF4E06C002D43EA01
:1031C0000C03D0F800270CBF4FF0000C4FF4403C2C
:1031D00043EA0C0322EA030301B109780FB13F78F7
:1031E0007F0019430EB13678B60039430CB124780C
:1031F000240231430DB12D782D040C432C43C0F82B
:10320000004703B0F0BD1FB50DF10F03019300237C
:103210008DF80F1000931A461946FFF7ABFF05B063
:1032200000BD38B5054608460C46F7F77DF9A8B14C
:103230000846F7F7B1F988B10846F7F769F92A683F
:1032400001238340C2F808332B6803EB8000D0F8D9
:10325000103523F00303C0F8103538BD0146204671
:10326000BDE83840FFF7CFBFF7F7A4B9FFF7D9BFE4
:103270004FF080531A695869504370474FF080539C
:10328000186970474FF08053586970474FF48C723B
:103290000021FCF7E9BB18B14FF48C71F8F716BEAA
:1032A000704710B40C46012C11461A4606D814B9C2
:1032B00010BCF8F725B810BCF7F716BE6FF0200069
:1032C00010BC70472DE9F04F01298BB0984683461A
:1032D000DDE914350E46144673D822B9002630466F
:1032E0000BB0BDE8F08F22076ED100295BD103EB54
:1032F0000409A9EB04073946102206A8FCF7A9FB2C
:1033000039462A465846F7F7FBFF0027E9190422F9
:1033100005A8FCF79EFB059B019308EB070104221F
:1033200005A8FCF796FB059A019B5A400592E819FF
:10333000042205A90437FCF78CFB102FE6D13A468E
:1033400006A94046FCF785FB103C05F11005D0D1DD
:10335000C5E7029B0422991906A8FCF77AFB069B95
:1033600003930AEB0601042206A8FCF772FB069AF7
:10337000039BB819534006A9042204360693FCF7B0
:1033800068FB102EE5D13A4639465846F7F7ACFDB2
:10339000B9F11009BA460CD01037019BA3EB090311
:1033A00000260293D5E72344C2462F46A146019347
:1033B000F3E7A5F11001324621444046FCF749FBF2
:1033C0008CE76FF020068AE76FF0210687E710B5DB
:1033D0000446FFF760FF2046BDE81040F8F788BDBF
:1033E00010B54FF48C710120F8F77CFD044608B14C
:1033F000FFF74CFF204610BDF7F7F8BCF7F71EBCEF
:10340000FFF760BFFFF74DBF48220021FCF72CBB40
:1034100010B5044608B1F8F759FD2046BDE8104044
:10342000F8F766BD08B5F9F77DF8002818BF6FF00A
:10343000040008BD38B5084614461D461146E0F79D
:10344000ADFC08B92C6038BD6FF08300FBE730B5E8
:1034500087B01D460DF1170303920024009303AAC1
:103460000DF116038DF81740F8F748FD50B99DF897
:10347000170005B128709DF816200399F8F74CF94C
:1034800007B030BD2046FBE700230B606FF08600DD
:1034900070472DE9F34747683F0ADDE90A560446BD
:1034A000884691469A4611D1CDE90056F9F73AF986
:1034B00010F1860F0CD153464A4641462046CDE9CD
:1034C0000A5602B0BDE8F04700F056BA6FF0860029
:1034D00002B0BDE8F087009BF8F76CBD009BF8F7E1
:1034E00069BD38B51C460368154623B1F8F726FDBB
:1034F00000B9256038BD6FF08800FBE72DE9F04189
:1035000094B004460F46984600214C2201A8CDE90C
:1035100001111B9E1D9DFCF7A7FA214643463A4622
:1035200001A8F8F747FD044638B96EB91C992A4638
:1035300001A8F8F703FD044678B101A8F8F720FDCB
:10354000204614B0BDE8F0811A99324601A8F8F778
:103550006FFD04460028E9D0EFE71E9B1D60ECE7F5
:1035600000F4E040B0F5805F18BFB0F5005F0CBF1D
:103570000120002070473AB1002918BF0023D21A59
:1035800021211844FCF770BA704738B513464FF440
:1035900080420D46F8F7C4FE044640B928684368E7
:1035A0001B0A04D000F0FBFC2C606FF08504204661
:1035B00038BD2DE9F04F89B09B4600238DF81B30B4
:1035C000159B149F002B92460B4688460CBF4FF468
:1035D00000624FF4806207A9DDE91296F8F7A0FEB9
:1035E0000446F0B9079D0DF11B0229884046F8F703
:1035F00001FF0446A8B99DF81B30B34221D86A6880
:10360000120A21D1CDE90337CDE901B9CDF800A0E7
:103610006A6E434605F120012846FFF76FFF044616
:1036200000B13E603B68324621464846FFF7A3FFA3
:10363000079800F0B4FC002C18BF204609B0BDE884
:10364000F08F6FF08904ECE76FF08604E9E72DE96D
:10365000F341002313604668D0F8148004460F46F7
:103660003046114600F09DFC054658B9304600F042
:103670009AFC054630B9F6B246B9B8F1000F0BD046
:103680006FF08605284602B0BDE8F081014660690A
:1036900000F05FFC0028F3D0A06820F47F4020F009
:1036A00003000028ECD162884FF6F8739A4219D8CB
:1036B00094F80480B8F1000F00D101A83946F8F75A
:1036C000C7FF05460028DDD10FCC3F683E460FC638
:1036D00094E8030086E80300B8F1000FD2D1019B03
:1036E0007B61CFE76FF08505CCE7434213F07F03A2
:1036F00004D0722B53D16FF08500704710F1710F19
:1037000022DA10F5C44F3ED00DDC10F5C64F3DD087
:1037100010F5C54F1ED010F5C74F14BF6FF08300D2
:103720006FF09600704710F5C34F32D010F5C24FBE
:1037300010D010F5C14F14BF6FF083006FF08500FB
:1037400070473B2B09DC584200282CD029DC10F1B3
:10375000210F12D16FF0860070473D2B03DD6E2BD9
:103760001AD0402B02D16FF093007047702B14BF1A
:103770006FF083006FF09200704710F1200FBAD005
:1037800010F1220FD7E76FF0950070476FF09400AB
:1037900070476FF08C0070476FF096007047712B88
:1037A000CFDD6FF08300704741F2052398421AD8AD
:1037B000B0F5905F09D241F2010398420CD0B0F508
:1037C000885F09D06FF085007047A0F5905080B2F7
:1037D0002923C340DB07F5D511F0070F14BF6FF0A5
:1037E000860000207047B0F5105FEBD121F0400358
:1037F000802B06D0B1F5807F14BF6FF086000020CB
:10380000704700207047F8B504460F4615461E461F
:103810001AB96FF085042046F8BD0088FFF7A0FEB6
:103820000028F6D0089BD10019602088FFF7BCFF64
:1038300004460028EFD139463046FCF70AF9079BC9
:103840001D60E8E710B5436E04461BB141212030EE
:10385000F8F73CFB0020606610BD38B50446FFF762
:10386000F1FF237E012B0FD0023B012B0FD8E36920
:10387000012B14BF6FF09605002568220021204619
:10388000FCF7F2F8284638BDE369002BF1E76FF04A
:103890009605F2E713B5A0B101A9F8F721FF80B9A9
:1038A0000198037E022B0ED1032303760379FF2BAD
:1038B0000CBF6FF08404002400F05BFB002808BFFD
:1038C000204602B010BD6FF09604F5E770B51D46B6
:1038D0000388049E18461446FFF742FE68B923F495
:1038E000405044F20102904207D003F44F43B3F535
:1038F000824F02D0B3F5844F0ED1B4420FD8224686
:103900002846FCF7A6F8321B00212819FCF7ACF872
:10391000059B00201C6070BD6FF08500FBE76FF019
:103920008900F8E7F0B50F4685B015461E4602B38C
:1039300000233360012203A9F8F7F2FC044690B992
:10394000039843681B0A11D1CDE900563B46426EED
:1039500000F12001FFF7BAFF0446039800F01FFBB7
:10396000002C08BF0446204605B0F0BD6FF0860469
:10397000F3E76FF08904F6E770B514460288049EF9
:103980001D4602F4E043B3F5804F02D06FF085008E
:1039900070BD44F201039A4207D002F44F42B2F5DF
:1039A000824F02D0B2F5844FF0D1B4420CD82246F7
:1039B0002846FCF74EF8321B00212819FCF754F872
:1039C000059B00201C60E3E76FF08900E0E7F0B59D
:1039D0000F4685B015461E4602B3002333601A46D3
:1039E00003A9F8F79DFC044690B9039803885B048B
:1039F00011D5CDE900563B46426E00F12001FFF79C
:103A000048FD0446039800F0CAFA002C08BF04469B
:103A1000204605B0F0BD6FF08604F3E76FF089042F
:103A2000F6E72DE9F04F99468BB00023CDE9073337
:103A300007468A461646C9F80030002A6FD0B2F110
:103A4000005F6FD208AA07A9FFF701FE044698B9E4
:103A5000079DD5F86480B8F1000F06D17B681B0A7A
:103A600008D1412E58D86E66B0466B8809937B68A2
:103A70001B0A07D06FF086040798002848D0FFF78C
:103A8000ECFE45E005F120030DF1240B6435CDE992
:103A9000015BCDF80080324651463846059300F070
:103AA00089FA10F1860F059B044609D1CDE9015B27
:103AB000CDF80080324651463846FFF7A4FE044652
:103AC000002CD9D10799099B4A88E2B94B80099A01
:103AD0004FF6F8739A421FD83A88079B12B119889B
:103AE0009142C7D17A8812B159889142C2D15A699C
:103AF000C9F800201A7E012A08D00023C9F8003036
:103B00006FF09604B8E79A42B4D1E0E702221A7641
:103B100020460BB0BDE8F08F6FF08504ACE76FF086
:103B20008604F5E76FF08504F2E710B504460068F7
:103B300058B101280AD104F10800F8F721FA00234E
:103B40002360A3886FF30803A38010BD6FF0860085
:103B5000F5E72DE9F0430C4685B00168994600234E
:103B600006461746039300294BD14C220830FBF739
:103B70007BFFB9F1000F20463B460CBF4FF40062BB
:103B80004FF4806203A9F8F7CBFB0446B8B9039C55
:103B9000321D21883846F8F72DFC0546002833D120
:103BA000737969F3000373716168636E04F1200235
:103BB000090AB9F1000F1BD031B16FF0860430460D
:103BC000FFF7B3FF25460AE00097214606F10800FB
:103BD000FFF781FC04460028F1D1012333600398EC
:103BE00000F0DDF9002D18BF284605B0BDE8F083D0
:103BF0000029E2D10097214606F10800FFF76EFC8C
:103C0000E8E76FF08804DAE70446D8E70123FFF716
:103C1000A0BF38B50368054614467BB14AB1012BF5
:103C200009D10830F8F704FA044610B12846FFF726
:103C30007CFF204638BD6FF08604F7E76FF08804FC
:103C4000F7E72DE9F041054600680F46164698460D
:103C500030B96FF088040023C8F800602B7110E0C1
:103C60006A79D207F5D52A79002AF2D0B24218D85B
:103C7000012819D105F10800FFF733FC044600289C
:103C8000E9D137B1D8F80030324621463846FFF73F
:103C900072FC2846FFF749FF002C18BF2046BDE8FC
:103CA000F0816FF08904D6E76FF08604D3E71FB583
:103CB00001240394089C0294079C0194069C0094A0
:103CC000FFF777FC04B010BD036819430CBF012057
:103CD000002070472DE9F04786B080469A460023C1
:103CE000059308F0FE43B3F1106FDDE90E56109F07
:103CF000084691462DD1424605A9FFF746FC0446E9
:103D000048BB05990A8822F0FF02B2F5E24F02D0C3
:103D1000B2F5E44F04D14B880733B6EBD30F1ED373
:103D2000CDE90167009553464A464046F8F7C2FA86
:103D3000044695B120B131462846F8F79DFA3E6019
:103D4000059800F02CF9002C18BF204606B0BDE8FD
:103D5000F0876FF08604002DEDD13D60F0E76FF045
:103D60008904F8E7F8F788BA08B500880399FFF7DF
:103D7000F7FB20B10298BDE80840F8F77DBA6FF074
:103D8000850008BD2DE9F04F8BB01F46149D002320
:103D90002B60CDE90733438804460E4690462BB985
:103DA0006FF0860948460BB0BDE8F08F038803F436
:103DB000E043B3F5804FF3D039463046FFF784FF38
:103DC0000028EDD008AA07A92046FFF740FC81464D
:103DD000002840F0A280079BD3F864A0BAF1000F3E
:103DE0003DD16268120A40F09180B4F800A0618869
:103DF0005046FFF7B5FB88B15046FFF7D5FC81462A
:103E0000002840F08A800AF4E043B3F5805F02D0D6
:103E1000B3F5005F0AD10731CA0817E00AF47F43FF
:103E2000B3F5E24F07D06FF0850976E00AF44F430F
:103E3000B3F5844FEFD047F201039A453CD14908CE
:103E40000131C90801EBC10101F13B020992DDF822
:103E500024A0BAF1410FE6D8079BC3F864A06268BA
:103E6000120A61D1218847F21212914203F1200B0C
:103E700003F164030ED16288B2F5807F0AD1524605
:103E800059462046059300F0D2F810F1860F059BA5
:103E900081460AD1CDE901A3CDF800B03B464246A8
:103EA00031462046FFF760FF8146B9F1000F3ED052
:103EB0000798FFF7C7FC30E044F201039A4503D1AD
:103EC000C90801F11002C1E747F202039A4505D182
:103ED000C90801EB410101F15A02B7E744F20203BC
:103EE0009A4505D1C90801EB410101F14A02ADE74C
:103EF0002AF0FF00B0F5E24F8DD0CB1DDB085B0050
:103F00000133B0F5824F08BF1A469FE709A9204642
:103F1000FFF7BAFA8146002899D0079800283FF4A5
:103F200041AFFFF79AFC3DE76FF08609C0E7079BBA
:103F30005A692A601A7E012A04D0C5F800906FF0F1
:103F40009609EAE702221A762CE718220021FBF7ED
:103F50008BBD421E6FF040439A4208D329B100F155
:103F6000404098428CBF0021012108467047012142
:103F7000FBE7024608B900207047017E8B1E012B2B
:103F80000AD80329C36903D1012B01D1FFF765BC0E
:103F900013B1013BD361EEE76FF096007047FFF776
:103FA000E8BF00207047C0B2002814BF6FF0850042
:103FB00000207047F8B5089E1F463368144633F456
:103FC00080720D4602D06FF08500F8BD028844F281
:103FD00012118A4218D1412C06D0002B0CBF6FF071
:103FE00085006FF08600F0E7681C00F021FA10B140
:103FF0006FF08600E9E74FF480733360069B9C42C4
:104000000CD96FF08900E0E747F212118A42DAD149
:10401000202CE2D1284600F018FAE8E7224629468B
:104020003846FBF716FD079B00201C60CDE730B536
:10403000202A91B0084614461D4609D16946F8F772
:1040400043FD00B92C6011B0BDE83040F8F75EBB0D
:104050006FF0890011B030BD70B51446202CDDE939
:104060000426DDE90603089D02D06FF0860070BDCE
:10407000412EFAD11F2B08D90132F8F747FD00B9BC
:104080002C60BDE87040F8F741BB6FF08900EEE7A7
:10409000016000F11C03002240F8042F9842FBD17C
:1040A0007047F0B5002407462546204652F82460A4
:1040B00051F824309B1945EB05061B1847F82430AE
:1040C00004F1010446F10000082CEFD1F0BD0023FB
:1040D00070B50646184652F8235051F82340641B29
:1040E00065EB0505241A46F8234003F1010365F149
:1040F0000005082BC5F10000EDD170BD70B5043985
:104100005642041F013A1C3054F8043F51F8045F32
:10411000134035402B4384422360F5D170BD30B548
:1041200000231A4650F8234051F8235001336C40C5
:10413000082B42EA0402F5D1104630BD70B50446A2
:104140000568166800200346E1FB66532560566843
:104150006568E1FB665365609668A568E1FB665398
:10416000A560D668E568E1FB6653E56016692569D8
:10417000E1FB6653256156696569E1FB665365613C
:104180009669A569E1FB6653A561D569E269E1FB22
:104190006523E261226A9B182362404170BD10B51D
:1041A0000438A1F120024B7F0C7F1B0443EA046317
:1041B000CC7F23438C7F043943EA04238A4240F8AE
:1041C000043FF0D110BD0B1F1C3153F8042F120E09
:1041D00002775A8842771A68120A82771A68C27779
:1041E0008B42A0F10400F0D1704770B588B01E4634
:1041F0000446FFF756FF3246054621466846FFF75C
:1042000066FFC0F101022A4369462046FFF776FFA8
:1042100008B070BD2DE9F04F1F46D3F840A08BB019
:10422000002306469146184601AA0133092B42F89D
:10423000040BFAD1A1F1040801F11C05D9F80030F2
:1042400058F8041F019C4A4601A803FB0144FFF7EC
:1042500075FF3A4683460AFB04F101A8FFF76EFF9B
:1042600001AA0BEB00040823516842F8041B013B30
:10427000FAD1A8450994E1D13A4601A93046FFF7A1
:1042800026FFC0F101022243C2F101023046FFF7CE
:1042900035FF0BB0BDE8F08F0B4601F1200201465F
:1042A000FFF7B8BF30B589B004460D466846012116
:1042B000FFF7EEFE2B466A4621462046FFF7AAFF8F
:1042C00009B030BD38B504461546FFF7E1FE294672
:1042D0002046BDE83840FFF7DFBF2DE9F04389B045
:1042E0001546074601226846FFF708FF2A460121C6
:1042F0003846FFF7E7FF2C682E46023C05F11C0903
:104300004FF02008E30705D52B466A463946384664
:10431000FFF780FF2B466A4669466846FFF77AFF3B
:10432000B8F101084FEA5404ECD14E4502D056F8DA
:10433000044FE5E709B0BDE8F08330B589B0044625
:10434000154668460122FFF7D9FE29466846FFF761
:10435000A9FF69462046FFF736FF09B030BDF0B52A
:1043600099B004460E461546114668461F46F8F7B2
:10437000FDF92A46694608A8F8F7F8F93A46694669
:104380006846F8F7F3F908A91E9A0846F8F7EEF917
:10439000224669466846F8F731FA08A932460846C7
:1043A000F8F72CFA6A4629462846F8F7DFF96A46F4
:1043B000694610A8F8F7DAF96A4610A96846F8F7CE
:1043C000D5F910A922460846F8F7D0F908AA1146EF
:1043D0002046F8F7CBF910AA21462046F8F70EFA46
:1043E00010AA21462046F8F709FA6A4621462046D7
:1043F000F8F704FA10A922460846F8F7FFF910A9C1
:1044000008AA0846F8F7B2F9324669466846F8F74E
:10441000ADF96A4610A93046F8F7F0F919B0F0BDC9
:1044200008B5FFF79FFC003818BF0120404208BDC7
:1044300000B591B0024608A96846F8F7F3F90028DC
:1044400018BF6FF0010011B000BD10B588B0014673
:104450006846F8F7B3F9202104466846F7F736FDB9
:10446000002C0CBF20466FF0020008B010BD08B150
:10447000DFF78ABC7047704708B900207047C368EF
:104480005A78D207F9D51878B0FA80F04009704709
:10449000EFF31183202383F31288BFF36F8FFEE7BE
:1044A00008B5FFF7F5FF10B5436904467BB198479F
:1044B00038B10028B8BF4042E368FF28A8BFFF20FA
:1044C0001870E268537843F00103537010BD18462A
:1044D000F7E7FBF7C9BAFBF7BCBA00F10C03C0E978
:1044E0000333FAF7A8B838B50546EFF31184202353
:1044F00083F31288BFF36F8FFAF75FF805F10C00B2
:1045000000F00EFB30B1214605F11400BDE8384043
:10451000F9F788BA84F31188BFF36F8F38BD41690A
:10452000826842EA010313F003030FD1C3600369F9
:10453000013B03FB0122002B01DA00207047C16818
:1045400011604169C260013B521AF4E76FF0150037
:1045500070472DE9F04105460F46EFF311882023FF
:1045600083F31288BFF36F8FC668F6B90468A04260
:104570001BD0D4B1D4E9003213605A60637BA660CB
:1045800023F002036373C4E9006604F1180000F02D
:1045900030FB2046E667276100F062FA414605F1EC
:1045A0000800BDE8F041F9F73DBA3E60AB69EF6045
:1045B000013BAB6188F31188BFF36F8FBDE8F081D9
:1045C00008B52024EFF3118384F31288BFF36F8FB3
:1045D000FBF73AF9F6E790F90E308B4201D0F9F784
:1045E000AFB90020704703460020C3E90200C3E9C9
:1045F00000337047D0E9003213605A60427B0023D9
:1046000022F00202C0E900334273836070472DE953
:10461000F843914604469DF820200D46EFF311879C
:10462000202181F31288BFF36F8F02B14568A6681D
:1046300004F10808B04515D0A6B13046FFF7DAFFFF
:1046400006F1180000F0D5FA0023F367C6F81090C1
:10465000304600F005FA40463946F9F7E3F9002004
:10466000BDE8F883A3B10820F9F78CFE002837D005
:104670000123C0F804900360027802F003025DB9E0
:10468000236813430360636820606BB960600BE0CC
:10469000C9F800304846EFE72B68032B16D80260B4
:1046A00062686AB9C4E90000042104F1100000F056
:1046B00072FB0028CFD187F31188BFF36F8FCFE74C
:1046C000137803F0030303431360DFE723F00303CE
:1046D000134303602B7803F0030318432860E3E7D8
:1046E0006FF00B00E7E710B5044630B1027893078E
:1046F00003D0446809B100F06DFB204610BD0023D3
:10470000C0E9003300F10803C0E9023300F11003EF
:10471000C0E904337047F8B50546EFF3118720234D
:1047200083F31288BFF36F8F846800F10806A642F6
:104730000CD10024082105F1100000F02CFBB0B9C9
:10474000ACB987F31188BFF36F8FF8BD002CF0D0A0
:104750002046FFF74FFF04F1180000F04AFA00234B
:10476000E3672361204600F07BF90124E2E7394644
:104770003046BDE8F840F9F755B907B50123009375
:1047800000230A461946FFF742FF03B000BD07B5F4
:1047900000230A4600931946FFF739FF03B000BD16
:1047A00000680021FFF79FBF12B96FF01500704736
:1047B0008A42FAD300F11003C0E90212C0E90000F6
:1047C000C0E9043300207047704720B10022114631
:1047D0008C3000F0D6B9704708B5C26822F00801E5
:1047E000C2F3C0031207C16005D5103000F001FA12
:1047F000B0FA80F35B09184608BDC3689A0718D45D
:1048000023F00401C1605907826812D5D2F88410E0
:10481000C3F3400369B188421ED10168A3B9D2F83D
:104820008830C2F88410984201D1C2F88810002361
:104830000360C26812F01F031DBF42F00202C26093
:1048400043F00200184670471960D2F88810884279
:1048500008BFC2F88830EAE70B460968DAE713B503
:10486000EFF31184202383F31288BFF36F8F0023AB
:10487000019350F8043C23F008021B0740F8042C75
:1048800005D58369019301A91038F8F785FD84F3F4
:104890001188BFF36F8F02B010BD10B510220C4607
:1048A0000021FBF7E1F8446010BD13B50190084604
:1048B000EFF31184202383F31288BFF36F8F01A9D4
:1048C000F8F76AFD84F31188BFF36F8F02B010BD53
:1048D00010B5FFF7EAFF041E08DDEFF31180202377
:1048E00083F31288BFF36F8FF9F7AEF8204610BD3F
:1048F00070B50D46EFF31186202383F31288BFF3C2
:104900006F8FF8F79BFD044686F31188BFF36F8F16
:1049100038B14FF0FF324FF0FF3305F11000F8F7D8
:1049200007FC204670BD08B5A0220021FBF79CF8CB
:1049300008BD10B530220C460021FBF795F84FF466
:1049400080724460C26010BD38B50546EFF3118433
:10495000202383F31288BFF36F8FFFF73DFF2846B4
:10496000FFF74BFF84F31188BFF36F8F38BDF8B5A5
:1049700004460D46EFF31187202383F31288BFF31B
:104980006F8FC36803F01F031E1E18BF01264BB1B3
:10499000FFF722FF2046FFF730FF29462046F8F7B1
:1049A000DDFC034687F31188BFF36F8F3BB14FF0F7
:1049B000FF324FF0FF3305F10800F8F7B9FB30463E
:1049C000F8BDD0E9003213605A60427B002322F028
:1049D0000202C0E90033427383607047EFF3058041
:1049E000003818BF012070476FF057007047D0E9BA
:1049F000003213605A600023C0E90033704708B5E5
:104A0000FFF7F5FF437B23F002034373002383602A
:104A100008BD38B504460D46F8F7EEFE637B43F05B
:104A200002036373DDB1A5602B689D4209D16B68F9
:104A3000C4E900531C606C6011E06A689A42F6D0C9
:104A40001B68002BF3D093F90E2094F90E10521A24
:104A5000002AF2DD5A68C4E9003214605C6038BD97
:104A600010B5EFF31184202383F31288BFF36F8F07
:104A7000F8F782FE84F31188BFF36F8F10BD08B57D
:104A8000EFF31181202383F31288BFF36F8F8368C4
:104A90000BB1FFF7B4FF81F31188BFF36F8F08BD2F
:104AA00010B50146EFF31184202383F31288BFF37E
:104AB0006F8F437B03F0280343B983685BB94B7B5B
:104AC00023F004034B730846F8F756FE84F311886D
:104AD000BFF36F8F10BDFFF792FFF0E70121183889
:104AE000FFF7DEBF08B50346EFF31181202282F302
:104AF0001288BFF36F8F0068834207D008B1FFF7B9
:104B00007EFF81F31188BFF36F8F08BD0020F8E7A7
:104B100008B5FFF7B4FFBDE80840183000F069B8E9
:104B200038B504680546AC424FF0000000D004B927
:104B300038BD2046FFF7ECFF2046FFF791FF2C68B9
:104B40000120A542F2E738B504460D46F9F726F8EC
:104B5000B5F1FF3F08BFB4F1FF3F024620460FD03A
:104B600047F6FF7000214FF47A74E2FB0401A0F5D0
:104B7000FF437F3B0B431ABFC00B40EA414000207C
:104B800038BD38B5EFF31185202383F31288BFF3C6
:104B90006F8F0468A04205D1002085F31188BFF310
:104BA0006F8F38BD002CF7D0E16722612046FFF7F8
:104BB00026FF04F1180000F01CF82046F8F7DCFD91
:104BC0000120EAE708B50246F9F7A2F910B96FF03B
:104BD000004008BDD0E904309B1A60EBE270B3F1ED
:104BE000004F70F10002F2DA0028ACBF1846002036
:104BF000EFE770B50446EFF31185202383F31288A5
:104C0000BFF36F8F0368D3B1F9F782F906462046E8
:104C1000F9F790F900224FF00043B442C4E90423AD
:104C200005D0002085F31188BFF36F8F70BDF9F7B1
:104C300077F9FFF7C7FF0021F5F756F9F1E76FF0B5
:104C40001500EFE708B5F9F77FFA08BDF9F77CBA68
:104C5000B3F1FF3F08BFB2F1FF3F70B506461D46F6
:104C6000144614D01A4316D0002B08DBF9F76CFA5F
:104C7000041941EB0501C6E90041304670BD6FF0F3
:104C800001031C1B4FF0FF3363EB0501F3E74FF00B
:104C9000FF342146EFE70024FBE7B3F1FF3F08BFF5
:104CA000B2F1FF3FF8B5074616461D460FD055EA4C
:104CB000020310D0F9F748FAB0428C46A9410AD253
:104CC000321A65EB0C05C7E900253846F8BD4FF0F0
:104CD000FF321546F7E70022FBE710B50446FFF761
:104CE00088FFA8B9636A0BB12046984704F1180001
:104CF000FFF7F8FE60B1FFF7B3FEEFF3118020235A
:104D000083F31288BFF36F8FBDE81040F8F79CBEA5
:104D100010BD2DE9F041846805460E46D4B1637894
:104D2000012B21D114F8533C9A0711D5A4F1600747
:104D30003846FFF7EDFE082E14BF00236FF0030383
:104D4000E36114F8533CDB0602D13846FFF788FED6
:104D5000002323700023AB60EB6846EA933666F3CA
:104D60009433EB60BDE8F081022BF1D12378002B66
:104D7000EED054F8048CB8F1000FE9D004F114001F
:104D8000FFF737FFA4F114070023E36239464046DA
:104D9000FFF78BFDDCE738B5EFF31185202383F3B4
:104DA0001288BFF36F8F0468A04211D0D4E900329B
:104DB00013605A600023C4E900332046FFF7A9FFBF
:104DC00085F31188BFF36F8F201E18BF012038BDF7
:104DD0000024F5E720B1011F50F8040CFFF783BB56
:044DE0007047000018
:084DE4004CB3FD7F010000004B
:104DEC00793D00000000000000000000544E02005D
:104DFC0029CE0100000000004DCE01000000000093
:104E0C0000000000744E020000000000944E0200EE
:104E1C00899D010000000000253402000000000004
:104E2C00F5D101000000000000000000D44E02008B
:104E3C0000000000B44E0200914000000000000091
:084E4C0000000000F44E02001A
:104E54008A770200B46A0200005102004A05002069
:104E6400282B0020258D0100000000000000000018
:104E7400C3770200CC6A0200B4500200500500203F
:104E8400102C0020B5980100000000000000000074
:104E94009977020000000000945002004C050020A5
:104EA4009C2B002051930100000000000000000032
:104EB4008C5A020000000000F45002004805002053
:104EC400542000200000000000000000000000004A
:104ED400A9770200000000009C5002004E0500204B
:104EE40000000000499401000000000000000000E0
:104EF400D177020000000000D850020052050020C3
:104F04001C2C0020E99A01000000000000000000B1
:104F140095A301006B3102000000000033F801008A
:104F24000000000033F801000000000033F8010025
:104F34000000000033F801000000000033F8010015
:104F440021AA01006B3102000000000033F80100C7
:104F54000000000033F801000000000033F80100F5
:104F64000000000033F8010000000000DD5C0100D7
:104F7400F44E0200599A01009C2B0020C1930100B9
:104F840000000000B18B01000000000033F80100B4
:104F94000000000033F8010000000000199E010029
:104FA4000000000033F801000000000033F80100A5
:104FB4000000000033F801000000000033F8010095
:104FC4000000000033F801000000000033F8010085
:104FD400000000000D5D01000000000033F8010036
:104FE4000000000033F801000000000033F8010065
:104FF4000000000033F801000000000033F8010055
:105004000000000033F801000000000033F8010044
:105014000000000033F801000000000033F8010034
:105024000000000033F801000000000033F8010024
:105034000000000033F801000000000033F8010014
:105044000000000033F801000000000033F8010004
:105054000000000033F801000000000033F80100F4
:105064000000000033F801000000000033F80100E4
:105074000000000033F801000000000033F80100D4
:105084000000000033F801000000000033F80100C4
:08509400FD9201004D920100A4
:10509C0061300200799601005D9501004194010098
:0850AC002D30020031940100D7
:1050B400299701008B30020099300200B1300200C0
:1050C400BD300200C930020005990100E33002003E
:0450D40000000000D8
:1050D800000000000000000000000000719A0100BC
:0C50E8002D9A01000000000000000000F4
:0C50F400A1CC000031CA0000A5C90000DA
:10510000858D0100C72E02002B2F02000000000039
:0C511000632E0200000000000000000000
:10511C00050000009168000000000000060000007F
:10512C005D8A000000000000040000006D6D0000AE
:04513C00000000006F
:105140007120000025200000000000000000000089
:10515000000000000000000000000000000000004F
:1051600098550200080000003856020007000000B1
:08517000C05202000B00000018
:10517800BE7502000000000000000000B93D0000FC
:10518800F93F0000000000006777020001000000FE
:1051980000000000751B0200000000000000000075
:1051A800767702000100000000000000A71F02003F
:1051B80000000000000000006E77020001000000FF
:1051C80000000000B5780000C18200000000000067
:1051D800827702000100000000000000B32C0200EA
:1051E80021980000000000007C7702000100000008
:1051F80000000000617A0000797C000000000000D7
:1052100000000000030000003000000060000000FB
:105220000000000000010602010000000001020170
:10523000040404041800280004005802010300625A
:10524000746C650000000000000000000000000019
:10525000000000000000000000000000000000004E
:10526000000000000000000000000000000000003E
:10527000000100000000000000000000000000002D
:105280000338FDD870470000090F00004E7502007A
:105290000101000044050020030200004205002037
:1052A0001902000040050020744E02000C000000AE
:1052B000744E020008001100744E02000600110036
:1052C000E4740200771C020000000000E074020099
:1052D00000000100DC740200C52002000000000094
:1052E000B001002000000100D47402001525000068
:1052F000000000000000000000000100D074020067
:10530000C520020000000000A801002000000100EC
:10531000C8740200F9240000000000000000000032
:1053200000000100C4740200C5200200000000005B
:10533000A001002000000100BC740200DD24000078
:10534000000000000000000000000400B87402002B
:10535000491C0200A97E00008801002000000C000A
:10536000B4740200C124000000000000000000002E
:1053700000000100B0740200C5200200000000001F
:105380008001002000000100A8740200000000005D
:1053900031250000000000000000080002000000AD
:1053A000000000000000000000800F00D44E02004A
:1053B0000100000000800F0000800000D44E0200B9
:1053C000000000200000000000000B0602000000AA
:1053D000D45302000000000064750200260002029F
:1053E000000000206C75020022000B11213C00001F
:1053F000000000009BFA0100EC530200045402007C
:105400004A000000785D0020EC53020014540200B2
:105410002E00000040620020EC53020024540200E1
:1054200002010000146300200E030000D14C0000B4
:105430000F0400000D4D00001A01000083FE010062
:105440000504000081420000130100001700020063
:10545000FF010000214300003E0100004143000025
:1054600005040000EFFE0100080400001102020024
:1054700030030000AB0102001001000049FF0100F1
:1054800001120000E54B00000A1E00006D0402003E
:1054900003090000B7000200040B000051FF0100E7
:1054A000060A000055030200070A000031FF010050
:1054B0000C05000017FF0100050C00009D02020012
:1054C000EC530200CC54020047000000306400207E
:1054D000EC530200DC540200000000005065002084
:1054E000EC530200EC5402004A00000078650020F2
:1054F000F70D0200F90D020000000000000000009E
:105500000000000009100200000000000000000080
:10551000000000000000000002020100211902004A
:10552000040401008976000006060100C975000028
:1055300008040100AD7400000A0201000B1902000A
:105540000C040100F51802000E0401007D73000038
:1055500020040100E572000010040100E171000068
:10556000120201003318020016040100ED100200BF
:1055700018010100231602001E000400391A02005F
:105580005202000059180200EC5302009455020028
:105590004C000000D066002014750200771C020049
:1055A0000000000010750200000001000C750200F0
:1055B000C520020000000000C4020020000001001D
:1055C0000475020000000000000000000000000060
:1055D0000000000000750200491C0200A97E0000C6
:1055E000CC02002000000300FC740200C520020071
:1055F00000000000BC02002000000100F474020062
:10560000AF1C0200CF1E02000000000000000300DB
:10561000F0740200C520020000000000B402002067
:1056200000000100E8740200B981000000000000E1
:10563000000000000000010040750200771C02001D
:10564000000000003C7502000000010038750200F7
:10565000C520020000000000F4020020000001004C
:1056600030750200E51C0200000000000000000090
:10567000000001002C750200C5200200000000009F
:10568000EC02002000000100247502000F1D020042
:105690000000000000000000000001002075020072
:1056A000C520020000000000E4020020000001000C
:1056B00018750200ED7A00000000000000000000F4
:1056C00000000100398F0000DD2A0200659600000D
:1056D0000000000000000000BD9400000000000079
:1056E00000000000000000000000000000000000BA
:1056F00000000000F98F000006000000D72702001C
:10570000060000008327020010000000898B0000C3
:1057100010000000952A0200010000008124020010
:1057200010000000D32702000A0000005D250200DF
:10573000100000004595000007000000DB27020074
:10574000100000000325020001000000A18E0000EF
:105750004000000035270200100000005125020023
:1057600001000000574553545F544F504449522F95
:105770007A65706879722F7375627379732F626CB2
:105780007565746F6F74682F636F6E74726F6C6C75
:1057900065722F7469636B65722F7469636B6572D0
:1057A0002E6300007469636B65725F726573636872
:1057B00065642D3E7469636B735F746F5F657870A9
:1057C000697265203D3D203055000000415353452E
:1057D0005254494F4E204641494C205B25735D2071
:1057E000402025733A25640A0000000028287469C7
:1057F000636B65725F72657363686564292D3E65CE
:1058000078745F6461746120262620282874696397
:105810006B65725F72657363686564292D3E657898
:10582000745F646174612D3E7469636B735F736C44
:105830006F745F77696E646F7720213D2030552942
:105840002900000069000000574553545F544F5031
:105850004449522F7A65706879722F737562737933
:10586000732F626C7565746F6F74682F636F6E74DD
:10587000726F6C6C65722F6C6C5F73772F756C6CCC
:105880002E63000021657272000000007278000033
:10589000756C6C5F7265665F67657428756C6C5FAC
:1058A00068647229000000003000000072656C65B9
:1058B000617365203D3D20646F6E650021726574E3
:1058C00076616C0064656C7461203C3D2030207C06
:1058D0007C206D656D5F6C696E6B5F72782E717583
:1058E0006F74615F706475203C20282833202B2062
:1058F00030202B203129202B202832202A2028312B
:1059000029292900636F6E6E5F6C6C6C00000000CB
:1059100021636F6E6E5F6C6C6C2D3E6C696E6B5F9D
:1059200074785F66726565006D656D715F6C696E38
:105930006B00000072782D3E6864722E7479706579
:1059400020213D204E4F44455F52585F54595045E9
:105950005F4E4F4E450000002163632D3E7374611E
:105960007475730072785F667265652D3E68647247
:105970002E7479706520213D204E4F44455F52586A
:105980005F545950455F4E4F4E450000636F6E6E39
:1059900020213D202828766F6964202A293029009B
:1059A00021636F6E6E2D3E6C6C6C2E6C696E6B5F3E
:1059B00074785F66726565007478000021726574A2
:1059C000000000006C6F6F700000000057455354DA
:1059D0005F544F504449522F7A65706879722F7323
:1059E00075627379732F626C7565746F6F74682F4D
:1059F000636F6E74726F6C6C65722F6C6C5F737713
:105A00002F6C6C6C5F636F6D6D6F6E2E63000000AA
:105A100021657272207C7C20657272203D3D202DB4
:105A200031313900574553545F544F504449522F38
:105A30007A65706879722F7375627379732F626CEF
:105A40007565746F6F74682F636F6E74726F6C6CB2
:105A500065722F6863692F6863695F647269766530
:105A6000722E6300657272203D3D20300000000000
:105A700042542043544C5220525820707269000006
:105A800042542043544C52205258000062745F68C4
:105A900063695F636F6E74726F6C6C657200000097
:105AA0005A6570687972204F532076342E322E302A
:105AB00000000000574553545F544F504449522F43
:105AC0007A65706879722F7375627379732F626C5F
:105AD0007565746F6F74682F636F6E74726F6C6C22
:105AE00065722F6863692F6863692E630000000088
:105AF0002828282875696E747074725F74296E6F17
:105B00006465292025205F5F616C69676E6F662878
:105B1000737472756374206E6F64655F72785F630F
:105B2000632929203D3D203029000000282828280D
:105B300075696E747074725F74296E6F6465292064
:105B400025205F5F616C69676E6F6628737472757C
:105B50006374206E6F64655F72785F6375292920B6
:105B60003D3D203029000000574553545F544F50AD
:105B70004449522F7A65706879722F737562737910
:105B8000732F626C7565746F6F74682F636F6E74BA
:105B9000726F6C6C65722F6C6C5F73772F756C6CA9
:105BA0005F6164762E63000068616E646C65203C02
:105BB0002031000028726574203D3D203029207C72
:105BC0007C2028726574203D3D20322900000000B1
:105BD0006164762D3E6C696E6B5F63635F667265B0
:105BE000650000006164762D3E6E6F64655F7278BB
:105BF0005F63635F66726565000000002168647220
:105C00002D3E64697361626C65645F6362000000CD
:105C1000737461747573203D3D2030207C7C20704E
:105C20006172616D203D3D20756C6C5F64697361CC
:105C3000626C655F6D61726B5F6765742829207C9B
:105C40007C2028636F6E6E65637461626C652026CC
:105C50002620216164762D3E6C6C6C2E636F6E6E17
:105C600029207C7C20300000216C6C6C2D3E6C69FE
:105C70006E6B5F74785F6672656500006D61726B54
:105C8000203D3D206164760021657272207C7C207D
:105C900028657272203D3D202D31323029000000F0
:105CA0007265660028726574203D3D203029207C95
:105CB0007C2028726574203D3D203229207C7C2088
:105CC0002866705F6F705F66756E63203D3D2028AB
:105CD00028766F6964202A29302929007064752D7F
:105CE0003E6C656E203E3D205F5F6275696C746935
:105CF0006E5F6F66667365746F6620287374727565
:105D00006374207064755F6164765F6164765F6957
:105D10006E642C206461746129000000574553545F
:105D20005F544F504449522F7A65706879722F73CF
:105D300075627379732F626C7565746F6F74682FF9
:105D4000636F6E74726F6C6C65722F6C6C5F7377BF
:105D50002F756C6C5F636F6E6E2E630074785F627C
:105D60007566000072782D3E6864722E6C696E6BE9
:105D700000000000737461747573203D3D20300095
:105D8000737461747573203D3D2030207C7C2070DD
:105D90006172616D203D3D20756C6C5F7570646152
:105DA00074655F6D61726B5F6765742829207C7C08
:105DB00020706172616D203D3D20756C6C5F64697F
:105DC0007361626C655F6D61726B5F6765742829D2
:105DD0000000000070203D3D20706172616D000088
:105DE000287469636B65725F737461747573203DA9
:105DF0003D203029207C7C20287469636B65725FAC
:105E0000737461747573203D3D20322900000000D9
:105E1000657272203D3D2030207C7C2065727220AE
:105E20003D3D202D3132300009706172616D313A93
:105E300020257520706172616D323A2025750A0047
:105E4000636F6E6E2D3E6C6C6C2E68616E646C655B
:105E500020213D203078464646460000287469637C
:105E60006B65725F737461747573203D3D203029DA
:105E7000207C7C20287469636B65725F7374617425
:105E80007573203D3D203229207C7C202828766FA8
:105E90006964202A29636F6E6E5F6C6C203D3D2023
:105EA000756C6C5F64697361626C655F6D61726B68
:105EB0005F676574282929006C6C6C5F747800003A
:105EC0007064755F74782D3E6C656E00216C696E30
:105ED0006B2D3E6E65787400574553545F544F5098
:105EE0004449522F7A65706879722F73756273799D
:105EF000732F626C7565746F6F74682F636F6E7447
:105F0000726F6C6C65722F6C6C5F73772F756C6C35
:105F10005F6C6C63705F656E632E63006E74660009
:105F2000574553545F544F504449522F7A65706817
:105F300079722F7375627379732F626C7565746FE4
:105F40006F74682F636F6E74726F6C6C65722F6CF8
:105F50006C5F73772F756C6C5F6C6C63705F7068CF
:105F6000792E63006E74662D3E6864722E747970AB
:105F700065203D3D204E4F44455F52585F54595077
:105F8000455F52455441494E000000006374782D2E
:105F90003E6E6F64655F7265662E74780000000067
:105FA0006374782D3E646174612E70752E6E746614
:105FB0005F646C655F6E6F6465000000636F6E6E9A
:105FC0002D3E6C6C6C2E726F6C65203D3D203078E0
:105FD00030310000574553545F544F504449522FBD
:105FE0007A65706879722F7375627379732F626C3A
:105FF0007565746F6F74682F636F6E74726F6C6CFD
:1060000065722F6C6C5F73772F756C6C5F6C6C6353
:10601000702E63006374782D3E6F776E657200009A
:106020006374782D3E6E6F64655F7265662E72785C
:106030000000000063747800574553545F544F507C
:106040004449522F7A65706879722F73756273793B
:10605000732F626C7565746F6F74682F636F6E74E5
:10606000726F6C6C65722F6C6C5F73772F756C6CD4
:106070005F6C6C63705F636F6D6D6F6E2E6300009D
:106080006374782D3E70726F63203D3D2050524FF7
:10609000435F5445524D494E415445006374782D39
:1060A0003E70726F63203D3D2050524F435F44412C
:1060B00054415F4C454E4754485F55504441544508
:1060C00000000000574553545F544F504449522F2D
:1060D0007A65706879722F7375627379732F626C49
:1060E0007565746F6F74682F636F6E74726F6C6C0C
:1060F00065722F6C6C5F73772F756C6C5F6C6C6363
:10610000705F6C6F63616C2E6300000063747820B5
:10611000213D202828766F6964202A293029000033
:106120006374785F686561646572203D3D206374C7
:10613000780000006374782D3E6E6F64655F726551
:10614000662E7278203D3D202828766F6964202ACB
:10615000293029207C7C206374782D3E6E6F646525
:106160005F7265662E72782D3E6864722E74797047
:106170006520213D204E4F44455F52585F54595091
:10618000455F52455441494E000000005745535465
:106190005F544F504449522F7A65706879722F735B
:1061A00075627379732F626C7565746F6F74682F85
:1061B000636F6E74726F6C6C65722F6C6C5F73774B
:1061C0002F756C6C5F6C6C63705F636F6E6E5F7568
:1061D00070642E63000000006374782D3E6E6F645F
:1061E000655F7265662E7278203D3D202828766FA7
:1061F0006964202A29302900574553545F544F5071
:106200004449522F7A65706879722F737562737979
:10621000732F626C7565746F6F74682F636F6E7423
:10622000726F6C6C65722F6C6C5F73772F756C6C12
:106230005F6C6C63705F63686D752E6300000000B7
:10624000574553545F544F504449522F7A657068F4
:1062500079722F7375627379732F626C7565746FC1
:106260006F74682F636F6E74726F6C6C65722F6CD5
:106270006C5F73772F756C6C5F6C6C63705F7265AD
:106280006D6F74652E630000574553545F544F5033
:106290004449522F7A65706879722F7375627379E9
:1062A000732F626C7565746F6F74682F636F6E7493
:1062B000726F6C6C65722F6C6C5F73772F756C6C82
:1062C0005F7065726970686572616C2E63000000B2
:1062D0007469636B65725F737461747573203D3D9F
:1062E0002030000073746174757320213D203120CB
:1062F0007C7C20706172616D203D3D20756C6C5F0F
:1063000064697361626C655F6D61726B5F67657410
:1063100028290000574553545F544F504449522F89
:106320007A65706879722F7375627379732F626CF6
:106330007565746F6F74682F636F6E74726F6C6CB9
:1063400065722F6C6C5F73772F756C6C5F66696C10
:106350007465722E63000000726C5F696478203C83
:1063600020380000726C5B726C5F6964785D2E741B
:10637000616B656E00000000726C5B726C5F69643B
:10638000785D2E727061735F7265616479000000E0
:106390006465766D617463685F6964203C202828B9
:1063A00073697A655F742920282828696E7429200A
:1063B00073697A656F6628636861725B31202D208E
:1063C00032202A202128215F5F6275696C74696E12
:1063D0005F74797065735F636F6D70617469626C0F
:1063E000655F70285F5F747970656F665F5F2866B0
:1063F000616C292C205F5F747970656F665F5F2820
:10640000262866616C295B305D2929295D29202DAC
:10641000203129202B202873697A656F66286661F0
:106420006C29202F2073697A656F66282866616C55
:10643000295B305D292929290000000066616C5B19
:106440006465766D617463685F69645D2E74616B09
:10645000656E00006465766D617463685F696420D1
:106460003C20282873697A655F74292028282869C8
:106470006E74292073697A656F6628636861725B40
:1064800031202D2032202A202128215F5F6275696A
:106490006C74696E5F74797065735F636F6D706142
:1064A0007469626C655F70285F5F747970656F6690
:1064B0005F5F28726C292C205F5F747970656F664E
:1064C0005F5F282628726C295B305D2929295D29A8
:1064D000202D203129202B202873697A656F6628AA
:1064E000726C29202F2073697A656F662828726C78
:1064F000295B305D2929292900000000726C5B6945
:106500005D2E74616B656E0069726B6D617463689A
:106510005F6964203C20706565725F69726B5F63C0
:106520006F756E740000000069203C203800000088
:10653000574553545F544F504449522F7A65706801
:1065400079722F7375627379732F626C7565746FCE
:106550006F74682F636F6E74726F6C6C65722F6CE2
:106560006C5F73772F6E6F726469632F6C6C6C2F26
:106570006C6C6C2E63000000707265656D70745FEA
:10658000726571203D3D20707265656D70745F614C
:10659000636B0000707265656D70745F7374617217
:1065A000745F72657120213D20707265656D707435
:1065B0005F73746172745F61636B00007072656514
:1065C0006D70745F73746F705F72657120213D2010
:1065D000707265656D70745F73746F705F61636B0B
:1065E00000000000707265656D70745F72657120E7
:1065F000213D20707265656D70745F61636B000092
:10660000707265656D70745F61636B20213D2070F1
:106610007265656D70745F726571000072656164AA
:10662000792D3E707265706172655F706172616D27
:106630002E706172616D203D3D20706172616D0050
:106640006974657200000000657272203D3D202D66
:106650003134300021706172616D0000217061720F
:10666000616D207C7C206E65787400006576656EB7
:10667000742E637572722E61626F72745F63620052
:106680006576646F6E650000657272203E3D203055
:10669000000000006E6578740000000021726561E2
:1066A0006479207C7C202672656164792D3E70724D
:1066B00065706172655F706172616D203D3D207033
:1066C0007265706172655F706172616D00000000DB
:1066D000574553545F544F504449522F7A65706860
:1066E00079722F7375627379732F626C7565746F2D
:1066F0006F74682F636F6E74726F6C6C65722F6C41
:106700006C5F73772F6E6F726469632F6C6C6C2F84
:106710006C6C6C5F6164762E630000006E6F646564
:106720005F72780021726164696F5F69735F72657F
:106730006164792829000000700000006368616EC0
:1067400000000000706475007363616E5F706475B3
:10675000000000000925733A2041637475616C20C4
:106760004556454E545F4F564552484541445F5348
:10677000544152545F5553203D2025750A000000B6
:10678000574553545F544F504449522F7A657068AF
:1067900079722F7375627379732F626C7565746F7C
:1067A0006F74682F636F6E74726F6C6C65722F6C90
:1067B0006C5F73772F6E6F726469632F6C6C6C2FD4
:1067C0006C6C6C5F636F6E6E2E630000217261648F
:1067D000696F5F69735F6164647265737328290010
:1067E000646F6E65000000006C6C6C2D3E68616E1D
:1067F000646C6520213D2030784646464600000006
:10680000574553545F544F504449522F7A6570682E
:1068100079722F7375627379732F626C7565746FFB
:106820006F74682F636F6E74726F6C6C65722F6C0F
:106830006C5F73772F6E6F726469632F6C6C6C2F53
:106840006C6C6C5F7065726970686572616C2E63E8
:1068500000000000574553545F544F504449522F95
:106860007A65706879722F7375627379732F626CB1
:106870007565746F6F74682F636F6E74726F6C6C74
:1068800065722F6C6C5F73772F6E6F726469632F04
:1068900068616C2F6E7266352F636E74722E6300A2
:1068A0005F726566636F756E7400000057455354E0
:1068B0005F544F504449522F7A65706879722F7334
:1068C00075627379732F626C7565746F6F74682F5E
:1068D000636F6E74726F6C6C65722F6C6C5F737724
:1068E0002F6E6F726469632F68616C2F6E726635EC
:1068F0002F6D6179666C792E630000005745535403
:106900005F544F504449522F7A65706879722F73E3
:1069100075627379732F626C7565746F6F74682F0D
:10692000636F6E74726F6C6C65722F6C6C5F7377D3
:106930002F6E6F726469632F68616C2F6E7266359B
:106940002F7469636B65722E630000007573657246
:106950005F6964203C2073697A656F662863616CA7
:106960006C65725F69645F6C7574290063616C6C3F
:1069700065725F696420213D203000005745535403
:106980005F544F504449522F7A65706879722F7363
:1069900075627379732F626C7565746F6F74682F8D
:1069A000636F6E74726F6C6C65722F6C6C5F737753
:1069B0002F6E6F726469632F68616C2F6E7266351B
:1069C0002F6563622E630000B1100100C110010049
:1069D000D1100100E11001000000000000000000E3
:1069E000F1100100951101000111010000000000EB
:1069F000C51101000000000011110100A5110100E6
:106A000000000000211101001512010031110100E8
:106A1000D5110100E5110100F51101000512010079
:106A20002512010035120100411101000000000093
:106A30000000000000000000000000000000000056
:106A4000B511010008020B020A0305020000000054
:106A50000000000002020000060200000403000023
:106A60000000090300000000010300000C03000007
:106A7000070300000000000000000000F401FA001D
:106A8000960064004B0032001E00140070726570A6
:106A90006172655F63620000707265706172655F4C
:106AA0006362000001030405E18C0100B18C010068
:106AB00000000000718E0100BD8D01004B2F02000F
:106AC000572F02000400000000FF0000FFFFFFFF3F
:106AD00000000050000000000000000000600040C6
:106AE000000000000100000002000000040000009F
:106AF000080000001000000020000000400000001E
:106B0000800000001B0000003600000051F4A75078
:106B10007E4165531A17A4C33A275E963BAB6BCBF5
:106B20001F9D45F1ACFA58AB4BE303932030FA5567
:106B3000AD766DF688CC7691F5024C254FE5D7FC05
:106B4000C52ACBD726354480B562A38FDEB15A491A
:106B500025BA1B6745EA0E985DFEC0E1C32F75029A
:106B6000814CF0128D4697A36BD3F9C6038F5FE774
:106B700015929C95BF6D7AEB955259DAD4BE832D50
:106B8000587421D349E069298EC9C84475C2896AFD
:106B9000F48E797899583E6B27B971DDBEE14FB616
:106BA000F088AD17C920AC667DCE3AB463DF4A18D1
:106BB000E51A31829751336062537F45B16477E0C3
:106BC000BB6BAE84FE81A01CF9082B9470486858FA
:106BD0008F45FD1994DE6C87527BF8B7AB73D323D6
:106BE000724B02E2E31F8F576655AB2AB2EB2807C0
:106BF0002FB5C20386C57B9AD33708A5302887F204
:106C000023BFA5B202036ABAED16825C8ACF1C2BA1
:106C1000A779B492F307F2F04E69E2A165DAF4CDF8
:106C20000605BED5D134621FC4A6FE8A342E539DFC
:106C3000A2F355A0058AE132A4F6EB750B83EC397B
:106C40004060EFAA5E719F06BD6E10513E218AF929
:106C500096DD063DDD3E05AE4DE6BD4691548DB553
:106C600071C45D050406D46F605015FF1998FB24AC
:106C7000D6BDE997894043CC67D99E77B0E842BD3D
:106C800007898B88E7195B3879C8EEDBA17C0A4756
:106C90007C420FE9F8841EC9000000000980868349
:106CA000322BED481E1170AC6C5A724EFD0EFFFB7C
:106CB0000F8538563DAED51E362D39270A0FD964BB
:106CC000685CA6219B5B54D124362E3A0C0A67B12E
:106CD0009357E70FB4EE96D21B9B919E80C0C54F91
:106CE00061DC20A25A774B691C121A16E293BA0A89
:106CF000C0A02AE53C22E043121B171D0E090D0B14
:106D0000F28BC7AD2DB6A8B9141EA9C857F11985C5
:106D1000AF75074CEE99DDBBA37F60FDF701269FA1
:106D20005C72F5BC44663BC55BFB7E348B432976C5
:106D3000CB23C6DCB6EDFC68B8E4F163D731DCCA1E
:106D4000426385101397224084C61120854A247D12
:106D5000D2BB3DF8AEF93211C729A16D1D9E2F4B54
:106D6000DCB230F30D8652EC77C1E3D02BB3166C56
:106D7000A970B999119448FA47E96422A8FC8CC417
:106D8000A0F03F1A567D2CD8223390EF87494EC78A
:106D9000D938D1C18CCAA2FE98D40B36A6F581CFC2
:106DA000A57ADE28DAB78E263FADBFA42C3A9DE443
:106DB0005078920D6A5FCC9B547E4662F68D13C26A
:106DC00090D8B8E82E39F75E82C3AFF59F5D80BEDC
:106DD00069D0937C6FD52DA9CF2512B3C8AC993B50
:106DE00010187DA7E89C636EDB3BBB7BCD26780942
:106DF0006E5918F4EC9AB701834F9AA8E6956E6520
:106E0000AAFFE67E21BCCF08EF15E8E6BAE79BD9DA
:106E10004A6F36CEEA9F09D429B07CD631A4B2AFEE
:106E20002A3F2331C6A5943035A266C0744EBC37C4
:106E3000FC82CAA6E090D0B033A7D815F104984AD6
:106E400041ECDAF77FCD500E1791F62F764DD68DA7
:106E500043EFB04DCCAA4D54E49604DF9ED1B5E388
:106E60004C6A881BC12C1FB84665517F9D5EEA04A1
:106E7000018C355DFA877473FB0B412EB3671D5A85
:106E800092DBD252E91056336DD647139AD7618CF4
:106E900037A10C7A59F8148EEB133C89CEA927EE52
:106EA000B761C935E11CE5ED7A47B13C9CD2DF59A9
:106EB00055F2733F1814CE7973C737BF53F7CDEA35
:106EC0005FFDAA5BDF3D6F147844DB86CAAFF381B8
:106ED000B968C43E3824342CC2A3405F161DC37267
:106EE000BCE2250C283C498BFF0D954139A8017166
:106EF000080CB3DED8B4E49C6456C1907BCB8461AB
:106F0000D532B670486C5C74D0B85742C66363A57E
:106F1000F87C7C84EE777799F67B7B8DFFF2F20D1F
:106F2000D66B6BBDDE6F6FB191C5C554603030500C
:106F300002010103CE6767A9562B2B7DE7FEFE19E0
:106F4000B5D7D7624DABABE6EC76769A8FCACA4519
:106F50001F82829D89C9C940FA7D7D87EFFAFA15A3
:106F6000B25959EB8E4747C9FBF0F00B41ADADEC80
:106F7000B3D4D4675FA2A2FD45AFAFEA239C9CBF08
:106F800053A4A4F7E47272969BC0C05B75B7B7C2F6
:106F9000E1FDFD1C3D9393AE4C26266A6C36365AB5
:106FA0007E3F3F41F5F7F70283CCCC4F6834345C29
:106FB00051A5A5F4D1E5E534F9F1F108E271719339
:106FC000ABD8D873623131532A15153F0804040C2D
:106FD00095C7C752462323659DC3C35E3018182842
:106FE000379696A10A05050F2F9A9AB50E0707093D
:106FF000241212361B80809BDFE2E23DCDEBEB26B4
:107000004E2727697FB2B2CDEA75759F1209091B19
:107010001D83839E582C2C74341A1A2E361B1B2D5C
:10702000DC6E6EB2B45A5AEE5BA0A0FBA45252F6CC
:10703000763B3B4DB7D6D6617DB3B3CE5229297B83
:10704000DDE3E33E5E2F2F7113848497A65353F53F
:10705000B9D1D16800000000C1EDED2C40202060C6
:10706000E3FCFC1F79B1B1C8B65B5BEDD46A6ABEC4
:107070008DCBCB4667BEBED97239394B944A4ADEB6
:10708000984C4CD4B05858E885CFCF4ABBD0D06B81
:10709000C5EFEF2A4FAAAAE5EDFBFB16864343C5D1
:1070A0009A4D4DD766333355118585948A4545CF22
:1070B000E9F9F91004020206FE7F7F81A05050F02A
:1070C000783C3C44259F9FBA4BA8A8E3A25151F3BA
:1070D0005DA3A3FE804040C0058F8F8A3F9292AD92
:1070E000219D9DBC70383848F1F5F50463BCBCDFC8
:1070F00077B6B6C1AFDADA754221216320101030BD
:10710000E5FFFF1AFDF3F30EBFD2D26D81CDCD4C5A
:10711000180C0C1426131335C3ECEC2FBE5F5FE183
:10712000359797A2884444CC2E17173993C4C45777
:1071300055A7A7F2FC7E7E827A3D3D47C86464ACC9
:10714000BA5D5DE73219192BE6737395C06060A0D4
:10715000198181989E4F4FD1A3DCDC7F44222266A7
:10716000542A2A7E3B9090AB0B8888838C4646CA73
:10717000C7EEEE296BB8B8D32814143CA7DEDE792D
:10718000BC5E5EE2160B0B1DADDBDB76DBE0E03BAD
:1071900064323256743A3A4E140A0A1E924949DB56
:1071A0000C06060A4824246CB85C5CE49FC2C25DED
:1071B000BDD3D36E43ACACEFC46262A6399191A843
:1071C000319595A4D3E4E437F279798BD5E7E732AA
:1071D0008BC8C8436E373759DA6D6DB7018D8D8C0A
:1071E000B1D5D5649C4E4ED249A9A9E0D86C6CB4F7
:1071F000AC5656FAF3F4F407CFEAEA25CA6565AF50
:10720000F47A7A8E47AEAEE9100808186FBABAD58C
:10721000F07878884A25256F5C2E2E72381C1C2445
:1072200057A6A6F173B4B4C797C6C651CBE8E823F6
:10723000A1DDDD7CE874749C3E1F1F21964B4BDD65
:1072400061BDBDDC0D8B8B860F8A8A85E0707090E6
:107250007C3E3E4271B5B5C4CC6666AA904848D81B
:1072600006030305F7F6F6011C0E0E12C26161A3B8
:107270006A35355FAE5757F969B9B9D01786869127
:1072800099C1C1583A1D1D27279E9EB9D9E1E13801
:10729000EBF8F8132B9898B322111133D26969BB1C
:1072A000A9D9D970078E8E89339494A72D9B9BB64C
:1072B0003C1E1E2215878792C9E9E92087CECE4958
:1072C000AA5555FF50282878A5DFDF7A038C8C8FCC
:1072D00059A1A1F8098989801A0D0D1765BFBFDA78
:1072E000D7E6E631844242C6D06868B8824141C3DD
:1072F000299999B05A2D2D771E0F0F117BB0B0CB65
:10730000A85454FC6DBBBBD62C16163A78730200F9
:1073100002000000707302000300000068730200A6
:1073200004000000607302000500000058730200B2
:1073300006000000507302000700000048730200BE
:107340000000000000000000DF770200902407002A
:10735000EB77020090230600F777020090220500E9
:1073600003780200101404000F78020010130300C9
:107370001B78020010120200020000000534020017
:1073800001340200FD330200F9330200E133020050
:10739000CF33020069FA0100000000000A5695CEC2
:1073A0005753F2DD5CE419BAE4B84A8B25F321DDCA
:1073B0008886E8D2855D882518FF71853C14A91858
:1073C000D430E77901B6ED5FFC95BA751025627788
:1073D0002B73FB79C65537A5765F9018DFBDC4299E
:1073E00062DF9CD890308478CD05F0ACD62E21F7A2
:1073F000AB20A2E5344887041D0630DC512563FC30
:10740000C2CAB9F3849E17A7ADFAE6BCFFFFFFFF1F
:10741000FFFFFFFF00000000FFFFFFFFA2EE79BEAD
:10742000954C2483A66FBD499C79994659EC6B2BEA
:1074300039B245282056D9F3942DE1664FBC00EEB1
:10744000FFFFFFFFFFFFFFFFFFFFFFFF0000000048
:10745000000000000000000001000000FFFFFFFF2F
:107460000300000000000000FFFFFFFFFBFFFFFF25
:10747000FEFFFFFFFFFFFFFFFDFFFFFF0400000017
:1074800001000000EC4D0200EC4D02001C4E020019
:10749000244E0200544E0200544E02002C7802008A
:1074A000000100000000000000004C2A00004C2AEF
:1074B00000000328000008290000022900004D2ACE
:1074C00000004D2A0000032800004B2A00004B2A30
:1074D0000000032800004A2A00004A2A000003286E
:1074E000000012180000002800002A2B00002A2BA0
:1074F000000003280000292B0000292B000003288E
:10750000000002290000052A0000052A00000328C7
:1075100000000118000000280000042A0000042ACE
:10752000000003280000012A0000012A00000328AF
:107530000000002A0000002A0000032800000018B4
:10754000000000286BFF79FF79FF7CFF0000477285
:107550006970205368757474657220523100286E0A
:10756000696C2900464C4153485F30005352414DED
:107570005F300062742F25732F253032782530322A
:1075800078253032782530327825303278253032FF
:107590007825752F25730062742F25732F253032BF
:1075A00078253032782530327825303278253032DF
:1075B000782530327825750062742F257300627447
:1075C000004254204C5720575100574553545F54A4
:1075D0004F504449522F7A65706879722F737562E3
:1075E0007379732F626C7565746F6F74682F686F31
:1075F00073742F6863695F636F72652E63006274D2
:107600005F6863695F6576745F6765745F666C6108
:107610006773286864722D3E6576742920262028B9
:1076200031554C203C3C20283129290041535345F9
:107630005254494F4E204641494C205B25735D20F2
:10764000402025733A25640A006576745F666C6194
:1076500067732026202831554C203C3C20283029B7
:10766000290062756600737563636573730009634F
:107670006F6D6D616E64206F70636F64652030782C
:10768000253034782074696D656F75740A006572F1
:1076900072203D3D20300009436F6E74726F6C6C38
:1076A000657220756E726573706F6E736976652C86
:1076B00020636F6D6D616E64206F70636F64652011
:1076C0003078253034782074696D656F7574207753
:1076D000697468206572722025640A004254205241
:1076E0005820575100574553545F544F5044495206
:1076F0002F7A65706879722F7375627379732F6250
:107700006C7565746F6F74682F686F73742F68631E
:10771000695F636F6D6D6F6E2E63007075626C696B
:10772000630072616E646F6D007075626C69632DC9
:1077300069640072616E646F6D2D69640030782534
:1077400030327800253032583A253032583A2530D8
:1077500032583A253032583A253032583A253032AC
:107760005820282573290062742F636363006274B4
:107770002F686173680062742F63660062742F73F0
:10778000630062742F6B65797300636C6F636B4089
:1077900034303030303030300072616E646F6D40A4
:1077A000343030306430303000666C6173682D6383
:1077B0006F6E74726F6C6C6572403430303165304E
:1077C0003030006770696F403530303030303030E5
:1077D0000074656D704034303030633030300041BB
:1077E00045532D3235362D434243004145532D310B
:1077F00039322D434243004145532D3132382D4318
:107800004243004145532D3235362D454342004118
:1078100045532D3139322D454342004145532D31D9
:1078200032382D454342006D61696E00737973777C
:107830006F726B71002A2A2A20426F6F74696E671B
:10784000205A6570687972204F53206275696C64A4
:107850002076342E322E30202A2A2A0A00010111E5
:10786000010000050C0901A1018501150025010990
:10787000E9750195018102750795018103C0000733
:107880000E091C1B1215383F363124232A2D00FF08
:10789000FFFFFFFFFF00000000000000FFFFFFFFF1
:1078A000FFFF00000000000002FB349B5F8000002F
:1078B0008000100000000000000104000200000031
:1078C00002000000000000000500000000000000B1
:1078D00000000000000000000591FBFBF3F4FBFB3F
:1078E000FBFBEA000909090901020909090909095B
:1078F00009090909090709090909090609090909FD
:1079000009090909090909090909090905E69D354E
:107910000E480103CCDBFDF4AC1191F4EFB9A5F9ED
:10792000E9A7832C5E2CBE97F2D203B0208BD289BC
:1079300015D08E1C742430ED8FC24563765C1552D1
:107940005ABF9A32636DEB2A65499C80DC000506BC
:107950001F1F2918120308020305080A0008010363
:1079600004010504050906070101060608000001D7
:1079700000010003010003020201000200000000F8
:107980000002030100036C888391AAF5A5386037D3
:107990000BDB5A6083BE0020303030303030303066
:1079A000303030303030000152096AD53036A538D9
:1079B000BF40A39E81F3D7FB7CE339829B2FFF87D7
:1079C000348E4344C4DEE9CB547B9432A6C2233DBB
:1079D000EE4C950B42FAC34E082EA16628D924B26C
:1079E000765BA2496D8BD12572F8F664866898168D
:1079F000D4A45CCC5D65B6926C704850FDEDB9DAEC
:107A00005E154657A78D9D8490D8AB008CBCD30AD9
:107A1000F7E45805B8B34506D02C1E8FCA3F0F02B5
:107A2000C1AFBD0301138A6B3A9111414F67DCEA84
:107A300097F2CFCEF0B4E67396AC7422E7AD3585FD
:107A4000E2F937E81C75DF6E47F11A711D29C58907
:107A50006FB7620EAA18BE1BFC563E4BC6D27920E9
:107A60009ADBC0FE78CD5AF41FDDA8338807C731F2
:107A7000B11210592780EC5F60517FA919B54A0DEA
:107A80002DE57A9F93C99CEFA0E03B4DAE2AF5B05F
:107A9000C8EBBB3C83539961172B047EBA77D6267B
:107AA000E169146355210C7D637C777BF26B6FC5B4
:107AB0003001672BFED7AB76CA82C97DFA5947F0F1
:107AC000ADD4A2AF9CA472C0B7FD9326363FF7CCCD
:107AD00034A5E5F171D8311504C723C31896059A6A
:107AE000071280E2EB27B27509832C1A1B6E5AA08D
:107AF000523BD6B329E32F8453D100ED20FCB15B78
:107B00006ACBBE394A4C58CFD0EFAAFB434D3385E0
:107B100045F9027F503C9FA851A3408F929D38F5B4
:107B2000BCB6DA2110FFF3D2CD0C13EC5F974417EB
:107B3000C4A77E3D645D197360814FDC222A908862
:107B400046EEB814DE5E0BDBE0323A0A4906245CEE
:107B5000C2D3AC629195E479E7C8376D8DD54EA953
:107B60006C56F4EA657AAE08BA78252E1CA6B4C61F
:107B7000E8DD741F4BBD8B8A703EB5664803F60E78
:107B8000613557B986C11D9EE1F8981169D98E9467
:107B90009B1E87E9CE5528DF8CA1890DBFE6426880
:107BA00041992D0FB054BB1610141400001C203046
:0C7BB000401C2000001C203040000000A1
:107BBC0000000000000000000000000000000000B9
:107BCC0000000000000000000000000000000000A9
:107BDC000000000000000000000000000000000099
:107BEC000000000000000000000000000000000089
:107BFC000000000000000000000000000000000079
:107C0C000000000000000000000000000000000068
:107C1C000000000000000000000000000000000058
:107C2C000000000000000000000000000000000048
:107C3C000000000000000000000000000000000038
:107C4C000000000000000000000000000000000028
:107C5C000000000000000000000000000000000018
:107C6C000000000000000000000000000000000008
:107C7C000000000000000000D149000000000000DE
:107C8C0000000000000000000000000000000000E8
:107C9C0000000000000000000000000000000000D8
:107CAC0000000000000000000000000000000000C8
:107CBC0000000000000000000000000000000000B8
:107CCC0000000000000000000000000000000000A8
:107CDC000000000000000000000000000000000098
:107CEC000000000000000000000000000000000088
:107CFC000000000000000000000000000000000078
:107D0C000000000000000000000000000000000067
:107D1C00000000000000000000000000B44E020053
:107D2C001F00000000000000FFFFFFFFFF1F00000E
:107D3C00AC74020000000400000000000000000011
:107D4C000000000079250000000000000000000089
:107D5C00C074020000001200CC740200000002008B
:107D6C00D8740200000002009BE60100A053020040
:107D7C00553300000000000000000000000000006F
:107D8C007DF601000000000061F60100000000001B
:107D9C00E93E0000000000000000000000000000B0
:107DAC004705020000000000000000000000000079
:107DBC006143000000000000000000000000000013
:107DCC006D590000000000000000000000000000E1
:107DDC0065580000000000000000000000000000DA
:107DEC00896100000000000000000000000000009D
:107DFC00255D000000000000000000004C02002087
:107E0C004C0200200000000000000000516B00003C
:107E1C00CD770000BF190200000000000000000038
:107E2C004970000073170200A3160200456B000096
:107E3C000000000000000000000000000000000036
:107E4C000000000000000000458900000000000058
:107E5C00000000005F240200000000000000000091
:107E6C0000000000EC74020000000200F874020034
:107E7C0000000A000875020000002000000000004D
:107E8C000000000000000000000000008F1D020038
:107E9C00000000001C7502000000020028750200A2
:107EAC00000002003475020000000200FC020020F9
:107EBC00FC02002000000000000000000E0000008A
:107ECC00100300201003002061940000000000004B
:107EDC0000000000612C0200000000000000000007
:107EEC00000000008C1600200000000039C90000C2
:107EFC0000000000941600200000000071B9000082
:107F0C00000000009C160020000000002963010006
:107F1C0000000000A41600200000000029630100EE
:107F2C0000000000AC1600200000000001B60000AC
:107F3C00000000008C20002000000000D16F010028
:107F4C0000000000942000200000000029630100C4
:107F5C00000000009C200020000000000DE3000049
:107F6C00000000001821002000000000B9EC000007
:107F7C000000000020210020000000002963010007
:107F8C0000000000282100200000000051EE00003D
:107F9C0000000000302100200000000005FA000065
:107FAC00000000005422002000000000A422002049
:107FBC000000000084240020000000003425002074
:107FCC0000000000F57C010000000000D02600201D
:107FDC00000000000960010000000000F0260020F5
:107FEC000000000029630100000000000C2B0020A1
:107FFC000000000091A6000000000000042B0020EF
:10800C000000000091A6000000000000FC2A0020E7
:10801C00000000008DA2000000000000F42A0020E7
:10802C000000000091A6000000000000EC2A0020D7
:10803C00000000008DA2000000000000E42A0020D7
:10804C000000000091A60000000000008D900100CF
:10805C000000000000000000000000000000000014
:10806C000000000000000000000000000000000004
:10807C0000000000000000000000000000000000F4
:10808C0000000000000000000000000000000000E4
:10809C0000000000000000000000000000000000D4
:1080AC0000000000000000000000000000000000C4
:1080BC0000000000000000000000000000000000B4
:1080CC00000000000000000008000000FF0000009D
:1080DC0000000000030000000000000079FA01001D
:1080EC007BFA0100900200003805002038050020C2
:0680FC00800112180601CC
:0E81020000000000000000000000000000006F
:10811400000000000000000079E101000000000000
:108124000000000000000000700500207005002021
:10813400672F0200000000000000000000000000A3
:08814400000000000000000033
:10814C0090050020900500202C6800200000000005
:10815C00010000002C00000000000000AC05002015
:10816C00AC050020483E002000000000010000008B
:10817C00B000000000000000C8050020C805002069
:10818C005868002000000000030000001C000000E4
:04819C0000000000DF
:1081A000E4050020E40500200000000000000000BD
:0481B0000E000000BD
:1081B400F8050020F8050020000000000100000080
:1081C40008060020080600201006002010060020E3
:1081D40000000000FFFFFFFF200600202006002013
:1081E40000000000000000003006002030060020DF
:0881F4003806002038060020C7
:1081FC000000000000000000480600204806002097
:10820C005006002050060020030003001000000060
:10821C0000000000E054020058660020000000003E
:10822C000000000074060020740600207C0600206C
:10823C007C0600200300030010000000656F0000A6
:10824C0088550200B4670020000000000000000008
:10825C00A0060020A0060020A8060020A8060020EA
:10826C00030003000000000000000000085402009E
:10827C00CC6200200000000000000000CC060020B2
:10828C00CC060020D4060020D406002001000100FA
:10829C0010000000595C0000D05402005065002012
:1082AC000000000000000000F8060020F806002086
:1082BC00000700200007002003000300000000005E
:1082CC0000000000C05402000865002000000000FF
:1082DC000000000024070020240700202C070020A9
:1082EC002C0700200C000C00040000004D41000085
:1082FC00F8530200F06000200000000000000000B5
:10830C005007002050070020580700205807002075
:10831C0001000100000000000000000018540200E1
:04832C0018640020B1
:0483300015E015E05F
:040000030000372D95
:00000001FF
